<?xml version="1.0" encoding="UTF-8"?>
<GoodreadsResponse>
  <Request>
    <authentication>true</authentication>
      <key><![CDATA[all_men_must_serve]]></key>
    <method><![CDATA[book_show]]></method>
  </Request>
  <book>
  <id>10025305</id>
  <title><![CDATA[Clockwork Prince (The Infernal Devices, #2)]]></title>
  <isbn><![CDATA[1416975888]]></isbn>
  <isbn13><![CDATA[9781416975885]]></isbn13>
  <asin><![CDATA[]]></asin>
  <kindle_asin><![CDATA[B006FW1EM0]]></kindle_asin>
  <marketplace_id><![CDATA[A1F83G8C2ARO7P]]></marketplace_id>
  <country_code><![CDATA[GB]]></country_code>
  <image_url>https://images.gr-assets.com/books/1460477747m/10025305.jpg</image_url>
  <small_image_url>https://images.gr-assets.com/books/1460477747s/10025305.jpg</small_image_url>
  <publication_year>2011</publication_year>
  <publication_month>12</publication_month>
  <publication_day>6</publication_day>
  <publisher>Simon &amp; Schuster, Margaret K. McElderry </publisher>
  <language_code>eng</language_code>
  <is_ebook>false</is_ebook>
  <description><![CDATA[In the magical underworld of Victorian London, Tessa Gray has at last found safety with the Shadowhunters. But that safety proves fleeting when rogue forces in the Clave plot to see her protector, Charlotte, replaced as head of the Institute. If Charlotte loses her position, Tessa will be out on the street—and easy prey for the mysterious Magister, who wants to use Tessa’s powers for his own dark ends.<br /><br />With the help of the handsome, self-destructive Will and the fiercely devoted Jem, Tessa discovers that the Magister’s war on the Shadowhunters is deeply personal. He blames them for a long-ago tragedy that shattered his life. To unravel the secrets of the past, the trio journeys from mist-shrouded Yorkshire to a manor house that holds untold horrors, from the slums of London to an enchanted ballroom where Tessa discovers that the truth of her parentage is more sinister than she had imagined. When they encounter a clockwork demon bearing a warning for Will, they realize that the Magister himself knows their every move—and that one of their own has betrayed them.<br /><br />Tessa finds her heart drawn more and more to Jem, but her longing for Will, despite his dark moods, continues to unsettle her. But something is changing in Will—the wall he has built around himself is crumbling. Could finding the Magister free Will from his secrets and give Tessa the answers about who she is and what she was born to do?<br /><br />As their dangerous search for the Magister and the truth leads the friends into peril, Tessa learns that when love and lies are mixed, they can corrupt even the purest heart.]]></description>
  <work>
  <id type="integer">6674845</id>
  <books_count type="integer">42</books_count>
  <best_book_id type="integer">10025305</best_book_id>
  <reviews_count type="integer">529089</reviews_count>
  <ratings_sum type="integer">1464731</ratings_sum>
  <ratings_count type="integer">328398</ratings_count>
  <text_reviews_count type="integer">17870</text_reviews_count>
  <original_publication_year type="integer">2011</original_publication_year>
  <original_publication_month type="integer">12</original_publication_month>
  <original_publication_day type="integer">6</original_publication_day>
  <original_title>Clockwork Prince</original_title>
  <original_language_id type="integer" nil="true"/>
  <media_type>book</media_type>
  <rating_dist>5:203476|4:85694|3:29550|2:6247|1:3431|total:328398</rating_dist>
  <desc_user_id type="integer">21498026</desc_user_id>
  <default_chaptering_book_id type="integer">10025305</default_chaptering_book_id>
  <default_description_language_code nil="true"/>
</work>
  <average_rating>4.46</average_rating>
  <num_pages><![CDATA[502]]></num_pages>
  <format><![CDATA[Hardcover]]></format>
  <edition_information><![CDATA[Collector's First Edition]]></edition_information>
  <ratings_count><![CDATA[308345]]></ratings_count>
  <text_reviews_count><![CDATA[15408]]></text_reviews_count>
  <url><![CDATA[https://www.goodreads.com/book/show/10025305-clockwork-prince]]></url>
  <link><![CDATA[https://www.goodreads.com/book/show/10025305-clockwork-prince]]></link>
  <authors>
<author>
<id>150038</id>
<name>Cassandra Clare</name>
<role></role>
<image_url nophoto='false'>
<![CDATA[https://images.gr-assets.com/authors/1270502031p5/150038.jpg]]>
</image_url>
<small_image_url nophoto='false'>
<![CDATA[https://images.gr-assets.com/authors/1270502031p2/150038.jpg]]>
</small_image_url>
<link><![CDATA[https://www.goodreads.com/author/show/150038.Cassandra_Clare]]></link>
<average_rating>4.27</average_rating>
<ratings_count>5141654</ratings_count>
<text_reviews_count>288638</text_reviews_count>
</author>
</authors>

    <reviews_widget>
      <![CDATA[
        <style>
  #goodreads-widget {
    font-family: georgia, serif;
    padding: 18px 0;
    width:565px;
  }
  #goodreads-widget h1 {
    font-weight:normal;
    font-size: 16px;
    border-bottom: 1px solid #BBB596;
    margin-bottom: 0;
  }
  #goodreads-widget a {
    text-decoration: none;
    color:#660;
  }
  iframe{
    background-color: #fff;
  }
  #goodreads-widget a:hover { text-decoration: underline; }
  #goodreads-widget a:active {
    color:#660;
  }
  #gr_footer {
    width: 100%;
    border-top: 1px solid #BBB596;
    text-align: right;
  }
  #goodreads-widget .gr_branding{
    color: #382110;
    font-size: 11px;
    text-decoration: none;
    font-family: "Helvetica Neue", Helvetica, Arial, sans-serif;
  }
</style>
<div id="goodreads-widget">
  <div id="gr_header"><h1><a rel="nofollow" href="https://www.goodreads.com/book/show/10025305-clockwork-prince">Clockwork Prince Reviews</a></h1></div>
  <iframe id="the_iframe" src="https://www.goodreads.com/api/reviews_widget_iframe?did=DEVELOPER_ID&amp;format=html&amp;isbn=1416975888&amp;links=660&amp;min_rating=&amp;review_back=fff&amp;stars=000&amp;text=000" width="565" height="400" frameborder="0"></iframe>
  <div id="gr_footer">
    <a class="gr_branding" target="_blank" rel="nofollow" href="https://www.goodreads.com/book/show/10025305-clockwork-prince?utm_medium=api&amp;utm_source=reviews_widget">Reviews from Goodreads.com</a>
  </div>
</div>

      ]]>
    </reviews_widget>
  <popular_shelves>
      <shelf name="to-read" count="156839"/>
      <shelf name="favorites" count="11423"/>
      <shelf name="fantasy" count="5260"/>
      <shelf name="currently-reading" count="4662"/>
      <shelf name="young-adult" count="4189"/>
      <shelf name="books-i-own" count="2342"/>
      <shelf name="ya" count="1963"/>
      <shelf name="paranormal" count="1738"/>
      <shelf name="romance" count="1725"/>
      <shelf name="steampunk" count="1535"/>
      <shelf name="owned" count="1288"/>
      <shelf name="favourites" count="1211"/>
      <shelf name="series" count="1163"/>
      <shelf name="cassandra-clare" count="1163"/>
      <shelf name="historical-fiction" count="929"/>
      <shelf name="angels" count="832"/>
      <shelf name="vampires" count="794"/>
      <shelf name="urban-fantasy" count="753"/>
      <shelf name="owned-books" count="610"/>
      <shelf name="fiction" count="609"/>
      <shelf name="supernatural" count="606"/>
      <shelf name="magic" count="565"/>
      <shelf name="historical" count="565"/>
      <shelf name="to-buy" count="407"/>
      <shelf name="shadowhunters" count="392"/>
      <shelf name="the-infernal-devices" count="378"/>
      <shelf name="demons" count="374"/>
      <shelf name="love-triangle" count="353"/>
      <shelf name="paranormal-romance" count="351"/>
      <shelf name="werewolves" count="347"/>
      <shelf name="my-books" count="345"/>
      <shelf name="5-stars" count="313"/>
      <shelf name="ya-fantasy" count="306"/>
      <shelf name="read-in-2012" count="275"/>
      <shelf name="read-in-2013" count="274"/>
      <shelf name="favorite-books" count="273"/>
      <shelf name="i-own" count="268"/>
      <shelf name="all-time-favorites" count="265"/>
      <shelf name="read-in-2014" count="240"/>
      <shelf name="favorite" count="235"/>
      <shelf name="infernal-devices" count="232"/>
      <shelf name="adventure" count="231"/>
      <shelf name="teen" count="217"/>
      <shelf name="re-read" count="206"/>
      <shelf name="read-in-2016" count="203"/>
      <shelf name="kindle" count="202"/>
      <shelf name="library" count="200"/>
      <shelf name="read-in-2015" count="188"/>
      <shelf name="wish-list" count="185"/>
      <shelf name="book-boyfriends" count="177"/>
      <shelf name="ebooks" count="172"/>
      <shelf name="faves" count="165"/>
      <shelf name="science-fiction" count="163"/>
      <shelf name="audiobook" count="162"/>
      <shelf name="on-my-shelf" count="158"/>
      <shelf name="ebook" count="154"/>
      <shelf name="angels-and-demons" count="152"/>
      <shelf name="audiobooks" count="146"/>
      <shelf name="favorite-series" count="146"/>
      <shelf name="ya-fiction" count="146"/>
      <shelf name="angels-demons" count="145"/>
      <shelf name="default" count="140"/>
      <shelf name="made-me-cry" count="135"/>
      <shelf name="vampire" count="134"/>
      <shelf name="tbr" count="133"/>
      <shelf name="mystery" count="131"/>
      <shelf name="books" count="129"/>
      <shelf name="my-library" count="125"/>
      <shelf name="action" count="121"/>
      <shelf name="love" count="120"/>
      <shelf name="favourite" count="118"/>
      <shelf name="young-adult-fiction" count="118"/>
      <shelf name="favourite-books" count="116"/>
      <shelf name="favs" count="115"/>
      <shelf name="reread" count="114"/>
      <shelf name="sci-fi" count="114"/>
      <shelf name="ya-books" count="113"/>
      <shelf name="my-bookshelf" count="113"/>
      <shelf name="read-2012" count="111"/>
      <shelf name="own-it" count="111"/>
      <shelf name="my-favorites" count="111"/>
      <shelf name="steam-punk" count="106"/>
      <shelf name="read-2013" count="105"/>
      <shelf name="read-in-english" count="103"/>
      <shelf name="read-2015" count="102"/>
      <shelf name="read-2014" count="101"/>
      <shelf name="ya-paranormal" count="100"/>
      <shelf name="reviewed" count="100"/>
      <shelf name="bookshelf" count="99"/>
      <shelf name="victorian" count="99"/>
      <shelf name="sci-fi-fantasy" count="99"/>
      <shelf name="audio" count="98"/>
      <shelf name="trilogy" count="98"/>
      <shelf name="need-to-buy" count="97"/>
      <shelf name="on-my-bookshelf" count="97"/>
      <shelf name="all-time-favourites" count="96"/>
      <shelf name="books-i-have" count="95"/>
      <shelf name="finished-series" count="94"/>
      <shelf name="love-triangles" count="93"/>
      <shelf name="read-2016" count="92"/>
  </popular_shelves>
  <book_links>
    <book_link>
  <id>8</id>
  <name>Libraries</name>
  <link>https://www.goodreads.com/book_link/follow/8</link>
</book_link>

  </book_links>
  <buy_links>
    <buy_link>
<id>1</id>
<name>Amazon</name>
<link>https://www.goodreads.com/book_link/follow/1</link>
</buy_link>
<buy_link>
<id>10</id>
<name>Audible</name>
<link>https://www.goodreads.com/book_link/follow/10</link>
</buy_link>
<buy_link>
<id>3</id>
<name>Barnes &amp; Noble</name>
<link>https://www.goodreads.com/book_link/follow/3</link>
</buy_link>
<buy_link>
<id>1027</id>
<name>Kobo</name>
<link>https://www.goodreads.com/book_link/follow/1027</link>
</buy_link>
<buy_link>
<id>2102</id>
<name>Apple iBooks</name>
<link>https://www.goodreads.com/book_link/follow/2102</link>
</buy_link>
<buy_link>
<id>8036</id>
<name>Google Play</name>
<link>https://www.goodreads.com/book_link/follow/8036</link>
</buy_link>
<buy_link>
<id>4</id>
<name>Abebooks</name>
<link>https://www.goodreads.com/book_link/follow/4</link>
</buy_link>
<buy_link>
<id>882</id>
<name>Book Depository</name>
<link>https://www.goodreads.com/book_link/follow/882</link>
</buy_link>
<buy_link>
<id>9</id>
<name>Indigo</name>
<link>https://www.goodreads.com/book_link/follow/9</link>
</buy_link>
<buy_link>
<id>2</id>
<name>Half.com</name>
<link>https://www.goodreads.com/book_link/follow/2</link>
</buy_link>
<buy_link>
<id>5</id>
<name>Alibris</name>
<link>https://www.goodreads.com/book_link/follow/5</link>
</buy_link>
<buy_link>
<id>107</id>
<name>Better World Books</name>
<link>https://www.goodreads.com/book_link/follow/107</link>
</buy_link>
<buy_link>
<id>7</id>
<name>IndieBound</name>
<link>https://www.goodreads.com/book_link/follow/7</link>
</buy_link>

  </buy_links>
  <series_works>
    <series_work>
<id>213231</id>
<user_position>2</user_position>
<series>
<id>54144</id>
<title>
<![CDATA[
    The Infernal Devices
]]>
</title>
<description>
<![CDATA[
    The Infernal Devices is the prequel to The Mortal Instruments series by Cassandra Clare.
    Sequel: <a href="http://www.goodreads.com/series/44457-the-mortal-instruments">The Mortal Instruments</a>
    Spin-off: <a href="http://www.goodreads.com/series/76298-the-dark-artifices">The Dark Artifices</a>
    Manga adaptation: <a href="http://www.goodreads.com/series/70693-the-infernal-devices-manga">The Infernal Devices: Manga</a>
    Companion Book:<a href="http://www.goodreads.com/book/show/13568619-the-shadowhunter-s-codex"> The Shadowhunter's Codex</a>
    Spin-Off:<a href="http://www.goodreads.com/series/92965-the-bane-chronicles"> The Bane Chronicles</a>
    Spin-Off/Sequel: <a href="https://www.goodreads.com/series/129925-tales-from-shadowhunter-academy" > Tales from the Shadowhunter Academy </a>
    Deleted or Extras: <a href="http://catreadsbooks.tumblr.com/post/40260300699/tmi-tid-extras"> The Infernal Devices Extras</a>
    
    Series also known as:
    <i>* Shadowhunters: le origini </i>
    
    
    
    ORDER TO READ THE SHADOWHUNTERS CHRONICLES 
    * City of Bones (The Mortal Instruments #1)
    * City of Ashes (The Mortal Instruments #2)
    * City of Glass (The Mortal Instruments #3)
    * Clockwork Angel (The Infernal Devices, #1) 
    * City of Fallen Angels (The Mortal Instruments #4)
    * Clockwork Prince (The Infernal Devices, #2) 
    * City of Lost Souls (The Mortal Instruments, #5)
    * Clockwork Princess (The Infernal Devices, #3) 
    * City of Heavenly Fire (The Mortal Instruments, #6) 
    * The Bane Chronicles (#1-11)
    * Tales from the Shadowhunter Academy (#1-10)
    * Lady Midnight (The Dark Artifices #1)
    * Lord of Shadows (The Dark Artifices #2)
]]>
</description>
<note>
<![CDATA[
    DO NOT ADD COLLECTIONS AND THE LIKE. THANK YOU
]]>
</note>
<series_works_count>6</series_works_count>
<primary_work_count>3</primary_work_count>
<numbered>true</numbered>
</series>

</series_work>

  </series_works>
      <public_document>
        <id>13840</id>
        <document_url>
          https://s3.amazonaws.com/compressed.photo.goodreads.com/documents/1315855178books/10025305.pdf
        </document_url>
      </public_document>
  <similar_books>
          <book>
<id>8542996</id>
<title>Shift (Shade, #2)</title>
<title_without_series>Shift</title_without_series>
<link><![CDATA[https://www.goodreads.com/book/show/8542996-shift]]></link>
<small_image_url><![CDATA[https://images.gr-assets.com/books/1327938912s/8542996.jpg]]></small_image_url>
<image_url><![CDATA[https://images.gr-assets.com/books/1327938912m/8542996.jpg]]></image_url>
<num_pages>367</num_pages>
<work>
<id>18157137</id>
</work>
<isbn>1416994084</isbn>
<isbn13>9781416994084</isbn13>
<average_rating>4.12</average_rating>
<ratings_count>6286</ratings_count>
<publication_year>2011</publication_year>
<publication_month>5</publication_month>
<publication_day>3</publication_day>
<authors>
<author>
<id>56019</id>
<name>Jeri Smith-Ready</name>
<link><![CDATA[https://www.goodreads.com/author/show/56019.Jeri_Smith_Ready]]></link>
</author>
</authors>
</book>

          <book>
<id>7747064</id>
<title>The Iron Daughter</title>
<title_without_series>The Iron Daughter</title_without_series>
<link><![CDATA[https://www.goodreads.com/book/show/7747064-the-iron-daughter]]></link>
<small_image_url><![CDATA[https://images.gr-assets.com/books/1271790654s/7747064.jpg]]></small_image_url>
<image_url><![CDATA[https://images.gr-assets.com/books/1271790654m/7747064.jpg]]></image_url>
<num_pages>359</num_pages>
<work>
<id>7030241</id>
</work>
<isbn>0373210132</isbn>
<isbn13>9780373210138</isbn13>
<average_rating>4.13</average_rating>
<ratings_count>96847</ratings_count>
<publication_year>2010</publication_year>
<publication_month>8</publication_month>
<publication_day>1</publication_day>
<authors>
<author>
<id>2995873</id>
<name>Julie Kagawa</name>
<link><![CDATA[https://www.goodreads.com/author/show/2995873.Julie_Kagawa]]></link>
</author>
</authors>
</book>

          <book>
<id>11563110</id>
<title>Hallowed (Unearthly, #2)</title>
<title_without_series>Hallowed</title_without_series>
<link><![CDATA[https://www.goodreads.com/book/show/11563110-hallowed]]></link>
<small_image_url><![CDATA[https://images.gr-assets.com/books/1332883896s/11563110.jpg]]></small_image_url>
<image_url><![CDATA[https://images.gr-assets.com/books/1332883896m/11563110.jpg]]></image_url>
<num_pages>403</num_pages>
<work>
<id>14532305</id>
</work>
<isbn>0061996181</isbn>
<isbn13>9780061996184</isbn13>
<average_rating>4.15</average_rating>
<ratings_count>61345</ratings_count>
<publication_year>2012</publication_year>
<publication_month>1</publication_month>
<publication_day>17</publication_day>
<authors>
<author>
<id>3290920</id>
<name>Cynthia Hand</name>
<link><![CDATA[https://www.goodreads.com/author/show/3290920.Cynthia_Hand]]></link>
</author>
</authors>
</book>

          <book>
<id>13060608</id>
<title><![CDATA[The Girl in the Clockwork Collar (Steampunk Chronicles, #2)]]></title>
<title_without_series><![CDATA[The Girl in the Clockwork Collar]]></title_without_series>
<link><![CDATA[https://www.goodreads.com/book/show/13060608-the-girl-in-the-clockwork-collar]]></link>
<small_image_url><![CDATA[https://images.gr-assets.com/books/1361759116s/13060608.jpg]]></small_image_url>
<image_url><![CDATA[https://images.gr-assets.com/books/1361759116m/13060608.jpg]]></image_url>
<num_pages>416</num_pages>
<work>
<id>16936400</id>
</work>
<isbn>0373210531</isbn>
<isbn13>9780373210534</isbn13>
<average_rating>3.98</average_rating>
<ratings_count>9089</ratings_count>
<publication_year>2012</publication_year>
<publication_month>5</publication_month>
<publication_day>22</publication_day>
<authors>
<author>
<id>4308706</id>
<name>Kady Cross</name>
<link><![CDATA[https://www.goodreads.com/author/show/4308706.Kady_Cross]]></link>
</author>
</authors>
</book>

          <book>
<id>9666870</id>
<title><![CDATA[The Demon's Surrender (The Demon's Lexicon, #3)]]></title>
<title_without_series>The Demon&apos;s Surrender</title_without_series>
<link><![CDATA[https://www.goodreads.com/book/show/9666870-the-demon-s-surrender]]></link>
<small_image_url><![CDATA[https://images.gr-assets.com/books/1294614773s/9666870.jpg]]></small_image_url>
<image_url><![CDATA[https://images.gr-assets.com/books/1294614773m/9666870.jpg]]></image_url>
<num_pages>387</num_pages>
<work>
<id>14156711</id>
</work>
<isbn>1416963839</isbn>
<isbn13>9781416963837</isbn13>
<average_rating>4.00</average_rating>
<ratings_count>2981</ratings_count>
<publication_year>2011</publication_year>
<publication_month>6</publication_month>
<publication_day>14</publication_day>
<authors>
<author>
<id>836009</id>
<name>Sarah Rees Brennan</name>
<link><![CDATA[https://www.goodreads.com/author/show/836009.Sarah_Rees_Brennan]]></link>
</author>
</authors>
</book>

          <book>
<id>9833184</id>
<title><![CDATA[The Fiery Heart (Bloodlines, #4)]]></title>
<title_without_series>The Fiery Heart</title_without_series>
<link><![CDATA[https://www.goodreads.com/book/show/9833184-the-fiery-heart]]></link>
<small_image_url><![CDATA[https://images.gr-assets.com/books/1383243238s/9833184.jpg]]></small_image_url>
<image_url><![CDATA[https://images.gr-assets.com/books/1383243238m/9833184.jpg]]></image_url>
<num_pages>420</num_pages>
<work>
<id>18752242</id>
</work>
<isbn>1595143203</isbn>
<isbn13>9781595143204</isbn13>
<average_rating>4.39</average_rating>
<ratings_count>53839</ratings_count>
<publication_year>2013</publication_year>
<publication_month>11</publication_month>
<publication_day>19</publication_day>
<authors>
<author>
<id>137902</id>
<name>Richelle Mead</name>
<link><![CDATA[https://www.goodreads.com/author/show/137902.Richelle_Mead]]></link>
</author>
</authors>
</book>

          <book>
<id>9874342</id>
<title>Fateful</title>
<title_without_series>Fateful</title_without_series>
<link><![CDATA[https://www.goodreads.com/book/show/9874342-fateful]]></link>
<small_image_url><![CDATA[https://images.gr-assets.com/books/1327541927s/9874342.jpg]]></small_image_url>
<image_url><![CDATA[https://images.gr-assets.com/books/1327541927m/9874342.jpg]]></image_url>
<num_pages>328</num_pages>
<work>
<id>13486714</id>
</work>
<isbn>000742826X</isbn>
<isbn13>9780007428267</isbn13>
<average_rating>3.91</average_rating>
<ratings_count>9680</ratings_count>
<publication_year>2012</publication_year>
<publication_month>3</publication_month>
<publication_day>29</publication_day>
<authors>
<author>
<id>1192311</id>
<name>Claudia Gray</name>
<link><![CDATA[https://www.goodreads.com/author/show/1192311.Claudia_Gray]]></link>
</author>
</authors>
</book>

          <book>
<id>12812550</id>
<title><![CDATA[Days of Blood & Starlight (Daughter of Smoke & Bone, #2)]]></title>
<title_without_series>Days of Blood &amp; Starlight</title_without_series>
<link><![CDATA[https://www.goodreads.com/book/show/12812550-days-of-blood-starlight]]></link>
<small_image_url><![CDATA[https://images.gr-assets.com/books/1461353798s/12812550.jpg]]></small_image_url>
<image_url><![CDATA[https://images.gr-assets.com/books/1461353798m/12812550.jpg]]></image_url>
<num_pages>517</num_pages>
<work>
<id>17961723</id>
</work>
<isbn>0316133973</isbn>
<isbn13>9780316133975</isbn13>
<average_rating>4.20</average_rating>
<ratings_count>99141</ratings_count>
<publication_year>2012</publication_year>
<publication_month>11</publication_month>
<publication_day>6</publication_day>
<authors>
<author>
<id>324620</id>
<name>Laini Taylor</name>
<link><![CDATA[https://www.goodreads.com/author/show/324620.Laini_Taylor]]></link>
</author>
</authors>
</book>

          <book>
<id>10567183</id>
<title><![CDATA[Emblaze (The Violet Eden Chapters, #3)]]></title>
<title_without_series>Emblaze</title_without_series>
<link><![CDATA[https://www.goodreads.com/book/show/10567183-emblaze]]></link>
<small_image_url><![CDATA[https://images.gr-assets.com/books/1334864229s/10567183.jpg]]></small_image_url>
<image_url><![CDATA[https://images.gr-assets.com/books/1334864229m/10567183.jpg]]></image_url>
<num_pages>415</num_pages>
<work>
<id>15474115</id>
</work>
<isbn></isbn>
<isbn13>9780734411860</isbn13>
<average_rating>4.39</average_rating>
<ratings_count>9460</ratings_count>
<publication_year>2011</publication_year>
<publication_month>10</publication_month>
<publication_day>11</publication_day>
<authors>
<author>
<id>4134859</id>
<name>Jessica Shirvington</name>
<link><![CDATA[https://www.goodreads.com/author/show/4134859.Jessica_Shirvington]]></link>
</author>
</authors>
</book>

          <book>
<id>9553503</id>
<title>Angel Fire (Angel, #2)</title>
<title_without_series>Angel Fire</title_without_series>
<link><![CDATA[https://www.goodreads.com/book/show/9553503-angel-fire]]></link>
<small_image_url><![CDATA[https://images.gr-assets.com/books/1329013097s/9553503.jpg]]></small_image_url>
<image_url><![CDATA[https://images.gr-assets.com/books/1329013097m/9553503.jpg]]></image_url>
<num_pages>720</num_pages>
<work>
<id>14621064</id>
</work>
<isbn>1409522016</isbn>
<isbn13>9781409522010</isbn13>
<average_rating>4.06</average_rating>
<ratings_count>14913</ratings_count>
<publication_year>2011</publication_year>
<publication_month>10</publication_month>
<publication_day>1</publication_day>
<authors>
<author>
<id>3465557</id>
<name>L.A. Weatherly</name>
<link><![CDATA[https://www.goodreads.com/author/show/3465557.L_A_Weatherly]]></link>
</author>
</authors>
</book>

          <book>
<id>8501291</id>
<title><![CDATA[Wings of the Wicked (Angelfire, #2)]]></title>
<title_without_series>Wings of the Wicked</title_without_series>
<link><![CDATA[https://www.goodreads.com/book/show/8501291-wings-of-the-wicked]]></link>
<small_image_url><![CDATA[https://images.gr-assets.com/books/1307466067s/8501291.jpg]]></small_image_url>
<image_url><![CDATA[https://images.gr-assets.com/books/1307466067m/8501291.jpg]]></image_url>
<num_pages>516</num_pages>
<work>
<id>13367196</id>
</work>
<isbn>0062002368</isbn>
<isbn13>9780062002365</isbn13>
<average_rating>4.24</average_rating>
<ratings_count>13421</ratings_count>
<publication_year>2012</publication_year>
<publication_month>1</publication_month>
<publication_day>31</publication_day>
<authors>
<author>
<id>3220024</id>
<name>Courtney Allison Moulton</name>
<link><![CDATA[https://www.goodreads.com/author/show/3220024.Courtney_Allison_Moulton]]></link>
</author>
</authors>
</book>

          <book>
<id>8288246</id>
<title>Red Glove (Curse Workers, #2)</title>
<title_without_series>Red Glove</title_without_series>
<link><![CDATA[https://www.goodreads.com/book/show/8288246-red-glove]]></link>
<small_image_url><![CDATA[https://images.gr-assets.com/books/1327888670s/8288246.jpg]]></small_image_url>
<image_url><![CDATA[https://images.gr-assets.com/books/1327888670m/8288246.jpg]]></image_url>
<num_pages>327</num_pages>
<work>
<id>13136697</id>
</work>
<isbn>144240339X</isbn>
<isbn13>9781442403390</isbn13>
<average_rating>3.98</average_rating>
<ratings_count>17668</ratings_count>
<publication_year>2011</publication_year>
<publication_month>4</publication_month>
<publication_day>5</publication_day>
<authors>
<author>
<id>25422</id>
<name>Holly Black</name>
<link><![CDATA[https://www.goodreads.com/author/show/25422.Holly_Black]]></link>
</author>
</authors>
</book>

          <book>
<id>9761778</id>
<title>Deity (Covenant, #3)</title>
<title_without_series>Deity</title_without_series>
<link><![CDATA[https://www.goodreads.com/book/show/9761778-deity]]></link>
<small_image_url><![CDATA[https://images.gr-assets.com/books/1323658176s/9761778.jpg]]></small_image_url>
<image_url><![CDATA[https://images.gr-assets.com/books/1323658176m/9761778.jpg]]></image_url>
<num_pages>330</num_pages>
<work>
<id>14651130</id>
</work>
<isbn>1937053148</isbn>
<isbn13>9781937053147</isbn13>
<average_rating>4.41</average_rating>
<ratings_count>41635</ratings_count>
<publication_year>2012</publication_year>
<publication_month>11</publication_month>
<publication_day>6</publication_day>
<authors>
<author>
<id>4476934</id>
<name>Jennifer L. Armentrout</name>
<link><![CDATA[https://www.goodreads.com/author/show/4476934.Jennifer_L_Armentrout]]></link>
</author>
</authors>
</book>

          <book>
<id>6918909</id>
<title>Illusions (Wings, #3)</title>
<title_without_series>Illusions</title_without_series>
<link><![CDATA[https://www.goodreads.com/book/show/6918909-illusions]]></link>
<small_image_url><![CDATA[https://images.gr-assets.com/books/1324797814s/6918909.jpg]]></small_image_url>
<image_url><![CDATA[https://images.gr-assets.com/books/1324797814m/6918909.jpg]]></image_url>
<num_pages>375</num_pages>
<work>
<id>7146544</id>
</work>
<isbn>0061668095</isbn>
<isbn13>9780061668098</isbn13>
<average_rating>4.12</average_rating>
<ratings_count>27732</ratings_count>
<publication_year>2011</publication_year>
<publication_month>5</publication_month>
<publication_day>3</publication_day>
<authors>
<author>
<id>2096360</id>
<name>Aprilynne Pike</name>
<link><![CDATA[https://www.goodreads.com/author/show/2096360.Aprilynne_Pike]]></link>
</author>
</authors>
</book>

          <book>
<id>8581936</id>
<title><![CDATA[Supernaturally (Paranormalcy, #2)]]></title>
<title_without_series>Supernaturally</title_without_series>
<link><![CDATA[https://www.goodreads.com/book/show/8581936-supernaturally]]></link>
<small_image_url><![CDATA[https://images.gr-assets.com/books/1371926956s/8581936.jpg]]></small_image_url>
<image_url><![CDATA[https://images.gr-assets.com/books/1371926956m/8581936.jpg]]></image_url>
<num_pages>336</num_pages>
<work>
<id>13451137</id>
</work>
<isbn>0061985864</isbn>
<isbn13>9780061985867</isbn13>
<average_rating>3.92</average_rating>
<ratings_count>34003</ratings_count>
<publication_year>2011</publication_year>
<publication_month>7</publication_month>
<publication_day>26</publication_day>
<authors>
<author>
<id>3027554</id>
<name>Kiersten White</name>
<link><![CDATA[https://www.goodreads.com/author/show/3027554.Kiersten_White]]></link>
</author>
</authors>
</book>

  </similar_books>
</book>

</GoodreadsResponse>