<?xml version="1.0" encoding="UTF-8"?>
<GoodreadsResponse>
  <Request>
    <authentication>true</authentication>
      <key><![CDATA[all_men_must_serve]]></key>
    <method><![CDATA[book_show]]></method>
  </Request>
  <book>
  <id>1003761</id>
  <title><![CDATA[Beauty Pop, Vol. 1 (Beauty Pop, #1)]]></title>
  <isbn><![CDATA[1421505754]]></isbn>
  <isbn13><![CDATA[9781421505756]]></isbn13>
  <asin><![CDATA[]]></asin>
  <kindle_asin><![CDATA[]]></kindle_asin>
  <marketplace_id><![CDATA[]]></marketplace_id>
  <country_code><![CDATA[GB]]></country_code>
  <image_url>https://s.gr-assets.com/assets/nophoto/book/111x148-bcc042a9c91a29c1d680899eff700a03.png</image_url>
  <small_image_url>https://s.gr-assets.com/assets/nophoto/book/50x75-a91bf249278a81aabab721ef782c4a74.png</small_image_url>
  <publication_year>2006</publication_year>
  <publication_month>9</publication_month>
  <publication_day>5</publication_day>
  <publisher>VIZ Media LLC</publisher>
  <language_code>eng</language_code>
  <is_ebook>false</is_ebook>
  <description><![CDATA[In Kiri's school there are 3 boys who carry out transformations on random pretty girls; Narumi Shougo, the hairstylist, Minami Kei, the nail artist and Ochiai Kazuhiko who balances the overall look. They are adored by the girls because they are so good at making them beautiful. However, Kiri is also a master hairstylist who is willing to 'add some magic' for those who need it, but in disguise. Now Kiri is forced to face the three in a showdown with Narumi.]]></description>
  <work>
  <id type="integer">989251</id>
  <books_count type="integer">5</books_count>
  <best_book_id type="integer">1003761</best_book_id>
  <reviews_count type="integer">23034</reviews_count>
  <ratings_sum type="integer">67486</ratings_sum>
  <ratings_count type="integer">16275</ratings_count>
  <text_reviews_count type="integer">160</text_reviews_count>
  <original_publication_year type="integer">2004</original_publication_year>
  <original_publication_month type="integer">2</original_publication_month>
  <original_publication_day type="integer">26</original_publication_day>
  <original_title>ビューティーポップ 1 [Byūtī poppu 1]</original_title>
  <original_language_id type="integer" nil="true"/>
  <media_type>book</media_type>
  <rating_dist>5:8287|4:3854|3:2814|2:873|1:447|total:16275</rating_dist>
  <desc_user_id type="integer" nil="true"/>
  <default_chaptering_book_id type="integer" nil="true"/>
  <default_description_language_code nil="true"/>
</work>
  <average_rating>4.15</average_rating>
  <num_pages><![CDATA[208]]></num_pages>
  <format><![CDATA[Paperback]]></format>
  <edition_information><![CDATA[]]></edition_information>
  <ratings_count><![CDATA[16229]]></ratings_count>
  <text_reviews_count><![CDATA[158]]></text_reviews_count>
  <url><![CDATA[https://www.goodreads.com/book/show/1003761.Beauty_Pop_Vol_1]]></url>
  <link><![CDATA[https://www.goodreads.com/book/show/1003761.Beauty_Pop_Vol_1]]></link>
  <authors>
<author>
<id>189344</id>
<name>Kiyoko Arai</name>
<role></role>
<image_url nophoto='true'>
<![CDATA[https://s.gr-assets.com/assets/nophoto/user/f_200x266-3061b784cc8e7f021c6430c9aba94587.png]]>
</image_url>
<small_image_url nophoto='true'>
<![CDATA[https://s.gr-assets.com/assets/nophoto/user/f_50x66-6a03a5c12233c941481992b82eea8d23.png]]>
</small_image_url>
<link><![CDATA[https://www.goodreads.com/author/show/189344.Kiyoko_Arai]]></link>
<average_rating>4.23</average_rating>
<ratings_count>40265</ratings_count>
<text_reviews_count>505</text_reviews_count>
</author>
</authors>

    <reviews_widget>
      <![CDATA[
        <style>
  #goodreads-widget {
    font-family: georgia, serif;
    padding: 18px 0;
    width:565px;
  }
  #goodreads-widget h1 {
    font-weight:normal;
    font-size: 16px;
    border-bottom: 1px solid #BBB596;
    margin-bottom: 0;
  }
  #goodreads-widget a {
    text-decoration: none;
    color:#660;
  }
  iframe{
    background-color: #fff;
  }
  #goodreads-widget a:hover { text-decoration: underline; }
  #goodreads-widget a:active {
    color:#660;
  }
  #gr_footer {
    width: 100%;
    border-top: 1px solid #BBB596;
    text-align: right;
  }
  #goodreads-widget .gr_branding{
    color: #382110;
    font-size: 11px;
    text-decoration: none;
    font-family: "Helvetica Neue", Helvetica, Arial, sans-serif;
  }
</style>
<div id="goodreads-widget">
  <div id="gr_header"><h1><a rel="nofollow" href="https://www.goodreads.com/book/show/1003761.Beauty_Pop_Vol_1">Beauty Pop, Vol. 1 Reviews</a></h1></div>
  <iframe id="the_iframe" src="https://www.goodreads.com/api/reviews_widget_iframe?did=DEVELOPER_ID&amp;format=html&amp;isbn=1421505754&amp;links=660&amp;min_rating=&amp;review_back=fff&amp;stars=000&amp;text=000" width="565" height="400" frameborder="0"></iframe>
  <div id="gr_footer">
    <a class="gr_branding" target="_blank" rel="nofollow" href="https://www.goodreads.com/book/show/1003761.Beauty_Pop_Vol_1?utm_medium=api&amp;utm_source=reviews_widget">Reviews from Goodreads.com</a>
  </div>
</div>

      ]]>
    </reviews_widget>
  <popular_shelves>
      <shelf name="to-read" count="6801"/>
      <shelf name="manga" count="1220"/>
      <shelf name="favorites" count="83"/>
      <shelf name="currently-reading" count="45"/>
      <shelf name="romance" count="43"/>
      <shelf name="graphic-novels" count="31"/>
      <shelf name="young-adult" count="30"/>
      <shelf name="mangas" count="27"/>
      <shelf name="read-manga" count="26"/>
      <shelf name="comics" count="26"/>
      <shelf name="manga-read" count="23"/>
      <shelf name="shoujo" count="21"/>
      <shelf name="owned" count="19"/>
      <shelf name="comedy" count="17"/>
      <shelf name="manga-manhwa" count="17"/>
      <shelf name="comic" count="17"/>
      <shelf name="series" count="16"/>
      <shelf name="anime" count="14"/>
      <shelf name="beauty-pop" count="12"/>
      <shelf name="shojo" count="12"/>
      <shelf name="manga-comics" count="12"/>
      <shelf name="shōjo" count="12"/>
      <shelf name="manga-graphic-novels" count="11"/>
      <shelf name="graphic-novel" count="11"/>
      <shelf name="shoujo-manga" count="11"/>
      <shelf name="manga-shoujo" count="10"/>
      <shelf name="favorite-manga" count="10"/>
      <shelf name="books-i-own" count="10"/>
      <shelf name="manga-to-read" count="10"/>
      <shelf name="drama" count="9"/>
      <shelf name="funny" count="8"/>
      <shelf name="fiction" count="8"/>
      <shelf name="humor" count="8"/>
      <shelf name="school" count="7"/>
      <shelf name="manga-books" count="7"/>
      <shelf name="owned-books" count="6"/>
      <shelf name="i-own" count="6"/>
      <shelf name="comics-and-manga" count="6"/>
      <shelf name="contemporary" count="6"/>
      <shelf name="favorite" count="6"/>
      <shelf name="slice-of-life" count="6"/>
      <shelf name="shojo-manga" count="6"/>
      <shelf name="ya" count="6"/>
      <shelf name="manga-graphic-novel" count="6"/>
      <shelf name="childhood" count="5"/>
      <shelf name="my-books" count="5"/>
      <shelf name="to-read-manga" count="5"/>
      <shelf name="manga-and-comics" count="5"/>
      <shelf name="library" count="5"/>
      <shelf name="default" count="4"/>
      <shelf name="favourites" count="4"/>
      <shelf name="manga-manhwa-manhua" count="4"/>
      <shelf name="manga-and-graphic-novels" count="4"/>
      <shelf name="manga-series" count="4"/>
      <shelf name="graphic-novels-manga" count="4"/>
      <shelf name="school-life" count="4"/>
      <shelf name="japan" count="4"/>
      <shelf name="graphic" count="4"/>
      <shelf name="graphic-novels-and-manga" count="4"/>
      <shelf name="manga-and-manhwa" count="4"/>
      <shelf name="manga-romance" count="4"/>
      <shelf name="manga-comic" count="4"/>
      <shelf name="love-triangle" count="3"/>
      <shelf name="manga-owned" count="3"/>
      <shelf name="owned-manga" count="3"/>
      <shelf name="finished" count="3"/>
      <shelf name="favorite-mangas" count="3"/>
      <shelf name="want" count="3"/>
      <shelf name="shojo-beat" count="3"/>
      <shelf name="5-star" count="3"/>
      <shelf name="4-stars" count="3"/>
      <shelf name="manga-i-have-read" count="3"/>
      <shelf name="meh" count="3"/>
      <shelf name="teen" count="3"/>
      <shelf name="high-school" count="3"/>
      <shelf name="unfinished-series" count="3"/>
      <shelf name="manga-anime" count="3"/>
      <shelf name="friendship" count="3"/>
      <shelf name="comic-manga" count="3"/>
      <shelf name="english" count="3"/>
      <shelf name="manga-shojo" count="2"/>
      <shelf name="reading-list" count="2"/>
      <shelf name="completed" count="2"/>
      <shelf name="manga-comedy" count="2"/>
      <shelf name="shelfari-favorites" count="2"/>
      <shelf name="coming-of-age" count="2"/>
      <shelf name="3-star" count="2"/>
      <shelf name="read-in-2015" count="2"/>
      <shelf name="manga-manhua-manhwa" count="2"/>
      <shelf name="own-manga" count="2"/>
      <shelf name="maybe" count="2"/>
      <shelf name="manga-slice-of-life" count="2"/>
      <shelf name="author-female" count="2"/>
      <shelf name="anime-manga" count="2"/>
      <shelf name="library-book" count="2"/>
      <shelf name="finished-series" count="2"/>
      <shelf name="kindle" count="2"/>
      <shelf name="favourite-manga" count="2"/>
      <shelf name="read-2013" count="2"/>
      <shelf name="viz-media" count="2"/>
  </popular_shelves>
  <book_links>
    <book_link>
  <id>8</id>
  <name>Libraries</name>
  <link>https://www.goodreads.com/book_link/follow/8</link>
</book_link>

  </book_links>
  <buy_links>
    <buy_link>
<id>1</id>
<name>Amazon</name>
<link>https://www.goodreads.com/book_link/follow/1</link>
</buy_link>
<buy_link>
<id>10</id>
<name>Audible</name>
<link>https://www.goodreads.com/book_link/follow/10</link>
</buy_link>
<buy_link>
<id>3</id>
<name>Barnes &amp; Noble</name>
<link>https://www.goodreads.com/book_link/follow/3</link>
</buy_link>
<buy_link>
<id>1027</id>
<name>Kobo</name>
<link>https://www.goodreads.com/book_link/follow/1027</link>
</buy_link>
<buy_link>
<id>2102</id>
<name>Apple iBooks</name>
<link>https://www.goodreads.com/book_link/follow/2102</link>
</buy_link>
<buy_link>
<id>8036</id>
<name>Google Play</name>
<link>https://www.goodreads.com/book_link/follow/8036</link>
</buy_link>
<buy_link>
<id>4</id>
<name>Abebooks</name>
<link>https://www.goodreads.com/book_link/follow/4</link>
</buy_link>
<buy_link>
<id>882</id>
<name>Book Depository</name>
<link>https://www.goodreads.com/book_link/follow/882</link>
</buy_link>
<buy_link>
<id>9</id>
<name>Indigo</name>
<link>https://www.goodreads.com/book_link/follow/9</link>
</buy_link>
<buy_link>
<id>2</id>
<name>Half.com</name>
<link>https://www.goodreads.com/book_link/follow/2</link>
</buy_link>
<buy_link>
<id>5</id>
<name>Alibris</name>
<link>https://www.goodreads.com/book_link/follow/5</link>
</buy_link>
<buy_link>
<id>107</id>
<name>Better World Books</name>
<link>https://www.goodreads.com/book_link/follow/107</link>
</buy_link>
<buy_link>
<id>7</id>
<name>IndieBound</name>
<link>https://www.goodreads.com/book_link/follow/7</link>
</buy_link>

  </buy_links>
  <series_works>
    <series_work>
<id>185140</id>
<user_position>1</user_position>
<series>
<id>49880</id>
<title>
<![CDATA[
    Beauty Pop
]]>
</title>
<description>
<![CDATA[
    Kiri Koshiba uses her magnificent hairstyling talents to help brighten up the lives of girls, but she does so anonymously. On the other hand, Scissors Project, "SP", an egoistic but noteworthy group made up of three boys at school, gives grand makeovers to handpicked girls. Shougo Narumi, the head of the group and a hairstyling genius in his own right, finds himself butting heads with Kiri. To make matters worse, Ochiai, another member of SP, plots to expose Kiri's talents. As much as Kiri tries to shy away from the spotlight, she finds herself drawn into the world of hairstyling.
    
    Aside of all the chaos, Ochiai develops a special affection for Kiri. But it seems Narumi and Kiri are also developing feelings for each other.
]]>
</description>
<note>
<![CDATA[
]]>
</note>
<series_works_count>10</series_works_count>
<primary_work_count>10</primary_work_count>
<numbered>true</numbered>
</series>

</series_work>

  </series_works>
  <similar_books>
          <book>
<id>1593518</id>
<title>Aishiteruze Baby, Volume 01</title>
<title_without_series>Aishiteruze Baby, Volume 01</title_without_series>
<link><![CDATA[https://www.goodreads.com/book/show/1593518.Aishiteruze_Baby_Volume_01]]></link>
<small_image_url><![CDATA[https://s.gr-assets.com/assets/nophoto/book/50x75-a91bf249278a81aabab721ef782c4a74.png]]></small_image_url>
<image_url><![CDATA[https://s.gr-assets.com/assets/nophoto/book/111x148-bcc042a9c91a29c1d680899eff700a03.png]]></image_url>
<num_pages>208</num_pages>
<work>
<id>1586589</id>
</work>
<isbn>1421507110</isbn>
<isbn13>9781421507118</isbn13>
<average_rating>3.98</average_rating>
<ratings_count>3992</ratings_count>
<publication_year>2006</publication_year>
<publication_month>4</publication_month>
<publication_day>4</publication_day>
<authors>
<author>
<id>7735497</id>
<name>Yōko Maki</name>
<link><![CDATA[https://www.goodreads.com/author/show/7735497.Y_ko_Maki]]></link>
</author>
</authors>
</book>

          <book>
<id>778111</id>
<title><![CDATA[Crimson Hero, Vol. 1 (Crimson Hero, # 1)]]></title>
<title_without_series>Crimson Hero, Vol. 1</title_without_series>
<link><![CDATA[https://www.goodreads.com/book/show/778111.Crimson_Hero_Vol_1]]></link>
<small_image_url><![CDATA[https://s.gr-assets.com/assets/nophoto/book/50x75-a91bf249278a81aabab721ef782c4a74.png]]></small_image_url>
<image_url><![CDATA[https://s.gr-assets.com/assets/nophoto/book/111x148-bcc042a9c91a29c1d680899eff700a03.png]]></image_url>
<num_pages>192</num_pages>
<work>
<id>764140</id>
</work>
<isbn>1421501406</isbn>
<isbn13>9781421501406</isbn13>
<average_rating>3.96</average_rating>
<ratings_count>3550</ratings_count>
<publication_year>2005</publication_year>
<publication_month>12</publication_month>
<publication_day>6</publication_day>
<authors>
<author>
<id>135564</id>
<name>Mitsuba Takanashi</name>
<link><![CDATA[https://www.goodreads.com/author/show/135564.Mitsuba_Takanashi]]></link>
</author>
</authors>
</book>

          <book>
<id>259583</id>
<title><![CDATA[Ultra Maniac, Vol. 01 (Ultra Maniac, #1)]]></title>
<title_without_series>Ultra Maniac, Vol. 01</title_without_series>
<link><![CDATA[https://www.goodreads.com/book/show/259583.Ultra_Maniac_Vol_01]]></link>
<small_image_url><![CDATA[https://s.gr-assets.com/assets/nophoto/book/50x75-a91bf249278a81aabab721ef782c4a74.png]]></small_image_url>
<image_url><![CDATA[https://s.gr-assets.com/assets/nophoto/book/111x148-bcc042a9c91a29c1d680899eff700a03.png]]></image_url>
<num_pages>184</num_pages>
<work>
<id>251609</id>
</work>
<isbn>1591169178</isbn>
<isbn13>9781591169178</isbn13>
<average_rating>4.00</average_rating>
<ratings_count>6875</ratings_count>
<publication_year>2005</publication_year>
<publication_month>7</publication_month>
<publication_day>5</publication_day>
<authors>
<author>
<id>151717</id>
<name>Wataru Yoshizumi</name>
<link><![CDATA[https://www.goodreads.com/author/show/151717.Wataru_Yoshizumi]]></link>
</author>
</authors>
</book>

          <book>
<id>282268</id>
<title>Skip Beat!, Vol. 02</title>
<title_without_series>Skip Beat!, Vol. 02</title_without_series>
<link><![CDATA[https://www.goodreads.com/book/show/282268.Skip_Beat_Vol_02]]></link>
<small_image_url><![CDATA[https://s.gr-assets.com/assets/nophoto/book/50x75-a91bf249278a81aabab721ef782c4a74.png]]></small_image_url>
<image_url><![CDATA[https://s.gr-assets.com/assets/nophoto/book/111x148-bcc042a9c91a29c1d680899eff700a03.png]]></image_url>
<num_pages>208</num_pages>
<work>
<id>273821</id>
</work>
<isbn>142150586X</isbn>
<isbn13>9781421505862</isbn13>
<average_rating>4.48</average_rating>
<ratings_count>7341</ratings_count>
<publication_year>2006</publication_year>
<publication_month>9</publication_month>
<publication_day>5</publication_day>
<authors>
<author>
<id>164127</id>
<name>Yoshiki Nakamura</name>
<link><![CDATA[https://www.goodreads.com/author/show/164127.Yoshiki_Nakamura]]></link>
</author>
</authors>
</book>

          <book>
<id>2707861</id>
<title>V.B. Rose Volume 1</title>
<title_without_series>V.B. Rose Volume 1</title_without_series>
<link><![CDATA[https://www.goodreads.com/book/show/2707861-v-b-rose-volume-1]]></link>
<small_image_url><![CDATA[https://s.gr-assets.com/assets/nophoto/book/50x75-a91bf249278a81aabab721ef782c4a74.png]]></small_image_url>
<image_url><![CDATA[https://s.gr-assets.com/assets/nophoto/book/111x148-bcc042a9c91a29c1d680899eff700a03.png]]></image_url>
<num_pages></num_pages>
<work>
<id>2733354</id>
</work>
<isbn>1427803307</isbn>
<isbn13>9781427803306</isbn13>
<average_rating>4.11</average_rating>
<ratings_count>1766</ratings_count>
<publication_year></publication_year>
<publication_month></publication_month>
<publication_day></publication_day>
<authors>
<author>
<id>350785</id>
<name>Banri Hidaka</name>
<link><![CDATA[https://www.goodreads.com/author/show/350785.Banri_Hidaka]]></link>
</author>
</authors>
</book>

          <book>
<id>1753714</id>
<title><![CDATA[Gakuen Alice, Vol. 01 (Gakuen Alice, #1)]]></title>
<title_without_series>Gakuen Alice, Vol. 01</title_without_series>
<link><![CDATA[https://www.goodreads.com/book/show/1753714.Gakuen_Alice_Vol_01]]></link>
<small_image_url><![CDATA[https://s.gr-assets.com/assets/nophoto/book/50x75-a91bf249278a81aabab721ef782c4a74.png]]></small_image_url>
<image_url><![CDATA[https://s.gr-assets.com/assets/nophoto/book/111x148-bcc042a9c91a29c1d680899eff700a03.png]]></image_url>
<num_pages>192</num_pages>
<work>
<id>1751547</id>
</work>
<isbn>1427803196</isbn>
<isbn13>9781427803191</isbn13>
<average_rating>4.23</average_rating>
<ratings_count>15501</ratings_count>
<publication_year>2008</publication_year>
<publication_month>1</publication_month>
<publication_day>1</publication_day>
<authors>
<author>
<id>803937</id>
<name>Tachibana Higuchi</name>
<link><![CDATA[https://www.goodreads.com/author/show/803937.Tachibana_Higuchi]]></link>
</author>
</authors>
</book>

          <book>
<id>954303</id>
<title><![CDATA[Kitchen Princess, Vol. 01 (Kitchen Princess, #1)]]></title>
<title_without_series>Kitchen Princess, Vol. 01</title_without_series>
<link><![CDATA[https://www.goodreads.com/book/show/954303.Kitchen_Princess_Vol_01]]></link>
<small_image_url><![CDATA[https://s.gr-assets.com/assets/nophoto/book/50x75-a91bf249278a81aabab721ef782c4a74.png]]></small_image_url>
<image_url><![CDATA[https://s.gr-assets.com/assets/nophoto/book/111x148-bcc042a9c91a29c1d680899eff700a03.png]]></image_url>
<num_pages>187</num_pages>
<work>
<id>939213</id>
</work>
<isbn>0345496205</isbn>
<isbn13>9780345496201</isbn13>
<average_rating>4.16</average_rating>
<ratings_count>16326</ratings_count>
<publication_year>2007</publication_year>
<publication_month>1</publication_month>
<publication_day>30</publication_day>
<authors>
<author>
<id>165682</id>
<name>Natsumi Ando</name>
<link><![CDATA[https://www.goodreads.com/author/show/165682.Natsumi_Ando]]></link>
</author>
</authors>
</book>

          <book>
<id>3430692</id>
<title><![CDATA[Mixed Vegetables, Vol. 1 (Mixed Vegetables, #1)]]></title>
<title_without_series>Mixed Vegetables, Vol. 1</title_without_series>
<link><![CDATA[https://www.goodreads.com/book/show/3430692-mixed-vegetables-vol-1]]></link>
<small_image_url><![CDATA[https://s.gr-assets.com/assets/nophoto/book/50x75-a91bf249278a81aabab721ef782c4a74.png]]></small_image_url>
<image_url><![CDATA[https://s.gr-assets.com/assets/nophoto/book/111x148-bcc042a9c91a29c1d680899eff700a03.png]]></image_url>
<num_pages>197</num_pages>
<work>
<id>3471594</id>
</work>
<isbn>1421519674</isbn>
<isbn13>9781421519678</isbn13>
<average_rating>3.95</average_rating>
<ratings_count>3692</ratings_count>
<publication_year>2008</publication_year>
<publication_month>9</publication_month>
<publication_day>2</publication_day>
<authors>
<author>
<id>1442948</id>
<name>Ayumi Komura (小村あゆみ)</name>
<link><![CDATA[https://www.goodreads.com/author/show/1442948.Ayumi_Komura_]]></link>
</author>
</authors>
</book>

          <book>
<id>1896345</id>
<title><![CDATA[High School Debut, Vol. 03 (High School Debut, #3)]]></title>
<title_without_series>High School Debut, Vol. 03</title_without_series>
<link><![CDATA[https://www.goodreads.com/book/show/1896345.High_School_Debut_Vol_03]]></link>
<small_image_url><![CDATA[https://s.gr-assets.com/assets/nophoto/book/50x75-a91bf249278a81aabab721ef782c4a74.png]]></small_image_url>
<image_url><![CDATA[https://s.gr-assets.com/assets/nophoto/book/111x148-bcc042a9c91a29c1d680899eff700a03.png]]></image_url>
<num_pages>184</num_pages>
<work>
<id>1897913</id>
</work>
<isbn>1421514834</isbn>
<isbn13>9781421514833</isbn13>
<average_rating>4.30</average_rating>
<ratings_count>5158</ratings_count>
<publication_year>2008</publication_year>
<publication_month>5</publication_month>
<publication_day>6</publication_day>
<authors>
<author>
<id>16525871</id>
<name>Kazune Kawahara</name>
<link><![CDATA[https://www.goodreads.com/author/show/16525871.Kazune_Kawahara]]></link>
</author>
</authors>
</book>

          <book>
<id>1569144</id>
<title>Penguin Revolution: Volume 1</title>
<title_without_series>Penguin Revolution: Volume 1</title_without_series>
<link><![CDATA[https://www.goodreads.com/book/show/1569144.Penguin_Revolution]]></link>
<small_image_url><![CDATA[https://s.gr-assets.com/assets/nophoto/book/50x75-a91bf249278a81aabab721ef782c4a74.png]]></small_image_url>
<image_url><![CDATA[https://s.gr-assets.com/assets/nophoto/book/111x148-bcc042a9c91a29c1d680899eff700a03.png]]></image_url>
<num_pages>191</num_pages>
<work>
<id>1561818</id>
</work>
<isbn>1401211305</isbn>
<isbn13>9781401211301</isbn13>
<average_rating>3.99</average_rating>
<ratings_count>1441</ratings_count>
<publication_year>2006</publication_year>
<publication_month>10</publication_month>
<publication_day>25</publication_day>
<authors>
<author>
<id>483910</id>
<name>Sakura Tsukuba</name>
<link><![CDATA[https://www.goodreads.com/author/show/483910.Sakura_Tsukuba]]></link>
</author>
</authors>
</book>

          <book>
<id>6599093</id>
<title><![CDATA[Happy Cafe, Vol. 1 (Happy Cafe, #1)]]></title>
<title_without_series>Happy Cafe, Vol. 1</title_without_series>
<link><![CDATA[https://www.goodreads.com/book/show/6599093-happy-cafe-vol-1]]></link>
<small_image_url><![CDATA[https://s.gr-assets.com/assets/nophoto/book/50x75-a91bf249278a81aabab721ef782c4a74.png]]></small_image_url>
<image_url><![CDATA[https://s.gr-assets.com/assets/nophoto/book/111x148-bcc042a9c91a29c1d680899eff700a03.png]]></image_url>
<num_pages></num_pages>
<work>
<id>6792933</id>
</work>
<isbn>1427817308</isbn>
<isbn13>9781427817303</isbn13>
<average_rating>4.22</average_rating>
<ratings_count>5882</ratings_count>
<publication_year></publication_year>
<publication_month></publication_month>
<publication_day></publication_day>
<authors>
<author>
<id>2980337</id>
<name>Kou Matsuzuki</name>
<link><![CDATA[https://www.goodreads.com/author/show/2980337.Kou_Matsuzuki]]></link>
</author>
</authors>
</book>

          <book>
<id>2539522</id>
<title>Monkey High!, Vol. 1</title>
<title_without_series>Monkey High!, Vol. 1</title_without_series>
<link><![CDATA[https://www.goodreads.com/book/show/2539522.Monkey_High_Vol_1]]></link>
<small_image_url><![CDATA[https://s.gr-assets.com/assets/nophoto/book/50x75-a91bf249278a81aabab721ef782c4a74.png]]></small_image_url>
<image_url><![CDATA[https://s.gr-assets.com/assets/nophoto/book/111x148-bcc042a9c91a29c1d680899eff700a03.png]]></image_url>
<num_pages>192</num_pages>
<work>
<id>2547051</id>
</work>
<isbn>1421515180</isbn>
<isbn13>9781421515182</isbn13>
<average_rating>3.87</average_rating>
<ratings_count>3254</ratings_count>
<publication_year>2008</publication_year>
<publication_month>3</publication_month>
<publication_day>4</publication_day>
<authors>
<author>
<id>790144</id>
<name>Shouko Akira</name>
<link><![CDATA[https://www.goodreads.com/author/show/790144.Shouko_Akira]]></link>
</author>
</authors>
</book>

          <book>
<id>439363</id>
<title>Love★Com, Vol. 1</title>
<title_without_series>Love★Com, Vol. 1</title_without_series>
<link><![CDATA[https://www.goodreads.com/book/show/439363.Love_Com_Vol_1]]></link>
<small_image_url><![CDATA[https://s.gr-assets.com/assets/nophoto/book/50x75-a91bf249278a81aabab721ef782c4a74.png]]></small_image_url>
<image_url><![CDATA[https://s.gr-assets.com/assets/nophoto/book/111x148-bcc042a9c91a29c1d680899eff700a03.png]]></image_url>
<num_pages>180</num_pages>
<work>
<id>428191</id>
</work>
<isbn>1421513439</isbn>
<isbn13>9781421513430</isbn13>
<average_rating>4.22</average_rating>
<ratings_count>14002</ratings_count>
<publication_year>2007</publication_year>
<publication_month>7</publication_month>
<publication_day>3</publication_day>
<authors>
<author>
<id>247415</id>
<name>Aya Nakahara</name>
<link><![CDATA[https://www.goodreads.com/author/show/247415.Aya_Nakahara]]></link>
</author>
</authors>
</book>

          <book>
<id>5071434</id>
<title>Otomen, Vol. 1 (Otomen, #1)</title>
<title_without_series>Otomen, Vol. 1</title_without_series>
<link><![CDATA[https://www.goodreads.com/book/show/5071434-otomen-vol-1]]></link>
<small_image_url><![CDATA[https://s.gr-assets.com/assets/nophoto/book/50x75-a91bf249278a81aabab721ef782c4a74.png]]></small_image_url>
<image_url><![CDATA[https://s.gr-assets.com/assets/nophoto/book/111x148-bcc042a9c91a29c1d680899eff700a03.png]]></image_url>
<num_pages>208</num_pages>
<work>
<id>5138100</id>
</work>
<isbn>1421521865</isbn>
<isbn13>9781421521862</isbn13>
<average_rating>4.01</average_rating>
<ratings_count>8112</ratings_count>
<publication_year>2009</publication_year>
<publication_month>2</publication_month>
<publication_day>3</publication_day>
<authors>
<author>
<id>446634</id>
<name>Aya Kanno</name>
<link><![CDATA[https://www.goodreads.com/author/show/446634.Aya_Kanno]]></link>
</author>
</authors>
</book>

          <book>
<id>873414</id>
<title><![CDATA[Imadoki! Nowadays, Vol. 1 (Imadoki! Nowadays, #1)]]></title>
<title_without_series>Imadoki! Nowadays, Vol. 1</title_without_series>
<link><![CDATA[https://www.goodreads.com/book/show/873414.Imadoki_Nowadays_Vol_1]]></link>
<small_image_url><![CDATA[https://s.gr-assets.com/assets/nophoto/book/50x75-a91bf249278a81aabab721ef782c4a74.png]]></small_image_url>
<image_url><![CDATA[https://s.gr-assets.com/assets/nophoto/book/111x148-bcc042a9c91a29c1d680899eff700a03.png]]></image_url>
<num_pages>208</num_pages>
<work>
<id>2040544</id>
</work>
<isbn>1591163307</isbn>
<isbn13>9781591163305</isbn13>
<average_rating>3.96</average_rating>
<ratings_count>6681</ratings_count>
<publication_year>2004</publication_year>
<publication_month>6</publication_month>
<publication_day>30</publication_day>
<authors>
<author>
<id>732829</id>
<name>Yuu Watase</name>
<link><![CDATA[https://www.goodreads.com/author/show/732829.Yuu_Watase]]></link>
</author>
</authors>
</book>

          <book>
<id>171054</id>
<title>Nosatsu Junkie, Volume 1 </title>
<title_without_series>Nosatsu Junkie, Volume 1</title_without_series>
<link><![CDATA[https://www.goodreads.com/book/show/171054.Nosatsu_Junkie_Volume_1]]></link>
<small_image_url><![CDATA[https://s.gr-assets.com/assets/nophoto/book/50x75-a91bf249278a81aabab721ef782c4a74.png]]></small_image_url>
<image_url><![CDATA[https://s.gr-assets.com/assets/nophoto/book/111x148-bcc042a9c91a29c1d680899eff700a03.png]]></image_url>
<num_pages></num_pages>
<work>
<id>165175</id>
</work>
<isbn>1598166549</isbn>
<isbn13>9781598166545</isbn13>
<average_rating>3.98</average_rating>
<ratings_count>787</ratings_count>
<publication_year></publication_year>
<publication_month></publication_month>
<publication_day></publication_day>
<authors>
<author>
<id>5592980</id>
<name>Ryōko Fukuyama</name>
<link><![CDATA[https://www.goodreads.com/author/show/5592980.Ry_ko_Fukuyama]]></link>
</author>
</authors>
</book>

          <book>
<id>8976455</id>
<title>Oresama Teacher , Vol. 1</title>
<title_without_series>Oresama Teacher , Vol. 1</title_without_series>
<link><![CDATA[https://www.goodreads.com/book/show/8976455-oresama-teacher-vol-1]]></link>
<small_image_url><![CDATA[https://s.gr-assets.com/assets/nophoto/book/50x75-a91bf249278a81aabab721ef782c4a74.png]]></small_image_url>
<image_url><![CDATA[https://s.gr-assets.com/assets/nophoto/book/111x148-bcc042a9c91a29c1d680899eff700a03.png]]></image_url>
<num_pages>192</num_pages>
<work>
<id>13853501</id>
</work>
<isbn>1421538636</isbn>
<isbn13>9781421538631</isbn13>
<average_rating>4.15</average_rating>
<ratings_count>3673</ratings_count>
<publication_year>2011</publication_year>
<publication_month>3</publication_month>
<publication_day>1</publication_day>
<authors>
<author>
<id>2101628</id>
<name>Izumi Tsubaki</name>
<link><![CDATA[https://www.goodreads.com/author/show/2101628.Izumi_Tsubaki]]></link>
</author>
</authors>
</book>

          <book>
<id>265021</id>
<title>Othello, Volume 1</title>
<title_without_series>Othello, Volume 1</title_without_series>
<link><![CDATA[https://www.goodreads.com/book/show/265021.Othello_Volume_1]]></link>
<small_image_url><![CDATA[https://images.gr-assets.com/books/1320468972s/265021.jpg]]></small_image_url>
<image_url><![CDATA[https://images.gr-assets.com/books/1320468972m/265021.jpg]]></image_url>
<num_pages>199</num_pages>
<work>
<id>1859983</id>
</work>
<isbn>0345479130</isbn>
<isbn13>9780345479136</isbn13>
<average_rating>3.79</average_rating>
<ratings_count>1225</ratings_count>
<publication_year>2004</publication_year>
<publication_month>10</publication_month>
<publication_day>12</publication_day>
<authors>
<author>
<id>103267</id>
<name>Satomi Ikezawa</name>
<link><![CDATA[https://www.goodreads.com/author/show/103267.Satomi_Ikezawa]]></link>
</author>
</authors>
</book>

  </similar_books>
</book>

</GoodreadsResponse>