<?xml version="1.0" encoding="UTF-8"?>
<GoodreadsResponse>
  <Request>
    <authentication>true</authentication>
      <key><![CDATA[all_men_must_serve]]></key>
    <method><![CDATA[book_show]]></method>
  </Request>
  <book>
  <id>10049436</id>
  <title>The Single Girl&apos;s To-Do List</title>
  <isbn><![CDATA[0007345631]]></isbn>
  <isbn13><![CDATA[9780007345632]]></isbn13>
  <asin><![CDATA[]]></asin>
  <kindle_asin><![CDATA[B00506C1GU]]></kindle_asin>
  <marketplace_id><![CDATA[A1F83G8C2ARO7P]]></marketplace_id>
  <country_code><![CDATA[GB]]></country_code>
  <image_url>https://images.gr-assets.com/books/1327955203m/10049436.jpg</image_url>
  <small_image_url>https://images.gr-assets.com/books/1327955203s/10049436.jpg</small_image_url>
  <publication_year></publication_year>
  <publication_month></publication_month>
  <publication_day></publication_day>
  <publisher></publisher>
  <language_code>eng</language_code>
  <is_ebook>false</is_ebook>
  <description><![CDATA[A hilarious and romantic standalone novel from the bestselling author of the I Heart series<br /><br />Rachel Summers loves a to-do list:<br />• Boyfriend<br />• Flat<br />• Great job<br /><br />NOT on the list:<br />• Being dumped<br /><br />Best friends Emelie and Matthew ride to her rescue with an entirely new kind of list – The Single Girl’s To-Do List. Rachel doesn’t know it, but it will take her on all kinds of wild adventures – and get her in some romantic pickles too. And then it won't be a case of what but who she decides to tick off…<br /><br />• Mr. bendy yoga instructor<br />• Mr. teenage sweetheart<br />• Mr. persistent ex<br />• Mr. deeply unsuitable<br /><br />The Single Girl’s To-Do List gives Rachel the perfect heartbreak cure – and proves love is out there if you’re willing to take a chance.]]></description>
  <work>
  <id type="integer">14945405</id>
  <books_count type="integer">20</books_count>
  <best_book_id type="integer">10049436</best_book_id>
  <reviews_count type="integer">23704</reviews_count>
  <ratings_sum type="integer">41754</ratings_sum>
  <ratings_count type="integer">10589</ratings_count>
  <text_reviews_count type="integer">481</text_reviews_count>
  <original_publication_year type="integer">2011</original_publication_year>
  <original_publication_month type="integer" nil="true"/>
  <original_publication_day type="integer" nil="true"/>
  <original_title>The Single Girl's To-Do List</original_title>
  <original_language_id type="integer" nil="true"/>
  <media_type>book</media_type>
  <rating_dist>5:3756|4:3498|3:2522|2:603|1:210|total:10589</rating_dist>
  <desc_user_id type="integer">4027979</desc_user_id>
  <default_chaptering_book_id type="integer" nil="true"/>
  <default_description_language_code nil="true"/>
</work>
  <average_rating>3.94</average_rating>
  <num_pages><![CDATA[335]]></num_pages>
  <format><![CDATA[]]></format>
  <edition_information><![CDATA[]]></edition_information>
  <ratings_count><![CDATA[9836]]></ratings_count>
  <text_reviews_count><![CDATA[404]]></text_reviews_count>
  <url><![CDATA[https://www.goodreads.com/book/show/10049436-the-single-girl-s-to-do-list]]></url>
  <link><![CDATA[https://www.goodreads.com/book/show/10049436-the-single-girl-s-to-do-list]]></link>
  <authors>
<author>
<id>2824597</id>
<name>Lindsey Kelk</name>
<role></role>
<image_url nophoto='false'>
<![CDATA[https://images.gr-assets.com/authors/1455764204p5/2824597.jpg]]>
</image_url>
<small_image_url nophoto='false'>
<![CDATA[https://images.gr-assets.com/authors/1455764204p2/2824597.jpg]]>
</small_image_url>
<link><![CDATA[https://www.goodreads.com/author/show/2824597.Lindsey_Kelk]]></link>
<average_rating>3.95</average_rating>
<ratings_count>76615</ratings_count>
<text_reviews_count>4290</text_reviews_count>
</author>
</authors>

    <reviews_widget>
      <![CDATA[
        <style>
  #goodreads-widget {
    font-family: georgia, serif;
    padding: 18px 0;
    width:565px;
  }
  #goodreads-widget h1 {
    font-weight:normal;
    font-size: 16px;
    border-bottom: 1px solid #BBB596;
    margin-bottom: 0;
  }
  #goodreads-widget a {
    text-decoration: none;
    color:#660;
  }
  iframe{
    background-color: #fff;
  }
  #goodreads-widget a:hover { text-decoration: underline; }
  #goodreads-widget a:active {
    color:#660;
  }
  #gr_footer {
    width: 100%;
    border-top: 1px solid #BBB596;
    text-align: right;
  }
  #goodreads-widget .gr_branding{
    color: #382110;
    font-size: 11px;
    text-decoration: none;
    font-family: "Helvetica Neue", Helvetica, Arial, sans-serif;
  }
</style>
<div id="goodreads-widget">
  <div id="gr_header"><h1><a rel="nofollow" href="https://www.goodreads.com/book/show/10049436-the-single-girl-s-to-do-list">The Single Girl&#39;s To-Do List Reviews</a></h1></div>
  <iframe id="the_iframe" src="https://www.goodreads.com/api/reviews_widget_iframe?did=DEVELOPER_ID&amp;format=html&amp;isbn=0007345631&amp;links=660&amp;min_rating=&amp;review_back=fff&amp;stars=000&amp;text=000" width="565" height="400" frameborder="0"></iframe>
  <div id="gr_footer">
    <a class="gr_branding" target="_blank" rel="nofollow" href="https://www.goodreads.com/book/show/10049436-the-single-girl-s-to-do-list?utm_medium=api&amp;utm_source=reviews_widget">Reviews from Goodreads.com</a>
  </div>
</div>

      ]]>
    </reviews_widget>
  <popular_shelves>
      <shelf name="to-read" count="1633"/>
      <shelf name="chick-lit" count="244"/>
      <shelf name="currently-reading" count="135"/>
      <shelf name="romance" count="110"/>
      <shelf name="favorites" count="58"/>
      <shelf name="contemporary" count="54"/>
      <shelf name="chicklit" count="46"/>
      <shelf name="books-i-own" count="39"/>
      <shelf name="fiction" count="37"/>
      <shelf name="romantic-comedy" count="25"/>
      <shelf name="lindsey-kelk" count="25"/>
      <shelf name="adult" count="23"/>
      <shelf name="ebook" count="22"/>
      <shelf name="funny" count="21"/>
      <shelf name="humor" count="21"/>
      <shelf name="to-buy" count="21"/>
      <shelf name="kindle" count="19"/>
      <shelf name="ebooks" count="18"/>
      <shelf name="owned" count="17"/>
      <shelf name="contemporary-romance" count="16"/>
      <shelf name="love-hate" count="14"/>
      <shelf name="chic-lit" count="14"/>
      <shelf name="read-in-2011" count="12"/>
      <shelf name="read-in-2014" count="11"/>
      <shelf name="stand-alone" count="10"/>
      <shelf name="favourites" count="10"/>
      <shelf name="owned-books" count="9"/>
      <shelf name="my-books" count="8"/>
      <shelf name="wish-list" count="8"/>
      <shelf name="english" count="8"/>
      <shelf name="read-in-2015" count="7"/>
      <shelf name="paperback" count="7"/>
      <shelf name="humour" count="7"/>
      <shelf name="e-book" count="7"/>
      <shelf name="read-2011" count="7"/>
      <shelf name="e-books" count="6"/>
      <shelf name="read-in-english" count="6"/>
      <shelf name="on-kindle" count="6"/>
      <shelf name="my-library" count="6"/>
      <shelf name="bought" count="6"/>
      <shelf name="4-stars" count="5"/>
      <shelf name="books-to-buy" count="5"/>
      <shelf name="have" count="5"/>
      <shelf name="read-in-2013" count="5"/>
      <shelf name="love" count="5"/>
      <shelf name="did-not-finish" count="5"/>
      <shelf name="library" count="5"/>
      <shelf name="read-2012" count="5"/>
      <shelf name="chick-lit-romance" count="5"/>
      <shelf name="want-to-read" count="5"/>
      <shelf name="tbr-pile" count="5"/>
      <shelf name="audiobooks" count="5"/>
      <shelf name="audible" count="5"/>
      <shelf name="read-in-2016" count="4"/>
      <shelf name="read-2015" count="4"/>
      <shelf name="favs" count="4"/>
      <shelf name="novel" count="4"/>
      <shelf name="dnf" count="4"/>
      <shelf name="london" count="4"/>
      <shelf name="read-2013" count="4"/>
      <shelf name="novels" count="4"/>
      <shelf name="easy-reads" count="4"/>
      <shelf name="own-it" count="4"/>
      <shelf name="girly" count="4"/>
      <shelf name="to-get" count="4"/>
      <shelf name="england" count="4"/>
      <shelf name="adult-fiction" count="4"/>
      <shelf name="friendship" count="4"/>
      <shelf name="book-club" count="4"/>
      <shelf name="romcom" count="3"/>
      <shelf name="list" count="3"/>
      <shelf name="library-books" count="3"/>
      <shelf name="not-at-the-library" count="3"/>
      <shelf name="to-find" count="3"/>
      <shelf name="young-adult" count="3"/>
      <shelf name="on-my-bookshelf" count="3"/>
      <shelf name="contemporary-fiction" count="3"/>
      <shelf name="standalone" count="3"/>
      <shelf name="summer-reads" count="3"/>
      <shelf name="didn-t-finish" count="3"/>
      <shelf name="kobo" count="3"/>
      <shelf name="romantic" count="3"/>
      <shelf name="buy" count="3"/>
      <shelf name="books" count="3"/>
      <shelf name="british" count="3"/>
      <shelf name="cute" count="3"/>
      <shelf name="loved-it" count="3"/>
      <shelf name="women-s-fiction" count="3"/>
      <shelf name="chick" count="3"/>
      <shelf name="epub" count="3"/>
      <shelf name="faves" count="3"/>
      <shelf name="chick-flick" count="3"/>
      <shelf name="rom-com" count="3"/>
      <shelf name="comedy" count="3"/>
      <shelf name="to-read-own" count="3"/>
      <shelf name="fluff" count="3"/>
      <shelf name="own-physical-copy" count="2"/>
      <shelf name="read-in-2017" count="2"/>
      <shelf name="banter" count="2"/>
      <shelf name="2016-books" count="2"/>
  </popular_shelves>
  <book_links>
    <book_link>
  <id>8</id>
  <name>Libraries</name>
  <link>https://www.goodreads.com/book_link/follow/8</link>
</book_link>

  </book_links>
  <buy_links>
    <buy_link>
<id>1</id>
<name>Amazon</name>
<link>https://www.goodreads.com/book_link/follow/1</link>
</buy_link>
<buy_link>
<id>10</id>
<name>Audible</name>
<link>https://www.goodreads.com/book_link/follow/10</link>
</buy_link>
<buy_link>
<id>3</id>
<name>Barnes &amp; Noble</name>
<link>https://www.goodreads.com/book_link/follow/3</link>
</buy_link>
<buy_link>
<id>1027</id>
<name>Kobo</name>
<link>https://www.goodreads.com/book_link/follow/1027</link>
</buy_link>
<buy_link>
<id>2102</id>
<name>Apple iBooks</name>
<link>https://www.goodreads.com/book_link/follow/2102</link>
</buy_link>
<buy_link>
<id>8036</id>
<name>Google Play</name>
<link>https://www.goodreads.com/book_link/follow/8036</link>
</buy_link>
<buy_link>
<id>4</id>
<name>Abebooks</name>
<link>https://www.goodreads.com/book_link/follow/4</link>
</buy_link>
<buy_link>
<id>882</id>
<name>Book Depository</name>
<link>https://www.goodreads.com/book_link/follow/882</link>
</buy_link>
<buy_link>
<id>9</id>
<name>Indigo</name>
<link>https://www.goodreads.com/book_link/follow/9</link>
</buy_link>
<buy_link>
<id>2</id>
<name>Half.com</name>
<link>https://www.goodreads.com/book_link/follow/2</link>
</buy_link>
<buy_link>
<id>5</id>
<name>Alibris</name>
<link>https://www.goodreads.com/book_link/follow/5</link>
</buy_link>
<buy_link>
<id>107</id>
<name>Better World Books</name>
<link>https://www.goodreads.com/book_link/follow/107</link>
</buy_link>
<buy_link>
<id>7</id>
<name>IndieBound</name>
<link>https://www.goodreads.com/book_link/follow/7</link>
</buy_link>

  </buy_links>
  <series_works>
    
  </series_works>
  <similar_books>
          <book>
<id>7265016</id>
<title>The Dating Detox</title>
<title_without_series>The Dating Detox</title_without_series>
<link><![CDATA[https://www.goodreads.com/book/show/7265016-the-dating-detox]]></link>
<small_image_url><![CDATA[https://images.gr-assets.com/books/1276971084s/7265016.jpg]]></small_image_url>
<image_url><![CDATA[https://images.gr-assets.com/books/1276971084m/7265016.jpg]]></image_url>
<num_pages>424</num_pages>
<work>
<id>8355896</id>
</work>
<isbn>1847561918</isbn>
<isbn13>9781847561916</isbn13>
<average_rating>3.77</average_rating>
<ratings_count>3521</ratings_count>
<publication_year>2011</publication_year>
<publication_month>1</publication_month>
<publication_day>6</publication_day>
<authors>
<author>
<id>3212742</id>
<name>Gemma Burgess</name>
<link><![CDATA[https://www.goodreads.com/author/show/3212742.Gemma_Burgess]]></link>
</author>
</authors>
</book>

          <book>
<id>10083474</id>
<title>Girl On The Run</title>
<title_without_series>Girl On The Run</title_without_series>
<link><![CDATA[https://www.goodreads.com/book/show/10083474-girl-on-the-run]]></link>
<small_image_url><![CDATA[https://images.gr-assets.com/books/1327954669s/10083474.jpg]]></small_image_url>
<image_url><![CDATA[https://images.gr-assets.com/books/1327954669m/10083474.jpg]]></image_url>
<num_pages>455</num_pages>
<work>
<id>14980309</id>
</work>
<isbn>1847396267</isbn>
<isbn13>9781847396266</isbn13>
<average_rating>3.90</average_rating>
<ratings_count>5034</ratings_count>
<publication_year>2011</publication_year>
<publication_month>4</publication_month>
<publication_day>14</publication_day>
<authors>
<author>
<id>1434873</id>
<name>Jane Costello</name>
<link><![CDATA[https://www.goodreads.com/author/show/1434873.Jane_Costello]]></link>
</author>
</authors>
</book>

          <book>
<id>11168547</id>
<title>(Un)like a Virgin</title>
<title_without_series>(Un)like a Virgin</title_without_series>
<link><![CDATA[https://www.goodreads.com/book/show/11168547-un-like-a-virgin]]></link>
<small_image_url><![CDATA[https://images.gr-assets.com/books/1328560292s/11168547.jpg]]></small_image_url>
<image_url><![CDATA[https://images.gr-assets.com/books/1328560292m/11168547.jpg]]></image_url>
<num_pages>402</num_pages>
<work>
<id>16092718</id>
</work>
<isbn>0751547603</isbn>
<isbn13>9780751547603</isbn13>
<average_rating>3.78</average_rating>
<ratings_count>1148</ratings_count>
<publication_year>2011</publication_year>
<publication_month>9</publication_month>
<publication_day>15</publication_day>
<authors>
<author>
<id>2899112</id>
<name>Lucy-Anne Holmes</name>
<link><![CDATA[https://www.goodreads.com/author/show/2899112.Lucy_Anne_Holmes]]></link>
</author>
</authors>
</book>

          <book>
<id>7500541</id>
<title><![CDATA[Katy Carter Wants a Hero (Katy Carter, #1)]]></title>
<title_without_series>Katy Carter Wants a Hero</title_without_series>
<link><![CDATA[https://www.goodreads.com/book/show/7500541-katy-carter-wants-a-hero]]></link>
<small_image_url><![CDATA[https://images.gr-assets.com/books/1328026764s/7500541.jpg]]></small_image_url>
<image_url><![CDATA[https://images.gr-assets.com/books/1328026764m/7500541.jpg]]></image_url>
<num_pages>368</num_pages>
<work>
<id>9668234</id>
</work>
<isbn>1409103188</isbn>
<isbn13>9781409103189</isbn13>
<average_rating>3.65</average_rating>
<ratings_count>839</ratings_count>
<publication_year>2010</publication_year>
<publication_month>4</publication_month>
<publication_day>7</publication_day>
<authors>
<author>
<id>3295197</id>
<name>Ruth Saberton</name>
<link><![CDATA[https://www.goodreads.com/author/show/3295197.Ruth_Saberton]]></link>
</author>
</authors>
</book>

          <book>
<id>6437740</id>
<title>Heaven Can Wait</title>
<title_without_series>Heaven Can Wait</title_without_series>
<link><![CDATA[https://www.goodreads.com/book/show/6437740-heaven-can-wait]]></link>
<small_image_url><![CDATA[https://s.gr-assets.com/assets/nophoto/book/50x75-a91bf249278a81aabab721ef782c4a74.png]]></small_image_url>
<image_url><![CDATA[https://s.gr-assets.com/assets/nophoto/book/111x148-bcc042a9c91a29c1d680899eff700a03.png]]></image_url>
<num_pages>375</num_pages>
<work>
<id>6627390</id>
</work>
<isbn>1409103234</isbn>
<isbn13>9781409103233</isbn13>
<average_rating>3.86</average_rating>
<ratings_count>2370</ratings_count>
<publication_year>2009</publication_year>
<publication_month>11</publication_month>
<publication_day>1</publication_day>
<authors>
<author>
<id>2918480</id>
<name>Cally Taylor</name>
<link><![CDATA[https://www.goodreads.com/author/show/2918480.Cally_Taylor]]></link>
</author>
</authors>
</book>

          <book>
<id>6450060</id>
<title>Chasing Daisy</title>
<title_without_series>Chasing Daisy</title_without_series>
<link><![CDATA[https://www.goodreads.com/book/show/6450060-chasing-daisy]]></link>
<small_image_url><![CDATA[https://images.gr-assets.com/books/1327919799s/6450060.jpg]]></small_image_url>
<image_url><![CDATA[https://images.gr-assets.com/books/1327919799m/6450060.jpg]]></image_url>
<num_pages>432</num_pages>
<work>
<id>6640188</id>
</work>
<isbn>184739390X</isbn>
<isbn13>9781847393906</isbn13>
<average_rating>4.07</average_rating>
<ratings_count>6799</ratings_count>
<publication_year>2009</publication_year>
<publication_month>8</publication_month>
<publication_day>25</publication_day>
<authors>
<author>
<id>515155</id>
<name>Paige Toon</name>
<link><![CDATA[https://www.goodreads.com/author/show/515155.Paige_Toon]]></link>
</author>
</authors>
</book>

          <book>
<id>8998009</id>
<title>Getting Away with It</title>
<title_without_series>Getting Away with It</title_without_series>
<link><![CDATA[https://www.goodreads.com/book/show/8998009-getting-away-with-it]]></link>
<small_image_url><![CDATA[https://s.gr-assets.com/assets/nophoto/book/50x75-a91bf249278a81aabab721ef782c4a74.png]]></small_image_url>
<image_url><![CDATA[https://s.gr-assets.com/assets/nophoto/book/111x148-bcc042a9c91a29c1d680899eff700a03.png]]></image_url>
<num_pages>544</num_pages>
<work>
<id>13875281</id>
</work>
<isbn>0755350618</isbn>
<isbn13>9780755350612</isbn13>
<average_rating>3.78</average_rating>
<ratings_count>1095</ratings_count>
<publication_year>2010</publication_year>
<publication_month></publication_month>
<publication_day></publication_day>
<authors>
<author>
<id>374959</id>
<name>Julie Cohen</name>
<link><![CDATA[https://www.goodreads.com/author/show/374959.Julie_Cohen]]></link>
</author>
</authors>
</book>

          <book>
<id>8421221</id>
<title>Welcome to My World </title>
<title_without_series>Welcome to My World</title_without_series>
<link><![CDATA[https://www.goodreads.com/book/show/8421221-welcome-to-my-world]]></link>
<small_image_url><![CDATA[https://images.gr-assets.com/books/1354731241s/8421221.jpg]]></small_image_url>
<image_url><![CDATA[https://images.gr-assets.com/books/1354731241m/8421221.jpg]]></image_url>
<num_pages>406</num_pages>
<work>
<id>13284109</id>
</work>
<isbn>1847561667</isbn>
<isbn13>9781847561664</isbn13>
<average_rating>3.74</average_rating>
<ratings_count>1810</ratings_count>
<publication_year></publication_year>
<publication_month></publication_month>
<publication_day></publication_day>
<authors>
<author>
<id>2998054</id>
<name>Miranda Dickinson</name>
<link><![CDATA[https://www.goodreads.com/author/show/2998054.Miranda_Dickinson]]></link>
</author>
</authors>
</book>

          <book>
<id>10231797</id>
<title>Breakfast at Darcy&apos;s</title>
<title_without_series>Breakfast at Darcy&apos;s</title_without_series>
<link><![CDATA[https://www.goodreads.com/book/show/10231797-breakfast-at-darcy-s]]></link>
<small_image_url><![CDATA[https://s.gr-assets.com/assets/nophoto/book/50x75-a91bf249278a81aabab721ef782c4a74.png]]></small_image_url>
<image_url><![CDATA[https://s.gr-assets.com/assets/nophoto/book/111x148-bcc042a9c91a29c1d680899eff700a03.png]]></image_url>
<num_pages>427</num_pages>
<work>
<id>15131686</id>
</work>
<isbn>0751547409</isbn>
<isbn13>9780751547405</isbn13>
<average_rating>3.85</average_rating>
<ratings_count>3808</ratings_count>
<publication_year>2011</publication_year>
<publication_month>11</publication_month>
<publication_day>24</publication_day>
<authors>
<author>
<id>3329355</id>
<name>Ali McNamara</name>
<link><![CDATA[https://www.goodreads.com/author/show/3329355.Ali_McNamara]]></link>
</author>
</authors>
</book>

          <book>
<id>10244911</id>
<title><![CDATA[The Beach Café (The Beach Café, #1)]]></title>
<title_without_series>The Beach Café</title_without_series>
<link><![CDATA[https://www.goodreads.com/book/show/10244911-the-beach-caf]]></link>
<small_image_url><![CDATA[https://images.gr-assets.com/books/1328372180s/10244911.jpg]]></small_image_url>
<image_url><![CDATA[https://images.gr-assets.com/books/1328372180m/10244911.jpg]]></image_url>
<num_pages>490</num_pages>
<work>
<id>15144995</id>
</work>
<isbn>0330520539</isbn>
<isbn13>9780330520539</isbn13>
<average_rating>3.98</average_rating>
<ratings_count>6805</ratings_count>
<publication_year>2011</publication_year>
<publication_month>6</publication_month>
<publication_day></publication_day>
<authors>
<author>
<id>72580</id>
<name>Lucy Diamond</name>
<link><![CDATA[https://www.goodreads.com/author/show/72580.Lucy_Diamond]]></link>
</author>
</authors>
</book>

          <book>
<id>12385108</id>
<title>One Minute to Midnight </title>
<title_without_series>One Minute to Midnight</title_without_series>
<link><![CDATA[https://www.goodreads.com/book/show/12385108-one-minute-to-midnight]]></link>
<small_image_url><![CDATA[https://images.gr-assets.com/books/1320157810s/12385108.jpg]]></small_image_url>
<image_url><![CDATA[https://images.gr-assets.com/books/1320157810m/12385108.jpg]]></image_url>
<num_pages>407</num_pages>
<work>
<id>17365931</id>
</work>
<isbn>0099564637</isbn>
<isbn13>9780099564638</isbn13>
<average_rating>3.90</average_rating>
<ratings_count>815</ratings_count>
<publication_year>2011</publication_year>
<publication_month>11</publication_month>
<publication_day>24</publication_day>
<authors>
<author>
<id>260373</id>
<name>Amy Silver</name>
<link><![CDATA[https://www.goodreads.com/author/show/260373.Amy_Silver]]></link>
</author>
</authors>
</book>

          <book>
<id>10258746</id>
<title>Here Come the Girls</title>
<title_without_series>Here Come the Girls</title_without_series>
<link><![CDATA[https://www.goodreads.com/book/show/10258746-here-come-the-girls]]></link>
<small_image_url><![CDATA[https://s.gr-assets.com/assets/nophoto/book/50x75-a91bf249278a81aabab721ef782c4a74.png]]></small_image_url>
<image_url><![CDATA[https://s.gr-assets.com/assets/nophoto/book/111x148-bcc042a9c91a29c1d680899eff700a03.png]]></image_url>
<num_pages>493</num_pages>
<work>
<id>15159043</id>
</work>
<isbn>1849832056</isbn>
<isbn13>9781849832052</isbn13>
<average_rating>4.15</average_rating>
<ratings_count>2660</ratings_count>
<publication_year>2011</publication_year>
<publication_month>4</publication_month>
<publication_day>28</publication_day>
<authors>
<author>
<id>461497</id>
<name>Milly Johnson</name>
<link><![CDATA[https://www.goodreads.com/author/show/461497.Milly_Johnson]]></link>
</author>
</authors>
</book>

          <book>
<id>1467832</id>
<title>The Love Academy</title>
<title_without_series>The Love Academy</title_without_series>
<link><![CDATA[https://www.goodreads.com/book/show/1467832.The_Love_Academy]]></link>
<small_image_url><![CDATA[https://s.gr-assets.com/assets/nophoto/book/50x75-a91bf249278a81aabab721ef782c4a74.png]]></small_image_url>
<image_url><![CDATA[https://s.gr-assets.com/assets/nophoto/book/111x148-bcc042a9c91a29c1d680899eff700a03.png]]></image_url>
<num_pages>386</num_pages>
<work>
<id>1458754</id>
</work>
<isbn>0099489880</isbn>
<isbn13>9780099489887</isbn13>
<average_rating>3.63</average_rating>
<ratings_count>833</ratings_count>
<publication_year>2007</publication_year>
<publication_month>7</publication_month>
<publication_day>19</publication_day>
<authors>
<author>
<id>42220</id>
<name>Belinda Jones</name>
<link><![CDATA[https://www.goodreads.com/author/show/42220.Belinda_Jones]]></link>
</author>
</authors>
</book>

          <book>
<id>10134852</id>
<title><![CDATA[Meet Me at the Cupcake Café (At the Cupcake Café, #1)]]></title>
<title_without_series>Meet Me at the Cupcake Café</title_without_series>
<link><![CDATA[https://www.goodreads.com/book/show/10134852-meet-me-at-the-cupcake-caf]]></link>
<small_image_url><![CDATA[https://images.gr-assets.com/books/1295394430s/10134852.jpg]]></small_image_url>
<image_url><![CDATA[https://images.gr-assets.com/books/1295394430m/10134852.jpg]]></image_url>
<num_pages>456</num_pages>
<work>
<id>15032787</id>
</work>
<isbn>0751544493</isbn>
<isbn13>9780751544497</isbn13>
<average_rating>3.87</average_rating>
<ratings_count>9852</ratings_count>
<publication_year>2011</publication_year>
<publication_month>4</publication_month>
<publication_day>14</publication_day>
<authors>
<author>
<id>39272</id>
<name>Jenny Colgan</name>
<link><![CDATA[https://www.goodreads.com/author/show/39272.Jenny_Colgan]]></link>
</author>
</authors>
</book>

          <book>
<id>15717655</id>
<title>Yours Truly</title>
<title_without_series>Yours Truly</title_without_series>
<link><![CDATA[https://www.goodreads.com/book/show/15717655-yours-truly]]></link>
<small_image_url><![CDATA[https://images.gr-assets.com/books/1341048964s/15717655.jpg]]></small_image_url>
<image_url><![CDATA[https://images.gr-assets.com/books/1341048964m/15717655.jpg]]></image_url>
<num_pages>318</num_pages>
<work>
<id>21388597</id>
</work>
<isbn></isbn>
<isbn13></isbn13>
<average_rating>3.80</average_rating>
<ratings_count>2431</ratings_count>
<publication_year>2012</publication_year>
<publication_month>7</publication_month>
<publication_day>4</publication_day>
<authors>
<author>
<id>6428040</id>
<name>Kirsty Greenwood</name>
<link><![CDATA[https://www.goodreads.com/author/show/6428040.Kirsty_Greenwood]]></link>
</author>
</authors>
</book>

  </similar_books>
</book>

</GoodreadsResponse>