<?xml version="1.0" encoding="UTF-8"?>
<GoodreadsResponse>
  <Request>
    <authentication>true</authentication>
      <key><![CDATA[all_men_must_serve]]></key>
    <method><![CDATA[book_show]]></method>
  </Request>
  <book>
  <id>1005</id>
  <title><![CDATA[Think and Grow Rich: The Landmark Bestseller - Now Revised and Updated for the 21st Century]]></title>
  <isbn><![CDATA[1585424331]]></isbn>
  <isbn13><![CDATA[9781585424337]]></isbn13>
  <asin><![CDATA[]]></asin>
  <kindle_asin><![CDATA[B072175ZXB]]></kindle_asin>
  <marketplace_id><![CDATA[A1F83G8C2ARO7P]]></marketplace_id>
  <country_code><![CDATA[GB]]></country_code>
  <image_url>https://s.gr-assets.com/assets/nophoto/book/111x148-bcc042a9c91a29c1d680899eff700a03.png</image_url>
  <small_image_url>https://s.gr-assets.com/assets/nophoto/book/50x75-a91bf249278a81aabab721ef782c4a74.png</small_image_url>
  <publication_year></publication_year>
  <publication_month></publication_month>
  <publication_day></publication_day>
  <publisher></publisher>
  <language_code>eng</language_code>
  <is_ebook>false</is_ebook>
  <description><![CDATA[<b>Think and Grow Rich</b> has been called the "Granddaddy of All Motivational Literature." It was the first book to boldly ask, "What makes a winner?" The man who asked and listened for the answer, Napoleon Hill, is now counted in the top ranks of the world's winners himself.The most famous of all teachers of success spent "a fortune and the better part of a lifetime of effort" to produce the "Law of Success" philosophy that forms the basis of his books and that is so powerfully summarized in this one.<br /><br />In the original <b>Think and Grow Rich</b>, published in 1937, Hill draws on stories of Andrew Carnegie, Thomas Edison, Henry Ford, and other millionaires of his generation to illustrate his principles. In the updated version, Arthur R. Pell, Ph.D., a nationally known author, lecturer, and consultant in human resources management and an expert in applying Hill's thought, deftly interweaves anecdotes of how contemporary millionaires and billionaires, such as Bill Gates, Mary Kay Ash, Dave Thomas, and Sir John Templeton, achieved their wealth. Outmoded or arcane terminology and examples are faithfully refreshed to preclude any stumbling blocks to a new generation of readers.]]></description>
  <work>
  <id type="integer">1199320</id>
  <books_count type="integer">710</books_count>
  <best_book_id type="integer">30186948</best_book_id>
  <reviews_count type="integer">243698</reviews_count>
  <ratings_sum type="integer">490352</ratings_sum>
  <ratings_count type="integer">117620</ratings_count>
  <text_reviews_count type="integer">3274</text_reviews_count>
  <original_publication_year type="integer">1937</original_publication_year>
  <original_publication_month type="integer" nil="true"/>
  <original_publication_day type="integer" nil="true"/>
  <original_title>Think and Grow Rich</original_title>
  <original_language_id type="integer" nil="true"/>
  <media_type>book</media_type>
  <rating_dist>5:57558|4:33384|3:18437|2:5474|1:2767|total:117620</rating_dist>
  <desc_user_id type="integer">36201942</desc_user_id>
  <default_chaptering_book_id type="integer" nil="true"/>
  <default_description_language_code nil="true"/>
</work>
  <average_rating>4.17</average_rating>
  <num_pages><![CDATA[]]></num_pages>
  <format><![CDATA[]]></format>
  <edition_information><![CDATA[]]></edition_information>
  <ratings_count><![CDATA[87458]]></ratings_count>
  <text_reviews_count><![CDATA[2186]]></text_reviews_count>
  <url><![CDATA[https://www.goodreads.com/book/show/1005.Think_and_Grow_Rich]]></url>
  <link><![CDATA[https://www.goodreads.com/book/show/1005.Think_and_Grow_Rich]]></link>
  <authors>
<author>
<id>399</id>
<name>Napoleon Hill</name>
<role></role>
<image_url nophoto='false'>
<![CDATA[https://images.gr-assets.com/authors/1265381018p5/399.jpg]]>
</image_url>
<small_image_url nophoto='false'>
<![CDATA[https://images.gr-assets.com/authors/1265381018p2/399.jpg]]>
</small_image_url>
<link><![CDATA[https://www.goodreads.com/author/show/399.Napoleon_Hill]]></link>
<average_rating>4.20</average_rating>
<ratings_count>142172</ratings_count>
<text_reviews_count>4421</text_reviews_count>
</author>
</authors>

    <reviews_widget>
      <![CDATA[
        <style>
  #goodreads-widget {
    font-family: georgia, serif;
    padding: 18px 0;
    width:565px;
  }
  #goodreads-widget h1 {
    font-weight:normal;
    font-size: 16px;
    border-bottom: 1px solid #BBB596;
    margin-bottom: 0;
  }
  #goodreads-widget a {
    text-decoration: none;
    color:#660;
  }
  iframe{
    background-color: #fff;
  }
  #goodreads-widget a:hover { text-decoration: underline; }
  #goodreads-widget a:active {
    color:#660;
  }
  #gr_footer {
    width: 100%;
    border-top: 1px solid #BBB596;
    text-align: right;
  }
  #goodreads-widget .gr_branding{
    color: #382110;
    font-size: 11px;
    text-decoration: none;
    font-family: "Helvetica Neue", Helvetica, Arial, sans-serif;
  }
</style>
<div id="goodreads-widget">
  <div id="gr_header"><h1><a rel="nofollow" href="https://www.goodreads.com/book/show/1005.Think_and_Grow_Rich">Think and Grow Rich Reviews</a></h1></div>
  <iframe id="the_iframe" src="https://www.goodreads.com/api/reviews_widget_iframe?did=DEVELOPER_ID&amp;format=html&amp;isbn=1585424331&amp;links=660&amp;min_rating=&amp;review_back=fff&amp;stars=000&amp;text=000" width="565" height="400" frameborder="0"></iframe>
  <div id="gr_footer">
    <a class="gr_branding" target="_blank" rel="nofollow" href="https://www.goodreads.com/book/show/1005.Think_and_Grow_Rich?utm_medium=api&amp;utm_source=reviews_widget">Reviews from Goodreads.com</a>
  </div>
</div>

      ]]>
    </reviews_widget>
  <popular_shelves>
      <shelf name="to-read" count="816"/>
      <shelf name="personal-development" count="376"/>
      <shelf name="finance" count="279"/>
      <shelf name="currently-reading" count="234"/>
      <shelf name="nonfiction" count="153"/>
      <shelf name="self-development" count="147"/>
      <shelf name="self-help" count="101"/>
      <shelf name="success" count="101"/>
      <shelf name="business" count="99"/>
      <shelf name="favorites" count="82"/>
      <shelf name="personal-growth" count="82"/>
      <shelf name="books-i-own" count="81"/>
      <shelf name="personal-finance" count="77"/>
      <shelf name="motivational" count="75"/>
      <shelf name="classics" count="70"/>
      <shelf name="to-buy" count="69"/>
      <shelf name="business-books" count="67"/>
      <shelf name="entrepreneurship" count="66"/>
      <shelf name="leadership" count="66"/>
      <shelf name="default" count="64"/>
      <shelf name="inspirational" count="61"/>
      <shelf name="financial" count="59"/>
      <shelf name="audiobook" count="53"/>
      <shelf name="non-fiction" count="49"/>
      <shelf name="self-improvement" count="48"/>
      <shelf name="productivity" count="47"/>
      <shelf name="my-books" count="44"/>
      <shelf name="investing" count="43"/>
      <shelf name="motivation" count="42"/>
      <shelf name="owned-books" count="41"/>
      <shelf name="audiobooks" count="40"/>
      <shelf name="wealth" count="39"/>
      <shelf name="my-library" count="38"/>
      <shelf name="must-read" count="37"/>
      <shelf name="self" count="34"/>
      <shelf name="audible" count="33"/>
      <shelf name="economics" count="31"/>
      <shelf name="life" count="30"/>
      <shelf name="inspiration" count="28"/>
      <shelf name="entrepreneur" count="27"/>
      <shelf name="think-and-grow-rich" count="25"/>
      <shelf name="to-read-business" count="25"/>
      <shelf name="business-finance" count="25"/>
      <shelf name="recommended" count="24"/>
      <shelf name="unfinished" count="24"/>
      <shelf name="1" count="23"/>
      <shelf name="development" count="23"/>
      <shelf name="investment" count="23"/>
      <shelf name="career" count="22"/>
      <shelf name="money" count="21"/>
      <shelf name="on-hold" count="20"/>
      <shelf name="ebooks" count="20"/>
      <shelf name="management" count="20"/>
      <shelf name="abandoned" count="20"/>
      <shelf name="lifestyle" count="19"/>
      <shelf name="to-read-non-fiction" count="19"/>
      <shelf name="favorite" count="18"/>
      <shelf name="improvement" count="18"/>
      <shelf name="biz" count="17"/>
      <shelf name="purchased" count="17"/>
      <shelf name="wish-list" count="17"/>
      <shelf name="personal" count="17"/>
      <shelf name="educational" count="16"/>
      <shelf name="english" count="16"/>
      <shelf name="law-of-attraction" count="16"/>
      <shelf name="didn-t-finish" count="16"/>
      <shelf name="to-re-read" count="16"/>
      <shelf name="favourites" count="16"/>
      <shelf name="self-help-books" count="15"/>
      <shelf name="mindset" count="15"/>
      <shelf name="spirituality" count="15"/>
      <shelf name="owned" count="14"/>
      <shelf name="spiritual" count="14"/>
      <shelf name="audio-books" count="13"/>
      <shelf name="work" count="13"/>
      <shelf name="read-again" count="13"/>
      <shelf name="personal-library" count="13"/>
      <shelf name="maybe" count="13"/>
      <shelf name="business-self-help" count="13"/>
      <shelf name="reread" count="12"/>
      <shelf name="other" count="12"/>
      <shelf name="marketing" count="12"/>
      <shelf name="selfhelp" count="12"/>
      <shelf name="to-read-again" count="11"/>
      <shelf name="business-books-to-read" count="11"/>
      <shelf name="completed" count="11"/>
      <shelf name="professional-development" count="11"/>
      <shelf name="did-not-finish" count="11"/>
      <shelf name="education" count="11"/>
      <shelf name="read-in-2017" count="10"/>
      <shelf name="bought" count="10"/>
      <shelf name="next" count="10"/>
      <shelf name="pd" count="10"/>
      <shelf name="gave-up-on" count="10"/>
      <shelf name="to-reread" count="10"/>
      <shelf name="business-to-read" count="10"/>
      <shelf name="knowledge" count="10"/>
      <shelf name="to-read-nonfiction" count="10"/>
      <shelf name="i-own" count="10"/>
      <shelf name="never-finished" count="10"/>
  </popular_shelves>
  <book_links>
    <book_link>
  <id>8</id>
  <name>Libraries</name>
  <link>https://www.goodreads.com/book_link/follow/8</link>
</book_link>

  </book_links>
  <buy_links>
    <buy_link>
<id>1</id>
<name>Amazon</name>
<link>https://www.goodreads.com/book_link/follow/1</link>
</buy_link>
<buy_link>
<id>10</id>
<name>Audible</name>
<link>https://www.goodreads.com/book_link/follow/10</link>
</buy_link>
<buy_link>
<id>3</id>
<name>Barnes &amp; Noble</name>
<link>https://www.goodreads.com/book_link/follow/3</link>
</buy_link>
<buy_link>
<id>1027</id>
<name>Kobo</name>
<link>https://www.goodreads.com/book_link/follow/1027</link>
</buy_link>
<buy_link>
<id>2102</id>
<name>Apple iBooks</name>
<link>https://www.goodreads.com/book_link/follow/2102</link>
</buy_link>
<buy_link>
<id>8036</id>
<name>Google Play</name>
<link>https://www.goodreads.com/book_link/follow/8036</link>
</buy_link>
<buy_link>
<id>4</id>
<name>Abebooks</name>
<link>https://www.goodreads.com/book_link/follow/4</link>
</buy_link>
<buy_link>
<id>882</id>
<name>Book Depository</name>
<link>https://www.goodreads.com/book_link/follow/882</link>
</buy_link>
<buy_link>
<id>9</id>
<name>Indigo</name>
<link>https://www.goodreads.com/book_link/follow/9</link>
</buy_link>
<buy_link>
<id>2</id>
<name>Half.com</name>
<link>https://www.goodreads.com/book_link/follow/2</link>
</buy_link>
<buy_link>
<id>5</id>
<name>Alibris</name>
<link>https://www.goodreads.com/book_link/follow/5</link>
</buy_link>
<buy_link>
<id>107</id>
<name>Better World Books</name>
<link>https://www.goodreads.com/book_link/follow/107</link>
</buy_link>
<buy_link>
<id>7</id>
<name>IndieBound</name>
<link>https://www.goodreads.com/book_link/follow/7</link>
</buy_link>

  </buy_links>
  <series_works>
    
  </series_works>
  <similar_books>
          <book>
<id>342504</id>
<title>The Science of Getting Rich</title>
<title_without_series>The Science of Getting Rich</title_without_series>
<link><![CDATA[https://www.goodreads.com/book/show/342504.The_Science_of_Getting_Rich]]></link>
<small_image_url><![CDATA[https://s.gr-assets.com/assets/nophoto/book/50x75-a91bf249278a81aabab721ef782c4a74.png]]></small_image_url>
<image_url><![CDATA[https://s.gr-assets.com/assets/nophoto/book/111x148-bcc042a9c91a29c1d680899eff700a03.png]]></image_url>
<num_pages></num_pages>
<work>
<id>332860</id>
</work>
<isbn>1585426016</isbn>
<isbn13>9781585426010</isbn13>
<average_rating>4.18</average_rating>
<ratings_count>20770</ratings_count>
<publication_year></publication_year>
<publication_month></publication_month>
<publication_day></publication_day>
<authors>
<author>
<id>65913</id>
<name>Wallace D. Wattles</name>
<link><![CDATA[https://www.goodreads.com/author/show/65913.Wallace_D_Wattles]]></link>
</author>
</authors>
</book>

          <book>
<id>49232</id>
<title>Acres of Diamonds</title>
<title_without_series>Acres of Diamonds</title_without_series>
<link><![CDATA[https://www.goodreads.com/book/show/49232.Acres_of_Diamonds]]></link>
<small_image_url><![CDATA[https://s.gr-assets.com/assets/nophoto/book/50x75-a91bf249278a81aabab721ef782c4a74.png]]></small_image_url>
<image_url><![CDATA[https://s.gr-assets.com/assets/nophoto/book/111x148-bcc042a9c91a29c1d680899eff700a03.png]]></image_url>
<num_pages></num_pages>
<work>
<id>48158</id>
</work>
<isbn>1600960766</isbn>
<isbn13>9781600960765</isbn13>
<average_rating>4.25</average_rating>
<ratings_count>5300</ratings_count>
<publication_year></publication_year>
<publication_month></publication_month>
<publication_day></publication_day>
<authors>
<author>
<id>234355</id>
<name>Russell H. Conwell</name>
<link><![CDATA[https://www.goodreads.com/author/show/234355.Russell_H_Conwell]]></link>
</author>
</authors>
</book>

          <book>
<id>1052</id>
<title>The Richest Man in Babylon</title>
<title_without_series>The Richest Man in Babylon</title_without_series>
<link><![CDATA[https://www.goodreads.com/book/show/1052.The_Richest_Man_in_Babylon]]></link>
<small_image_url><![CDATA[https://images.gr-assets.com/books/1348336780s/1052.jpg]]></small_image_url>
<image_url><![CDATA[https://images.gr-assets.com/books/1348336780m/1052.jpg]]></image_url>
<num_pages>194</num_pages>
<work>
<id>5265</id>
</work>
<isbn>0451205367</isbn>
<isbn13>9780451205360</isbn13>
<average_rating>4.23</average_rating>
<ratings_count>55774</ratings_count>
<publication_year></publication_year>
<publication_month></publication_month>
<publication_day></publication_day>
<authors>
<author>
<id>688</id>
<name>George S. Clason</name>
<link><![CDATA[https://www.goodreads.com/author/show/688.George_S_Clason]]></link>
</author>
</authors>
</book>

          <book>
<id>968009</id>
<title>The Magic of Believing</title>
<title_without_series>The Magic of Believing</title_without_series>
<link><![CDATA[https://www.goodreads.com/book/show/968009.The_Magic_of_Believing]]></link>
<small_image_url><![CDATA[https://images.gr-assets.com/books/1348068980s/968009.jpg]]></small_image_url>
<image_url><![CDATA[https://images.gr-assets.com/books/1348068980m/968009.jpg]]></image_url>
<num_pages>192</num_pages>
<work>
<id>952906</id>
</work>
<isbn>0671745212</isbn>
<isbn13>9780671745219</isbn13>
<average_rating>4.23</average_rating>
<ratings_count>3037</ratings_count>
<publication_year>1991</publication_year>
<publication_month>5</publication_month>
<publication_day>1</publication_day>
<authors>
<author>
<id>439514</id>
<name>Claude M. Bristol</name>
<link><![CDATA[https://www.goodreads.com/author/show/439514.Claude_M_Bristol]]></link>
</author>
</authors>
</book>

          <book>
<id>356896</id>
<title><![CDATA[The Greatest Salesman in the World]]></title>
<title_without_series><![CDATA[The Greatest Salesman in the World]]></title_without_series>
<link><![CDATA[https://www.goodreads.com/book/show/356896.The_Greatest_Salesman_in_the_World]]></link>
<small_image_url><![CDATA[https://images.gr-assets.com/books/1403192719s/356896.jpg]]></small_image_url>
<image_url><![CDATA[https://images.gr-assets.com/books/1403192719m/356896.jpg]]></image_url>
<num_pages>128</num_pages>
<work>
<id>347061</id>
</work>
<isbn>055327757X</isbn>
<isbn13>9780553277579</isbn13>
<average_rating>4.19</average_rating>
<ratings_count>37724</ratings_count>
<publication_year>1983</publication_year>
<publication_month>1</publication_month>
<publication_day>1</publication_day>
<authors>
<author>
<id>19753</id>
<name>Og Mandino</name>
<link><![CDATA[https://www.goodreads.com/author/show/19753.Og_Mandino]]></link>
</author>
</authors>
</book>

          <book>
<id>161415</id>
<title>See You at the Top</title>
<title_without_series>See You at the Top</title_without_series>
<link><![CDATA[https://www.goodreads.com/book/show/161415.See_You_at_the_Top]]></link>
<small_image_url><![CDATA[https://s.gr-assets.com/assets/nophoto/book/50x75-a91bf249278a81aabab721ef782c4a74.png]]></small_image_url>
<image_url><![CDATA[https://s.gr-assets.com/assets/nophoto/book/111x148-bcc042a9c91a29c1d680899eff700a03.png]]></image_url>
<num_pages>384</num_pages>
<work>
<id>155787</id>
</work>
<isbn>1565547063</isbn>
<isbn13>9781565547063</isbn13>
<average_rating>4.25</average_rating>
<ratings_count>9320</ratings_count>
<publication_year>2000</publication_year>
<publication_month>6</publication_month>
<publication_day>26</publication_day>
<authors>
<author>
<id>50316</id>
<name>Zig Ziglar</name>
<link><![CDATA[https://www.goodreads.com/author/show/50316.Zig_Ziglar]]></link>
</author>
</authors>
</book>

          <book>
<id>42771</id>
<title><![CDATA[Rich Dad's Prophecy: Why the Biggest Stock Market Crash in History Is Still Coming...and How You Can Prepare Yourself and Profit from It!]]></title>
<title_without_series><![CDATA[Rich Dad's Prophecy: Why the Biggest Stock Market Crash in History Is Still Coming...and How You Can Prepare Yourself and Profit from It!]]></title_without_series>
<link><![CDATA[https://www.goodreads.com/book/show/42771.Rich_Dad_s_Prophecy]]></link>
<small_image_url><![CDATA[https://s.gr-assets.com/assets/nophoto/book/50x75-a91bf249278a81aabab721ef782c4a74.png]]></small_image_url>
<image_url><![CDATA[https://s.gr-assets.com/assets/nophoto/book/111x148-bcc042a9c91a29c1d680899eff700a03.png]]></image_url>
<num_pages>286</num_pages>
<work>
<id>42236</id>
</work>
<isbn>0446690341</isbn>
<isbn13>9780446690348</isbn13>
<average_rating>3.95</average_rating>
<ratings_count>2194</ratings_count>
<publication_year>2004</publication_year>
<publication_month>1</publication_month>
<publication_day>1</publication_day>
<authors>
<author>
<id>600</id>
<name>Robert T. Kiyosaki</name>
<link><![CDATA[https://www.goodreads.com/author/show/600.Robert_T_Kiyosaki]]></link>
</author>
</authors>
</book>

          <book>
<id>785092</id>
<title><![CDATA[Secrets of the Millionaire Mind: Mastering the Inner Game of Wealth]]></title>
<title_without_series><![CDATA[Secrets of the Millionaire Mind: Mastering the Inner Game of Wealth]]></title_without_series>
<link><![CDATA[https://www.goodreads.com/book/show/785092.Secrets_of_the_Millionaire_Mind]]></link>
<small_image_url><![CDATA[https://s.gr-assets.com/assets/nophoto/book/50x75-a91bf249278a81aabab721ef782c4a74.png]]></small_image_url>
<image_url><![CDATA[https://s.gr-assets.com/assets/nophoto/book/111x148-bcc042a9c91a29c1d680899eff700a03.png]]></image_url>
<num_pages>212</num_pages>
<work>
<id>771090</id>
</work>
<isbn>0060763280</isbn>
<isbn13>9780060763282</isbn13>
<average_rating>4.14</average_rating>
<ratings_count>27013</ratings_count>
<publication_year>2005</publication_year>
<publication_month>2</publication_month>
<publication_day>15</publication_day>
<authors>
<author>
<id>8656</id>
<name>T. Harv Eker</name>
<link><![CDATA[https://www.goodreads.com/author/show/8656.T_Harv_Eker]]></link>
</author>
</authors>
</book>

          <book>
<id>126983</id>
<title><![CDATA[Book Yourself Solid: The Fastest, Easiest, and Most Reliable System for Getting More Clients Than You Can Handle Even If You Hate Marketing and Selling]]></title>
<title_without_series><![CDATA[Book Yourself Solid: The Fastest, Easiest, and Most Reliable System for Getting More Clients Than You Can Handle Even If You Hate Marketing and Selling]]></title_without_series>
<link><![CDATA[https://www.goodreads.com/book/show/126983.Book_Yourself_Solid]]></link>
<small_image_url><![CDATA[https://s.gr-assets.com/assets/nophoto/book/50x75-a91bf249278a81aabab721ef782c4a74.png]]></small_image_url>
<image_url><![CDATA[https://s.gr-assets.com/assets/nophoto/book/111x148-bcc042a9c91a29c1d680899eff700a03.png]]></image_url>
<num_pages>258</num_pages>
<work>
<id>122289</id>
</work>
<isbn>0471783935</isbn>
<isbn13>9780471783930</isbn13>
<average_rating>3.96</average_rating>
<ratings_count>4424</ratings_count>
<publication_year>2006</publication_year>
<publication_month>4</publication_month>
<publication_day>1</publication_day>
<authors>
<author>
<id>73002</id>
<name>Michael Port</name>
<link><![CDATA[https://www.goodreads.com/author/show/73002.Michael_Port]]></link>
</author>
</authors>
</book>

          <book>
<id>8676</id>
<title><![CDATA[Unlimited Power : The New Science Of Personal Achievement]]></title>
<title_without_series><![CDATA[Unlimited Power : The New Science Of Personal Achievement]]></title_without_series>
<link><![CDATA[https://www.goodreads.com/book/show/8676.Unlimited_Power_]]></link>
<small_image_url><![CDATA[https://images.gr-assets.com/books/1419212761s/8676.jpg]]></small_image_url>
<image_url><![CDATA[https://images.gr-assets.com/books/1419212761m/8676.jpg]]></image_url>
<num_pages></num_pages>
<work>
<id>165637</id>
</work>
<isbn>0684845776</isbn>
<isbn13>9780684845777</isbn13>
<average_rating>4.21</average_rating>
<ratings_count>19708</ratings_count>
<publication_year></publication_year>
<publication_month></publication_month>
<publication_day></publication_day>
<authors>
<author>
<id>5627</id>
<name>Anthony Robbins</name>
<link><![CDATA[https://www.goodreads.com/author/show/5627.Anthony_Robbins]]></link>
</author>
</authors>
</book>

          <book>
<id>155980</id>
<title><![CDATA[The New Psycho-Cybernetics: The Original Science of Self-Improvement and Success That Has Changed the Lives of 30 Million People]]></title>
<title_without_series><![CDATA[The New Psycho-Cybernetics: The Original Science of Self-Improvement and Success That Has Changed the Lives of 30 Million People]]></title_without_series>
<link><![CDATA[https://www.goodreads.com/book/show/155980.The_New_Psycho_Cybernetics]]></link>
<small_image_url><![CDATA[https://s.gr-assets.com/assets/nophoto/book/50x75-a91bf249278a81aabab721ef782c4a74.png]]></small_image_url>
<image_url><![CDATA[https://s.gr-assets.com/assets/nophoto/book/111x148-bcc042a9c91a29c1d680899eff700a03.png]]></image_url>
<num_pages>336</num_pages>
<work>
<id>150517</id>
</work>
<isbn>0735202850</isbn>
<isbn13>9780735202856</isbn13>
<average_rating>4.29</average_rating>
<ratings_count>1735</ratings_count>
<publication_year>2002</publication_year>
<publication_month>12</publication_month>
<publication_day>3</publication_day>
<authors>
<author>
<id>8119494</id>
<name>Dan S.   Kennedy</name>
<link><![CDATA[https://www.goodreads.com/author/show/8119494.Dan_S_Kennedy]]></link>
</author>
</authors>
</book>

          <book>
<id>82093</id>
<title><![CDATA[The Success System That Never Fails]]></title>
<title_without_series><![CDATA[The Success System That Never Fails]]></title_without_series>
<link><![CDATA[https://www.goodreads.com/book/show/82093.The_Success_System_That_Never_Fails]]></link>
<small_image_url><![CDATA[https://s.gr-assets.com/assets/nophoto/book/50x75-a91bf249278a81aabab721ef782c4a74.png]]></small_image_url>
<image_url><![CDATA[https://s.gr-assets.com/assets/nophoto/book/111x148-bcc042a9c91a29c1d680899eff700a03.png]]></image_url>
<num_pages>255</num_pages>
<work>
<id>79265</id>
</work>
<isbn>0937539813</isbn>
<isbn13>9780937539811</isbn13>
<average_rating>3.97</average_rating>
<ratings_count>429</ratings_count>
<publication_year>2004</publication_year>
<publication_month>12</publication_month>
<publication_day>1</publication_day>
<authors>
<author>
<id>46897</id>
<name>W. Clement Stone</name>
<link><![CDATA[https://www.goodreads.com/author/show/46897.W_Clement_Stone]]></link>
</author>
</authors>
</book>

          <book>
<id>109515</id>
<title><![CDATA[How I Raised Myself from Failure to Success in Selling]]></title>
<title_without_series><![CDATA[How I Raised Myself from Failure to Success in Selling]]></title_without_series>
<link><![CDATA[https://www.goodreads.com/book/show/109515.How_I_Raised_Myself_from_Failure_to_Success_in_Selling]]></link>
<small_image_url><![CDATA[https://s.gr-assets.com/assets/nophoto/book/50x75-a91bf249278a81aabab721ef782c4a74.png]]></small_image_url>
<image_url><![CDATA[https://s.gr-assets.com/assets/nophoto/book/111x148-bcc042a9c91a29c1d680899eff700a03.png]]></image_url>
<num_pages></num_pages>
<work>
<id>105537</id>
</work>
<isbn>067179437X</isbn>
<isbn13>9780671794378</isbn13>
<average_rating>4.25</average_rating>
<ratings_count>9768</ratings_count>
<publication_year></publication_year>
<publication_month></publication_month>
<publication_day></publication_day>
<authors>
<author>
<id>63352</id>
<name>Frank Bettger</name>
<link><![CDATA[https://www.goodreads.com/author/show/63352.Frank_Bettger]]></link>
</author>
</authors>
</book>

          <book>
<id>590652</id>
<title><![CDATA[The Slight Edge: Secret to a Successful Life]]></title>
<title_without_series><![CDATA[The Slight Edge: Secret to a Successful Life]]></title_without_series>
<link><![CDATA[https://www.goodreads.com/book/show/590652.The_Slight_Edge]]></link>
<small_image_url><![CDATA[https://s.gr-assets.com/assets/nophoto/book/50x75-a91bf249278a81aabab721ef782c4a74.png]]></small_image_url>
<image_url><![CDATA[https://s.gr-assets.com/assets/nophoto/book/111x148-bcc042a9c91a29c1d680899eff700a03.png]]></image_url>
<num_pages>168</num_pages>
<work>
<id>577412</id>
</work>
<isbn>0967285550</isbn>
<isbn13>9780967285559</isbn13>
<average_rating>4.40</average_rating>
<ratings_count>9009</ratings_count>
<publication_year></publication_year>
<publication_month></publication_month>
<publication_day></publication_day>
<authors>
<author>
<id>321594</id>
<name>Jeff Olson</name>
<link><![CDATA[https://www.goodreads.com/author/show/321594.Jeff_Olson]]></link>
</author>
</authors>
</book>

          <book>
<id>96593</id>
<title><![CDATA[The Success Principles: How to Get from Where You Are to Where You Want to Be]]></title>
<title_without_series><![CDATA[The Success Principles: How to Get from Where You Are to Where You Want to Be]]></title_without_series>
<link><![CDATA[https://www.goodreads.com/book/show/96593.The_Success_Principles]]></link>
<small_image_url><![CDATA[https://s.gr-assets.com/assets/nophoto/book/50x75-a91bf249278a81aabab721ef782c4a74.png]]></small_image_url>
<image_url><![CDATA[https://s.gr-assets.com/assets/nophoto/book/111x148-bcc042a9c91a29c1d680899eff700a03.png]]></image_url>
<num_pages></num_pages>
<work>
<id>1084322</id>
</work>
<isbn>0060594896</isbn>
<isbn13>9780060594893</isbn13>
<average_rating>4.26</average_rating>
<ratings_count>20678</ratings_count>
<publication_year></publication_year>
<publication_month></publication_month>
<publication_day></publication_day>
<authors>
<author>
<id>35476</id>
<name>Jack Canfield</name>
<link><![CDATA[https://www.goodreads.com/author/show/35476.Jack_Canfield]]></link>
</author>
</authors>
</book>

          <book>
<id>957355</id>
<title>The Art of Exceptional Living</title>
<title_without_series>The Art of Exceptional Living</title_without_series>
<link><![CDATA[https://www.goodreads.com/book/show/957355.The_Art_of_Exceptional_Living]]></link>
<small_image_url><![CDATA[https://s.gr-assets.com/assets/nophoto/book/50x75-a91bf249278a81aabab721ef782c4a74.png]]></small_image_url>
<image_url><![CDATA[https://s.gr-assets.com/assets/nophoto/book/111x148-bcc042a9c91a29c1d680899eff700a03.png]]></image_url>
<num_pages>0</num_pages>
<work>
<id>942265</id>
</work>
<isbn>0743529065</isbn>
<isbn13>9780743529068</isbn13>
<average_rating>4.27</average_rating>
<ratings_count>1769</ratings_count>
<publication_year>2003</publication_year>
<publication_month>3</publication_month>
<publication_day>1</publication_day>
<authors>
<author>
<id>657773</id>
<name>Jim Rohn</name>
<link><![CDATA[https://www.goodreads.com/author/show/657773.Jim_Rohn]]></link>
</author>
</authors>
</book>

          <book>
<id>822185</id>
<title><![CDATA[Think and Grow Rich: A Black Choice]]></title>
<title_without_series><![CDATA[Think and Grow Rich: A Black Choice]]></title_without_series>
<link><![CDATA[https://www.goodreads.com/book/show/822185.Think_and_Grow_Rich]]></link>
<small_image_url><![CDATA[https://images.gr-assets.com/books/1320542246s/822185.jpg]]></small_image_url>
<image_url><![CDATA[https://images.gr-assets.com/books/1320542246m/822185.jpg]]></image_url>
<num_pages>363</num_pages>
<work>
<id>142602</id>
</work>
<isbn>0449219984</isbn>
<isbn13>9780449219980</isbn13>
<average_rating>4.45</average_rating>
<ratings_count>724</ratings_count>
<publication_year></publication_year>
<publication_month></publication_month>
<publication_day></publication_day>
<authors>
<author>
<id>8440</id>
<name>Dennis Kimbro</name>
<link><![CDATA[https://www.goodreads.com/author/show/8440.Dennis_Kimbro]]></link>
</author>
</authors>
</book>

          <book>
<id>89974</id>
<title><![CDATA[Focal Point: A Proven System to Simplify Your Life, Double Your Productivity, and Achieve All Your Goals]]></title>
<title_without_series><![CDATA[Focal Point: A Proven System to Simplify Your Life, Double Your Productivity, and Achieve All Your Goals]]></title_without_series>
<link><![CDATA[https://www.goodreads.com/book/show/89974.Focal_Point]]></link>
<small_image_url><![CDATA[https://s.gr-assets.com/assets/nophoto/book/50x75-a91bf249278a81aabab721ef782c4a74.png]]></small_image_url>
<image_url><![CDATA[https://s.gr-assets.com/assets/nophoto/book/111x148-bcc042a9c91a29c1d680899eff700a03.png]]></image_url>
<num_pages>222</num_pages>
<work>
<id>86838</id>
</work>
<isbn>0814472788</isbn>
<isbn13>9780814472781</isbn13>
<average_rating>4.01</average_rating>
<ratings_count>842</ratings_count>
<publication_year>2004</publication_year>
<publication_month>10</publication_month>
<publication_day>1</publication_day>
<authors>
<author>
<id>22033</id>
<name>Brian Tracy</name>
<link><![CDATA[https://www.goodreads.com/author/show/22033.Brian_Tracy]]></link>
</author>
</authors>
</book>

  </similar_books>
</book>

</GoodreadsResponse>