<?xml version="1.0" encoding="UTF-8"?>
<GoodreadsResponse>
  <Request>
    <authentication>true</authentication>
      <key><![CDATA[all_men_must_serve]]></key>
    <method><![CDATA[book_show]]></method>
  </Request>
  <book>
  <id>1009996</id>
  <title><![CDATA[Artisan Bread in Five Minutes a Day: The Discovery That Revolutionizes Home Baking]]></title>
  <isbn><![CDATA[0312362919]]></isbn>
  <isbn13><![CDATA[9780312362911]]></isbn13>
  <asin><![CDATA[]]></asin>
  <kindle_asin><![CDATA[]]></kindle_asin>
  <marketplace_id><![CDATA[]]></marketplace_id>
  <country_code><![CDATA[GB]]></country_code>
  <image_url>https://images.gr-assets.com/books/1317064461m/1009996.jpg</image_url>
  <small_image_url>https://images.gr-assets.com/books/1317064461s/1009996.jpg</small_image_url>
  <publication_year></publication_year>
  <publication_month></publication_month>
  <publication_day></publication_day>
  <publisher></publisher>
  <language_code>eng</language_code>
  <is_ebook>false</is_ebook>
  <description><![CDATA[Most of us dream about having the time to make fresh bread, to fill our kitchen with the irrestible aromas of a bakery every day. Now, with Jeff and Zoe's new bread-making method, you too can make your own loaves in only five minutes a day! No bread machine required, and no need for kneading - it's revolutionary!<br /><br />In this amazing new book, Jeff and Zoe prove that baking bread can be easier and quicker than a trip to the baker's. Their method is quick and simple, and produces perfect, scrumptious loaves every time. In exchange for a mere five minutes of your time, your warm, indulgent, crusty breads will rival those of the finest bakers in the world.<br /><br />With nearly 100 recipes that use this ingenious technique, <i>Five Minute Bread</i> is a revelation for anyone who thinks that home-made bread is too much work. Crusty baguettes, mouth-watering ciabattas, hearty sandwich loaves and even buttery pastries will become everyday treats with this innovative book.]]></description>
  <work>
  <id type="integer">996120</id>
  <books_count type="integer">4</books_count>
  <best_book_id type="integer">1009996</best_book_id>
  <reviews_count type="integer">38691</reviews_count>
  <ratings_sum type="integer">58219</ratings_sum>
  <ratings_count type="integer">14178</ratings_count>
  <text_reviews_count type="integer">581</text_reviews_count>
  <original_publication_year type="integer">2007</original_publication_year>
  <original_publication_month type="integer">11</original_publication_month>
  <original_publication_day type="integer">13</original_publication_day>
  <original_title></original_title>
  <original_language_id type="integer" nil="true"/>
  <media_type>book</media_type>
  <rating_dist>5:6349|4:4475|3:2289|2:642|1:423|total:14178</rating_dist>
  <desc_user_id type="integer">5516997</desc_user_id>
  <default_chaptering_book_id type="integer" nil="true"/>
  <default_description_language_code nil="true"/>
</work>
  <average_rating>4.11</average_rating>
  <num_pages><![CDATA[242]]></num_pages>
  <format><![CDATA[]]></format>
  <edition_information><![CDATA[]]></edition_information>
  <ratings_count><![CDATA[13989]]></ratings_count>
  <text_reviews_count><![CDATA[575]]></text_reviews_count>
  <url><![CDATA[https://www.goodreads.com/book/show/1009996.Artisan_Bread_in_Five_Minutes_a_Day]]></url>
  <link><![CDATA[https://www.goodreads.com/book/show/1009996.Artisan_Bread_in_Five_Minutes_a_Day]]></link>
  <authors>
<author>
<id>506633</id>
<name>Jeff Hertzberg</name>
<role></role>
<image_url nophoto='false'>
<![CDATA[https://images.gr-assets.com/authors/1410986185p5/506633.jpg]]>
</image_url>
<small_image_url nophoto='false'>
<![CDATA[https://images.gr-assets.com/authors/1410986185p2/506633.jpg]]>
</small_image_url>
<link><![CDATA[https://www.goodreads.com/author/show/506633.Jeff_Hertzberg]]></link>
<average_rating>4.12</average_rating>
<ratings_count>18006</ratings_count>
<text_reviews_count>820</text_reviews_count>
</author>
<author>
<id>3340535</id>
<name>Zoë François</name>
<role></role>
<image_url nophoto='false'>
<![CDATA[https://images.gr-assets.com/authors/1410986289p5/3340535.jpg]]>
</image_url>
<small_image_url nophoto='false'>
<![CDATA[https://images.gr-assets.com/authors/1410986289p2/3340535.jpg]]>
</small_image_url>
<link><![CDATA[https://www.goodreads.com/author/show/3340535.Zo_Fran_ois]]></link>
<average_rating>4.12</average_rating>
<ratings_count>18006</ratings_count>
<text_reviews_count>820</text_reviews_count>
</author>
<author>
<id>2892818</id>
<name>Mark Luinenburg</name>
<role>Photographer</role>
<image_url nophoto='true'>
<![CDATA[https://s.gr-assets.com/assets/nophoto/user/u_200x266-e183445fd1a1b5cc7075bb1cf7043306.png]]>
</image_url>
<small_image_url nophoto='true'>
<![CDATA[https://s.gr-assets.com/assets/nophoto/user/u_50x66-632230dc9882b4352d753eedf9396530.png]]>
</small_image_url>
<link><![CDATA[https://www.goodreads.com/author/show/2892818.Mark_Luinenburg]]></link>
<average_rating>4.10</average_rating>
<ratings_count>16967</ratings_count>
<text_reviews_count>725</text_reviews_count>
</author>
</authors>

    <reviews_widget>
      <![CDATA[
        <style>
  #goodreads-widget {
    font-family: georgia, serif;
    padding: 18px 0;
    width:565px;
  }
  #goodreads-widget h1 {
    font-weight:normal;
    font-size: 16px;
    border-bottom: 1px solid #BBB596;
    margin-bottom: 0;
  }
  #goodreads-widget a {
    text-decoration: none;
    color:#660;
  }
  iframe{
    background-color: #fff;
  }
  #goodreads-widget a:hover { text-decoration: underline; }
  #goodreads-widget a:active {
    color:#660;
  }
  #gr_footer {
    width: 100%;
    border-top: 1px solid #BBB596;
    text-align: right;
  }
  #goodreads-widget .gr_branding{
    color: #382110;
    font-size: 11px;
    text-decoration: none;
    font-family: "Helvetica Neue", Helvetica, Arial, sans-serif;
  }
</style>
<div id="goodreads-widget">
  <div id="gr_header"><h1><a rel="nofollow" href="https://www.goodreads.com/book/show/1009996.Artisan_Bread_in_Five_Minutes_a_Day">Artisan Bread in Five Minutes a Day Reviews</a></h1></div>
  <iframe id="the_iframe" src="https://www.goodreads.com/api/reviews_widget_iframe?did=DEVELOPER_ID&amp;format=html&amp;isbn=0312362919&amp;links=660&amp;min_rating=&amp;review_back=fff&amp;stars=000&amp;text=000" width="565" height="400" frameborder="0"></iframe>
  <div id="gr_footer">
    <a class="gr_branding" target="_blank" rel="nofollow" href="https://www.goodreads.com/book/show/1009996.Artisan_Bread_in_Five_Minutes_a_Day?utm_medium=api&amp;utm_source=reviews_widget">Reviews from Goodreads.com</a>
  </div>
</div>

      ]]>
    </reviews_widget>
  <popular_shelves>
      <shelf name="to-read" count="24197"/>
      <shelf name="cookbooks" count="493"/>
      <shelf name="cooking" count="228"/>
      <shelf name="currently-reading" count="185"/>
      <shelf name="food" count="157"/>
      <shelf name="non-fiction" count="110"/>
      <shelf name="cookbook" count="101"/>
      <shelf name="nonfiction" count="55"/>
      <shelf name="baking" count="37"/>
      <shelf name="cook-books" count="33"/>
      <shelf name="reference" count="29"/>
      <shelf name="bread" count="22"/>
      <shelf name="favorites" count="19"/>
      <shelf name="owned" count="18"/>
      <shelf name="cookery" count="14"/>
      <shelf name="cooking-baking" count="12"/>
      <shelf name="to-buy" count="11"/>
      <shelf name="food-and-cooking" count="9"/>
      <shelf name="recipes" count="9"/>
      <shelf name="default" count="8"/>
      <shelf name="books-i-own" count="8"/>
      <shelf name="foodie" count="8"/>
      <shelf name="library" count="8"/>
      <shelf name="my-cookbooks" count="7"/>
      <shelf name="food-and-drink" count="7"/>
      <shelf name="food-cooking" count="7"/>
      <shelf name="adult" count="7"/>
      <shelf name="ebook" count="6"/>
      <shelf name="cookbooks-i-own" count="5"/>
      <shelf name="food-drink" count="5"/>
      <shelf name="cooking-food" count="5"/>
      <shelf name="cooking-books" count="5"/>
      <shelf name="kitchen" count="5"/>
      <shelf name="wish-list" count="5"/>
      <shelf name="my-library" count="4"/>
      <shelf name="homesteading" count="4"/>
      <shelf name="non-fic" count="4"/>
      <shelf name="cook-book" count="4"/>
      <shelf name="diy" count="4"/>
      <shelf name="cookbooks-food" count="4"/>
      <shelf name="my-books" count="4"/>
      <shelf name="shelfari-wishlist" count="3"/>
      <shelf name="kindle" count="3"/>
      <shelf name="cookbooks-to-read" count="3"/>
      <shelf name="cocina" count="3"/>
      <shelf name="borrowed" count="3"/>
      <shelf name="read-nonfiction" count="3"/>
      <shelf name="in-the-kitchen" count="3"/>
      <shelf name="ebooks" count="3"/>
      <shelf name="food-health" count="3"/>
      <shelf name="own-it" count="3"/>
      <shelf name="cooking-and-food" count="3"/>
      <shelf name="culinary" count="3"/>
      <shelf name="homemaking" count="3"/>
      <shelf name="cook" count="3"/>
      <shelf name="cooking-and-baking" count="3"/>
      <shelf name="library-book" count="3"/>
      <shelf name="skimmed" count="3"/>
      <shelf name="i-own-it" count="3"/>
      <shelf name="finished" count="3"/>
      <shelf name="my-ebooks" count="2"/>
      <shelf name="paper" count="2"/>
      <shelf name="home-library" count="2"/>
      <shelf name="have" count="2"/>
      <shelf name="books-i-have" count="2"/>
      <shelf name="read-cookbooks" count="2"/>
      <shelf name="on-my-shelf" count="2"/>
      <shelf name="cookbooks-read" count="2"/>
      <shelf name="partially-read" count="2"/>
      <shelf name="cookin" count="2"/>
      <shelf name="need-to-buy" count="2"/>
      <shelf name="nf-cookbooks" count="2"/>
      <shelf name="cookbooks-and-food" count="2"/>
      <shelf name="scanned" count="2"/>
      <shelf name="general" count="2"/>
      <shelf name="to-read-cooking" count="2"/>
      <shelf name="food-cookbooks" count="2"/>
      <shelf name="want-to-read" count="2"/>
      <shelf name="my-favorites" count="2"/>
      <shelf name="baking-bread" count="2"/>
      <shelf name="my-shelf" count="2"/>
      <shelf name="read-in-2012" count="2"/>
      <shelf name="to-get" count="2"/>
      <shelf name="cooking-to-read" count="2"/>
      <shelf name="hardback" count="2"/>
      <shelf name="foodies" count="2"/>
      <shelf name="cookbook-baking" count="2"/>
      <shelf name="library-books" count="2"/>
      <shelf name="cookbooks-food-writing" count="2"/>
      <shelf name="food-wine" count="2"/>
      <shelf name="food-gardening" count="2"/>
      <shelf name="food-issues" count="2"/>
      <shelf name="gastronomy" count="2"/>
      <shelf name="read-in-2011" count="2"/>
      <shelf name="baking-desserts" count="2"/>
      <shelf name="bread-baking" count="2"/>
      <shelf name="cookbooks-nutrition" count="2"/>
      <shelf name="want" count="2"/>
      <shelf name="health" count="2"/>
      <shelf name="2010-reads" count="2"/>
  </popular_shelves>
  <book_links>
    <book_link>
  <id>8</id>
  <name>Libraries</name>
  <link>https://www.goodreads.com/book_link/follow/8</link>
</book_link>

  </book_links>
  <buy_links>
    <buy_link>
<id>1</id>
<name>Amazon</name>
<link>https://www.goodreads.com/book_link/follow/1</link>
</buy_link>
<buy_link>
<id>10</id>
<name>Audible</name>
<link>https://www.goodreads.com/book_link/follow/10</link>
</buy_link>
<buy_link>
<id>3</id>
<name>Barnes &amp; Noble</name>
<link>https://www.goodreads.com/book_link/follow/3</link>
</buy_link>
<buy_link>
<id>1027</id>
<name>Kobo</name>
<link>https://www.goodreads.com/book_link/follow/1027</link>
</buy_link>
<buy_link>
<id>2102</id>
<name>Apple iBooks</name>
<link>https://www.goodreads.com/book_link/follow/2102</link>
</buy_link>
<buy_link>
<id>8036</id>
<name>Google Play</name>
<link>https://www.goodreads.com/book_link/follow/8036</link>
</buy_link>
<buy_link>
<id>4</id>
<name>Abebooks</name>
<link>https://www.goodreads.com/book_link/follow/4</link>
</buy_link>
<buy_link>
<id>882</id>
<name>Book Depository</name>
<link>https://www.goodreads.com/book_link/follow/882</link>
</buy_link>
<buy_link>
<id>9</id>
<name>Indigo</name>
<link>https://www.goodreads.com/book_link/follow/9</link>
</buy_link>
<buy_link>
<id>2</id>
<name>Half.com</name>
<link>https://www.goodreads.com/book_link/follow/2</link>
</buy_link>
<buy_link>
<id>5</id>
<name>Alibris</name>
<link>https://www.goodreads.com/book_link/follow/5</link>
</buy_link>
<buy_link>
<id>107</id>
<name>Better World Books</name>
<link>https://www.goodreads.com/book_link/follow/107</link>
</buy_link>
<buy_link>
<id>7</id>
<name>IndieBound</name>
<link>https://www.goodreads.com/book_link/follow/7</link>
</buy_link>

  </buy_links>
  <series_works>
    
  </series_works>
  <similar_books>
          <book>
<id>6540114</id>
<title><![CDATA[My Bread: The Revolutionary No-Work, No-Knead Method]]></title>
<title_without_series><![CDATA[My Bread: The Revolutionary No-Work, No-Knead Method]]></title_without_series>
<link><![CDATA[https://www.goodreads.com/book/show/6540114-my-bread]]></link>
<small_image_url><![CDATA[https://s.gr-assets.com/assets/nophoto/book/50x75-a91bf249278a81aabab721ef782c4a74.png]]></small_image_url>
<image_url><![CDATA[https://s.gr-assets.com/assets/nophoto/book/111x148-bcc042a9c91a29c1d680899eff700a03.png]]></image_url>
<num_pages>224</num_pages>
<work>
<id>6732344</id>
</work>
<isbn>0393066304</isbn>
<isbn13>9780393066302</isbn13>
<average_rating>4.25</average_rating>
<ratings_count>1896</ratings_count>
<publication_year>2009</publication_year>
<publication_month>10</publication_month>
<publication_day>5</publication_day>
<authors>
<author>
<id>2958625</id>
<name>Jim Lahey</name>
<link><![CDATA[https://www.goodreads.com/author/show/2958625.Jim_Lahey]]></link>
</author>
</authors>
</book>

          <book>
<id>1009997</id>
<title><![CDATA[Peter Reinhart's Whole Grain Breads: New Techniques, Extraordinary Flavor]]></title>
<title_without_series><![CDATA[Peter Reinhart's Whole Grain Breads: New Techniques, Extraordinary Flavor]]></title_without_series>
<link><![CDATA[https://www.goodreads.com/book/show/1009997.Peter_Reinhart_s_Whole_Grain_Breads]]></link>
<small_image_url><![CDATA[https://images.gr-assets.com/books/1320538923s/1009997.jpg]]></small_image_url>
<image_url><![CDATA[https://images.gr-assets.com/books/1320538923m/1009997.jpg]]></image_url>
<num_pages>320</num_pages>
<work>
<id>996121</id>
</work>
<isbn>1580087590</isbn>
<isbn13>9781580087599</isbn13>
<average_rating>4.33</average_rating>
<ratings_count>797</ratings_count>
<publication_year>2007</publication_year>
<publication_month>9</publication_month>
<publication_day>1</publication_day>
<authors>
<author>
<id>4104</id>
<name>Peter Reinhart</name>
<link><![CDATA[https://www.goodreads.com/author/show/4104.Peter_Reinhart]]></link>
</author>
</authors>
</book>

          <book>
<id>153142</id>
<title>The Bread Bible </title>
<title_without_series>The Bread Bible</title_without_series>
<link><![CDATA[https://www.goodreads.com/book/show/153142.The_Bread_Bible]]></link>
<small_image_url><![CDATA[https://images.gr-assets.com/books/1367779343s/153142.jpg]]></small_image_url>
<image_url><![CDATA[https://images.gr-assets.com/books/1367779343m/153142.jpg]]></image_url>
<num_pages></num_pages>
<work>
<id>147824</id>
</work>
<isbn>0393057941</isbn>
<isbn13>9780393057942</isbn13>
<average_rating>4.20</average_rating>
<ratings_count>4840</ratings_count>
<publication_year></publication_year>
<publication_month></publication_month>
<publication_day></publication_day>
<authors>
<author>
<id>58572</id>
<name>Rose Levy Beranbaum</name>
<link><![CDATA[https://www.goodreads.com/author/show/58572.Rose_Levy_Beranbaum]]></link>
</author>
</authors>
</book>

          <book>
<id>6147075</id>
<title><![CDATA[Jam It, Pickle It, Cure It: And Other Cooking Projects]]></title>
<title_without_series><![CDATA[Jam It, Pickle It, Cure It: And Other Cooking Projects]]></title_without_series>
<link><![CDATA[https://www.goodreads.com/book/show/6147075-jam-it-pickle-it-cure-it]]></link>
<small_image_url><![CDATA[https://images.gr-assets.com/books/1320510285s/6147075.jpg]]></small_image_url>
<image_url><![CDATA[https://images.gr-assets.com/books/1320510285m/6147075.jpg]]></image_url>
<num_pages>160</num_pages>
<work>
<id>6326102</id>
</work>
<isbn>1580089585</isbn>
<isbn13>9781580089586</isbn13>
<average_rating>3.82</average_rating>
<ratings_count>760</ratings_count>
<publication_year>2009</publication_year>
<publication_month>4</publication_month>
<publication_day>28</publication_day>
<authors>
<author>
<id>288711</id>
<name>Karen Solomon</name>
<link><![CDATA[https://www.goodreads.com/author/show/288711.Karen_Solomon]]></link>
</author>
</authors>
</book>

          <book>
<id>141054</id>
<title><![CDATA[Local Flavors: Cooking and Eating from America's Farmers' Markets]]></title>
<title_without_series><![CDATA[Local Flavors: Cooking and Eating from America's Farmers' Markets]]></title_without_series>
<link><![CDATA[https://www.goodreads.com/book/show/141054.Local_Flavors]]></link>
<small_image_url><![CDATA[https://s.gr-assets.com/assets/nophoto/book/50x75-a91bf249278a81aabab721ef782c4a74.png]]></small_image_url>
<image_url><![CDATA[https://s.gr-assets.com/assets/nophoto/book/111x148-bcc042a9c91a29c1d680899eff700a03.png]]></image_url>
<num_pages></num_pages>
<work>
<id>135952</id>
</work>
<isbn>0767903498</isbn>
<isbn13>9780767903493</isbn13>
<average_rating>3.98</average_rating>
<ratings_count>1943</ratings_count>
<publication_year></publication_year>
<publication_month></publication_month>
<publication_day></publication_day>
<authors>
<author>
<id>80131</id>
<name>Deborah Madison</name>
<link><![CDATA[https://www.goodreads.com/author/show/80131.Deborah_Madison]]></link>
</author>
</authors>
</book>

          <book>
<id>1613536</id>
<title><![CDATA[The Splendid Table's How to Eat Supper]]></title>
<title_without_series><![CDATA[The Splendid Table's How to Eat Supper]]></title_without_series>
<link><![CDATA[https://www.goodreads.com/book/show/1613536.The_Splendid_Table_s_How_to_Eat_Supper]]></link>
<small_image_url><![CDATA[https://s.gr-assets.com/assets/nophoto/book/50x75-a91bf249278a81aabab721ef782c4a74.png]]></small_image_url>
<image_url><![CDATA[https://s.gr-assets.com/assets/nophoto/book/111x148-bcc042a9c91a29c1d680899eff700a03.png]]></image_url>
<num_pages>338</num_pages>
<work>
<id>1607342</id>
</work>
<isbn>0307346714</isbn>
<isbn13>9780307346711</isbn13>
<average_rating>3.99</average_rating>
<ratings_count>2072</ratings_count>
<publication_year>2008</publication_year>
<publication_month>4</publication_month>
<publication_day>8</publication_day>
<authors>
<author>
<id>168610</id>
<name>Lynne Rossetto Kasper</name>
<link><![CDATA[https://www.goodreads.com/author/show/168610.Lynne_Rossetto_Kasper]]></link>
</author>
</authors>
</book>

          <book>
<id>10568</id>
<title><![CDATA[King Arthur Flour Whole Grain Baking: Delicious Recipes Using Nutritious Whole Grains]]></title>
<title_without_series><![CDATA[King Arthur Flour Whole Grain Baking: Delicious Recipes Using Nutritious Whole Grains]]></title_without_series>
<link><![CDATA[https://www.goodreads.com/book/show/10568.King_Arthur_Flour_Whole_Grain_Baking]]></link>
<small_image_url><![CDATA[https://s.gr-assets.com/assets/nophoto/book/50x75-a91bf249278a81aabab721ef782c4a74.png]]></small_image_url>
<image_url><![CDATA[https://s.gr-assets.com/assets/nophoto/book/111x148-bcc042a9c91a29c1d680899eff700a03.png]]></image_url>
<num_pages>544</num_pages>
<work>
<id>13240</id>
</work>
<isbn>0881507199</isbn>
<isbn13>9780881507195</isbn13>
<average_rating>4.16</average_rating>
<ratings_count>4019</ratings_count>
<publication_year>2006</publication_year>
<publication_month>10</publication_month>
<publication_day>9</publication_day>
<authors>
<author>
<id>6930</id>
<name>King Arthur Flour</name>
<link><![CDATA[https://www.goodreads.com/author/show/6930.King_Arthur_Flour]]></link>
</author>
</authors>
</book>

          <book>
<id>181118</id>
<title>Home Cheese Making</title>
<title_without_series>Home Cheese Making</title_without_series>
<link><![CDATA[https://www.goodreads.com/book/show/181118.Home_Cheese_Making]]></link>
<small_image_url><![CDATA[https://images.gr-assets.com/books/1404578815s/181118.jpg]]></small_image_url>
<image_url><![CDATA[https://images.gr-assets.com/books/1404578815m/181118.jpg]]></image_url>
<num_pages></num_pages>
<work>
<id>175012</id>
</work>
<isbn>1580174647</isbn>
<isbn13>9781580174640</isbn13>
<average_rating>4.13</average_rating>
<ratings_count>1967</ratings_count>
<publication_year></publication_year>
<publication_month></publication_month>
<publication_day></publication_day>
<authors>
<author>
<id>105584</id>
<name>Ricki Carroll</name>
<link><![CDATA[https://www.goodreads.com/author/show/105584.Ricki_Carroll]]></link>
</author>
</authors>
</book>

          <book>
<id>7450169</id>
<title><![CDATA[Good to the Grain: Baking with Whole-Grain Flours]]></title>
<title_without_series><![CDATA[Good to the Grain: Baking with Whole-Grain Flours]]></title_without_series>
<link><![CDATA[https://www.goodreads.com/book/show/7450169-good-to-the-grain]]></link>
<small_image_url><![CDATA[https://s.gr-assets.com/assets/nophoto/book/50x75-a91bf249278a81aabab721ef782c4a74.png]]></small_image_url>
<image_url><![CDATA[https://s.gr-assets.com/assets/nophoto/book/111x148-bcc042a9c91a29c1d680899eff700a03.png]]></image_url>
<num_pages></num_pages>
<work>
<id>9483763</id>
</work>
<isbn>1584798300</isbn>
<isbn13>9781584798309</isbn13>
<average_rating>4.05</average_rating>
<ratings_count>1201</ratings_count>
<publication_year></publication_year>
<publication_month></publication_month>
<publication_day></publication_day>
<authors>
<author>
<id>3277992</id>
<name>Kimberly Boyce</name>
<link><![CDATA[https://www.goodreads.com/author/show/3277992.Kimberly_Boyce]]></link>
</author>
</authors>
</book>

          <book>
<id>11510733</id>
<title><![CDATA[Make the Bread, Buy the Butter: What You Should and Shouldn't Cook from Scratch -- Over 120 Recipes for the Best Homemade Foods]]></title>
<title_without_series><![CDATA[Make the Bread, Buy the Butter: What You Should and Shouldn't Cook from Scratch -- Over 120 Recipes for the Best Homemade Foods]]></title_without_series>
<link><![CDATA[https://www.goodreads.com/book/show/11510733-make-the-bread-buy-the-butter]]></link>
<small_image_url><![CDATA[https://s.gr-assets.com/assets/nophoto/book/50x75-a91bf249278a81aabab721ef782c4a74.png]]></small_image_url>
<image_url><![CDATA[https://s.gr-assets.com/assets/nophoto/book/111x148-bcc042a9c91a29c1d680899eff700a03.png]]></image_url>
<num_pages>296</num_pages>
<work>
<id>16446748</id>
</work>
<isbn>1451605870</isbn>
<isbn13>9781451605877</isbn13>
<average_rating>3.93</average_rating>
<ratings_count>4399</ratings_count>
<publication_year>2011</publication_year>
<publication_month>10</publication_month>
<publication_day>18</publication_day>
<authors>
<author>
<id>4892989</id>
<name>Jennifer Reese</name>
<link><![CDATA[https://www.goodreads.com/author/show/4892989.Jennifer_Reese]]></link>
</author>
</authors>
</book>

          <book>
<id>6433675</id>
<title><![CDATA[Rustic Fruit Desserts: Crumbles, Buckles, Cobblers, Pandowdies, and More]]></title>
<title_without_series><![CDATA[Rustic Fruit Desserts: Crumbles, Buckles, Cobblers, Pandowdies, and More]]></title_without_series>
<link><![CDATA[https://www.goodreads.com/book/show/6433675-rustic-fruit-desserts]]></link>
<small_image_url><![CDATA[https://images.gr-assets.com/books/1320543144s/6433675.jpg]]></small_image_url>
<image_url><![CDATA[https://images.gr-assets.com/books/1320543144m/6433675.jpg]]></image_url>
<num_pages>176</num_pages>
<work>
<id>6623169</id>
</work>
<isbn>1580089763</isbn>
<isbn13>9781580089760</isbn13>
<average_rating>4.13</average_rating>
<ratings_count>1216</ratings_count>
<publication_year>2009</publication_year>
<publication_month>4</publication_month>
<publication_day>28</publication_day>
<authors>
<author>
<id>566206</id>
<name>Cory Schreiber</name>
<link><![CDATA[https://www.goodreads.com/author/show/566206.Cory_Schreiber]]></link>
</author>
</authors>
</book>

          <book>
<id>306372</id>
<title><![CDATA[The Bread Bible: 300 Favorite Recipes]]></title>
<title_without_series><![CDATA[The Bread Bible: 300 Favorite Recipes]]></title_without_series>
<link><![CDATA[https://www.goodreads.com/book/show/306372.The_Bread_Bible]]></link>
<small_image_url><![CDATA[https://s.gr-assets.com/assets/nophoto/book/50x75-a91bf249278a81aabab721ef782c4a74.png]]></small_image_url>
<image_url><![CDATA[https://s.gr-assets.com/assets/nophoto/book/111x148-bcc042a9c91a29c1d680899eff700a03.png]]></image_url>
<num_pages>496</num_pages>
<work>
<id>297356</id>
</work>
<isbn>0811845265</isbn>
<isbn13>9780811845267</isbn13>
<average_rating>4.16</average_rating>
<ratings_count>383</ratings_count>
<publication_year>2004</publication_year>
<publication_month>10</publication_month>
<publication_day>14</publication_day>
<authors>
<author>
<id>2655</id>
<name>Beth Hensperger</name>
<link><![CDATA[https://www.goodreads.com/author/show/2655.Beth_Hensperger]]></link>
</author>
</authors>
</book>

          <book>
<id>557868</id>
<title><![CDATA[Bernard Clayton's New Complete Book of Breads]]></title>
<title_without_series><![CDATA[Bernard Clayton's New Complete Book of Breads]]></title_without_series>
<link><![CDATA[https://www.goodreads.com/book/show/557868.Bernard_Clayton_s_New_Complete_Book_of_Breads]]></link>
<small_image_url><![CDATA[https://s.gr-assets.com/assets/nophoto/book/50x75-a91bf249278a81aabab721ef782c4a74.png]]></small_image_url>
<image_url><![CDATA[https://s.gr-assets.com/assets/nophoto/book/111x148-bcc042a9c91a29c1d680899eff700a03.png]]></image_url>
<num_pages></num_pages>
<work>
<id>545049</id>
</work>
<isbn>0743287096</isbn>
<isbn13>9780743287098</isbn13>
<average_rating>4.23</average_rating>
<ratings_count>672</ratings_count>
<publication_year></publication_year>
<publication_month></publication_month>
<publication_day></publication_day>
<authors>
<author>
<id>297002</id>
<name>Bernard Clayton Jr.</name>
<link><![CDATA[https://www.goodreads.com/author/show/297002.Bernard_Clayton_Jr_]]></link>
</author>
</authors>
</book>

          <book>
<id>6579880</id>
<title><![CDATA[Asian Dumplings: Mastering Gyoza, Spring Rolls, Samosas, and More]]></title>
<title_without_series><![CDATA[Asian Dumplings: Mastering Gyoza, Spring Rolls, Samosas, and More]]></title_without_series>
<link><![CDATA[https://www.goodreads.com/book/show/6579880-asian-dumplings]]></link>
<small_image_url><![CDATA[https://s.gr-assets.com/assets/nophoto/book/50x75-a91bf249278a81aabab721ef782c4a74.png]]></small_image_url>
<image_url><![CDATA[https://s.gr-assets.com/assets/nophoto/book/111x148-bcc042a9c91a29c1d680899eff700a03.png]]></image_url>
<num_pages>240</num_pages>
<work>
<id>6773311</id>
</work>
<isbn>1580089755</isbn>
<isbn13>9781580089753</isbn13>
<average_rating>4.10</average_rating>
<ratings_count>902</ratings_count>
<publication_year>2009</publication_year>
<publication_month>8</publication_month>
<publication_day>25</publication_day>
<authors>
<author>
<id>2973507</id>
<name>Andrea Nguyen</name>
<link><![CDATA[https://www.goodreads.com/author/show/2973507.Andrea_Nguyen]]></link>
</author>
</authors>
</book>

          <book>
<id>3962340</id>
<title><![CDATA[The America's Test Kitchen Family Baking Book]]></title>
<title_without_series><![CDATA[The America's Test Kitchen Family Baking Book]]></title_without_series>
<link><![CDATA[https://www.goodreads.com/book/show/3962340-the-america-s-test-kitchen-family-baking-book]]></link>
<small_image_url><![CDATA[https://s.gr-assets.com/assets/nophoto/book/50x75-a91bf249278a81aabab721ef782c4a74.png]]></small_image_url>
<image_url><![CDATA[https://s.gr-assets.com/assets/nophoto/book/111x148-bcc042a9c91a29c1d680899eff700a03.png]]></image_url>
<num_pages>544</num_pages>
<work>
<id>4008045</id>
</work>
<isbn>1933615222</isbn>
<isbn13>9781933615226</isbn13>
<average_rating>4.35</average_rating>
<ratings_count>1977</ratings_count>
<publication_year>2008</publication_year>
<publication_month>8</publication_month>
<publication_day>15</publication_day>
<authors>
<author>
<id>6867702</id>
<name>America&apos;s Test Kitchen</name>
<link><![CDATA[https://www.goodreads.com/author/show/6867702.America_s_Test_Kitchen]]></link>
</author>
</authors>
</book>

          <book>
<id>261821</id>
<title><![CDATA[The Perfect Scoop: Ice Creams, Sorbets, Granitas, and Sweet Accompaniments]]></title>
<title_without_series><![CDATA[The Perfect Scoop: Ice Creams, Sorbets, Granitas, and Sweet Accompaniments]]></title_without_series>
<link><![CDATA[https://www.goodreads.com/book/show/261821.The_Perfect_Scoop]]></link>
<small_image_url><![CDATA[https://s.gr-assets.com/assets/nophoto/book/50x75-a91bf249278a81aabab721ef782c4a74.png]]></small_image_url>
<image_url><![CDATA[https://s.gr-assets.com/assets/nophoto/book/111x148-bcc042a9c91a29c1d680899eff700a03.png]]></image_url>
<num_pages>256</num_pages>
<work>
<id>253779</id>
</work>
<isbn>1580088082</isbn>
<isbn13>9781580088084</isbn13>
<average_rating>4.19</average_rating>
<ratings_count>6788</ratings_count>
<publication_year>2007</publication_year>
<publication_month>5</publication_month>
<publication_day>1</publication_day>
<authors>
<author>
<id>153041</id>
<name>David Lebovitz</name>
<link><![CDATA[https://www.goodreads.com/author/show/153041.David_Lebovitz]]></link>
</author>
</authors>
</book>

          <book>
<id>223349</id>
<title>The Best Make-Ahead Recipe</title>
<title_without_series>The Best Make-Ahead Recipe</title_without_series>
<link><![CDATA[https://www.goodreads.com/book/show/223349.The_Best_Make_Ahead_Recipe]]></link>
<small_image_url><![CDATA[https://s.gr-assets.com/assets/nophoto/book/50x75-a91bf249278a81aabab721ef782c4a74.png]]></small_image_url>
<image_url><![CDATA[https://s.gr-assets.com/assets/nophoto/book/111x148-bcc042a9c91a29c1d680899eff700a03.png]]></image_url>
<num_pages>435</num_pages>
<work>
<id>216302</id>
</work>
<isbn>1933615141</isbn>
<isbn13>9781933615141</isbn13>
<average_rating>4.08</average_rating>
<ratings_count>946</ratings_count>
<publication_year>2007</publication_year>
<publication_month>3</publication_month>
<publication_day>1</publication_day>
<authors>
<author>
<id>7417657</id>
<name>Cook&apos;s Illustrated Magazine</name>
<link><![CDATA[https://www.goodreads.com/author/show/7417657.Cook_s_Illustrated_Magazine]]></link>
</author>
</authors>
</book>

          <book>
<id>8185785</id>
<title>Tartine Bread</title>
<title_without_series>Tartine Bread</title_without_series>
<link><![CDATA[https://www.goodreads.com/book/show/8185785-tartine-bread]]></link>
<small_image_url><![CDATA[https://s.gr-assets.com/assets/nophoto/book/50x75-a91bf249278a81aabab721ef782c4a74.png]]></small_image_url>
<image_url><![CDATA[https://s.gr-assets.com/assets/nophoto/book/111x148-bcc042a9c91a29c1d680899eff700a03.png]]></image_url>
<num_pages>304</num_pages>
<work>
<id>13032489</id>
</work>
<isbn>0811870413</isbn>
<isbn13>9780811870412</isbn13>
<average_rating>4.32</average_rating>
<ratings_count>2933</ratings_count>
<publication_year>2010</publication_year>
<publication_month>9</publication_month>
<publication_day>29</publication_day>
<authors>
<author>
<id>3896455</id>
<name>Chad Robertson</name>
<link><![CDATA[https://www.goodreads.com/author/show/3896455.Chad_Robertson]]></link>
</author>
</authors>
</book>

  </similar_books>
</book>

</GoodreadsResponse>