<?xml version="1.0" encoding="UTF-8"?>
<GoodreadsResponse>
  <Request>
    <authentication>true</authentication>
      <key><![CDATA[all_men_must_serve]]></key>
    <method><![CDATA[book_show]]></method>
  </Request>
  <book>
  <id>10108</id>
  <title><![CDATA[The Autobiography of Henry VIII: With Notes by His Fool, Will Somers]]></title>
  <isbn><![CDATA[0312194390]]></isbn>
  <isbn13><![CDATA[9780312194390]]></isbn13>
  <asin><![CDATA[]]></asin>
  <kindle_asin><![CDATA[B006L7RFXQ]]></kindle_asin>
  <marketplace_id><![CDATA[A1F83G8C2ARO7P]]></marketplace_id>
  <country_code><![CDATA[GB]]></country_code>
  <image_url>https://s.gr-assets.com/assets/nophoto/book/111x148-bcc042a9c91a29c1d680899eff700a03.png</image_url>
  <small_image_url>https://s.gr-assets.com/assets/nophoto/book/50x75-a91bf249278a81aabab721ef782c4a74.png</small_image_url>
  <publication_year></publication_year>
  <publication_month></publication_month>
  <publication_day></publication_day>
  <publisher></publisher>
  <language_code>en-US</language_code>
  <is_ebook>false</is_ebook>
  <description><![CDATA[This is the story of England's most famous, and notorious, king.<br /><br />Henry was a charismatic, ardent - and brash - young lover who married six times; a scholar with a deep love of poetry and music; an energetic hunter who loved the outdoors; a monarch whose lack of a male heir haunted him incessantly; and a ruthless leader who would stop at nothing to achieve his desires. His monumental decision to split from Rome and the Catholic Church was one that would forever shape the religious and political landscape of Britain.<br /><br />Combining magnificent storytelling with an extraordinary grasp of the pleasures and perils of power, Margaret George delivers a vivid portrait of Henry VIII and Tudor England and the powerhouse of players on its stage: Thomas Cromwell, Cardinal Wolsey, Thomas More and Anne Boleyn. It is also a narrative told from an original perspective: Margaret George writes from the King's point of view, injecting irreverent comments from Will Somers - Henry's jester and confidant.]]></description>
  <work>
  <id type="integer">2505877</id>
  <books_count type="integer">34</books_count>
  <best_book_id type="integer">10108</best_book_id>
  <reviews_count type="integer">42440</reviews_count>
  <ratings_sum type="integer">98969</ratings_sum>
  <ratings_count type="integer">23295</ratings_count>
  <text_reviews_count type="integer">816</text_reviews_count>
  <original_publication_year type="integer">1986</original_publication_year>
  <original_publication_month type="integer" nil="true"/>
  <original_publication_day type="integer" nil="true"/>
  <original_title>The Autobiography of Henry VIII. With Notes by His Fool, Will Somers</original_title>
  <original_language_id type="integer" nil="true"/>
  <media_type>book</media_type>
  <rating_dist>5:11019|4:8031|3:3479|2:547|1:219|total:23295</rating_dist>
  <desc_user_id type="integer">47917303</desc_user_id>
  <default_chaptering_book_id type="integer" nil="true"/>
  <default_description_language_code nil="true"/>
</work>
  <average_rating>4.25</average_rating>
  <num_pages><![CDATA[939]]></num_pages>
  <format><![CDATA[]]></format>
  <edition_information><![CDATA[]]></edition_information>
  <ratings_count><![CDATA[22576]]></ratings_count>
  <text_reviews_count><![CDATA[729]]></text_reviews_count>
  <url><![CDATA[https://www.goodreads.com/book/show/10108.The_Autobiography_of_Henry_VIII]]></url>
  <link><![CDATA[https://www.goodreads.com/book/show/10108.The_Autobiography_of_Henry_VIII]]></link>
  <authors>
<author>
<id>6599</id>
<name>Margaret George</name>
<role></role>
<image_url nophoto='false'>
<![CDATA[https://images.gr-assets.com/authors/1273256433p5/6599.jpg]]>
</image_url>
<small_image_url nophoto='false'>
<![CDATA[https://images.gr-assets.com/authors/1273256433p2/6599.jpg]]>
</small_image_url>
<link><![CDATA[https://www.goodreads.com/author/show/6599.Margaret_George]]></link>
<average_rating>4.09</average_rating>
<ratings_count>72255</ratings_count>
<text_reviews_count>4536</text_reviews_count>
</author>
</authors>

    <reviews_widget>
      <![CDATA[
        <style>
  #goodreads-widget {
    font-family: georgia, serif;
    padding: 18px 0;
    width:565px;
  }
  #goodreads-widget h1 {
    font-weight:normal;
    font-size: 16px;
    border-bottom: 1px solid #BBB596;
    margin-bottom: 0;
  }
  #goodreads-widget a {
    text-decoration: none;
    color:#660;
  }
  iframe{
    background-color: #fff;
  }
  #goodreads-widget a:hover { text-decoration: underline; }
  #goodreads-widget a:active {
    color:#660;
  }
  #gr_footer {
    width: 100%;
    border-top: 1px solid #BBB596;
    text-align: right;
  }
  #goodreads-widget .gr_branding{
    color: #382110;
    font-size: 11px;
    text-decoration: none;
    font-family: "Helvetica Neue", Helvetica, Arial, sans-serif;
  }
</style>
<div id="goodreads-widget">
  <div id="gr_header"><h1><a rel="nofollow" href="https://www.goodreads.com/book/show/10108.The_Autobiography_of_Henry_VIII">The Autobiography of Henry VIII Reviews</a></h1></div>
  <iframe id="the_iframe" src="https://www.goodreads.com/api/reviews_widget_iframe?did=DEVELOPER_ID&amp;format=html&amp;isbn=0312194390&amp;links=660&amp;min_rating=&amp;review_back=fff&amp;stars=000&amp;text=000" width="565" height="400" frameborder="0"></iframe>
  <div id="gr_footer">
    <a class="gr_branding" target="_blank" rel="nofollow" href="https://www.goodreads.com/book/show/10108.The_Autobiography_of_Henry_VIII?utm_medium=api&amp;utm_source=reviews_widget">Reviews from Goodreads.com</a>
  </div>
</div>

      ]]>
    </reviews_widget>
  <popular_shelves>
      <shelf name="historical-fiction" count="922"/>
      <shelf name="to-read" count="428"/>
      <shelf name="currently-reading" count="354"/>
      <shelf name="fiction" count="195"/>
      <shelf name="history" count="155"/>
      <shelf name="favorites" count="153"/>
      <shelf name="historical" count="151"/>
      <shelf name="tudors" count="96"/>
      <shelf name="books-i-own" count="63"/>
      <shelf name="biography" count="59"/>
      <shelf name="england" count="59"/>
      <shelf name="owned" count="52"/>
      <shelf name="tudor" count="51"/>
      <shelf name="non-fiction" count="34"/>
      <shelf name="16th-century" count="26"/>
      <shelf name="tudor-england" count="23"/>
      <shelf name="owned-books" count="22"/>
      <shelf name="henry-viii" count="20"/>
      <shelf name="royalty" count="19"/>
      <shelf name="kindle" count="18"/>
      <shelf name="adult-fiction" count="18"/>
      <shelf name="margaret-george" count="18"/>
      <shelf name="to-buy" count="17"/>
      <shelf name="default" count="16"/>
      <shelf name="biographies" count="16"/>
      <shelf name="the-tudors" count="16"/>
      <shelf name="fiction-historical" count="15"/>
      <shelf name="tudor-history" count="15"/>
      <shelf name="historicalfiction" count="15"/>
      <shelf name="english-history" count="14"/>
      <shelf name="adult" count="14"/>
      <shelf name="my-library" count="13"/>
      <shelf name="library" count="13"/>
      <shelf name="nonfiction" count="13"/>
      <shelf name="historic-fiction" count="13"/>
      <shelf name="tudor-era" count="12"/>
      <shelf name="tudor-fiction" count="12"/>
      <shelf name="historical-novels" count="12"/>
      <shelf name="wish-list" count="12"/>
      <shelf name="all-time-favorites" count="11"/>
      <shelf name="medieval" count="10"/>
      <shelf name="i-own" count="10"/>
      <shelf name="british-history" count="9"/>
      <shelf name="novels" count="9"/>
      <shelf name="british" count="9"/>
      <shelf name="own-it" count="9"/>
      <shelf name="historical-novel" count="9"/>
      <shelf name="ebooks" count="8"/>
      <shelf name="my-books" count="8"/>
      <shelf name="ebook" count="8"/>
      <shelf name="european-history" count="8"/>
      <shelf name="royals" count="8"/>
      <shelf name="autobiography" count="8"/>
      <shelf name="literature" count="8"/>
      <shelf name="abandoned" count="8"/>
      <shelf name="audible" count="7"/>
      <shelf name="audio" count="7"/>
      <shelf name="uk" count="7"/>
      <shelf name="biographical" count="7"/>
      <shelf name="europe" count="7"/>
      <shelf name="great-britain" count="7"/>
      <shelf name="to-read-non-fiction" count="6"/>
      <shelf name="romance" count="6"/>
      <shelf name="renaissance" count="6"/>
      <shelf name="favourites" count="6"/>
      <shelf name="european-royalty" count="6"/>
      <shelf name="henry" count="6"/>
      <shelf name="biographical-fiction" count="6"/>
      <shelf name="favorite" count="6"/>
      <shelf name="shelfari-favorites" count="5"/>
      <shelf name="anne-boleyn" count="5"/>
      <shelf name="maybe" count="5"/>
      <shelf name="tudor-books" count="5"/>
      <shelf name="historical-fic" count="5"/>
      <shelf name="to-read-owned" count="5"/>
      <shelf name="calibre" count="5"/>
      <shelf name="britain" count="5"/>
      <shelf name="viii" count="5"/>
      <shelf name="history-fiction" count="5"/>
      <shelf name="borrowed" count="5"/>
      <shelf name="female-authors" count="4"/>
      <shelf name="to-read-historical-fiction" count="4"/>
      <shelf name="tudor-historical-fiction" count="4"/>
      <shelf name="classics" count="4"/>
      <shelf name="monarchy" count="4"/>
      <shelf name="didn-t-finish" count="4"/>
      <shelf name="reviewed" count="4"/>
      <shelf name="home-library" count="4"/>
      <shelf name="historical-fiction-tudors" count="4"/>
      <shelf name="have" count="4"/>
      <shelf name="audiobooks" count="4"/>
      <shelf name="memoir-biography" count="4"/>
      <shelf name="diary" count="4"/>
      <shelf name="couldn-t-finish" count="4"/>
      <shelf name="unfinished" count="4"/>
      <shelf name="books-i-have" count="4"/>
      <shelf name="own-to-read" count="4"/>
      <shelf name="favorite-books" count="4"/>
      <shelf name="british-royalty" count="4"/>
      <shelf name="read-in-2009" count="4"/>
  </popular_shelves>
  <book_links>
    <book_link>
  <id>8</id>
  <name>Libraries</name>
  <link>https://www.goodreads.com/book_link/follow/8</link>
</book_link>

  </book_links>
  <buy_links>
    <buy_link>
<id>1</id>
<name>Amazon</name>
<link>https://www.goodreads.com/book_link/follow/1</link>
</buy_link>
<buy_link>
<id>10</id>
<name>Audible</name>
<link>https://www.goodreads.com/book_link/follow/10</link>
</buy_link>
<buy_link>
<id>3</id>
<name>Barnes &amp; Noble</name>
<link>https://www.goodreads.com/book_link/follow/3</link>
</buy_link>
<buy_link>
<id>1027</id>
<name>Kobo</name>
<link>https://www.goodreads.com/book_link/follow/1027</link>
</buy_link>
<buy_link>
<id>2102</id>
<name>Apple iBooks</name>
<link>https://www.goodreads.com/book_link/follow/2102</link>
</buy_link>
<buy_link>
<id>8036</id>
<name>Google Play</name>
<link>https://www.goodreads.com/book_link/follow/8036</link>
</buy_link>
<buy_link>
<id>4</id>
<name>Abebooks</name>
<link>https://www.goodreads.com/book_link/follow/4</link>
</buy_link>
<buy_link>
<id>882</id>
<name>Book Depository</name>
<link>https://www.goodreads.com/book_link/follow/882</link>
</buy_link>
<buy_link>
<id>9</id>
<name>Indigo</name>
<link>https://www.goodreads.com/book_link/follow/9</link>
</buy_link>
<buy_link>
<id>2</id>
<name>Half.com</name>
<link>https://www.goodreads.com/book_link/follow/2</link>
</buy_link>
<buy_link>
<id>5</id>
<name>Alibris</name>
<link>https://www.goodreads.com/book_link/follow/5</link>
</buy_link>
<buy_link>
<id>107</id>
<name>Better World Books</name>
<link>https://www.goodreads.com/book_link/follow/107</link>
</buy_link>
<buy_link>
<id>7</id>
<name>IndieBound</name>
<link>https://www.goodreads.com/book_link/follow/7</link>
</buy_link>

  </buy_links>
  <series_works>
    
  </series_works>
  <similar_books>
          <book>
<id>31091</id>
<title><![CDATA[Murder Most Royal (Tudor Saga, #5)]]></title>
<title_without_series>Murder Most Royal</title_without_series>
<link><![CDATA[https://www.goodreads.com/book/show/31091.Murder_Most_Royal]]></link>
<small_image_url><![CDATA[https://images.gr-assets.com/books/1460124804s/31091.jpg]]></small_image_url>
<image_url><![CDATA[https://images.gr-assets.com/books/1460124804m/31091.jpg]]></image_url>
<num_pages>480</num_pages>
<work>
<id>1136839</id>
</work>
<isbn></isbn>
<isbn13>9781400082490</isbn13>
<average_rating>3.99</average_rating>
<ratings_count>3446</ratings_count>
<publication_year>2006</publication_year>
<publication_month>1</publication_month>
<publication_day>24</publication_day>
<authors>
<author>
<id>6590</id>
<name>Jean Plaidy</name>
<link><![CDATA[https://www.goodreads.com/author/show/6590.Jean_Plaidy]]></link>
</author>
</authors>
</book>

          <book>
<id>2798345</id>
<title><![CDATA[Brief Gaudy Hour: A Novel of Anne Boleyn]]></title>
<title_without_series><![CDATA[Brief Gaudy Hour: A Novel of Anne Boleyn]]></title_without_series>
<link><![CDATA[https://www.goodreads.com/book/show/2798345-brief-gaudy-hour]]></link>
<small_image_url><![CDATA[https://s.gr-assets.com/assets/nophoto/book/50x75-a91bf249278a81aabab721ef782c4a74.png]]></small_image_url>
<image_url><![CDATA[https://s.gr-assets.com/assets/nophoto/book/111x148-bcc042a9c91a29c1d680899eff700a03.png]]></image_url>
<num_pages>383</num_pages>
<work>
<id>2824134</id>
</work>
<isbn>1402211759</isbn>
<isbn13>9781402211751</isbn13>
<average_rating>3.93</average_rating>
<ratings_count>2080</ratings_count>
<publication_year>2008</publication_year>
<publication_month>3</publication_month>
<publication_day>1</publication_day>
<authors>
<author>
<id>271832</id>
<name>Margaret Campbell Barnes</name>
<link><![CDATA[https://www.goodreads.com/author/show/271832.Margaret_Campbell_Barnes]]></link>
</author>
</authors>
</book>

          <book>
<id>78611</id>
<title>Plain Jane</title>
<title_without_series>Plain Jane</title_without_series>
<link><![CDATA[https://www.goodreads.com/book/show/78611.Plain_Jane]]></link>
<small_image_url><![CDATA[https://images.gr-assets.com/books/1309197261s/78611.jpg]]></small_image_url>
<image_url><![CDATA[https://images.gr-assets.com/books/1309197261m/78611.jpg]]></image_url>
<num_pages>352</num_pages>
<work>
<id>75904</id>
</work>
<isbn>0515141550</isbn>
<isbn13>9780515141559</isbn13>
<average_rating>3.80</average_rating>
<ratings_count>1840</ratings_count>
<publication_year>2006</publication_year>
<publication_month>6</publication_month>
<publication_day>27</publication_day>
<authors>
<author>
<id>44619</id>
<name>Laurien Gardner</name>
<link><![CDATA[https://www.goodreads.com/author/show/44619.Laurien_Gardner]]></link>
</author>
</authors>
</book>

          <book>
<id>56353</id>
<title>I, Elizabeth</title>
<title_without_series>I, Elizabeth</title_without_series>
<link><![CDATA[https://www.goodreads.com/book/show/56353.I_Elizabeth]]></link>
<small_image_url><![CDATA[https://images.gr-assets.com/books/1403186670s/56353.jpg]]></small_image_url>
<image_url><![CDATA[https://images.gr-assets.com/books/1403186670m/56353.jpg]]></image_url>
<num_pages>641</num_pages>
<work>
<id>2054888</id>
</work>
<isbn>0609809105</isbn>
<isbn13>9780609809105</isbn13>
<average_rating>4.01</average_rating>
<ratings_count>12354</ratings_count>
<publication_year>2003</publication_year>
<publication_month>3</publication_month>
<publication_day>25</publication_day>
<authors>
<author>
<id>13891</id>
<name>Rosalind Miles</name>
<link><![CDATA[https://www.goodreads.com/author/show/13891.Rosalind_Miles]]></link>
</author>
</authors>
</book>

          <book>
<id>688975</id>
<title>The Concubine</title>
<title_without_series>The Concubine</title_without_series>
<link><![CDATA[https://www.goodreads.com/book/show/688975.The_Concubine]]></link>
<small_image_url><![CDATA[https://images.gr-assets.com/books/1272352649s/688975.jpg]]></small_image_url>
<image_url><![CDATA[https://images.gr-assets.com/books/1272352649m/688975.jpg]]></image_url>
<num_pages>358</num_pages>
<work>
<id>3070885</id>
</work>
<isbn>075243943X</isbn>
<isbn13>9780752439433</isbn13>
<average_rating>3.94</average_rating>
<ratings_count>2729</ratings_count>
<publication_year>2007</publication_year>
<publication_month>4</publication_month>
<publication_day>1</publication_day>
<authors>
<author>
<id>195727</id>
<name>Norah Lofts</name>
<link><![CDATA[https://www.goodreads.com/author/show/195727.Norah_Lofts]]></link>
</author>
</authors>
</book>

          <book>
<id>194006</id>
<title>Legacy</title>
<title_without_series>Legacy</title_without_series>
<link><![CDATA[https://www.goodreads.com/book/show/194006.Legacy]]></link>
<small_image_url><![CDATA[https://images.gr-assets.com/books/1268662915s/194006.jpg]]></small_image_url>
<image_url><![CDATA[https://images.gr-assets.com/books/1268662915m/194006.jpg]]></image_url>
<num_pages>647</num_pages>
<work>
<id>895731</id>
</work>
<isbn>038070322X</isbn>
<isbn13>9780380703227</isbn13>
<average_rating>4.12</average_rating>
<ratings_count>2454</ratings_count>
<publication_year></publication_year>
<publication_month></publication_month>
<publication_day></publication_day>
<authors>
<author>
<id>111001</id>
<name>Susan  Kay</name>
<link><![CDATA[https://www.goodreads.com/author/show/111001.Susan_Kay]]></link>
</author>
</authors>
</book>

          <book>
<id>10105</id>
<title>The Last Wife of Henry VIII</title>
<title_without_series>The Last Wife of Henry VIII</title_without_series>
<link><![CDATA[https://www.goodreads.com/book/show/10105.The_Last_Wife_of_Henry_VIII]]></link>
<small_image_url><![CDATA[https://s.gr-assets.com/assets/nophoto/book/50x75-a91bf249278a81aabab721ef782c4a74.png]]></small_image_url>
<image_url><![CDATA[https://s.gr-assets.com/assets/nophoto/book/111x148-bcc042a9c91a29c1d680899eff700a03.png]]></image_url>
<num_pages>326</num_pages>
<work>
<id>12842</id>
</work>
<isbn>0312352182</isbn>
<isbn13>9780312352189</isbn13>
<average_rating>3.88</average_rating>
<ratings_count>10684</ratings_count>
<publication_year>2006</publication_year>
<publication_month>10</publication_month>
<publication_day>3</publication_day>
<authors>
<author>
<id>6597</id>
<name>Carolly Erickson</name>
<link><![CDATA[https://www.goodreads.com/author/show/6597.Carolly_Erickson]]></link>
</author>
</authors>
</book>

          <book>
<id>10109</id>
<title><![CDATA[Henry VIII: The King and His Court]]></title>
<title_without_series><![CDATA[Henry VIII: The King and His Court]]></title_without_series>
<link><![CDATA[https://www.goodreads.com/book/show/10109.Henry_VIII]]></link>
<small_image_url><![CDATA[https://images.gr-assets.com/books/1388297921s/10109.jpg]]></small_image_url>
<image_url><![CDATA[https://images.gr-assets.com/books/1388297921m/10109.jpg]]></image_url>
<num_pages>642</num_pages>
<work>
<id>1405107</id>
</work>
<isbn>034543708X</isbn>
<isbn13>9780345437082</isbn13>
<average_rating>4.17</average_rating>
<ratings_count>9986</ratings_count>
<publication_year>2008</publication_year>
<publication_month></publication_month>
<publication_day></publication_day>
<authors>
<author>
<id>6583</id>
<name>Alison Weir</name>
<link><![CDATA[https://www.goodreads.com/author/show/6583.Alison_Weir]]></link>
</author>
</authors>
</book>

          <book>
<id>482985</id>
<title>Virgin: Prelude to the Throne</title>
<title_without_series>Virgin: Prelude to the Throne</title_without_series>
<link><![CDATA[https://www.goodreads.com/book/show/482985.Virgin]]></link>
<small_image_url><![CDATA[https://s.gr-assets.com/assets/nophoto/book/50x75-a91bf249278a81aabab721ef782c4a74.png]]></small_image_url>
<image_url><![CDATA[https://s.gr-assets.com/assets/nophoto/book/111x148-bcc042a9c91a29c1d680899eff700a03.png]]></image_url>
<num_pages>256</num_pages>
<work>
<id>1136829</id>
</work>
<isbn>0743204859</isbn>
<isbn13>9780743204859</isbn13>
<average_rating>3.72</average_rating>
<ratings_count>1119</ratings_count>
<publication_year>2002</publication_year>
<publication_month>6</publication_month>
<publication_day>25</publication_day>
<authors>
<author>
<id>17452</id>
<name>Robin Maxwell</name>
<link><![CDATA[https://www.goodreads.com/author/show/17452.Robin_Maxwell]]></link>
</author>
</authors>
</book>

          <book>
<id>234560</id>
<title><![CDATA[Time and Chance (Henry II & Eleanor of Aquitaine, #2)]]></title>
<title_without_series>Time and Chance</title_without_series>
<link><![CDATA[https://www.goodreads.com/book/show/234560.Time_and_Chance]]></link>
<small_image_url><![CDATA[https://s.gr-assets.com/assets/nophoto/book/50x75-a91bf249278a81aabab721ef782c4a74.png]]></small_image_url>
<image_url><![CDATA[https://s.gr-assets.com/assets/nophoto/book/111x148-bcc042a9c91a29c1d680899eff700a03.png]]></image_url>
<num_pages>544</num_pages>
<work>
<id>6417946</id>
</work>
<isbn>0345396723</isbn>
<isbn13>9780345396723</isbn13>
<average_rating>4.28</average_rating>
<ratings_count>6674</ratings_count>
<publication_year>2003</publication_year>
<publication_month>2</publication_month>
<publication_day>4</publication_day>
<authors>
<author>
<id>24655</id>
<name>Sharon Kay Penman</name>
<link><![CDATA[https://www.goodreads.com/author/show/24655.Sharon_Kay_Penman]]></link>
</author>
</authors>
</book>

  </similar_books>
</book>

</GoodreadsResponse>