<?xml version="1.0" encoding="UTF-8"?>
<GoodreadsResponse>
  <Request>
    <authentication>true</authentication>
      <key><![CDATA[all_men_must_serve]]></key>
    <method><![CDATA[book_show]]></method>
  </Request>
  <book>
  <id>10108463</id>
  <title>The Devil All the Time</title>
  <isbn><![CDATA[038553504X]]></isbn>
  <isbn13><![CDATA[9780385535045]]></isbn13>
  <asin><![CDATA[]]></asin>
  <kindle_asin><![CDATA[B005LPE4NS]]></kindle_asin>
  <marketplace_id><![CDATA[A1F83G8C2ARO7P]]></marketplace_id>
  <country_code><![CDATA[GB]]></country_code>
  <image_url>https://images.gr-assets.com/books/1320561517m/10108463.jpg</image_url>
  <small_image_url>https://images.gr-assets.com/books/1320561517s/10108463.jpg</small_image_url>
  <publication_year>2011</publication_year>
  <publication_month>7</publication_month>
  <publication_day>12</publication_day>
  <publisher>Doubleday</publisher>
  <language_code>eng</language_code>
  <is_ebook>false</is_ebook>
  <description><![CDATA[<b>From the acclaimed author of <i>Knockemstiff</i>—called “powerful, remarkable, exceptional” by the <i>Los Angeles Times</i>—comes a dark and riveting vision of America that delivers literary excitement in the highest degree. <br /><br /></b>In <i>The Devil All the Time</i>, Donald Ray Pollock has written a novel that marries the twisted intensity of Oliver Stone’s <i>Natural Born Killers</i> with the religious and Gothic over­tones of Flannery O’Connor at her most haunting. <br /><br />Set in rural southern Ohio and West Virginia, <i>The Devil All the Time</i> follows a cast of compelling and bizarre characters from the end of World War II to the 1960s. There’s Willard Russell, tormented veteran of the carnage in the South Pacific, who can’t save his beautiful wife, Charlotte, from an agonizing death by cancer no matter how much sacrifi­cial blood he pours on his “prayer log.” There’s Carl and Sandy Henderson, a husband-and-wife team of serial kill­ers, who troll America’s highways searching for suitable models to photograph and exterminate. There’s the spider-handling preacher Roy and his crippled virtuoso-guitar-playing sidekick, Theodore, running from the law. And caught in the middle of all this is Arvin Eugene Russell, Willard and Charlotte’s orphaned son, who grows up to be a good but also violent man in his own right. <br /><br />Donald Ray Pollock braids his plotlines into a taut narrative that will leave readers astonished and deeply moved. With his first novel, he proves himself a master storyteller in the grittiest and most uncompromising American grain.]]></description>
  <work>
  <id type="integer">15005760</id>
  <books_count type="integer">36</books_count>
  <best_book_id type="integer">10108463</best_book_id>
  <reviews_count type="integer">25904</reviews_count>
  <ratings_sum type="integer">46083</ratings_sum>
  <ratings_count type="integer">11261</ratings_count>
  <text_reviews_count type="integer">1703</text_reviews_count>
  <original_publication_year type="integer">2011</original_publication_year>
  <original_publication_month type="integer" nil="true"/>
  <original_publication_day type="integer" nil="true"/>
  <original_title>The Devil All the Time</original_title>
  <original_language_id type="integer" nil="true"/>
  <media_type>book</media_type>
  <rating_dist>5:4235|4:4646|3:1739|2:466|1:175|total:11261</rating_dist>
  <desc_user_id type="integer">3885998</desc_user_id>
  <default_chaptering_book_id type="integer" nil="true"/>
  <default_description_language_code nil="true"/>
</work>
  <average_rating>4.09</average_rating>
  <num_pages><![CDATA[261]]></num_pages>
  <format><![CDATA[Hardcover]]></format>
  <edition_information><![CDATA[]]></edition_information>
  <ratings_count><![CDATA[9627]]></ratings_count>
  <text_reviews_count><![CDATA[1466]]></text_reviews_count>
  <url><![CDATA[https://www.goodreads.com/book/show/10108463-the-devil-all-the-time]]></url>
  <link><![CDATA[https://www.goodreads.com/book/show/10108463-the-devil-all-the-time]]></link>
  <authors>
<author>
<id>784866</id>
<name>Donald Ray Pollock</name>
<role></role>
<image_url nophoto='false'>
<![CDATA[https://images.gr-assets.com/authors/1240540889p5/784866.jpg]]>
</image_url>
<small_image_url nophoto='false'>
<![CDATA[https://images.gr-assets.com/authors/1240540889p2/784866.jpg]]>
</small_image_url>
<link><![CDATA[https://www.goodreads.com/author/show/784866.Donald_Ray_Pollock]]></link>
<average_rating>4.05</average_rating>
<ratings_count>19435</ratings_count>
<text_reviews_count>2926</text_reviews_count>
</author>
</authors>

    <reviews_widget>
      <![CDATA[
        <style>
  #goodreads-widget {
    font-family: georgia, serif;
    padding: 18px 0;
    width:565px;
  }
  #goodreads-widget h1 {
    font-weight:normal;
    font-size: 16px;
    border-bottom: 1px solid #BBB596;
    margin-bottom: 0;
  }
  #goodreads-widget a {
    text-decoration: none;
    color:#660;
  }
  iframe{
    background-color: #fff;
  }
  #goodreads-widget a:hover { text-decoration: underline; }
  #goodreads-widget a:active {
    color:#660;
  }
  #gr_footer {
    width: 100%;
    border-top: 1px solid #BBB596;
    text-align: right;
  }
  #goodreads-widget .gr_branding{
    color: #382110;
    font-size: 11px;
    text-decoration: none;
    font-family: "Helvetica Neue", Helvetica, Arial, sans-serif;
  }
</style>
<div id="goodreads-widget">
  <div id="gr_header"><h1><a rel="nofollow" href="https://www.goodreads.com/book/show/10108463-the-devil-all-the-time">The Devil All the Time Reviews</a></h1></div>
  <iframe id="the_iframe" src="https://www.goodreads.com/api/reviews_widget_iframe?did=DEVELOPER_ID&amp;format=html&amp;isbn=038553504X&amp;links=660&amp;min_rating=&amp;review_back=fff&amp;stars=000&amp;text=000" width="565" height="400" frameborder="0"></iframe>
  <div id="gr_footer">
    <a class="gr_branding" target="_blank" rel="nofollow" href="https://www.goodreads.com/book/show/10108463-the-devil-all-the-time?utm_medium=api&amp;utm_source=reviews_widget">Reviews from Goodreads.com</a>
  </div>
</div>

      ]]>
    </reviews_widget>
  <popular_shelves>
      <shelf name="to-read" count="2232"/>
      <shelf name="fiction" count="334"/>
      <shelf name="horror" count="162"/>
      <shelf name="currently-reading" count="95"/>
      <shelf name="southern-gothic" count="75"/>
      <shelf name="mystery" count="70"/>
      <shelf name="crime" count="55"/>
      <shelf name="thriller" count="52"/>
      <shelf name="historical-fiction" count="50"/>
      <shelf name="kindle" count="44"/>
      <shelf name="noir" count="37"/>
      <shelf name="library" count="36"/>
      <shelf name="gothic" count="32"/>
      <shelf name="owned" count="27"/>
      <shelf name="novels" count="27"/>
      <shelf name="book-club" count="25"/>
      <shelf name="suspense" count="24"/>
      <shelf name="dark" count="24"/>
      <shelf name="country-noir" count="23"/>
      <shelf name="to-buy" count="23"/>
      <shelf name="literary-fiction" count="20"/>
      <shelf name="adult" count="20"/>
      <shelf name="southern" count="19"/>
      <shelf name="mystery-thriller" count="19"/>
      <shelf name="read-in-2012" count="18"/>
      <shelf name="ebook" count="18"/>
      <shelf name="contemporary" count="18"/>
      <shelf name="contemporary-fiction" count="15"/>
      <shelf name="literature" count="15"/>
      <shelf name="adult-fiction" count="15"/>
      <shelf name="grit-lit" count="14"/>
      <shelf name="ebooks" count="14"/>
      <shelf name="wish-list" count="14"/>
      <shelf name="books-i-own" count="14"/>
      <shelf name="default" count="13"/>
      <shelf name="crime-fiction" count="13"/>
      <shelf name="ohio" count="13"/>
      <shelf name="general-fiction" count="13"/>
      <shelf name="owned-books" count="12"/>
      <shelf name="read-in-2013" count="12"/>
      <shelf name="favourites" count="12"/>
      <shelf name="tournament-of-books" count="12"/>
      <shelf name="literary" count="12"/>
      <shelf name="audiobooks" count="11"/>
      <shelf name="tob-2012" count="11"/>
      <shelf name="american" count="11"/>
      <shelf name="crime-mystery" count="11"/>
      <shelf name="disturbing" count="11"/>
      <shelf name="audiobook" count="10"/>
      <shelf name="favorites" count="9"/>
      <shelf name="maybe" count="9"/>
      <shelf name="e-book" count="9"/>
      <shelf name="abandoned" count="9"/>
      <shelf name="to-read-fiction" count="9"/>
      <shelf name="read-in-2011" count="9"/>
      <shelf name="short-stories" count="9"/>
      <shelf name="read-2013" count="8"/>
      <shelf name="21st-century" count="8"/>
      <shelf name="thrillers" count="8"/>
      <shelf name="mystery-crime" count="8"/>
      <shelf name="southern-lit" count="8"/>
      <shelf name="serial-killers" count="8"/>
      <shelf name="audio" count="8"/>
      <shelf name="dark-fiction" count="8"/>
      <shelf name="read-2015" count="7"/>
      <shelf name="read-2014" count="7"/>
      <shelf name="overdrive" count="7"/>
      <shelf name="borrowed" count="7"/>
      <shelf name="recommended" count="7"/>
      <shelf name="to-read-horror" count="7"/>
      <shelf name="did-not-finish" count="7"/>
      <shelf name="read-2012" count="7"/>
      <shelf name="tournament-of-books-2012" count="7"/>
      <shelf name="nook" count="7"/>
      <shelf name="read-in-2017" count="6"/>
      <shelf name="read-in-2016" count="6"/>
      <shelf name="books" count="6"/>
      <shelf name="southern-literature" count="6"/>
      <shelf name="all-time-favorites" count="6"/>
      <shelf name="crime-thriller" count="6"/>
      <shelf name="usa" count="6"/>
      <shelf name="religion" count="6"/>
      <shelf name="read-next" count="6"/>
      <shelf name="2012-reads" count="6"/>
      <shelf name="drama" count="6"/>
      <shelf name="reviewed" count="6"/>
      <shelf name="arc" count="6"/>
      <shelf name="mystery-thriller-horror" count="5"/>
      <shelf name="american-fiction" count="5"/>
      <shelf name="crime-noir" count="5"/>
      <shelf name="killers" count="5"/>
      <shelf name="gritty" count="5"/>
      <shelf name="standalone" count="5"/>
      <shelf name="unread" count="5"/>
      <shelf name="lit" count="5"/>
      <shelf name="serial-killer" count="5"/>
      <shelf name="need-to-buy" count="5"/>
      <shelf name="novel" count="5"/>
      <shelf name="transgressive" count="5"/>
      <shelf name="murder" count="5"/>
  </popular_shelves>
  <book_links>
    <book_link>
  <id>8</id>
  <name>Libraries</name>
  <link>https://www.goodreads.com/book_link/follow/8</link>
</book_link>

  </book_links>
  <buy_links>
    <buy_link>
<id>1</id>
<name>Amazon</name>
<link>https://www.goodreads.com/book_link/follow/1</link>
</buy_link>
<buy_link>
<id>10</id>
<name>Audible</name>
<link>https://www.goodreads.com/book_link/follow/10</link>
</buy_link>
<buy_link>
<id>3</id>
<name>Barnes &amp; Noble</name>
<link>https://www.goodreads.com/book_link/follow/3</link>
</buy_link>
<buy_link>
<id>1027</id>
<name>Kobo</name>
<link>https://www.goodreads.com/book_link/follow/1027</link>
</buy_link>
<buy_link>
<id>2102</id>
<name>Apple iBooks</name>
<link>https://www.goodreads.com/book_link/follow/2102</link>
</buy_link>
<buy_link>
<id>8036</id>
<name>Google Play</name>
<link>https://www.goodreads.com/book_link/follow/8036</link>
</buy_link>
<buy_link>
<id>4</id>
<name>Abebooks</name>
<link>https://www.goodreads.com/book_link/follow/4</link>
</buy_link>
<buy_link>
<id>882</id>
<name>Book Depository</name>
<link>https://www.goodreads.com/book_link/follow/882</link>
</buy_link>
<buy_link>
<id>9</id>
<name>Indigo</name>
<link>https://www.goodreads.com/book_link/follow/9</link>
</buy_link>
<buy_link>
<id>2</id>
<name>Half.com</name>
<link>https://www.goodreads.com/book_link/follow/2</link>
</buy_link>
<buy_link>
<id>5</id>
<name>Alibris</name>
<link>https://www.goodreads.com/book_link/follow/5</link>
</buy_link>
<buy_link>
<id>107</id>
<name>Better World Books</name>
<link>https://www.goodreads.com/book_link/follow/107</link>
</buy_link>
<buy_link>
<id>7</id>
<name>IndieBound</name>
<link>https://www.goodreads.com/book_link/follow/7</link>
</buy_link>

  </buy_links>
  <series_works>
    
  </series_works>
  <similar_books>
          <book>
<id>10713935</id>
<title><![CDATA[Crimes in Southern Indiana: Stories]]></title>
<title_without_series><![CDATA[Crimes in Southern Indiana: Stories]]></title_without_series>
<link><![CDATA[https://www.goodreads.com/book/show/10713935-crimes-in-southern-indiana]]></link>
<small_image_url><![CDATA[https://images.gr-assets.com/books/1388447993s/10713935.jpg]]></small_image_url>
<image_url><![CDATA[https://images.gr-assets.com/books/1388447993m/10713935.jpg]]></image_url>
<num_pages>272</num_pages>
<work>
<id>15624459</id>
</work>
<isbn>0374532885</isbn>
<isbn13>9780374532888</isbn13>
<average_rating>3.79</average_rating>
<ratings_count>1884</ratings_count>
<publication_year>2011</publication_year>
<publication_month></publication_month>
<publication_day></publication_day>
<authors>
<author>
<id>3983305</id>
<name>Frank Bill</name>
<link><![CDATA[https://www.goodreads.com/author/show/3983305.Frank_Bill]]></link>
</author>
</authors>
</book>

          <book>
<id>294731</id>
<title>Provinces of Night</title>
<title_without_series>Provinces of Night</title_without_series>
<link><![CDATA[https://www.goodreads.com/book/show/294731.Provinces_of_Night]]></link>
<small_image_url><![CDATA[https://s.gr-assets.com/assets/nophoto/book/50x75-a91bf249278a81aabab721ef782c4a74.png]]></small_image_url>
<image_url><![CDATA[https://s.gr-assets.com/assets/nophoto/book/111x148-bcc042a9c91a29c1d680899eff700a03.png]]></image_url>
<num_pages>292</num_pages>
<work>
<id>285985</id>
</work>
<isbn>057121214X</isbn>
<isbn13>9780571212149</isbn13>
<average_rating>4.19</average_rating>
<ratings_count>1543</ratings_count>
<publication_year>2001</publication_year>
<publication_month></publication_month>
<publication_day></publication_day>
<authors>
<author>
<id>62659</id>
<name>William Gay</name>
<link><![CDATA[https://www.goodreads.com/author/show/62659.William_Gay]]></link>
</author>
</authors>
</book>

          <book>
<id>4309446</id>
<title>Last Days</title>
<title_without_series>Last Days</title_without_series>
<link><![CDATA[https://www.goodreads.com/book/show/4309446-last-days]]></link>
<small_image_url><![CDATA[https://images.gr-assets.com/books/1328763913s/4309446.jpg]]></small_image_url>
<image_url><![CDATA[https://images.gr-assets.com/books/1328763913m/4309446.jpg]]></image_url>
<num_pages>201</num_pages>
<work>
<id>4357169</id>
</work>
<isbn>0980226007</isbn>
<isbn13>9780980226003</isbn13>
<average_rating>3.84</average_rating>
<ratings_count>1057</ratings_count>
<publication_year>2009</publication_year>
<publication_month>2</publication_month>
<publication_day>1</publication_day>
<authors>
<author>
<id>48355</id>
<name>Brian Evenson</name>
<link><![CDATA[https://www.goodreads.com/author/show/48355.Brian_Evenson]]></link>
</author>
</authors>
</book>

          <book>
<id>763679</id>
<title>Tomato Red</title>
<title_without_series>Tomato Red</title_without_series>
<link><![CDATA[https://www.goodreads.com/book/show/763679.Tomato_Red]]></link>
<small_image_url><![CDATA[https://images.gr-assets.com/books/1312060908s/763679.jpg]]></small_image_url>
<image_url><![CDATA[https://images.gr-assets.com/books/1312060908m/763679.jpg]]></image_url>
<num_pages>225</num_pages>
<work>
<id>1923105</id>
</work>
<isbn>0805055770</isbn>
<isbn13>9780805055771</isbn13>
<average_rating>3.79</average_rating>
<ratings_count>2563</ratings_count>
<publication_year>1998</publication_year>
<publication_month>8</publication_month>
<publication_day>15</publication_day>
<authors>
<author>
<id>65135</id>
<name>Daniel Woodrell</name>
<link><![CDATA[https://www.goodreads.com/author/show/65135.Daniel_Woodrell]]></link>
</author>
</authors>
</book>

          <book>
<id>367625</id>
<title>Poachers</title>
<title_without_series>Poachers</title_without_series>
<link><![CDATA[https://www.goodreads.com/book/show/367625.Poachers]]></link>
<small_image_url><![CDATA[https://images.gr-assets.com/books/1400856039s/367625.jpg]]></small_image_url>
<image_url><![CDATA[https://images.gr-assets.com/books/1400856039m/367625.jpg]]></image_url>
<num_pages></num_pages>
<work>
<id>357621</id>
</work>
<isbn>0688177719</isbn>
<isbn13>9780688177713</isbn13>
<average_rating>3.97</average_rating>
<ratings_count>1527</ratings_count>
<publication_year></publication_year>
<publication_month></publication_month>
<publication_day></publication_day>
<authors>
<author>
<id>125736</id>
<name>Tom Franklin</name>
<link><![CDATA[https://www.goodreads.com/author/show/125736.Tom_Franklin]]></link>
</author>
</authors>
</book>

          <book>
<id>8862223</id>
<title>Volt</title>
<title_without_series>Volt</title_without_series>
<link><![CDATA[https://www.goodreads.com/book/show/8862223-volt]]></link>
<small_image_url><![CDATA[https://images.gr-assets.com/books/1312029345s/8862223.jpg]]></small_image_url>
<image_url><![CDATA[https://images.gr-assets.com/books/1312029345m/8862223.jpg]]></image_url>
<num_pages>208</num_pages>
<work>
<id>13737517</id>
</work>
<isbn>1555975771</isbn>
<isbn13>9781555975777</isbn13>
<average_rating>3.91</average_rating>
<ratings_count>1364</ratings_count>
<publication_year>2011</publication_year>
<publication_month>3</publication_month>
<publication_day>1</publication_day>
<authors>
<author>
<id>4193857</id>
<name>Alan Heathcock</name>
<link><![CDATA[https://www.goodreads.com/author/show/4193857.Alan_Heathcock]]></link>
</author>
</authors>
</book>

          <book>
<id>18334</id>
<title>Kentucky Straight: Stories</title>
<title_without_series>Kentucky Straight: Stories</title_without_series>
<link><![CDATA[https://www.goodreads.com/book/show/18334.Kentucky_Straight]]></link>
<small_image_url><![CDATA[https://images.gr-assets.com/books/1403166223s/18334.jpg]]></small_image_url>
<image_url><![CDATA[https://images.gr-assets.com/books/1403166223m/18334.jpg]]></image_url>
<num_pages>192</num_pages>
<work>
<id>19775</id>
</work>
<isbn>067973886X</isbn>
<isbn13>9780679738862</isbn13>
<average_rating>4.05</average_rating>
<ratings_count>712</ratings_count>
<publication_year>1992</publication_year>
<publication_month>10</publication_month>
<publication_day>27</publication_day>
<authors>
<author>
<id>10188</id>
<name>Chris Offutt</name>
<link><![CDATA[https://www.goodreads.com/author/show/10188.Chris_Offutt]]></link>
</author>
</authors>
</book>

          <book>
<id>1507537</id>
<title>Dead Boys: Stories</title>
<title_without_series>Dead Boys: Stories</title_without_series>
<link><![CDATA[https://www.goodreads.com/book/show/1507537.Dead_Boys]]></link>
<small_image_url><![CDATA[https://s.gr-assets.com/assets/nophoto/book/50x75-a91bf249278a81aabab721ef782c4a74.png]]></small_image_url>
<image_url><![CDATA[https://s.gr-assets.com/assets/nophoto/book/111x148-bcc042a9c91a29c1d680899eff700a03.png]]></image_url>
<num_pages></num_pages>
<work>
<id>1499084</id>
</work>
<isbn>0316017361</isbn>
<isbn13>9780316017367</isbn13>
<average_rating>3.98</average_rating>
<ratings_count>433</ratings_count>
<publication_year></publication_year>
<publication_month></publication_month>
<publication_day></publication_day>
<authors>
<author>
<id>704352</id>
<name>Richard Lange</name>
<link><![CDATA[https://www.goodreads.com/author/show/704352.Richard_Lange]]></link>
</author>
</authors>
</book>

          <book>
<id>24847</id>
<title>A Feast of Snakes</title>
<title_without_series>A Feast of Snakes</title_without_series>
<link><![CDATA[https://www.goodreads.com/book/show/24847.A_Feast_of_Snakes]]></link>
<small_image_url><![CDATA[https://s.gr-assets.com/assets/nophoto/book/50x75-a91bf249278a81aabab721ef782c4a74.png]]></small_image_url>
<image_url><![CDATA[https://s.gr-assets.com/assets/nophoto/book/111x148-bcc042a9c91a29c1d680899eff700a03.png]]></image_url>
<num_pages>192</num_pages>
<work>
<id>449423</id>
</work>
<isbn>0684842483</isbn>
<isbn13>9780684842486</isbn13>
<average_rating>4.02</average_rating>
<ratings_count>3157</ratings_count>
<publication_year>1998</publication_year>
<publication_month>1</publication_month>
<publication_day>7</publication_day>
<authors>
<author>
<id>13996</id>
<name>Harry Crews</name>
<link><![CDATA[https://www.goodreads.com/author/show/13996.Harry_Crews]]></link>
</author>
</authors>
</book>

          <book>
<id>352582</id>
<title>The Night of the Hunter</title>
<title_without_series>The Night of the Hunter</title_without_series>
<link><![CDATA[https://www.goodreads.com/book/show/352582.The_Night_of_the_Hunter]]></link>
<small_image_url><![CDATA[https://s.gr-assets.com/assets/nophoto/book/50x75-a91bf249278a81aabab721ef782c4a74.png]]></small_image_url>
<image_url><![CDATA[https://s.gr-assets.com/assets/nophoto/book/111x148-bcc042a9c91a29c1d680899eff700a03.png]]></image_url>
<num_pages>200</num_pages>
<work>
<id>342807</id>
</work>
<isbn>1596542292</isbn>
<isbn13>9781596542297</isbn13>
<average_rating>4.19</average_rating>
<ratings_count>971</ratings_count>
<publication_year>2005</publication_year>
<publication_month>6</publication_month>
<publication_day>1</publication_day>
<authors>
<author>
<id>202192</id>
<name>Davis Grubb</name>
<link><![CDATA[https://www.goodreads.com/author/show/202192.Davis_Grubb]]></link>
</author>
</authors>
</book>

          <book>
<id>13167791</id>
<title>Last Call for the Living</title>
<title_without_series>Last Call for the Living</title_without_series>
<link><![CDATA[https://www.goodreads.com/book/show/13167791-last-call-for-the-living]]></link>
<small_image_url><![CDATA[https://s.gr-assets.com/assets/nophoto/book/50x75-a91bf249278a81aabab721ef782c4a74.png]]></small_image_url>
<image_url><![CDATA[https://s.gr-assets.com/assets/nophoto/book/111x148-bcc042a9c91a29c1d680899eff700a03.png]]></image_url>
<num_pages>301</num_pages>
<work>
<id>18347047</id>
</work>
<isbn>0765330075</isbn>
<isbn13>9780765330079</isbn13>
<average_rating>3.83</average_rating>
<ratings_count>263</ratings_count>
<publication_year>2012</publication_year>
<publication_month>5</publication_month>
<publication_day>22</publication_day>
<authors>
<author>
<id>5369610</id>
<name>Peter Farris</name>
<link><![CDATA[https://www.goodreads.com/author/show/5369610.Peter_Farris]]></link>
</author>
</authors>
</book>

          <book>
<id>8098538</id>
<title>Pike</title>
<title_without_series>Pike</title_without_series>
<link><![CDATA[https://www.goodreads.com/book/show/8098538-pike]]></link>
<small_image_url><![CDATA[https://images.gr-assets.com/books/1328742406s/8098538.jpg]]></small_image_url>
<image_url><![CDATA[https://images.gr-assets.com/books/1328742406m/8098538.jpg]]></image_url>
<num_pages>224</num_pages>
<work>
<id>12864681</id>
</work>
<isbn>1604860898</isbn>
<isbn13>9781604860894</isbn13>
<average_rating>3.94</average_rating>
<ratings_count>327</ratings_count>
<publication_year>2010</publication_year>
<publication_month>8</publication_month>
<publication_day>25</publication_day>
<authors>
<author>
<id>3504466</id>
<name>Benjamin Whitmer</name>
<link><![CDATA[https://www.goodreads.com/author/show/3504466.Benjamin_Whitmer]]></link>
</author>
</authors>
</book>

          <book>
<id>9083994</id>
<title>The Last Brother</title>
<title_without_series>The Last Brother</title_without_series>
<link><![CDATA[https://www.goodreads.com/book/show/9083994-the-last-brother]]></link>
<small_image_url><![CDATA[https://images.gr-assets.com/books/1312024054s/9083994.jpg]]></small_image_url>
<image_url><![CDATA[https://images.gr-assets.com/books/1312024054m/9083994.jpg]]></image_url>
<num_pages>165</num_pages>
<work>
<id>13962226</id>
</work>
<isbn>1555975755</isbn>
<isbn13>9781555975753</isbn13>
<average_rating>3.74</average_rating>
<ratings_count>1135</ratings_count>
<publication_year>2011</publication_year>
<publication_month>2</publication_month>
<publication_day>1</publication_day>
<authors>
<author>
<id>698775</id>
<name>Nathacha Appanah</name>
<link><![CDATA[https://www.goodreads.com/author/show/698775.Nathacha_Appanah]]></link>
</author>
</authors>
</book>

          <book>
<id>209896</id>
<title>He Died With His Eyes Open</title>
<title_without_series>He Died With His Eyes Open</title_without_series>
<link><![CDATA[https://www.goodreads.com/book/show/209896.He_Died_With_His_Eyes_Open]]></link>
<small_image_url><![CDATA[https://s.gr-assets.com/assets/nophoto/book/50x75-a91bf249278a81aabab721ef782c4a74.png]]></small_image_url>
<image_url><![CDATA[https://s.gr-assets.com/assets/nophoto/book/111x148-bcc042a9c91a29c1d680899eff700a03.png]]></image_url>
<num_pages>224</num_pages>
<work>
<id>203159</id>
</work>
<isbn>1852427965</isbn>
<isbn13>9781852427962</isbn13>
<average_rating>3.79</average_rating>
<ratings_count>1479</ratings_count>
<publication_year>2006</publication_year>
<publication_month>12</publication_month>
<publication_day>1</publication_day>
<authors>
<author>
<id>122886</id>
<name>Derek Raymond</name>
<link><![CDATA[https://www.goodreads.com/author/show/122886.Derek_Raymond]]></link>
</author>
</authors>
</book>

  </similar_books>
</book>

</GoodreadsResponse>