<?xml version="1.0" encoding="UTF-8"?>
<GoodreadsResponse>
  <Request>
    <authentication>true</authentication>
      <key><![CDATA[all_men_must_serve]]></key>
    <method><![CDATA[book_show]]></method>
  </Request>
  <book>
  <id>1011359</id>
  <title><![CDATA[Ouran High School Host Club, Vol. 2 (Ouran High School Host Club, #2)]]></title>
  <isbn><![CDATA[1591169909]]></isbn>
  <isbn13><![CDATA[9781591169901]]></isbn13>
  <asin><![CDATA[]]></asin>
  <kindle_asin><![CDATA[B00FDZEPEY]]></kindle_asin>
  <marketplace_id><![CDATA[A1F83G8C2ARO7P]]></marketplace_id>
  <country_code><![CDATA[GB]]></country_code>
  <image_url>https://s.gr-assets.com/assets/nophoto/book/111x148-bcc042a9c91a29c1d680899eff700a03.png</image_url>
  <small_image_url>https://s.gr-assets.com/assets/nophoto/book/50x75-a91bf249278a81aabab721ef782c4a74.png</small_image_url>
  <publication_year></publication_year>
  <publication_month></publication_month>
  <publication_day></publication_day>
  <publisher>VIZ Media  </publisher>
  <language_code>eng</language_code>
  <is_ebook>false</is_ebook>
  <description><![CDATA[The school-wide physical exam has thrown the members of the elegant Host Club for a loop. How can the doctor not discover that Haruhi is a girl? And once the female customers learn the turn, Haruhi can kiss her job goodbye. Illustrations. Rated for teens.]]></description>
  <work>
  <id type="integer">3352921</id>
  <books_count type="integer">16</books_count>
  <best_book_id type="integer">1011359</best_book_id>
  <reviews_count type="integer">20829</reviews_count>
  <ratings_sum type="integer">64683</ratings_sum>
  <ratings_count type="integer">14512</ratings_count>
  <text_reviews_count type="integer">232</text_reviews_count>
  <original_publication_year type="integer">2003</original_publication_year>
  <original_publication_month type="integer">11</original_publication_month>
  <original_publication_day type="integer">5</original_publication_day>
  <original_title>桜蘭高校ホスト部 2</original_title>
  <original_language_id type="integer" nil="true"/>
  <media_type>book</media_type>
  <rating_dist>5:8966|4:3610|3:1619|2:239|1:78|total:14512</rating_dist>
  <desc_user_id type="integer">16653260</desc_user_id>
  <default_chaptering_book_id type="integer" nil="true"/>
  <default_description_language_code nil="true"/>
</work>
  <average_rating>4.46</average_rating>
  <num_pages><![CDATA[]]></num_pages>
  <format><![CDATA[]]></format>
  <edition_information><![CDATA[]]></edition_information>
  <ratings_count><![CDATA[14357]]></ratings_count>
  <text_reviews_count><![CDATA[226]]></text_reviews_count>
  <url><![CDATA[https://www.goodreads.com/book/show/1011359.Ouran_High_School_Host_Club_Vol_2]]></url>
  <link><![CDATA[https://www.goodreads.com/book/show/1011359.Ouran_High_School_Host_Club_Vol_2]]></link>
  <authors>
<author>
<id>144405</id>
<name>Bisco Hatori</name>
<role></role>
<image_url nophoto='false'>
<![CDATA[https://images.gr-assets.com/authors/1371118773p5/144405.jpg]]>
</image_url>
<small_image_url nophoto='false'>
<![CDATA[https://images.gr-assets.com/authors/1371118773p2/144405.jpg]]>
</small_image_url>
<link><![CDATA[https://www.goodreads.com/author/show/144405.Bisco_Hatori]]></link>
<average_rating>4.42</average_rating>
<ratings_count>290913</ratings_count>
<text_reviews_count>3538</text_reviews_count>
</author>
</authors>

    <reviews_widget>
      <![CDATA[
        <style>
  #goodreads-widget {
    font-family: georgia, serif;
    padding: 18px 0;
    width:565px;
  }
  #goodreads-widget h1 {
    font-weight:normal;
    font-size: 16px;
    border-bottom: 1px solid #BBB596;
    margin-bottom: 0;
  }
  #goodreads-widget a {
    text-decoration: none;
    color:#660;
  }
  iframe{
    background-color: #fff;
  }
  #goodreads-widget a:hover { text-decoration: underline; }
  #goodreads-widget a:active {
    color:#660;
  }
  #gr_footer {
    width: 100%;
    border-top: 1px solid #BBB596;
    text-align: right;
  }
  #goodreads-widget .gr_branding{
    color: #382110;
    font-size: 11px;
    text-decoration: none;
    font-family: "Helvetica Neue", Helvetica, Arial, sans-serif;
  }
</style>
<div id="goodreads-widget">
  <div id="gr_header"><h1><a rel="nofollow" href="https://www.goodreads.com/book/show/1011359.Ouran_High_School_Host_Club_Vol_2">Ouran High School Host Club, Vol. 2 Reviews</a></h1></div>
  <iframe id="the_iframe" src="https://www.goodreads.com/api/reviews_widget_iframe?did=DEVELOPER_ID&amp;format=html&amp;isbn=1591169909&amp;links=660&amp;min_rating=&amp;review_back=fff&amp;stars=000&amp;text=000" width="565" height="400" frameborder="0"></iframe>
  <div id="gr_footer">
    <a class="gr_branding" target="_blank" rel="nofollow" href="https://www.goodreads.com/book/show/1011359.Ouran_High_School_Host_Club_Vol_2?utm_medium=api&amp;utm_source=reviews_widget">Reviews from Goodreads.com</a>
  </div>
</div>

      ]]>
    </reviews_widget>
  <popular_shelves>
      <shelf name="to-read" count="4298"/>
      <shelf name="manga" count="2026"/>
      <shelf name="romance" count="127"/>
      <shelf name="currently-reading" count="92"/>
      <shelf name="favorites" count="90"/>
      <shelf name="graphic-novels" count="84"/>
      <shelf name="owned" count="62"/>
      <shelf name="mangas" count="61"/>
      <shelf name="books-i-own" count="58"/>
      <shelf name="young-adult" count="53"/>
      <shelf name="humor" count="49"/>
      <shelf name="shoujo" count="48"/>
      <shelf name="graphic-novel" count="43"/>
      <shelf name="comedy" count="42"/>
      <shelf name="read-manga" count="41"/>
      <shelf name="comics" count="39"/>
      <shelf name="manga-read" count="38"/>
      <shelf name="series" count="34"/>
      <shelf name="ouran-high-school-host-club" count="32"/>
      <shelf name="fiction" count="32"/>
      <shelf name="manga-comics" count="32"/>
      <shelf name="anime" count="32"/>
      <shelf name="manga-graphic-novels" count="26"/>
      <shelf name="ya" count="23"/>
      <shelf name="shojo" count="22"/>
      <shelf name="shōjo" count="21"/>
      <shelf name="comics-manga" count="19"/>
      <shelf name="library" count="19"/>
      <shelf name="my-books" count="16"/>
      <shelf name="funny" count="16"/>
      <shelf name="owned-manga" count="16"/>
      <shelf name="default" count="15"/>
      <shelf name="contemporary" count="14"/>
      <shelf name="manga-and-comics" count="14"/>
      <shelf name="shoujo-manga" count="13"/>
      <shelf name="manga-shoujo" count="13"/>
      <shelf name="favourites" count="12"/>
      <shelf name="graphic-novels-manga" count="12"/>
      <shelf name="school-life" count="11"/>
      <shelf name="teen" count="11"/>
      <shelf name="owned-books" count="11"/>
      <shelf name="japan" count="11"/>
      <shelf name="manga-i-own" count="11"/>
      <shelf name="host-club" count="11"/>
      <shelf name="manga-to-read" count="10"/>
      <shelf name="gender-bender" count="10"/>
      <shelf name="manga-i-ve-read" count="10"/>
      <shelf name="drama" count="10"/>
      <shelf name="manga-graphic-novel" count="10"/>
      <shelf name="manga-manhwa" count="10"/>
      <shelf name="read-in-2015" count="9"/>
      <shelf name="graphic-novels-and-manga" count="9"/>
      <shelf name="humour" count="9"/>
      <shelf name="i-own" count="9"/>
      <shelf name="school" count="9"/>
      <shelf name="high-school" count="9"/>
      <shelf name="bisco-hatori" count="9"/>
      <shelf name="manga-shojo" count="9"/>
      <shelf name="ouran" count="9"/>
      <shelf name="manga-and-graphic-novels" count="8"/>
      <shelf name="comics-and-manga" count="8"/>
      <shelf name="graphic-novel-manga" count="8"/>
      <shelf name="shojo-manga" count="8"/>
      <shelf name="5-stars" count="7"/>
      <shelf name="reverse-harem" count="7"/>
      <shelf name="favorite-manga" count="7"/>
      <shelf name="borrowed" count="7"/>
      <shelf name="comic" count="7"/>
      <shelf name="read-in-2016" count="6"/>
      <shelf name="2014-reads" count="6"/>
      <shelf name="slice-of-life" count="6"/>
      <shelf name="mangas-read" count="6"/>
      <shelf name="my-library" count="6"/>
      <shelf name="ouran-host-club" count="6"/>
      <shelf name="lgbtq" count="5"/>
      <shelf name="read-2016" count="5"/>
      <shelf name="2016-reads" count="5"/>
      <shelf name="2015-reads" count="5"/>
      <shelf name="manga-owned" count="5"/>
      <shelf name="graphic-novels-comics" count="5"/>
      <shelf name="read-2014" count="5"/>
      <shelf name="paperback" count="5"/>
      <shelf name="read-in-2013" count="5"/>
      <shelf name="4-stars" count="5"/>
      <shelf name="romantic-comedy" count="5"/>
      <shelf name="love" count="5"/>
      <shelf name="read-in-2011" count="5"/>
      <shelf name="graphic" count="5"/>
      <shelf name="comic-manga" count="5"/>
      <shelf name="own-it" count="5"/>
      <shelf name="ohshc" count="5"/>
      <shelf name="graphic-novels-and-comics" count="5"/>
      <shelf name="anime-manga" count="5"/>
      <shelf name="to-buy" count="5"/>
      <shelf name="to-read-manga" count="4"/>
      <shelf name="re-read" count="4"/>
      <shelf name="manga-comics-graphic-novels" count="4"/>
      <shelf name="ebooks" count="4"/>
      <shelf name="romantic" count="4"/>
      <shelf name="manga-collection" count="4"/>
  </popular_shelves>
  <book_links>
    <book_link>
  <id>8</id>
  <name>Libraries</name>
  <link>https://www.goodreads.com/book_link/follow/8</link>
</book_link>

  </book_links>
  <buy_links>
    <buy_link>
<id>1</id>
<name>Amazon</name>
<link>https://www.goodreads.com/book_link/follow/1</link>
</buy_link>
<buy_link>
<id>10</id>
<name>Audible</name>
<link>https://www.goodreads.com/book_link/follow/10</link>
</buy_link>
<buy_link>
<id>3</id>
<name>Barnes &amp; Noble</name>
<link>https://www.goodreads.com/book_link/follow/3</link>
</buy_link>
<buy_link>
<id>1027</id>
<name>Kobo</name>
<link>https://www.goodreads.com/book_link/follow/1027</link>
</buy_link>
<buy_link>
<id>2102</id>
<name>Apple iBooks</name>
<link>https://www.goodreads.com/book_link/follow/2102</link>
</buy_link>
<buy_link>
<id>8036</id>
<name>Google Play</name>
<link>https://www.goodreads.com/book_link/follow/8036</link>
</buy_link>
<buy_link>
<id>4</id>
<name>Abebooks</name>
<link>https://www.goodreads.com/book_link/follow/4</link>
</buy_link>
<buy_link>
<id>882</id>
<name>Book Depository</name>
<link>https://www.goodreads.com/book_link/follow/882</link>
</buy_link>
<buy_link>
<id>9</id>
<name>Indigo</name>
<link>https://www.goodreads.com/book_link/follow/9</link>
</buy_link>
<buy_link>
<id>2</id>
<name>Half.com</name>
<link>https://www.goodreads.com/book_link/follow/2</link>
</buy_link>
<buy_link>
<id>5</id>
<name>Alibris</name>
<link>https://www.goodreads.com/book_link/follow/5</link>
</buy_link>
<buy_link>
<id>107</id>
<name>Better World Books</name>
<link>https://www.goodreads.com/book_link/follow/107</link>
</buy_link>
<buy_link>
<id>7</id>
<name>IndieBound</name>
<link>https://www.goodreads.com/book_link/follow/7</link>
</buy_link>

  </buy_links>
  <series_works>
    <series_work>
<id>208921</id>
<user_position>2</user_position>
<series>
<id>53423</id>
<title>
<![CDATA[
    Ouran High School Host Club
]]>
</title>
<description>
<![CDATA[
    Ouran High School Host Club is complete with 18 volumes.
    
    In this screwball romantic comedy, Haruhi, a poor girl at a rich kids' school, is forced to repay an $80,000 debt by working for the school's swankiest, all-male club-as a boy! There she discovers just how wealthy the six members are and how different the rich are from everybody else...
]]>
</description>
<note>
<![CDATA[
]]>
</note>
<series_works_count>19</series_works_count>
<primary_work_count>18</primary_work_count>
<numbered>true</numbered>
</series>

</series_work>

  </series_works>
  <similar_books>
          <book>
<id>1328025</id>
<title><![CDATA[Hana-Kimi, Vol. 20 (Hana-Kimi, #20)]]></title>
<title_without_series>Hana-Kimi, Vol. 20</title_without_series>
<link><![CDATA[https://www.goodreads.com/book/show/1328025.Hana_Kimi_Vol_20]]></link>
<small_image_url><![CDATA[https://s.gr-assets.com/assets/nophoto/book/50x75-a91bf249278a81aabab721ef782c4a74.png]]></small_image_url>
<image_url><![CDATA[https://s.gr-assets.com/assets/nophoto/book/111x148-bcc042a9c91a29c1d680899eff700a03.png]]></image_url>
<num_pages>200</num_pages>
<work>
<id>1317467</id>
</work>
<isbn>1421509954</isbn>
<isbn13>9781421509952</isbn13>
<average_rating>4.38</average_rating>
<ratings_count>3307</ratings_count>
<publication_year>2007</publication_year>
<publication_month>10</publication_month>
<publication_day>16</publication_day>
<authors>
<author>
<id>164153</id>
<name>Hisaya Nakajo</name>
<link><![CDATA[https://www.goodreads.com/author/show/164153.Hisaya_Nakajo]]></link>
</author>
</authors>
</book>

          <book>
<id>836606</id>
<title>Fruits Basket, Vol. 2</title>
<title_without_series>Fruits Basket, Vol. 2</title_without_series>
<link><![CDATA[https://www.goodreads.com/book/show/836606.Fruits_Basket_Vol_2]]></link>
<small_image_url><![CDATA[https://images.gr-assets.com/books/1337807470s/836606.jpg]]></small_image_url>
<image_url><![CDATA[https://images.gr-assets.com/books/1337807470m/836606.jpg]]></image_url>
<num_pages>194</num_pages>
<work>
<id>262961</id>
</work>
<isbn>1591826047</isbn>
<isbn13>9781591826040</isbn13>
<average_rating>4.34</average_rating>
<ratings_count>16110</ratings_count>
<publication_year></publication_year>
<publication_month></publication_month>
<publication_day></publication_day>
<authors>
<author>
<id>26306</id>
<name>Natsuki Takaya</name>
<link><![CDATA[https://www.goodreads.com/author/show/26306.Natsuki_Takaya]]></link>
</author>
</authors>
</book>

          <book>
<id>2378746</id>
<title><![CDATA[The Gentlemen's Alliance †, Vol. 7]]></title>
<title_without_series><![CDATA[The Gentlemen's Alliance †, Vol. 7]]></title_without_series>
<link><![CDATA[https://www.goodreads.com/book/show/2378746.The_Gentlemen_s_Alliance_Vol_7]]></link>
<small_image_url><![CDATA[https://s.gr-assets.com/assets/nophoto/book/50x75-a91bf249278a81aabab721ef782c4a74.png]]></small_image_url>
<image_url><![CDATA[https://s.gr-assets.com/assets/nophoto/book/111x148-bcc042a9c91a29c1d680899eff700a03.png]]></image_url>
<num_pages>200</num_pages>
<work>
<id>2385657</id>
</work>
<isbn>1421519739</isbn>
<isbn13>9781421519739</isbn13>
<average_rating>4.21</average_rating>
<ratings_count>2076</ratings_count>
<publication_year>2008</publication_year>
<publication_month>9</publication_month>
<publication_day>2</publication_day>
<authors>
<author>
<id>311365</id>
<name>Arina Tanemura</name>
<link><![CDATA[https://www.goodreads.com/author/show/311365.Arina_Tanemura]]></link>
</author>
</authors>
</book>

  </similar_books>
</book>

</GoodreadsResponse>