<?xml version="1.0" encoding="UTF-8"?>
<GoodreadsResponse>
  <Request>
    <authentication>true</authentication>
      <key><![CDATA[all_men_must_serve]]></key>
    <method><![CDATA[book_show]]></method>
  </Request>
  <book>
  <id>101299</id>
  <title>The Reader</title>
  <isbn><![CDATA[0375408266]]></isbn>
  <isbn13><![CDATA[9780375408267]]></isbn13>
  <asin><![CDATA[]]></asin>
  <kindle_asin><![CDATA[B005GQ5HB0]]></kindle_asin>
  <marketplace_id><![CDATA[A1F83G8C2ARO7P]]></marketplace_id>
  <country_code><![CDATA[GB]]></country_code>
  <image_url>https://images.gr-assets.com/books/1327936339m/101299.jpg</image_url>
  <small_image_url>https://images.gr-assets.com/books/1327936339s/101299.jpg</small_image_url>
  <publication_year>1997</publication_year>
  <publication_month>6</publication_month>
  <publication_day>26</publication_day>
  <publisher>Pantheon</publisher>
  <language_code>eng</language_code>
  <is_ebook>false</is_ebook>
  <description><![CDATA[Hailed for its coiled eroticism and the moral claims it makes upon the reader, this mesmerizing novel is a story of love and secrets, horror and compassion, unfolding against the haunted landscape of postwar Germany.<br /><br />When he falls ill on his way home from school, fifteen-year-old Michael Berg is rescued by Hanna, a woman twice his age. In time she becomes his lover—then she inexplicably disappears. When Michael next sees her, he is a young law student, and she is on trial for a hideous crime. As he watches her refuse to defend her innocence, Michael gradually realizes that Hanna may be guarding a secret she considers more shameful than murder.]]></description>
  <work>
  <id type="integer">23684</id>
  <books_count type="integer">183</books_count>
  <best_book_id type="integer">101299</best_book_id>
  <reviews_count type="integer">207081</reviews_count>
  <ratings_sum type="integer">528969</ratings_sum>
  <ratings_count type="integer">141766</ratings_count>
  <text_reviews_count type="integer">8533</text_reviews_count>
  <original_publication_year type="integer">1995</original_publication_year>
  <original_publication_month type="integer" nil="true"/>
  <original_publication_day type="integer" nil="true"/>
  <original_title>Der Vorleser</original_title>
  <original_language_id type="integer" nil="true"/>
  <media_type>book</media_type>
  <rating_dist>5:32432|4:55746|3:39625|2:10987|1:2976|total:141766</rating_dist>
  <desc_user_id type="integer">7492276</desc_user_id>
  <default_chaptering_book_id type="integer" nil="true"/>
  <default_description_language_code nil="true"/>
</work>
  <average_rating>3.73</average_rating>
  <num_pages><![CDATA[216]]></num_pages>
  <format><![CDATA[]]></format>
  <edition_information><![CDATA[]]></edition_information>
  <ratings_count><![CDATA[119951]]></ratings_count>
  <text_reviews_count><![CDATA[6124]]></text_reviews_count>
  <url><![CDATA[https://www.goodreads.com/book/show/101299.The_Reader]]></url>
  <link><![CDATA[https://www.goodreads.com/book/show/101299.The_Reader]]></link>
  <authors>
<author>
<id>2894</id>
<name>Bernhard Schlink</name>
<role></role>
<image_url nophoto='false'>
<![CDATA[https://images.gr-assets.com/authors/1289574162p5/2894.jpg]]>
</image_url>
<small_image_url nophoto='false'>
<![CDATA[https://images.gr-assets.com/authors/1289574162p2/2894.jpg]]>
</small_image_url>
<link><![CDATA[https://www.goodreads.com/author/show/2894.Bernhard_Schlink]]></link>
<average_rating>3.71</average_rating>
<ratings_count>150273</ratings_count>
<text_reviews_count>9542</text_reviews_count>
</author>
<author>
<id>58512</id>
<name>Carol Brown Janeway</name>
<role>Translator</role>
<image_url nophoto='true'>
<![CDATA[https://s.gr-assets.com/assets/nophoto/user/f_200x266-3061b784cc8e7f021c6430c9aba94587.png]]>
</image_url>
<small_image_url nophoto='true'>
<![CDATA[https://s.gr-assets.com/assets/nophoto/user/f_50x66-6a03a5c12233c941481992b82eea8d23.png]]>
</small_image_url>
<link><![CDATA[https://www.goodreads.com/author/show/58512.Carol_Brown_Janeway]]></link>
<average_rating>3.73</average_rating>
<ratings_count>143267</ratings_count>
<text_reviews_count>9121</text_reviews_count>
</author>
</authors>

    <reviews_widget>
      <![CDATA[
        <style>
  #goodreads-widget {
    font-family: georgia, serif;
    padding: 18px 0;
    width:565px;
  }
  #goodreads-widget h1 {
    font-weight:normal;
    font-size: 16px;
    border-bottom: 1px solid #BBB596;
    margin-bottom: 0;
  }
  #goodreads-widget a {
    text-decoration: none;
    color:#660;
  }
  iframe{
    background-color: #fff;
  }
  #goodreads-widget a:hover { text-decoration: underline; }
  #goodreads-widget a:active {
    color:#660;
  }
  #gr_footer {
    width: 100%;
    border-top: 1px solid #BBB596;
    text-align: right;
  }
  #goodreads-widget .gr_branding{
    color: #382110;
    font-size: 11px;
    text-decoration: none;
    font-family: "Helvetica Neue", Helvetica, Arial, sans-serif;
  }
</style>
<div id="goodreads-widget">
  <div id="gr_header"><h1><a rel="nofollow" href="https://www.goodreads.com/book/show/101299.The_Reader">The Reader Reviews</a></h1></div>
  <iframe id="the_iframe" src="https://www.goodreads.com/api/reviews_widget_iframe?did=DEVELOPER_ID&amp;format=html&amp;isbn=0375408266&amp;links=660&amp;min_rating=&amp;review_back=fff&amp;stars=000&amp;text=000" width="565" height="400" frameborder="0"></iframe>
  <div id="gr_footer">
    <a class="gr_branding" target="_blank" rel="nofollow" href="https://www.goodreads.com/book/show/101299.The_Reader?utm_medium=api&amp;utm_source=reviews_widget">Reviews from Goodreads.com</a>
  </div>
</div>

      ]]>
    </reviews_widget>
  <popular_shelves>
      <shelf name="to-read" count="45781"/>
      <shelf name="fiction" count="2285"/>
      <shelf name="historical-fiction" count="1481"/>
      <shelf name="currently-reading" count="1471"/>
      <shelf name="favorites" count="1036"/>
      <shelf name="books-i-own" count="534"/>
      <shelf name="owned" count="397"/>
      <shelf name="holocaust" count="372"/>
      <shelf name="german" count="357"/>
      <shelf name="book-club" count="344"/>
      <shelf name="romance" count="328"/>
      <shelf name="historical" count="309"/>
      <shelf name="classics" count="283"/>
      <shelf name="1001-books" count="266"/>
      <shelf name="germany" count="260"/>
      <shelf name="war" count="222"/>
      <shelf name="wwii" count="204"/>
      <shelf name="contemporary" count="177"/>
      <shelf name="literature" count="163"/>
      <shelf name="owned-books" count="159"/>
      <shelf name="german-literature" count="159"/>
      <shelf name="novels" count="157"/>
      <shelf name="1001" count="152"/>
      <shelf name="adult-fiction" count="147"/>
      <shelf name="adult" count="139"/>
      <shelf name="default" count="132"/>
      <shelf name="literary-fiction" count="122"/>
      <shelf name="favourites" count="118"/>
      <shelf name="history" count="118"/>
      <shelf name="deutsch" count="112"/>
      <shelf name="library" count="112"/>
      <shelf name="1001-books-to-read-before-you-die" count="107"/>
      <shelf name="contemporary-fiction" count="105"/>
      <shelf name="novel" count="104"/>
      <shelf name="world-war-ii" count="103"/>
      <shelf name="drama" count="96"/>
      <shelf name="read-in-2009" count="93"/>
      <shelf name="school" count="89"/>
      <shelf name="europe" count="87"/>
      <shelf name="my-books" count="84"/>
      <shelf name="bookclub" count="83"/>
      <shelf name="ww2" count="80"/>
      <shelf name="oprah" count="79"/>
      <shelf name="oprah-s-book-club" count="78"/>
      <shelf name="general-fiction" count="75"/>
      <shelf name="20th-century" count="74"/>
      <shelf name="my-library" count="73"/>
      <shelf name="coming-of-age" count="72"/>
      <shelf name="i-own" count="72"/>
      <shelf name="translated" count="64"/>
      <shelf name="books-about-books" count="63"/>
      <shelf name="audiobook" count="61"/>
      <shelf name="audiobooks" count="60"/>
      <shelf name="read-in-german" count="59"/>
      <shelf name="to-buy" count="59"/>
      <shelf name="bernhard-schlink" count="57"/>
      <shelf name="german-lit" count="57"/>
      <shelf name="oprahs-book-club" count="55"/>
      <shelf name="audio" count="54"/>
      <shelf name="world-war-2" count="54"/>
      <shelf name="own-it" count="52"/>
      <shelf name="classic" count="51"/>
      <shelf name="read-for-school" count="50"/>
      <shelf name="1001-books-to-read" count="48"/>
      <shelf name="translation" count="48"/>
      <shelf name="borrowed" count="48"/>
      <shelf name="1001-books-you-must-read-before-you" count="48"/>
      <shelf name="kindle" count="46"/>
      <shelf name="oprah-book-club" count="44"/>
      <shelf name="read-in-2015" count="43"/>
      <shelf name="read-2009" count="43"/>
      <shelf name="book-group" count="43"/>
      <shelf name="movies" count="43"/>
      <shelf name="read-in-2011" count="42"/>
      <shelf name="literary" count="41"/>
      <shelf name="wish-list" count="41"/>
      <shelf name="read-in-2010" count="39"/>
      <shelf name="movie" count="37"/>
      <shelf name="love" count="36"/>
      <shelf name="read-in-2014" count="35"/>
      <shelf name="book-to-movie" count="34"/>
      <shelf name="read-in-2016" count="33"/>
      <shelf name="read-in-2013" count="33"/>
      <shelf name="read-in-2012" count="33"/>
      <shelf name="shelfari-favorites" count="32"/>
      <shelf name="roman" count="31"/>
      <shelf name="on-my-shelf" count="31"/>
      <shelf name="modern" count="30"/>
      <shelf name="book-club-books" count="30"/>
      <shelf name="modern-fiction" count="30"/>
      <shelf name="modern-classics" count="29"/>
      <shelf name="relationships" count="29"/>
      <shelf name="book-club-reads" count="29"/>
      <shelf name="paperback" count="28"/>
      <shelf name="own-to-read" count="28"/>
      <shelf name="books-made-into-movies" count="28"/>
      <shelf name="english" count="27"/>
      <shelf name="ebook" count="27"/>
      <shelf name="home-library" count="27"/>
      <shelf name="to-read-fiction" count="27"/>
  </popular_shelves>
  <book_links>
    <book_link>
  <id>8</id>
  <name>Libraries</name>
  <link>https://www.goodreads.com/book_link/follow/8</link>
</book_link>

  </book_links>
  <buy_links>
    <buy_link>
<id>1</id>
<name>Amazon</name>
<link>https://www.goodreads.com/book_link/follow/1</link>
</buy_link>
<buy_link>
<id>10</id>
<name>Audible</name>
<link>https://www.goodreads.com/book_link/follow/10</link>
</buy_link>
<buy_link>
<id>3</id>
<name>Barnes &amp; Noble</name>
<link>https://www.goodreads.com/book_link/follow/3</link>
</buy_link>
<buy_link>
<id>1027</id>
<name>Kobo</name>
<link>https://www.goodreads.com/book_link/follow/1027</link>
</buy_link>
<buy_link>
<id>2102</id>
<name>Apple iBooks</name>
<link>https://www.goodreads.com/book_link/follow/2102</link>
</buy_link>
<buy_link>
<id>8036</id>
<name>Google Play</name>
<link>https://www.goodreads.com/book_link/follow/8036</link>
</buy_link>
<buy_link>
<id>4</id>
<name>Abebooks</name>
<link>https://www.goodreads.com/book_link/follow/4</link>
</buy_link>
<buy_link>
<id>882</id>
<name>Book Depository</name>
<link>https://www.goodreads.com/book_link/follow/882</link>
</buy_link>
<buy_link>
<id>9</id>
<name>Indigo</name>
<link>https://www.goodreads.com/book_link/follow/9</link>
</buy_link>
<buy_link>
<id>2</id>
<name>Half.com</name>
<link>https://www.goodreads.com/book_link/follow/2</link>
</buy_link>
<buy_link>
<id>5</id>
<name>Alibris</name>
<link>https://www.goodreads.com/book_link/follow/5</link>
</buy_link>
<buy_link>
<id>107</id>
<name>Better World Books</name>
<link>https://www.goodreads.com/book_link/follow/107</link>
</buy_link>
<buy_link>
<id>7</id>
<name>IndieBound</name>
<link>https://www.goodreads.com/book_link/follow/7</link>
</buy_link>

  </buy_links>
  <series_works>
    
  </series_works>
  <similar_books>
          <book>
<id>5202</id>
<title><![CDATA[The Treasure Hunt: A Little Bill Book]]></title>
<title_without_series><![CDATA[The Treasure Hunt: A Little Bill Book]]></title_without_series>
<link><![CDATA[https://www.goodreads.com/book/show/5202.The_Treasure_Hunt]]></link>
<small_image_url><![CDATA[https://s.gr-assets.com/assets/nophoto/book/50x75-a91bf249278a81aabab721ef782c4a74.png]]></small_image_url>
<image_url><![CDATA[https://s.gr-assets.com/assets/nophoto/book/111x148-bcc042a9c91a29c1d680899eff700a03.png]]></image_url>
<num_pages>40</num_pages>
<work>
<id>2237829</id>
</work>
<isbn>0590956183</isbn>
<isbn13>9780590956185</isbn13>
<average_rating>3.33</average_rating>
<ratings_count>314</ratings_count>
<publication_year>1997</publication_year>
<publication_month>9</publication_month>
<publication_day>1</publication_day>
<authors>
<author>
<id>3537</id>
<name>Bill Cosby</name>
<link><![CDATA[https://www.goodreads.com/author/show/3537.Bill_Cosby]]></link>
</author>
</authors>
</book>

          <book>
<id>281285</id>
<title><![CDATA[The Invention of Curried Sausage]]></title>
<title_without_series><![CDATA[The Invention of Curried Sausage]]></title_without_series>
<link><![CDATA[https://www.goodreads.com/book/show/281285.The_Invention_of_Curried_Sausage]]></link>
<small_image_url><![CDATA[https://s.gr-assets.com/assets/nophoto/book/50x75-a91bf249278a81aabab721ef782c4a74.png]]></small_image_url>
<image_url><![CDATA[https://s.gr-assets.com/assets/nophoto/book/111x148-bcc042a9c91a29c1d680899eff700a03.png]]></image_url>
<num_pages>218</num_pages>
<work>
<id>272870</id>
</work>
<isbn>0811213684</isbn>
<isbn13>9780811213684</isbn13>
<average_rating>3.53</average_rating>
<ratings_count>1487</ratings_count>
<publication_year>1997</publication_year>
<publication_month>10</publication_month>
<publication_day>17</publication_day>
<authors>
<author>
<id>163604</id>
<name>Uwe Timm</name>
<link><![CDATA[https://www.goodreads.com/author/show/163604.Uwe_Timm]]></link>
</author>
</authors>
</book>

          <book>
<id>639374</id>
<title>Jakob the Liar</title>
<title_without_series>Jakob the Liar</title_without_series>
<link><![CDATA[https://www.goodreads.com/book/show/639374.Jakob_the_Liar]]></link>
<small_image_url><![CDATA[https://s.gr-assets.com/assets/nophoto/book/50x75-a91bf249278a81aabab721ef782c4a74.png]]></small_image_url>
<image_url><![CDATA[https://s.gr-assets.com/assets/nophoto/book/111x148-bcc042a9c91a29c1d680899eff700a03.png]]></image_url>
<num_pages>256</num_pages>
<work>
<id>1172781</id>
</work>
<isbn>0452281709</isbn>
<isbn13>9780452281707</isbn13>
<average_rating>3.79</average_rating>
<ratings_count>1465</ratings_count>
<publication_year>1999</publication_year>
<publication_month>9</publication_month>
<publication_day>1</publication_day>
<authors>
<author>
<id>344695</id>
<name>Jurek Becker</name>
<link><![CDATA[https://www.goodreads.com/author/show/344695.Jurek_Becker]]></link>
</author>
</authors>
</book>

          <book>
<id>953345</id>
<title><![CDATA[Am kürzeren Ende der Sonnenallee]]></title>
<title_without_series><![CDATA[Am kürzeren Ende der Sonnenallee]]></title_without_series>
<link><![CDATA[https://www.goodreads.com/book/show/953345.Am_k_rzeren_Ende_der_Sonnenallee]]></link>
<small_image_url><![CDATA[https://s.gr-assets.com/assets/nophoto/book/50x75-a91bf249278a81aabab721ef782c4a74.png]]></small_image_url>
<image_url><![CDATA[https://s.gr-assets.com/assets/nophoto/book/111x148-bcc042a9c91a29c1d680899eff700a03.png]]></image_url>
<num_pages></num_pages>
<work>
<id>1875293</id>
</work>
<isbn>3353011684</isbn>
<isbn13>9783353011688</isbn13>
<average_rating>3.52</average_rating>
<ratings_count>1152</ratings_count>
<publication_year></publication_year>
<publication_month></publication_month>
<publication_day></publication_day>
<authors>
<author>
<id>55362</id>
<name>Thomas Brussig</name>
<link><![CDATA[https://www.goodreads.com/author/show/55362.Thomas_Brussig]]></link>
</author>
</authors>
</book>

          <book>
<id>1319826</id>
<title><![CDATA[Sansibar oder der letzte Grund]]></title>
<title_without_series><![CDATA[Sansibar oder der letzte Grund]]></title_without_series>
<link><![CDATA[https://www.goodreads.com/book/show/1319826.Sansibar_oder_der_letzte_Grund]]></link>
<small_image_url><![CDATA[https://s.gr-assets.com/assets/nophoto/book/50x75-a91bf249278a81aabab721ef782c4a74.png]]></small_image_url>
<image_url><![CDATA[https://s.gr-assets.com/assets/nophoto/book/111x148-bcc042a9c91a29c1d680899eff700a03.png]]></image_url>
<num_pages>159</num_pages>
<work>
<id>1309170</id>
</work>
<isbn>3257200552</isbn>
<isbn13>9783257200553</isbn13>
<average_rating>3.44</average_rating>
<ratings_count>1560</ratings_count>
<publication_year>1970</publication_year>
<publication_month></publication_month>
<publication_day></publication_day>
<authors>
<author>
<id>384383</id>
<name>Alfred Andersch</name>
<link><![CDATA[https://www.goodreads.com/author/show/384383.Alfred_Andersch]]></link>
</author>
</authors>
</book>

          <book>
<id>287505</id>
<title>The German Lesson</title>
<title_without_series>The German Lesson</title_without_series>
<link><![CDATA[https://www.goodreads.com/book/show/287505.The_German_Lesson]]></link>
<small_image_url><![CDATA[https://images.gr-assets.com/books/1353183560s/287505.jpg]]></small_image_url>
<image_url><![CDATA[https://images.gr-assets.com/books/1353183560m/287505.jpg]]></image_url>
<num_pages>470</num_pages>
<work>
<id>278937</id>
</work>
<isbn>0811209822</isbn>
<isbn13>9780811209823</isbn13>
<average_rating>4.06</average_rating>
<ratings_count>1757</ratings_count>
<publication_year>1986</publication_year>
<publication_month>4</publication_month>
<publication_day>17</publication_day>
<authors>
<author>
<id>45787</id>
<name>Siegfried Lenz</name>
<link><![CDATA[https://www.goodreads.com/author/show/45787.Siegfried_Lenz]]></link>
</author>
</authors>
</book>

          <book>
<id>13165142</id>
<title>The Hunger Angel</title>
<title_without_series>The Hunger Angel</title_without_series>
<link><![CDATA[https://www.goodreads.com/book/show/13165142-the-hunger-angel]]></link>
<small_image_url><![CDATA[https://images.gr-assets.com/books/1333549068s/13165142.jpg]]></small_image_url>
<image_url><![CDATA[https://images.gr-assets.com/books/1333549068m/13165142.jpg]]></image_url>
<num_pages></num_pages>
<work>
<id>6966223</id>
</work>
<isbn>080509301X</isbn>
<isbn13>9780805093018</isbn13>
<average_rating>3.89</average_rating>
<ratings_count>2845</ratings_count>
<publication_year></publication_year>
<publication_month></publication_month>
<publication_day></publication_day>
<authors>
<author>
<id>134980</id>
<name>Herta Müller</name>
<link><![CDATA[https://www.goodreads.com/author/show/134980.Herta_M_ller]]></link>
</author>
</authors>
</book>

          <book>
<id>1493972</id>
<title>The Stechlin</title>
<title_without_series>The Stechlin</title_without_series>
<link><![CDATA[https://www.goodreads.com/book/show/1493972.The_Stechlin]]></link>
<small_image_url><![CDATA[https://images.gr-assets.com/books/1305576167s/1493972.jpg]]></small_image_url>
<image_url><![CDATA[https://images.gr-assets.com/books/1305576167m/1493972.jpg]]></image_url>
<num_pages>340</num_pages>
<work>
<id>1993746</id>
</work>
<isbn>1571130241</isbn>
<isbn13>9781571130242</isbn13>
<average_rating>3.80</average_rating>
<ratings_count>338</ratings_count>
<publication_year>1995</publication_year>
<publication_month>9</publication_month>
<publication_day>28</publication_day>
<authors>
<author>
<id>68613</id>
<name>Theodor Fontane</name>
<link><![CDATA[https://www.goodreads.com/author/show/68613.Theodor_Fontane]]></link>
</author>
</authors>
</book>

          <book>
<id>91563</id>
<title><![CDATA[The Measure of a Man: A Spiritual Autobiography]]></title>
<title_without_series><![CDATA[The Measure of a Man: A Spiritual Autobiography]]></title_without_series>
<link><![CDATA[https://www.goodreads.com/book/show/91563.The_Measure_of_a_Man]]></link>
<small_image_url><![CDATA[https://s.gr-assets.com/assets/nophoto/book/50x75-a91bf249278a81aabab721ef782c4a74.png]]></small_image_url>
<image_url><![CDATA[https://s.gr-assets.com/assets/nophoto/book/111x148-bcc042a9c91a29c1d680899eff700a03.png]]></image_url>
<num_pages>243</num_pages>
<work>
<id>1659143</id>
</work>
<isbn>0061357901</isbn>
<isbn13>9780061357909</isbn13>
<average_rating>3.69</average_rating>
<ratings_count>8646</ratings_count>
<publication_year></publication_year>
<publication_month></publication_month>
<publication_day></publication_day>
<authors>
<author>
<id>45141</id>
<name>Sidney Poitier</name>
<link><![CDATA[https://www.goodreads.com/author/show/45141.Sidney_Poitier]]></link>
</author>
</authors>
</book>

          <book>
<id>301114</id>
<title>Patterns of Childhood</title>
<title_without_series>Patterns of Childhood</title_without_series>
<link><![CDATA[https://www.goodreads.com/book/show/301114.Patterns_of_Childhood]]></link>
<small_image_url><![CDATA[https://s.gr-assets.com/assets/nophoto/book/50x75-a91bf249278a81aabab721ef782c4a74.png]]></small_image_url>
<image_url><![CDATA[https://s.gr-assets.com/assets/nophoto/book/111x148-bcc042a9c91a29c1d680899eff700a03.png]]></image_url>
<num_pages>416</num_pages>
<work>
<id>292181</id>
</work>
<isbn>0374518440</isbn>
<isbn13>9780374518448</isbn13>
<average_rating>4.09</average_rating>
<ratings_count>275</ratings_count>
<publication_year>1984</publication_year>
<publication_month>7</publication_month>
<publication_day>1</publication_day>
<authors>
<author>
<id>61946</id>
<name>Christa Wolf</name>
<link><![CDATA[https://www.goodreads.com/author/show/61946.Christa_Wolf]]></link>
</author>
</authors>
</book>

          <book>
<id>170821</id>
<title>The Beautiful Mrs. Seidenman</title>
<title_without_series>The Beautiful Mrs. Seidenman</title_without_series>
<link><![CDATA[https://www.goodreads.com/book/show/170821.The_Beautiful_Mrs_Seidenman]]></link>
<small_image_url><![CDATA[https://s.gr-assets.com/assets/nophoto/book/50x75-a91bf249278a81aabab721ef782c4a74.png]]></small_image_url>
<image_url><![CDATA[https://s.gr-assets.com/assets/nophoto/book/111x148-bcc042a9c91a29c1d680899eff700a03.png]]></image_url>
<num_pages>204</num_pages>
<work>
<id>164948</id>
</work>
<isbn>0802135021</isbn>
<isbn13>9780802135025</isbn13>
<average_rating>3.85</average_rating>
<ratings_count>690</ratings_count>
<publication_year>1997</publication_year>
<publication_month>3</publication_month>
<publication_day>21</publication_day>
<authors>
<author>
<id>99517</id>
<name>Andrzej Szczypiorski</name>
<link><![CDATA[https://www.goodreads.com/author/show/99517.Andrzej_Szczypiorski]]></link>
</author>
</authors>
</book>

          <book>
<id>326020</id>
<title>All Souls&apos; Day</title>
<title_without_series>All Souls&apos; Day</title_without_series>
<link><![CDATA[https://www.goodreads.com/book/show/326020.All_Souls_Day]]></link>
<small_image_url><![CDATA[https://images.gr-assets.com/books/1356440778s/326020.jpg]]></small_image_url>
<image_url><![CDATA[https://images.gr-assets.com/books/1356440778m/326020.jpg]]></image_url>
<num_pages>200</num_pages>
<work>
<id>316663</id>
</work>
<isbn>0330392603</isbn>
<isbn13>9780330392600</isbn13>
<average_rating>3.72</average_rating>
<ratings_count>677</ratings_count>
<publication_year>2002</publication_year>
<publication_month>8</publication_month>
<publication_day>9</publication_day>
<authors>
<author>
<id>35208</id>
<name>Cees Nooteboom</name>
<link><![CDATA[https://www.goodreads.com/author/show/35208.Cees_Nooteboom]]></link>
</author>
</authors>
</book>

          <book>
<id>452220</id>
<title>Die Physiker</title>
<title_without_series>Die Physiker</title_without_series>
<link><![CDATA[https://www.goodreads.com/book/show/452220.Die_Physiker]]></link>
<small_image_url><![CDATA[https://images.gr-assets.com/books/1414321871s/452220.jpg]]></small_image_url>
<image_url><![CDATA[https://images.gr-assets.com/books/1414321871m/452220.jpg]]></image_url>
<num_pages></num_pages>
<work>
<id>308561</id>
</work>
<isbn>3257230478</isbn>
<isbn13>9783257230475</isbn13>
<average_rating>4.03</average_rating>
<ratings_count>11136</ratings_count>
<publication_year>2001</publication_year>
<publication_month>2</publication_month>
<publication_day>1</publication_day>
<authors>
<author>
<id>41616</id>
<name>Friedrich Dürrenmatt</name>
<link><![CDATA[https://www.goodreads.com/author/show/41616.Friedrich_D_rrenmatt]]></link>
</author>
</authors>
</book>

          <book>
<id>965956</id>
<title>Andorra</title>
<title_without_series>Andorra</title_without_series>
<link><![CDATA[https://www.goodreads.com/book/show/965956.Andorra]]></link>
<small_image_url><![CDATA[https://s.gr-assets.com/assets/nophoto/book/50x75-a91bf249278a81aabab721ef782c4a74.png]]></small_image_url>
<image_url><![CDATA[https://s.gr-assets.com/assets/nophoto/book/111x148-bcc042a9c91a29c1d680899eff700a03.png]]></image_url>
<num_pages></num_pages>
<work>
<id>184157</id>
</work>
<isbn>3518367773</isbn>
<isbn13>9783518367773</isbn13>
<average_rating>3.48</average_rating>
<ratings_count>4345</ratings_count>
<publication_year></publication_year>
<publication_month></publication_month>
<publication_day></publication_day>
<authors>
<author>
<id>6530</id>
<name>Max Frisch</name>
<link><![CDATA[https://www.goodreads.com/author/show/6530.Max_Frisch]]></link>
</author>
</authors>
</book>

          <book>
<id>1210286</id>
<title>Jugend ohne Gott</title>
<title_without_series>Jugend ohne Gott</title_without_series>
<link><![CDATA[https://www.goodreads.com/book/show/1210286.Jugend_ohne_Gott]]></link>
<small_image_url><![CDATA[https://images.gr-assets.com/books/1483716584s/1210286.jpg]]></small_image_url>
<image_url><![CDATA[https://images.gr-assets.com/books/1483716584m/1210286.jpg]]></image_url>
<num_pages>183</num_pages>
<work>
<id>1198659</id>
</work>
<isbn>3518388746</isbn>
<isbn13>9783518388747</isbn13>
<average_rating>3.86</average_rating>
<ratings_count>2947</ratings_count>
<publication_year>1994</publication_year>
<publication_month></publication_month>
<publication_day></publication_day>
<authors>
<author>
<id>1265305</id>
<name>Ödön von Horváth</name>
<link><![CDATA[https://www.goodreads.com/author/show/1265305._d_n_von_Horv_th]]></link>
</author>
</authors>
</book>

          <book>
<id>69887</id>
<title>The Train Was on Time</title>
<title_without_series>The Train Was on Time</title_without_series>
<link><![CDATA[https://www.goodreads.com/book/show/69887.The_Train_Was_on_Time]]></link>
<small_image_url><![CDATA[https://s.gr-assets.com/assets/nophoto/book/50x75-a91bf249278a81aabab721ef782c4a74.png]]></small_image_url>
<image_url><![CDATA[https://s.gr-assets.com/assets/nophoto/book/111x148-bcc042a9c91a29c1d680899eff700a03.png]]></image_url>
<num_pages>110</num_pages>
<work>
<id>718662</id>
</work>
<isbn>0810111233</isbn>
<isbn13>9780810111233</isbn13>
<average_rating>3.84</average_rating>
<ratings_count>1541</ratings_count>
<publication_year>1994</publication_year>
<publication_month>4</publication_month>
<publication_day>27</publication_day>
<authors>
<author>
<id>39326</id>
<name>Heinrich Böll</name>
<link><![CDATA[https://www.goodreads.com/author/show/39326.Heinrich_B_ll]]></link>
</author>
</authors>
</book>

          <book>
<id>680596</id>
<title>Der Sandmann</title>
<title_without_series>Der Sandmann</title_without_series>
<link><![CDATA[https://www.goodreads.com/book/show/680596.Der_Sandmann]]></link>
<small_image_url><![CDATA[https://s.gr-assets.com/assets/nophoto/book/50x75-a91bf249278a81aabab721ef782c4a74.png]]></small_image_url>
<image_url><![CDATA[https://s.gr-assets.com/assets/nophoto/book/111x148-bcc042a9c91a29c1d680899eff700a03.png]]></image_url>
<num_pages>83</num_pages>
<work>
<id>45195556</id>
</work>
<isbn>3458326340</isbn>
<isbn13>9783458326342</isbn13>
<average_rating>3.72</average_rating>
<ratings_count>5823</ratings_count>
<publication_year>1986</publication_year>
<publication_month></publication_month>
<publication_day></publication_day>
<authors>
<author>
<id>7267068</id>
<name>E.T.A. Hoffmann</name>
<link><![CDATA[https://www.goodreads.com/author/show/7267068.E_T_A_Hoffmann]]></link>
</author>
</authors>
</book>

          <book>
<id>277397</id>
<title>Ellen Foster</title>
<title_without_series>Ellen Foster</title_without_series>
<link><![CDATA[https://www.goodreads.com/book/show/277397.Ellen_Foster]]></link>
<small_image_url><![CDATA[https://s.gr-assets.com/assets/nophoto/book/50x75-a91bf249278a81aabab721ef782c4a74.png]]></small_image_url>
<image_url><![CDATA[https://s.gr-assets.com/assets/nophoto/book/111x148-bcc042a9c91a29c1d680899eff700a03.png]]></image_url>
<num_pages>126</num_pages>
<work>
<id>1347714</id>
</work>
<isbn>0375703055</isbn>
<isbn13>9780375703058</isbn13>
<average_rating>3.75</average_rating>
<ratings_count>24525</ratings_count>
<publication_year>1990</publication_year>
<publication_month>5</publication_month>
<publication_day>3</publication_day>
<authors>
<author>
<id>3501</id>
<name>Kaye Gibbons</name>
<link><![CDATA[https://www.goodreads.com/author/show/3501.Kaye_Gibbons]]></link>
</author>
</authors>
</book>

  </similar_books>
</book>

</GoodreadsResponse>