<?xml version="1.0" encoding="UTF-8"?>
<GoodreadsResponse>
  <Request>
    <authentication>true</authentication>
      <key><![CDATA[all_men_must_serve]]></key>
    <method><![CDATA[book_show]]></method>
  </Request>
  <book>
  <id>101249</id>
  <title><![CDATA[I'm Just Here for the Food: Food + Heat = Cooking]]></title>
  <isbn><![CDATA[1584790830]]></isbn>
  <isbn13><![CDATA[9781584790839]]></isbn13>
  <asin><![CDATA[]]></asin>
  <kindle_asin><![CDATA[]]></kindle_asin>
  <marketplace_id><![CDATA[]]></marketplace_id>
  <country_code><![CDATA[GB]]></country_code>
  <image_url>https://images.gr-assets.com/books/1473385712m/101249.jpg</image_url>
  <small_image_url>https://images.gr-assets.com/books/1473385712s/101249.jpg</small_image_url>
  <publication_year></publication_year>
  <publication_month></publication_month>
  <publication_day></publication_day>
  <publisher>Stewart, Tabori &amp; Chang</publisher>
  <language_code>en-US</language_code>
  <is_ebook>false</is_ebook>
  <description><![CDATA[Blending humor, wisdom, history, pop culture, science, and basic cooking knowledge, the host of Food Network's <i>Good Eats</i> presents a special edition of his innovative, instructional cooking guide that features various cooking techniques accompanied by a "master" recipe for each technique, and provides a vast array of food-related tips and advice.]]></description>
  <work>
  <id type="integer">97622</id>
  <books_count type="integer">7</books_count>
  <best_book_id type="integer">101249</best_book_id>
  <reviews_count type="integer">40398</reviews_count>
  <ratings_sum type="integer">70307</ratings_sum>
  <ratings_count type="integer">16715</ratings_count>
  <text_reviews_count type="integer">266</text_reviews_count>
  <original_publication_year type="integer">2002</original_publication_year>
  <original_publication_month type="integer">5</original_publication_month>
  <original_publication_day type="integer">1</original_publication_day>
  <original_title>I'm Just Here for the Food: Food + Heat = Cooking</original_title>
  <original_language_id type="integer" nil="true"/>
  <media_type>book</media_type>
  <rating_dist>5:7845|4:5553|3:2514|2:525|1:278|total:16715</rating_dist>
  <desc_user_id type="integer" nil="true"/>
  <default_chaptering_book_id type="integer" nil="true"/>
  <default_description_language_code nil="true"/>
</work>
  <average_rating>4.21</average_rating>
  <num_pages><![CDATA[]]></num_pages>
  <format><![CDATA[]]></format>
  <edition_information><![CDATA[]]></edition_information>
  <ratings_count><![CDATA[15878]]></ratings_count>
  <text_reviews_count><![CDATA[200]]></text_reviews_count>
  <url><![CDATA[https://www.goodreads.com/book/show/101249.I_m_Just_Here_for_the_Food]]></url>
  <link><![CDATA[https://www.goodreads.com/book/show/101249.I_m_Just_Here_for_the_Food]]></link>
  <authors>
<author>
<id>58480</id>
<name>Alton Brown</name>
<role></role>
<image_url nophoto='false'>
<![CDATA[https://images.gr-assets.com/authors/1201189488p5/58480.jpg]]>
</image_url>
<small_image_url nophoto='false'>
<![CDATA[https://images.gr-assets.com/authors/1201189488p2/58480.jpg]]>
</small_image_url>
<link><![CDATA[https://www.goodreads.com/author/show/58480.Alton_Brown]]></link>
<average_rating>4.25</average_rating>
<ratings_count>33877</ratings_count>
<text_reviews_count>831</text_reviews_count>
</author>
</authors>

    <reviews_widget>
      <![CDATA[
        <style>
  #goodreads-widget {
    font-family: georgia, serif;
    padding: 18px 0;
    width:565px;
  }
  #goodreads-widget h1 {
    font-weight:normal;
    font-size: 16px;
    border-bottom: 1px solid #BBB596;
    margin-bottom: 0;
  }
  #goodreads-widget a {
    text-decoration: none;
    color:#660;
  }
  iframe{
    background-color: #fff;
  }
  #goodreads-widget a:hover { text-decoration: underline; }
  #goodreads-widget a:active {
    color:#660;
  }
  #gr_footer {
    width: 100%;
    border-top: 1px solid #BBB596;
    text-align: right;
  }
  #goodreads-widget .gr_branding{
    color: #382110;
    font-size: 11px;
    text-decoration: none;
    font-family: "Helvetica Neue", Helvetica, Arial, sans-serif;
  }
</style>
<div id="goodreads-widget">
  <div id="gr_header"><h1><a rel="nofollow" href="https://www.goodreads.com/book/show/101249.I_m_Just_Here_for_the_Food">I&#39;m Just Here for the Food Reviews</a></h1></div>
  <iframe id="the_iframe" src="https://www.goodreads.com/api/reviews_widget_iframe?did=DEVELOPER_ID&amp;format=html&amp;isbn=1584790830&amp;links=660&amp;min_rating=&amp;review_back=fff&amp;stars=000&amp;text=000" width="565" height="400" frameborder="0"></iframe>
  <div id="gr_footer">
    <a class="gr_branding" target="_blank" rel="nofollow" href="https://www.goodreads.com/book/show/101249.I_m_Just_Here_for_the_Food?utm_medium=api&amp;utm_source=reviews_widget">Reviews from Goodreads.com</a>
  </div>
</div>

      ]]>
    </reviews_widget>
  <popular_shelves>
      <shelf name="to-read" count="23061"/>
      <shelf name="cookbooks" count="426"/>
      <shelf name="cooking" count="289"/>
      <shelf name="food" count="182"/>
      <shelf name="currently-reading" count="173"/>
      <shelf name="non-fiction" count="125"/>
      <shelf name="cookbook" count="90"/>
      <shelf name="nonfiction" count="67"/>
      <shelf name="reference" count="55"/>
      <shelf name="cook-books" count="40"/>
      <shelf name="owned" count="38"/>
      <shelf name="default" count="25"/>
      <shelf name="books-i-own" count="23"/>
      <shelf name="foodie" count="19"/>
      <shelf name="favorites" count="18"/>
      <shelf name="science" count="12"/>
      <shelf name="food-cooking" count="12"/>
      <shelf name="library" count="11"/>
      <shelf name="food-and-cooking" count="10"/>
      <shelf name="to-buy" count="10"/>
      <shelf name="cookery" count="10"/>
      <shelf name="culinary" count="9"/>
      <shelf name="food-and-drink" count="8"/>
      <shelf name="wish-list" count="7"/>
      <shelf name="cooking-food" count="6"/>
      <shelf name="kitchen" count="6"/>
      <shelf name="food-related" count="6"/>
      <shelf name="my-books" count="5"/>
      <shelf name="how-to" count="5"/>
      <shelf name="own-it" count="5"/>
      <shelf name="ebooks" count="5"/>
      <shelf name="my-library" count="5"/>
      <shelf name="brown" count="5"/>
      <shelf name="alton" count="5"/>
      <shelf name="cookbooks-i-own" count="5"/>
      <shelf name="humor" count="5"/>
      <shelf name="paper" count="4"/>
      <shelf name="unread" count="4"/>
      <shelf name="food-drink" count="4"/>
      <shelf name="cook-book" count="4"/>
      <shelf name="network" count="4"/>
      <shelf name="owned-cookbooks" count="4"/>
      <shelf name="alton-brown" count="4"/>
      <shelf name="to-read-nonfiction" count="4"/>
      <shelf name="in-my-library" count="4"/>
      <shelf name="recipes" count="4"/>
      <shelf name="signed" count="4"/>
      <shelf name="food-writing" count="4"/>
      <shelf name="cookbooks-and-food" count="4"/>
      <shelf name="non-fiction-to-read" count="4"/>
      <shelf name="cookbooks-to-read" count="3"/>
      <shelf name="kindle" count="3"/>
      <shelf name="favorite-cookbooks" count="3"/>
      <shelf name="eats" count="3"/>
      <shelf name="adult-nonfiction" count="3"/>
      <shelf name="cooking-and-baking" count="3"/>
      <shelf name="good-eats" count="3"/>
      <shelf name="cookbooks-read" count="3"/>
      <shelf name="cooking-and-food" count="3"/>
      <shelf name="read-non-fiction" count="3"/>
      <shelf name="foodie-books" count="3"/>
      <shelf name="food-cookbooks" count="3"/>
      <shelf name="food-and-wine" count="3"/>
      <shelf name="cookbooks-food" count="3"/>
      <shelf name="books-to-buy" count="2"/>
      <shelf name="hardcover" count="2"/>
      <shelf name="shelfari-wishlist" count="2"/>
      <shelf name="someday" count="2"/>
      <shelf name="physical-books" count="2"/>
      <shelf name="to-read-cookbooks" count="2"/>
      <shelf name="scott-c-reviews" count="2"/>
      <shelf name="did-not-finish" count="2"/>
      <shelf name="physical-copy" count="2"/>
      <shelf name="need-to-buy" count="2"/>
      <shelf name="want-to-own" count="2"/>
      <shelf name="scanned" count="2"/>
      <shelf name="reference-cookbooks" count="2"/>
      <shelf name="food-to-read" count="2"/>
      <shelf name="books-i-have" count="2"/>
      <shelf name="to-read-2" count="2"/>
      <shelf name="cooking-baking" count="2"/>
      <shelf name="non-fic" count="2"/>
      <shelf name="to-read-someday" count="2"/>
      <shelf name="new" count="2"/>
      <shelf name="cook" count="2"/>
      <shelf name="cookbooks-to-buy" count="2"/>
      <shelf name="general" count="2"/>
      <shelf name="need" count="2"/>
      <shelf name="bought" count="2"/>
      <shelf name="books-own" count="2"/>
      <shelf name="calibre" count="2"/>
      <shelf name="baking" count="2"/>
      <shelf name="on-hold" count="2"/>
      <shelf name="all-time-favorites" count="2"/>
      <shelf name="series" count="2"/>
      <shelf name="other" count="2"/>
      <shelf name="adult" count="2"/>
      <shelf name="i-own" count="2"/>
      <shelf name="food---cooking" count="2"/>
      <shelf name="abandoned" count="2"/>
  </popular_shelves>
  <book_links>
    <book_link>
  <id>8</id>
  <name>Libraries</name>
  <link>https://www.goodreads.com/book_link/follow/8</link>
</book_link>

  </book_links>
  <buy_links>
    <buy_link>
<id>1</id>
<name>Amazon</name>
<link>https://www.goodreads.com/book_link/follow/1</link>
</buy_link>
<buy_link>
<id>10</id>
<name>Audible</name>
<link>https://www.goodreads.com/book_link/follow/10</link>
</buy_link>
<buy_link>
<id>3</id>
<name>Barnes &amp; Noble</name>
<link>https://www.goodreads.com/book_link/follow/3</link>
</buy_link>
<buy_link>
<id>1027</id>
<name>Kobo</name>
<link>https://www.goodreads.com/book_link/follow/1027</link>
</buy_link>
<buy_link>
<id>2102</id>
<name>Apple iBooks</name>
<link>https://www.goodreads.com/book_link/follow/2102</link>
</buy_link>
<buy_link>
<id>8036</id>
<name>Google Play</name>
<link>https://www.goodreads.com/book_link/follow/8036</link>
</buy_link>
<buy_link>
<id>4</id>
<name>Abebooks</name>
<link>https://www.goodreads.com/book_link/follow/4</link>
</buy_link>
<buy_link>
<id>882</id>
<name>Book Depository</name>
<link>https://www.goodreads.com/book_link/follow/882</link>
</buy_link>
<buy_link>
<id>9</id>
<name>Indigo</name>
<link>https://www.goodreads.com/book_link/follow/9</link>
</buy_link>
<buy_link>
<id>2</id>
<name>Half.com</name>
<link>https://www.goodreads.com/book_link/follow/2</link>
</buy_link>
<buy_link>
<id>5</id>
<name>Alibris</name>
<link>https://www.goodreads.com/book_link/follow/5</link>
</buy_link>
<buy_link>
<id>107</id>
<name>Better World Books</name>
<link>https://www.goodreads.com/book_link/follow/107</link>
</buy_link>
<buy_link>
<id>7</id>
<name>IndieBound</name>
<link>https://www.goodreads.com/book_link/follow/7</link>
</buy_link>

  </buy_links>
  <series_works>
    
  </series_works>
  <similar_books>
          <book>
<id>76875</id>
<title><![CDATA[CookWise: The Secrets of Cooking Revealed]]></title>
<title_without_series><![CDATA[CookWise: The Secrets of Cooking Revealed]]></title_without_series>
<link><![CDATA[https://www.goodreads.com/book/show/76875.CookWise]]></link>
<small_image_url><![CDATA[https://s.gr-assets.com/assets/nophoto/book/50x75-a91bf249278a81aabab721ef782c4a74.png]]></small_image_url>
<image_url><![CDATA[https://s.gr-assets.com/assets/nophoto/book/111x148-bcc042a9c91a29c1d680899eff700a03.png]]></image_url>
<num_pages></num_pages>
<work>
<id>74343</id>
</work>
<isbn>0688102298</isbn>
<isbn13>9780688102296</isbn13>
<average_rating>4.10</average_rating>
<ratings_count>4300</ratings_count>
<publication_year></publication_year>
<publication_month></publication_month>
<publication_day></publication_day>
<authors>
<author>
<id>3513855</id>
<name>Shirley O. Corriher</name>
<link><![CDATA[https://www.goodreads.com/author/show/3513855.Shirley_O_Corriher]]></link>
</author>
</authors>
</book>

          <book>
<id>101255</id>
<title><![CDATA[On Food and Cooking: The Science and Lore of the Kitchen]]></title>
<title_without_series><![CDATA[On Food and Cooking: The Science and Lore of the Kitchen]]></title_without_series>
<link><![CDATA[https://www.goodreads.com/book/show/101255.On_Food_and_Cooking]]></link>
<small_image_url><![CDATA[https://s.gr-assets.com/assets/nophoto/book/50x75-a91bf249278a81aabab721ef782c4a74.png]]></small_image_url>
<image_url><![CDATA[https://s.gr-assets.com/assets/nophoto/book/111x148-bcc042a9c91a29c1d680899eff700a03.png]]></image_url>
<num_pages>896</num_pages>
<work>
<id>1164036</id>
</work>
<isbn>0684800012</isbn>
<isbn13>9780684800011</isbn13>
<average_rating>4.48</average_rating>
<ratings_count>11139</ratings_count>
<publication_year>2004</publication_year>
<publication_month>11</publication_month>
<publication_day>16</publication_day>
<authors>
<author>
<id>58484</id>
<name>Harold McGee</name>
<link><![CDATA[https://www.goodreads.com/author/show/58484.Harold_McGee]]></link>
</author>
</authors>
</book>

          <book>
<id>926526</id>
<title><![CDATA[Thousand Recipe Chinese Cookbook]]></title>
<title_without_series><![CDATA[Thousand Recipe Chinese Cookbook]]></title_without_series>
<link><![CDATA[https://www.goodreads.com/book/show/926526.Thousand_Recipe_Chinese_Cookbook]]></link>
<small_image_url><![CDATA[https://s.gr-assets.com/assets/nophoto/book/50x75-a91bf249278a81aabab721ef782c4a74.png]]></small_image_url>
<image_url><![CDATA[https://s.gr-assets.com/assets/nophoto/book/111x148-bcc042a9c91a29c1d680899eff700a03.png]]></image_url>
<num_pages>944</num_pages>
<work>
<id>911529</id>
</work>
<isbn>0671509934</isbn>
<isbn13>9780671509934</isbn13>
<average_rating>3.99</average_rating>
<ratings_count>134</ratings_count>
<publication_year>1984</publication_year>
<publication_month>11</publication_month>
<publication_day>1</publication_day>
<authors>
<author>
<id>72641</id>
<name>Gloria Bley Miller</name>
<link><![CDATA[https://www.goodreads.com/author/show/72641.Gloria_Bley_Miller]]></link>
</author>
</authors>
</book>

          <book>
<id>383480</id>
<title>Mexico One Plate At A Time</title>
<title_without_series>Mexico One Plate At A Time</title_without_series>
<link><![CDATA[https://www.goodreads.com/book/show/383480.Mexico_One_Plate_At_A_Time]]></link>
<small_image_url><![CDATA[https://s.gr-assets.com/assets/nophoto/book/50x75-a91bf249278a81aabab721ef782c4a74.png]]></small_image_url>
<image_url><![CDATA[https://s.gr-assets.com/assets/nophoto/book/111x148-bcc042a9c91a29c1d680899eff700a03.png]]></image_url>
<num_pages>384</num_pages>
<work>
<id>373245</id>
</work>
<isbn>068484186X</isbn>
<isbn13>9780684841861</isbn13>
<average_rating>4.14</average_rating>
<ratings_count>2042</ratings_count>
<publication_year>2000</publication_year>
<publication_month>10</publication_month>
<publication_day>25</publication_day>
<authors>
<author>
<id>91791</id>
<name>Rick Bayless</name>
<link><![CDATA[https://www.goodreads.com/author/show/91791.Rick_Bayless]]></link>
</author>
</authors>
</book>

          <book>
<id>773171</id>
<title><![CDATA[The Frugal Gourmet on Our Immigrant Ancestors: Recipes You Should Have Gotten from Your Grandmother]]></title>
<title_without_series><![CDATA[The Frugal Gourmet on Our Immigrant Ancestors: Recipes You Should Have Gotten from Your Grandmother]]></title_without_series>
<link><![CDATA[https://www.goodreads.com/book/show/773171.The_Frugal_Gourmet_on_Our_Immigrant_Ancestors]]></link>
<small_image_url><![CDATA[https://images.gr-assets.com/books/1441228018s/773171.jpg]]></small_image_url>
<image_url><![CDATA[https://images.gr-assets.com/books/1441228018m/773171.jpg]]></image_url>
<num_pages>539</num_pages>
<work>
<id>156565</id>
</work>
<isbn>0688075908</isbn>
<isbn13>9780688075903</isbn13>
<average_rating>3.89</average_rating>
<ratings_count>1160</ratings_count>
<publication_year>1990</publication_year>
<publication_month>11</publication_month>
<publication_day>1</publication_day>
<authors>
<author>
<id>966591</id>
<name>Jeff  Smith</name>
<link><![CDATA[https://www.goodreads.com/author/show/966591.Jeff_Smith]]></link>
</author>
</authors>
</book>

          <book>
<id>40137</id>
<title><![CDATA[Anthony Bourdain's Les Halles Cookbook: Strategies, Recipes, and Techniques of Classic Bistro Cooking]]></title>
<title_without_series><![CDATA[Anthony Bourdain's Les Halles Cookbook: Strategies, Recipes, and Techniques of Classic Bistro Cooking]]></title_without_series>
<link><![CDATA[https://www.goodreads.com/book/show/40137.Anthony_Bourdain_s_Les_Halles_Cookbook]]></link>
<small_image_url><![CDATA[https://s.gr-assets.com/assets/nophoto/book/50x75-a91bf249278a81aabab721ef782c4a74.png]]></small_image_url>
<image_url><![CDATA[https://s.gr-assets.com/assets/nophoto/book/111x148-bcc042a9c91a29c1d680899eff700a03.png]]></image_url>
<num_pages>304</num_pages>
<work>
<id>107051</id>
</work>
<isbn>158234180X</isbn>
<isbn13>9781582341804</isbn13>
<average_rating>4.10</average_rating>
<ratings_count>4896</ratings_count>
<publication_year>2004</publication_year>
<publication_month>10</publication_month>
<publication_day>19</publication_day>
<authors>
<author>
<id>1124</id>
<name>Anthony Bourdain</name>
<link><![CDATA[https://www.goodreads.com/author/show/1124.Anthony_Bourdain]]></link>
</author>
</authors>
</book>

          <book>
<id>25652</id>
<title><![CDATA[The Best Recipes in the World: More Than 1,000 International Dishes to Cook at Home]]></title>
<title_without_series><![CDATA[The Best Recipes in the World: More Than 1,000 International Dishes to Cook at Home]]></title_without_series>
<link><![CDATA[https://www.goodreads.com/book/show/25652.The_Best_Recipes_in_the_World]]></link>
<small_image_url><![CDATA[https://s.gr-assets.com/assets/nophoto/book/50x75-a91bf249278a81aabab721ef782c4a74.png]]></small_image_url>
<image_url><![CDATA[https://s.gr-assets.com/assets/nophoto/book/111x148-bcc042a9c91a29c1d680899eff700a03.png]]></image_url>
<num_pages>757</num_pages>
<work>
<id>26380</id>
</work>
<isbn>0767906721</isbn>
<isbn13>9780767906722</isbn13>
<average_rating>3.98</average_rating>
<ratings_count>1686</ratings_count>
<publication_year>2005</publication_year>
<publication_month>10</publication_month>
<publication_day>11</publication_day>
<authors>
<author>
<id>1785</id>
<name>Mark Bittman</name>
<link><![CDATA[https://www.goodreads.com/author/show/1785.Mark_Bittman]]></link>
</author>
</authors>
</book>

          <book>
<id>297759</id>
<title><![CDATA[Japanese Cooking The Traditions, Techniques, Ingredients And Recipes]]></title>
<title_without_series><![CDATA[Japanese Cooking The Traditions, Techniques, Ingredients And Recipes]]></title_without_series>
<link><![CDATA[https://www.goodreads.com/book/show/297759.Japanese_Cooking_The_Traditions_Techniques_Ingredients_And_Recipes]]></link>
<small_image_url><![CDATA[https://s.gr-assets.com/assets/nophoto/book/50x75-a91bf249278a81aabab721ef782c4a74.png]]></small_image_url>
<image_url><![CDATA[https://s.gr-assets.com/assets/nophoto/book/111x148-bcc042a9c91a29c1d680899eff700a03.png]]></image_url>
<num_pages>256</num_pages>
<work>
<id>288895</id>
</work>
<isbn>0681323272</isbn>
<isbn13>9780681323278</isbn13>
<average_rating>3.94</average_rating>
<ratings_count>144</ratings_count>
<publication_year></publication_year>
<publication_month></publication_month>
<publication_day></publication_day>
<authors>
<author>
<id>171801</id>
<name>Emi Kazuko</name>
<link><![CDATA[https://www.goodreads.com/author/show/171801.Emi_Kazuko]]></link>
</author>
</authors>
</book>

          <book>
<id>223349</id>
<title>The Best Make-Ahead Recipe</title>
<title_without_series>The Best Make-Ahead Recipe</title_without_series>
<link><![CDATA[https://www.goodreads.com/book/show/223349.The_Best_Make_Ahead_Recipe]]></link>
<small_image_url><![CDATA[https://s.gr-assets.com/assets/nophoto/book/50x75-a91bf249278a81aabab721ef782c4a74.png]]></small_image_url>
<image_url><![CDATA[https://s.gr-assets.com/assets/nophoto/book/111x148-bcc042a9c91a29c1d680899eff700a03.png]]></image_url>
<num_pages>435</num_pages>
<work>
<id>216302</id>
</work>
<isbn>1933615141</isbn>
<isbn13>9781933615141</isbn13>
<average_rating>4.08</average_rating>
<ratings_count>946</ratings_count>
<publication_year>2007</publication_year>
<publication_month>3</publication_month>
<publication_day>1</publication_day>
<authors>
<author>
<id>7417657</id>
<name>Cook&apos;s Illustrated Magazine</name>
<link><![CDATA[https://www.goodreads.com/author/show/7417657.Cook_s_Illustrated_Magazine]]></link>
</author>
</authors>
</book>

          <book>
<id>91774</id>
<title><![CDATA[The Food Lover's Companion (Barron's Cooking Guide)]]></title>
<title_without_series>The Food Lover&apos;s Companion</title_without_series>
<link><![CDATA[https://www.goodreads.com/book/show/91774.The_Food_Lover_s_Companion]]></link>
<small_image_url><![CDATA[https://s.gr-assets.com/assets/nophoto/book/50x75-a91bf249278a81aabab721ef782c4a74.png]]></small_image_url>
<image_url><![CDATA[https://s.gr-assets.com/assets/nophoto/book/111x148-bcc042a9c91a29c1d680899eff700a03.png]]></image_url>
<num_pages>792</num_pages>
<work>
<id>88540</id>
</work>
<isbn>0764112589</isbn>
<isbn13>9780764112584</isbn13>
<average_rating>4.36</average_rating>
<ratings_count>2297</ratings_count>
<publication_year>2001</publication_year>
<publication_month>2</publication_month>
<publication_day>1</publication_day>
<authors>
<author>
<id>52764</id>
<name>Sharon Tyler Herbst</name>
<link><![CDATA[https://www.goodreads.com/author/show/52764.Sharon_Tyler_Herbst]]></link>
</author>
</authors>
</book>

          <book>
<id>6695147</id>
<title><![CDATA[The Complete America's Test Kitchen TV Show Cookbook 2001-2010]]></title>
<title_without_series><![CDATA[The Complete America's Test Kitchen TV Show Cookbook 2001-2010]]></title_without_series>
<link><![CDATA[https://www.goodreads.com/book/show/6695147-the-complete-america-s-test-kitchen-tv-show-cookbook-2001-2010]]></link>
<small_image_url><![CDATA[https://s.gr-assets.com/assets/nophoto/book/50x75-a91bf249278a81aabab721ef782c4a74.png]]></small_image_url>
<image_url><![CDATA[https://s.gr-assets.com/assets/nophoto/book/111x148-bcc042a9c91a29c1d680899eff700a03.png]]></image_url>
<num_pages>646</num_pages>
<work>
<id>6890757</id>
</work>
<isbn>1933615559</isbn>
<isbn13>9781933615554</isbn13>
<average_rating>4.53</average_rating>
<ratings_count>2091</ratings_count>
<publication_year>2009</publication_year>
<publication_month>10</publication_month>
<publication_day>1</publication_day>
<authors>
<author>
<id>6867702</id>
<name>America&apos;s Test Kitchen</name>
<link><![CDATA[https://www.goodreads.com/author/show/6867702.America_s_Test_Kitchen]]></link>
</author>
</authors>
</book>

          <book>
<id>3931154</id>
<title><![CDATA[Ratio: The Simple Codes Behind the Craft of Everyday Cooking]]></title>
<title_without_series><![CDATA[Ratio: The Simple Codes Behind the Craft of Everyday Cooking]]></title_without_series>
<link><![CDATA[https://www.goodreads.com/book/show/3931154-ratio]]></link>
<small_image_url><![CDATA[https://s.gr-assets.com/assets/nophoto/book/50x75-a91bf249278a81aabab721ef782c4a74.png]]></small_image_url>
<image_url><![CDATA[https://s.gr-assets.com/assets/nophoto/book/111x148-bcc042a9c91a29c1d680899eff700a03.png]]></image_url>
<num_pages>272</num_pages>
<work>
<id>3976689</id>
</work>
<isbn>1416566112</isbn>
<isbn13>9781416566113</isbn13>
<average_rating>4.09</average_rating>
<ratings_count>4936</ratings_count>
<publication_year>2009</publication_year>
<publication_month>4</publication_month>
<publication_day>7</publication_day>
<authors>
<author>
<id>13623</id>
<name>Michael Ruhlman</name>
<link><![CDATA[https://www.goodreads.com/author/show/13623.Michael_Ruhlman]]></link>
</author>
</authors>
</book>

          <book>
<id>538164</id>
<title><![CDATA[The New Making of a Cook: The Art, Techniques, and Science of Good Cooking]]></title>
<title_without_series><![CDATA[The New Making of a Cook: The Art, Techniques, and Science of Good Cooking]]></title_without_series>
<link><![CDATA[https://www.goodreads.com/book/show/538164.The_New_Making_of_a_Cook]]></link>
<small_image_url><![CDATA[https://s.gr-assets.com/assets/nophoto/book/50x75-a91bf249278a81aabab721ef782c4a74.png]]></small_image_url>
<image_url><![CDATA[https://s.gr-assets.com/assets/nophoto/book/111x148-bcc042a9c91a29c1d680899eff700a03.png]]></image_url>
<num_pages>1228</num_pages>
<work>
<id>525579</id>
</work>
<isbn>0688152546</isbn>
<isbn13>9780688152543</isbn13>
<average_rating>4.18</average_rating>
<ratings_count>141</ratings_count>
<publication_year>1997</publication_year>
<publication_month>11</publication_month>
<publication_day>5</publication_day>
<authors>
<author>
<id>80584</id>
<name>Madeleine Kamman</name>
<link><![CDATA[https://www.goodreads.com/author/show/80584.Madeleine_Kamman]]></link>
</author>
</authors>
</book>

          <book>
<id>141746</id>
<title><![CDATA[How to Break an Egg: 1,453 Kitchen Tips, Food Fixes, Emergency Substitutions, and Handy Techniques]]></title>
<title_without_series><![CDATA[How to Break an Egg: 1,453 Kitchen Tips, Food Fixes, Emergency Substitutions, and Handy Techniques]]></title_without_series>
<link><![CDATA[https://www.goodreads.com/book/show/141746.How_to_Break_an_Egg]]></link>
<small_image_url><![CDATA[https://images.gr-assets.com/books/1328754535s/141746.jpg]]></small_image_url>
<image_url><![CDATA[https://images.gr-assets.com/books/1328754535m/141746.jpg]]></image_url>
<num_pages>394</num_pages>
<work>
<id>136710</id>
</work>
<isbn>1561587982</isbn>
<isbn13>9781561587988</isbn13>
<average_rating>3.97</average_rating>
<ratings_count>132</ratings_count>
<publication_year>2005</publication_year>
<publication_month>10</publication_month>
<publication_day>1</publication_day>
<authors>
<author>
<id>1231877</id>
<name>Fine Cooking Magazine</name>
<link><![CDATA[https://www.goodreads.com/author/show/1231877.Fine_Cooking_Magazine]]></link>
</author>
</authors>
</book>

          <book>
<id>236011</id>
<title><![CDATA[How to Cook Without a Book: Recipes and Techniques Every Cook Should Know by Heart]]></title>
<title_without_series><![CDATA[How to Cook Without a Book: Recipes and Techniques Every Cook Should Know by Heart]]></title_without_series>
<link><![CDATA[https://www.goodreads.com/book/show/236011.How_to_Cook_Without_a_Book]]></link>
<small_image_url><![CDATA[https://s.gr-assets.com/assets/nophoto/book/50x75-a91bf249278a81aabab721ef782c4a74.png]]></small_image_url>
<image_url><![CDATA[https://s.gr-assets.com/assets/nophoto/book/111x148-bcc042a9c91a29c1d680899eff700a03.png]]></image_url>
<num_pages>304</num_pages>
<work>
<id>228593</id>
</work>
<isbn>0767902793</isbn>
<isbn13>9780767902793</isbn13>
<average_rating>3.97</average_rating>
<ratings_count>1879</ratings_count>
<publication_year>2000</publication_year>
<publication_month>4</publication_month>
<publication_day>4</publication_day>
<authors>
<author>
<id>138070</id>
<name>Pam Anderson</name>
<link><![CDATA[https://www.goodreads.com/author/show/138070.Pam_Anderson]]></link>
</author>
</authors>
</book>

          <book>
<id>306235</id>
<title>The Professional Chef</title>
<title_without_series>The Professional Chef</title_without_series>
<link><![CDATA[https://www.goodreads.com/book/show/306235.The_Professional_Chef]]></link>
<small_image_url><![CDATA[https://s.gr-assets.com/assets/nophoto/book/50x75-a91bf249278a81aabab721ef782c4a74.png]]></small_image_url>
<image_url><![CDATA[https://s.gr-assets.com/assets/nophoto/book/111x148-bcc042a9c91a29c1d680899eff700a03.png]]></image_url>
<num_pages>1036</num_pages>
<work>
<id>297219</id>
</work>
<isbn>0471382574</isbn>
<isbn13>9780471382577</isbn13>
<average_rating>4.31</average_rating>
<ratings_count>4527</ratings_count>
<publication_year>2001</publication_year>
<publication_month>9</publication_month>
<publication_day>20</publication_day>
<authors>
<author>
<id>4471013</id>
<name>Culinary Institute of America</name>
<link><![CDATA[https://www.goodreads.com/author/show/4471013.Culinary_Institute_of_America]]></link>
</author>
</authors>
</book>

          <book>
<id>25770528</id>
<title><![CDATA[Cooking for Geeks: Real Science, Great Cooks, and Good Food]]></title>
<title_without_series><![CDATA[Cooking for Geeks: Real Science, Great Cooks, and Good Food]]></title_without_series>
<link><![CDATA[https://www.goodreads.com/book/show/25770528-cooking-for-geeks]]></link>
<small_image_url><![CDATA[https://images.gr-assets.com/books/1445789813s/25770528.jpg]]></small_image_url>
<image_url><![CDATA[https://images.gr-assets.com/books/1445789813m/25770528.jpg]]></image_url>
<num_pages>488</num_pages>
<work>
<id>12440866</id>
</work>
<isbn>1491928050</isbn>
<isbn13>9781491928059</isbn13>
<average_rating>4.05</average_rating>
<ratings_count>2948</ratings_count>
<publication_year>2015</publication_year>
<publication_month>10</publication_month>
<publication_day>29</publication_day>
<authors>
<author>
<id>275310</id>
<name>Jeff Potter</name>
<link><![CDATA[https://www.goodreads.com/author/show/275310.Jeff_Potter]]></link>
</author>
</authors>
</book>

  </similar_books>
</book>

</GoodreadsResponse>