<?xml version="1.0" encoding="UTF-8"?>
<GoodreadsResponse>
  <Request>
    <authentication>true</authentication>
      <key><![CDATA[all_men_must_serve]]></key>
    <method><![CDATA[book_show]]></method>
  </Request>
  <book>
  <id>10149142</id>
  <title>The Family Fang</title>
  <isbn><![CDATA[0061579033]]></isbn>
  <isbn13><![CDATA[9780061579035]]></isbn13>
  <asin><![CDATA[]]></asin>
  <kindle_asin><![CDATA[B005AFCAKS]]></kindle_asin>
  <marketplace_id><![CDATA[A1F83G8C2ARO7P]]></marketplace_id>
  <country_code><![CDATA[GB]]></country_code>
  <image_url>https://images.gr-assets.com/books/1444101399m/10149142.jpg</image_url>
  <small_image_url>https://images.gr-assets.com/books/1444101399s/10149142.jpg</small_image_url>
  <publication_year>2011</publication_year>
  <publication_month>8</publication_month>
  <publication_day></publication_day>
  <publisher>Ecco</publisher>
  <language_code>en-US</language_code>
  <is_ebook>false</is_ebook>
  <description><![CDATA[Mr. and Mrs. Fang called it art.<br /><br />Their children called it mischief.<br /><br />Performance artists Caleb and Camille Fang dedicated themselves to making great art. But when an artist’s work lies in subverting normality, it can be difficult to raise well-adjusted children. Just ask Buster and Annie Fang. For as long as they can remember, they starred (unwillingly) in their parents’ madcap pieces. But now that they are grown up, the chaos of their childhood has made it difficult to cope with life outside the fishbowl of their parents’ strange world.<br /><br />When the lives they’ve built come crashing down, brother and sister have nowhere to go but home, where they discover that Caleb and Camille are planning one last performance -– their magnum opus -– whether the kids agree to participate or not. Soon, ambition breeds conflict, bringing the Fangs to face the difficult decision about what’s ultimately more important: their family or their art.]]></description>
  <work>
  <id type="integer">15047462</id>
  <books_count type="integer">32</books_count>
  <best_book_id type="integer">10149142</best_book_id>
  <reviews_count type="integer">40587</reviews_count>
  <ratings_sum type="integer">75356</ratings_sum>
  <ratings_count type="integer">20915</ratings_count>
  <text_reviews_count type="integer">2956</text_reviews_count>
  <original_publication_year type="integer">2011</original_publication_year>
  <original_publication_month type="integer" nil="true"/>
  <original_publication_day type="integer" nil="true"/>
  <original_title>The Family Fang</original_title>
  <original_language_id type="integer" nil="true"/>
  <media_type>book</media_type>
  <rating_dist>5:3729|4:8386|3:6250|2:1867|1:683|total:20915</rating_dist>
  <desc_user_id type="integer">4319355</desc_user_id>
  <default_chaptering_book_id type="integer" nil="true"/>
  <default_description_language_code nil="true"/>
</work>
  <average_rating>3.60</average_rating>
  <num_pages><![CDATA[320]]></num_pages>
  <format><![CDATA[Hardcover]]></format>
  <edition_information><![CDATA[]]></edition_information>
  <ratings_count><![CDATA[18219]]></ratings_count>
  <text_reviews_count><![CDATA[2573]]></text_reviews_count>
  <url><![CDATA[https://www.goodreads.com/book/show/10149142-the-family-fang]]></url>
  <link><![CDATA[https://www.goodreads.com/book/show/10149142-the-family-fang]]></link>
  <authors>
<author>
<id>73187</id>
<name>Kevin    Wilson</name>
<role></role>
<image_url nophoto='false'>
<![CDATA[https://images.gr-assets.com/authors/1236615177p5/73187.jpg]]>
</image_url>
<small_image_url nophoto='false'>
<![CDATA[https://images.gr-assets.com/authors/1236615177p2/73187.jpg]]>
</small_image_url>
<link><![CDATA[https://www.goodreads.com/author/show/73187.Kevin_Wilson]]></link>
<average_rating>3.64</average_rating>
<ratings_count>28049</ratings_count>
<text_reviews_count>4080</text_reviews_count>
</author>
</authors>

    <reviews_widget>
      <![CDATA[
        <style>
  #goodreads-widget {
    font-family: georgia, serif;
    padding: 18px 0;
    width:565px;
  }
  #goodreads-widget h1 {
    font-weight:normal;
    font-size: 16px;
    border-bottom: 1px solid #BBB596;
    margin-bottom: 0;
  }
  #goodreads-widget a {
    text-decoration: none;
    color:#660;
  }
  iframe{
    background-color: #fff;
  }
  #goodreads-widget a:hover { text-decoration: underline; }
  #goodreads-widget a:active {
    color:#660;
  }
  #gr_footer {
    width: 100%;
    border-top: 1px solid #BBB596;
    text-align: right;
  }
  #goodreads-widget .gr_branding{
    color: #382110;
    font-size: 11px;
    text-decoration: none;
    font-family: "Helvetica Neue", Helvetica, Arial, sans-serif;
  }
</style>
<div id="goodreads-widget">
  <div id="gr_header"><h1><a rel="nofollow" href="https://www.goodreads.com/book/show/10149142-the-family-fang">The Family Fang Reviews</a></h1></div>
  <iframe id="the_iframe" src="https://www.goodreads.com/api/reviews_widget_iframe?did=DEVELOPER_ID&amp;format=html&amp;isbn=0061579033&amp;links=660&amp;min_rating=&amp;review_back=fff&amp;stars=000&amp;text=000" width="565" height="400" frameborder="0"></iframe>
  <div id="gr_footer">
    <a class="gr_branding" target="_blank" rel="nofollow" href="https://www.goodreads.com/book/show/10149142-the-family-fang?utm_medium=api&amp;utm_source=reviews_widget">Reviews from Goodreads.com</a>
  </div>
</div>

      ]]>
    </reviews_widget>
  <popular_shelves>
      <shelf name="to-read" count="4951"/>
      <shelf name="fiction" count="614"/>
      <shelf name="currently-reading" count="480"/>
      <shelf name="book-club" count="141"/>
      <shelf name="favorites" count="139"/>
      <shelf name="humor" count="91"/>
      <shelf name="contemporary" count="65"/>
      <shelf name="art" count="55"/>
      <shelf name="kindle" count="55"/>
      <shelf name="contemporary-fiction" count="54"/>
      <shelf name="adult-fiction" count="53"/>
      <shelf name="novels" count="50"/>
      <shelf name="library" count="48"/>
      <shelf name="read-in-2012" count="47"/>
      <shelf name="family" count="47"/>
      <shelf name="books-i-own" count="45"/>
      <shelf name="owned" count="43"/>
      <shelf name="literary-fiction" count="43"/>
      <shelf name="adult" count="41"/>
      <shelf name="bookclub" count="40"/>
      <shelf name="ebook" count="36"/>
      <shelf name="general-fiction" count="30"/>
      <shelf name="funny" count="27"/>
      <shelf name="humour" count="22"/>
      <shelf name="read-in-2011" count="22"/>
      <shelf name="to-buy" count="21"/>
      <shelf name="2012-reads" count="20"/>
      <shelf name="read-2012" count="19"/>
      <shelf name="novel" count="19"/>
      <shelf name="realistic-fiction" count="18"/>
      <shelf name="to-read-fiction" count="18"/>
      <shelf name="literature" count="18"/>
      <shelf name="abandoned" count="17"/>
      <shelf name="audiobooks" count="16"/>
      <shelf name="audiobook" count="16"/>
      <shelf name="e-book" count="15"/>
      <shelf name="family-relationships" count="15"/>
      <shelf name="american" count="15"/>
      <shelf name="quirky" count="15"/>
      <shelf name="ebooks" count="15"/>
      <shelf name="did-not-finish" count="15"/>
      <shelf name="dysfunctional-families" count="14"/>
      <shelf name="didn-t-finish" count="14"/>
      <shelf name="wish-list" count="14"/>
      <shelf name="read-in-2014" count="13"/>
      <shelf name="mystery" count="13"/>
      <shelf name="read-in-2013" count="12"/>
      <shelf name="audible" count="12"/>
      <shelf name="owned-books" count="12"/>
      <shelf name="performance-art" count="12"/>
      <shelf name="dysfunctional-family" count="12"/>
      <shelf name="literary" count="12"/>
      <shelf name="nook" count="12"/>
      <shelf name="comedy" count="12"/>
      <shelf name="read-in-2016" count="11"/>
      <shelf name="2012-books" count="11"/>
      <shelf name="siblings" count="11"/>
      <shelf name="book-club-reads" count="10"/>
      <shelf name="read-2013" count="10"/>
      <shelf name="audio" count="10"/>
      <shelf name="book-group" count="10"/>
      <shelf name="relationships" count="10"/>
      <shelf name="default" count="9"/>
      <shelf name="own-it" count="9"/>
      <shelf name="families" count="9"/>
      <shelf name="couldn-t-finish" count="8"/>
      <shelf name="books-read-in-2012" count="8"/>
      <shelf name="recommended" count="8"/>
      <shelf name="2014-reads" count="7"/>
      <shelf name="finished" count="7"/>
      <shelf name="satire" count="7"/>
      <shelf name="coming-of-age" count="7"/>
      <shelf name="drama" count="7"/>
      <shelf name="artists" count="7"/>
      <shelf name="gave-up-on" count="7"/>
      <shelf name="best-of-2011" count="7"/>
      <shelf name="realistic" count="7"/>
      <shelf name="2011-books" count="7"/>
      <shelf name="e-books" count="7"/>
      <shelf name="i-own" count="7"/>
      <shelf name="want-to-read" count="7"/>
      <shelf name="book-club-pick" count="7"/>
      <shelf name="read-in-2017" count="6"/>
      <shelf name="lit" count="6"/>
      <shelf name="2013-books" count="6"/>
      <shelf name="overdrive" count="6"/>
      <shelf name="book-club-books" count="6"/>
      <shelf name="usa" count="6"/>
      <shelf name="family-drama" count="6"/>
      <shelf name="borrowed" count="6"/>
      <shelf name="maybe" count="6"/>
      <shelf name="stopped-reading" count="6"/>
      <shelf name="modern-fiction" count="6"/>
      <shelf name="2011-reads" count="6"/>
      <shelf name="read-2011" count="6"/>
      <shelf name="family-issues" count="6"/>
      <shelf name="arc" count="6"/>
      <shelf name="read-2015" count="5"/>
      <shelf name="my-books" count="5"/>
      <shelf name="ibooks" count="5"/>
  </popular_shelves>
  <book_links>
    <book_link>
  <id>8</id>
  <name>Libraries</name>
  <link>https://www.goodreads.com/book_link/follow/8</link>
</book_link>

  </book_links>
  <buy_links>
    <buy_link>
<id>1</id>
<name>Amazon</name>
<link>https://www.goodreads.com/book_link/follow/1</link>
</buy_link>
<buy_link>
<id>10</id>
<name>Audible</name>
<link>https://www.goodreads.com/book_link/follow/10</link>
</buy_link>
<buy_link>
<id>3</id>
<name>Barnes &amp; Noble</name>
<link>https://www.goodreads.com/book_link/follow/3</link>
</buy_link>
<buy_link>
<id>1027</id>
<name>Kobo</name>
<link>https://www.goodreads.com/book_link/follow/1027</link>
</buy_link>
<buy_link>
<id>2102</id>
<name>Apple iBooks</name>
<link>https://www.goodreads.com/book_link/follow/2102</link>
</buy_link>
<buy_link>
<id>8036</id>
<name>Google Play</name>
<link>https://www.goodreads.com/book_link/follow/8036</link>
</buy_link>
<buy_link>
<id>4</id>
<name>Abebooks</name>
<link>https://www.goodreads.com/book_link/follow/4</link>
</buy_link>
<buy_link>
<id>882</id>
<name>Book Depository</name>
<link>https://www.goodreads.com/book_link/follow/882</link>
</buy_link>
<buy_link>
<id>9</id>
<name>Indigo</name>
<link>https://www.goodreads.com/book_link/follow/9</link>
</buy_link>
<buy_link>
<id>2</id>
<name>Half.com</name>
<link>https://www.goodreads.com/book_link/follow/2</link>
</buy_link>
<buy_link>
<id>5</id>
<name>Alibris</name>
<link>https://www.goodreads.com/book_link/follow/5</link>
</buy_link>
<buy_link>
<id>107</id>
<name>Better World Books</name>
<link>https://www.goodreads.com/book_link/follow/107</link>
</buy_link>
<buy_link>
<id>7</id>
<name>IndieBound</name>
<link>https://www.goodreads.com/book_link/follow/7</link>
</buy_link>

  </buy_links>
  <series_works>
    
  </series_works>
  <similar_books>
          <book>
<id>10374910</id>
<title>The Call</title>
<title_without_series>The Call</title_without_series>
<link><![CDATA[https://www.goodreads.com/book/show/10374910-the-call]]></link>
<small_image_url><![CDATA[https://images.gr-assets.com/books/1302274270s/10374910.jpg]]></small_image_url>
<image_url><![CDATA[https://images.gr-assets.com/books/1302274270m/10374910.jpg]]></image_url>
<num_pages>223</num_pages>
<work>
<id>15278318</id>
</work>
<isbn>0062023144</isbn>
<isbn13>9780062023148</isbn13>
<average_rating>3.65</average_rating>
<ratings_count>2219</ratings_count>
<publication_year>2011</publication_year>
<publication_month>8</publication_month>
<publication_day>2</publication_day>
<authors>
<author>
<id>56758</id>
<name>Yannick Murphy</name>
<link><![CDATA[https://www.goodreads.com/author/show/56758.Yannick_Murphy]]></link>
</author>
</authors>
</book>

          <book>
<id>10204616</id>
<title><![CDATA[Orientation: And Other Stories]]></title>
<title_without_series><![CDATA[Orientation: And Other Stories]]></title_without_series>
<link><![CDATA[https://www.goodreads.com/book/show/10204616-orientation]]></link>
<small_image_url><![CDATA[https://images.gr-assets.com/books/1317067365s/10204616.jpg]]></small_image_url>
<image_url><![CDATA[https://images.gr-assets.com/books/1317067365m/10204616.jpg]]></image_url>
<num_pages>162</num_pages>
<work>
<id>15103974</id>
</work>
<isbn>0865478538</isbn>
<isbn13>9780865478534</isbn13>
<average_rating>3.73</average_rating>
<ratings_count>944</ratings_count>
<publication_year>2011</publication_year>
<publication_month>5</publication_month>
<publication_day>24</publication_day>
<authors>
<author>
<id>4146664</id>
<name>Daniel Orozco</name>
<link><![CDATA[https://www.goodreads.com/author/show/4146664.Daniel_Orozco]]></link>
</author>
</authors>
</book>

          <book>
<id>9271896</id>
<title>The Tragedy of Arthur</title>
<title_without_series>The Tragedy of Arthur</title_without_series>
<link><![CDATA[https://www.goodreads.com/book/show/9271896-the-tragedy-of-arthur]]></link>
<small_image_url><![CDATA[https://images.gr-assets.com/books/1382094161s/9271896.jpg]]></small_image_url>
<image_url><![CDATA[https://images.gr-assets.com/books/1382094161m/9271896.jpg]]></image_url>
<num_pages>368</num_pages>
<work>
<id>14153607</id>
</work>
<isbn>1400066476</isbn>
<isbn13>9781400066476</isbn13>
<average_rating>3.45</average_rating>
<ratings_count>2710</ratings_count>
<publication_year>2011</publication_year>
<publication_month>4</publication_month>
<publication_day>19</publication_day>
<authors>
<author>
<id>16223</id>
<name>Arthur Phillips</name>
<link><![CDATA[https://www.goodreads.com/author/show/16223.Arthur_Phillips]]></link>
</author>
</authors>
</book>

          <book>
<id>9429864</id>
<title>In Zanesville</title>
<title_without_series>In Zanesville</title_without_series>
<link><![CDATA[https://www.goodreads.com/book/show/9429864-in-zanesville]]></link>
<small_image_url><![CDATA[https://images.gr-assets.com/books/1327876566s/9429864.jpg]]></small_image_url>
<image_url><![CDATA[https://images.gr-assets.com/books/1327876566m/9429864.jpg]]></image_url>
<num_pages>287</num_pages>
<work>
<id>14314360</id>
</work>
<isbn>0316084476</isbn>
<isbn13>9780316084475</isbn13>
<average_rating>3.58</average_rating>
<ratings_count>3697</ratings_count>
<publication_year></publication_year>
<publication_month></publication_month>
<publication_day></publication_day>
<authors>
<author>
<id>117985</id>
<name>Jo Ann Beard</name>
<link><![CDATA[https://www.goodreads.com/author/show/117985.Jo_Ann_Beard]]></link>
</author>
</authors>
</book>

          <book>
<id>8472655</id>
<title>The Illumination</title>
<title_without_series>The Illumination</title_without_series>
<link><![CDATA[https://www.goodreads.com/book/show/8472655-the-illumination]]></link>
<small_image_url><![CDATA[https://images.gr-assets.com/books/1320397213s/8472655.jpg]]></small_image_url>
<image_url><![CDATA[https://images.gr-assets.com/books/1320397213m/8472655.jpg]]></image_url>
<num_pages>272</num_pages>
<work>
<id>13337362</id>
</work>
<isbn>0375425314</isbn>
<isbn13>9780375425318</isbn13>
<average_rating>3.38</average_rating>
<ratings_count>3115</ratings_count>
<publication_year>2011</publication_year>
<publication_month>2</publication_month>
<publication_day>1</publication_day>
<authors>
<author>
<id>16967</id>
<name>Kevin Brockmeier</name>
<link><![CDATA[https://www.goodreads.com/author/show/16967.Kevin_Brockmeier]]></link>
</author>
</authors>
</book>

          <book>
<id>9612430</id>
<title>The Coffins of Little Hope</title>
<title_without_series>The Coffins of Little Hope</title_without_series>
<link><![CDATA[https://www.goodreads.com/book/show/9612430-the-coffins-of-little-hope]]></link>
<small_image_url><![CDATA[https://images.gr-assets.com/books/1328737990s/9612430.jpg]]></small_image_url>
<image_url><![CDATA[https://images.gr-assets.com/books/1328737990m/9612430.jpg]]></image_url>
<num_pages>272</num_pages>
<work>
<id>14499612</id>
</work>
<isbn>1609530403</isbn>
<isbn13>9781609530402</isbn13>
<average_rating>3.08</average_rating>
<ratings_count>1303</ratings_count>
<publication_year>2011</publication_year>
<publication_month>4</publication_month>
<publication_day>19</publication_day>
<authors>
<author>
<id>131724</id>
<name>Timothy Schaffert</name>
<link><![CDATA[https://www.goodreads.com/author/show/131724.Timothy_Schaffert]]></link>
</author>
</authors>
</book>

          <book>
<id>10870053</id>
<title>Lost Memory of Skin</title>
<title_without_series>Lost Memory of Skin</title_without_series>
<link><![CDATA[https://www.goodreads.com/book/show/10870053-lost-memory-of-skin]]></link>
<small_image_url><![CDATA[https://s.gr-assets.com/assets/nophoto/book/50x75-a91bf249278a81aabab721ef782c4a74.png]]></small_image_url>
<image_url><![CDATA[https://s.gr-assets.com/assets/nophoto/book/111x148-bcc042a9c91a29c1d680899eff700a03.png]]></image_url>
<num_pages>417</num_pages>
<work>
<id>15785308</id>
</work>
<isbn>0061857637</isbn>
<isbn13>9780061857638</isbn13>
<average_rating>3.58</average_rating>
<ratings_count>5721</ratings_count>
<publication_year>2011</publication_year>
<publication_month>9</publication_month>
<publication_day>27</publication_day>
<authors>
<author>
<id>15128</id>
<name>Russell Banks</name>
<link><![CDATA[https://www.goodreads.com/author/show/15128.Russell_Banks]]></link>
</author>
</authors>
</book>

          <book>
<id>9412055</id>
<title>Emily, Alone</title>
<title_without_series>Emily, Alone</title_without_series>
<link><![CDATA[https://www.goodreads.com/book/show/9412055-emily-alone]]></link>
<small_image_url><![CDATA[https://images.gr-assets.com/books/1311281799s/9412055.jpg]]></small_image_url>
<image_url><![CDATA[https://images.gr-assets.com/books/1311281799m/9412055.jpg]]></image_url>
<num_pages>255</num_pages>
<work>
<id>14296148</id>
</work>
<isbn>0670022357</isbn>
<isbn13>9780670022359</isbn13>
<average_rating>3.66</average_rating>
<ratings_count>3757</ratings_count>
<publication_year></publication_year>
<publication_month></publication_month>
<publication_day></publication_day>
<authors>
<author>
<id>18341</id>
<name>Stewart O&apos;Nan</name>
<link><![CDATA[https://www.goodreads.com/author/show/18341.Stewart_O_Nan]]></link>
</author>
</authors>
</book>

          <book>
<id>10029149</id>
<title>Among the Wonderful</title>
<title_without_series>Among the Wonderful</title_without_series>
<link><![CDATA[https://www.goodreads.com/book/show/10029149-among-the-wonderful]]></link>
<small_image_url><![CDATA[https://images.gr-assets.com/books/1357764794s/10029149.jpg]]></small_image_url>
<image_url><![CDATA[https://images.gr-assets.com/books/1357764794m/10029149.jpg]]></image_url>
<num_pages>464</num_pages>
<work>
<id>14924693</id>
</work>
<isbn>1586421840</isbn>
<isbn13>9781586421847</isbn13>
<average_rating>3.44</average_rating>
<ratings_count>422</ratings_count>
<publication_year>2011</publication_year>
<publication_month>8</publication_month>
<publication_day>2</publication_day>
<authors>
<author>
<id>3446633</id>
<name>Stacy Carlson</name>
<link><![CDATA[https://www.goodreads.com/author/show/3446633.Stacy_Carlson]]></link>
</author>
</authors>
</book>

          <book>
<id>6013046</id>
<title><![CDATA[How I Became a Famous Novelist]]></title>
<title_without_series><![CDATA[How I Became a Famous Novelist]]></title_without_series>
<link><![CDATA[https://www.goodreads.com/book/show/6013046-how-i-became-a-famous-novelist]]></link>
<small_image_url><![CDATA[https://s.gr-assets.com/assets/nophoto/book/50x75-a91bf249278a81aabab721ef782c4a74.png]]></small_image_url>
<image_url><![CDATA[https://s.gr-assets.com/assets/nophoto/book/111x148-bcc042a9c91a29c1d680899eff700a03.png]]></image_url>
<num_pages>322</num_pages>
<work>
<id>6188289</id>
</work>
<isbn>0802170609</isbn>
<isbn13>9780802170606</isbn13>
<average_rating>3.68</average_rating>
<ratings_count>3198</ratings_count>
<publication_year></publication_year>
<publication_month></publication_month>
<publication_day></publication_day>
<authors>
<author>
<id>1280066</id>
<name>Steve Hely</name>
<link><![CDATA[https://www.goodreads.com/author/show/1280066.Steve_Hely]]></link>
</author>
</authors>
</book>

          <book>
<id>8711905</id>
<title><![CDATA[Blueprints for Building Better Girls: Fiction]]></title>
<title_without_series><![CDATA[Blueprints for Building Better Girls: Fiction]]></title_without_series>
<link><![CDATA[https://www.goodreads.com/book/show/8711905-blueprints-for-building-better-girls]]></link>
<small_image_url><![CDATA[https://images.gr-assets.com/books/1453191645s/8711905.jpg]]></small_image_url>
<image_url><![CDATA[https://images.gr-assets.com/books/1453191645m/8711905.jpg]]></image_url>
<num_pages></num_pages>
<work>
<id>13584771</id>
</work>
<isbn>0743276701</isbn>
<isbn13>9780743276702</isbn13>
<average_rating>3.57</average_rating>
<ratings_count>2510</ratings_count>
<publication_year></publication_year>
<publication_month></publication_month>
<publication_day></publication_day>
<authors>
<author>
<id>33793</id>
<name>Elissa Schappell</name>
<link><![CDATA[https://www.goodreads.com/author/show/33793.Elissa_Schappell]]></link>
</author>
</authors>
</book>

          <book>
<id>8190809</id>
<title><![CDATA[The Revenge of the Radioactive Lady]]></title>
<title_without_series><![CDATA[The Revenge of the Radioactive Lady]]></title_without_series>
<link><![CDATA[https://www.goodreads.com/book/show/8190809-the-revenge-of-the-radioactive-lady]]></link>
<small_image_url><![CDATA[https://images.gr-assets.com/books/1320442371s/8190809.jpg]]></small_image_url>
<image_url><![CDATA[https://images.gr-assets.com/books/1320442371m/8190809.jpg]]></image_url>
<num_pages>334</num_pages>
<work>
<id>13037569</id>
</work>
<isbn>0385510640</isbn>
<isbn13>9780385510646</isbn13>
<average_rating>3.26</average_rating>
<ratings_count>1556</ratings_count>
<publication_year></publication_year>
<publication_month></publication_month>
<publication_day></publication_day>
<authors>
<author>
<id>130005</id>
<name>Elizabeth Stuckey-French</name>
<link><![CDATA[https://www.goodreads.com/author/show/130005.Elizabeth_Stuckey_French]]></link>
</author>
</authors>
</book>

          <book>
<id>10306358</id>
<title>We the Animals</title>
<title_without_series>We the Animals</title_without_series>
<link><![CDATA[https://www.goodreads.com/book/show/10306358-we-the-animals]]></link>
<small_image_url><![CDATA[https://images.gr-assets.com/books/1327900720s/10306358.jpg]]></small_image_url>
<image_url><![CDATA[https://images.gr-assets.com/books/1327900720m/10306358.jpg]]></image_url>
<num_pages>128</num_pages>
<work>
<id>15208454</id>
</work>
<isbn>0547576722</isbn>
<isbn13>9780547576725</isbn13>
<average_rating>3.61</average_rating>
<ratings_count>11751</ratings_count>
<publication_year></publication_year>
<publication_month></publication_month>
<publication_day></publication_day>
<authors>
<author>
<id>4208219</id>
<name>Justin Torres</name>
<link><![CDATA[https://www.goodreads.com/author/show/4208219.Justin_Torres]]></link>
</author>
</authors>
</book>

          <book>
<id>9061509</id>
<title>The Adults</title>
<title_without_series>The Adults</title_without_series>
<link><![CDATA[https://www.goodreads.com/book/show/9061509-the-adults]]></link>
<small_image_url><![CDATA[https://images.gr-assets.com/books/1327935654s/9061509.jpg]]></small_image_url>
<image_url><![CDATA[https://images.gr-assets.com/books/1327935654m/9061509.jpg]]></image_url>
<num_pages>307</num_pages>
<work>
<id>13939515</id>
</work>
<isbn>1439191859</isbn>
<isbn13>9781439191859</isbn13>
<average_rating>3.48</average_rating>
<ratings_count>3266</ratings_count>
<publication_year></publication_year>
<publication_month></publication_month>
<publication_day></publication_day>
<authors>
<author>
<id>4269913</id>
<name>Alison Espach</name>
<link><![CDATA[https://www.goodreads.com/author/show/4269913.Alison_Espach]]></link>
</author>
</authors>
</book>

          <book>
<id>12050073</id>
<title>Broken Irish</title>
<title_without_series>Broken Irish</title_without_series>
<link><![CDATA[https://www.goodreads.com/book/show/12050073-broken-irish]]></link>
<small_image_url><![CDATA[https://images.gr-assets.com/books/1318939611s/12050073.jpg]]></small_image_url>
<image_url><![CDATA[https://images.gr-assets.com/books/1318939611m/12050073.jpg]]></image_url>
<num_pages>379</num_pages>
<work>
<id>17017000</id>
</work>
<isbn>1933527501</isbn>
<isbn13>9781933527505</isbn13>
<average_rating>3.62</average_rating>
<ratings_count>227</ratings_count>
<publication_year>2011</publication_year>
<publication_month>9</publication_month>
<publication_day>6</publication_day>
<authors>
<author>
<id>1279637</id>
<name>Edward J. Delaney</name>
<link><![CDATA[https://www.goodreads.com/author/show/1279637.Edward_J_Delaney]]></link>
</author>
</authors>
</book>

          <book>
<id>10859115</id>
<title>History of a Pleasure Seeker</title>
<title_without_series>History of a Pleasure Seeker</title_without_series>
<link><![CDATA[https://www.goodreads.com/book/show/10859115-history-of-a-pleasure-seeker]]></link>
<small_image_url><![CDATA[https://images.gr-assets.com/books/1313193570s/10859115.jpg]]></small_image_url>
<image_url><![CDATA[https://images.gr-assets.com/books/1313193570m/10859115.jpg]]></image_url>
<num_pages>283</num_pages>
<work>
<id>15774059</id>
</work>
<isbn>0297863053</isbn>
<isbn13>9780297863052</isbn13>
<average_rating>3.44</average_rating>
<ratings_count>2635</ratings_count>
<publication_year>2011</publication_year>
<publication_month></publication_month>
<publication_day></publication_day>
<authors>
<author>
<id>7755518</id>
<name>Richard       Mason</name>
<link><![CDATA[https://www.goodreads.com/author/show/7755518.Richard_Mason]]></link>
</author>
</authors>
</book>

          <book>
<id>9902278</id>
<title>The Borrower</title>
<title_without_series>The Borrower</title_without_series>
<link><![CDATA[https://www.goodreads.com/book/show/9902278-the-borrower]]></link>
<small_image_url><![CDATA[https://images.gr-assets.com/books/1311281832s/9902278.jpg]]></small_image_url>
<image_url><![CDATA[https://images.gr-assets.com/books/1311281832m/9902278.jpg]]></image_url>
<num_pages>324</num_pages>
<work>
<id>14794535</id>
</work>
<isbn>0670022810</isbn>
<isbn13>9780670022816</isbn13>
<average_rating>3.46</average_rating>
<ratings_count>7609</ratings_count>
<publication_year>2011</publication_year>
<publication_month>6</publication_month>
<publication_day>9</publication_day>
<authors>
<author>
<id>3134707</id>
<name>Rebecca Makkai</name>
<link><![CDATA[https://www.goodreads.com/author/show/3134707.Rebecca_Makkai]]></link>
</author>
</authors>
</book>

          <book>
<id>10647326</id>
<title>Stone Arabia</title>
<title_without_series>Stone Arabia</title_without_series>
<link><![CDATA[https://www.goodreads.com/book/show/10647326-stone-arabia]]></link>
<small_image_url><![CDATA[https://images.gr-assets.com/books/1327927235s/10647326.jpg]]></small_image_url>
<image_url><![CDATA[https://images.gr-assets.com/books/1327927235m/10647326.jpg]]></image_url>
<num_pages>235</num_pages>
<work>
<id>15556235</id>
</work>
<isbn>1451617968</isbn>
<isbn13>9781451617962</isbn13>
<average_rating>3.35</average_rating>
<ratings_count>2630</ratings_count>
<publication_year></publication_year>
<publication_month></publication_month>
<publication_day></publication_day>
<authors>
<author>
<id>41063</id>
<name>Dana Spiotta</name>
<link><![CDATA[https://www.goodreads.com/author/show/41063.Dana_Spiotta]]></link>
</author>
</authors>
</book>

  </similar_books>
</book>

</GoodreadsResponse>