<?xml version="1.0" encoding="UTF-8"?>
<GoodreadsResponse>
  <Request>
    <authentication>true</authentication>
      <key><![CDATA[all_men_must_serve]]></key>
    <method><![CDATA[book_show]]></method>
  </Request>
  <book>
  <id>10163292</id>
  <title><![CDATA[The Last Letter from Your Lover]]></title>
  <isbn><![CDATA[0670022802]]></isbn>
  <isbn13><![CDATA[9780670022809]]></isbn13>
  <asin><![CDATA[]]></asin>
  <kindle_asin><![CDATA[B004JHY7TA]]></kindle_asin>
  <marketplace_id><![CDATA[A1F83G8C2ARO7P]]></marketplace_id>
  <country_code><![CDATA[GB]]></country_code>
  <image_url>https://s.gr-assets.com/assets/nophoto/book/111x148-bcc042a9c91a29c1d680899eff700a03.png</image_url>
  <small_image_url>https://s.gr-assets.com/assets/nophoto/book/50x75-a91bf249278a81aabab721ef782c4a74.png</small_image_url>
  <publication_year></publication_year>
  <publication_month></publication_month>
  <publication_day></publication_day>
  <publisher></publisher>
  <language_code>eng</language_code>
  <is_ebook>false</is_ebook>
  <description><![CDATA[When journalist Ellie looks through her newspaper's archives for a story, she doesn’t think she'll find anything of interest. Instead she discovers a letter from 1960, written by a man asking his lover to leave her husband – and Ellie is caught up in the intrigue of a past love affair. Despite, or perhaps because of her own romantic entanglements with a married man.<br /><br />In 1960, Jennifer wakes up in hospital after a car accident. She can't remember anything – her husband, her friends, who she used to be. And then, when she returns home, she uncovers a hidden letter, and begins to remember the lover she was willing to risk everything for. Ellie and Jennifer's stories of passion, adultery and loss are wound together in this richly emotive novel – interspersed with real 'last letters'.]]></description>
  <work>
  <id type="integer">11340098</id>
  <books_count type="integer">91</books_count>
  <best_book_id type="integer">10163292</best_book_id>
  <reviews_count type="integer">108123</reviews_count>
  <ratings_sum type="integer">208870</ratings_sum>
  <ratings_count type="integer">52966</ratings_count>
  <text_reviews_count type="integer">5269</text_reviews_count>
  <original_publication_year type="integer">2008</original_publication_year>
  <original_publication_month type="integer">1</original_publication_month>
  <original_publication_day type="integer">10</original_publication_day>
  <original_title>The Last Letter From Your Lover</original_title>
  <original_language_id type="integer" nil="true"/>
  <media_type>book</media_type>
  <rating_dist>5:15807|4:22241|3:11764|2:2425|1:729|total:52966</rating_dist>
  <desc_user_id type="integer">7717977</desc_user_id>
  <default_chaptering_book_id type="integer" nil="true"/>
  <default_description_language_code nil="true"/>
</work>
  <average_rating>3.94</average_rating>
  <num_pages><![CDATA[390]]></num_pages>
  <format><![CDATA[]]></format>
  <edition_information><![CDATA[]]></edition_information>
  <ratings_count><![CDATA[41179]]></ratings_count>
  <text_reviews_count><![CDATA[4239]]></text_reviews_count>
  <url><![CDATA[https://www.goodreads.com/book/show/10163292-the-last-letter-from-your-lover]]></url>
  <link><![CDATA[https://www.goodreads.com/book/show/10163292-the-last-letter-from-your-lover]]></link>
  <authors>
<author>
<id>281810</id>
<name>Jojo Moyes</name>
<role></role>
<image_url nophoto='false'>
<![CDATA[https://images.gr-assets.com/authors/1400624880p5/281810.jpg]]>
</image_url>
<small_image_url nophoto='false'>
<![CDATA[https://images.gr-assets.com/authors/1400624880p2/281810.jpg]]>
</small_image_url>
<link><![CDATA[https://www.goodreads.com/author/show/281810.Jojo_Moyes]]></link>
<average_rating>4.09</average_rating>
<ratings_count>1252857</ratings_count>
<text_reviews_count>119596</text_reviews_count>
</author>
</authors>

    <reviews_widget>
      <![CDATA[
        <style>
  #goodreads-widget {
    font-family: georgia, serif;
    padding: 18px 0;
    width:565px;
  }
  #goodreads-widget h1 {
    font-weight:normal;
    font-size: 16px;
    border-bottom: 1px solid #BBB596;
    margin-bottom: 0;
  }
  #goodreads-widget a {
    text-decoration: none;
    color:#660;
  }
  iframe{
    background-color: #fff;
  }
  #goodreads-widget a:hover { text-decoration: underline; }
  #goodreads-widget a:active {
    color:#660;
  }
  #gr_footer {
    width: 100%;
    border-top: 1px solid #BBB596;
    text-align: right;
  }
  #goodreads-widget .gr_branding{
    color: #382110;
    font-size: 11px;
    text-decoration: none;
    font-family: "Helvetica Neue", Helvetica, Arial, sans-serif;
  }
</style>
<div id="goodreads-widget">
  <div id="gr_header"><h1><a rel="nofollow" href="https://www.goodreads.com/book/show/10163292-the-last-letter-from-your-lover">The Last Letter from Your Lover Reviews</a></h1></div>
  <iframe id="the_iframe" src="https://www.goodreads.com/api/reviews_widget_iframe?did=DEVELOPER_ID&amp;format=html&amp;isbn=0670022802&amp;links=660&amp;min_rating=&amp;review_back=fff&amp;stars=000&amp;text=000" width="565" height="400" frameborder="0"></iframe>
  <div id="gr_footer">
    <a class="gr_branding" target="_blank" rel="nofollow" href="https://www.goodreads.com/book/show/10163292-the-last-letter-from-your-lover?utm_medium=api&amp;utm_source=reviews_widget">Reviews from Goodreads.com</a>
  </div>
</div>

      ]]>
    </reviews_widget>
  <popular_shelves>
      <shelf name="currently-reading" count="1126"/>
      <shelf name="romance" count="538"/>
      <shelf name="fiction" count="455"/>
      <shelf name="favorites" count="298"/>
      <shelf name="historical-fiction" count="279"/>
      <shelf name="chick-lit" count="250"/>
      <shelf name="to-read" count="144"/>
      <shelf name="books-i-own" count="132"/>
      <shelf name="contemporary" count="124"/>
      <shelf name="book-club" count="106"/>
      <shelf name="jojo-moyes" count="90"/>
      <shelf name="kindle" count="85"/>
      <shelf name="adult" count="82"/>
      <shelf name="owned" count="79"/>
      <shelf name="library" count="73"/>
      <shelf name="adult-fiction" count="66"/>
      <shelf name="historical" count="65"/>
      <shelf name="owned-books" count="57"/>
      <shelf name="read-in-2014" count="56"/>
      <shelf name="read-in-2015" count="51"/>
      <shelf name="read-2014" count="50"/>
      <shelf name="to-buy" count="49"/>
      <shelf name="ebook" count="45"/>
      <shelf name="read-in-2016" count="44"/>
      <shelf name="read-2015" count="42"/>
      <shelf name="sub" count="42"/>
      <shelf name="audiobook" count="42"/>
      <shelf name="audio" count="40"/>
      <shelf name="default" count="39"/>
      <shelf name="audiobooks" count="37"/>
      <shelf name="e-book" count="36"/>
      <shelf name="england" count="36"/>
      <shelf name="audible" count="33"/>
      <shelf name="my-books" count="32"/>
      <shelf name="ebooks" count="32"/>
      <shelf name="wish-list" count="32"/>
      <shelf name="contemporary-fiction" count="31"/>
      <shelf name="british" count="30"/>
      <shelf name="love" count="29"/>
      <shelf name="read-in-2013" count="28"/>
      <shelf name="favourites" count="28"/>
      <shelf name="nook" count="26"/>
      <shelf name="read-2016" count="23"/>
      <shelf name="drama" count="23"/>
      <shelf name="read-in-2017" count="22"/>
      <shelf name="read-2013" count="22"/>
      <shelf name="womens-fiction" count="22"/>
      <shelf name="read-in-2012" count="22"/>
      <shelf name="love-story" count="22"/>
      <shelf name="my-library" count="21"/>
      <shelf name="didn-t-finish" count="21"/>
      <shelf name="women-s-fiction" count="21"/>
      <shelf name="chicklit" count="21"/>
      <shelf name="amnesia" count="20"/>
      <shelf name="did-not-finish" count="20"/>
      <shelf name="abandoned" count="20"/>
      <shelf name="novels" count="20"/>
      <shelf name="tbr" count="19"/>
      <shelf name="contemporary-romance" count="19"/>
      <shelf name="library-book" count="19"/>
      <shelf name="i-own" count="19"/>
      <shelf name="want-to-read" count="19"/>
      <shelf name="library-books" count="19"/>
      <shelf name="audio-books" count="18"/>
      <shelf name="e-books" count="18"/>
      <shelf name="dnf" count="17"/>
      <shelf name="bookclub" count="17"/>
      <shelf name="historical-romance" count="17"/>
      <shelf name="relationships" count="17"/>
      <shelf name="chic-lit" count="16"/>
      <shelf name="gave-up" count="15"/>
      <shelf name="love-stories" count="15"/>
      <shelf name="general-fiction" count="15"/>
      <shelf name="2016-reads" count="14"/>
      <shelf name="2014-books" count="14"/>
      <shelf name="2014-reads" count="14"/>
      <shelf name="roman" count="14"/>
      <shelf name="maybe" count="14"/>
      <shelf name="audio-book" count="14"/>
      <shelf name="realistic-fiction" count="14"/>
      <shelf name="stand-alone" count="14"/>
      <shelf name="2015-reads" count="13"/>
      <shelf name="book-club-books" count="13"/>
      <shelf name="2013-read" count="13"/>
      <shelf name="on-my-shelf" count="13"/>
      <shelf name="london" count="13"/>
      <shelf name="borrowed" count="13"/>
      <shelf name="recommended" count="13"/>
      <shelf name="2016-books" count="12"/>
      <shelf name="my-bookshelf" count="12"/>
      <shelf name="standalone" count="12"/>
      <shelf name="favorite-authors" count="12"/>
      <shelf name="need-to-buy" count="12"/>
      <shelf name="book-club-reads" count="12"/>
      <shelf name="2013-reads" count="12"/>
      <shelf name="have" count="12"/>
      <shelf name="paperback" count="12"/>
      <shelf name="beach-reads" count="12"/>
      <shelf name="english" count="12"/>
      <shelf name="books-i-have" count="11"/>
  </popular_shelves>
  <book_links>
    <book_link>
  <id>8</id>
  <name>Libraries</name>
  <link>https://www.goodreads.com/book_link/follow/8</link>
</book_link>

  </book_links>
  <buy_links>
    <buy_link>
<id>1</id>
<name>Amazon</name>
<link>https://www.goodreads.com/book_link/follow/1</link>
</buy_link>
<buy_link>
<id>10</id>
<name>Audible</name>
<link>https://www.goodreads.com/book_link/follow/10</link>
</buy_link>
<buy_link>
<id>3</id>
<name>Barnes &amp; Noble</name>
<link>https://www.goodreads.com/book_link/follow/3</link>
</buy_link>
<buy_link>
<id>1027</id>
<name>Kobo</name>
<link>https://www.goodreads.com/book_link/follow/1027</link>
</buy_link>
<buy_link>
<id>2102</id>
<name>Apple iBooks</name>
<link>https://www.goodreads.com/book_link/follow/2102</link>
</buy_link>
<buy_link>
<id>8036</id>
<name>Google Play</name>
<link>https://www.goodreads.com/book_link/follow/8036</link>
</buy_link>
<buy_link>
<id>4</id>
<name>Abebooks</name>
<link>https://www.goodreads.com/book_link/follow/4</link>
</buy_link>
<buy_link>
<id>882</id>
<name>Book Depository</name>
<link>https://www.goodreads.com/book_link/follow/882</link>
</buy_link>
<buy_link>
<id>9</id>
<name>Indigo</name>
<link>https://www.goodreads.com/book_link/follow/9</link>
</buy_link>
<buy_link>
<id>2</id>
<name>Half.com</name>
<link>https://www.goodreads.com/book_link/follow/2</link>
</buy_link>
<buy_link>
<id>5</id>
<name>Alibris</name>
<link>https://www.goodreads.com/book_link/follow/5</link>
</buy_link>
<buy_link>
<id>107</id>
<name>Better World Books</name>
<link>https://www.goodreads.com/book_link/follow/107</link>
</buy_link>
<buy_link>
<id>7</id>
<name>IndieBound</name>
<link>https://www.goodreads.com/book_link/follow/7</link>
</buy_link>

  </buy_links>
  <series_works>
    
  </series_works>
  <similar_books>
          <book>
<id>9413657</id>
<title>Letters From Home</title>
<title_without_series>Letters From Home</title_without_series>
<link><![CDATA[https://www.goodreads.com/book/show/9413657-letters-from-home]]></link>
<small_image_url><![CDATA[https://s.gr-assets.com/assets/nophoto/book/50x75-a91bf249278a81aabab721ef782c4a74.png]]></small_image_url>
<image_url><![CDATA[https://s.gr-assets.com/assets/nophoto/book/111x148-bcc042a9c91a29c1d680899eff700a03.png]]></image_url>
<num_pages>364</num_pages>
<work>
<id>14297764</id>
</work>
<isbn>0758246846</isbn>
<isbn13>9780758246844</isbn13>
<average_rating>3.81</average_rating>
<ratings_count>2310</ratings_count>
<publication_year>2011</publication_year>
<publication_month>2</publication_month>
<publication_day>22</publication_day>
<authors>
<author>
<id>4384611</id>
<name>Kristina McMorris</name>
<link><![CDATA[https://www.goodreads.com/author/show/4384611.Kristina_McMorris]]></link>
</author>
</authors>
</book>

          <book>
<id>12425416</id>
<title><![CDATA[The Secret of Happy Ever After]]></title>
<title_without_series><![CDATA[The Secret of Happy Ever After]]></title_without_series>
<link><![CDATA[https://www.goodreads.com/book/show/12425416-the-secret-of-happy-ever-after]]></link>
<small_image_url><![CDATA[https://images.gr-assets.com/books/1361880519s/12425416.jpg]]></small_image_url>
<image_url><![CDATA[https://images.gr-assets.com/books/1361880519m/12425416.jpg]]></image_url>
<num_pages>512</num_pages>
<work>
<id>17407665</id>
</work>
<isbn>1444727036</isbn>
<isbn13>9781444727036</isbn13>
<average_rating>3.94</average_rating>
<ratings_count>3341</ratings_count>
<publication_year>2011</publication_year>
<publication_month>11</publication_month>
<publication_day>10</publication_day>
<authors>
<author>
<id>1045163</id>
<name>Lucy Dillon</name>
<link><![CDATA[https://www.goodreads.com/author/show/1045163.Lucy_Dillon]]></link>
</author>
</authors>
</book>

          <book>
<id>10837217</id>
<title>Next to Love</title>
<title_without_series>Next to Love</title_without_series>
<link><![CDATA[https://www.goodreads.com/book/show/10837217-next-to-love]]></link>
<small_image_url><![CDATA[https://images.gr-assets.com/books/1325548868s/10837217.jpg]]></small_image_url>
<image_url><![CDATA[https://images.gr-assets.com/books/1325548868m/10837217.jpg]]></image_url>
<num_pages>304</num_pages>
<work>
<id>13917287</id>
</work>
<isbn>0812992717</isbn>
<isbn13>9780812992717</isbn13>
<average_rating>3.54</average_rating>
<ratings_count>3390</ratings_count>
<publication_year>2011</publication_year>
<publication_month>7</publication_month>
<publication_day>26</publication_day>
<authors>
<author>
<id>3727</id>
<name>Ellen Feldman</name>
<link><![CDATA[https://www.goodreads.com/author/show/3727.Ellen_Feldman]]></link>
</author>
</authors>
</book>

          <book>
<id>10518423</id>
<title>The Soldier&apos;s Wife</title>
<title_without_series>The Soldier&apos;s Wife</title_without_series>
<link><![CDATA[https://www.goodreads.com/book/show/10518423-the-soldier-s-wife]]></link>
<small_image_url><![CDATA[https://s.gr-assets.com/assets/nophoto/book/50x75-a91bf249278a81aabab721ef782c4a74.png]]></small_image_url>
<image_url><![CDATA[https://s.gr-assets.com/assets/nophoto/book/111x148-bcc042a9c91a29c1d680899eff700a03.png]]></image_url>
<num_pages></num_pages>
<work>
<id>15424477</id>
</work>
<isbn>1401341705</isbn>
<isbn13>9781401341701</isbn13>
<average_rating>3.88</average_rating>
<ratings_count>12312</ratings_count>
<publication_year></publication_year>
<publication_month></publication_month>
<publication_day></publication_day>
<authors>
<author>
<id>501929</id>
<name>Margaret Leroy</name>
<link><![CDATA[https://www.goodreads.com/author/show/501929.Margaret_Leroy]]></link>
</author>
</authors>
</book>

          <book>
<id>9981618</id>
<title>The Woman He Loved Before</title>
<title_without_series>The Woman He Loved Before</title_without_series>
<link><![CDATA[https://www.goodreads.com/book/show/9981618-the-woman-he-loved-before]]></link>
<small_image_url><![CDATA[https://images.gr-assets.com/books/1389976685s/9981618.jpg]]></small_image_url>
<image_url><![CDATA[https://images.gr-assets.com/books/1389976685m/9981618.jpg]]></image_url>
<num_pages></num_pages>
<work>
<id>14876154</id>
</work>
<isbn></isbn>
<isbn13></isbn13>
<average_rating>4.03</average_rating>
<ratings_count>6071</ratings_count>
<publication_year>2011</publication_year>
<publication_month>2</publication_month>
<publication_day>3</publication_day>
<authors>
<author>
<id>38651</id>
<name>Dorothy Koomson</name>
<link><![CDATA[https://www.goodreads.com/author/show/38651.Dorothy_Koomson]]></link>
</author>
</authors>
</book>

          <book>
<id>9724798</id>
<title>The Violets of March</title>
<title_without_series>The Violets of March</title_without_series>
<link><![CDATA[https://www.goodreads.com/book/show/9724798-the-violets-of-march]]></link>
<small_image_url><![CDATA[https://images.gr-assets.com/books/1299776782s/9724798.jpg]]></small_image_url>
<image_url><![CDATA[https://images.gr-assets.com/books/1299776782m/9724798.jpg]]></image_url>
<num_pages>296</num_pages>
<work>
<id>14613617</id>
</work>
<isbn>0452297036</isbn>
<isbn13>9780452297036</isbn13>
<average_rating>3.80</average_rating>
<ratings_count>19315</ratings_count>
<publication_year>2011</publication_year>
<publication_month>4</publication_month>
<publication_day>26</publication_day>
<authors>
<author>
<id>4467375</id>
<name>Sarah Jio</name>
<link><![CDATA[https://www.goodreads.com/author/show/4467375.Sarah_Jio]]></link>
</author>
</authors>
</book>

          <book>
<id>17380601</id>
<title>Fractured</title>
<title_without_series>Fractured</title_without_series>
<link><![CDATA[https://www.goodreads.com/book/show/17380601-fractured]]></link>
<small_image_url><![CDATA[https://images.gr-assets.com/books/1375288993s/17380601.jpg]]></small_image_url>
<image_url><![CDATA[https://images.gr-assets.com/books/1375288993m/17380601.jpg]]></image_url>
<num_pages>289</num_pages>
<work>
<id>24173764</id>
</work>
<isbn></isbn>
<isbn13></isbn13>
<average_rating>3.74</average_rating>
<ratings_count>9721</ratings_count>
<publication_year>2013</publication_year>
<publication_month>7</publication_month>
<publication_day>1</publication_day>
<authors>
<author>
<id>6940751</id>
<name>Dani Atkins</name>
<link><![CDATA[https://www.goodreads.com/author/show/6940751.Dani_Atkins]]></link>
</author>
</authors>
</book>

          <book>
<id>12956970</id>
<title>Bird Brain</title>
<title_without_series>Bird Brain</title_without_series>
<link><![CDATA[https://www.goodreads.com/book/show/12956970-bird-brain]]></link>
<small_image_url><![CDATA[https://images.gr-assets.com/books/1352847353s/12956970.jpg]]></small_image_url>
<image_url><![CDATA[https://images.gr-assets.com/books/1352847353m/12956970.jpg]]></image_url>
<num_pages>291</num_pages>
<work>
<id>18114249</id>
</work>
<isbn>0224093991</isbn>
<isbn13>9780224093996</isbn13>
<average_rating>3.89</average_rating>
<ratings_count>174</ratings_count>
<publication_year>2011</publication_year>
<publication_month>10</publication_month>
<publication_day>6</publication_day>
<authors>
<author>
<id>588613</id>
<name>Guy Kennaway</name>
<link><![CDATA[https://www.goodreads.com/author/show/588613.Guy_Kennaway]]></link>
</author>
</authors>
</book>

          <book>
<id>22839728</id>
<title>Leoniderne (Spektrum, #1)</title>
<title_without_series>Leoniderne</title_without_series>
<link><![CDATA[https://www.goodreads.com/book/show/22839728-leoniderne]]></link>
<small_image_url><![CDATA[https://images.gr-assets.com/books/1410825672s/22839728.jpg]]></small_image_url>
<image_url><![CDATA[https://images.gr-assets.com/books/1410825672m/22839728.jpg]]></image_url>
<num_pages>541</num_pages>
<work>
<id>42396011</id>
</work>
<isbn></isbn>
<isbn13>9788758813707</isbn13>
<average_rating>4.29</average_rating>
<ratings_count>191</ratings_count>
<publication_year>2014</publication_year>
<publication_month>10</publication_month>
<publication_day>19</publication_day>
<authors>
<author>
<id>8421525</id>
<name>Nanna Foss</name>
<link><![CDATA[https://www.goodreads.com/author/show/8421525.Nanna_Foss]]></link>
</author>
</authors>
</book>

          <book>
<id>6251052</id>
<title><![CDATA[Secrets She Left Behind (Before the Storm #2)]]></title>
<title_without_series>Secrets She Left Behind</title_without_series>
<link><![CDATA[https://www.goodreads.com/book/show/6251052-secrets-she-left-behind]]></link>
<small_image_url><![CDATA[https://s.gr-assets.com/assets/nophoto/book/50x75-a91bf249278a81aabab721ef782c4a74.png]]></small_image_url>
<image_url><![CDATA[https://s.gr-assets.com/assets/nophoto/book/111x148-bcc042a9c91a29c1d680899eff700a03.png]]></image_url>
<num_pages>490</num_pages>
<work>
<id>6433927</id>
</work>
<isbn>0778326152</isbn>
<isbn13>9780778326151</isbn13>
<average_rating>4.03</average_rating>
<ratings_count>7752</ratings_count>
<publication_year>2009</publication_year>
<publication_month>5</publication_month>
<publication_day>26</publication_day>
<authors>
<author>
<id>93345</id>
<name>Diane Chamberlain</name>
<link><![CDATA[https://www.goodreads.com/author/show/93345.Diane_Chamberlain]]></link>
</author>
</authors>
</book>

          <book>
<id>10083328</id>
<title>The Making of Us </title>
<title_without_series>The Making of Us</title_without_series>
<link><![CDATA[https://www.goodreads.com/book/show/10083328-the-making-of-us]]></link>
<small_image_url><![CDATA[https://images.gr-assets.com/books/1327220370s/10083328.jpg]]></small_image_url>
<image_url><![CDATA[https://images.gr-assets.com/books/1327220370m/10083328.jpg]]></image_url>
<num_pages>390</num_pages>
<work>
<id>14980157</id>
</work>
<isbn>1846055741</isbn>
<isbn13>9781846055744</isbn13>
<average_rating>3.76</average_rating>
<ratings_count>3136</ratings_count>
<publication_year>2011</publication_year>
<publication_month></publication_month>
<publication_day></publication_day>
<authors>
<author>
<id>93504</id>
<name>Lisa Jewell</name>
<link><![CDATA[https://www.goodreads.com/author/show/93504.Lisa_Jewell]]></link>
</author>
</authors>
</book>

          <book>
<id>12986965</id>
<title>The Sweetness of Forgetting </title>
<title_without_series>The Sweetness of Forgetting</title_without_series>
<link><![CDATA[https://www.goodreads.com/book/show/12986965-the-sweetness-of-forgetting]]></link>
<small_image_url><![CDATA[https://images.gr-assets.com/books/1336585422s/12986965.jpg]]></small_image_url>
<image_url><![CDATA[https://images.gr-assets.com/books/1336585422m/12986965.jpg]]></image_url>
<num_pages>368</num_pages>
<work>
<id>18146656</id>
</work>
<isbn>1451644299</isbn>
<isbn13>9781451644296</isbn13>
<average_rating>4.07</average_rating>
<ratings_count>7153</ratings_count>
<publication_year>2012</publication_year>
<publication_month>8</publication_month>
<publication_day>7</publication_day>
<authors>
<author>
<id>165006</id>
<name>Kristin Harmel</name>
<link><![CDATA[https://www.goodreads.com/author/show/165006.Kristin_Harmel]]></link>
</author>
</authors>
</book>

          <book>
<id>10359105</id>
<title>The Ninth Wife</title>
<title_without_series>The Ninth Wife</title_without_series>
<link><![CDATA[https://www.goodreads.com/book/show/10359105-the-ninth-wife]]></link>
<small_image_url><![CDATA[https://images.gr-assets.com/books/1299618080s/10359105.jpg]]></small_image_url>
<image_url><![CDATA[https://images.gr-assets.com/books/1299618080m/10359105.jpg]]></image_url>
<num_pages>476</num_pages>
<work>
<id>15262101</id>
</work>
<isbn>0061851892</isbn>
<isbn13>9780061851896</isbn13>
<average_rating>3.30</average_rating>
<ratings_count>2126</ratings_count>
<publication_year></publication_year>
<publication_month></publication_month>
<publication_day></publication_day>
<authors>
<author>
<id>419516</id>
<name>Amy Stolls</name>
<link><![CDATA[https://www.goodreads.com/author/show/419516.Amy_Stolls]]></link>
</author>
</authors>
</book>

          <book>
<id>11521304</id>
<title>The First Last Kiss</title>
<title_without_series>The First Last Kiss</title_without_series>
<link><![CDATA[https://www.goodreads.com/book/show/11521304-the-first-last-kiss]]></link>
<small_image_url><![CDATA[https://images.gr-assets.com/books/1352027339s/11521304.jpg]]></small_image_url>
<image_url><![CDATA[https://images.gr-assets.com/books/1352027339m/11521304.jpg]]></image_url>
<num_pages>496</num_pages>
<work>
<id>16458346</id>
</work>
<isbn>0857202936</isbn>
<isbn13>9780857202932</isbn13>
<average_rating>4.01</average_rating>
<ratings_count>2685</ratings_count>
<publication_year>2013</publication_year>
<publication_month>1</publication_month>
<publication_day>17</publication_day>
<authors>
<author>
<id>4896030</id>
<name>Ali Harris</name>
<link><![CDATA[https://www.goodreads.com/author/show/4896030.Ali_Harris]]></link>
</author>
</authors>
</book>

          <book>
<id>11010251</id>
<title>The Lost Wife</title>
<title_without_series>The Lost Wife</title_without_series>
<link><![CDATA[https://www.goodreads.com/book/show/11010251-the-lost-wife]]></link>
<small_image_url><![CDATA[https://images.gr-assets.com/books/1394994929s/11010251.jpg]]></small_image_url>
<image_url><![CDATA[https://images.gr-assets.com/books/1394994929m/11010251.jpg]]></image_url>
<num_pages></num_pages>
<work>
<id>15929266</id>
</work>
<isbn>042524413X</isbn>
<isbn13>9780425244135</isbn13>
<average_rating>4.20</average_rating>
<ratings_count>35960</ratings_count>
<publication_year></publication_year>
<publication_month></publication_month>
<publication_day></publication_day>
<authors>
<author>
<id>57239</id>
<name>Alyson Richman</name>
<link><![CDATA[https://www.goodreads.com/author/show/57239.Alyson_Richman]]></link>
</author>
</authors>
</book>

          <book>
<id>11506223</id>
<title>Lessons in Laughing Out Loud</title>
<title_without_series>Lessons in Laughing Out Loud</title_without_series>
<link><![CDATA[https://www.goodreads.com/book/show/11506223-lessons-in-laughing-out-loud]]></link>
<small_image_url><![CDATA[https://images.gr-assets.com/books/1329445997s/11506223.jpg]]></small_image_url>
<image_url><![CDATA[https://images.gr-assets.com/books/1329445997m/11506223.jpg]]></image_url>
<num_pages>373</num_pages>
<work>
<id>15211966</id>
</work>
<isbn>0099551268</isbn>
<isbn13>9780099551263</isbn13>
<average_rating>3.64</average_rating>
<ratings_count>598</ratings_count>
<publication_year>2011</publication_year>
<publication_month>7</publication_month>
<publication_day>21</publication_day>
<authors>
<author>
<id>327467</id>
<name>Rowan Coleman</name>
<link><![CDATA[https://www.goodreads.com/author/show/327467.Rowan_Coleman]]></link>
</author>
</authors>
</book>

          <book>
<id>10113312</id>
<title>Best Kept Secret</title>
<title_without_series>Best Kept Secret</title_without_series>
<link><![CDATA[https://www.goodreads.com/book/show/10113312-best-kept-secret]]></link>
<small_image_url><![CDATA[https://images.gr-assets.com/books/1301422067s/10113312.jpg]]></small_image_url>
<image_url><![CDATA[https://images.gr-assets.com/books/1301422067m/10113312.jpg]]></image_url>
<num_pages>352</num_pages>
<work>
<id>15010826</id>
</work>
<isbn>1439193312</isbn>
<isbn13>9781439193310</isbn13>
<average_rating>3.82</average_rating>
<ratings_count>4303</ratings_count>
<publication_year>2011</publication_year>
<publication_month>6</publication_month>
<publication_day>7</publication_day>
<authors>
<author>
<id>576641</id>
<name>Amy Hatvany</name>
<link><![CDATA[https://www.goodreads.com/author/show/576641.Amy_Hatvany]]></link>
</author>
</authors>
</book>

          <book>
<id>10397646</id>
<title>The Little Women Letters</title>
<title_without_series>The Little Women Letters</title_without_series>
<link><![CDATA[https://www.goodreads.com/book/show/10397646-the-little-women-letters]]></link>
<small_image_url><![CDATA[https://images.gr-assets.com/books/1302957893s/10397646.jpg]]></small_image_url>
<image_url><![CDATA[https://images.gr-assets.com/books/1302957893m/10397646.jpg]]></image_url>
<num_pages>355</num_pages>
<work>
<id>15301544</id>
</work>
<isbn>1451617186</isbn>
<isbn13>9781451617184</isbn13>
<average_rating>3.46</average_rating>
<ratings_count>1776</ratings_count>
<publication_year></publication_year>
<publication_month></publication_month>
<publication_day></publication_day>
<authors>
<author>
<id>674470</id>
<name>Gabrielle Donnelly</name>
<link><![CDATA[https://www.goodreads.com/author/show/674470.Gabrielle_Donnelly]]></link>
</author>
</authors>
</book>

  </similar_books>
</book>

</GoodreadsResponse>