<?xml version="1.0" encoding="UTF-8"?>
<GoodreadsResponse>
  <Request>
    <authentication>true</authentication>
      <key><![CDATA[all_men_must_serve]]></key>
    <method><![CDATA[book_show]]></method>
  </Request>
  <book>
  <id>10194514</id>
  <title><![CDATA[Pushing the Limits (Pushing the Limits, #1)]]></title>
  <isbn><![CDATA[0373210493]]></isbn>
  <isbn13><![CDATA[9780373210497]]></isbn13>
  <asin><![CDATA[]]></asin>
  <kindle_asin><![CDATA[B008ATMSNA]]></kindle_asin>
  <marketplace_id><![CDATA[A1F83G8C2ARO7P]]></marketplace_id>
  <country_code><![CDATA[GB]]></country_code>
  <image_url>https://images.gr-assets.com/books/1322770025m/10194514.jpg</image_url>
  <small_image_url>https://images.gr-assets.com/books/1322770025s/10194514.jpg</small_image_url>
  <publication_year>2012</publication_year>
  <publication_month>7</publication_month>
  <publication_day>31</publication_day>
  <publisher>Harlequin Teen</publisher>
  <language_code>eng</language_code>
  <is_ebook>false</is_ebook>
  <description><![CDATA[<i>"I won't tell anyone, Echo. I promise." Noah tucked a curl behind my ear. It had been so long since someone touched me like he did. Why did it have to be Noah Hutchins? His dark brown eyes shifted to my covered arms. "You didn't do that-did you? It was done to you?" No one ever asked that question. They stared. They whispered. They laughed. But they never asked.</i><br /><br /><b>So wrong for each other...and yet so right.</b><br /><br />No one knows what happened the night Echo Emerson went from popular girl with jock boyfriend to gossiped-about outsider with "freaky" scars on her arms. Even Echo can't remember the whole truth of that horrible night. All she knows is that she wants everything to go back to normal. But when Noah Hutchins, the smoking-hot, girl-using loner in the black leather jacket, explodes into her life with his tough attitude and surprising understanding, Echo's world shifts in ways she could never have imagined. They should have nothing in common. And with the secrets they both keep, being together is pretty much<i> impossible.</i>Yet the crazy attraction between them refuses to go away. And Echo has to ask herself just how far they can push the limits and what she'll risk for the one guy who might teach her how to love again..]]></description>
  <work>
  <id type="integer">15093690</id>
  <books_count type="integer">52</books_count>
  <best_book_id type="integer">10194514</best_book_id>
  <reviews_count type="integer">230231</reviews_count>
  <ratings_sum type="integer">410162</ratings_sum>
  <ratings_count type="integer">100535</ratings_count>
  <text_reviews_count type="integer">7485</text_reviews_count>
  <original_publication_year type="integer">2012</original_publication_year>
  <original_publication_month type="integer">6</original_publication_month>
  <original_publication_day type="integer">1</original_publication_day>
  <original_title>Pushing the Limits</original_title>
  <original_language_id type="integer" nil="true"/>
  <media_type>book</media_type>
  <rating_dist>5:42154|4:33744|3:17606|2:4567|1:2464|total:100535</rating_dist>
  <desc_user_id type="integer">6395973</desc_user_id>
  <default_chaptering_book_id type="integer" nil="true"/>
  <default_description_language_code nil="true"/>
</work>
  <average_rating>4.08</average_rating>
  <num_pages><![CDATA[392]]></num_pages>
  <format><![CDATA[Hardcover]]></format>
  <edition_information><![CDATA[]]></edition_information>
  <ratings_count><![CDATA[93878]]></ratings_count>
  <text_reviews_count><![CDATA[6207]]></text_reviews_count>
  <url><![CDATA[https://www.goodreads.com/book/show/10194514-pushing-the-limits]]></url>
  <link><![CDATA[https://www.goodreads.com/book/show/10194514-pushing-the-limits]]></link>
  <authors>
<author>
<id>4575371</id>
<name>Katie McGarry</name>
<role></role>
<image_url nophoto='false'>
<![CDATA[https://images.gr-assets.com/authors/1305138891p5/4575371.jpg]]>
</image_url>
<small_image_url nophoto='false'>
<![CDATA[https://images.gr-assets.com/authors/1305138891p2/4575371.jpg]]>
</small_image_url>
<link><![CDATA[https://www.goodreads.com/author/show/4575371.Katie_McGarry]]></link>
<average_rating>4.10</average_rating>
<ratings_count>211617</ratings_count>
<text_reviews_count>20381</text_reviews_count>
</author>
</authors>

    <reviews_widget>
      <![CDATA[
        <style>
  #goodreads-widget {
    font-family: georgia, serif;
    padding: 18px 0;
    width:565px;
  }
  #goodreads-widget h1 {
    font-weight:normal;
    font-size: 16px;
    border-bottom: 1px solid #BBB596;
    margin-bottom: 0;
  }
  #goodreads-widget a {
    text-decoration: none;
    color:#660;
  }
  iframe{
    background-color: #fff;
  }
  #goodreads-widget a:hover { text-decoration: underline; }
  #goodreads-widget a:active {
    color:#660;
  }
  #gr_footer {
    width: 100%;
    border-top: 1px solid #BBB596;
    text-align: right;
  }
  #goodreads-widget .gr_branding{
    color: #382110;
    font-size: 11px;
    text-decoration: none;
    font-family: "Helvetica Neue", Helvetica, Arial, sans-serif;
  }
</style>
<div id="goodreads-widget">
  <div id="gr_header"><h1><a rel="nofollow" href="https://www.goodreads.com/book/show/10194514-pushing-the-limits">Pushing the Limits Reviews</a></h1></div>
  <iframe id="the_iframe" src="https://www.goodreads.com/api/reviews_widget_iframe?did=DEVELOPER_ID&amp;format=html&amp;isbn=0373210493&amp;links=660&amp;min_rating=&amp;review_back=fff&amp;stars=000&amp;text=000" width="565" height="400" frameborder="0"></iframe>
  <div id="gr_footer">
    <a class="gr_branding" target="_blank" rel="nofollow" href="https://www.goodreads.com/book/show/10194514-pushing-the-limits?utm_medium=api&amp;utm_source=reviews_widget">Reviews from Goodreads.com</a>
  </div>
</div>

      ]]>
    </reviews_widget>
  <popular_shelves>
      <shelf name="to-read" count="122130"/>
      <shelf name="favorites" count="2174"/>
      <shelf name="young-adult" count="1951"/>
      <shelf name="romance" count="1877"/>
      <shelf name="contemporary" count="1320"/>
      <shelf name="currently-reading" count="1121"/>
      <shelf name="ya" count="916"/>
      <shelf name="new-adult" count="486"/>
      <shelf name="series" count="482"/>
      <shelf name="books-i-own" count="436"/>
      <shelf name="contemporary-romance" count="312"/>
      <shelf name="kindle" count="301"/>
      <shelf name="realistic-fiction" count="248"/>
      <shelf name="high-school" count="233"/>
      <shelf name="favourites" count="232"/>
      <shelf name="ebook" count="223"/>
      <shelf name="read-in-2013" count="209"/>
      <shelf name="read-in-2012" count="187"/>
      <shelf name="fiction" count="173"/>
      <shelf name="ebooks" count="170"/>
      <shelf name="ya-romance" count="156"/>
      <shelf name="chick-lit" count="154"/>
      <shelf name="ya-contemporary" count="146"/>
      <shelf name="read-in-2014" count="143"/>
      <shelf name="owned" count="133"/>
      <shelf name="library" count="132"/>
      <shelf name="5-stars" count="125"/>
      <shelf name="to-buy" count="125"/>
      <shelf name="arc" count="121"/>
      <shelf name="abuse" count="120"/>
      <shelf name="drama" count="118"/>
      <shelf name="read-2013" count="114"/>
      <shelf name="favorite" count="113"/>
      <shelf name="made-me-cry" count="112"/>
      <shelf name="netgalley" count="105"/>
      <shelf name="wish-list" count="102"/>
      <shelf name="maybe" count="96"/>
      <shelf name="bad-boy" count="95"/>
      <shelf name="teen" count="95"/>
      <shelf name="dnf" count="91"/>
      <shelf name="reviewed" count="86"/>
      <shelf name="katie-mcgarry" count="84"/>
      <shelf name="love" count="80"/>
      <shelf name="e-book" count="79"/>
      <shelf name="book-boyfriends" count="78"/>
      <shelf name="owned-books" count="76"/>
      <shelf name="read-2012" count="73"/>
      <shelf name="4-stars" count="73"/>
      <shelf name="bad-boys" count="72"/>
      <shelf name="must-read" count="72"/>
      <shelf name="realistic" count="69"/>
      <shelf name="e-books" count="67"/>
      <shelf name="i-own" count="66"/>
      <shelf name="read-in-2015" count="65"/>
      <shelf name="all-time-favorites" count="65"/>
      <shelf name="read-2014" count="62"/>
      <shelf name="favorite-books" count="62"/>
      <shelf name="pushing-the-limits" count="60"/>
      <shelf name="ya-fiction" count="60"/>
      <shelf name="read-in-english" count="57"/>
      <shelf name="first-in-series" count="56"/>
      <shelf name="2013-reads" count="54"/>
      <shelf name="teen-romance" count="53"/>
      <shelf name="angst" count="53"/>
      <shelf name="2014-reads" count="52"/>
      <shelf name="family" count="52"/>
      <shelf name="mental-illness" count="52"/>
      <shelf name="did-not-finish" count="49"/>
      <shelf name="ya-books" count="49"/>
      <shelf name="young-adult-romance" count="49"/>
      <shelf name="book-boyfriend" count="49"/>
      <shelf name="tear-jerker" count="48"/>
      <shelf name="loved-it" count="47"/>
      <shelf name="loved" count="47"/>
      <shelf name="ya-na" count="45"/>
      <shelf name="tbr" count="45"/>
      <shelf name="dual-pov" count="44"/>
      <shelf name="contemporary-ya" count="44"/>
      <shelf name="faves" count="43"/>
      <shelf name="for-review" count="43"/>
      <shelf name="read-in-2016" count="42"/>
      <shelf name="my-books" count="42"/>
      <shelf name="kindle-books" count="42"/>
      <shelf name="2012-reads" count="42"/>
      <shelf name="emotional" count="42"/>
      <shelf name="re-read" count="41"/>
      <shelf name="favs" count="41"/>
      <shelf name="high-school-romance" count="41"/>
      <shelf name="alternating-pov" count="41"/>
      <shelf name="multiple-pov" count="41"/>
      <shelf name="2012-release" count="41"/>
      <shelf name="audiobook" count="40"/>
      <shelf name="favourite" count="40"/>
      <shelf name="male-pov" count="39"/>
      <shelf name="on-my-kindle" count="38"/>
      <shelf name="2012-releases" count="38"/>
      <shelf name="contemporary-fiction" count="37"/>
      <shelf name="mystery" count="37"/>
      <shelf name="amazing" count="36"/>
      <shelf name="on-kindle" count="35"/>
  </popular_shelves>
  <book_links>
    <book_link>
  <id>8</id>
  <name>Libraries</name>
  <link>https://www.goodreads.com/book_link/follow/8</link>
</book_link>

  </book_links>
  <buy_links>
    <buy_link>
<id>1</id>
<name>Amazon</name>
<link>https://www.goodreads.com/book_link/follow/1</link>
</buy_link>
<buy_link>
<id>10</id>
<name>Audible</name>
<link>https://www.goodreads.com/book_link/follow/10</link>
</buy_link>
<buy_link>
<id>3</id>
<name>Barnes &amp; Noble</name>
<link>https://www.goodreads.com/book_link/follow/3</link>
</buy_link>
<buy_link>
<id>1027</id>
<name>Kobo</name>
<link>https://www.goodreads.com/book_link/follow/1027</link>
</buy_link>
<buy_link>
<id>2102</id>
<name>Apple iBooks</name>
<link>https://www.goodreads.com/book_link/follow/2102</link>
</buy_link>
<buy_link>
<id>8036</id>
<name>Google Play</name>
<link>https://www.goodreads.com/book_link/follow/8036</link>
</buy_link>
<buy_link>
<id>4</id>
<name>Abebooks</name>
<link>https://www.goodreads.com/book_link/follow/4</link>
</buy_link>
<buy_link>
<id>882</id>
<name>Book Depository</name>
<link>https://www.goodreads.com/book_link/follow/882</link>
</buy_link>
<buy_link>
<id>9</id>
<name>Indigo</name>
<link>https://www.goodreads.com/book_link/follow/9</link>
</buy_link>
<buy_link>
<id>2</id>
<name>Half.com</name>
<link>https://www.goodreads.com/book_link/follow/2</link>
</buy_link>
<buy_link>
<id>5</id>
<name>Alibris</name>
<link>https://www.goodreads.com/book_link/follow/5</link>
</buy_link>
<buy_link>
<id>107</id>
<name>Better World Books</name>
<link>https://www.goodreads.com/book_link/follow/107</link>
</buy_link>
<buy_link>
<id>7</id>
<name>IndieBound</name>
<link>https://www.goodreads.com/book_link/follow/7</link>
</buy_link>

  </buy_links>
  <series_works>
    <series_work>
<id>416970</id>
<user_position>1</user_position>
<series>
<id>86610</id>
<title>
<![CDATA[
    Pushing the Limits
]]>
</title>
<description>
<![CDATA[
    Aug 15 series update - More books not ruled out, but not being worked on at this time
]]>
</description>
<note>
<![CDATA[
]]>
</note>
<series_works_count>8</series_works_count>
<primary_work_count>5</primary_work_count>
<numbered>true</numbered>
</series>

</series_work>

  </series_works>
  <similar_books>
          <book>
<id>25420031</id>
<title>Vain (The Seven Deadly, #1)</title>
<title_without_series>Vain</title_without_series>
<link><![CDATA[https://www.goodreads.com/book/show/25420031-vain]]></link>
<small_image_url><![CDATA[https://images.gr-assets.com/books/1429895335s/25420031.jpg]]></small_image_url>
<image_url><![CDATA[https://images.gr-assets.com/books/1429895335m/25420031.jpg]]></image_url>
<num_pages>390</num_pages>
<work>
<id>21966987</id>
</work>
<isbn></isbn>
<isbn13></isbn13>
<average_rating>4.25</average_rating>
<ratings_count>28414</ratings_count>
<publication_year>2012</publication_year>
<publication_month>12</publication_month>
<publication_day></publication_day>
<authors>
<author>
<id>4849669</id>
<name>Fisher Amelie</name>
<link><![CDATA[https://www.goodreads.com/author/show/4849669.Fisher_Amelie]]></link>
</author>
</authors>
</book>

          <book>
<id>13636617</id>
<title><![CDATA[What a Boy Needs (What a Boy Wants, #2)]]></title>
<title_without_series>What a Boy Needs</title_without_series>
<link><![CDATA[https://www.goodreads.com/book/show/13636617-what-a-boy-needs]]></link>
<small_image_url><![CDATA[https://images.gr-assets.com/books/1336418434s/13636617.jpg]]></small_image_url>
<image_url><![CDATA[https://images.gr-assets.com/books/1336418434m/13636617.jpg]]></image_url>
<num_pages>124</num_pages>
<work>
<id>19248379</id>
</work>
<isbn></isbn>
<isbn13>2940014792141</isbn13>
<average_rating>3.87</average_rating>
<ratings_count>3950</ratings_count>
<publication_year>2012</publication_year>
<publication_month>6</publication_month>
<publication_day></publication_day>
<authors>
<author>
<id>5784345</id>
<name>Nyrae Dawn</name>
<link><![CDATA[https://www.goodreads.com/author/show/5784345.Nyrae_Dawn]]></link>
</author>
</authors>
</book>

          <book>
<id>13366929</id>
<title>What I Didn&apos;t Say</title>
<title_without_series>What I Didn&apos;t Say</title_without_series>
<link><![CDATA[https://www.goodreads.com/book/show/13366929-what-i-didn-t-say]]></link>
<small_image_url><![CDATA[https://images.gr-assets.com/books/1355090370s/13366929.jpg]]></small_image_url>
<image_url><![CDATA[https://images.gr-assets.com/books/1355090370m/13366929.jpg]]></image_url>
<num_pages>336</num_pages>
<work>
<id>18595863</id>
</work>
<isbn>1475156456</isbn>
<isbn13>9781475156454</isbn13>
<average_rating>3.97</average_rating>
<ratings_count>7087</ratings_count>
<publication_year>2012</publication_year>
<publication_month>4</publication_month>
<publication_day>30</publication_day>
<authors>
<author>
<id>3420702</id>
<name>Keary Taylor</name>
<link><![CDATA[https://www.goodreads.com/author/show/3420702.Keary_Taylor]]></link>
</author>
</authors>
</book>

          <book>
<id>9403947</id>
<title>Something like Normal</title>
<title_without_series>Something like Normal</title_without_series>
<link><![CDATA[https://www.goodreads.com/book/show/9403947-something-like-normal]]></link>
<small_image_url><![CDATA[https://images.gr-assets.com/books/1336837143s/9403947.jpg]]></small_image_url>
<image_url><![CDATA[https://images.gr-assets.com/books/1336837143m/9403947.jpg]]></image_url>
<num_pages>224</num_pages>
<work>
<id>14287876</id>
</work>
<isbn>1599908441</isbn>
<isbn13>9781599908441</isbn13>
<average_rating>3.81</average_rating>
<ratings_count>15774</ratings_count>
<publication_year>2012</publication_year>
<publication_month>6</publication_month>
<publication_day>19</publication_day>
<authors>
<author>
<id>4382157</id>
<name>Trish Doller</name>
<link><![CDATA[https://www.goodreads.com/author/show/4382157.Trish_Doller]]></link>
</author>
</authors>
</book>

          <book>
<id>17348308</id>
<title><![CDATA[My Favorite Mistake (My Favorite Mistake, #1)]]></title>
<title_without_series>My Favorite Mistake</title_without_series>
<link><![CDATA[https://www.goodreads.com/book/show/17348308-my-favorite-mistake]]></link>
<small_image_url><![CDATA[https://images.gr-assets.com/books/1370774562s/17348308.jpg]]></small_image_url>
<image_url><![CDATA[https://images.gr-assets.com/books/1370774562m/17348308.jpg]]></image_url>
<num_pages>400</num_pages>
<work>
<id>21441527</id>
</work>
<isbn>0373778295</isbn>
<isbn13>9780373778294</isbn13>
<average_rating>4.01</average_rating>
<ratings_count>51914</ratings_count>
<publication_year>2013</publication_year>
<publication_month>8</publication_month>
<publication_day>27</publication_day>
<authors>
<author>
<id>5752359</id>
<name>Chelsea M. Cameron</name>
<link><![CDATA[https://www.goodreads.com/author/show/5752359.Chelsea_M_Cameron]]></link>
</author>
</authors>
</book>

          <book>
<id>12977172</id>
<title>Spark (Elemental, #2)</title>
<title_without_series>Spark</title_without_series>
<link><![CDATA[https://www.goodreads.com/book/show/12977172-spark]]></link>
<small_image_url><![CDATA[https://images.gr-assets.com/books/1329524396s/12977172.jpg]]></small_image_url>
<image_url><![CDATA[https://images.gr-assets.com/books/1329524396m/12977172.jpg]]></image_url>
<num_pages>345</num_pages>
<work>
<id>18135995</id>
</work>
<isbn>0758272820</isbn>
<isbn13>9780758272829</isbn13>
<average_rating>4.16</average_rating>
<ratings_count>14471</ratings_count>
<publication_year>2012</publication_year>
<publication_month>8</publication_month>
<publication_day>28</publication_day>
<authors>
<author>
<id>4629194</id>
<name>Brigid Kemmerer</name>
<link><![CDATA[https://www.goodreads.com/author/show/4629194.Brigid_Kemmerer]]></link>
</author>
</authors>
</book>

          <book>
<id>16081754</id>
<title><![CDATA[Find You in the Dark (Find You in the Dark, #1)]]></title>
<title_without_series>Find You in the Dark</title_without_series>
<link><![CDATA[https://www.goodreads.com/book/show/16081754-find-you-in-the-dark]]></link>
<small_image_url><![CDATA[https://images.gr-assets.com/books/1359627731s/16081754.jpg]]></small_image_url>
<image_url><![CDATA[https://images.gr-assets.com/books/1359627731m/16081754.jpg]]></image_url>
<num_pages>290</num_pages>
<work>
<id>21881113</id>
</work>
<isbn></isbn>
<isbn13></isbn13>
<average_rating>3.98</average_rating>
<ratings_count>25094</ratings_count>
<publication_year>2012</publication_year>
<publication_month>10</publication_month>
<publication_day>10</publication_day>
<authors>
<author>
<id>5416410</id>
<name>A. Meredith Walters</name>
<link><![CDATA[https://www.goodreads.com/author/show/5416410.A_Meredith_Walters]]></link>
</author>
</authors>
</book>

          <book>
<id>10564983</id>
<title>If I Lie</title>
<title_without_series>If I Lie</title_without_series>
<link><![CDATA[https://www.goodreads.com/book/show/10564983-if-i-lie]]></link>
<small_image_url><![CDATA[https://images.gr-assets.com/books/1324452777s/10564983.jpg]]></small_image_url>
<image_url><![CDATA[https://images.gr-assets.com/books/1324452777m/10564983.jpg]]></image_url>
<num_pages>276</num_pages>
<work>
<id>15471867</id>
</work>
<isbn>144245413X</isbn>
<isbn13>9781442454132</isbn13>
<average_rating>3.99</average_rating>
<ratings_count>6337</ratings_count>
<publication_year>2012</publication_year>
<publication_month>8</publication_month>
<publication_day>28</publication_day>
<authors>
<author>
<id>4668167</id>
<name>Corrine Jackson</name>
<link><![CDATA[https://www.goodreads.com/author/show/4668167.Corrine_Jackson]]></link>
</author>
</authors>
</book>

          <book>
<id>12989112</id>
<title>Such a Rush</title>
<title_without_series>Such a Rush</title_without_series>
<link><![CDATA[https://www.goodreads.com/book/show/12989112-such-a-rush]]></link>
<small_image_url><![CDATA[https://images.gr-assets.com/books/1345851913s/12989112.jpg]]></small_image_url>
<image_url><![CDATA[https://images.gr-assets.com/books/1345851913m/12989112.jpg]]></image_url>
<num_pages>325</num_pages>
<work>
<id>15502516</id>
</work>
<isbn>145165801X</isbn>
<isbn13>9781451658019</isbn13>
<average_rating>3.84</average_rating>
<ratings_count>13799</ratings_count>
<publication_year>2012</publication_year>
<publication_month>7</publication_month>
<publication_day>10</publication_day>
<authors>
<author>
<id>203238</id>
<name>Jennifer Echols</name>
<link><![CDATA[https://www.goodreads.com/author/show/203238.Jennifer_Echols]]></link>
</author>
</authors>
</book>

          <book>
<id>13581569</id>
<title><![CDATA[My Heart for Yours (Crawford, #1)]]></title>
<title_without_series>My Heart for Yours</title_without_series>
<link><![CDATA[https://www.goodreads.com/book/show/13581569-my-heart-for-yours]]></link>
<small_image_url><![CDATA[https://images.gr-assets.com/books/1333859008s/13581569.jpg]]></small_image_url>
<image_url><![CDATA[https://images.gr-assets.com/books/1333859008m/13581569.jpg]]></image_url>
<num_pages>254</num_pages>
<work>
<id>19166930</id>
</work>
<isbn>1475280904</isbn>
<isbn13>9781475280906</isbn13>
<average_rating>3.76</average_rating>
<ratings_count>4451</ratings_count>
<publication_year>2012</publication_year>
<publication_month>4</publication_month>
<publication_day>30</publication_day>
<authors>
<author>
<id>2156112</id>
<name>Steph Campbell</name>
<link><![CDATA[https://www.goodreads.com/author/show/2156112.Steph_Campbell]]></link>
</author>
</authors>
</book>

          <book>
<id>13515025</id>
<title><![CDATA[Confessions of an Angry Girl (Confessions, #1)]]></title>
<title_without_series>Confessions of an Angry Girl</title_without_series>
<link><![CDATA[https://www.goodreads.com/book/show/13515025-confessions-of-an-angry-girl]]></link>
<small_image_url><![CDATA[https://images.gr-assets.com/books/1334261472s/13515025.jpg]]></small_image_url>
<image_url><![CDATA[https://images.gr-assets.com/books/1334261472m/13515025.jpg]]></image_url>
<num_pages>266</num_pages>
<work>
<id>19070990</id>
</work>
<isbn>0373210485</isbn>
<isbn13>9780373210480</isbn13>
<average_rating>3.69</average_rating>
<ratings_count>3482</ratings_count>
<publication_year>2012</publication_year>
<publication_month>8</publication_month>
<publication_day>28</publication_day>
<authors>
<author>
<id>3089348</id>
<name>Louise Rozett</name>
<link><![CDATA[https://www.goodreads.com/author/show/3089348.Louise_Rozett]]></link>
</author>
</authors>
</book>

          <book>
<id>12022765</id>
<title>When You Were Mine</title>
<title_without_series>When You Were Mine</title_without_series>
<link><![CDATA[https://www.goodreads.com/book/show/12022765-when-you-were-mine]]></link>
<small_image_url><![CDATA[https://images.gr-assets.com/books/1329273643s/12022765.jpg]]></small_image_url>
<image_url><![CDATA[https://images.gr-assets.com/books/1329273643m/12022765.jpg]]></image_url>
<num_pages>334</num_pages>
<work>
<id>15854226</id>
</work>
<isbn>1442433132</isbn>
<isbn13>9781442433137</isbn13>
<average_rating>3.77</average_rating>
<ratings_count>4320</ratings_count>
<publication_year>2012</publication_year>
<publication_month>5</publication_month>
<publication_day>1</publication_day>
<authors>
<author>
<id>3192845</id>
<name>Rebecca Serle</name>
<link><![CDATA[https://www.goodreads.com/author/show/3192845.Rebecca_Serle]]></link>
</author>
</authors>
</book>

          <book>
<id>12410324</id>
<title>Losing Lila (Lila, #2)</title>
<title_without_series>Losing Lila</title_without_series>
<link><![CDATA[https://www.goodreads.com/book/show/12410324-losing-lila]]></link>
<small_image_url><![CDATA[https://images.gr-assets.com/books/1334998655s/12410324.jpg]]></small_image_url>
<image_url><![CDATA[https://images.gr-assets.com/books/1334998655m/12410324.jpg]]></image_url>
<num_pages>346</num_pages>
<work>
<id>24172279</id>
</work>
<isbn>0857071971</isbn>
<isbn13>9780857071972</isbn13>
<average_rating>4.09</average_rating>
<ratings_count>6204</ratings_count>
<publication_year>2012</publication_year>
<publication_month>8</publication_month>
<publication_day>2</publication_day>
<authors>
<author>
<id>4573983</id>
<name>Sarah Alderson</name>
<link><![CDATA[https://www.goodreads.com/author/show/4573983.Sarah_Alderson]]></link>
</author>
</authors>
</book>

          <book>
<id>15750787</id>
<title>Fall Guy (Youngblood, #1)</title>
<title_without_series>Fall Guy</title_without_series>
<link><![CDATA[https://www.goodreads.com/book/show/15750787-fall-guy]]></link>
<small_image_url><![CDATA[https://images.gr-assets.com/books/1342249618s/15750787.jpg]]></small_image_url>
<image_url><![CDATA[https://images.gr-assets.com/books/1342249618m/15750787.jpg]]></image_url>
<num_pages>262</num_pages>
<work>
<id>21444867</id>
</work>
<isbn></isbn>
<isbn13></isbn13>
<average_rating>3.81</average_rating>
<ratings_count>6657</ratings_count>
<publication_year>2012</publication_year>
<publication_month>9</publication_month>
<publication_day>20</publication_day>
<authors>
<author>
<id>5189109</id>
<name>Liz Reinhardt</name>
<link><![CDATA[https://www.goodreads.com/author/show/5189109.Liz_Reinhardt]]></link>
</author>
</authors>
</book>

          <book>
<id>12440865</id>
<title><![CDATA[Young Love Murder (Young Assassins, #1)]]></title>
<title_without_series>Young Love Murder</title_without_series>
<link><![CDATA[https://www.goodreads.com/book/show/12440865-young-love-murder]]></link>
<small_image_url><![CDATA[https://images.gr-assets.com/books/1445404709s/12440865.jpg]]></small_image_url>
<image_url><![CDATA[https://images.gr-assets.com/books/1445404709m/12440865.jpg]]></image_url>
<num_pages>502</num_pages>
<work>
<id>17423704</id>
</work>
<isbn></isbn>
<isbn13></isbn13>
<average_rating>3.86</average_rating>
<ratings_count>3250</ratings_count>
<publication_year></publication_year>
<publication_month></publication_month>
<publication_day></publication_day>
<authors>
<author>
<id>5154295</id>
<name>April Brookshire</name>
<link><![CDATA[https://www.goodreads.com/author/show/5154295.April_Brookshire]]></link>
</author>
</authors>
</book>

          <book>
<id>17207108</id>
<title><![CDATA[Waiting for You (Waiting for You, #1)]]></title>
<title_without_series>Waiting for You</title_without_series>
<link><![CDATA[https://www.goodreads.com/book/show/17207108-waiting-for-you]]></link>
<small_image_url><![CDATA[https://images.gr-assets.com/books/1357270705s/17207108.jpg]]></small_image_url>
<image_url><![CDATA[https://images.gr-assets.com/books/1357270705m/17207108.jpg]]></image_url>
<num_pages>292</num_pages>
<work>
<id>23686405</id>
</work>
<isbn></isbn>
<isbn13></isbn13>
<average_rating>3.96</average_rating>
<ratings_count>7933</ratings_count>
<publication_year>2013</publication_year>
<publication_month>2</publication_month>
<publication_day>21</publication_day>
<authors>
<author>
<id>6430657</id>
<name>Shey Stahl</name>
<link><![CDATA[https://www.goodreads.com/author/show/6430657.Shey_Stahl]]></link>
</author>
</authors>
</book>

          <book>
<id>16172634</id>
<title>Faking It (Losing It, #2)</title>
<title_without_series>Faking It</title_without_series>
<link><![CDATA[https://www.goodreads.com/book/show/16172634-faking-it]]></link>
<small_image_url><![CDATA[https://images.gr-assets.com/books/1360560023s/16172634.jpg]]></small_image_url>
<image_url><![CDATA[https://images.gr-assets.com/books/1360560023m/16172634.jpg]]></image_url>
<num_pages>325</num_pages>
<work>
<id>22020637</id>
</work>
<isbn>0062273264</isbn>
<isbn13>9780062273260</isbn13>
<average_rating>3.96</average_rating>
<ratings_count>29831</ratings_count>
<publication_year>2013</publication_year>
<publication_month>6</publication_month>
<publication_day>4</publication_day>
<authors>
<author>
<id>6535659</id>
<name>Cora Carmack</name>
<link><![CDATA[https://www.goodreads.com/author/show/6535659.Cora_Carmack]]></link>
</author>
</authors>
</book>

          <book>
<id>15990969</id>
<title><![CDATA[Ten Tiny Breaths (Ten Tiny Breaths, #1)]]></title>
<title_without_series>Ten Tiny Breaths</title_without_series>
<link><![CDATA[https://www.goodreads.com/book/show/15990969-ten-tiny-breaths]]></link>
<small_image_url><![CDATA[https://images.gr-assets.com/books/1368808763s/15990969.jpg]]></small_image_url>
<image_url><![CDATA[https://images.gr-assets.com/books/1368808763m/15990969.jpg]]></image_url>
<num_pages>262</num_pages>
<work>
<id>21747190</id>
</work>
<isbn>0991686004</isbn>
<isbn13>9780991686001</isbn13>
<average_rating>4.16</average_rating>
<ratings_count>60021</ratings_count>
<publication_year>2012</publication_year>
<publication_month>12</publication_month>
<publication_day>11</publication_day>
<authors>
<author>
<id>4866520</id>
<name>K.A. Tucker</name>
<link><![CDATA[https://www.goodreads.com/author/show/4866520.K_A_Tucker]]></link>
</author>
</authors>
</book>

  </similar_books>
</book>

</GoodreadsResponse>