<?xml version="1.0" encoding="UTF-8"?>
<GoodreadsResponse>
  <Request>
    <authentication>true</authentication>
      <key><![CDATA[all_men_must_serve]]></key>
    <method><![CDATA[book_show]]></method>
  </Request>
  <book>
  <id>102327</id>
  <title>Armor</title>
  <isbn><![CDATA[0886773687]]></isbn>
  <isbn13><![CDATA[9780886773687]]></isbn13>
  <asin><![CDATA[]]></asin>
  <kindle_asin><![CDATA[B00NUMILJ2]]></kindle_asin>
  <marketplace_id><![CDATA[A1F83G8C2ARO7P]]></marketplace_id>
  <country_code><![CDATA[GB]]></country_code>
  <image_url>https://images.gr-assets.com/books/1465894856m/102327.jpg</image_url>
  <small_image_url>https://images.gr-assets.com/books/1465894856s/102327.jpg</small_image_url>
  <publication_year>1984</publication_year>
  <publication_month>12</publication_month>
  <publication_day>4</publication_day>
  <publisher>DAW</publisher>
  <language_code>eng</language_code>
  <is_ebook>false</is_ebook>
  <description><![CDATA[<i>Alternate cover edition can be found <a href="https://www.goodreads.com/book/show/10660214-armor" rel="nofollow">here</a>. <br /></i><br /><b>The military sci-fi classic in a striking new package</b><br /><br />Felix is an Earth soldier, encased in special body armor designed to withstand Earth's most implacable enemy-a bioengineered, insectoid alien horde. But Felix is also equipped with internal mechanisms that enable him, and his fellow soldiers, to survive battle situations that would destroy a man's mind.<br /><br />This is a remarkable novel of the horror, the courage, and the aftermath of combat--and how the strength of the human spirit can be the greatest armor of all.]]></description>
  <work>
  <id type="integer">604650</id>
  <books_count type="integer">15</books_count>
  <best_book_id type="integer">102327</best_book_id>
  <reviews_count type="integer">24499</reviews_count>
  <ratings_sum type="integer">58406</ratings_sum>
  <ratings_count type="integer">14179</ratings_count>
  <text_reviews_count type="integer">716</text_reviews_count>
  <original_publication_year type="integer">1984</original_publication_year>
  <original_publication_month type="integer">12</original_publication_month>
  <original_publication_day type="integer" nil="true"/>
  <original_title>Armor</original_title>
  <original_language_id type="integer" nil="true"/>
  <media_type>book</media_type>
  <rating_dist>5:6240|4:4621|3:2361|2:682|1:275|total:14179</rating_dist>
  <desc_user_id type="integer">7357921</desc_user_id>
  <default_chaptering_book_id type="integer" nil="true"/>
  <default_description_language_code nil="true"/>
</work>
  <average_rating>4.12</average_rating>
  <num_pages><![CDATA[426]]></num_pages>
  <format><![CDATA[Mass Market Paperback]]></format>
  <edition_information><![CDATA[Daw #605]]></edition_information>
  <ratings_count><![CDATA[13340]]></ratings_count>
  <text_reviews_count><![CDATA[624]]></text_reviews_count>
  <url><![CDATA[https://www.goodreads.com/book/show/102327.Armor]]></url>
  <link><![CDATA[https://www.goodreads.com/book/show/102327.Armor]]></link>
  <authors>
<author>
<id>59060</id>
<name>John Steakley</name>
<role></role>
<image_url nophoto='false'>
<![CDATA[https://images.gr-assets.com/authors/1235201143p5/59060.jpg]]>
</image_url>
<small_image_url nophoto='false'>
<![CDATA[https://images.gr-assets.com/authors/1235201143p2/59060.jpg]]>
</small_image_url>
<link><![CDATA[https://www.goodreads.com/author/show/59060.John_Steakley]]></link>
<average_rating>4.07</average_rating>
<ratings_count>16591</ratings_count>
<text_reviews_count>882</text_reviews_count>
</author>
</authors>

    <reviews_widget>
      <![CDATA[
        <style>
  #goodreads-widget {
    font-family: georgia, serif;
    padding: 18px 0;
    width:565px;
  }
  #goodreads-widget h1 {
    font-weight:normal;
    font-size: 16px;
    border-bottom: 1px solid #BBB596;
    margin-bottom: 0;
  }
  #goodreads-widget a {
    text-decoration: none;
    color:#660;
  }
  iframe{
    background-color: #fff;
  }
  #goodreads-widget a:hover { text-decoration: underline; }
  #goodreads-widget a:active {
    color:#660;
  }
  #gr_footer {
    width: 100%;
    border-top: 1px solid #BBB596;
    text-align: right;
  }
  #goodreads-widget .gr_branding{
    color: #382110;
    font-size: 11px;
    text-decoration: none;
    font-family: "Helvetica Neue", Helvetica, Arial, sans-serif;
  }
</style>
<div id="goodreads-widget">
  <div id="gr_header"><h1><a rel="nofollow" href="https://www.goodreads.com/book/show/102327.Armor">Armor Reviews</a></h1></div>
  <iframe id="the_iframe" src="https://www.goodreads.com/api/reviews_widget_iframe?did=DEVELOPER_ID&amp;format=html&amp;isbn=0886773687&amp;links=660&amp;min_rating=&amp;review_back=fff&amp;stars=000&amp;text=000" width="565" height="400" frameborder="0"></iframe>
  <div id="gr_footer">
    <a class="gr_branding" target="_blank" rel="nofollow" href="https://www.goodreads.com/book/show/102327.Armor?utm_medium=api&amp;utm_source=reviews_widget">Reviews from Goodreads.com</a>
  </div>
</div>

      ]]>
    </reviews_widget>
  <popular_shelves>
      <shelf name="to-read" count="9000"/>
      <shelf name="science-fiction" count="473"/>
      <shelf name="sci-fi" count="411"/>
      <shelf name="currently-reading" count="236"/>
      <shelf name="favorites" count="133"/>
      <shelf name="fiction" count="129"/>
      <shelf name="scifi" count="113"/>
      <shelf name="owned" count="62"/>
      <shelf name="military" count="55"/>
      <shelf name="sf" count="45"/>
      <shelf name="military-sci-fi" count="36"/>
      <shelf name="default" count="35"/>
      <shelf name="war" count="35"/>
      <shelf name="fantasy" count="35"/>
      <shelf name="science" count="31"/>
      <shelf name="sci-fi-fantasy" count="31"/>
      <shelf name="military-science-fiction" count="29"/>
      <shelf name="audiobook" count="29"/>
      <shelf name="military-sf" count="25"/>
      <shelf name="space-opera" count="19"/>
      <shelf name="military-scifi" count="18"/>
      <shelf name="general" count="17"/>
      <shelf name="to-buy" count="16"/>
      <shelf name="interplanetary" count="15"/>
      <shelf name="voyages" count="14"/>
      <shelf name="military-fiction" count="14"/>
      <shelf name="library" count="14"/>
      <shelf name="adventure" count="14"/>
      <shelf name="audible" count="13"/>
      <shelf name="novels" count="13"/>
      <shelf name="abandoned" count="13"/>
      <shelf name="books-i-own" count="13"/>
      <shelf name="action" count="13"/>
      <shelf name="space" count="12"/>
      <shelf name="scifi-fantasy" count="12"/>
      <shelf name="ebook" count="11"/>
      <shelf name="ebooks" count="10"/>
      <shelf name="kindle" count="10"/>
      <shelf name="to-read-sci-fi" count="9"/>
      <shelf name="calibre" count="9"/>
      <shelf name="aliens" count="9"/>
      <shelf name="audiobooks" count="9"/>
      <shelf name="audio" count="8"/>
      <shelf name="sff" count="8"/>
      <shelf name="own-it" count="8"/>
      <shelf name="did-not-finish" count="7"/>
      <shelf name="maybe" count="7"/>
      <shelf name="owned-books" count="7"/>
      <shelf name="e-books" count="7"/>
      <shelf name="classics" count="7"/>
      <shelf name="all-time-favorites" count="7"/>
      <shelf name="sciencefiction" count="7"/>
      <shelf name="my-library" count="6"/>
      <shelf name="read-again" count="6"/>
      <shelf name="classic" count="6"/>
      <shelf name="fantasy-sci-fi" count="6"/>
      <shelf name="science-fiction-military" count="5"/>
      <shelf name="audio-book" count="5"/>
      <shelf name="sci-fi-to-read" count="5"/>
      <shelf name="scifi-military" count="5"/>
      <shelf name="my-books" count="5"/>
      <shelf name="sf-fantasy" count="5"/>
      <shelf name="paperback" count="5"/>
      <shelf name="speculative-fiction" count="5"/>
      <shelf name="must-read" count="4"/>
      <shelf name="unread" count="4"/>
      <shelf name="read-in-2014" count="4"/>
      <shelf name="on-kindle" count="4"/>
      <shelf name="read-more-than-once" count="4"/>
      <shelf name="fantasy-scifi" count="4"/>
      <shelf name="paper" count="4"/>
      <shelf name="wish-list" count="4"/>
      <shelf name="mil-sci-fi" count="4"/>
      <shelf name="unavailable" count="4"/>
      <shelf name="reviewed" count="4"/>
      <shelf name="science-fiction-to-read" count="4"/>
      <shelf name="hard-sci-fi" count="4"/>
      <shelf name="unfinished" count="4"/>
      <shelf name="to-reread" count="4"/>
      <shelf name="favorite-books" count="4"/>
      <shelf name="fiction-sci-fi" count="4"/>
      <shelf name="re-read" count="4"/>
      <shelf name="novel" count="3"/>
      <shelf name="read-in-2016" count="3"/>
      <shelf name="shelfari-favorites" count="3"/>
      <shelf name="never-finished" count="3"/>
      <shelf name="books" count="3"/>
      <shelf name="read-in-2015" count="3"/>
      <shelf name="read-2014" count="3"/>
      <shelf name="to-read-scifi" count="3"/>
      <shelf name="dystopian" count="3"/>
      <shelf name="horror" count="3"/>
      <shelf name="to-read-sf" count="3"/>
      <shelf name="not-interested" count="3"/>
      <shelf name="fiction-to-read" count="3"/>
      <shelf name="scifi-to-read" count="3"/>
      <shelf name="have-read" count="3"/>
      <shelf name="to-read-someday" count="3"/>
      <shelf name="favourite" count="3"/>
      <shelf name="collection" count="3"/>
  </popular_shelves>
  <book_links>
    <book_link>
  <id>8</id>
  <name>Libraries</name>
  <link>https://www.goodreads.com/book_link/follow/8</link>
</book_link>

  </book_links>
  <buy_links>
    <buy_link>
<id>1</id>
<name>Amazon</name>
<link>https://www.goodreads.com/book_link/follow/1</link>
</buy_link>
<buy_link>
<id>10</id>
<name>Audible</name>
<link>https://www.goodreads.com/book_link/follow/10</link>
</buy_link>
<buy_link>
<id>3</id>
<name>Barnes &amp; Noble</name>
<link>https://www.goodreads.com/book_link/follow/3</link>
</buy_link>
<buy_link>
<id>1027</id>
<name>Kobo</name>
<link>https://www.goodreads.com/book_link/follow/1027</link>
</buy_link>
<buy_link>
<id>2102</id>
<name>Apple iBooks</name>
<link>https://www.goodreads.com/book_link/follow/2102</link>
</buy_link>
<buy_link>
<id>8036</id>
<name>Google Play</name>
<link>https://www.goodreads.com/book_link/follow/8036</link>
</buy_link>
<buy_link>
<id>4</id>
<name>Abebooks</name>
<link>https://www.goodreads.com/book_link/follow/4</link>
</buy_link>
<buy_link>
<id>882</id>
<name>Book Depository</name>
<link>https://www.goodreads.com/book_link/follow/882</link>
</buy_link>
<buy_link>
<id>9</id>
<name>Indigo</name>
<link>https://www.goodreads.com/book_link/follow/9</link>
</buy_link>
<buy_link>
<id>2</id>
<name>Half.com</name>
<link>https://www.goodreads.com/book_link/follow/2</link>
</buy_link>
<buy_link>
<id>5</id>
<name>Alibris</name>
<link>https://www.goodreads.com/book_link/follow/5</link>
</buy_link>
<buy_link>
<id>107</id>
<name>Better World Books</name>
<link>https://www.goodreads.com/book_link/follow/107</link>
</buy_link>
<buy_link>
<id>7</id>
<name>IndieBound</name>
<link>https://www.goodreads.com/book_link/follow/7</link>
</buy_link>

  </buy_links>
  <series_works>
    
  </series_works>
  <similar_books>
          <book>
<id>395738</id>
<title>Orphanage (Jason Wander, #1)</title>
<title_without_series>Orphanage</title_without_series>
<link><![CDATA[https://www.goodreads.com/book/show/395738.Orphanage]]></link>
<small_image_url><![CDATA[https://s.gr-assets.com/assets/nophoto/book/50x75-a91bf249278a81aabab721ef782c4a74.png]]></small_image_url>
<image_url><![CDATA[https://s.gr-assets.com/assets/nophoto/book/111x148-bcc042a9c91a29c1d680899eff700a03.png]]></image_url>
<num_pages>302</num_pages>
<work>
<id>2976384</id>
</work>
<isbn>0446614297</isbn>
<isbn13>9780446614290</isbn13>
<average_rating>3.87</average_rating>
<ratings_count>2743</ratings_count>
<publication_year>2004</publication_year>
<publication_month>11</publication_month>
<publication_day>1</publication_day>
<authors>
<author>
<id>118294</id>
<name>Robert Buettner</name>
<link><![CDATA[https://www.goodreads.com/author/show/118294.Robert_Buettner]]></link>
</author>
</authors>
</book>

          <book>
<id>528362</id>
<title><![CDATA[A Hymn Before Battle (Posleen War, #1)]]></title>
<title_without_series>A Hymn Before Battle</title_without_series>
<link><![CDATA[https://www.goodreads.com/book/show/528362.A_Hymn_Before_Battle]]></link>
<small_image_url><![CDATA[https://s.gr-assets.com/assets/nophoto/book/50x75-a91bf249278a81aabab721ef782c4a74.png]]></small_image_url>
<image_url><![CDATA[https://s.gr-assets.com/assets/nophoto/book/111x148-bcc042a9c91a29c1d680899eff700a03.png]]></image_url>
<num_pages></num_pages>
<work>
<id>2674420</id>
</work>
<isbn>1416533214</isbn>
<isbn13>9781416533214</isbn13>
<average_rating>3.99</average_rating>
<ratings_count>10193</ratings_count>
<publication_year></publication_year>
<publication_month></publication_month>
<publication_day></publication_day>
<authors>
<author>
<id>14219</id>
<name>John Ringo</name>
<link><![CDATA[https://www.goodreads.com/author/show/14219.John_Ringo]]></link>
</author>
</authors>
</book>

          <book>
<id>1107296</id>
<title>Mutineers&apos; Moon (Dahak, #1)</title>
<title_without_series>Mutineers&apos; Moon</title_without_series>
<link><![CDATA[https://www.goodreads.com/book/show/1107296.Mutineers_Moon]]></link>
<small_image_url><![CDATA[https://images.gr-assets.com/books/1334080031s/1107296.jpg]]></small_image_url>
<image_url><![CDATA[https://images.gr-assets.com/books/1334080031m/1107296.jpg]]></image_url>
<num_pages>315</num_pages>
<work>
<id>1094239</id>
</work>
<isbn>0671720856</isbn>
<isbn13>9780671720858</isbn13>
<average_rating>4.19</average_rating>
<ratings_count>5346</ratings_count>
<publication_year>1991</publication_year>
<publication_month>10</publication_month>
<publication_day></publication_day>
<authors>
<author>
<id>10517</id>
<name>David Weber</name>
<link><![CDATA[https://www.goodreads.com/author/show/10517.David_Weber]]></link>
</author>
</authors>
</book>

          <book>
<id>20878</id>
<title><![CDATA[The Man Who Never Missed (Matador, #1)]]></title>
<title_without_series>The Man Who Never Missed</title_without_series>
<link><![CDATA[https://www.goodreads.com/book/show/20878.The_Man_Who_Never_Missed]]></link>
<small_image_url><![CDATA[https://s.gr-assets.com/assets/nophoto/book/50x75-a91bf249278a81aabab721ef782c4a74.png]]></small_image_url>
<image_url><![CDATA[https://s.gr-assets.com/assets/nophoto/book/111x148-bcc042a9c91a29c1d680899eff700a03.png]]></image_url>
<num_pages>195</num_pages>
<work>
<id>537240</id>
</work>
<isbn>0441519180</isbn>
<isbn13>9780441519187</isbn13>
<average_rating>4.24</average_rating>
<ratings_count>1563</ratings_count>
<publication_year>1986</publication_year>
<publication_month>8</publication_month>
<publication_day>15</publication_day>
<authors>
<author>
<id>6262</id>
<name>Steve Perry</name>
<link><![CDATA[https://www.goodreads.com/author/show/6262.Steve_Perry]]></link>
</author>
</authors>
</book>

          <book>
<id>68575</id>
<title><![CDATA[The Clone Republic (Rogue Clone, #1)]]></title>
<title_without_series>The Clone Republic</title_without_series>
<link><![CDATA[https://www.goodreads.com/book/show/68575.The_Clone_Republic]]></link>
<small_image_url><![CDATA[https://s.gr-assets.com/assets/nophoto/book/50x75-a91bf249278a81aabab721ef782c4a74.png]]></small_image_url>
<image_url><![CDATA[https://s.gr-assets.com/assets/nophoto/book/111x148-bcc042a9c91a29c1d680899eff700a03.png]]></image_url>
<num_pages>384</num_pages>
<work>
<id>66450</id>
</work>
<isbn>0441013937</isbn>
<isbn13>9780441013937</isbn13>
<average_rating>3.70</average_rating>
<ratings_count>1853</ratings_count>
<publication_year>2006</publication_year>
<publication_month>3</publication_month>
<publication_day>28</publication_day>
<authors>
<author>
<id>38627</id>
<name>Steven L. Kent</name>
<link><![CDATA[https://www.goodreads.com/author/show/38627.Steven_L_Kent]]></link>
</author>
</authors>
</book>

          <book>
<id>205258</id>
<title><![CDATA[Semper Mars (Heritage Trilogy, #1)]]></title>
<title_without_series>Semper Mars</title_without_series>
<link><![CDATA[https://www.goodreads.com/book/show/205258.Semper_Mars]]></link>
<small_image_url><![CDATA[https://s.gr-assets.com/assets/nophoto/book/50x75-a91bf249278a81aabab721ef782c4a74.png]]></small_image_url>
<image_url><![CDATA[https://s.gr-assets.com/assets/nophoto/book/111x148-bcc042a9c91a29c1d680899eff700a03.png]]></image_url>
<num_pages>384</num_pages>
<work>
<id>198642</id>
</work>
<isbn>0380788284</isbn>
<isbn13>9780380788286</isbn13>
<average_rating>3.80</average_rating>
<ratings_count>2037</ratings_count>
<publication_year>1998</publication_year>
<publication_month>5</publication_month>
<publication_day>1</publication_day>
<authors>
<author>
<id>4702581</id>
<name>Ian Douglas</name>
<link><![CDATA[https://www.goodreads.com/author/show/4702581.Ian_Douglas]]></link>
</author>
</authors>
</book>

          <book>
<id>5292173</id>
<title><![CDATA[Relentless (The Lost Fleet, #5)]]></title>
<title_without_series>Relentless</title_without_series>
<link><![CDATA[https://www.goodreads.com/book/show/5292173-relentless]]></link>
<small_image_url><![CDATA[https://s.gr-assets.com/assets/nophoto/book/50x75-a91bf249278a81aabab721ef782c4a74.png]]></small_image_url>
<image_url><![CDATA[https://s.gr-assets.com/assets/nophoto/book/111x148-bcc042a9c91a29c1d680899eff700a03.png]]></image_url>
<num_pages>336</num_pages>
<work>
<id>5359599</id>
</work>
<isbn>0441017088</isbn>
<isbn13>9780441017089</isbn13>
<average_rating>4.05</average_rating>
<ratings_count>12324</ratings_count>
<publication_year>2009</publication_year>
<publication_month>4</publication_month>
<publication_day>28</publication_day>
<authors>
<author>
<id>55547</id>
<name>Jack Campbell</name>
<link><![CDATA[https://www.goodreads.com/author/show/55547.Jack_Campbell]]></link>
</author>
</authors>
</book>

          <book>
<id>640814</id>
<title><![CDATA[The Myriad (Tour of the Merrimack, #1)]]></title>
<title_without_series>The Myriad</title_without_series>
<link><![CDATA[https://www.goodreads.com/book/show/640814.The_Myriad]]></link>
<small_image_url><![CDATA[https://images.gr-assets.com/books/1309199732s/640814.jpg]]></small_image_url>
<image_url><![CDATA[https://images.gr-assets.com/books/1309199732m/640814.jpg]]></image_url>
<num_pages>375</num_pages>
<work>
<id>627008</id>
</work>
<isbn>0756403200</isbn>
<isbn13>9780756403201</isbn13>
<average_rating>3.77</average_rating>
<ratings_count>876</ratings_count>
<publication_year>2006</publication_year>
<publication_month>1</publication_month>
<publication_day>3</publication_day>
<authors>
<author>
<id>9762033</id>
<name>R.M. Meluch</name>
<link><![CDATA[https://www.goodreads.com/author/show/9762033.R_M_Meluch]]></link>
</author>
</authors>
</book>

          <book>
<id>10432883</id>
<title><![CDATA[Germline (The Subterrene War #1)]]></title>
<title_without_series>Germline</title_without_series>
<link><![CDATA[https://www.goodreads.com/book/show/10432883-germline]]></link>
<small_image_url><![CDATA[https://s.gr-assets.com/assets/nophoto/book/50x75-a91bf249278a81aabab721ef782c4a74.png]]></small_image_url>
<image_url><![CDATA[https://s.gr-assets.com/assets/nophoto/book/111x148-bcc042a9c91a29c1d680899eff700a03.png]]></image_url>
<num_pages>384</num_pages>
<work>
<id>15337363</id>
</work>
<isbn>031612818X</isbn>
<isbn13>9780316128186</isbn13>
<average_rating>3.54</average_rating>
<ratings_count>951</ratings_count>
<publication_year>2011</publication_year>
<publication_month>8</publication_month>
<publication_day>1</publication_day>
<authors>
<author>
<id>4143867</id>
<name>T.C. McCarthy</name>
<link><![CDATA[https://www.goodreads.com/author/show/4143867.T_C_McCarthy]]></link>
</author>
</authors>
</book>

          <book>
<id>176410</id>
<title><![CDATA[The Heart of Valor (Confederation, #3)]]></title>
<title_without_series>The Heart of Valor</title_without_series>
<link><![CDATA[https://www.goodreads.com/book/show/176410.The_Heart_of_Valor]]></link>
<small_image_url><![CDATA[https://s.gr-assets.com/assets/nophoto/book/50x75-a91bf249278a81aabab721ef782c4a74.png]]></small_image_url>
<image_url><![CDATA[https://s.gr-assets.com/assets/nophoto/book/111x148-bcc042a9c91a29c1d680899eff700a03.png]]></image_url>
<num_pages>368</num_pages>
<work>
<id>3262026</id>
</work>
<isbn>0756404355</isbn>
<isbn13>9780756404352</isbn13>
<average_rating>4.06</average_rating>
<ratings_count>3903</ratings_count>
<publication_year>2007</publication_year>
<publication_month>6</publication_month>
<publication_day>5</publication_day>
<authors>
<author>
<id>1967</id>
<name>Tanya Huff</name>
<link><![CDATA[https://www.goodreads.com/author/show/1967.Tanya_Huff]]></link>
</author>
</authors>
</book>

          <book>
<id>722434</id>
<title><![CDATA[Legion of the Damned (Legion, #1)]]></title>
<title_without_series>Legion of the Damned</title_without_series>
<link><![CDATA[https://www.goodreads.com/book/show/722434.Legion_of_the_Damned]]></link>
<small_image_url><![CDATA[https://images.gr-assets.com/books/1281846249s/722434.jpg]]></small_image_url>
<image_url><![CDATA[https://images.gr-assets.com/books/1281846249m/722434.jpg]]></image_url>
<num_pages>341</num_pages>
<work>
<id>708671</id>
</work>
<isbn>0441480403</isbn>
<isbn13>9780441480401</isbn13>
<average_rating>3.67</average_rating>
<ratings_count>1607</ratings_count>
<publication_year></publication_year>
<publication_month></publication_month>
<publication_day></publication_day>
<authors>
<author>
<id>78736</id>
<name>William C. Dietz</name>
<link><![CDATA[https://www.goodreads.com/author/show/78736.William_C_Dietz]]></link>
</author>
</authors>
</book>

          <book>
<id>45258</id>
<title>Fallen Dragon</title>
<title_without_series>Fallen Dragon</title_without_series>
<link><![CDATA[https://www.goodreads.com/book/show/45258.Fallen_Dragon]]></link>
<small_image_url><![CDATA[https://images.gr-assets.com/books/1302015952s/45258.jpg]]></small_image_url>
<image_url><![CDATA[https://images.gr-assets.com/books/1302015952m/45258.jpg]]></image_url>
<num_pages>808</num_pages>
<work>
<id>44533</id>
</work>
<isbn>0330480065</isbn>
<isbn13>9780330480062</isbn13>
<average_rating>4.05</average_rating>
<ratings_count>10239</ratings_count>
<publication_year></publication_year>
<publication_month></publication_month>
<publication_day></publication_day>
<authors>
<author>
<id>25375</id>
<name>Peter F. Hamilton</name>
<link><![CDATA[https://www.goodreads.com/author/show/25375.Peter_F_Hamilton]]></link>
</author>
</authors>
</book>

          <book>
<id>2191151</id>
<title><![CDATA[Death's Head (Death's Head #1)]]></title>
<title_without_series>Death&apos;s Head</title_without_series>
<link><![CDATA[https://www.goodreads.com/book/show/2191151.Death_s_Head]]></link>
<small_image_url><![CDATA[https://s.gr-assets.com/assets/nophoto/book/50x75-a91bf249278a81aabab721ef782c4a74.png]]></small_image_url>
<image_url><![CDATA[https://s.gr-assets.com/assets/nophoto/book/111x148-bcc042a9c91a29c1d680899eff700a03.png]]></image_url>
<num_pages>352</num_pages>
<work>
<id>2196871</id>
</work>
<isbn>0345498275</isbn>
<isbn13>9780345498274</isbn13>
<average_rating>4.02</average_rating>
<ratings_count>1569</ratings_count>
<publication_year>2007</publication_year>
<publication_month>5</publication_month>
<publication_day>1</publication_day>
<authors>
<author>
<id>273523</id>
<name>David Gunn</name>
<link><![CDATA[https://www.goodreads.com/author/show/273523.David_Gunn]]></link>
</author>
</authors>
</book>

          <book>
<id>714616</id>
<title>Redliners</title>
<title_without_series>Redliners</title_without_series>
<link><![CDATA[https://www.goodreads.com/book/show/714616.Redliners]]></link>
<small_image_url><![CDATA[https://images.gr-assets.com/books/1290067181s/714616.jpg]]></small_image_url>
<image_url><![CDATA[https://images.gr-assets.com/books/1290067181m/714616.jpg]]></image_url>
<num_pages>384</num_pages>
<work>
<id>700871</id>
</work>
<isbn>0671877895</isbn>
<isbn13>9780671877897</isbn13>
<average_rating>3.89</average_rating>
<ratings_count>2504</ratings_count>
<publication_year>1997</publication_year>
<publication_month>6</publication_month>
<publication_day>1</publication_day>
<authors>
<author>
<id>19472</id>
<name>David Drake</name>
<link><![CDATA[https://www.goodreads.com/author/show/19472.David_Drake]]></link>
</author>
</authors>
</book>

          <book>
<id>9280056</id>
<title>Embedded</title>
<title_without_series>Embedded</title_without_series>
<link><![CDATA[https://www.goodreads.com/book/show/9280056-embedded]]></link>
<small_image_url><![CDATA[https://images.gr-assets.com/books/1320512990s/9280056.jpg]]></small_image_url>
<image_url><![CDATA[https://images.gr-assets.com/books/1320512990m/9280056.jpg]]></image_url>
<num_pages>430</num_pages>
<work>
<id>7514787</id>
</work>
<isbn>0857660918</isbn>
<isbn13>9780857660916</isbn13>
<average_rating>3.67</average_rating>
<ratings_count>1456</ratings_count>
<publication_year>2011</publication_year>
<publication_month>3</publication_month>
<publication_day>29</publication_day>
<authors>
<author>
<id>33262</id>
<name>Dan Abnett</name>
<link><![CDATA[https://www.goodreads.com/author/show/33262.Dan_Abnett]]></link>
</author>
</authors>
</book>

          <book>
<id>378724</id>
<title><![CDATA[Crossover (Cassandra Kresnov, #1)]]></title>
<title_without_series>Crossover</title_without_series>
<link><![CDATA[https://www.goodreads.com/book/show/378724.Crossover]]></link>
<small_image_url><![CDATA[https://images.gr-assets.com/books/1365462453s/378724.jpg]]></small_image_url>
<image_url><![CDATA[https://images.gr-assets.com/books/1365462453m/378724.jpg]]></image_url>
<num_pages>459</num_pages>
<work>
<id>1491073</id>
</work>
<isbn>1591024439</isbn>
<isbn13>9781591024439</isbn13>
<average_rating>3.84</average_rating>
<ratings_count>1920</ratings_count>
<publication_year>2006</publication_year>
<publication_month>8</publication_month>
<publication_day>1</publication_day>
<authors>
<author>
<id>215710</id>
<name>Joel Shepherd</name>
<link><![CDATA[https://www.goodreads.com/author/show/215710.Joel_Shepherd]]></link>
</author>
</authors>
</book>

          <book>
<id>352774</id>
<title><![CDATA[A Talent for War (Alex Benedict, #1)]]></title>
<title_without_series>A Talent for War</title_without_series>
<link><![CDATA[https://www.goodreads.com/book/show/352774.A_Talent_for_War]]></link>
<small_image_url><![CDATA[https://s.gr-assets.com/assets/nophoto/book/50x75-a91bf249278a81aabab721ef782c4a74.png]]></small_image_url>
<image_url><![CDATA[https://s.gr-assets.com/assets/nophoto/book/111x148-bcc042a9c91a29c1d680899eff700a03.png]]></image_url>
<num_pages>310</num_pages>
<work>
<id>2944265</id>
</work>
<isbn>0441012175</isbn>
<isbn13>9780441012176</isbn13>
<average_rating>3.76</average_rating>
<ratings_count>4614</ratings_count>
<publication_year>2004</publication_year>
<publication_month>6</publication_month>
<publication_day>29</publication_day>
<authors>
<author>
<id>73812</id>
<name>Jack McDevitt</name>
<link><![CDATA[https://www.goodreads.com/author/show/73812.Jack_McDevitt]]></link>
</author>
</authors>
</book>

  </similar_books>
</book>

</GoodreadsResponse>