<?xml version="1.0" encoding="UTF-8"?>
<GoodreadsResponse>
  <Request>
    <authentication>true</authentication>
      <key><![CDATA[all_men_must_serve]]></key>
    <method><![CDATA[book_show]]></method>
  </Request>
  <book>
  <id>10235</id>
  <title><![CDATA[Mountains Beyond Mountains: The Quest of Dr. Paul Farmer, A Man Who Would Cure the World]]></title>
  <isbn><![CDATA[0812973011]]></isbn>
  <isbn13><![CDATA[9780812973013]]></isbn13>
  <asin><![CDATA[]]></asin>
  <kindle_asin><![CDATA[B004GHN8ES]]></kindle_asin>
  <marketplace_id><![CDATA[A1F83G8C2ARO7P]]></marketplace_id>
  <country_code><![CDATA[GB]]></country_code>
  <image_url>https://s.gr-assets.com/assets/nophoto/book/111x148-bcc042a9c91a29c1d680899eff700a03.png</image_url>
  <small_image_url>https://s.gr-assets.com/assets/nophoto/book/50x75-a91bf249278a81aabab721ef782c4a74.png</small_image_url>
  <publication_year></publication_year>
  <publication_month></publication_month>
  <publication_day></publication_day>
  <publisher></publisher>
  <language_code>eng</language_code>
  <is_ebook>false</is_ebook>
  <description><![CDATA[At the center of <i>Mountains Beyond Mountains</i> stands Paul Farmer. Doctor, Harvard professor, renowned infectious-disease specialist, anthropologist, the recipient of a MacArthur “genius” grant, world-class Robin Hood, Farmer was brought up in a bus and on a boat, and in medical school found his life’s calling: to diagnose and cure infectious diseases and to bring the lifesaving tools of modern medicine to those who need them most. This magnificent book shows how radical change can be fostered in situations that seem insurmountable, and it also shows how a meaningful life can be created, as Farmer—brilliant, charismatic, charming, both a leader in international health and a doctor who finds time to make house calls in Boston and the mountains of Haiti—blasts through convention to get results. <br /><br /><i>Mountains Beyond Mountains</i> takes us from Harvard to Haiti, Peru, Cuba, and Russia as Farmer changes minds and practices through his dedication to the philosophy that "the only real nation is humanity" - a philosophy that is embodied in the small public charity he founded, Partners In Health. He enlists the help of the Gates Foundation, George Soros, the U.N.’s World Health Organization, and others in his quest to cure the world. At the heart of this book is the example of a life based on hope, and on an understanding of the truth of the Haitian proverb “Beyond mountains there are mountains”: as you solve one problem, another problem presents itself, and so you go on and try to solve that one too. <br /><br />“<i>Mountains Beyond Mountains</i> unfolds with the force of a gathering revelation,” says Annie Dillard, and Jonathan Harr says, “[Farmer] wants to change the world. Certainly this luminous and powerful book will change the way you see it.”]]></description>
  <work>
  <id type="integer">1639628</id>
  <books_count type="integer">42</books_count>
  <best_book_id type="integer">10235</best_book_id>
  <reviews_count type="integer">90336</reviews_count>
  <ratings_sum type="integer">232200</ratings_sum>
  <ratings_count type="integer">55208</ratings_count>
  <text_reviews_count type="integer">4224</text_reviews_count>
  <original_publication_year type="integer">2003</original_publication_year>
  <original_publication_month type="integer" nil="true"/>
  <original_publication_day type="integer" nil="true"/>
  <original_title>Mountains Beyond Mountains: The Quest of Dr. Paul Farmer, a Man Who Would Cure the World</original_title>
  <original_language_id type="integer" nil="true"/>
  <media_type>book</media_type>
  <rating_dist>5:25192|4:19350|3:8182|2:1810|1:674|total:55208</rating_dist>
  <desc_user_id type="integer">4426615</desc_user_id>
  <default_chaptering_book_id type="integer" nil="true"/>
  <default_description_language_code nil="true"/>
</work>
  <average_rating>4.21</average_rating>
  <num_pages><![CDATA[333]]></num_pages>
  <format><![CDATA[]]></format>
  <edition_information><![CDATA[]]></edition_information>
  <ratings_count><![CDATA[53048]]></ratings_count>
  <text_reviews_count><![CDATA[3972]]></text_reviews_count>
  <url><![CDATA[https://www.goodreads.com/book/show/10235.Mountains_Beyond_Mountains]]></url>
  <link><![CDATA[https://www.goodreads.com/book/show/10235.Mountains_Beyond_Mountains]]></link>
  <authors>
<author>
<id>4770</id>
<name>Tracy Kidder</name>
<role></role>
<image_url nophoto='false'>
<![CDATA[https://images.gr-assets.com/authors/1205329434p5/4770.jpg]]>
</image_url>
<small_image_url nophoto='false'>
<![CDATA[https://images.gr-assets.com/authors/1205329434p2/4770.jpg]]>
</small_image_url>
<link><![CDATA[https://www.goodreads.com/author/show/4770.Tracy_Kidder]]></link>
<average_rating>4.13</average_rating>
<ratings_count>81112</ratings_count>
<text_reviews_count>7272</text_reviews_count>
</author>
</authors>

    <reviews_widget>
      <![CDATA[
        <style>
  #goodreads-widget {
    font-family: georgia, serif;
    padding: 18px 0;
    width:565px;
  }
  #goodreads-widget h1 {
    font-weight:normal;
    font-size: 16px;
    border-bottom: 1px solid #BBB596;
    margin-bottom: 0;
  }
  #goodreads-widget a {
    text-decoration: none;
    color:#660;
  }
  iframe{
    background-color: #fff;
  }
  #goodreads-widget a:hover { text-decoration: underline; }
  #goodreads-widget a:active {
    color:#660;
  }
  #gr_footer {
    width: 100%;
    border-top: 1px solid #BBB596;
    text-align: right;
  }
  #goodreads-widget .gr_branding{
    color: #382110;
    font-size: 11px;
    text-decoration: none;
    font-family: "Helvetica Neue", Helvetica, Arial, sans-serif;
  }
</style>
<div id="goodreads-widget">
  <div id="gr_header"><h1><a rel="nofollow" href="https://www.goodreads.com/book/show/10235.Mountains_Beyond_Mountains">Mountains Beyond Mountains Reviews</a></h1></div>
  <iframe id="the_iframe" src="https://www.goodreads.com/api/reviews_widget_iframe?did=DEVELOPER_ID&amp;format=html&amp;isbn=0812973011&amp;links=660&amp;min_rating=&amp;review_back=fff&amp;stars=000&amp;text=000" width="565" height="400" frameborder="0"></iframe>
  <div id="gr_footer">
    <a class="gr_branding" target="_blank" rel="nofollow" href="https://www.goodreads.com/book/show/10235.Mountains_Beyond_Mountains?utm_medium=api&amp;utm_source=reviews_widget">Reviews from Goodreads.com</a>
  </div>
</div>

      ]]>
    </reviews_widget>
  <popular_shelves>
      <shelf name="to-read" count="29139"/>
      <shelf name="currently-reading" count="1520"/>
      <shelf name="non-fiction" count="1195"/>
      <shelf name="nonfiction" count="642"/>
      <shelf name="favorites" count="535"/>
      <shelf name="biography" count="504"/>
      <shelf name="medicine" count="244"/>
      <shelf name="book-club" count="200"/>
      <shelf name="memoir" count="120"/>
      <shelf name="haiti" count="117"/>
      <shelf name="medical" count="115"/>
      <shelf name="public-health" count="106"/>
      <shelf name="science" count="92"/>
      <shelf name="owned" count="87"/>
      <shelf name="health" count="87"/>
      <shelf name="books-i-own" count="78"/>
      <shelf name="social-justice" count="75"/>
      <shelf name="biography-memoir" count="59"/>
      <shelf name="biographies" count="56"/>
      <shelf name="anthropology" count="52"/>
      <shelf name="history" count="48"/>
      <shelf name="school" count="48"/>
      <shelf name="memoirs" count="46"/>
      <shelf name="inspirational" count="44"/>
      <shelf name="travel" count="44"/>
      <shelf name="development" count="40"/>
      <shelf name="book-group" count="40"/>
      <shelf name="bookclub" count="35"/>
      <shelf name="audio" count="34"/>
      <shelf name="adult" count="31"/>
      <shelf name="poverty" count="30"/>
      <shelf name="human-rights" count="29"/>
      <shelf name="global-health" count="28"/>
      <shelf name="library" count="28"/>
      <shelf name="audiobooks" count="28"/>
      <shelf name="audiobook" count="27"/>
      <shelf name="abandoned" count="27"/>
      <shelf name="memoir-biography" count="27"/>
      <shelf name="international-development" count="26"/>
      <shelf name="latin-america" count="26"/>
      <shelf name="owned-books" count="23"/>
      <shelf name="sociology" count="21"/>
      <shelf name="shelfari-favorites" count="20"/>
      <shelf name="default" count="20"/>
      <shelf name="fiction" count="19"/>
      <shelf name="did-not-finish" count="19"/>
      <shelf name="politics" count="19"/>
      <shelf name="book-club-books" count="18"/>
      <shelf name="bio-memoir" count="18"/>
      <shelf name="all-time-favorites" count="18"/>
      <shelf name="healthcare" count="18"/>
      <shelf name="to-read-nonfiction" count="18"/>
      <shelf name="international" count="17"/>
      <shelf name="caribbean" count="17"/>
      <shelf name="my-library" count="16"/>
      <shelf name="to-read-non-fiction" count="16"/>
      <shelf name="read-for-school" count="16"/>
      <shelf name="biographies-memoirs" count="16"/>
      <shelf name="biographical" count="16"/>
      <shelf name="adult-nonfiction" count="16"/>
      <shelf name="for-school" count="16"/>
      <shelf name="didn-t-finish" count="16"/>
      <shelf name="to-buy" count="15"/>
      <shelf name="kindle" count="15"/>
      <shelf name="college" count="14"/>
      <shelf name="science-medicine" count="14"/>
      <shelf name="humanitarian" count="14"/>
      <shelf name="health-medicine" count="14"/>
      <shelf name="recommended" count="14"/>
      <shelf name="own-it" count="14"/>
      <shelf name="justice" count="13"/>
      <shelf name="my-books" count="13"/>
      <shelf name="favorite-books" count="13"/>
      <shelf name="adult-non-fiction" count="13"/>
      <shelf name="society" count="13"/>
      <shelf name="social-issues" count="12"/>
      <shelf name="biography-autobiography" count="12"/>
      <shelf name="health-care" count="11"/>
      <shelf name="narrative-nonfiction" count="11"/>
      <shelf name="culture" count="11"/>
      <shelf name="current-events" count="11"/>
      <shelf name="africa" count="11"/>
      <shelf name="memoir-bio" count="11"/>
      <shelf name="contemporary" count="11"/>
      <shelf name="never-finished" count="11"/>
      <shelf name="personal-library" count="10"/>
      <shelf name="unfinished" count="10"/>
      <shelf name="2006" count="10"/>
      <shelf name="inspiring" count="9"/>
      <shelf name="medical-anthropology" count="9"/>
      <shelf name="american" count="9"/>
      <shelf name="non-fiction-read" count="9"/>
      <shelf name="non-fiction-to-read" count="9"/>
      <shelf name="bio" count="9"/>
      <shelf name="wish-list" count="9"/>
      <shelf name="non-fic" count="9"/>
      <shelf name="activism" count="9"/>
      <shelf name="epidemiology" count="9"/>
      <shelf name="global" count="9"/>
      <shelf name="borrowed" count="9"/>
  </popular_shelves>
  <book_links>
    <book_link>
  <id>8</id>
  <name>Libraries</name>
  <link>https://www.goodreads.com/book_link/follow/8</link>
</book_link>

  </book_links>
  <buy_links>
    <buy_link>
<id>1</id>
<name>Amazon</name>
<link>https://www.goodreads.com/book_link/follow/1</link>
</buy_link>
<buy_link>
<id>10</id>
<name>Audible</name>
<link>https://www.goodreads.com/book_link/follow/10</link>
</buy_link>
<buy_link>
<id>3</id>
<name>Barnes &amp; Noble</name>
<link>https://www.goodreads.com/book_link/follow/3</link>
</buy_link>
<buy_link>
<id>1027</id>
<name>Kobo</name>
<link>https://www.goodreads.com/book_link/follow/1027</link>
</buy_link>
<buy_link>
<id>2102</id>
<name>Apple iBooks</name>
<link>https://www.goodreads.com/book_link/follow/2102</link>
</buy_link>
<buy_link>
<id>8036</id>
<name>Google Play</name>
<link>https://www.goodreads.com/book_link/follow/8036</link>
</buy_link>
<buy_link>
<id>4</id>
<name>Abebooks</name>
<link>https://www.goodreads.com/book_link/follow/4</link>
</buy_link>
<buy_link>
<id>882</id>
<name>Book Depository</name>
<link>https://www.goodreads.com/book_link/follow/882</link>
</buy_link>
<buy_link>
<id>9</id>
<name>Indigo</name>
<link>https://www.goodreads.com/book_link/follow/9</link>
</buy_link>
<buy_link>
<id>2</id>
<name>Half.com</name>
<link>https://www.goodreads.com/book_link/follow/2</link>
</buy_link>
<buy_link>
<id>5</id>
<name>Alibris</name>
<link>https://www.goodreads.com/book_link/follow/5</link>
</buy_link>
<buy_link>
<id>107</id>
<name>Better World Books</name>
<link>https://www.goodreads.com/book_link/follow/107</link>
</buy_link>
<buy_link>
<id>7</id>
<name>IndieBound</name>
<link>https://www.goodreads.com/book_link/follow/7</link>
</buy_link>

  </buy_links>
  <series_works>
    
  </series_works>
  <similar_books>
          <book>
<id>10232</id>
<title><![CDATA[Pathologies of Power: Health, Human Rights and the New War on the Poor]]></title>
<title_without_series><![CDATA[Pathologies of Power: Health, Human Rights and the New War on the Poor]]></title_without_series>
<link><![CDATA[https://www.goodreads.com/book/show/10232.Pathologies_of_Power]]></link>
<small_image_url><![CDATA[https://s.gr-assets.com/assets/nophoto/book/50x75-a91bf249278a81aabab721ef782c4a74.png]]></small_image_url>
<image_url><![CDATA[https://s.gr-assets.com/assets/nophoto/book/111x148-bcc042a9c91a29c1d680899eff700a03.png]]></image_url>
<num_pages></num_pages>
<work>
<id>12951</id>
</work>
<isbn>0520243269</isbn>
<isbn13>9780520243262</isbn13>
<average_rating>4.24</average_rating>
<ratings_count>3486</ratings_count>
<publication_year></publication_year>
<publication_month></publication_month>
<publication_day></publication_day>
<authors>
<author>
<id>6684</id>
<name>Paul Farmer</name>
<link><![CDATA[https://www.goodreads.com/author/show/6684.Paul_Farmer]]></link>
</author>
</authors>
</book>

          <book>
<id>12609</id>
<title><![CDATA[The Spirit Catches You and You Fall Down: A Hmong Child, Her American Doctors, and the Collision of Two Cultures]]></title>
<title_without_series><![CDATA[The Spirit Catches You and You Fall Down: A Hmong Child, Her American Doctors, and the Collision of Two Cultures]]></title_without_series>
<link><![CDATA[https://www.goodreads.com/book/show/12609.The_Spirit_Catches_You_and_You_Fall_Down]]></link>
<small_image_url><![CDATA[https://images.gr-assets.com/books/1432610033s/12609.jpg]]></small_image_url>
<image_url><![CDATA[https://images.gr-assets.com/books/1432610033m/12609.jpg]]></image_url>
<num_pages>341</num_pages>
<work>
<id>14895</id>
</work>
<isbn>0374525641</isbn>
<isbn13>9780374525644</isbn13>
<average_rating>4.14</average_rating>
<ratings_count>49919</ratings_count>
<publication_year></publication_year>
<publication_month></publication_month>
<publication_day></publication_day>
<authors>
<author>
<id>7982</id>
<name>Anne Fadiman</name>
<link><![CDATA[https://www.goodreads.com/author/show/7982.Anne_Fadiman]]></link>
</author>
</authors>
</book>

          <book>
<id>60862</id>
<title><![CDATA[Mama Might Be Better Off Dead: The Failure of Health Care in Urban America]]></title>
<title_without_series><![CDATA[Mama Might Be Better Off Dead: The Failure of Health Care in Urban America]]></title_without_series>
<link><![CDATA[https://www.goodreads.com/book/show/60862.Mama_Might_Be_Better_Off_Dead]]></link>
<small_image_url><![CDATA[https://s.gr-assets.com/assets/nophoto/book/50x75-a91bf249278a81aabab721ef782c4a74.png]]></small_image_url>
<image_url><![CDATA[https://s.gr-assets.com/assets/nophoto/book/111x148-bcc042a9c91a29c1d680899eff700a03.png]]></image_url>
<num_pages>297</num_pages>
<work>
<id>59194</id>
</work>
<isbn>0226001393</isbn>
<isbn13>9780226001395</isbn13>
<average_rating>3.84</average_rating>
<ratings_count>553</ratings_count>
<publication_year>1994</publication_year>
<publication_month>11</publication_month>
<publication_day>15</publication_day>
<authors>
<author>
<id>34246</id>
<name>Laurie Kaye Abraham</name>
<link><![CDATA[https://www.goodreads.com/author/show/34246.Laurie_Kaye_Abraham]]></link>
</author>
</authors>
</book>

          <book>
<id>2140743</id>
<title><![CDATA[An Imperfect Offering: Humanitarian Action in the Twenty-first Century]]></title>
<title_without_series><![CDATA[An Imperfect Offering: Humanitarian Action in the Twenty-first Century]]></title_without_series>
<link><![CDATA[https://www.goodreads.com/book/show/2140743.An_Imperfect_Offering]]></link>
<small_image_url><![CDATA[https://images.gr-assets.com/books/1320487622s/2140743.jpg]]></small_image_url>
<image_url><![CDATA[https://images.gr-assets.com/books/1320487622m/2140743.jpg]]></image_url>
<num_pages>448</num_pages>
<work>
<id>2146231</id>
</work>
<isbn>0385660693</isbn>
<isbn13>9780385660693</isbn13>
<average_rating>4.31</average_rating>
<ratings_count>1527</ratings_count>
<publication_year>2008</publication_year>
<publication_month>4</publication_month>
<publication_day>4</publication_day>
<authors>
<author>
<id>973274</id>
<name>James Orbinski</name>
<link><![CDATA[https://www.goodreads.com/author/show/973274.James_Orbinski]]></link>
</author>
</authors>
</book>

          <book>
<id>372575</id>
<title><![CDATA[The Invisible Cure: Africa, the West, and the Fight Against AIDS]]></title>
<title_without_series><![CDATA[The Invisible Cure: Africa, the West, and the Fight Against AIDS]]></title_without_series>
<link><![CDATA[https://www.goodreads.com/book/show/372575.The_Invisible_Cure]]></link>
<small_image_url><![CDATA[https://images.gr-assets.com/books/1311991949s/372575.jpg]]></small_image_url>
<image_url><![CDATA[https://images.gr-assets.com/books/1311991949m/372575.jpg]]></image_url>
<num_pages>326</num_pages>
<work>
<id>362510</id>
</work>
<isbn>0374281521</isbn>
<isbn13>9780374281526</isbn13>
<average_rating>4.09</average_rating>
<ratings_count>820</ratings_count>
<publication_year>2007</publication_year>
<publication_month>5</publication_month>
<publication_day>15</publication_day>
<authors>
<author>
<id>17073937</id>
<name>Helen C. Epstein</name>
<link><![CDATA[https://www.goodreads.com/author/show/17073937.Helen_C_Epstein]]></link>
</author>
</authors>
</book>

          <book>
<id>218169</id>
<title><![CDATA[Hope in Hell: Inside the World of Doctors Without Borders]]></title>
<title_without_series><![CDATA[Hope in Hell: Inside the World of Doctors Without Borders]]></title_without_series>
<link><![CDATA[https://www.goodreads.com/book/show/218169.Hope_in_Hell]]></link>
<small_image_url><![CDATA[https://s.gr-assets.com/assets/nophoto/book/50x75-a91bf249278a81aabab721ef782c4a74.png]]></small_image_url>
<image_url><![CDATA[https://s.gr-assets.com/assets/nophoto/book/111x148-bcc042a9c91a29c1d680899eff700a03.png]]></image_url>
<num_pages>304</num_pages>
<work>
<id>838707</id>
</work>
<isbn>1554071429</isbn>
<isbn13>9781554071425</isbn13>
<average_rating>3.99</average_rating>
<ratings_count>863</ratings_count>
<publication_year>2006</publication_year>
<publication_month>9</publication_month>
<publication_day>12</publication_day>
<authors>
<author>
<id>127772</id>
<name>Dan Bortolotti</name>
<link><![CDATA[https://www.goodreads.com/author/show/127772.Dan_Bortolotti]]></link>
</author>
</authors>
</book>

          <book>
<id>4477</id>
<title><![CDATA[Complications: A Surgeon's Notes on an Imperfect Science]]></title>
<title_without_series><![CDATA[Complications: A Surgeon's Notes on an Imperfect Science]]></title_without_series>
<link><![CDATA[https://www.goodreads.com/book/show/4477.Complications]]></link>
<small_image_url><![CDATA[https://s.gr-assets.com/assets/nophoto/book/50x75-a91bf249278a81aabab721ef782c4a74.png]]></small_image_url>
<image_url><![CDATA[https://s.gr-assets.com/assets/nophoto/book/111x148-bcc042a9c91a29c1d680899eff700a03.png]]></image_url>
<num_pages>270</num_pages>
<work>
<id>2710546</id>
</work>
<isbn>0312421702</isbn>
<isbn13>9780312421700</isbn13>
<average_rating>4.23</average_rating>
<ratings_count>27929</ratings_count>
<publication_year></publication_year>
<publication_month></publication_month>
<publication_day></publication_day>
<authors>
<author>
<id>3078</id>
<name>Atul Gawande</name>
<link><![CDATA[https://www.goodreads.com/author/show/3078.Atul_Gawande]]></link>
</author>
</authors>
</book>

          <book>
<id>22126</id>
<title><![CDATA[Betrayal of Trust: The Collapse of Global Public Health]]></title>
<title_without_series><![CDATA[Betrayal of Trust: The Collapse of Global Public Health]]></title_without_series>
<link><![CDATA[https://www.goodreads.com/book/show/22126.Betrayal_of_Trust]]></link>
<small_image_url><![CDATA[https://s.gr-assets.com/assets/nophoto/book/50x75-a91bf249278a81aabab721ef782c4a74.png]]></small_image_url>
<image_url><![CDATA[https://s.gr-assets.com/assets/nophoto/book/111x148-bcc042a9c91a29c1d680899eff700a03.png]]></image_url>
<num_pages></num_pages>
<work>
<id>23189</id>
</work>
<isbn>0786884401</isbn>
<isbn13>9780786884407</isbn13>
<average_rating>4.10</average_rating>
<ratings_count>1037</ratings_count>
<publication_year></publication_year>
<publication_month></publication_month>
<publication_day></publication_day>
<authors>
<author>
<id>12627</id>
<name>Laurie Garrett</name>
<link><![CDATA[https://www.goodreads.com/author/show/12627.Laurie_Garrett]]></link>
</author>
</authors>
</book>

          <book>
<id>185897</id>
<title>How Doctors Think</title>
<title_without_series>How Doctors Think</title_without_series>
<link><![CDATA[https://www.goodreads.com/book/show/185897.How_Doctors_Think]]></link>
<small_image_url><![CDATA[https://s.gr-assets.com/assets/nophoto/book/50x75-a91bf249278a81aabab721ef782c4a74.png]]></small_image_url>
<image_url><![CDATA[https://s.gr-assets.com/assets/nophoto/book/111x148-bcc042a9c91a29c1d680899eff700a03.png]]></image_url>
<num_pages>320</num_pages>
<work>
<id>2057949</id>
</work>
<isbn>0618610030</isbn>
<isbn13>9780618610037</isbn13>
<average_rating>3.88</average_rating>
<ratings_count>8986</ratings_count>
<publication_year>2007</publication_year>
<publication_month>3</publication_month>
<publication_day>19</publication_day>
<authors>
<author>
<id>108325</id>
<name>Jerome Groopman</name>
<link><![CDATA[https://www.goodreads.com/author/show/108325.Jerome_Groopman]]></link>
</author>
</authors>
</book>

          <book>
<id>5969770</id>
<title><![CDATA[The Blue Sweater: Bridging the Gap Between Rich and Poor in an Interconnected World]]></title>
<title_without_series><![CDATA[The Blue Sweater: Bridging the Gap Between Rich and Poor in an Interconnected World]]></title_without_series>
<link><![CDATA[https://www.goodreads.com/book/show/5969770-the-blue-sweater]]></link>
<small_image_url><![CDATA[https://images.gr-assets.com/books/1312057709s/5969770.jpg]]></small_image_url>
<image_url><![CDATA[https://images.gr-assets.com/books/1312057709m/5969770.jpg]]></image_url>
<num_pages>304</num_pages>
<work>
<id>6142790</id>
</work>
<isbn>1594869154</isbn>
<isbn13>9781594869150</isbn13>
<average_rating>3.95</average_rating>
<ratings_count>4857</ratings_count>
<publication_year>2009</publication_year>
<publication_month>3</publication_month>
<publication_day>3</publication_day>
<authors>
<author>
<id>2736354</id>
<name>Jacqueline Novogratz</name>
<link><![CDATA[https://www.goodreads.com/author/show/2736354.Jacqueline_Novogratz]]></link>
</author>
</authors>
</book>

          <book>
<id>2690622</id>
<title><![CDATA[Out of Poverty: What Works When Traditional Approaches Fail]]></title>
<title_without_series><![CDATA[Out of Poverty: What Works When Traditional Approaches Fail]]></title_without_series>
<link><![CDATA[https://www.goodreads.com/book/show/2690622-out-of-poverty]]></link>
<small_image_url><![CDATA[https://images.gr-assets.com/books/1328747528s/2690622.jpg]]></small_image_url>
<image_url><![CDATA[https://images.gr-assets.com/books/1328747528m/2690622.jpg]]></image_url>
<num_pages>232</num_pages>
<work>
<id>2715948</id>
</work>
<isbn>1576754499</isbn>
<isbn13>9781576754498</isbn13>
<average_rating>3.86</average_rating>
<ratings_count>455</ratings_count>
<publication_year>2008</publication_year>
<publication_month>2</publication_month>
<publication_day>1</publication_day>
<authors>
<author>
<id>1180604</id>
<name>Paul Polak</name>
<link><![CDATA[https://www.goodreads.com/author/show/1180604.Paul_Polak]]></link>
</author>
</authors>
</book>

          <book>
<id>142863</id>
<title><![CDATA[The Social Transformation of American Medicine: The Rise of a Sovereign Profession and the Making of a Vast Industry]]></title>
<title_without_series><![CDATA[The Social Transformation of American Medicine: The Rise of a Sovereign Profession and the Making of a Vast Industry]]></title_without_series>
<link><![CDATA[https://www.goodreads.com/book/show/142863.The_Social_Transformation_of_American_Medicine]]></link>
<small_image_url><![CDATA[https://images.gr-assets.com/books/1327652511s/142863.jpg]]></small_image_url>
<image_url><![CDATA[https://images.gr-assets.com/books/1327652511m/142863.jpg]]></image_url>
<num_pages></num_pages>
<work>
<id>137809</id>
</work>
<isbn>0465079350</isbn>
<isbn13>9780465079353</isbn13>
<average_rating>4.05</average_rating>
<ratings_count>719</ratings_count>
<publication_year></publication_year>
<publication_month></publication_month>
<publication_day></publication_day>
<authors>
<author>
<id>82526</id>
<name>Paul Starr</name>
<link><![CDATA[https://www.goodreads.com/author/show/82526.Paul_Starr]]></link>
</author>
</authors>
</book>

          <book>
<id>247204</id>
<title><![CDATA[Creating a World Without Poverty: Social Business and the Future of Capitalism]]></title>
<title_without_series><![CDATA[Creating a World Without Poverty: Social Business and the Future of Capitalism]]></title_without_series>
<link><![CDATA[https://www.goodreads.com/book/show/247204.Creating_a_World_Without_Poverty]]></link>
<small_image_url><![CDATA[https://s.gr-assets.com/assets/nophoto/book/50x75-a91bf249278a81aabab721ef782c4a74.png]]></small_image_url>
<image_url><![CDATA[https://s.gr-assets.com/assets/nophoto/book/111x148-bcc042a9c91a29c1d680899eff700a03.png]]></image_url>
<num_pages></num_pages>
<work>
<id>1554281</id>
</work>
<isbn>1586484931</isbn>
<isbn13>9781586484934</isbn13>
<average_rating>3.93</average_rating>
<ratings_count>2441</ratings_count>
<publication_year></publication_year>
<publication_month></publication_month>
<publication_day></publication_day>
<authors>
<author>
<id>1254841</id>
<name>Muhammad Yunus</name>
<link><![CDATA[https://www.goodreads.com/author/show/1254841.Muhammad_Yunus]]></link>
</author>
</authors>
</book>

          <book>
<id>2602190</id>
<title><![CDATA[The Wisdom of Whores: Bureaucrats, Brothels, and the Business of AIDS]]></title>
<title_without_series><![CDATA[The Wisdom of Whores: Bureaucrats, Brothels, and the Business of AIDS]]></title_without_series>
<link><![CDATA[https://www.goodreads.com/book/show/2602190-the-wisdom-of-whores]]></link>
<small_image_url><![CDATA[https://s.gr-assets.com/assets/nophoto/book/50x75-a91bf249278a81aabab721ef782c4a74.png]]></small_image_url>
<image_url><![CDATA[https://s.gr-assets.com/assets/nophoto/book/111x148-bcc042a9c91a29c1d680899eff700a03.png]]></image_url>
<num_pages>400</num_pages>
<work>
<id>2626827</id>
</work>
<isbn>0393066622</isbn>
<isbn13>9780393066623</isbn13>
<average_rating>4.11</average_rating>
<ratings_count>2163</ratings_count>
<publication_year>2008</publication_year>
<publication_month>6</publication_month>
<publication_day>17</publication_day>
<authors>
<author>
<id>1148767</id>
<name>Elizabeth Pisani</name>
<link><![CDATA[https://www.goodreads.com/author/show/1148767.Elizabeth_Pisani]]></link>
</author>
</authors>
</book>

          <book>
<id>161121</id>
<title><![CDATA[My Own Country: A Doctor's Story]]></title>
<title_without_series><![CDATA[My Own Country: A Doctor's Story]]></title_without_series>
<link><![CDATA[https://www.goodreads.com/book/show/161121.My_Own_Country]]></link>
<small_image_url><![CDATA[https://images.gr-assets.com/books/1320496622s/161121.jpg]]></small_image_url>
<image_url><![CDATA[https://images.gr-assets.com/books/1320496622m/161121.jpg]]></image_url>
<num_pages>432</num_pages>
<work>
<id>155505</id>
</work>
<isbn>0679752927</isbn>
<isbn13>9780679752929</isbn13>
<average_rating>4.18</average_rating>
<ratings_count>8114</ratings_count>
<publication_year></publication_year>
<publication_month></publication_month>
<publication_day></publication_day>
<authors>
<author>
<id>93353</id>
<name>Abraham Verghese</name>
<link><![CDATA[https://www.goodreads.com/author/show/93353.Abraham_Verghese]]></link>
</author>
</authors>
</book>

          <book>
<id>6402544</id>
<title><![CDATA[The Healing of America: A Global Quest for Better, Cheaper, and Fairer Health Care]]></title>
<title_without_series><![CDATA[The Healing of America: A Global Quest for Better, Cheaper, and Fairer Health Care]]></title_without_series>
<link><![CDATA[https://www.goodreads.com/book/show/6402544-the-healing-of-america]]></link>
<small_image_url><![CDATA[https://s.gr-assets.com/assets/nophoto/book/50x75-a91bf249278a81aabab721ef782c4a74.png]]></small_image_url>
<image_url><![CDATA[https://s.gr-assets.com/assets/nophoto/book/111x148-bcc042a9c91a29c1d680899eff700a03.png]]></image_url>
<num_pages>277</num_pages>
<work>
<id>6591343</id>
</work>
<isbn>1594202346</isbn>
<isbn13>9781594202346</isbn13>
<average_rating>4.21</average_rating>
<ratings_count>4496</ratings_count>
<publication_year></publication_year>
<publication_month></publication_month>
<publication_day></publication_day>
<authors>
<author>
<id>15325</id>
<name>T.R. Reid</name>
<link><![CDATA[https://www.goodreads.com/author/show/15325.T_R_Reid]]></link>
</author>
</authors>
</book>

          <book>
<id>198920</id>
<title>Race Against Time</title>
<title_without_series>Race Against Time</title_without_series>
<link><![CDATA[https://www.goodreads.com/book/show/198920.Race_Against_Time]]></link>
<small_image_url><![CDATA[https://images.gr-assets.com/books/1326845743s/198920.jpg]]></small_image_url>
<image_url><![CDATA[https://images.gr-assets.com/books/1326845743m/198920.jpg]]></image_url>
<num_pages>224</num_pages>
<work>
<id>192430</id>
</work>
<isbn>0887847536</isbn>
<isbn13>9780887847530</isbn13>
<average_rating>4.10</average_rating>
<ratings_count>1001</ratings_count>
<publication_year>2006</publication_year>
<publication_month>6</publication_month>
<publication_day>1</publication_day>
<authors>
<author>
<id>6534604</id>
<name>Stephen    Lewis</name>
<link><![CDATA[https://www.goodreads.com/author/show/6534604.Stephen_Lewis]]></link>
</author>
</authors>
</book>

  </similar_books>
</book>

</GoodreadsResponse>