<?xml version="1.0" encoding="UTF-8"?>
<GoodreadsResponse>
  <Request>
    <authentication>true</authentication>
      <key><![CDATA[all_men_must_serve]]></key>
    <method><![CDATA[book_show]]></method>
  </Request>
  <book>
  <id>102458</id>
  <title><![CDATA[Hellboy, Vol. 1: Seed of Destruction (Hellboy, #1)]]></title>
  <isbn><![CDATA[1593070942]]></isbn>
  <isbn13><![CDATA[9781593070946]]></isbn13>
  <asin><![CDATA[]]></asin>
  <kindle_asin><![CDATA[B01661DYGI]]></kindle_asin>
  <marketplace_id><![CDATA[A1F83G8C2ARO7P]]></marketplace_id>
  <country_code><![CDATA[GB]]></country_code>
  <image_url>https://images.gr-assets.com/books/1486039246m/102458.jpg</image_url>
  <small_image_url>https://images.gr-assets.com/books/1486039246s/102458.jpg</small_image_url>
  <publication_year></publication_year>
  <publication_month></publication_month>
  <publication_day></publication_day>
  <publisher>Dark Horse </publisher>
  <language_code>eng</language_code>
  <is_ebook>false</is_ebook>
  <description><![CDATA[<i>Hellboy</i> is one of the most celebrated comics series in recent years. The ultimate artists' artist and a great storyteller whose work is in turns haunting, hilarious, and spellbinding, Mike Mignola has won numerous awards in the comics industry and beyond. When strangeness threatens to engulf the world, a strange man will come to save it. Sent to investigate a mystery with supernatural overtones, Hellboy discovers the secrets of his own origins, and his link to the Nazi occultists who promised Hitler a final solution in the form of a demonic avatar.]]></description>
  <work>
  <id type="integer">98784</id>
  <books_count type="integer">39</books_count>
  <best_book_id type="integer">102458</best_book_id>
  <reviews_count type="integer">83693</reviews_count>
  <ratings_sum type="integer">202052</ratings_sum>
  <ratings_count type="integer">49098</ratings_count>
  <text_reviews_count type="integer">622</text_reviews_count>
  <original_publication_year type="integer">1994</original_publication_year>
  <original_publication_month type="integer" nil="true"/>
  <original_publication_day type="integer" nil="true"/>
  <original_title>Hellboy: Seed of Destruction</original_title>
  <original_language_id type="integer" nil="true"/>
  <media_type>book</media_type>
  <rating_dist>5:21108|4:16463|3:8621|2:1891|1:1015|total:49098</rating_dist>
  <desc_user_id type="integer">3373829</desc_user_id>
  <default_chaptering_book_id type="integer" nil="true"/>
  <default_description_language_code nil="true"/>
</work>
  <average_rating>4.12</average_rating>
  <num_pages><![CDATA[]]></num_pages>
  <format><![CDATA[]]></format>
  <edition_information><![CDATA[]]></edition_information>
  <ratings_count><![CDATA[48526]]></ratings_count>
  <text_reviews_count><![CDATA[574]]></text_reviews_count>
  <url><![CDATA[https://www.goodreads.com/book/show/102458.Hellboy_Vol_1]]></url>
  <link><![CDATA[https://www.goodreads.com/book/show/102458.Hellboy_Vol_1]]></link>
  <authors>
<author>
<id>10182</id>
<name>Mike Mignola</name>
<role></role>
<image_url nophoto='false'>
<![CDATA[https://images.gr-assets.com/authors/1344350234p5/10182.jpg]]>
</image_url>
<small_image_url nophoto='false'>
<![CDATA[https://images.gr-assets.com/authors/1344350234p2/10182.jpg]]>
</small_image_url>
<link><![CDATA[https://www.goodreads.com/author/show/10182.Mike_Mignola]]></link>
<average_rating>4.12</average_rating>
<ratings_count>242583</ratings_count>
<text_reviews_count>9721</text_reviews_count>
</author>
<author>
<id>15083</id>
<name>John Byrne</name>
<role></role>
<image_url nophoto='false'>
<![CDATA[https://images.gr-assets.com/authors/1270670409p5/15083.jpg]]>
</image_url>
<small_image_url nophoto='false'>
<![CDATA[https://images.gr-assets.com/authors/1270670409p2/15083.jpg]]>
</small_image_url>
<link><![CDATA[https://www.goodreads.com/author/show/15083.John_Byrne]]></link>
<average_rating>4.04</average_rating>
<ratings_count>118840</ratings_count>
<text_reviews_count>4605</text_reviews_count>
</author>
</authors>

    <reviews_widget>
      <![CDATA[
        <style>
  #goodreads-widget {
    font-family: georgia, serif;
    padding: 18px 0;
    width:565px;
  }
  #goodreads-widget h1 {
    font-weight:normal;
    font-size: 16px;
    border-bottom: 1px solid #BBB596;
    margin-bottom: 0;
  }
  #goodreads-widget a {
    text-decoration: none;
    color:#660;
  }
  iframe{
    background-color: #fff;
  }
  #goodreads-widget a:hover { text-decoration: underline; }
  #goodreads-widget a:active {
    color:#660;
  }
  #gr_footer {
    width: 100%;
    border-top: 1px solid #BBB596;
    text-align: right;
  }
  #goodreads-widget .gr_branding{
    color: #382110;
    font-size: 11px;
    text-decoration: none;
    font-family: "Helvetica Neue", Helvetica, Arial, sans-serif;
  }
</style>
<div id="goodreads-widget">
  <div id="gr_header"><h1><a rel="nofollow" href="https://www.goodreads.com/book/show/102458.Hellboy_Vol_1">Hellboy, Vol. 1 Reviews</a></h1></div>
  <iframe id="the_iframe" src="https://www.goodreads.com/api/reviews_widget_iframe?did=DEVELOPER_ID&amp;format=html&amp;isbn=1593070942&amp;links=660&amp;min_rating=&amp;review_back=fff&amp;stars=000&amp;text=000" width="565" height="400" frameborder="0"></iframe>
  <div id="gr_footer">
    <a class="gr_branding" target="_blank" rel="nofollow" href="https://www.goodreads.com/book/show/102458.Hellboy_Vol_1?utm_medium=api&amp;utm_source=reviews_widget">Reviews from Goodreads.com</a>
  </div>
</div>

      ]]>
    </reviews_widget>
  <popular_shelves>
      <shelf name="to-read" count="34593"/>
      <shelf name="comics" count="1019"/>
      <shelf name="graphic-novels" count="956"/>
      <shelf name="graphic-novel" count="341"/>
      <shelf name="fantasy" count="303"/>
      <shelf name="horror" count="292"/>
      <shelf name="còmics" count="167"/>
      <shelf name="cómics" count="167"/>
      <shelf name="currently-reading" count="154"/>
      <shelf name="favorites" count="132"/>
      <shelf name="fiction" count="129"/>
      <shelf name="comics-graphic-novels" count="115"/>
      <shelf name="comic-books" count="113"/>
      <shelf name="comic" count="77"/>
      <shelf name="owned" count="74"/>
      <shelf name="hellboy" count="65"/>
      <shelf name="dark-horse" count="55"/>
      <shelf name="graphic-novels-comics" count="54"/>
      <shelf name="supernatural" count="50"/>
      <shelf name="comics-and-graphic-novels" count="50"/>
      <shelf name="cómic" count="42"/>
      <shelf name="paranormal" count="42"/>
      <shelf name="superheroes" count="42"/>
      <shelf name="graphic" count="42"/>
      <shelf name="graphic-novels-and-comics" count="34"/>
      <shelf name="comics-read" count="28"/>
      <shelf name="comix" count="28"/>
      <shelf name="sci-fi" count="28"/>
      <shelf name="urban-fantasy" count="26"/>
      <shelf name="books-i-own" count="25"/>
      <shelf name="science-fiction" count="25"/>
      <shelf name="series" count="23"/>
      <shelf name="library" count="22"/>
      <shelf name="comics-to-read" count="21"/>
      <shelf name="read-comics" count="20"/>
      <shelf name="adventure" count="20"/>
      <shelf name="dark-horse-comics" count="18"/>
      <shelf name="mike-mignola" count="18"/>
      <shelf name="to-read-comics" count="18"/>
      <shelf name="to-buy" count="18"/>
      <shelf name="comics-manga" count="18"/>
      <shelf name="comic-graphic-novel" count="18"/>
      <shelf name="comic-book" count="18"/>
      <shelf name="owned-books" count="16"/>
      <shelf name="mystery" count="15"/>
      <shelf name="sequential-art" count="15"/>
      <shelf name="superhero" count="15"/>
      <shelf name="mythology" count="15"/>
      <shelf name="default" count="14"/>
      <shelf name="to-read-graphic-novels" count="14"/>
      <shelf name="dark-fantasy" count="14"/>
      <shelf name="graphicnovels" count="13"/>
      <shelf name="graphic-novel-comic" count="12"/>
      <shelf name="graphic-novels-to-read" count="12"/>
      <shelf name="favourites" count="12"/>
      <shelf name="manga" count="12"/>
      <shelf name="comic-books-graphic-novels" count="12"/>
      <shelf name="ebook" count="12"/>
      <shelf name="mignolaverse" count="11"/>
      <shelf name="american" count="11"/>
      <shelf name="graphic-novels-read" count="11"/>
      <shelf name="mignola" count="10"/>
      <shelf name="comics-and-manga" count="10"/>
      <shelf name="read-in-2015" count="9"/>
      <shelf name="1990s" count="9"/>
      <shelf name="lovecraftian" count="9"/>
      <shelf name="action" count="9"/>
      <shelf name="steampunk" count="9"/>
      <shelf name="thriller" count="8"/>
      <shelf name="graphic-novels-manga" count="8"/>
      <shelf name="wish-list" count="8"/>
      <shelf name="read-in-english" count="8"/>
      <shelf name="demons" count="8"/>
      <shelf name="dark" count="8"/>
      <shelf name="occult" count="8"/>
      <shelf name="comicbooks" count="8"/>
      <shelf name="read-in-2017" count="7"/>
      <shelf name="read-2016" count="7"/>
      <shelf name="read-2014" count="7"/>
      <shelf name="read-in-2014" count="7"/>
      <shelf name="own-it" count="7"/>
      <shelf name="pulp" count="7"/>
      <shelf name="my-books" count="7"/>
      <shelf name="favorite-comics" count="7"/>
      <shelf name="gothic" count="7"/>
      <shelf name="humor" count="7"/>
      <shelf name="read-in-2016" count="6"/>
      <shelf name="comics-graphic-novels-manga" count="6"/>
      <shelf name="kindle" count="6"/>
      <shelf name="horror-comics" count="6"/>
      <shelf name="comics-i-own" count="6"/>
      <shelf name="usa" count="6"/>
      <shelf name="read-in-2013" count="6"/>
      <shelf name="sci-fi-fantasy" count="6"/>
      <shelf name="scifi" count="6"/>
      <shelf name="digital" count="6"/>
      <shelf name="fumetti" count="6"/>
      <shelf name="owned-comics" count="6"/>
      <shelf name="20th-century" count="6"/>
      <shelf name="graphics" count="6"/>
  </popular_shelves>
  <book_links>
    <book_link>
  <id>8</id>
  <name>Libraries</name>
  <link>https://www.goodreads.com/book_link/follow/8</link>
</book_link>

  </book_links>
  <buy_links>
    <buy_link>
<id>1</id>
<name>Amazon</name>
<link>https://www.goodreads.com/book_link/follow/1</link>
</buy_link>
<buy_link>
<id>10</id>
<name>Audible</name>
<link>https://www.goodreads.com/book_link/follow/10</link>
</buy_link>
<buy_link>
<id>3</id>
<name>Barnes &amp; Noble</name>
<link>https://www.goodreads.com/book_link/follow/3</link>
</buy_link>
<buy_link>
<id>1027</id>
<name>Kobo</name>
<link>https://www.goodreads.com/book_link/follow/1027</link>
</buy_link>
<buy_link>
<id>2102</id>
<name>Apple iBooks</name>
<link>https://www.goodreads.com/book_link/follow/2102</link>
</buy_link>
<buy_link>
<id>8036</id>
<name>Google Play</name>
<link>https://www.goodreads.com/book_link/follow/8036</link>
</buy_link>
<buy_link>
<id>4</id>
<name>Abebooks</name>
<link>https://www.goodreads.com/book_link/follow/4</link>
</buy_link>
<buy_link>
<id>882</id>
<name>Book Depository</name>
<link>https://www.goodreads.com/book_link/follow/882</link>
</buy_link>
<buy_link>
<id>9</id>
<name>Indigo</name>
<link>https://www.goodreads.com/book_link/follow/9</link>
</buy_link>
<buy_link>
<id>2</id>
<name>Half.com</name>
<link>https://www.goodreads.com/book_link/follow/2</link>
</buy_link>
<buy_link>
<id>5</id>
<name>Alibris</name>
<link>https://www.goodreads.com/book_link/follow/5</link>
</buy_link>
<buy_link>
<id>107</id>
<name>Better World Books</name>
<link>https://www.goodreads.com/book_link/follow/107</link>
</buy_link>
<buy_link>
<id>7</id>
<name>IndieBound</name>
<link>https://www.goodreads.com/book_link/follow/7</link>
</buy_link>

  </buy_links>
  <series_works>
    <series_work>
<id>221337</id>
<user_position>1</user_position>
<series>
<id>55300</id>
<title>
<![CDATA[
    Hellboy
]]>
</title>
<description>
<![CDATA[
    This series collects the original series of comics starring Hellboy. It is numbered here according to the English publications by Dark Horse; in translation it is sometimes numbered differently.
    
    Companion series:
    * <a href="http://www.goodreads.com/series/55302-mike-mignola-s-hellboy-weird-tales">Hellboy: Weird Tales</a>
    * <a href="http://www.goodreads.com/series/55298-b-p-r-d">B.P.R.D.</a>
    * <a href="http://www.goodreads.com/series/66272-b-p-r-d-hell-on-earth">B.P.R.D.: Hell on Earth</a>
    * <a href="http://www.goodreads.com/series/74143-abe-sapien">Abe Sapien</a>
    * <a href="http://www.goodreads.com/series/55304-lobster-johnson">Lobster Johnson</a>
    * <a href="http://www.goodreads.com/series/66275-witchfinder">Witchfinder</a>
    * <a href="https://www.goodreads.com/series/126083-hellboy-in-hell">Hellboy in Hell</a> (sequel)
    
    Tie-ins:
    * <a href="http://www.goodreads.com/series/55307-hellboy-novels">Hellboy Novels</a>
    * <a href="http://www.goodreads.com/series/55308-hellboy-odd-jobs">Hellboy: Odd Jobs</a> (short stories)
    
    Adaptations:
    * <a href="http://www.goodreads.com/series/55305-hellboy-animated">Hellboy Animated</a>
]]>
</description>
<note>
<![CDATA[
]]>
</note>
<series_works_count>56</series_works_count>
<primary_work_count>22</primary_work_count>
<numbered>true</numbered>
</series>

</series_work>
<series_work>
<id>694759</id>
<user_position>1</user_position>
<series>
<id>138582</id>
<title>
<![CDATA[
    Hellboy: Edición rústica
]]>
</title>
<description>
<![CDATA[
    Ediciones españolas de Hellboy en tapa blanda. Algunos tomos son más cortos que los recopilados en cartoné.
]]>
</description>
<note>
<![CDATA[
]]>
</note>
<series_works_count>18</series_works_count>
<primary_work_count>18</primary_work_count>
<numbered>true</numbered>
</series>

</series_work>
<series_work>
<id>699684</id>
<user_position>1</user_position>
<series>
<id>139363</id>
<title>
<![CDATA[
    Hellboy: Edición cartoné
]]>
</title>
<description>
<![CDATA[
    Ediciones españolas de Hellboy en tapa dura. La mayoría de los tomos coincide con la edición original en su contenido, pero no en la numeración.
]]>
</description>
<note>
<![CDATA[
    http://www.normaeditorial.com/catalogo/S/180/1/hellboy-carton%C3%A9/
]]>
</note>
<series_works_count>17</series_works_count>
<primary_work_count>17</primary_work_count>
<numbered>true</numbered>
</series>

</series_work>

  </series_works>
  <similar_books>
          <book>
<id>133017</id>
<title>Hellblazer: Original Sins</title>
<title_without_series>Hellblazer: Original Sins</title_without_series>
<link><![CDATA[https://www.goodreads.com/book/show/133017.Hellblazer]]></link>
<small_image_url><![CDATA[https://s.gr-assets.com/assets/nophoto/book/50x75-a91bf249278a81aabab721ef782c4a74.png]]></small_image_url>
<image_url><![CDATA[https://s.gr-assets.com/assets/nophoto/book/111x148-bcc042a9c91a29c1d680899eff700a03.png]]></image_url>
<num_pages>256</num_pages>
<work>
<id>128139</id>
</work>
<isbn>1563890526</isbn>
<isbn13>9781563890529</isbn13>
<average_rating>4.10</average_rating>
<ratings_count>12996</ratings_count>
<publication_year>1997</publication_year>
<publication_month>10</publication_month>
<publication_day>1</publication_day>
<authors>
<author>
<id>6153795</id>
<name>Jamie Delano</name>
<link><![CDATA[https://www.goodreads.com/author/show/6153795.Jamie_Delano]]></link>
</author>
</authors>
</book>

          <book>
<id>690289</id>
<title><![CDATA[The Goon, Volume 1: Nothin' but Misery]]></title>
<title_without_series><![CDATA[The Goon, Volume 1: Nothin' but Misery]]></title_without_series>
<link><![CDATA[https://www.goodreads.com/book/show/690289.The_Goon_Volume_1]]></link>
<small_image_url><![CDATA[https://s.gr-assets.com/assets/nophoto/book/50x75-a91bf249278a81aabab721ef782c4a74.png]]></small_image_url>
<image_url><![CDATA[https://s.gr-assets.com/assets/nophoto/book/111x148-bcc042a9c91a29c1d680899eff700a03.png]]></image_url>
<num_pages>160</num_pages>
<work>
<id>676636</id>
</work>
<isbn>1569719985</isbn>
<isbn13>9781569719985</isbn13>
<average_rating>4.14</average_rating>
<ratings_count>2834</ratings_count>
<publication_year>2003</publication_year>
<publication_month>10</publication_month>
<publication_day>20</publication_day>
<authors>
<author>
<id>66497</id>
<name>Eric Powell</name>
<link><![CDATA[https://www.goodreads.com/author/show/66497.Eric_Powell]]></link>
</author>
</authors>
</book>

          <book>
<id>33486</id>
<title><![CDATA[Conan, Vol. 1: The Frost Giant's Daughter and Other Stories]]></title>
<title_without_series><![CDATA[Conan, Vol. 1: The Frost Giant's Daughter and Other Stories]]></title_without_series>
<link><![CDATA[https://www.goodreads.com/book/show/33486.Conan_Vol_1]]></link>
<small_image_url><![CDATA[https://images.gr-assets.com/books/1403201365s/33486.jpg]]></small_image_url>
<image_url><![CDATA[https://images.gr-assets.com/books/1403201365m/33486.jpg]]></image_url>
<num_pages>192</num_pages>
<work>
<id>346944</id>
</work>
<isbn>1593073011</isbn>
<isbn13>9781593073015</isbn13>
<average_rating>4.19</average_rating>
<ratings_count>2326</ratings_count>
<publication_year>2005</publication_year>
<publication_month>4</publication_month>
<publication_day>12</publication_day>
<authors>
<author>
<id>7338</id>
<name>Kurt Busiek</name>
<link><![CDATA[https://www.goodreads.com/author/show/7338.Kurt_Busiek]]></link>
</author>
</authors>
</book>

          <book>
<id>209968</id>
<title><![CDATA[Planetary, Volume 2: The Fourth Man]]></title>
<title_without_series><![CDATA[Planetary, Volume 2: The Fourth Man]]></title_without_series>
<link><![CDATA[https://www.goodreads.com/book/show/209968.Planetary_Volume_2]]></link>
<small_image_url><![CDATA[https://s.gr-assets.com/assets/nophoto/book/50x75-a91bf249278a81aabab721ef782c4a74.png]]></small_image_url>
<image_url><![CDATA[https://s.gr-assets.com/assets/nophoto/book/111x148-bcc042a9c91a29c1d680899eff700a03.png]]></image_url>
<num_pages>144</num_pages>
<work>
<id>891589</id>
</work>
<isbn>1563897644</isbn>
<isbn13>9781563897641</isbn13>
<average_rating>4.37</average_rating>
<ratings_count>8887</ratings_count>
<publication_year>2001</publication_year>
<publication_month>12</publication_month>
<publication_day>1</publication_day>
<authors>
<author>
<id>12772</id>
<name>Warren Ellis</name>
<link><![CDATA[https://www.goodreads.com/author/show/12772.Warren_Ellis]]></link>
</author>
</authors>
</book>

          <book>
<id>109244</id>
<title><![CDATA[Swamp Thing, Vol. 2: Love and Death]]></title>
<title_without_series><![CDATA[Swamp Thing, Vol. 2: Love and Death]]></title_without_series>
<link><![CDATA[https://www.goodreads.com/book/show/109244.Swamp_Thing_Vol_2]]></link>
<small_image_url><![CDATA[https://images.gr-assets.com/books/1327913422s/109244.jpg]]></small_image_url>
<image_url><![CDATA[https://images.gr-assets.com/books/1327913422m/109244.jpg]]></image_url>
<num_pages>207</num_pages>
<work>
<id>6191081</id>
</work>
<isbn>0930289544</isbn>
<isbn13>9780930289546</isbn13>
<average_rating>4.37</average_rating>
<ratings_count>6982</ratings_count>
<publication_year>1995</publication_year>
<publication_month>4</publication_month>
<publication_day>1</publication_day>
<authors>
<author>
<id>3961</id>
<name>Alan Moore</name>
<link><![CDATA[https://www.goodreads.com/author/show/3961.Alan_Moore]]></link>
</author>
</authors>
</book>

          <book>
<id>592431</id>
<title>Hellboy: Odder Jobs</title>
<title_without_series>Hellboy: Odder Jobs</title_without_series>
<link><![CDATA[https://www.goodreads.com/book/show/592431.Hellboy]]></link>
<small_image_url><![CDATA[https://images.gr-assets.com/books/1403205575s/592431.jpg]]></small_image_url>
<image_url><![CDATA[https://images.gr-assets.com/books/1403205575m/592431.jpg]]></image_url>
<num_pages>248</num_pages>
<work>
<id>579170</id>
</work>
<isbn>1593072260</isbn>
<isbn13>9781593072261</isbn13>
<average_rating>4.30</average_rating>
<ratings_count>2338</ratings_count>
<publication_year>2004</publication_year>
<publication_month>10</publication_month>
<publication_day>5</publication_day>
<authors>
<author>
<id>4522</id>
<name>Christopher Golden</name>
<link><![CDATA[https://www.goodreads.com/author/show/4522.Christopher_Golden]]></link>
</author>
</authors>
</book>

          <book>
<id>3474928</id>
<title><![CDATA[Atomic Robo and the Fightin' Scientists of Tesladyne (Atomic Robo, #1)]]></title>
<title_without_series><![CDATA[Atomic Robo and the Fightin' Scientists of Tesladyne]]></title_without_series>
<link><![CDATA[https://www.goodreads.com/book/show/3474928-atomic-robo-and-the-fightin-scientists-of-tesladyne]]></link>
<small_image_url><![CDATA[https://s.gr-assets.com/assets/nophoto/book/50x75-a91bf249278a81aabab721ef782c4a74.png]]></small_image_url>
<image_url><![CDATA[https://s.gr-assets.com/assets/nophoto/book/111x148-bcc042a9c91a29c1d680899eff700a03.png]]></image_url>
<num_pages>180</num_pages>
<work>
<id>3516246</id>
</work>
<isbn>0980930200</isbn>
<isbn13>9780980930207</isbn13>
<average_rating>4.14</average_rating>
<ratings_count>2508</ratings_count>
<publication_year>2009</publication_year>
<publication_month>12</publication_month>
<publication_day>22</publication_day>
<authors>
<author>
<id>510757</id>
<name>Brian Clevinger</name>
<link><![CDATA[https://www.goodreads.com/author/show/510757.Brian_Clevinger]]></link>
</author>
</authors>
</book>

          <book>
<id>102236</id>
<title><![CDATA[Fritz Leiber's Fafhrd and the Gray Mouser]]></title>
<title_without_series><![CDATA[Fritz Leiber's Fafhrd and the Gray Mouser]]></title_without_series>
<link><![CDATA[https://www.goodreads.com/book/show/102236.Fritz_Leiber_s_Fafhrd_and_the_Gray_Mouser]]></link>
<small_image_url><![CDATA[https://images.gr-assets.com/books/1403201266s/102236.jpg]]></small_image_url>
<image_url><![CDATA[https://images.gr-assets.com/books/1403201266m/102236.jpg]]></image_url>
<num_pages>216</num_pages>
<work>
<id>98575</id>
</work>
<isbn>1593077130</isbn>
<isbn13>9781593077136</isbn13>
<average_rating>4.10</average_rating>
<ratings_count>1969</ratings_count>
<publication_year>2007</publication_year>
<publication_month>3</publication_month>
<publication_day>27</publication_day>
<authors>
<author>
<id>2718</id>
<name>Howard Chaykin</name>
<link><![CDATA[https://www.goodreads.com/author/show/2718.Howard_Chaykin]]></link>
</author>
</authors>
</book>

          <book>
<id>9359546</id>
<title><![CDATA[The Sixth Gun, Vol. 1: Cold Dead Fingers (The Sixth Gun, #1)]]></title>
<title_without_series><![CDATA[The Sixth Gun, Vol. 1: Cold Dead Fingers]]></title_without_series>
<link><![CDATA[https://www.goodreads.com/book/show/9359546-the-sixth-gun-vol-1]]></link>
<small_image_url><![CDATA[https://images.gr-assets.com/books/1421280931s/9359546.jpg]]></small_image_url>
<image_url><![CDATA[https://images.gr-assets.com/books/1421280931m/9359546.jpg]]></image_url>
<num_pages>170</num_pages>
<work>
<id>14243003</id>
</work>
<isbn>1934964603</isbn>
<isbn13>9781934964606</isbn13>
<average_rating>4.00</average_rating>
<ratings_count>3442</ratings_count>
<publication_year>2011</publication_year>
<publication_month>1</publication_month>
<publication_day>25</publication_day>
<authors>
<author>
<id>591619</id>
<name>Cullen Bunn</name>
<link><![CDATA[https://www.goodreads.com/author/show/591619.Cullen_Bunn]]></link>
</author>
</authors>
</book>

          <book>
<id>437094</id>
<title><![CDATA[Lucifer, Vol. 3: A Dalliance With the Damned]]></title>
<title_without_series><![CDATA[Lucifer, Vol. 3: A Dalliance With the Damned]]></title_without_series>
<link><![CDATA[https://www.goodreads.com/book/show/437094.Lucifer_Vol_3]]></link>
<small_image_url><![CDATA[https://images.gr-assets.com/books/1309578350s/437094.jpg]]></small_image_url>
<image_url><![CDATA[https://images.gr-assets.com/books/1309578350m/437094.jpg]]></image_url>
<num_pages>160</num_pages>
<work>
<id>425987</id>
</work>
<isbn>1563898926</isbn>
<isbn13>9781563898921</isbn13>
<average_rating>4.22</average_rating>
<ratings_count>4195</ratings_count>
<publication_year>2002</publication_year>
<publication_month>8</publication_month>
<publication_day>1</publication_day>
<authors>
<author>
<id>9018</id>
<name>Mike Carey</name>
<link><![CDATA[https://www.goodreads.com/author/show/9018.Mike_Carey]]></link>
</author>
</authors>
</book>

          <book>
<id>133018</id>
<title>Hellblazer: Dangerous Habits</title>
<title_without_series>Hellblazer: Dangerous Habits</title_without_series>
<link><![CDATA[https://www.goodreads.com/book/show/133018.Hellblazer]]></link>
<small_image_url><![CDATA[https://images.gr-assets.com/books/1309206710s/133018.jpg]]></small_image_url>
<image_url><![CDATA[https://images.gr-assets.com/books/1309206710m/133018.jpg]]></image_url>
<num_pages>160</num_pages>
<work>
<id>128140</id>
</work>
<isbn>1563891506</isbn>
<isbn13>9781563891502</isbn13>
<average_rating>4.30</average_rating>
<ratings_count>8013</ratings_count>
<publication_year>1994</publication_year>
<publication_month>3</publication_month>
<publication_day>1</publication_day>
<authors>
<author>
<id>14965</id>
<name>Garth Ennis</name>
<link><![CDATA[https://www.goodreads.com/author/show/14965.Garth_Ennis]]></link>
</author>
</authors>
</book>

          <book>
<id>21328</id>
<title>Fables, Vol. 6: Homelands</title>
<title_without_series>Fables, Vol. 6: Homelands</title_without_series>
<link><![CDATA[https://www.goodreads.com/book/show/21328.Fables_Vol_6]]></link>
<small_image_url><![CDATA[https://images.gr-assets.com/books/1327962707s/21328.jpg]]></small_image_url>
<image_url><![CDATA[https://images.gr-assets.com/books/1327962707m/21328.jpg]]></image_url>
<num_pages>192</num_pages>
<work>
<id>1425228</id>
</work>
<isbn>1401205003</isbn>
<isbn13>9781401205003</isbn13>
<average_rating>4.30</average_rating>
<ratings_count>19230</ratings_count>
<publication_year>2006</publication_year>
<publication_month>1</publication_month>
<publication_day>1</publication_day>
<authors>
<author>
<id>12444</id>
<name>Bill Willingham</name>
<link><![CDATA[https://www.goodreads.com/author/show/12444.Bill_Willingham]]></link>
</author>
</authors>
</book>

          <book>
<id>768938</id>
<title>Animal Man, Vol. 1</title>
<title_without_series>Animal Man, Vol. 1</title_without_series>
<link><![CDATA[https://www.goodreads.com/book/show/768938.Animal_Man_Vol_1]]></link>
<small_image_url><![CDATA[https://images.gr-assets.com/books/1308882182s/768938.jpg]]></small_image_url>
<image_url><![CDATA[https://images.gr-assets.com/books/1308882182m/768938.jpg]]></image_url>
<num_pages>240</num_pages>
<work>
<id>1414840</id>
</work>
<isbn>1563890054</isbn>
<isbn13>9781563890055</isbn13>
<average_rating>4.06</average_rating>
<ratings_count>4527</ratings_count>
<publication_year>2001</publication_year>
<publication_month>5</publication_month>
<publication_day>1</publication_day>
<authors>
<author>
<id>12732</id>
<name>Grant Morrison</name>
<link><![CDATA[https://www.goodreads.com/author/show/12732.Grant_Morrison]]></link>
</author>
</authors>
</book>

          <book>
<id>296901</id>
<title><![CDATA[Ex Machina, Vol. 1: The First Hundred Days (Ex Machina, #1)]]></title>
<title_without_series><![CDATA[Ex Machina, Vol. 1: The First Hundred Days]]></title_without_series>
<link><![CDATA[https://www.goodreads.com/book/show/296901.Ex_Machina_Vol_1]]></link>
<small_image_url><![CDATA[https://s.gr-assets.com/assets/nophoto/book/50x75-a91bf249278a81aabab721ef782c4a74.png]]></small_image_url>
<image_url><![CDATA[https://s.gr-assets.com/assets/nophoto/book/111x148-bcc042a9c91a29c1d680899eff700a03.png]]></image_url>
<num_pages>136</num_pages>
<work>
<id>288053</id>
</work>
<isbn>1401206123</isbn>
<isbn13>9781401206123</isbn13>
<average_rating>3.92</average_rating>
<ratings_count>9779</ratings_count>
<publication_year>2005</publication_year>
<publication_month>2</publication_month>
<publication_day>1</publication_day>
<authors>
<author>
<id>24514</id>
<name>Brian K. Vaughan</name>
<link><![CDATA[https://www.goodreads.com/author/show/24514.Brian_K_Vaughan]]></link>
</author>
</authors>
</book>

          <book>
<id>7342071</id>
<title>Blacksad</title>
<title_without_series>Blacksad</title_without_series>
<link><![CDATA[https://www.goodreads.com/book/show/7342071-blacksad]]></link>
<small_image_url><![CDATA[https://images.gr-assets.com/books/1403207759s/7342071.jpg]]></small_image_url>
<image_url><![CDATA[https://images.gr-assets.com/books/1403207759m/7342071.jpg]]></image_url>
<num_pages>176</num_pages>
<work>
<id>534073</id>
</work>
<isbn>159582393X</isbn>
<isbn13>9781595823939</isbn13>
<average_rating>4.34</average_rating>
<ratings_count>7300</ratings_count>
<publication_year>2010</publication_year>
<publication_month>6</publication_month>
<publication_day>22</publication_day>
<authors>
<author>
<id>2266124</id>
<name>Juan Díaz Canales</name>
<link><![CDATA[https://www.goodreads.com/author/show/2266124.Juan_D_az_Canales]]></link>
</author>
</authors>
</book>

  </similar_books>
</book>

</GoodreadsResponse>