<?xml version="1.0" encoding="UTF-8"?>
<GoodreadsResponse>
  <Request>
    <authentication>true</authentication>
      <key><![CDATA[all_men_must_serve]]></key>
    <method><![CDATA[book_show]]></method>
  </Request>
  <book>
  <id>102525</id>
  <title><![CDATA[H is for Homicide (Kinsey Millhone, #8)]]></title>
  <isbn><![CDATA[044900063X]]></isbn>
  <isbn13><![CDATA[9780449000632]]></isbn13>
  <asin><![CDATA[]]></asin>
  <kindle_asin><![CDATA[B004GKMHM4]]></kindle_asin>
  <marketplace_id><![CDATA[A1F83G8C2ARO7P]]></marketplace_id>
  <country_code><![CDATA[GB]]></country_code>
  <image_url>https://images.gr-assets.com/books/1315138195m/102525.jpg</image_url>
  <small_image_url>https://images.gr-assets.com/books/1315138195s/102525.jpg</small_image_url>
  <publication_year>1997</publication_year>
  <publication_month>6</publication_month>
  <publication_day>23</publication_day>
  <publisher>Ballantine Books</publisher>
  <language_code>eng</language_code>
  <is_ebook>false</is_ebook>
  <description><![CDATA[H IS FOR HUSTLER…<br /><br />When PI Kinsey Millhone's good friend and colleague Parnell Perkins is found murdered in the parking lot behind California Fidelity Insurance, she can't believe he had any enemies. The only clue that raises a red flag for Kinsey is one of Parnell's files on a Bibianna Diaz, who appears to have made a lucrative career out of scamming insurance companies with phony claims…<br /><br />H IS FOR HAZARDOUS…<br /><br />Taking an alias, Kinsey goes undercover to befriend Bibianna, hoping she'll get close enough to catch the con artist at her own game. But Kinsey never dreams that hanging out with Bibianna will get them both thrown in jail. And when they're released, Bibianna's very jealous, very dangerous ex-fiancé Raymond Maldonado is waiting for them.<br /><br />H IS FOR HOMICIDE<br /><br />Kinsey soon discovers the short-tempered thug is the kingpin behind Bibianna's and countless other phony insurance claims. But was Raymond also responsible for Parnell's death? All Kinsey knows is that she'll have to think quick to nab one of the most treacherous criminals she's come face to face with―and keep herself alive…]]></description>
  <work>
  <id type="integer">98851</id>
  <books_count type="integer">56</books_count>
  <best_book_id type="integer">102525</best_book_id>
  <reviews_count type="integer">34820</reviews_count>
  <ratings_sum type="integer">93290</ratings_sum>
  <ratings_count type="integer">23997</ratings_count>
  <text_reviews_count type="integer">598</text_reviews_count>
  <original_publication_year type="integer">1991</original_publication_year>
  <original_publication_month type="integer" nil="true"/>
  <original_publication_day type="integer" nil="true"/>
  <original_title>H is for Homicide</original_title>
  <original_language_id type="integer" nil="true"/>
  <media_type>book</media_type>
  <rating_dist>5:6086|4:10015|3:7102|2:700|1:94|total:23997</rating_dist>
  <desc_user_id type="integer">4735238</desc_user_id>
  <default_chaptering_book_id type="integer" nil="true"/>
  <default_description_language_code nil="true"/>
</work>
  <average_rating>3.89</average_rating>
  <num_pages><![CDATA[305]]></num_pages>
  <format><![CDATA[Paperback]]></format>
  <edition_information><![CDATA[]]></edition_information>
  <ratings_count><![CDATA[21644]]></ratings_count>
  <text_reviews_count><![CDATA[426]]></text_reviews_count>
  <url><![CDATA[https://www.goodreads.com/book/show/102525.H_is_for_Homicide]]></url>
  <link><![CDATA[https://www.goodreads.com/book/show/102525.H_is_for_Homicide]]></link>
  <authors>
<author>
<id>9559</id>
<name>Sue Grafton</name>
<role></role>
<image_url nophoto='false'>
<![CDATA[https://images.gr-assets.com/authors/1319510564p5/9559.jpg]]>
</image_url>
<small_image_url nophoto='false'>
<![CDATA[https://images.gr-assets.com/authors/1319510564p2/9559.jpg]]>
</small_image_url>
<link><![CDATA[https://www.goodreads.com/author/show/9559.Sue_Grafton]]></link>
<average_rating>3.91</average_rating>
<ratings_count>743809</ratings_count>
<text_reviews_count>27837</text_reviews_count>
</author>
</authors>

    <reviews_widget>
      <![CDATA[
        <style>
  #goodreads-widget {
    font-family: georgia, serif;
    padding: 18px 0;
    width:565px;
  }
  #goodreads-widget h1 {
    font-weight:normal;
    font-size: 16px;
    border-bottom: 1px solid #BBB596;
    margin-bottom: 0;
  }
  #goodreads-widget a {
    text-decoration: none;
    color:#660;
  }
  iframe{
    background-color: #fff;
  }
  #goodreads-widget a:hover { text-decoration: underline; }
  #goodreads-widget a:active {
    color:#660;
  }
  #gr_footer {
    width: 100%;
    border-top: 1px solid #BBB596;
    text-align: right;
  }
  #goodreads-widget .gr_branding{
    color: #382110;
    font-size: 11px;
    text-decoration: none;
    font-family: "Helvetica Neue", Helvetica, Arial, sans-serif;
  }
</style>
<div id="goodreads-widget">
  <div id="gr_header"><h1><a rel="nofollow" href="https://www.goodreads.com/book/show/102525.H_is_for_Homicide">H is for Homicide Reviews</a></h1></div>
  <iframe id="the_iframe" src="https://www.goodreads.com/api/reviews_widget_iframe?did=DEVELOPER_ID&amp;format=html&amp;isbn=044900063X&amp;links=660&amp;min_rating=&amp;review_back=fff&amp;stars=000&amp;text=000" width="565" height="400" frameborder="0"></iframe>
  <div id="gr_footer">
    <a class="gr_branding" target="_blank" rel="nofollow" href="https://www.goodreads.com/book/show/102525.H_is_for_Homicide?utm_medium=api&amp;utm_source=reviews_widget">Reviews from Goodreads.com</a>
  </div>
</div>

      ]]>
    </reviews_widget>
  <popular_shelves>
      <shelf name="to-read" count="1214"/>
      <shelf name="mystery" count="1058"/>
      <shelf name="sue-grafton" count="365"/>
      <shelf name="fiction" count="217"/>
      <shelf name="mysteries" count="152"/>
      <shelf name="series" count="140"/>
      <shelf name="currently-reading" count="127"/>
      <shelf name="crime" count="116"/>
      <shelf name="detective" count="81"/>
      <shelf name="kinsey-millhone" count="77"/>
      <shelf name="grafton-sue" count="64"/>
      <shelf name="mystery-thriller" count="63"/>
      <shelf name="default" count="61"/>
      <shelf name="owned" count="61"/>
      <shelf name="books-i-own" count="49"/>
      <shelf name="library" count="47"/>
      <shelf name="suspense" count="45"/>
      <shelf name="mystery-suspense" count="43"/>
      <shelf name="audiobook" count="39"/>
      <shelf name="audio" count="38"/>
      <shelf name="grafton" count="36"/>
      <shelf name="thriller" count="34"/>
      <shelf name="kindle" count="32"/>
      <shelf name="california" count="31"/>
      <shelf name="audiobooks" count="27"/>
      <shelf name="owned-books" count="26"/>
      <shelf name="kinsey" count="26"/>
      <shelf name="audio-books" count="25"/>
      <shelf name="alphabet-series" count="25"/>
      <shelf name="ebooks" count="24"/>
      <shelf name="kinsey-milhone" count="23"/>
      <shelf name="women" count="21"/>
      <shelf name="murder-mystery" count="21"/>
      <shelf name="mystery-crime" count="21"/>
      <shelf name="mystery-detective" count="21"/>
      <shelf name="ebook" count="19"/>
      <shelf name="mystery-series" count="19"/>
      <shelf name="audio-book" count="18"/>
      <shelf name="adult" count="18"/>
      <shelf name="private" count="17"/>
      <shelf name="millhone" count="17"/>
      <shelf name="crime-mystery" count="16"/>
      <shelf name="crime-fiction" count="16"/>
      <shelf name="character" count="15"/>
      <shelf name="investigators" count="15"/>
      <shelf name="sleuths" count="15"/>
      <shelf name="kinsey-millhone-series" count="15"/>
      <shelf name="fictitious" count="14"/>
      <shelf name="private-investigator" count="14"/>
      <shelf name="favorites" count="14"/>
      <shelf name="general" count="14"/>
      <shelf name="sue" count="14"/>
      <shelf name="e-books" count="13"/>
      <shelf name="and" count="13"/>
      <shelf name="adult-fiction" count="13"/>
      <shelf name="my-library" count="13"/>
      <shelf name="calibre" count="12"/>
      <shelf name="criticism" count="12"/>
      <shelf name="prose" count="12"/>
      <shelf name="my-books" count="12"/>
      <shelf name="library-books" count="11"/>
      <shelf name="murder" count="11"/>
      <shelf name="alphabet-mysteries" count="11"/>
      <shelf name="detectives" count="11"/>
      <shelf name="library-book" count="11"/>
      <shelf name="mystery-thrillers" count="11"/>
      <shelf name="read-in-2015" count="10"/>
      <shelf name="female-detective" count="10"/>
      <shelf name="listened-to" count="10"/>
      <shelf name="novels" count="10"/>
      <shelf name="to-buy" count="9"/>
      <shelf name="contemporary" count="9"/>
      <shelf name="wish-list" count="9"/>
      <shelf name="have" count="9"/>
      <shelf name="mystery-suspense-thriller" count="9"/>
      <shelf name="american" count="9"/>
      <shelf name="read-in-2014" count="8"/>
      <shelf name="cozy-mystery" count="8"/>
      <shelf name="mystery-thriller-suspense" count="8"/>
      <shelf name="i-own" count="8"/>
      <shelf name="read-in-2016" count="7"/>
      <shelf name="4-stars" count="7"/>
      <shelf name="g" count="7"/>
      <shelf name="e-book" count="7"/>
      <shelf name="read-in-2012" count="7"/>
      <shelf name="kindle-books" count="7"/>
      <shelf name="private-detective" count="7"/>
      <shelf name="unread" count="7"/>
      <shelf name="read-2017" count="6"/>
      <shelf name="chick-lit" count="6"/>
      <shelf name="crime-thriller" count="6"/>
      <shelf name="paperback" count="6"/>
      <shelf name="crime-and-mystery" count="6"/>
      <shelf name="detective-fiction" count="6"/>
      <shelf name="favorite-series" count="6"/>
      <shelf name="novel" count="6"/>
      <shelf name="fiction-mystery" count="6"/>
      <shelf name="audible" count="6"/>
      <shelf name="light-mystery" count="6"/>
      <shelf name="alphabet" count="6"/>
  </popular_shelves>
  <book_links>
    <book_link>
  <id>8</id>
  <name>Libraries</name>
  <link>https://www.goodreads.com/book_link/follow/8</link>
</book_link>

  </book_links>
  <buy_links>
    <buy_link>
<id>1</id>
<name>Amazon</name>
<link>https://www.goodreads.com/book_link/follow/1</link>
</buy_link>
<buy_link>
<id>10</id>
<name>Audible</name>
<link>https://www.goodreads.com/book_link/follow/10</link>
</buy_link>
<buy_link>
<id>3</id>
<name>Barnes &amp; Noble</name>
<link>https://www.goodreads.com/book_link/follow/3</link>
</buy_link>
<buy_link>
<id>1027</id>
<name>Kobo</name>
<link>https://www.goodreads.com/book_link/follow/1027</link>
</buy_link>
<buy_link>
<id>2102</id>
<name>Apple iBooks</name>
<link>https://www.goodreads.com/book_link/follow/2102</link>
</buy_link>
<buy_link>
<id>8036</id>
<name>Google Play</name>
<link>https://www.goodreads.com/book_link/follow/8036</link>
</buy_link>
<buy_link>
<id>4</id>
<name>Abebooks</name>
<link>https://www.goodreads.com/book_link/follow/4</link>
</buy_link>
<buy_link>
<id>882</id>
<name>Book Depository</name>
<link>https://www.goodreads.com/book_link/follow/882</link>
</buy_link>
<buy_link>
<id>9</id>
<name>Indigo</name>
<link>https://www.goodreads.com/book_link/follow/9</link>
</buy_link>
<buy_link>
<id>2</id>
<name>Half.com</name>
<link>https://www.goodreads.com/book_link/follow/2</link>
</buy_link>
<buy_link>
<id>5</id>
<name>Alibris</name>
<link>https://www.goodreads.com/book_link/follow/5</link>
</buy_link>
<buy_link>
<id>107</id>
<name>Better World Books</name>
<link>https://www.goodreads.com/book_link/follow/107</link>
</buy_link>
<buy_link>
<id>7</id>
<name>IndieBound</name>
<link>https://www.goodreads.com/book_link/follow/7</link>
</buy_link>

  </buy_links>
  <series_works>
    <series_work>
<id>182093</id>
<user_position>8</user_position>
<series>
<id>40882</id>
<title>
<![CDATA[
    Kinsey Millhone
]]>
</title>
<description>
<![CDATA[
    Kinsey Millhone is a private investigator in (fictional) Santa Teresa, California (based on the city of Santa Barbara). In her 30s, she ages one year every 2 1/2 books, from 32 in A to 38 in W. http://www.suegrafton.com/bookshelf.php
]]>
</description>
<note>
<![CDATA[
]]>
</note>
<series_works_count>43</series_works_count>
<primary_work_count>26</primary_work_count>
<numbered>true</numbered>
</series>

</series_work>

  </series_works>
  <similar_books>
          <book>
<id>669589</id>
<title><![CDATA[Till the Butchers Cut Him Down]]></title>
<title_without_series><![CDATA[Till the Butchers Cut Him Down]]></title_without_series>
<link><![CDATA[https://www.goodreads.com/book/show/669589.Till_the_Butchers_Cut_Him_Down]]></link>
<small_image_url><![CDATA[https://s.gr-assets.com/assets/nophoto/book/50x75-a91bf249278a81aabab721ef782c4a74.png]]></small_image_url>
<image_url><![CDATA[https://s.gr-assets.com/assets/nophoto/book/111x148-bcc042a9c91a29c1d680899eff700a03.png]]></image_url>
<num_pages>321</num_pages>
<work>
<id>988963</id>
</work>
<isbn>0446603023</isbn>
<isbn13>9780446603027</isbn13>
<average_rating>3.91</average_rating>
<ratings_count>1199</ratings_count>
<publication_year>1995</publication_year>
<publication_month>8</publication_month>
<publication_day>1</publication_day>
<authors>
<author>
<id>644</id>
<name>Marcia Muller</name>
<link><![CDATA[https://www.goodreads.com/author/show/644.Marcia_Muller]]></link>
</author>
</authors>
</book>

          <book>
<id>50659</id>
<title><![CDATA[Killing Orders (V.I. Warshawski, #3)]]></title>
<title_without_series>Killing Orders</title_without_series>
<link><![CDATA[https://www.goodreads.com/book/show/50659.Killing_Orders]]></link>
<small_image_url><![CDATA[https://s.gr-assets.com/assets/nophoto/book/50x75-a91bf249278a81aabab721ef782c4a74.png]]></small_image_url>
<image_url><![CDATA[https://s.gr-assets.com/assets/nophoto/book/111x148-bcc042a9c91a29c1d680899eff700a03.png]]></image_url>
<num_pages>368</num_pages>
<work>
<id>1638014</id>
</work>
<isbn>0451214978</isbn>
<isbn13>9780451214973</isbn13>
<average_rating>3.87</average_rating>
<ratings_count>3588</ratings_count>
<publication_year>2005</publication_year>
<publication_month>5</publication_month>
<publication_day>3</publication_day>
<authors>
<author>
<id>28509</id>
<name>Sara Paretsky</name>
<link><![CDATA[https://www.goodreads.com/author/show/28509.Sara_Paretsky]]></link>
</author>
</authors>
</book>

          <book>
<id>1157265</id>
<title><![CDATA[Kat's Cradle (Kat Colorado, #3)]]></title>
<title_without_series>Kat&apos;s Cradle</title_without_series>
<link><![CDATA[https://www.goodreads.com/book/show/1157265.Kat_s_Cradle]]></link>
<small_image_url><![CDATA[https://images.gr-assets.com/books/1320471639s/1157265.jpg]]></small_image_url>
<image_url><![CDATA[https://images.gr-assets.com/books/1320471639m/1157265.jpg]]></image_url>
<num_pages>316</num_pages>
<work>
<id>1144846</id>
</work>
<isbn>0553293915</isbn>
<isbn13>9780553293913</isbn13>
<average_rating>3.78</average_rating>
<ratings_count>709</ratings_count>
<publication_year>1992</publication_year>
<publication_month>11</publication_month>
<publication_day>1</publication_day>
<authors>
<author>
<id>51037</id>
<name>Karen Kijewski</name>
<link><![CDATA[https://www.goodreads.com/author/show/51037.Karen_Kijewski]]></link>
</author>
</authors>
</book>

  </similar_books>
</book>

</GoodreadsResponse>