<?xml version="1.0" encoding="UTF-8"?>
<GoodreadsResponse>
  <Request>
    <authentication>true</authentication>
      <key><![CDATA[all_men_must_serve]]></key>
    <method><![CDATA[book_show]]></method>
  </Request>
  <book>
  <id>1025039</id>
  <title>Mars, Volume 01</title>
  <isbn><![CDATA[1931514585]]></isbn>
  <isbn13><![CDATA[9781931514583]]></isbn13>
  <asin><![CDATA[]]></asin>
  <kindle_asin><![CDATA[]]></kindle_asin>
  <marketplace_id><![CDATA[]]></marketplace_id>
  <country_code><![CDATA[GB]]></country_code>
  <image_url>https://s.gr-assets.com/assets/nophoto/book/111x148-bcc042a9c91a29c1d680899eff700a03.png</image_url>
  <small_image_url>https://s.gr-assets.com/assets/nophoto/book/50x75-a91bf249278a81aabab721ef782c4a74.png</small_image_url>
  <publication_year>2002</publication_year>
  <publication_month>4</publication_month>
  <publication_day>23</publication_day>
  <publisher>Tokyopop</publisher>
  <language_code>eng</language_code>
  <is_ebook>false</is_ebook>
  <description><![CDATA[A bad boy can change a good girl forever. Rei is the school delinquent. Kira is shy and studious. What they see in each other is a mystery to their friends. What they find in each other is a miracle to themselves. With a style that is artistic and chic, this tale of restless and confused high school love will appeal to young women everywhere.<br /><br />Kira and Rei might as well be from different planets. She's a shy art student, afraid of boys and hated by her classmates. He's a rebellious motorcycle racer with girls dropping left and right just to talk to him. Their lives become intertwined when Kira asks Rei to model for her and, to everyone's surprise, he agrees. As these two battle their personal demons and the pressures of their classmates, they learn not only to love each other, but themselves.]]></description>
  <work>
  <id type="integer">2452440</id>
  <books_count type="integer">8</books_count>
  <best_book_id type="integer">1025039</best_book_id>
  <reviews_count type="integer">20978</reviews_count>
  <ratings_sum type="integer">58284</ratings_sum>
  <ratings_count type="integer">14110</ratings_count>
  <text_reviews_count type="integer">221</text_reviews_count>
  <original_publication_year type="integer">1996</original_publication_year>
  <original_publication_month type="integer">5</original_publication_month>
  <original_publication_day type="integer">13</original_publication_day>
  <original_title>マース (Mars) #1</original_title>
  <original_language_id type="integer" nil="true"/>
  <media_type>book</media_type>
  <rating_dist>5:7145|4:3339|3:2412|2:753|1:461|total:14110</rating_dist>
  <desc_user_id type="integer" nil="true"/>
  <default_chaptering_book_id type="integer" nil="true"/>
  <default_description_language_code nil="true"/>
</work>
  <average_rating>4.13</average_rating>
  <num_pages><![CDATA[200]]></num_pages>
  <format><![CDATA[Paperback]]></format>
  <edition_information><![CDATA[]]></edition_information>
  <ratings_count><![CDATA[14050]]></ratings_count>
  <text_reviews_count><![CDATA[217]]></text_reviews_count>
  <url><![CDATA[https://www.goodreads.com/book/show/1025039.Mars_Volume_01]]></url>
  <link><![CDATA[https://www.goodreads.com/book/show/1025039.Mars_Volume_01]]></link>
  <authors>
<author>
<id>878225</id>
<name>Fuyumi Soryo</name>
<role></role>
<image_url nophoto='false'>
<![CDATA[https://images.gr-assets.com/authors/1262602411p5/878225.jpg]]>
</image_url>
<small_image_url nophoto='false'>
<![CDATA[https://images.gr-assets.com/authors/1262602411p2/878225.jpg]]>
</small_image_url>
<link><![CDATA[https://www.goodreads.com/author/show/878225.Fuyumi_Soryo]]></link>
<average_rating>4.26</average_rating>
<ratings_count>53740</ratings_count>
<text_reviews_count>900</text_reviews_count>
</author>
</authors>

    <reviews_widget>
      <![CDATA[
        <style>
  #goodreads-widget {
    font-family: georgia, serif;
    padding: 18px 0;
    width:565px;
  }
  #goodreads-widget h1 {
    font-weight:normal;
    font-size: 16px;
    border-bottom: 1px solid #BBB596;
    margin-bottom: 0;
  }
  #goodreads-widget a {
    text-decoration: none;
    color:#660;
  }
  iframe{
    background-color: #fff;
  }
  #goodreads-widget a:hover { text-decoration: underline; }
  #goodreads-widget a:active {
    color:#660;
  }
  #gr_footer {
    width: 100%;
    border-top: 1px solid #BBB596;
    text-align: right;
  }
  #goodreads-widget .gr_branding{
    color: #382110;
    font-size: 11px;
    text-decoration: none;
    font-family: "Helvetica Neue", Helvetica, Arial, sans-serif;
  }
</style>
<div id="goodreads-widget">
  <div id="gr_header"><h1><a rel="nofollow" href="https://www.goodreads.com/book/show/1025039.Mars_Volume_01">Mars, Volume 01 Reviews</a></h1></div>
  <iframe id="the_iframe" src="https://www.goodreads.com/api/reviews_widget_iframe?did=DEVELOPER_ID&amp;format=html&amp;isbn=1931514585&amp;links=660&amp;min_rating=&amp;review_back=fff&amp;stars=000&amp;text=000" width="565" height="400" frameborder="0"></iframe>
  <div id="gr_footer">
    <a class="gr_branding" target="_blank" rel="nofollow" href="https://www.goodreads.com/book/show/1025039.Mars_Volume_01?utm_medium=api&amp;utm_source=reviews_widget">Reviews from Goodreads.com</a>
  </div>
</div>

      ]]>
    </reviews_widget>
  <popular_shelves>
      <shelf name="to-read" count="6408"/>
      <shelf name="manga" count="1404"/>
      <shelf name="romance" count="152"/>
      <shelf name="favorites" count="137"/>
      <shelf name="graphic-novels" count="84"/>
      <shelf name="comics" count="50"/>
      <shelf name="currently-reading" count="42"/>
      <shelf name="shoujo" count="42"/>
      <shelf name="mangas" count="38"/>
      <shelf name="young-adult" count="36"/>
      <shelf name="graphic-novel" count="35"/>
      <shelf name="drama" count="29"/>
      <shelf name="manga-read" count="28"/>
      <shelf name="owned" count="27"/>
      <shelf name="read-manga" count="25"/>
      <shelf name="fiction" count="23"/>
      <shelf name="series" count="22"/>
      <shelf name="manga-manhwa" count="20"/>
      <shelf name="manga-comics" count="20"/>
      <shelf name="manga-to-read" count="18"/>
      <shelf name="shoujo-manga" count="18"/>
      <shelf name="ya" count="18"/>
      <shelf name="mars" count="17"/>
      <shelf name="books-i-own" count="15"/>
      <shelf name="josei" count="14"/>
      <shelf name="japanese" count="12"/>
      <shelf name="shojo" count="12"/>
      <shelf name="favorite-manga" count="11"/>
      <shelf name="manga-shoujo" count="11"/>
      <shelf name="graphic-novels-manga" count="11"/>
      <shelf name="anime" count="11"/>
      <shelf name="comics-manga" count="11"/>
      <shelf name="shōjo" count="10"/>
      <shelf name="japan" count="10"/>
      <shelf name="manga-graphic-novels" count="10"/>
      <shelf name="manga-and-comics" count="9"/>
      <shelf name="contemporary" count="9"/>
      <shelf name="manga-graphic-novel" count="9"/>
      <shelf name="high-school" count="9"/>
      <shelf name="graphic" count="8"/>
      <shelf name="psychological" count="8"/>
      <shelf name="re-read" count="8"/>
      <shelf name="to-read-manga" count="8"/>
      <shelf name="library" count="8"/>
      <shelf name="comic" count="8"/>
      <shelf name="default" count="7"/>
      <shelf name="slice-of-life" count="7"/>
      <shelf name="realistic-fiction" count="7"/>
      <shelf name="manga-and-graphic-novels" count="6"/>
      <shelf name="4-stars" count="6"/>
      <shelf name="favorite" count="6"/>
      <shelf name="shojo-manga" count="6"/>
      <shelf name="manga-romance" count="5"/>
      <shelf name="bad-boy" count="5"/>
      <shelf name="favourites" count="5"/>
      <shelf name="reread" count="5"/>
      <shelf name="realistic" count="5"/>
      <shelf name="graphic-novels-comics" count="5"/>
      <shelf name="school" count="5"/>
      <shelf name="comic-manga" count="5"/>
      <shelf name="shelfari-favorites" count="4"/>
      <shelf name="coming-of-age" count="4"/>
      <shelf name="action" count="4"/>
      <shelf name="bullying" count="4"/>
      <shelf name="abuse" count="4"/>
      <shelf name="read-in-2013" count="4"/>
      <shelf name="read-in-english" count="4"/>
      <shelf name="owned-books" count="4"/>
      <shelf name="want-to-own" count="4"/>
      <shelf name="comics-and-manga" count="4"/>
      <shelf name="anime-manga" count="4"/>
      <shelf name="manga-owned" count="4"/>
      <shelf name="read-mangas" count="4"/>
      <shelf name="tokyopop" count="4"/>
      <shelf name="manga-i-have-read" count="4"/>
      <shelf name="my-books" count="4"/>
      <shelf name="manga-and-manhwa" count="4"/>
      <shelf name="suicide" count="4"/>
      <shelf name="to-buy" count="4"/>
      <shelf name="teen" count="4"/>
      <shelf name="relationships" count="4"/>
      <shelf name="chick-lit" count="4"/>
      <shelf name="keepers" count="4"/>
      <shelf name="read-in-2014" count="3"/>
      <shelf name="mystery" count="3"/>
      <shelf name="manga-tbr" count="3"/>
      <shelf name="sequential-art" count="3"/>
      <shelf name="fuyumi-soryo" count="3"/>
      <shelf name="love-stories" count="3"/>
      <shelf name="love" count="3"/>
      <shelf name="manga-series" count="3"/>
      <shelf name="online" count="3"/>
      <shelf name="comics-graphic-novels-manga" count="3"/>
      <shelf name="manga-manwha" count="3"/>
      <shelf name="contemporary-romance" count="3"/>
      <shelf name="borrowed" count="3"/>
      <shelf name="art" count="3"/>
      <shelf name="reviewed" count="3"/>
      <shelf name="graphic-novels-comics-manga" count="3"/>
      <shelf name="comedy" count="3"/>
  </popular_shelves>
  <book_links>
    <book_link>
  <id>8</id>
  <name>Libraries</name>
  <link>https://www.goodreads.com/book_link/follow/8</link>
</book_link>

  </book_links>
  <buy_links>
    <buy_link>
<id>1</id>
<name>Amazon</name>
<link>https://www.goodreads.com/book_link/follow/1</link>
</buy_link>
<buy_link>
<id>10</id>
<name>Audible</name>
<link>https://www.goodreads.com/book_link/follow/10</link>
</buy_link>
<buy_link>
<id>3</id>
<name>Barnes &amp; Noble</name>
<link>https://www.goodreads.com/book_link/follow/3</link>
</buy_link>
<buy_link>
<id>1027</id>
<name>Kobo</name>
<link>https://www.goodreads.com/book_link/follow/1027</link>
</buy_link>
<buy_link>
<id>2102</id>
<name>Apple iBooks</name>
<link>https://www.goodreads.com/book_link/follow/2102</link>
</buy_link>
<buy_link>
<id>8036</id>
<name>Google Play</name>
<link>https://www.goodreads.com/book_link/follow/8036</link>
</buy_link>
<buy_link>
<id>4</id>
<name>Abebooks</name>
<link>https://www.goodreads.com/book_link/follow/4</link>
</buy_link>
<buy_link>
<id>882</id>
<name>Book Depository</name>
<link>https://www.goodreads.com/book_link/follow/882</link>
</buy_link>
<buy_link>
<id>9</id>
<name>Indigo</name>
<link>https://www.goodreads.com/book_link/follow/9</link>
</buy_link>
<buy_link>
<id>2</id>
<name>Half.com</name>
<link>https://www.goodreads.com/book_link/follow/2</link>
</buy_link>
<buy_link>
<id>5</id>
<name>Alibris</name>
<link>https://www.goodreads.com/book_link/follow/5</link>
</buy_link>
<buy_link>
<id>107</id>
<name>Better World Books</name>
<link>https://www.goodreads.com/book_link/follow/107</link>
</buy_link>
<buy_link>
<id>7</id>
<name>IndieBound</name>
<link>https://www.goodreads.com/book_link/follow/7</link>
</buy_link>

  </buy_links>
  <series_works>
    <series_work>
<id>231132</id>
<user_position>1</user_position>
<series>
<id>56697</id>
<title>
<![CDATA[
    Mars
]]>
</title>
<description>
<![CDATA[
]]>
</description>
<note>
<![CDATA[
]]>
</note>
<series_works_count>16</series_works_count>
<primary_work_count>15</primary_work_count>
<numbered>true</numbered>
</series>

</series_work>

  </series_works>
  <similar_books>
          <book>
<id>775075</id>
<title><![CDATA[Paradise Kiss, Vol. 2 (Paradise Kiss, #2)]]></title>
<title_without_series>Paradise Kiss, Vol. 2</title_without_series>
<link><![CDATA[https://www.goodreads.com/book/show/775075.Paradise_Kiss_Vol_2]]></link>
<small_image_url><![CDATA[https://s.gr-assets.com/assets/nophoto/book/50x75-a91bf249278a81aabab721ef782c4a74.png]]></small_image_url>
<image_url><![CDATA[https://s.gr-assets.com/assets/nophoto/book/111x148-bcc042a9c91a29c1d680899eff700a03.png]]></image_url>
<num_pages>192</num_pages>
<work>
<id>2525820</id>
</work>
<isbn>1931514615</isbn>
<isbn13>9781931514613</isbn13>
<average_rating>4.28</average_rating>
<ratings_count>4387</ratings_count>
<publication_year>2002</publication_year>
<publication_month>8</publication_month>
<publication_day>1</publication_day>
<authors>
<author>
<id>2881050</id>
<name>Ai Yazawa</name>
<link><![CDATA[https://www.goodreads.com/author/show/2881050.Ai_Yazawa]]></link>
</author>
</authors>
</book>

          <book>
<id>460595</id>
<title>Tramps Like Us, Vol. 1</title>
<title_without_series>Tramps Like Us, Vol. 1</title_without_series>
<link><![CDATA[https://www.goodreads.com/book/show/460595.Tramps_Like_Us_Vol_1]]></link>
<small_image_url><![CDATA[https://s.gr-assets.com/assets/nophoto/book/50x75-a91bf249278a81aabab721ef782c4a74.png]]></small_image_url>
<image_url><![CDATA[https://s.gr-assets.com/assets/nophoto/book/111x148-bcc042a9c91a29c1d680899eff700a03.png]]></image_url>
<num_pages></num_pages>
<work>
<id>449057</id>
</work>
<isbn>159532139X</isbn>
<isbn13>9781595321398</isbn13>
<average_rating>4.08</average_rating>
<ratings_count>4341</ratings_count>
<publication_year>2004</publication_year>
<publication_month>8</publication_month>
<publication_day>10</publication_day>
<authors>
<author>
<id>8572</id>
<name>Yayoi Ogawa</name>
<link><![CDATA[https://www.goodreads.com/author/show/8572.Yayoi_Ogawa]]></link>
</author>
</authors>
</book>

          <book>
<id>287370</id>
<title><![CDATA[Kare Kano: His and Her Circumstances, Vol. 3]]></title>
<title_without_series><![CDATA[Kare Kano: His and Her Circumstances, Vol. 3]]></title_without_series>
<link><![CDATA[https://www.goodreads.com/book/show/287370.Kare_Kano]]></link>
<small_image_url><![CDATA[https://s.gr-assets.com/assets/nophoto/book/50x75-a91bf249278a81aabab721ef782c4a74.png]]></small_image_url>
<image_url><![CDATA[https://s.gr-assets.com/assets/nophoto/book/111x148-bcc042a9c91a29c1d680899eff700a03.png]]></image_url>
<num_pages></num_pages>
<work>
<id>278802</id>
</work>
<isbn>1591820588</isbn>
<isbn13>9781591820581</isbn13>
<average_rating>4.11</average_rating>
<ratings_count>1840</ratings_count>
<publication_year>2003</publication_year>
<publication_month>5</publication_month>
<publication_day>6</publication_day>
<authors>
<author>
<id>166635</id>
<name>Masami Tsuda</name>
<link><![CDATA[https://www.goodreads.com/author/show/166635.Masami_Tsuda]]></link>
</author>
</authors>
</book>

          <book>
<id>562747</id>
<title><![CDATA[Peach Girl, Vol. 1 (Peach Girl, #1)]]></title>
<title_without_series>Peach Girl, Vol. 1</title_without_series>
<link><![CDATA[https://www.goodreads.com/book/show/562747.Peach_Girl_Vol_1]]></link>
<small_image_url><![CDATA[https://images.gr-assets.com/books/1260254699s/562747.jpg]]></small_image_url>
<image_url><![CDATA[https://images.gr-assets.com/books/1260254699m/562747.jpg]]></image_url>
<num_pages>184</num_pages>
<work>
<id>2331374</id>
</work>
<isbn>1892213621</isbn>
<isbn13>9781892213624</isbn13>
<average_rating>3.83</average_rating>
<ratings_count>4847</ratings_count>
<publication_year>2003</publication_year>
<publication_month>1</publication_month>
<publication_day>1</publication_day>
<authors>
<author>
<id>203076</id>
<name>Miwa Ueda</name>
<link><![CDATA[https://www.goodreads.com/author/show/203076.Miwa_Ueda]]></link>
</author>
</authors>
</book>

          <book>
<id>1487824</id>
<title>I.N.V.U.,  Volume 1</title>
<title_without_series>I.N.V.U.,  Volume 1</title_without_series>
<link><![CDATA[https://www.goodreads.com/book/show/1487824.I_N_V_U_Volume_1]]></link>
<small_image_url><![CDATA[https://images.gr-assets.com/books/1342021385s/1487824.jpg]]></small_image_url>
<image_url><![CDATA[https://images.gr-assets.com/books/1342021385m/1487824.jpg]]></image_url>
<num_pages>191</num_pages>
<work>
<id>1479036</id>
</work>
<isbn>1591820014</isbn>
<isbn13>9781591820017</isbn13>
<average_rating>3.68</average_rating>
<ratings_count>773</ratings_count>
<publication_year>2003</publication_year>
<publication_month>2</publication_month>
<publication_day>1</publication_day>
<authors>
<author>
<id>5063312</id>
<name>Kim Kang-Won</name>
<link><![CDATA[https://www.goodreads.com/author/show/5063312.Kim_Kang_Won]]></link>
</author>
</authors>
</book>

          <book>
<id>1311028</id>
<title><![CDATA[Marmalade Boy, Vol. 5 (Marmalade Boy, #5)]]></title>
<title_without_series>Marmalade Boy, Vol. 5</title_without_series>
<link><![CDATA[https://www.goodreads.com/book/show/1311028.Marmalade_Boy_Vol_5]]></link>
<small_image_url><![CDATA[https://images.gr-assets.com/books/1372361251s/1311028.jpg]]></small_image_url>
<image_url><![CDATA[https://images.gr-assets.com/books/1372361251m/1311028.jpg]]></image_url>
<num_pages>188</num_pages>
<work>
<id>1300318</id>
</work>
<isbn>1591820715</isbn>
<isbn13>9781591820710</isbn13>
<average_rating>4.12</average_rating>
<ratings_count>2199</ratings_count>
<publication_year>2003</publication_year>
<publication_month>2</publication_month>
<publication_day>18</publication_day>
<authors>
<author>
<id>151717</id>
<name>Wataru Yoshizumi</name>
<link><![CDATA[https://www.goodreads.com/author/show/151717.Wataru_Yoshizumi]]></link>
</author>
</authors>
</book>

          <book>
<id>1383672</id>
<title><![CDATA[The Devil Does Exist, Volume 1]]></title>
<title_without_series><![CDATA[The Devil Does Exist, Volume 1]]></title_without_series>
<link><![CDATA[https://www.goodreads.com/book/show/1383672.The_Devil_Does_Exist_Volume_1]]></link>
<small_image_url><![CDATA[https://s.gr-assets.com/assets/nophoto/book/50x75-a91bf249278a81aabab721ef782c4a74.png]]></small_image_url>
<image_url><![CDATA[https://s.gr-assets.com/assets/nophoto/book/111x148-bcc042a9c91a29c1d680899eff700a03.png]]></image_url>
<num_pages>192</num_pages>
<work>
<id>1373695</id>
</work>
<isbn>1401205453</isbn>
<isbn13>9781401205454</isbn13>
<average_rating>4.03</average_rating>
<ratings_count>3087</ratings_count>
<publication_year>2005</publication_year>
<publication_month>4</publication_month>
<publication_day>1</publication_day>
<authors>
<author>
<id>135564</id>
<name>Mitsuba Takanashi</name>
<link><![CDATA[https://www.goodreads.com/author/show/135564.Mitsuba_Takanashi]]></link>
</author>
</authors>
</book>

          <book>
<id>19126</id>
<title>From Far Away, Vol. 01</title>
<title_without_series>From Far Away, Vol. 01</title_without_series>
<link><![CDATA[https://www.goodreads.com/book/show/19126.From_Far_Away_Vol_01]]></link>
<small_image_url><![CDATA[https://images.gr-assets.com/books/1457704425s/19126.jpg]]></small_image_url>
<image_url><![CDATA[https://images.gr-assets.com/books/1457704425m/19126.jpg]]></image_url>
<num_pages>190</num_pages>
<work>
<id>20424</id>
</work>
<isbn>1591165997</isbn>
<isbn13>9781591165996</isbn13>
<average_rating>4.31</average_rating>
<ratings_count>5521</ratings_count>
<publication_year>2004</publication_year>
<publication_month>11</publication_month>
<publication_day>9</publication_day>
<authors>
<author>
<id>8469</id>
<name>Kyoko Hikawa</name>
<link><![CDATA[https://www.goodreads.com/author/show/8469.Kyoko_Hikawa]]></link>
</author>
</authors>
</book>

          <book>
<id>30255</id>
<title>Sensual Phrase, Vol. 1</title>
<title_without_series>Sensual Phrase, Vol. 1</title_without_series>
<link><![CDATA[https://www.goodreads.com/book/show/30255.Sensual_Phrase_Vol_1]]></link>
<small_image_url><![CDATA[https://s.gr-assets.com/assets/nophoto/book/50x75-a91bf249278a81aabab721ef782c4a74.png]]></small_image_url>
<image_url><![CDATA[https://s.gr-assets.com/assets/nophoto/book/111x148-bcc042a9c91a29c1d680899eff700a03.png]]></image_url>
<num_pages></num_pages>
<work>
<id>30632</id>
</work>
<isbn>159116205X</isbn>
<isbn13>9781591162056</isbn13>
<average_rating>3.95</average_rating>
<ratings_count>2150</ratings_count>
<publication_year></publication_year>
<publication_month></publication_month>
<publication_day></publication_day>
<authors>
<author>
<id>17047</id>
<name>Mayu Shinjo</name>
<link><![CDATA[https://www.goodreads.com/author/show/17047.Mayu_Shinjo]]></link>
</author>
</authors>
</book>

          <book>
<id>936906</id>
<title>Wish, Vol. 01 (Wish, #1)</title>
<title_without_series>Wish, Vol. 01</title_without_series>
<link><![CDATA[https://www.goodreads.com/book/show/936906.Wish_Vol_01]]></link>
<small_image_url><![CDATA[https://images.gr-assets.com/books/1406221143s/936906.jpg]]></small_image_url>
<image_url><![CDATA[https://images.gr-assets.com/books/1406221143m/936906.jpg]]></image_url>
<num_pages>200</num_pages>
<work>
<id>921887</id>
</work>
<isbn>1591820340</isbn>
<isbn13>9781591820345</isbn13>
<average_rating>3.85</average_rating>
<ratings_count>2810</ratings_count>
<publication_year>2002</publication_year>
<publication_month>8</publication_month>
<publication_day>13</publication_day>
<authors>
<author>
<id>8476</id>
<name>CLAMP</name>
<link><![CDATA[https://www.goodreads.com/author/show/8476.CLAMP]]></link>
</author>
</authors>
</book>

          <book>
<id>954248</id>
<title><![CDATA[Land of the Blindfolded, Vol. 1]]></title>
<title_without_series><![CDATA[Land of the Blindfolded, Vol. 1]]></title_without_series>
<link><![CDATA[https://www.goodreads.com/book/show/954248.Land_of_the_Blindfolded_Vol_1]]></link>
<small_image_url><![CDATA[https://s.gr-assets.com/assets/nophoto/book/50x75-a91bf249278a81aabab721ef782c4a74.png]]></small_image_url>
<image_url><![CDATA[https://s.gr-assets.com/assets/nophoto/book/111x148-bcc042a9c91a29c1d680899eff700a03.png]]></image_url>
<num_pages>208</num_pages>
<work>
<id>939158</id>
</work>
<isbn>1401205240</isbn>
<isbn13>9781401205249</isbn13>
<average_rating>4.05</average_rating>
<ratings_count>1761</ratings_count>
<publication_year>2004</publication_year>
<publication_month>11</publication_month>
<publication_day>1</publication_day>
<authors>
<author>
<id>483910</id>
<name>Sakura Tsukuba</name>
<link><![CDATA[https://www.goodreads.com/author/show/483910.Sakura_Tsukuba]]></link>
</author>
</authors>
</book>

  </similar_books>
</book>

</GoodreadsResponse>