<?xml version="1.0" encoding="UTF-8"?>
<GoodreadsResponse>
  <Request>
    <authentication>true</authentication>
      <key><![CDATA[all_men_must_serve]]></key>
    <method><![CDATA[book_show]]></method>
  </Request>
  <book>
  <id>102868</id>
  <title>A Study in Scarlet</title>
  <isbn><![CDATA[1420925539]]></isbn>
  <isbn13><![CDATA[9781420925531]]></isbn13>
  <asin><![CDATA[]]></asin>
  <kindle_asin><![CDATA[B01M9AOA17]]></kindle_asin>
  <marketplace_id><![CDATA[A1F83G8C2ARO7P]]></marketplace_id>
  <country_code><![CDATA[GB]]></country_code>
  <image_url>https://s.gr-assets.com/assets/nophoto/book/111x148-bcc042a9c91a29c1d680899eff700a03.png</image_url>
  <small_image_url>https://s.gr-assets.com/assets/nophoto/book/50x75-a91bf249278a81aabab721ef782c4a74.png</small_image_url>
  <publication_year>2005</publication_year>
  <publication_month>1</publication_month>
  <publication_day>1</publication_day>
  <publisher>Digireads.com</publisher>
  <language_code>eng</language_code>
  <is_ebook>false</is_ebook>
  <description><![CDATA[<b>'There's a scarlet thread of murder running through the colourless skein of life, and our duty is to unravel it, and isolate it, and expose every inch of it.'</b><br /><br />From the moment Dr. John Watson takes lodgings in Baker Street with the consulting detective Sherlock Holmes, he becomes intimately acquainted with the bloody violence and frightening ingenuity of the criminal mind.<br /><br />In <i>A Study in Scarlet</i>, Holmes and Watson's first mystery, the pair are summoned to a south London house where they find a dead man whose contorted face is a twisted mask of horror. The body is unmarked by violence but on the wall a mysterious word has been written in blood.<br /><br />The police are baffled by the crime and its circumstances. But when Sherlock Holmes applies his brilliantly logical mind to the problem he uncovers a tragic tale of love and deadly revenge...]]></description>
  <work>
  <id type="integer">1997473</id>
  <books_count type="integer">1111</books_count>
  <best_book_id type="integer">102868</best_book_id>
  <reviews_count type="integer">332178</reviews_count>
  <ratings_sum type="integer">914180</ratings_sum>
  <ratings_count type="integer">220372</ratings_count>
  <text_reviews_count type="integer">6962</text_reviews_count>
  <original_publication_year type="integer">1887</original_publication_year>
  <original_publication_month type="integer" nil="true"/>
  <original_publication_day type="integer" nil="true"/>
  <original_title>A Study in Scarlet</original_title>
  <original_language_id type="integer" nil="true"/>
  <media_type>book</media_type>
  <rating_dist>5:88912|4:85437|3:38148|2:5553|1:2322|total:220372</rating_dist>
  <desc_user_id type="integer">51127468</desc_user_id>
  <default_chaptering_book_id type="integer" nil="true"/>
  <default_description_language_code nil="true"/>
</work>
  <average_rating>4.15</average_rating>
  <num_pages><![CDATA[108]]></num_pages>
  <format><![CDATA[Paperback]]></format>
  <edition_information><![CDATA[]]></edition_information>
  <ratings_count><![CDATA[201716]]></ratings_count>
  <text_reviews_count><![CDATA[5020]]></text_reviews_count>
  <url><![CDATA[https://www.goodreads.com/book/show/102868.A_Study_in_Scarlet]]></url>
  <link><![CDATA[https://www.goodreads.com/book/show/102868.A_Study_in_Scarlet]]></link>
  <authors>
<author>
<id>2448</id>
<name>Arthur Conan Doyle</name>
<role></role>
<image_url nophoto='false'>
<![CDATA[https://images.gr-assets.com/authors/1495008883p5/2448.jpg]]>
</image_url>
<small_image_url nophoto='false'>
<![CDATA[https://images.gr-assets.com/authors/1495008883p2/2448.jpg]]>
</small_image_url>
<link><![CDATA[https://www.goodreads.com/author/show/2448.Arthur_Conan_Doyle]]></link>
<average_rating>4.21</average_rating>
<ratings_count>1385142</ratings_count>
<text_reviews_count>41786</text_reviews_count>
</author>
</authors>

    <reviews_widget>
      <![CDATA[
        <style>
  #goodreads-widget {
    font-family: georgia, serif;
    padding: 18px 0;
    width:565px;
  }
  #goodreads-widget h1 {
    font-weight:normal;
    font-size: 16px;
    border-bottom: 1px solid #BBB596;
    margin-bottom: 0;
  }
  #goodreads-widget a {
    text-decoration: none;
    color:#660;
  }
  iframe{
    background-color: #fff;
  }
  #goodreads-widget a:hover { text-decoration: underline; }
  #goodreads-widget a:active {
    color:#660;
  }
  #gr_footer {
    width: 100%;
    border-top: 1px solid #BBB596;
    text-align: right;
  }
  #goodreads-widget .gr_branding{
    color: #382110;
    font-size: 11px;
    text-decoration: none;
    font-family: "Helvetica Neue", Helvetica, Arial, sans-serif;
  }
</style>
<div id="goodreads-widget">
  <div id="gr_header"><h1><a rel="nofollow" href="https://www.goodreads.com/book/show/102868.A_Study_in_Scarlet">A Study in Scarlet Reviews</a></h1></div>
  <iframe id="the_iframe" src="https://www.goodreads.com/api/reviews_widget_iframe?did=DEVELOPER_ID&amp;format=html&amp;isbn=1420925539&amp;links=660&amp;min_rating=&amp;review_back=fff&amp;stars=000&amp;text=000" width="565" height="400" frameborder="0"></iframe>
  <div id="gr_footer">
    <a class="gr_branding" target="_blank" rel="nofollow" href="https://www.goodreads.com/book/show/102868.A_Study_in_Scarlet?utm_medium=api&amp;utm_source=reviews_widget">Reviews from Goodreads.com</a>
  </div>
</div>

      ]]>
    </reviews_widget>
  <popular_shelves>
      <shelf name="to-read" count="88365"/>
      <shelf name="currently-reading" count="5472"/>
      <shelf name="classics" count="4550"/>
      <shelf name="mystery" count="4066"/>
      <shelf name="fiction" count="2025"/>
      <shelf name="favorites" count="1204"/>
      <shelf name="crime" count="1138"/>
      <shelf name="classic" count="809"/>
      <shelf name="sherlock-holmes" count="692"/>
      <shelf name="detective" count="481"/>
      <shelf name="owned" count="425"/>
      <shelf name="books-i-own" count="402"/>
      <shelf name="series" count="321"/>
      <shelf name="kindle" count="291"/>
      <shelf name="mysteries" count="277"/>
      <shelf name="historical-fiction" count="274"/>
      <shelf name="19th-century" count="247"/>
      <shelf name="mystery-thriller" count="234"/>
      <shelf name="british" count="216"/>
      <shelf name="sherlock" count="209"/>
      <shelf name="ebook" count="199"/>
      <shelf name="audiobook" count="193"/>
      <shelf name="literature" count="193"/>
      <shelf name="novels" count="183"/>
      <shelf name="thriller" count="176"/>
      <shelf name="owned-books" count="162"/>
      <shelf name="historical" count="161"/>
      <shelf name="british-literature" count="154"/>
      <shelf name="audiobooks" count="154"/>
      <shelf name="adult" count="154"/>
      <shelf name="favourites" count="150"/>
      <shelf name="ebooks" count="147"/>
      <shelf name="english" count="146"/>
      <shelf name="crime-mystery" count="135"/>
      <shelf name="adventure" count="134"/>
      <shelf name="arthur-conan-doyle" count="133"/>
      <shelf name="victorian" count="128"/>
      <shelf name="crime-fiction" count="122"/>
      <shelf name="england" count="121"/>
      <shelf name="read-in-2014" count="117"/>
      <shelf name="novel" count="110"/>
      <shelf name="mystery-suspense" count="108"/>
      <shelf name="read-in-2013" count="104"/>
      <shelf name="audio" count="103"/>
      <shelf name="read-in-2015" count="98"/>
      <shelf name="to-buy" count="97"/>
      <shelf name="mystery-crime" count="95"/>
      <shelf name="read-in-2012" count="92"/>
      <shelf name="library" count="88"/>
      <shelf name="classic-literature" count="83"/>
      <shelf name="book-club" count="82"/>
      <shelf name="read-in-english" count="80"/>
      <shelf name="adult-fiction" count="79"/>
      <shelf name="books" count="78"/>
      <shelf name="e-book" count="78"/>
      <shelf name="e-books" count="75"/>
      <shelf name="read-in-2016" count="74"/>
      <shelf name="holmes" count="73"/>
      <shelf name="audio-books" count="66"/>
      <shelf name="short-stories" count="66"/>
      <shelf name="detective-fiction" count="66"/>
      <shelf name="read-in-2017" count="65"/>
      <shelf name="detectives" count="65"/>
      <shelf name="default" count="61"/>
      <shelf name="my-books" count="60"/>
      <shelf name="suspense" count="60"/>
      <shelf name="re-read" count="58"/>
      <shelf name="read-2014" count="58"/>
      <shelf name="murder-mystery" count="56"/>
      <shelf name="i-own" count="56"/>
      <shelf name="english-literature" count="56"/>
      <shelf name="uk" count="54"/>
      <shelf name="read-2016" count="50"/>
      <shelf name="audible" count="50"/>
      <shelf name="mistery" count="50"/>
      <shelf name="crime-thriller" count="49"/>
      <shelf name="london" count="48"/>
      <shelf name="audio-book" count="48"/>
      <shelf name="4-stars" count="47"/>
      <shelf name="crime-and-mystery" count="47"/>
      <shelf name="read-2012" count="46"/>
      <shelf name="classics-to-read" count="46"/>
      <shelf name="read-2017" count="45"/>
      <shelf name="murder" count="45"/>
      <shelf name="reviewed" count="45"/>
      <shelf name="detective-stories" count="43"/>
      <shelf name="read-2015" count="43"/>
      <shelf name="mystery-detective" count="43"/>
      <shelf name="read-2013" count="43"/>
      <shelf name="1800s" count="42"/>
      <shelf name="my-library" count="42"/>
      <shelf name="2015-reading-challenge" count="41"/>
      <shelf name="classic-fiction" count="41"/>
      <shelf name="my-ebooks" count="38"/>
      <shelf name="read-in-2010" count="38"/>
      <shelf name="classic-lit" count="38"/>
      <shelf name="clásicos" count="36"/>
      <shelf name="general-fiction" count="36"/>
      <shelf name="school" count="35"/>
      <shelf name="sir-arthur-conan-doyle" count="35"/>
  </popular_shelves>
  <book_links>
    <book_link>
  <id>8</id>
  <name>Libraries</name>
  <link>https://www.goodreads.com/book_link/follow/8</link>
</book_link>

  </book_links>
  <buy_links>
    <buy_link>
<id>1</id>
<name>Amazon</name>
<link>https://www.goodreads.com/book_link/follow/1</link>
</buy_link>
<buy_link>
<id>10</id>
<name>Audible</name>
<link>https://www.goodreads.com/book_link/follow/10</link>
</buy_link>
<buy_link>
<id>3</id>
<name>Barnes &amp; Noble</name>
<link>https://www.goodreads.com/book_link/follow/3</link>
</buy_link>
<buy_link>
<id>1027</id>
<name>Kobo</name>
<link>https://www.goodreads.com/book_link/follow/1027</link>
</buy_link>
<buy_link>
<id>2102</id>
<name>Apple iBooks</name>
<link>https://www.goodreads.com/book_link/follow/2102</link>
</buy_link>
<buy_link>
<id>8036</id>
<name>Google Play</name>
<link>https://www.goodreads.com/book_link/follow/8036</link>
</buy_link>
<buy_link>
<id>4</id>
<name>Abebooks</name>
<link>https://www.goodreads.com/book_link/follow/4</link>
</buy_link>
<buy_link>
<id>882</id>
<name>Book Depository</name>
<link>https://www.goodreads.com/book_link/follow/882</link>
</buy_link>
<buy_link>
<id>9</id>
<name>Indigo</name>
<link>https://www.goodreads.com/book_link/follow/9</link>
</buy_link>
<buy_link>
<id>2</id>
<name>Half.com</name>
<link>https://www.goodreads.com/book_link/follow/2</link>
</buy_link>
<buy_link>
<id>5</id>
<name>Alibris</name>
<link>https://www.goodreads.com/book_link/follow/5</link>
</buy_link>
<buy_link>
<id>107</id>
<name>Better World Books</name>
<link>https://www.goodreads.com/book_link/follow/107</link>
</buy_link>
<buy_link>
<id>7</id>
<name>IndieBound</name>
<link>https://www.goodreads.com/book_link/follow/7</link>
</buy_link>

  </buy_links>
  <series_works>
    <series_work>
<id>185865</id>
<user_position>1</user_position>
<series>
<id>49996</id>
<title>
<![CDATA[
    Sherlock Holmes
]]>
</title>
<description>
<![CDATA[
    Sherlock Holmes is a fictional consulting detective in London ~1880-1914 created by Scottish author and physician Sir Arthur Conan Doyle. Holmes, master of disguise, reasoned logically to deduce clients' background from their first appearance. He used fingerprints, chemical analysis, and forensic science.
    
    The majority of the stories were first published in <i>The Strand Magazine</i>  accumulated to four novels and fifty-six short stories set 1880-1914.
    
    All but four stories are narrated by Holmes's friend and biographer, Dr John H. Watson; two are narrated by Holmes himself (<i>The Blanched Soldier</i> and <i>The Lion's Mane</i>) and two others are written in the third person (<i>The Mazarin Stone</i> and <i>His Last Bow</i>). In two stories (<i>The Musgrave Ritual</i> and <i>The Gloria Scott</i>), Holmes tells Watson the main story from his memories, while Watson becomes the narrator of the frame story. The first and fourth novels, <i>A Study in Scarlet</i> and <i>The Valley of Fear</i>, each include long omniscient narration of events unknown to Holmes or Watson.
]]>
</description>
<note>
<![CDATA[
    Please avoid adding editions of books that are already included in the series.
]]>
</note>
<series_works_count>206</series_works_count>
<primary_work_count>10</primary_work_count>
<numbered>true</numbered>
</series>

</series_work>
<series_work>
<id>1044514</id>
<user_position>1</user_position>
<series>
<id>203479</id>
<title>
<![CDATA[
    Saga complète Livre de Poche 2015
]]>
</title>
<description>
<![CDATA[
    Édition Livre de Poche 2015
]]>
</description>
<note>
<![CDATA[
]]>
</note>
<series_works_count>10</series_works_count>
<primary_work_count>10</primary_work_count>
<numbered>true</numbered>
</series>

</series_work>

  </series_works>
      <public_document>
        <id>3948</id>
        <document_url>
          http://feedbooks.com/book/3078.epub
        </document_url>
      </public_document>
  <similar_books>
          <book>
<id>13536554</id>
<title>Sherlock: The Casebook</title>
<title_without_series>Sherlock: The Casebook</title_without_series>
<link><![CDATA[https://www.goodreads.com/book/show/13536554-sherlock]]></link>
<small_image_url><![CDATA[https://images.gr-assets.com/books/1344886253s/13536554.jpg]]></small_image_url>
<image_url><![CDATA[https://images.gr-assets.com/books/1344886253m/13536554.jpg]]></image_url>
<num_pages>160</num_pages>
<work>
<id>19098270</id>
</work>
<isbn>1849904251</isbn>
<isbn13>9781849904254</isbn13>
<average_rating>4.38</average_rating>
<ratings_count>3794</ratings_count>
<publication_year>2012</publication_year>
<publication_month>10</publication_month>
<publication_day>25</publication_day>
<authors>
<author>
<id>445649</id>
<name>Guy Adams</name>
<link><![CDATA[https://www.goodreads.com/author/show/445649.Guy_Adams]]></link>
</author>
</authors>
</book>

          <book>
<id>184441</id>
<title><![CDATA[The Wisdom of Father Brown (Father Brown, #2)]]></title>
<title_without_series>The Wisdom of Father Brown</title_without_series>
<link><![CDATA[https://www.goodreads.com/book/show/184441.The_Wisdom_of_Father_Brown]]></link>
<small_image_url><![CDATA[https://images.gr-assets.com/books/1411122011s/184441.jpg]]></small_image_url>
<image_url><![CDATA[https://images.gr-assets.com/books/1411122011m/184441.jpg]]></image_url>
<num_pages>184</num_pages>
<work>
<id>6160735</id>
</work>
<isbn>1421906015</isbn>
<isbn13>9781421906010</isbn13>
<average_rating>3.90</average_rating>
<ratings_count>2974</ratings_count>
<publication_year>2005</publication_year>
<publication_month></publication_month>
<publication_day></publication_day>
<authors>
<author>
<id>7014283</id>
<name>G.K. Chesterton</name>
<link><![CDATA[https://www.goodreads.com/author/show/7014283.G_K_Chesterton]]></link>
</author>
</authors>
</book>

          <book>
<id>6599565</id>
<title>A Study in Emerald</title>
<title_without_series>A Study in Emerald</title_without_series>
<link><![CDATA[https://www.goodreads.com/book/show/6599565-a-study-in-emerald]]></link>
<small_image_url><![CDATA[https://s.gr-assets.com/assets/nophoto/book/50x75-a91bf249278a81aabab721ef782c4a74.png]]></small_image_url>
<image_url><![CDATA[https://s.gr-assets.com/assets/nophoto/book/111x148-bcc042a9c91a29c1d680899eff700a03.png]]></image_url>
<num_pages>1</num_pages>
<work>
<id>6793408</id>
</work>
<isbn></isbn>
<isbn13></isbn13>
<average_rating>4.23</average_rating>
<ratings_count>5454</ratings_count>
<publication_year>2007</publication_year>
<publication_month>12</publication_month>
<publication_day>3</publication_day>
<authors>
<author>
<id>1221698</id>
<name>Neil Gaiman</name>
<link><![CDATA[https://www.goodreads.com/author/show/1221698.Neil_Gaiman]]></link>
</author>
</authors>
</book>

          <book>
<id>16361</id>
<title><![CDATA[The Secret of Chimneys (Superintendent Battle, #1)]]></title>
<title_without_series>The Secret of Chimneys</title_without_series>
<link><![CDATA[https://www.goodreads.com/book/show/16361.The_Secret_of_Chimneys]]></link>
<small_image_url><![CDATA[https://images.gr-assets.com/books/1295680018s/16361.jpg]]></small_image_url>
<image_url><![CDATA[https://images.gr-assets.com/books/1295680018m/16361.jpg]]></image_url>
<num_pages>400</num_pages>
<work>
<id>1223872</id>
</work>
<isbn>0007122586</isbn>
<isbn13>9780007122585</isbn13>
<average_rating>3.85</average_rating>
<ratings_count>10616</ratings_count>
<publication_year>2001</publication_year>
<publication_month></publication_month>
<publication_day></publication_day>
<authors>
<author>
<id>123715</id>
<name>Agatha Christie</name>
<link><![CDATA[https://www.goodreads.com/author/show/123715.Agatha_Christie]]></link>
</author>
</authors>
</book>

          <book>
<id>192892</id>
<title><![CDATA[Unnatural Death (Lord Peter Wimsey, #3)]]></title>
<title_without_series>Unnatural Death</title_without_series>
<link><![CDATA[https://www.goodreads.com/book/show/192892.Unnatural_Death]]></link>
<small_image_url><![CDATA[https://images.gr-assets.com/books/1316244142s/192892.jpg]]></small_image_url>
<image_url><![CDATA[https://images.gr-assets.com/books/1316244142m/192892.jpg]]></image_url>
<num_pages>264</num_pages>
<work>
<id>520581</id>
</work>
<isbn>0061043583</isbn>
<isbn13>9780061043581</isbn13>
<average_rating>4.11</average_rating>
<ratings_count>18777</ratings_count>
<publication_year></publication_year>
<publication_month></publication_month>
<publication_day></publication_day>
<authors>
<author>
<id>8734</id>
<name>Dorothy L. Sayers</name>
<link><![CDATA[https://www.goodreads.com/author/show/8734.Dorothy_L_Sayers]]></link>
</author>
</authors>
</book>

          <book>
<id>653559</id>
<title><![CDATA[Sherlock Holmes and the Case of the Hound of the Baskervilles (Illustrated Classic Editions)]]></title>
<title_without_series><![CDATA[Sherlock Holmes and the Case of the Hound of the Baskervilles]]></title_without_series>
<link><![CDATA[https://www.goodreads.com/book/show/653559.Sherlock_Holmes_and_the_Case_of_the_Hound_of_the_Baskervilles]]></link>
<small_image_url><![CDATA[https://images.gr-assets.com/books/1292693979s/653559.jpg]]></small_image_url>
<image_url><![CDATA[https://images.gr-assets.com/books/1292693979m/653559.jpg]]></image_url>
<num_pages>233</num_pages>
<work>
<id>14738632</id>
</work>
<isbn>0866114262</isbn>
<isbn13>9780866114264</isbn13>
<average_rating>4.49</average_rating>
<ratings_count>9876</ratings_count>
<publication_year>1977</publication_year>
<publication_month></publication_month>
<publication_day></publication_day>
<authors>
<author>
<id>5799</id>
<name>Malvina G. Vogel</name>
<link><![CDATA[https://www.goodreads.com/author/show/5799.Malvina_G_Vogel]]></link>
</author>
</authors>
</book>

          <book>
<id>77378</id>
<title>The Seven-Percent Solution</title>
<title_without_series>The Seven-Percent Solution</title_without_series>
<link><![CDATA[https://www.goodreads.com/book/show/77378.The_Seven_Percent_Solution]]></link>
<small_image_url><![CDATA[https://s.gr-assets.com/assets/nophoto/book/50x75-a91bf249278a81aabab721ef782c4a74.png]]></small_image_url>
<image_url><![CDATA[https://s.gr-assets.com/assets/nophoto/book/111x148-bcc042a9c91a29c1d680899eff700a03.png]]></image_url>
<num_pages>224</num_pages>
<work>
<id>980414</id>
</work>
<isbn>0393311198</isbn>
<isbn13>9780393311198</isbn13>
<average_rating>4.14</average_rating>
<ratings_count>19951</ratings_count>
<publication_year>1993</publication_year>
<publication_month>9</publication_month>
<publication_day>17</publication_day>
<authors>
<author>
<id>43868</id>
<name>Nicholas Meyer</name>
<link><![CDATA[https://www.goodreads.com/author/show/43868.Nicholas_Meyer]]></link>
</author>
</authors>
</book>

          <book>
<id>6979934</id>
<title><![CDATA[The Man from Hell (Further Adventures of Sherlock Holmes (Paperback))]]></title>
<title_without_series><![CDATA[The Man from Hell (Further Adventures of Sherlock Holmes]]></title_without_series>
<link><![CDATA[https://www.goodreads.com/book/show/6979934-the-man-from-hell-further-adventures-of-sherlock-holmes]]></link>
<small_image_url><![CDATA[https://images.gr-assets.com/books/1320508862s/6979934.jpg]]></small_image_url>
<image_url><![CDATA[https://images.gr-assets.com/books/1320508862m/6979934.jpg]]></image_url>
<num_pages>180</num_pages>
<work>
<id>7221631</id>
</work>
<isbn>1848565089</isbn>
<isbn13>9781848565081</isbn13>
<average_rating>4.28</average_rating>
<ratings_count>2149</ratings_count>
<publication_year></publication_year>
<publication_month></publication_month>
<publication_day></publication_day>
<authors>
<author>
<id>240635</id>
<name>Barrie Roberts</name>
<link><![CDATA[https://www.goodreads.com/author/show/240635.Barrie_Roberts]]></link>
</author>
</authors>
</book>

          <book>
<id>1243532</id>
<title><![CDATA[Алмазная колесница (Erast Fandorin Mysteries, #10)]]></title>
<title_without_series>Алмазная колесница</title_without_series>
<link><![CDATA[https://www.goodreads.com/book/show/1243532._]]></link>
<small_image_url><![CDATA[https://s.gr-assets.com/assets/nophoto/book/50x75-a91bf249278a81aabab721ef782c4a74.png]]></small_image_url>
<image_url><![CDATA[https://s.gr-assets.com/assets/nophoto/book/111x148-bcc042a9c91a29c1d680899eff700a03.png]]></image_url>
<num_pages>716</num_pages>
<work>
<id>1232245</id>
</work>
<isbn>5815906972</isbn>
<isbn13>9785815906976</isbn13>
<average_rating>4.38</average_rating>
<ratings_count>2444</ratings_count>
<publication_year>2007</publication_year>
<publication_month></publication_month>
<publication_day></publication_day>
<authors>
<author>
<id>34589</id>
<name>Boris Akunin</name>
<link><![CDATA[https://www.goodreads.com/author/show/34589.Boris_Akunin]]></link>
</author>
</authors>
</book>

          <book>
<id>191881</id>
<title><![CDATA[The Riddle of the Third Mile (Inspector Morse, #6)]]></title>
<title_without_series>The Riddle of the Third Mile</title_without_series>
<link><![CDATA[https://www.goodreads.com/book/show/191881.The_Riddle_of_the_Third_Mile]]></link>
<small_image_url><![CDATA[https://images.gr-assets.com/books/1343027131s/191881.jpg]]></small_image_url>
<image_url><![CDATA[https://images.gr-assets.com/books/1343027131m/191881.jpg]]></image_url>
<num_pages></num_pages>
<work>
<id>6751457</id>
</work>
<isbn>0804114889</isbn>
<isbn13>9780804114882</isbn13>
<average_rating>3.86</average_rating>
<ratings_count>1812</ratings_count>
<publication_year></publication_year>
<publication_month></publication_month>
<publication_day></publication_day>
<authors>
<author>
<id>43698</id>
<name>Colin Dexter</name>
<link><![CDATA[https://www.goodreads.com/author/show/43698.Colin_Dexter]]></link>
</author>
</authors>
</book>

          <book>
<id>77259</id>
<title><![CDATA[O Jerusalem (Mary Russell, #5)]]></title>
<title_without_series>O Jerusalem</title_without_series>
<link><![CDATA[https://www.goodreads.com/book/show/77259.O_Jerusalem]]></link>
<small_image_url><![CDATA[https://s.gr-assets.com/assets/nophoto/book/50x75-a91bf249278a81aabab721ef782c4a74.png]]></small_image_url>
<image_url><![CDATA[https://s.gr-assets.com/assets/nophoto/book/111x148-bcc042a9c91a29c1d680899eff700a03.png]]></image_url>
<num_pages>425</num_pages>
<work>
<id>2570140</id>
</work>
<isbn>0553581058</isbn>
<isbn13>9780553581058</isbn13>
<average_rating>4.15</average_rating>
<ratings_count>13708</ratings_count>
<publication_year>2000</publication_year>
<publication_month>6</publication_month>
<publication_day>28</publication_day>
<authors>
<author>
<id>6760</id>
<name>Laurie R. King</name>
<link><![CDATA[https://www.goodreads.com/author/show/6760.Laurie_R_King]]></link>
</author>
</authors>
</book>

          <book>
<id>76104</id>
<title><![CDATA[The Exploits of Sherlock Holmes]]></title>
<title_without_series><![CDATA[The Exploits of Sherlock Holmes]]></title_without_series>
<link><![CDATA[https://www.goodreads.com/book/show/76104.The_Exploits_of_Sherlock_Holmes]]></link>
<small_image_url><![CDATA[https://s.gr-assets.com/assets/nophoto/book/50x75-a91bf249278a81aabab721ef782c4a74.png]]></small_image_url>
<image_url><![CDATA[https://s.gr-assets.com/assets/nophoto/book/111x148-bcc042a9c91a29c1d680899eff700a03.png]]></image_url>
<num_pages>338</num_pages>
<work>
<id>73626</id>
</work>
<isbn>0517203383</isbn>
<isbn13>9780517203385</isbn13>
<average_rating>4.40</average_rating>
<ratings_count>26391</ratings_count>
<publication_year></publication_year>
<publication_month></publication_month>
<publication_day></publication_day>
<authors>
<author>
<id>43274</id>
<name>Adrian Conan Doyle</name>
<link><![CDATA[https://www.goodreads.com/author/show/43274.Adrian_Conan_Doyle]]></link>
</author>
</authors>
</book>

          <book>
<id>6390031</id>
<title><![CDATA[The Improbable Adventures of Sherlock Holmes]]></title>
<title_without_series><![CDATA[The Improbable Adventures of Sherlock Holmes]]></title_without_series>
<link><![CDATA[https://www.goodreads.com/book/show/6390031-the-improbable-adventures-of-sherlock-holmes]]></link>
<small_image_url><![CDATA[https://images.gr-assets.com/books/1391343317s/6390031.jpg]]></small_image_url>
<image_url><![CDATA[https://images.gr-assets.com/books/1391343317m/6390031.jpg]]></image_url>
<num_pages>454</num_pages>
<work>
<id>6578427</id>
</work>
<isbn>1597801607</isbn>
<isbn13>9781597801607</isbn13>
<average_rating>4.37</average_rating>
<ratings_count>16720</ratings_count>
<publication_year>2009</publication_year>
<publication_month>9</publication_month>
<publication_day>15</publication_day>
<authors>
<author>
<id>1161372</id>
<name>John Joseph Adams</name>
<link><![CDATA[https://www.goodreads.com/author/show/1161372.John_Joseph_Adams]]></link>
</author>
</authors>
</book>

  </similar_books>
</book>

</GoodreadsResponse>