<?xml version="1.0" encoding="UTF-8"?>
<GoodreadsResponse>
  <Request>
    <authentication>true</authentication>
      <key><![CDATA[all_men_must_serve]]></key>
    <method><![CDATA[book_show]]></method>
  </Request>
  <book>
  <id>10295484</id>
  <title>Heart on a Chain</title>
  <isbn><![CDATA[]]></isbn>
  <isbn13><![CDATA[]]></isbn13>
  <asin><![CDATA[B004JF4KNK]]></asin>
  <kindle_asin><![CDATA[B004JF4KNK]]></kindle_asin>
  <marketplace_id><![CDATA[A1F83G8C2ARO7P]]></marketplace_id>
  <country_code><![CDATA[GB]]></country_code>
  <image_url>https://images.gr-assets.com/books/1326962009m/10295484.jpg</image_url>
  <small_image_url>https://images.gr-assets.com/books/1326962009s/10295484.jpg</small_image_url>
  <publication_year>2011</publication_year>
  <publication_month>1</publication_month>
  <publication_day>15</publication_day>
  <publisher></publisher>
  <language_code>en-GB</language_code>
  <is_ebook>true</is_ebook>
  <description><![CDATA[17-year-old Kate has lived her whole life in abject poverty, with an alcoholic father and drug-addicted mother, who severely abuses Kate. At school, her second-hand clothing marks her as a target. Her refusal to stand up for herself makes her the recipient of her classmates taunts and bullying. That is, until Henry returns. <br /><br />Henry Jamison moved away six years earlier, just as he and Kate had begun an to develop feelings for one another. He returns to find the bright, funny, outgoing girl he had known now timidly hiding in corners, barely speaking to anyone around her, suspicious of even him. <br /><br />Kate can’t figure out what game Henry is playing with her - for surely it is a game. What else would the gorgeous, popular boy from her past want with her? <br /><br />Kate finally decides to trust Henry’s intentions, opening her heart to him. Just when it seems he might be genuine in his friendship, tragedy strikes, threatening everything Kate has worked so hard to gain. Can Henry help her to overcome this new devastation, or will it tear them apart forever?]]></description>
  <work>
  <id type="integer">15197369</id>
  <books_count type="integer">6</books_count>
  <best_book_id type="integer">10295484</best_book_id>
  <reviews_count type="integer">30961</reviews_count>
  <ratings_sum type="integer">66013</ratings_sum>
  <ratings_count type="integer">16342</ratings_count>
  <text_reviews_count type="integer">1003</text_reviews_count>
  <original_publication_year type="integer">2010</original_publication_year>
  <original_publication_month type="integer">12</original_publication_month>
  <original_publication_day type="integer">22</original_publication_day>
  <original_title>Heart on a Chain</original_title>
  <original_language_id type="integer" nil="true"/>
  <media_type>book</media_type>
  <rating_dist>5:6672|4:5431|3:2906|2:878|1:455|total:16342</rating_dist>
  <desc_user_id type="integer">989638</desc_user_id>
  <default_chaptering_book_id type="integer" nil="true"/>
  <default_description_language_code nil="true"/>
</work>
  <average_rating>4.04</average_rating>
  <num_pages><![CDATA[322]]></num_pages>
  <format><![CDATA[]]></format>
  <edition_information><![CDATA[]]></edition_information>
  <ratings_count><![CDATA[16010]]></ratings_count>
  <text_reviews_count><![CDATA[924]]></text_reviews_count>
  <url><![CDATA[https://www.goodreads.com/book/show/10295484-heart-on-a-chain]]></url>
  <link><![CDATA[https://www.goodreads.com/book/show/10295484-heart-on-a-chain]]></link>
  <authors>
<author>
<id>4116333</id>
<name>Cindy C. Bennett</name>
<role></role>
<image_url nophoto='false'>
<![CDATA[https://images.gr-assets.com/authors/1315471515p5/4116333.jpg]]>
</image_url>
<small_image_url nophoto='false'>
<![CDATA[https://images.gr-assets.com/authors/1315471515p2/4116333.jpg]]>
</small_image_url>
<link><![CDATA[https://www.goodreads.com/author/show/4116333.Cindy_C_Bennett]]></link>
<average_rating>3.95</average_rating>
<ratings_count>27632</ratings_count>
<text_reviews_count>2412</text_reviews_count>
</author>
</authors>

    <reviews_widget>
      <![CDATA[
        <style>
  #goodreads-widget {
    font-family: georgia, serif;
    padding: 18px 0;
    width:565px;
  }
  #goodreads-widget h1 {
    font-weight:normal;
    font-size: 16px;
    border-bottom: 1px solid #BBB596;
    margin-bottom: 0;
  }
  #goodreads-widget a {
    text-decoration: none;
    color:#660;
  }
  iframe{
    background-color: #fff;
  }
  #goodreads-widget a:hover { text-decoration: underline; }
  #goodreads-widget a:active {
    color:#660;
  }
  #gr_footer {
    width: 100%;
    border-top: 1px solid #BBB596;
    text-align: right;
  }
  #goodreads-widget .gr_branding{
    color: #382110;
    font-size: 11px;
    text-decoration: none;
    font-family: "Helvetica Neue", Helvetica, Arial, sans-serif;
  }
</style>
<div id="goodreads-widget">
  <div id="gr_header"><h1><a rel="nofollow" href="https://www.goodreads.com/book/show/10295484-heart-on-a-chain">Heart on a Chain Reviews</a></h1></div>
  <iframe id="the_iframe" src="https://www.goodreads.com/api/reviews_widget_iframe?did=DEVELOPER_ID&amp;format=html&amp;isbn=B004JF4KNK&amp;links=660&amp;min_rating=&amp;review_back=fff&amp;stars=000&amp;text=000" width="565" height="400" frameborder="0"></iframe>
  <div id="gr_footer">
    <a class="gr_branding" target="_blank" rel="nofollow" href="https://www.goodreads.com/book/show/10295484-heart-on-a-chain?utm_medium=api&amp;utm_source=reviews_widget">Reviews from Goodreads.com</a>
  </div>
</div>

      ]]>
    </reviews_widget>
  <popular_shelves>
      <shelf name="to-read" count="13197"/>
      <shelf name="favorites" count="366"/>
      <shelf name="young-adult" count="297"/>
      <shelf name="currently-reading" count="255"/>
      <shelf name="romance" count="254"/>
      <shelf name="ya" count="173"/>
      <shelf name="abuse" count="148"/>
      <shelf name="contemporary" count="137"/>
      <shelf name="high-school" count="65"/>
      <shelf name="kindle" count="56"/>
      <shelf name="made-me-cry" count="46"/>
      <shelf name="realistic-fiction" count="44"/>
      <shelf name="contemporary-romance" count="39"/>
      <shelf name="stand-alone" count="36"/>
      <shelf name="favourites" count="34"/>
      <shelf name="new-adult" count="33"/>
      <shelf name="chick-lit" count="33"/>
      <shelf name="ebook" count="33"/>
      <shelf name="ya-romance" count="31"/>
      <shelf name="5-stars" count="30"/>
      <shelf name="read-in-2012" count="29"/>
      <shelf name="drama" count="29"/>
      <shelf name="ebooks" count="22"/>
      <shelf name="love" count="21"/>
      <shelf name="fiction" count="20"/>
      <shelf name="young-adult-romance" count="19"/>
      <shelf name="wish-list" count="19"/>
      <shelf name="ya-contemporary" count="17"/>
      <shelf name="maybe" count="16"/>
      <shelf name="e-book" count="16"/>
      <shelf name="4-stars" count="15"/>
      <shelf name="favorite" count="15"/>
      <shelf name="tear-jerker" count="14"/>
      <shelf name="my-favorites" count="14"/>
      <shelf name="read-in-2013" count="13"/>
      <shelf name="dnf" count="13"/>
      <shelf name="friends-to-lovers" count="13"/>
      <shelf name="loved-it" count="13"/>
      <shelf name="kindle-books" count="13"/>
      <shelf name="bullying" count="13"/>
      <shelf name="to-buy" count="13"/>
      <shelf name="standalone" count="12"/>
      <shelf name="dark" count="12"/>
      <shelf name="tearjerker" count="12"/>
      <shelf name="sad" count="12"/>
      <shelf name="faves" count="12"/>
      <shelf name="teen-romance" count="12"/>
      <shelf name="favorite-books" count="12"/>
      <shelf name="abused-heroine" count="12"/>
      <shelf name="books-i-own" count="12"/>
      <shelf name="book-boyfriend" count="11"/>
      <shelf name="high-school-romance" count="11"/>
      <shelf name="owned" count="11"/>
      <shelf name="teen" count="11"/>
      <shelf name="favourite" count="11"/>
      <shelf name="stand-alones" count="10"/>
      <shelf name="heart-wrenching" count="10"/>
      <shelf name="emotional" count="10"/>
      <shelf name="abandoned" count="10"/>
      <shelf name="abused" count="10"/>
      <shelf name="e-books" count="10"/>
      <shelf name="realistic" count="10"/>
      <shelf name="loved" count="9"/>
      <shelf name="not-at-library" count="9"/>
      <shelf name="books-that-made-me-cry" count="9"/>
      <shelf name="all-time-favorites" count="9"/>
      <shelf name="nook" count="9"/>
      <shelf name="2011-reads" count="9"/>
      <shelf name="ya-fiction" count="9"/>
      <shelf name="leídos" count="8"/>
      <shelf name="angsty" count="8"/>
      <shelf name="books" count="8"/>
      <shelf name="favoritos" count="8"/>
      <shelf name="coming-of-age" count="8"/>
      <shelf name="tear-jerkers" count="8"/>
      <shelf name="read-in-2011" count="8"/>
      <shelf name="read-in-2014" count="7"/>
      <shelf name="angst" count="7"/>
      <shelf name="novels" count="7"/>
      <shelf name="sweet" count="7"/>
      <shelf name="book-boyfriends" count="7"/>
      <shelf name="2012-reads" count="7"/>
      <shelf name="heartbreaking" count="7"/>
      <shelf name="love-stories" count="7"/>
      <shelf name="indie" count="7"/>
      <shelf name="reviewed" count="7"/>
      <shelf name="second-chance-romance" count="6"/>
      <shelf name="not-interested" count="6"/>
      <shelf name="read-2013" count="6"/>
      <shelf name="4-star" count="6"/>
      <shelf name="cindy-c-bennett" count="6"/>
      <shelf name="highschool" count="6"/>
      <shelf name="disturbing" count="6"/>
      <shelf name="re-read" count="6"/>
      <shelf name="stand-alone-books" count="6"/>
      <shelf name="want-to-read" count="6"/>
      <shelf name="epub" count="6"/>
      <shelf name="to-read-next" count="6"/>
      <shelf name="death" count="6"/>
      <shelf name="favs" count="6"/>
  </popular_shelves>
  <book_links>
    <book_link>
  <id>8</id>
  <name>Libraries</name>
  <link>https://www.goodreads.com/book_link/follow/8</link>
</book_link>

  </book_links>
  <buy_links>
    <buy_link>
<id>1</id>
<name>Amazon</name>
<link>https://www.goodreads.com/book_link/follow/1</link>
</buy_link>
<buy_link>
<id>10</id>
<name>Audible</name>
<link>https://www.goodreads.com/book_link/follow/10</link>
</buy_link>
<buy_link>
<id>3</id>
<name>Barnes &amp; Noble</name>
<link>https://www.goodreads.com/book_link/follow/3</link>
</buy_link>
<buy_link>
<id>1027</id>
<name>Kobo</name>
<link>https://www.goodreads.com/book_link/follow/1027</link>
</buy_link>
<buy_link>
<id>2102</id>
<name>Apple iBooks</name>
<link>https://www.goodreads.com/book_link/follow/2102</link>
</buy_link>
<buy_link>
<id>8036</id>
<name>Google Play</name>
<link>https://www.goodreads.com/book_link/follow/8036</link>
</buy_link>
<buy_link>
<id>4</id>
<name>Abebooks</name>
<link>https://www.goodreads.com/book_link/follow/4</link>
</buy_link>
<buy_link>
<id>882</id>
<name>Book Depository</name>
<link>https://www.goodreads.com/book_link/follow/882</link>
</buy_link>
<buy_link>
<id>9</id>
<name>Indigo</name>
<link>https://www.goodreads.com/book_link/follow/9</link>
</buy_link>
<buy_link>
<id>2</id>
<name>Half.com</name>
<link>https://www.goodreads.com/book_link/follow/2</link>
</buy_link>
<buy_link>
<id>5</id>
<name>Alibris</name>
<link>https://www.goodreads.com/book_link/follow/5</link>
</buy_link>
<buy_link>
<id>107</id>
<name>Better World Books</name>
<link>https://www.goodreads.com/book_link/follow/107</link>
</buy_link>
<buy_link>
<id>7</id>
<name>IndieBound</name>
<link>https://www.goodreads.com/book_link/follow/7</link>
</buy_link>

  </buy_links>
  <series_works>
    
  </series_works>
  <similar_books>
          <book>
<id>13562547</id>
<title>Wishing for Someday Soon</title>
<title_without_series>Wishing for Someday Soon</title_without_series>
<link><![CDATA[https://www.goodreads.com/book/show/13562547-wishing-for-someday-soon]]></link>
<small_image_url><![CDATA[https://images.gr-assets.com/books/1332850433s/13562547.jpg]]></small_image_url>
<image_url><![CDATA[https://images.gr-assets.com/books/1332850433m/13562547.jpg]]></image_url>
<num_pages>288</num_pages>
<work>
<id>19138167</id>
</work>
<isbn></isbn>
<isbn13></isbn13>
<average_rating>3.99</average_rating>
<ratings_count>6051</ratings_count>
<publication_year>2012</publication_year>
<publication_month>3</publication_month>
<publication_day>25</publication_day>
<authors>
<author>
<id>4719619</id>
<name>Tiffany King</name>
<link><![CDATA[https://www.goodreads.com/author/show/4719619.Tiffany_King]]></link>
</author>
</authors>
</book>

          <book>
<id>10380227</id>
<title>Unlovable (Port Fare, #1)</title>
<title_without_series>Unlovable</title_without_series>
<link><![CDATA[https://www.goodreads.com/book/show/10380227-unlovable]]></link>
<small_image_url><![CDATA[https://images.gr-assets.com/books/1306464905s/10380227.jpg]]></small_image_url>
<image_url><![CDATA[https://images.gr-assets.com/books/1306464905m/10380227.jpg]]></image_url>
<num_pages>520</num_pages>
<work>
<id>15283707</id>
</work>
<isbn></isbn>
<isbn13></isbn13>
<average_rating>4.05</average_rating>
<ratings_count>6136</ratings_count>
<publication_year>2011</publication_year>
<publication_month>1</publication_month>
<publication_day>19</publication_day>
<authors>
<author>
<id>4623294</id>
<name>Sherry Gammon</name>
<link><![CDATA[https://www.goodreads.com/author/show/4623294.Sherry_Gammon]]></link>
</author>
</authors>
</book>

          <book>
<id>6796044</id>
<title><![CDATA[October Breezes (October Breezes #1)]]></title>
<title_without_series>October Breezes</title_without_series>
<link><![CDATA[https://www.goodreads.com/book/show/6796044-october-breezes]]></link>
<small_image_url><![CDATA[https://images.gr-assets.com/books/1327288260s/6796044.jpg]]></small_image_url>
<image_url><![CDATA[https://images.gr-assets.com/books/1327288260m/6796044.jpg]]></image_url>
<num_pages>262</num_pages>
<work>
<id>7001160</id>
</work>
<isbn>1448646065</isbn>
<isbn13>9781448646067</isbn13>
<average_rating>3.69</average_rating>
<ratings_count>1991</ratings_count>
<publication_year>2009</publication_year>
<publication_month>8</publication_month>
<publication_day>4</publication_day>
<authors>
<author>
<id>2957043</id>
<name>Maria Rachel Hooley</name>
<link><![CDATA[https://www.goodreads.com/author/show/2957043.Maria_Rachel_Hooley]]></link>
</author>
</authors>
</book>

          <book>
<id>12021559</id>
<title>Sophie &amp; Carter</title>
<title_without_series>Sophie &amp; Carter</title_without_series>
<link><![CDATA[https://www.goodreads.com/book/show/12021559-sophie-carter]]></link>
<small_image_url><![CDATA[https://s.gr-assets.com/assets/nophoto/book/50x75-a91bf249278a81aabab721ef782c4a74.png]]></small_image_url>
<image_url><![CDATA[https://s.gr-assets.com/assets/nophoto/book/111x148-bcc042a9c91a29c1d680899eff700a03.png]]></image_url>
<num_pages>117</num_pages>
<work>
<id>16796680</id>
</work>
<isbn>1935089447</isbn>
<isbn13>9781935089445</isbn13>
<average_rating>3.83</average_rating>
<ratings_count>13422</ratings_count>
<publication_year>2011</publication_year>
<publication_month>7</publication_month>
<publication_day>25</publication_day>
<authors>
<author>
<id>4984399</id>
<name>Chelsea Fine</name>
<link><![CDATA[https://www.goodreads.com/author/show/4984399.Chelsea_Fine]]></link>
</author>
</authors>
</book>

          <book>
<id>10801027</id>
<title><![CDATA[Cross My Heart (Cross My Heart, #1)]]></title>
<title_without_series>Cross My Heart</title_without_series>
<link><![CDATA[https://www.goodreads.com/book/show/10801027-cross-my-heart]]></link>
<small_image_url><![CDATA[https://images.gr-assets.com/books/1327886049s/10801027.jpg]]></small_image_url>
<image_url><![CDATA[https://images.gr-assets.com/books/1327886049m/10801027.jpg]]></image_url>
<num_pages>225</num_pages>
<work>
<id>15714317</id>
</work>
<isbn></isbn>
<isbn13>1230000005499</isbn13>
<average_rating>3.92</average_rating>
<ratings_count>17967</ratings_count>
<publication_year>2011</publication_year>
<publication_month>3</publication_month>
<publication_day>15</publication_day>
<authors>
<author>
<id>4503081</id>
<name>Katie Klein</name>
<link><![CDATA[https://www.goodreads.com/author/show/4503081.Katie_Klein]]></link>
</author>
</authors>
</book>

          <book>
<id>13563050</id>
<title>Fragile</title>
<title_without_series>Fragile</title_without_series>
<link><![CDATA[https://www.goodreads.com/book/show/13563050-fragile]]></link>
<small_image_url><![CDATA[https://images.gr-assets.com/books/1332879541s/13563050.jpg]]></small_image_url>
<image_url><![CDATA[https://images.gr-assets.com/books/1332879541m/13563050.jpg]]></image_url>
<num_pages>296</num_pages>
<work>
<id>19139048</id>
</work>
<isbn>1475158378</isbn>
<isbn13>9781475158373</isbn13>
<average_rating>4.02</average_rating>
<ratings_count>3756</ratings_count>
<publication_year>2012</publication_year>
<publication_month>4</publication_month>
<publication_day>6</publication_day>
<authors>
<author>
<id>1152263</id>
<name>M. Leighton</name>
<link><![CDATA[https://www.goodreads.com/author/show/1152263.M_Leighton]]></link>
</author>
</authors>
</book>

          <book>
<id>6862664</id>
<title>His Eyes</title>
<title_without_series>His Eyes</title_without_series>
<link><![CDATA[https://www.goodreads.com/book/show/6862664-his-eyes]]></link>
<small_image_url><![CDATA[https://images.gr-assets.com/books/1311093780s/6862664.jpg]]></small_image_url>
<image_url><![CDATA[https://images.gr-assets.com/books/1311093780m/6862664.jpg]]></image_url>
<num_pages></num_pages>
<work>
<id>7077599</id>
</work>
<isbn>1432742132</isbn>
<isbn13>9781432742133</isbn13>
<average_rating>3.77</average_rating>
<ratings_count>8228</ratings_count>
<publication_year></publication_year>
<publication_month></publication_month>
<publication_day></publication_day>
<authors>
<author>
<id>3075526</id>
<name>Renee Carter</name>
<link><![CDATA[https://www.goodreads.com/author/show/3075526.Renee_Carter]]></link>
</author>
</authors>
</book>

          <book>
<id>16112452</id>
<title>Almost</title>
<title_without_series>Almost</title_without_series>
<link><![CDATA[https://www.goodreads.com/book/show/16112452-almost]]></link>
<small_image_url><![CDATA[https://images.gr-assets.com/books/1351368276s/16112452.jpg]]></small_image_url>
<image_url><![CDATA[https://images.gr-assets.com/books/1351368276m/16112452.jpg]]></image_url>
<num_pages>366</num_pages>
<work>
<id>19013170</id>
</work>
<isbn></isbn>
<isbn13></isbn13>
<average_rating>3.81</average_rating>
<ratings_count>14715</ratings_count>
<publication_year>2012</publication_year>
<publication_month>2</publication_month>
<publication_day>1</publication_day>
<authors>
<author>
<id>5752652</id>
<name>Anne Eliot</name>
<link><![CDATA[https://www.goodreads.com/author/show/5752652.Anne_Eliot]]></link>
</author>
</authors>
</book>

          <book>
<id>11419693</id>
<title><![CDATA[Rock and a Hard Place (The Jamieson Collection, #1)]]></title>
<title_without_series>Rock and a Hard Place</title_without_series>
<link><![CDATA[https://www.goodreads.com/book/show/11419693-rock-and-a-hard-place]]></link>
<small_image_url><![CDATA[https://images.gr-assets.com/books/1327887424s/11419693.jpg]]></small_image_url>
<image_url><![CDATA[https://images.gr-assets.com/books/1327887424m/11419693.jpg]]></image_url>
<num_pages>207</num_pages>
<work>
<id>16352764</id>
</work>
<isbn></isbn>
<isbn13></isbn13>
<average_rating>3.77</average_rating>
<ratings_count>9564</ratings_count>
<publication_year>2011</publication_year>
<publication_month>5</publication_month>
<publication_day>3</publication_day>
<authors>
<author>
<id>3198692</id>
<name>Angie Stanton</name>
<link><![CDATA[https://www.goodreads.com/author/show/3198692.Angie_Stanton]]></link>
</author>
</authors>
</book>

          <book>
<id>12397954</id>
<title>A Little Less Girl</title>
<title_without_series>A Little Less Girl</title_without_series>
<link><![CDATA[https://www.goodreads.com/book/show/12397954-a-little-less-girl]]></link>
<small_image_url><![CDATA[https://images.gr-assets.com/books/1327886283s/12397954.jpg]]></small_image_url>
<image_url><![CDATA[https://images.gr-assets.com/books/1327886283m/12397954.jpg]]></image_url>
<num_pages>236</num_pages>
<work>
<id>17379217</id>
</work>
<isbn></isbn>
<isbn13></isbn13>
<average_rating>3.80</average_rating>
<ratings_count>2368</ratings_count>
<publication_year>2011</publication_year>
<publication_month>8</publication_month>
<publication_day>18</publication_day>
<authors>
<author>
<id>4178161</id>
<name>Tess Oliver</name>
<link><![CDATA[https://www.goodreads.com/author/show/4178161.Tess_Oliver]]></link>
</author>
</authors>
</book>

          <book>
<id>13122965</id>
<title><![CDATA[Callum & Harper (Sleepless, #1)]]></title>
<title_without_series>Callum &amp; Harper</title_without_series>
<link><![CDATA[https://www.goodreads.com/book/show/13122965-callum-harper]]></link>
<small_image_url><![CDATA[https://images.gr-assets.com/books/1322521960s/13122965.jpg]]></small_image_url>
<image_url><![CDATA[https://images.gr-assets.com/books/1322521960m/13122965.jpg]]></image_url>
<num_pages>256</num_pages>
<work>
<id>18298587</id>
</work>
<isbn></isbn>
<isbn13>2940013873797</isbn13>
<average_rating>3.92</average_rating>
<ratings_count>12404</ratings_count>
<publication_year>2011</publication_year>
<publication_month>12</publication_month>
<publication_day>24</publication_day>
<authors>
<author>
<id>4849669</id>
<name>Fisher Amelie</name>
<link><![CDATA[https://www.goodreads.com/author/show/4849669.Fisher_Amelie]]></link>
</author>
</authors>
</book>

          <book>
<id>13366929</id>
<title>What I Didn&apos;t Say</title>
<title_without_series>What I Didn&apos;t Say</title_without_series>
<link><![CDATA[https://www.goodreads.com/book/show/13366929-what-i-didn-t-say]]></link>
<small_image_url><![CDATA[https://images.gr-assets.com/books/1355090370s/13366929.jpg]]></small_image_url>
<image_url><![CDATA[https://images.gr-assets.com/books/1355090370m/13366929.jpg]]></image_url>
<num_pages>336</num_pages>
<work>
<id>18595863</id>
</work>
<isbn>1475156456</isbn>
<isbn13>9781475156454</isbn13>
<average_rating>3.97</average_rating>
<ratings_count>7087</ratings_count>
<publication_year>2012</publication_year>
<publication_month>4</publication_month>
<publication_day>30</publication_day>
<authors>
<author>
<id>3420702</id>
<name>Keary Taylor</name>
<link><![CDATA[https://www.goodreads.com/author/show/3420702.Keary_Taylor]]></link>
</author>
</authors>
</book>

          <book>
<id>11574568</id>
<title>Jocelyn&apos;s Choice</title>
<title_without_series>Jocelyn&apos;s Choice</title_without_series>
<link><![CDATA[https://www.goodreads.com/book/show/11574568-jocelyn-s-choice]]></link>
<small_image_url><![CDATA[https://s.gr-assets.com/assets/nophoto/book/50x75-a91bf249278a81aabab721ef782c4a74.png]]></small_image_url>
<image_url><![CDATA[https://s.gr-assets.com/assets/nophoto/book/111x148-bcc042a9c91a29c1d680899eff700a03.png]]></image_url>
<num_pages></num_pages>
<work>
<id>16515567</id>
</work>
<isbn></isbn>
<isbn13>9781605923215</isbn13>
<average_rating>3.78</average_rating>
<ratings_count>2807</ratings_count>
<publication_year>2011</publication_year>
<publication_month>6</publication_month>
<publication_day>6</publication_day>
<authors>
<author>
<id>4911377</id>
<name>Ella Jade</name>
<link><![CDATA[https://www.goodreads.com/author/show/4911377.Ella_Jade]]></link>
</author>
</authors>
</book>

          <book>
<id>7504833</id>
<title>Finding Home</title>
<title_without_series>Finding Home</title_without_series>
<link><![CDATA[https://www.goodreads.com/book/show/7504833-finding-home]]></link>
<small_image_url><![CDATA[https://images.gr-assets.com/books/1264477723s/7504833.jpg]]></small_image_url>
<image_url><![CDATA[https://images.gr-assets.com/books/1264477723m/7504833.jpg]]></image_url>
<num_pages>316</num_pages>
<work>
<id>9683803</id>
</work>
<isbn>1599983052</isbn>
<isbn13>9781599983059</isbn13>
<average_rating>3.92</average_rating>
<ratings_count>5866</ratings_count>
<publication_year>2007</publication_year>
<publication_month>1</publication_month>
<publication_day>1</publication_day>
<authors>
<author>
<id>1166852</id>
<name>Lauren Baker</name>
<link><![CDATA[https://www.goodreads.com/author/show/1166852.Lauren_Baker]]></link>
</author>
</authors>
</book>

          <book>
<id>18597016</id>
<title><![CDATA[Chasing Nikki (Chasing Nikki, #1)]]></title>
<title_without_series>Chasing Nikki</title_without_series>
<link><![CDATA[https://www.goodreads.com/book/show/18597016-chasing-nikki]]></link>
<small_image_url><![CDATA[https://images.gr-assets.com/books/1380506252s/18597016.jpg]]></small_image_url>
<image_url><![CDATA[https://images.gr-assets.com/books/1380506252m/18597016.jpg]]></image_url>
<num_pages>322</num_pages>
<work>
<id>19009999</id>
</work>
<isbn></isbn>
<isbn13></isbn13>
<average_rating>3.97</average_rating>
<ratings_count>12628</ratings_count>
<publication_year>2012</publication_year>
<publication_month>2</publication_month>
<publication_day>27</publication_day>
<authors>
<author>
<id>3297510</id>
<name>Lacey Weatherford</name>
<link><![CDATA[https://www.goodreads.com/author/show/3297510.Lacey_Weatherford]]></link>
</author>
</authors>
</book>

          <book>
<id>13636617</id>
<title><![CDATA[What a Boy Needs (What a Boy Wants, #2)]]></title>
<title_without_series>What a Boy Needs</title_without_series>
<link><![CDATA[https://www.goodreads.com/book/show/13636617-what-a-boy-needs]]></link>
<small_image_url><![CDATA[https://images.gr-assets.com/books/1336418434s/13636617.jpg]]></small_image_url>
<image_url><![CDATA[https://images.gr-assets.com/books/1336418434m/13636617.jpg]]></image_url>
<num_pages>124</num_pages>
<work>
<id>19248379</id>
</work>
<isbn></isbn>
<isbn13>2940014792141</isbn13>
<average_rating>3.87</average_rating>
<ratings_count>3950</ratings_count>
<publication_year>2012</publication_year>
<publication_month>6</publication_month>
<publication_day></publication_day>
<authors>
<author>
<id>5784345</id>
<name>Nyrae Dawn</name>
<link><![CDATA[https://www.goodreads.com/author/show/5784345.Nyrae_Dawn]]></link>
</author>
</authors>
</book>

          <book>
<id>15989066</id>
<title>Emerge</title>
<title_without_series>Emerge</title_without_series>
<link><![CDATA[https://www.goodreads.com/book/show/15989066-emerge]]></link>
<small_image_url><![CDATA[https://images.gr-assets.com/books/1346773972s/15989066.jpg]]></small_image_url>
<image_url><![CDATA[https://images.gr-assets.com/books/1346773972m/15989066.jpg]]></image_url>
<num_pages>192</num_pages>
<work>
<id>21744409</id>
</work>
<isbn></isbn>
<isbn13></isbn13>
<average_rating>3.65</average_rating>
<ratings_count>1588</ratings_count>
<publication_year>2012</publication_year>
<publication_month>9</publication_month>
<publication_day>4</publication_day>
<authors>
<author>
<id>6519682</id>
<name>Lila Felix</name>
<link><![CDATA[https://www.goodreads.com/author/show/6519682.Lila_Felix]]></link>
</author>
</authors>
</book>

          <book>
<id>7268423</id>
<title>The Stillburrow Crush</title>
<title_without_series>The Stillburrow Crush</title_without_series>
<link><![CDATA[https://www.goodreads.com/book/show/7268423-the-stillburrow-crush]]></link>
<small_image_url><![CDATA[https://s.gr-assets.com/assets/nophoto/book/50x75-a91bf249278a81aabab721ef782c4a74.png]]></small_image_url>
<image_url><![CDATA[https://s.gr-assets.com/assets/nophoto/book/111x148-bcc042a9c91a29c1d680899eff700a03.png]]></image_url>
<num_pages>202</num_pages>
<work>
<id>8384760</id>
</work>
<isbn></isbn>
<isbn13></isbn13>
<average_rating>3.64</average_rating>
<ratings_count>7327</ratings_count>
<publication_year>2010</publication_year>
<publication_month>2</publication_month>
<publication_day>26</publication_day>
<authors>
<author>
<id>3213942</id>
<name>Linda Kage</name>
<link><![CDATA[https://www.goodreads.com/author/show/3213942.Linda_Kage]]></link>
</author>
</authors>
</book>

  </similar_books>
</book>

</GoodreadsResponse>