<?xml version="1.0" encoding="UTF-8"?>
<GoodreadsResponse>
  <Request>
    <authentication>true</authentication>
      <key><![CDATA[all_men_must_serve]]></key>
    <method><![CDATA[book_show]]></method>
  </Request>
  <book>
  <id>102957</id>
  <title><![CDATA[Preacher, Volume 6: War in the Sun]]></title>
  <isbn><![CDATA[1563894904]]></isbn>
  <isbn13><![CDATA[9781563894909]]></isbn13>
  <asin><![CDATA[]]></asin>
  <kindle_asin><![CDATA[]]></kindle_asin>
  <marketplace_id><![CDATA[]]></marketplace_id>
  <country_code><![CDATA[GB]]></country_code>
  <image_url>https://s.gr-assets.com/assets/nophoto/book/111x148-bcc042a9c91a29c1d680899eff700a03.png</image_url>
  <small_image_url>https://s.gr-assets.com/assets/nophoto/book/50x75-a91bf249278a81aabab721ef782c4a74.png</small_image_url>
  <publication_year>1999</publication_year>
  <publication_month>3</publication_month>
  <publication_day>1</publication_day>
  <publisher>Vertigo</publisher>
  <language_code>eng</language_code>
  <is_ebook>false</is_ebook>
  <description><![CDATA[The Reverend Jesse Custer faces his deadliest challenge yet in this, the sixth Preacher collection. Jesse, along with his gun-toting girlfriend, Tulip, and the hard-drinking Irish vampire Cassidy, faces a deadly showdown in the desert with the ruthless Starr and the forces of the U.S. military -- including a nuclear warhead.]]></description>
  <work>
  <id type="integer">99260</id>
  <books_count type="integer">12</books_count>
  <best_book_id type="integer">102957</best_book_id>
  <reviews_count type="integer">20598</reviews_count>
  <ratings_sum type="integer">72872</ratings_sum>
  <ratings_count type="integer">16802</ratings_count>
  <text_reviews_count type="integer">206</text_reviews_count>
  <original_publication_year type="integer">1999</original_publication_year>
  <original_publication_month type="integer">3</original_publication_month>
  <original_publication_day type="integer">1</original_publication_day>
  <original_title>Preacher: War in the Sun</original_title>
  <original_language_id type="integer" nil="true"/>
  <media_type>book</media_type>
  <rating_dist>5:9146|4:5069|3:1931|2:417|1:239|total:16802</rating_dist>
  <desc_user_id type="integer">-51</desc_user_id>
  <default_chaptering_book_id type="integer" nil="true"/>
  <default_description_language_code nil="true"/>
</work>
  <average_rating>4.34</average_rating>
  <num_pages><![CDATA[240]]></num_pages>
  <format><![CDATA[Paperback]]></format>
  <edition_information><![CDATA[]]></edition_information>
  <ratings_count><![CDATA[16539]]></ratings_count>
  <text_reviews_count><![CDATA[186]]></text_reviews_count>
  <url><![CDATA[https://www.goodreads.com/book/show/102957.Preacher_Volume_6]]></url>
  <link><![CDATA[https://www.goodreads.com/book/show/102957.Preacher_Volume_6]]></link>
  <authors>
<author>
<id>14965</id>
<name>Garth Ennis</name>
<role></role>
<image_url nophoto='false'>
<![CDATA[https://images.gr-assets.com/authors/1242438038p5/14965.jpg]]>
</image_url>
<small_image_url nophoto='false'>
<![CDATA[https://images.gr-assets.com/authors/1242438038p2/14965.jpg]]>
</small_image_url>
<link><![CDATA[https://www.goodreads.com/author/show/14965.Garth_Ennis]]></link>
<average_rating>4.19</average_rating>
<ratings_count>367655</ratings_count>
<text_reviews_count>10653</text_reviews_count>
</author>
<author>
<id>33532</id>
<name>Steve Dillon</name>
<role>Illustrator</role>
<image_url nophoto='false'>
<![CDATA[https://images.gr-assets.com/authors/1242438141p5/33532.jpg]]>
</image_url>
<small_image_url nophoto='false'>
<![CDATA[https://images.gr-assets.com/authors/1242438141p2/33532.jpg]]>
</small_image_url>
<link><![CDATA[https://www.goodreads.com/author/show/33532.Steve_Dillon]]></link>
<average_rating>4.23</average_rating>
<ratings_count>265896</ratings_count>
<text_reviews_count>6576</text_reviews_count>
</author>
<author>
<id>60520</id>
<name>Peter Snejbjerg</name>
<role>Illustrator</role>
<image_url nophoto='false'>
<![CDATA[https://images.gr-assets.com/authors/1353045215p5/60520.jpg]]>
</image_url>
<small_image_url nophoto='false'>
<![CDATA[https://images.gr-assets.com/authors/1353045215p2/60520.jpg]]>
</small_image_url>
<link><![CDATA[https://www.goodreads.com/author/show/60520.Peter_Snejbjerg]]></link>
<average_rating>4.16</average_rating>
<ratings_count>33140</ratings_count>
<text_reviews_count>1014</text_reviews_count>
</author>
</authors>

    <reviews_widget>
      <![CDATA[
        <style>
  #goodreads-widget {
    font-family: georgia, serif;
    padding: 18px 0;
    width:565px;
  }
  #goodreads-widget h1 {
    font-weight:normal;
    font-size: 16px;
    border-bottom: 1px solid #BBB596;
    margin-bottom: 0;
  }
  #goodreads-widget a {
    text-decoration: none;
    color:#660;
  }
  iframe{
    background-color: #fff;
  }
  #goodreads-widget a:hover { text-decoration: underline; }
  #goodreads-widget a:active {
    color:#660;
  }
  #gr_footer {
    width: 100%;
    border-top: 1px solid #BBB596;
    text-align: right;
  }
  #goodreads-widget .gr_branding{
    color: #382110;
    font-size: 11px;
    text-decoration: none;
    font-family: "Helvetica Neue", Helvetica, Arial, sans-serif;
  }
</style>
<div id="goodreads-widget">
  <div id="gr_header"><h1><a rel="nofollow" href="https://www.goodreads.com/book/show/102957.Preacher_Volume_6">Preacher, Volume 6 Reviews</a></h1></div>
  <iframe id="the_iframe" src="https://www.goodreads.com/api/reviews_widget_iframe?did=DEVELOPER_ID&amp;format=html&amp;isbn=1563894904&amp;links=660&amp;min_rating=&amp;review_back=fff&amp;stars=000&amp;text=000" width="565" height="400" frameborder="0"></iframe>
  <div id="gr_footer">
    <a class="gr_branding" target="_blank" rel="nofollow" href="https://www.goodreads.com/book/show/102957.Preacher_Volume_6?utm_medium=api&amp;utm_source=reviews_widget">Reviews from Goodreads.com</a>
  </div>
</div>

      ]]>
    </reviews_widget>
  <popular_shelves>
      <shelf name="to-read" count="2324"/>
      <shelf name="comics" count="681"/>
      <shelf name="graphic-novels" count="603"/>
      <shelf name="graphic-novel" count="158"/>
      <shelf name="fiction" count="82"/>
      <shelf name="comics-graphic-novels" count="70"/>
      <shelf name="comic-books" count="69"/>
      <shelf name="fantasy" count="68"/>
      <shelf name="comic" count="65"/>
      <shelf name="horror" count="46"/>
      <shelf name="vertigo" count="44"/>
      <shelf name="favorites" count="42"/>
      <shelf name="owned" count="38"/>
      <shelf name="graphic-novels-comics" count="38"/>
      <shelf name="preacher" count="38"/>
      <shelf name="currently-reading" count="32"/>
      <shelf name="graphic" count="28"/>
      <shelf name="comics-and-graphic-novels" count="24"/>
      <shelf name="religion" count="22"/>
      <shelf name="western" count="16"/>
      <shelf name="comics-read" count="15"/>
      <shelf name="library" count="15"/>
      <shelf name="series" count="15"/>
      <shelf name="comic-book" count="14"/>
      <shelf name="supernatural" count="14"/>
      <shelf name="comix" count="13"/>
      <shelf name="read-comics" count="13"/>
      <shelf name="humor" count="12"/>
      <shelf name="books-i-own" count="12"/>
      <shelf name="owned-books" count="11"/>
      <shelf name="graphic-novels-and-comics" count="10"/>
      <shelf name="default" count="9"/>
      <shelf name="graphic-novels-read" count="9"/>
      <shelf name="read-in-2016" count="8"/>
      <shelf name="1990s" count="8"/>
      <shelf name="adventure" count="8"/>
      <shelf name="vampires" count="8"/>
      <shelf name="graphic_novels" count="8"/>
      <shelf name="borrowed" count="8"/>
      <shelf name="dc-vertigo" count="8"/>
      <shelf name="dc" count="7"/>
      <shelf name="vertigo-comics" count="7"/>
      <shelf name="graphicnovels" count="7"/>
      <shelf name="thriller" count="6"/>
      <shelf name="re-read" count="6"/>
      <shelf name="to-read-graphic-novels" count="5"/>
      <shelf name="hq" count="5"/>
      <shelf name="graphic-novels-to-read" count="5"/>
      <shelf name="gn" count="5"/>
      <shelf name="dc-comics" count="5"/>
      <shelf name="comic-graphic-novel" count="5"/>
      <shelf name="vampire" count="5"/>
      <shelf name="read-in-2011" count="5"/>
      <shelf name="action-adventure" count="5"/>
      <shelf name="graphic_novel" count="5"/>
      <shelf name="comicbooks" count="5"/>
      <shelf name="garth-ennis" count="5"/>
      <shelf name="read-in-2014" count="4"/>
      <shelf name="adult" count="4"/>
      <shelf name="crime" count="4"/>
      <shelf name="books" count="4"/>
      <shelf name="usa" count="4"/>
      <shelf name="comics-to-read" count="4"/>
      <shelf name="comic-books-graphic-novels" count="4"/>
      <shelf name="violent" count="4"/>
      <shelf name="trade-paperbacks" count="4"/>
      <shelf name="library-books" count="4"/>
      <shelf name="do-not-own" count="4"/>
      <shelf name="urban-fantasy" count="4"/>
      <shelf name="sequential-art" count="4"/>
      <shelf name="graphicnovel" count="4"/>
      <shelf name="graphic-series" count="4"/>
      <shelf name="comics-manga" count="4"/>
      <shelf name="read-in-english" count="3"/>
      <shelf name="ebook" count="3"/>
      <shelf name="komiksy" count="3"/>
      <shelf name="read-2016" count="3"/>
      <shelf name="comic-books-and-graphic-novels" count="3"/>
      <shelf name="read-in-2013" count="3"/>
      <shelf name="comics-graphicnovels" count="3"/>
      <shelf name="graphic-novels-and-comic-books" count="3"/>
      <shelf name="graphics" count="3"/>
      <shelf name="read-in-2012" count="3"/>
      <shelf name="bd" count="3"/>
      <shelf name="owned-comics" count="3"/>
      <shelf name="1990-1999" count="3"/>
      <shelf name="books-read-in-2011" count="3"/>
      <shelf name="read-more-than-once" count="3"/>
      <shelf name="paranormal" count="3"/>
      <shelf name="graphic-novel-manga" count="3"/>
      <shelf name="action" count="3"/>
      <shelf name="favourites" count="3"/>
      <shelf name="apocalypse" count="3"/>
      <shelf name="owned-graphic-novels" count="3"/>
      <shelf name="quadrinhos" count="3"/>
      <shelf name="borrowed-books" count="3"/>
      <shelf name="paperback" count="3"/>
      <shelf name="comics-other" count="3"/>
      <shelf name="fiction-graphic-novel" count="3"/>
      <shelf name="unowned" count="3"/>
  </popular_shelves>
  <book_links>
    <book_link>
  <id>8</id>
  <name>Libraries</name>
  <link>https://www.goodreads.com/book_link/follow/8</link>
</book_link>

  </book_links>
  <buy_links>
    <buy_link>
<id>1</id>
<name>Amazon</name>
<link>https://www.goodreads.com/book_link/follow/1</link>
</buy_link>
<buy_link>
<id>10</id>
<name>Audible</name>
<link>https://www.goodreads.com/book_link/follow/10</link>
</buy_link>
<buy_link>
<id>3</id>
<name>Barnes &amp; Noble</name>
<link>https://www.goodreads.com/book_link/follow/3</link>
</buy_link>
<buy_link>
<id>1027</id>
<name>Kobo</name>
<link>https://www.goodreads.com/book_link/follow/1027</link>
</buy_link>
<buy_link>
<id>2102</id>
<name>Apple iBooks</name>
<link>https://www.goodreads.com/book_link/follow/2102</link>
</buy_link>
<buy_link>
<id>8036</id>
<name>Google Play</name>
<link>https://www.goodreads.com/book_link/follow/8036</link>
</buy_link>
<buy_link>
<id>4</id>
<name>Abebooks</name>
<link>https://www.goodreads.com/book_link/follow/4</link>
</buy_link>
<buy_link>
<id>882</id>
<name>Book Depository</name>
<link>https://www.goodreads.com/book_link/follow/882</link>
</buy_link>
<buy_link>
<id>9</id>
<name>Indigo</name>
<link>https://www.goodreads.com/book_link/follow/9</link>
</buy_link>
<buy_link>
<id>2</id>
<name>Half.com</name>
<link>https://www.goodreads.com/book_link/follow/2</link>
</buy_link>
<buy_link>
<id>5</id>
<name>Alibris</name>
<link>https://www.goodreads.com/book_link/follow/5</link>
</buy_link>
<buy_link>
<id>107</id>
<name>Better World Books</name>
<link>https://www.goodreads.com/book_link/follow/107</link>
</buy_link>
<buy_link>
<id>7</id>
<name>IndieBound</name>
<link>https://www.goodreads.com/book_link/follow/7</link>
</buy_link>

  </buy_links>
  <series_works>
    <series_work>
<id>145824</id>
<user_position>6</user_position>
<series>
<id>41093</id>
<title>
<![CDATA[
    Preacher
]]>
</title>
<description>
<![CDATA[
    Also collected in <a href="http://www.goodreads.com/series/62992-preacher-deluxe">deluxe editions</a> and in three big volumes in the spanish edition <a href="http://www.goodreads.com/series/95328-predicador-integral">Predicador Integral</a>.
]]>
</description>
<note>
<![CDATA[
]]>
</note>
<series_works_count>9</series_works_count>
<primary_work_count>9</primary_work_count>
<numbered>true</numbered>
</series>

</series_work>

  </series_works>
  <similar_books>
          <book>
<id>22426</id>
<title><![CDATA[Transmetropolitan, Vol. 7: Spider's Thrash (Transmetropolitan, #7)]]></title>
<title_without_series><![CDATA[Transmetropolitan, Vol. 7: Spider's Thrash]]></title_without_series>
<link><![CDATA[https://www.goodreads.com/book/show/22426.Transmetropolitan_Vol_7]]></link>
<small_image_url><![CDATA[https://images.gr-assets.com/books/1486838234s/22426.jpg]]></small_image_url>
<image_url><![CDATA[https://images.gr-assets.com/books/1486838234m/22426.jpg]]></image_url>
<num_pages>144</num_pages>
<work>
<id>23452</id>
</work>
<isbn>1563898942</isbn>
<isbn13>9781563898945</isbn13>
<average_rating>4.37</average_rating>
<ratings_count>10536</ratings_count>
<publication_year>2002</publication_year>
<publication_month>11</publication_month>
<publication_day>1</publication_day>
<authors>
<author>
<id>12772</id>
<name>Warren Ellis</name>
<link><![CDATA[https://www.goodreads.com/author/show/12772.Warren_Ellis]]></link>
</author>
</authors>
</book>

          <book>
<id>94515</id>
<title>100 Bullets, Vol. 7: Samurai</title>
<title_without_series>100 Bullets, Vol. 7: Samurai</title_without_series>
<link><![CDATA[https://www.goodreads.com/book/show/94515.100_Bullets_Vol_7]]></link>
<small_image_url><![CDATA[https://s.gr-assets.com/assets/nophoto/book/50x75-a91bf249278a81aabab721ef782c4a74.png]]></small_image_url>
<image_url><![CDATA[https://s.gr-assets.com/assets/nophoto/book/111x148-bcc042a9c91a29c1d680899eff700a03.png]]></image_url>
<num_pages>168</num_pages>
<work>
<id>819668</id>
</work>
<isbn>140120189X</isbn>
<isbn13>9781401201890</isbn13>
<average_rating>4.08</average_rating>
<ratings_count>2777</ratings_count>
<publication_year>2004</publication_year>
<publication_month>8</publication_month>
<publication_day>1</publication_day>
<authors>
<author>
<id>17029</id>
<name>Brian Azzarello</name>
<link><![CDATA[https://www.goodreads.com/author/show/17029.Brian_Azzarello]]></link>
</author>
</authors>
</book>

          <book>
<id>1151315</id>
<title>DMZ, Vol. 3: Public Works</title>
<title_without_series>DMZ, Vol. 3: Public Works</title_without_series>
<link><![CDATA[https://www.goodreads.com/book/show/1151315.DMZ_Vol_3]]></link>
<small_image_url><![CDATA[https://s.gr-assets.com/assets/nophoto/book/50x75-a91bf249278a81aabab721ef782c4a74.png]]></small_image_url>
<image_url><![CDATA[https://s.gr-assets.com/assets/nophoto/book/111x148-bcc042a9c91a29c1d680899eff700a03.png]]></image_url>
<num_pages>128</num_pages>
<work>
<id>1138798</id>
</work>
<isbn>1401214762</isbn>
<isbn13>9781401214760</isbn13>
<average_rating>4.00</average_rating>
<ratings_count>4156</ratings_count>
<publication_year>2007</publication_year>
<publication_month>9</publication_month>
<publication_day>5</publication_day>
<authors>
<author>
<id>20493</id>
<name>Brian Wood</name>
<link><![CDATA[https://www.goodreads.com/author/show/20493.Brian_Wood]]></link>
</author>
</authors>
</book>

          <book>
<id>79426</id>
<title><![CDATA[Y: The Last Man, Vol. 7: Paper Dolls (Y: The Last Man, #7)]]></title>
<title_without_series><![CDATA[Y: The Last Man, Vol. 7: Paper Dolls]]></title_without_series>
<link><![CDATA[https://www.goodreads.com/book/show/79426.Y]]></link>
<small_image_url><![CDATA[https://images.gr-assets.com/books/1311830366s/79426.jpg]]></small_image_url>
<image_url><![CDATA[https://images.gr-assets.com/books/1311830366m/79426.jpg]]></image_url>
<num_pages>144</num_pages>
<work>
<id>76693</id>
</work>
<isbn>1401210090</isbn>
<isbn13>9781401210090</isbn13>
<average_rating>4.25</average_rating>
<ratings_count>22499</ratings_count>
<publication_year>2006</publication_year>
<publication_month>5</publication_month>
<publication_day>1</publication_day>
<authors>
<author>
<id>24514</id>
<name>Brian K. Vaughan</name>
<link><![CDATA[https://www.goodreads.com/author/show/24514.Brian_K_Vaughan]]></link>
</author>
</authors>
</book>

          <book>
<id>4986746</id>
<title>Scalped, Vol. 3: Dead Mothers</title>
<title_without_series>Scalped, Vol. 3: Dead Mothers</title_without_series>
<link><![CDATA[https://www.goodreads.com/book/show/4986746-scalped-vol-3]]></link>
<small_image_url><![CDATA[https://images.gr-assets.com/books/1327474921s/4986746.jpg]]></small_image_url>
<image_url><![CDATA[https://images.gr-assets.com/books/1327474921m/4986746.jpg]]></image_url>
<num_pages>168</num_pages>
<work>
<id>5052617</id>
</work>
<isbn>184576997X</isbn>
<isbn13>9781845769970</isbn13>
<average_rating>4.26</average_rating>
<ratings_count>3193</ratings_count>
<publication_year>2008</publication_year>
<publication_month></publication_month>
<publication_day></publication_day>
<authors>
<author>
<id>580494</id>
<name>Jason Aaron</name>
<link><![CDATA[https://www.goodreads.com/author/show/580494.Jason_Aaron]]></link>
</author>
</authors>
</book>

          <book>
<id>437093</id>
<title><![CDATA[Lucifer, Vol. 2: Children and Monsters]]></title>
<title_without_series><![CDATA[Lucifer, Vol. 2: Children and Monsters]]></title_without_series>
<link><![CDATA[https://www.goodreads.com/book/show/437093.Lucifer_Vol_2]]></link>
<small_image_url><![CDATA[https://images.gr-assets.com/books/1309578213s/437093.jpg]]></small_image_url>
<image_url><![CDATA[https://images.gr-assets.com/books/1309578213m/437093.jpg]]></image_url>
<num_pages>208</num_pages>
<work>
<id>425986</id>
</work>
<isbn>1563898004</isbn>
<isbn13>9781563898006</isbn13>
<average_rating>4.19</average_rating>
<ratings_count>5368</ratings_count>
<publication_year></publication_year>
<publication_month></publication_month>
<publication_day></publication_day>
<authors>
<author>
<id>9018</id>
<name>Mike Carey</name>
<link><![CDATA[https://www.goodreads.com/author/show/9018.Mike_Carey]]></link>
</author>
</authors>
</book>

  </similar_books>
</book>

</GoodreadsResponse>