<?xml version="1.0" encoding="UTF-8"?>
<GoodreadsResponse>
  <Request>
    <authentication>true</authentication>
      <key><![CDATA[all_men_must_serve]]></key>
    <method><![CDATA[book_show]]></method>
  </Request>
  <book>
  <id>10306358</id>
  <title>We the Animals</title>
  <isbn><![CDATA[0547576722]]></isbn>
  <isbn13><![CDATA[9780547576725]]></isbn13>
  <asin><![CDATA[]]></asin>
  <kindle_asin><![CDATA[B006ZMLGFU]]></kindle_asin>
  <marketplace_id><![CDATA[A1F83G8C2ARO7P]]></marketplace_id>
  <country_code><![CDATA[GB]]></country_code>
  <image_url>https://images.gr-assets.com/books/1327900720m/10306358.jpg</image_url>
  <small_image_url>https://images.gr-assets.com/books/1327900720s/10306358.jpg</small_image_url>
  <publication_year></publication_year>
  <publication_month></publication_month>
  <publication_day></publication_day>
  <publisher></publisher>
  <language_code>eng</language_code>
  <is_ebook>false</is_ebook>
  <description><![CDATA[An exquisite, blistering debut novel.<br /><br />Three brothers tear their way through childhood — smashing tomatoes all over each other, building kites from trash, hiding out when their parents do battle, tiptoeing around the house as their mother sleeps off her graveyard shift. Paps and Ma are from Brooklyn — he’s Puerto Rican, she’s white — and their love is a serious, dangerous thing that makes and unmakes a family many times.<br /><br />Life in this family is fierce and absorbing, full of chaos and heartbreak and the euphoria of belonging completely to one another. From the intense familial unity felt by a child to the profound alienation he endures as he begins to see the world, this beautiful novel reinvents the coming-of-age story in a way that is sly and punch-in-the-stomach powerful.<br /><br />Written in magical language with unforgettable images, this is a stunning exploration of the viscerally charged landscape of growing up, how deeply we are formed by our earliest bonds, and how we are ultimately propelled at escape velocity toward our futures.]]></description>
  <work>
  <id type="integer">15208454</id>
  <books_count type="integer">34</books_count>
  <best_book_id type="integer">10306358</best_book_id>
  <reviews_count type="integer">25277</reviews_count>
  <ratings_sum type="integer">42389</ratings_sum>
  <ratings_count type="integer">11751</ratings_count>
  <text_reviews_count type="integer">1821</text_reviews_count>
  <original_publication_year type="integer">2011</original_publication_year>
  <original_publication_month type="integer">8</original_publication_month>
  <original_publication_day type="integer">30</original_publication_day>
  <original_title>We the Animals</original_title>
  <original_language_id type="integer" nil="true"/>
  <media_type>book</media_type>
  <rating_dist>5:2485|4:4294|3:3284|2:1248|1:440|total:11751</rating_dist>
  <desc_user_id type="integer">3246677</desc_user_id>
  <default_chaptering_book_id type="integer" nil="true"/>
  <default_description_language_code nil="true"/>
</work>
  <average_rating>3.61</average_rating>
  <num_pages><![CDATA[128]]></num_pages>
  <format><![CDATA[]]></format>
  <edition_information><![CDATA[]]></edition_information>
  <ratings_count><![CDATA[10619]]></ratings_count>
  <text_reviews_count><![CDATA[1685]]></text_reviews_count>
  <url><![CDATA[https://www.goodreads.com/book/show/10306358-we-the-animals]]></url>
  <link><![CDATA[https://www.goodreads.com/book/show/10306358-we-the-animals]]></link>
  <authors>
<author>
<id>4208219</id>
<name>Justin Torres</name>
<role></role>
<image_url nophoto='false'>
<![CDATA[https://images.gr-assets.com/authors/1315243566p5/4208219.jpg]]>
</image_url>
<small_image_url nophoto='false'>
<![CDATA[https://images.gr-assets.com/authors/1315243566p2/4208219.jpg]]>
</small_image_url>
<link><![CDATA[https://www.goodreads.com/author/show/4208219.Justin_Torres]]></link>
<average_rating>3.61</average_rating>
<ratings_count>11960</ratings_count>
<text_reviews_count>1877</text_reviews_count>
</author>
</authors>

    <reviews_widget>
      <![CDATA[
        <style>
  #goodreads-widget {
    font-family: georgia, serif;
    padding: 18px 0;
    width:565px;
  }
  #goodreads-widget h1 {
    font-weight:normal;
    font-size: 16px;
    border-bottom: 1px solid #BBB596;
    margin-bottom: 0;
  }
  #goodreads-widget a {
    text-decoration: none;
    color:#660;
  }
  iframe{
    background-color: #fff;
  }
  #goodreads-widget a:hover { text-decoration: underline; }
  #goodreads-widget a:active {
    color:#660;
  }
  #gr_footer {
    width: 100%;
    border-top: 1px solid #BBB596;
    text-align: right;
  }
  #goodreads-widget .gr_branding{
    color: #382110;
    font-size: 11px;
    text-decoration: none;
    font-family: "Helvetica Neue", Helvetica, Arial, sans-serif;
  }
</style>
<div id="goodreads-widget">
  <div id="gr_header"><h1><a rel="nofollow" href="https://www.goodreads.com/book/show/10306358-we-the-animals">We the Animals Reviews</a></h1></div>
  <iframe id="the_iframe" src="https://www.goodreads.com/api/reviews_widget_iframe?did=DEVELOPER_ID&amp;format=html&amp;isbn=0547576722&amp;links=660&amp;min_rating=&amp;review_back=fff&amp;stars=000&amp;text=000" width="565" height="400" frameborder="0"></iframe>
  <div id="gr_footer">
    <a class="gr_branding" target="_blank" rel="nofollow" href="https://www.goodreads.com/book/show/10306358-we-the-animals?utm_medium=api&amp;utm_source=reviews_widget">Reviews from Goodreads.com</a>
  </div>
</div>

      ]]>
    </reviews_widget>
  <popular_shelves>
      <shelf name="to-read" count="1970"/>
      <shelf name="fiction" count="397"/>
      <shelf name="currently-reading" count="158"/>
      <shelf name="favorites" count="110"/>
      <shelf name="book-club" count="60"/>
      <shelf name="short-stories" count="59"/>
      <shelf name="lgbt" count="53"/>
      <shelf name="contemporary" count="51"/>
      <shelf name="coming-of-age" count="40"/>
      <shelf name="kindle" count="40"/>
      <shelf name="novels" count="39"/>
      <shelf name="library" count="34"/>
      <shelf name="adult-fiction" count="30"/>
      <shelf name="lgbtq" count="29"/>
      <shelf name="queer" count="27"/>
      <shelf name="literary-fiction" count="27"/>
      <shelf name="books-i-own" count="25"/>
      <shelf name="young-adult" count="22"/>
      <shelf name="family" count="22"/>
      <shelf name="read-in-2012" count="21"/>
      <shelf name="literature" count="20"/>
      <shelf name="to-buy" count="20"/>
      <shelf name="audio" count="19"/>
      <shelf name="memoir" count="18"/>
      <shelf name="glbt" count="18"/>
      <shelf name="read-in-2014" count="17"/>
      <shelf name="owned" count="17"/>
      <shelf name="ebooks" count="17"/>
      <shelf name="contemporary-fiction" count="17"/>
      <shelf name="audiobook" count="16"/>
      <shelf name="ya" count="15"/>
      <shelf name="brothers" count="14"/>
      <shelf name="ebook" count="14"/>
      <shelf name="novella" count="14"/>
      <shelf name="novel" count="14"/>
      <shelf name="gay" count="13"/>
      <shelf name="adult" count="13"/>
      <shelf name="read-in-2013" count="12"/>
      <shelf name="literary" count="12"/>
      <shelf name="wish-list" count="12"/>
      <shelf name="to-read-fiction" count="12"/>
      <shelf name="family-relationships" count="11"/>
      <shelf name="read-in-2011" count="11"/>
      <shelf name="read-in-2015" count="10"/>
      <shelf name="audiobooks" count="10"/>
      <shelf name="general-fiction" count="10"/>
      <shelf name="owned-books" count="9"/>
      <shelf name="memoirs" count="9"/>
      <shelf name="2011-reads" count="9"/>
      <shelf name="read-in-2016" count="8"/>
      <shelf name="american-literature" count="8"/>
      <shelf name="read-in-2017" count="7"/>
      <shelf name="lgbtqia" count="7"/>
      <shelf name="school" count="7"/>
      <shelf name="family-drama" count="7"/>
      <shelf name="did-not-finish" count="7"/>
      <shelf name="realistic-fiction" count="7"/>
      <shelf name="2012-reads" count="7"/>
      <shelf name="america" count="7"/>
      <shelf name="american" count="7"/>
      <shelf name="debut" count="7"/>
      <shelf name="nook" count="7"/>
      <shelf name="new-york" count="7"/>
      <shelf name="read-2011" count="7"/>
      <shelf name="2014-reads" count="6"/>
      <shelf name="short" count="6"/>
      <shelf name="non-fiction" count="6"/>
      <shelf name="read-2012" count="6"/>
      <shelf name="usa" count="6"/>
      <shelf name="e-book" count="6"/>
      <shelf name="abandoned" count="6"/>
      <shelf name="bookclub" count="6"/>
      <shelf name="2012-books" count="6"/>
      <shelf name="library-books" count="6"/>
      <shelf name="fiction-to-read" count="6"/>
      <shelf name="finished" count="6"/>
      <shelf name="on-my-kindle" count="6"/>
      <shelf name="kindle-books" count="6"/>
      <shelf name="homosexuality" count="5"/>
      <shelf name="authors-of-color" count="5"/>
      <shelf name="2015-books" count="5"/>
      <shelf name="read-for-school" count="5"/>
      <shelf name="read-2013" count="5"/>
      <shelf name="american-lit" count="5"/>
      <shelf name="gay-fiction" count="5"/>
      <shelf name="favourites" count="5"/>
      <shelf name="maybe" count="5"/>
      <shelf name="contemporary-lit" count="5"/>
      <shelf name="fiction-literature" count="5"/>
      <shelf name="my-ebooks" count="5"/>
      <shelf name="own-it" count="5"/>
      <shelf name="library-book" count="5"/>
      <shelf name="e-books" count="5"/>
      <shelf name="drama" count="5"/>
      <shelf name="bildungsroman" count="5"/>
      <shelf name="books-read-in-2011" count="5"/>
      <shelf name="for-school" count="4"/>
      <shelf name="read-2015" count="4"/>
      <shelf name="short-reads" count="4"/>
      <shelf name="didn-t-finish" count="4"/>
  </popular_shelves>
  <book_links>
    <book_link>
  <id>8</id>
  <name>Libraries</name>
  <link>https://www.goodreads.com/book_link/follow/8</link>
</book_link>

  </book_links>
  <buy_links>
    <buy_link>
<id>1</id>
<name>Amazon</name>
<link>https://www.goodreads.com/book_link/follow/1</link>
</buy_link>
<buy_link>
<id>10</id>
<name>Audible</name>
<link>https://www.goodreads.com/book_link/follow/10</link>
</buy_link>
<buy_link>
<id>3</id>
<name>Barnes &amp; Noble</name>
<link>https://www.goodreads.com/book_link/follow/3</link>
</buy_link>
<buy_link>
<id>1027</id>
<name>Kobo</name>
<link>https://www.goodreads.com/book_link/follow/1027</link>
</buy_link>
<buy_link>
<id>2102</id>
<name>Apple iBooks</name>
<link>https://www.goodreads.com/book_link/follow/2102</link>
</buy_link>
<buy_link>
<id>8036</id>
<name>Google Play</name>
<link>https://www.goodreads.com/book_link/follow/8036</link>
</buy_link>
<buy_link>
<id>4</id>
<name>Abebooks</name>
<link>https://www.goodreads.com/book_link/follow/4</link>
</buy_link>
<buy_link>
<id>882</id>
<name>Book Depository</name>
<link>https://www.goodreads.com/book_link/follow/882</link>
</buy_link>
<buy_link>
<id>9</id>
<name>Indigo</name>
<link>https://www.goodreads.com/book_link/follow/9</link>
</buy_link>
<buy_link>
<id>2</id>
<name>Half.com</name>
<link>https://www.goodreads.com/book_link/follow/2</link>
</buy_link>
<buy_link>
<id>5</id>
<name>Alibris</name>
<link>https://www.goodreads.com/book_link/follow/5</link>
</buy_link>
<buy_link>
<id>107</id>
<name>Better World Books</name>
<link>https://www.goodreads.com/book_link/follow/107</link>
</buy_link>
<buy_link>
<id>7</id>
<name>IndieBound</name>
<link>https://www.goodreads.com/book_link/follow/7</link>
</buy_link>

  </buy_links>
  <series_works>
    
  </series_works>
  <similar_books>
          <book>
<id>574298</id>
<title><![CDATA[Butterfly Boy: Memories of a Chicano Mariposa]]></title>
<title_without_series><![CDATA[Butterfly Boy: Memories of a Chicano Mariposa]]></title_without_series>
<link><![CDATA[https://www.goodreads.com/book/show/574298.Butterfly_Boy]]></link>
<small_image_url><![CDATA[https://images.gr-assets.com/books/1328870783s/574298.jpg]]></small_image_url>
<image_url><![CDATA[https://images.gr-assets.com/books/1328870783m/574298.jpg]]></image_url>
<num_pages>224</num_pages>
<work>
<id>561292</id>
</work>
<isbn>0299219003</isbn>
<isbn13>9780299219000</isbn13>
<average_rating>3.97</average_rating>
<ratings_count>265</ratings_count>
<publication_year>2006</publication_year>
<publication_month>6</publication_month>
<publication_day>20</publication_day>
<authors>
<author>
<id>34682</id>
<name>Rigoberto González</name>
<link><![CDATA[https://www.goodreads.com/author/show/34682.Rigoberto_Gonz_lez]]></link>
</author>
</authors>
</book>

          <book>
<id>9875052</id>
<title>Ladies and Gentlemen</title>
<title_without_series>Ladies and Gentlemen</title_without_series>
<link><![CDATA[https://www.goodreads.com/book/show/9875052-ladies-and-gentlemen]]></link>
<small_image_url><![CDATA[https://images.gr-assets.com/books/1320548914s/9875052.jpg]]></small_image_url>
<image_url><![CDATA[https://images.gr-assets.com/books/1320548914m/9875052.jpg]]></image_url>
<num_pages>241</num_pages>
<work>
<id>20331042</id>
</work>
<isbn>0307270718</isbn>
<isbn13>9780307270719</isbn13>
<average_rating>3.65</average_rating>
<ratings_count>481</ratings_count>
<publication_year>2011</publication_year>
<publication_month>6</publication_month>
<publication_day>28</publication_day>
<authors>
<author>
<id>3085799</id>
<name>Adam Ross</name>
<link><![CDATA[https://www.goodreads.com/author/show/3085799.Adam_Ross]]></link>
</author>
</authors>
</book>

          <book>
<id>10204616</id>
<title><![CDATA[Orientation: And Other Stories]]></title>
<title_without_series><![CDATA[Orientation: And Other Stories]]></title_without_series>
<link><![CDATA[https://www.goodreads.com/book/show/10204616-orientation]]></link>
<small_image_url><![CDATA[https://images.gr-assets.com/books/1317067365s/10204616.jpg]]></small_image_url>
<image_url><![CDATA[https://images.gr-assets.com/books/1317067365m/10204616.jpg]]></image_url>
<num_pages>162</num_pages>
<work>
<id>15103974</id>
</work>
<isbn>0865478538</isbn>
<isbn13>9780865478534</isbn13>
<average_rating>3.73</average_rating>
<ratings_count>944</ratings_count>
<publication_year>2011</publication_year>
<publication_month>5</publication_month>
<publication_day>24</publication_day>
<authors>
<author>
<id>4146664</id>
<name>Daniel Orozco</name>
<link><![CDATA[https://www.goodreads.com/author/show/4146664.Daniel_Orozco]]></link>
</author>
</authors>
</book>

          <book>
<id>13220873</id>
<title>Slow Lightning</title>
<title_without_series>Slow Lightning</title_without_series>
<link><![CDATA[https://www.goodreads.com/book/show/13220873-slow-lightning]]></link>
<small_image_url><![CDATA[https://images.gr-assets.com/books/1344668220s/13220873.jpg]]></small_image_url>
<image_url><![CDATA[https://images.gr-assets.com/books/1344668220m/13220873.jpg]]></image_url>
<num_pages>96</num_pages>
<work>
<id>18407553</id>
</work>
<isbn>030017893X</isbn>
<isbn13>9780300178937</isbn13>
<average_rating>4.26</average_rating>
<ratings_count>764</ratings_count>
<publication_year>2012</publication_year>
<publication_month>4</publication_month>
<publication_day>3</publication_day>
<authors>
<author>
<id>2829680</id>
<name>Eduardo C. Corral</name>
<link><![CDATA[https://www.goodreads.com/author/show/2829680.Eduardo_C_Corral]]></link>
</author>
</authors>
</book>

          <book>
<id>8862223</id>
<title>Volt</title>
<title_without_series>Volt</title_without_series>
<link><![CDATA[https://www.goodreads.com/book/show/8862223-volt]]></link>
<small_image_url><![CDATA[https://images.gr-assets.com/books/1312029345s/8862223.jpg]]></small_image_url>
<image_url><![CDATA[https://images.gr-assets.com/books/1312029345m/8862223.jpg]]></image_url>
<num_pages>208</num_pages>
<work>
<id>13737517</id>
</work>
<isbn>1555975771</isbn>
<isbn13>9781555975777</isbn13>
<average_rating>3.91</average_rating>
<ratings_count>1364</ratings_count>
<publication_year>2011</publication_year>
<publication_month>3</publication_month>
<publication_day>1</publication_day>
<authors>
<author>
<id>4193857</id>
<name>Alan Heathcock</name>
<link><![CDATA[https://www.goodreads.com/author/show/4193857.Alan_Heathcock]]></link>
</author>
</authors>
</book>

          <book>
<id>10996592</id>
<title>Zipper Mouth</title>
<title_without_series>Zipper Mouth</title_without_series>
<link><![CDATA[https://www.goodreads.com/book/show/10996592-zipper-mouth]]></link>
<small_image_url><![CDATA[https://images.gr-assets.com/books/1328756058s/10996592.jpg]]></small_image_url>
<image_url><![CDATA[https://images.gr-assets.com/books/1328756058m/10996592.jpg]]></image_url>
<num_pages>144</num_pages>
<work>
<id>15915266</id>
</work>
<isbn>1558617485</isbn>
<isbn13>9781558617483</isbn13>
<average_rating>3.59</average_rating>
<ratings_count>341</ratings_count>
<publication_year>2011</publication_year>
<publication_month>10</publication_month>
<publication_day>4</publication_day>
<authors>
<author>
<id>29606</id>
<name>Laurie Weeks</name>
<link><![CDATA[https://www.goodreads.com/author/show/29606.Laurie_Weeks]]></link>
</author>
</authors>
</book>

          <book>
<id>9501104</id>
<title>The Sojourn</title>
<title_without_series>The Sojourn</title_without_series>
<link><![CDATA[https://www.goodreads.com/book/show/9501104-the-sojourn]]></link>
<small_image_url><![CDATA[https://images.gr-assets.com/books/1344666585s/9501104.jpg]]></small_image_url>
<image_url><![CDATA[https://images.gr-assets.com/books/1344666585m/9501104.jpg]]></image_url>
<num_pages>192</num_pages>
<work>
<id>14386678</id>
</work>
<isbn>1934137340</isbn>
<isbn13>9781934137345</isbn13>
<average_rating>3.76</average_rating>
<ratings_count>2026</ratings_count>
<publication_year>2011</publication_year>
<publication_month>4</publication_month>
<publication_day>19</publication_day>
<authors>
<author>
<id>509654</id>
<name>Andrew Krivak</name>
<link><![CDATA[https://www.goodreads.com/author/show/509654.Andrew_Krivak]]></link>
</author>
</authors>
</book>

          <book>
<id>972556</id>
<title>Bogeywoman</title>
<title_without_series>Bogeywoman</title_without_series>
<link><![CDATA[https://www.goodreads.com/book/show/972556.Bogeywoman]]></link>
<small_image_url><![CDATA[https://images.gr-assets.com/books/1343139451s/972556.jpg]]></small_image_url>
<image_url><![CDATA[https://images.gr-assets.com/books/1343139451m/972556.jpg]]></image_url>
<num_pages>300</num_pages>
<work>
<id>957453</id>
</work>
<isbn>1557133484</isbn>
<isbn13>9781557133489</isbn13>
<average_rating>3.68</average_rating>
<ratings_count>106</ratings_count>
<publication_year>1999</publication_year>
<publication_month>10</publication_month>
<publication_day>1</publication_day>
<authors>
<author>
<id>246730</id>
<name>Jaimy Gordon</name>
<link><![CDATA[https://www.goodreads.com/author/show/246730.Jaimy_Gordon]]></link>
</author>
</authors>
</book>

          <book>
<id>12798674</id>
<title><![CDATA[The Gentrification of the Mind: Witness to a Lost Imagination]]></title>
<title_without_series><![CDATA[The Gentrification of the Mind: Witness to a Lost Imagination]]></title_without_series>
<link><![CDATA[https://www.goodreads.com/book/show/12798674-the-gentrification-of-the-mind]]></link>
<small_image_url><![CDATA[https://images.gr-assets.com/books/1320526309s/12798674.jpg]]></small_image_url>
<image_url><![CDATA[https://images.gr-assets.com/books/1320526309m/12798674.jpg]]></image_url>
<num_pages>179</num_pages>
<work>
<id>17946935</id>
</work>
<isbn>0520264770</isbn>
<isbn13>9780520264779</isbn13>
<average_rating>4.15</average_rating>
<ratings_count>667</ratings_count>
<publication_year>2012</publication_year>
<publication_month>2</publication_month>
<publication_day>6</publication_day>
<authors>
<author>
<id>98476</id>
<name>Sarah Schulman</name>
<link><![CDATA[https://www.goodreads.com/author/show/98476.Sarah_Schulman]]></link>
</author>
</authors>
</book>

          <book>
<id>10833756</id>
<title>The Orchard: A Memoir</title>
<title_without_series>The Orchard: A Memoir</title_without_series>
<link><![CDATA[https://www.goodreads.com/book/show/10833756-the-orchard]]></link>
<small_image_url><![CDATA[https://images.gr-assets.com/books/1302306608s/10833756.jpg]]></small_image_url>
<image_url><![CDATA[https://images.gr-assets.com/books/1302306608m/10833756.jpg]]></image_url>
<num_pages></num_pages>
<work>
<id>15747822</id>
</work>
<isbn>044658469X</isbn>
<isbn13>9780446584692</isbn13>
<average_rating>3.76</average_rating>
<ratings_count>2733</ratings_count>
<publication_year></publication_year>
<publication_month></publication_month>
<publication_day></publication_day>
<authors>
<author>
<id>163327</id>
<name>Theresa Weir</name>
<link><![CDATA[https://www.goodreads.com/author/show/163327.Theresa_Weir]]></link>
</author>
</authors>
</book>

          <book>
<id>7743827</id>
<title>The Wake of Forgiveness</title>
<title_without_series>The Wake of Forgiveness</title_without_series>
<link><![CDATA[https://www.goodreads.com/book/show/7743827-the-wake-of-forgiveness]]></link>
<small_image_url><![CDATA[https://images.gr-assets.com/books/1285287831s/7743827.jpg]]></small_image_url>
<image_url><![CDATA[https://images.gr-assets.com/books/1285287831m/7743827.jpg]]></image_url>
<num_pages>309</num_pages>
<work>
<id>10561949</id>
</work>
<isbn>0151014434</isbn>
<isbn13>9780151014439</isbn13>
<average_rating>3.65</average_rating>
<ratings_count>859</ratings_count>
<publication_year>2010</publication_year>
<publication_month>10</publication_month>
<publication_day>21</publication_day>
<authors>
<author>
<id>3379591</id>
<name>Bruce Machart</name>
<link><![CDATA[https://www.goodreads.com/author/show/3379591.Bruce_Machart]]></link>
</author>
</authors>
</book>

          <book>
<id>272433</id>
<title>Edinburgh</title>
<title_without_series>Edinburgh</title_without_series>
<link><![CDATA[https://www.goodreads.com/book/show/272433.Edinburgh]]></link>
<small_image_url><![CDATA[https://s.gr-assets.com/assets/nophoto/book/50x75-a91bf249278a81aabab721ef782c4a74.png]]></small_image_url>
<image_url><![CDATA[https://s.gr-assets.com/assets/nophoto/book/111x148-bcc042a9c91a29c1d680899eff700a03.png]]></image_url>
<num_pages></num_pages>
<work>
<id>264139</id>
</work>
<isbn>0312305036</isbn>
<isbn13>9780312305031</isbn13>
<average_rating>4.14</average_rating>
<ratings_count>953</ratings_count>
<publication_year></publication_year>
<publication_month></publication_month>
<publication_day></publication_day>
<authors>
<author>
<id>158735</id>
<name>Alexander Chee</name>
<link><![CDATA[https://www.goodreads.com/author/show/158735.Alexander_Chee]]></link>
</author>
</authors>
</book>

          <book>
<id>7823598</id>
<title>The Empty Family</title>
<title_without_series>The Empty Family</title_without_series>
<link><![CDATA[https://www.goodreads.com/book/show/7823598-the-empty-family]]></link>
<small_image_url><![CDATA[https://s.gr-assets.com/assets/nophoto/book/50x75-a91bf249278a81aabab721ef782c4a74.png]]></small_image_url>
<image_url><![CDATA[https://s.gr-assets.com/assets/nophoto/book/111x148-bcc042a9c91a29c1d680899eff700a03.png]]></image_url>
<num_pages>275</num_pages>
<work>
<id>10867556</id>
</work>
<isbn>143913832X</isbn>
<isbn13>9781439138328</isbn13>
<average_rating>3.64</average_rating>
<ratings_count>1667</ratings_count>
<publication_year>2011</publication_year>
<publication_month>1</publication_month>
<publication_day>4</publication_day>
<authors>
<author>
<id>1351903</id>
<name>Colm Tóibín</name>
<link><![CDATA[https://www.goodreads.com/author/show/1351903.Colm_T_ib_n]]></link>
</author>
</authors>
</book>

          <book>
<id>11250055</id>
<title>Love and Shame and Love</title>
<title_without_series>Love and Shame and Love</title_without_series>
<link><![CDATA[https://www.goodreads.com/book/show/11250055-love-and-shame-and-love]]></link>
<small_image_url><![CDATA[https://images.gr-assets.com/books/1327926973s/11250055.jpg]]></small_image_url>
<image_url><![CDATA[https://images.gr-assets.com/books/1327926973m/11250055.jpg]]></image_url>
<num_pages>439</num_pages>
<work>
<id>16176523</id>
</work>
<isbn>0316129399</isbn>
<isbn13>9780316129398</isbn13>
<average_rating>3.34</average_rating>
<ratings_count>570</ratings_count>
<publication_year>2011</publication_year>
<publication_month>11</publication_month>
<publication_day>7</publication_day>
<authors>
<author>
<id>91664</id>
<name>Peter Orner</name>
<link><![CDATA[https://www.goodreads.com/author/show/91664.Peter_Orner]]></link>
</author>
</authors>
</book>

          <book>
<id>11515362</id>
<title><![CDATA[Eminent Outlaws: The Gay Writers Who Changed America]]></title>
<title_without_series><![CDATA[Eminent Outlaws: The Gay Writers Who Changed America]]></title_without_series>
<link><![CDATA[https://www.goodreads.com/book/show/11515362-eminent-outlaws]]></link>
<small_image_url><![CDATA[https://images.gr-assets.com/books/1327894109s/11515362.jpg]]></small_image_url>
<image_url><![CDATA[https://images.gr-assets.com/books/1327894109m/11515362.jpg]]></image_url>
<num_pages>371</num_pages>
<work>
<id>16451742</id>
</work>
<isbn>0446563137</isbn>
<isbn13>9780446563130</isbn13>
<average_rating>4.09</average_rating>
<ratings_count>523</ratings_count>
<publication_year></publication_year>
<publication_month></publication_month>
<publication_day></publication_day>
<authors>
<author>
<id>19890</id>
<name>Christopher Bram</name>
<link><![CDATA[https://www.goodreads.com/author/show/19890.Christopher_Bram]]></link>
</author>
</authors>
</book>

          <book>
<id>11885697</id>
<title>The Book of Life</title>
<title_without_series>The Book of Life</title_without_series>
<link><![CDATA[https://www.goodreads.com/book/show/11885697-the-book-of-life]]></link>
<small_image_url><![CDATA[https://images.gr-assets.com/books/1327927151s/11885697.jpg]]></small_image_url>
<image_url><![CDATA[https://images.gr-assets.com/books/1327927151m/11885697.jpg]]></image_url>
<num_pages></num_pages>
<work>
<id>16844365</id>
</work>
<isbn>0316126470</isbn>
<isbn13>9780316126472</isbn13>
<average_rating>3.73</average_rating>
<ratings_count>253</ratings_count>
<publication_year></publication_year>
<publication_month></publication_month>
<publication_day></publication_day>
<authors>
<author>
<id>4025953</id>
<name>Stuart Nadler</name>
<link><![CDATA[https://www.goodreads.com/author/show/4025953.Stuart_Nadler]]></link>
</author>
</authors>
</book>

          <book>
<id>12233866</id>
<title><![CDATA[What We Talk About When We Talk About Anne Frank]]></title>
<title_without_series><![CDATA[What We Talk About When We Talk About Anne Frank]]></title_without_series>
<link><![CDATA[https://www.goodreads.com/book/show/12233866-what-we-talk-about-when-we-talk-about-anne-frank]]></link>
<small_image_url><![CDATA[https://images.gr-assets.com/books/1333577294s/12233866.jpg]]></small_image_url>
<image_url><![CDATA[https://images.gr-assets.com/books/1333577294m/12233866.jpg]]></image_url>
<num_pages>207</num_pages>
<work>
<id>17207709</id>
</work>
<isbn>0307958701</isbn>
<isbn13>9780307958709</isbn13>
<average_rating>3.73</average_rating>
<ratings_count>6244</ratings_count>
<publication_year>2012</publication_year>
<publication_month>2</publication_month>
<publication_day>7</publication_day>
<authors>
<author>
<id>16797</id>
<name>Nathan Englander</name>
<link><![CDATA[https://www.goodreads.com/author/show/16797.Nathan_Englander]]></link>
</author>
</authors>
</book>

          <book>
<id>10790262</id>
<title>The Inverted Forest</title>
<title_without_series>The Inverted Forest</title_without_series>
<link><![CDATA[https://www.goodreads.com/book/show/10790262-the-inverted-forest]]></link>
<small_image_url><![CDATA[https://images.gr-assets.com/books/1327941617s/10790262.jpg]]></small_image_url>
<image_url><![CDATA[https://images.gr-assets.com/books/1327941617m/10790262.jpg]]></image_url>
<num_pages>336</num_pages>
<work>
<id>15702540</id>
</work>
<isbn>141659602X</isbn>
<isbn13>9781416596028</isbn13>
<average_rating>3.50</average_rating>
<ratings_count>494</ratings_count>
<publication_year>2011</publication_year>
<publication_month>7</publication_month>
<publication_day>19</publication_day>
<authors>
<author>
<id>102589</id>
<name>John  Dalton</name>
<link><![CDATA[https://www.goodreads.com/author/show/102589.John_Dalton]]></link>
</author>
</authors>
</book>

  </similar_books>
</book>

</GoodreadsResponse>