<?xml version="1.0" encoding="UTF-8"?>
<GoodreadsResponse>
  <Request>
    <authentication>true</authentication>
      <key><![CDATA[all_men_must_serve]]></key>
    <method><![CDATA[book_show]]></method>
  </Request>
  <book>
  <id>103111</id>
  <title>X-Men: The Dark Phoenix Saga</title>
  <isbn><![CDATA[0785122133]]></isbn>
  <isbn13><![CDATA[9780785122135]]></isbn13>
  <asin><![CDATA[]]></asin>
  <kindle_asin><![CDATA[B00ARKCTES]]></kindle_asin>
  <marketplace_id><![CDATA[A1F83G8C2ARO7P]]></marketplace_id>
  <country_code><![CDATA[GB]]></country_code>
  <image_url>https://images.gr-assets.com/books/1409504820m/103111.jpg</image_url>
  <small_image_url>https://images.gr-assets.com/books/1409504820s/103111.jpg</small_image_url>
  <publication_year>2006</publication_year>
  <publication_month>4</publication_month>
  <publication_day>5</publication_day>
  <publisher>Marvel Comics</publisher>
  <language_code>eng</language_code>
  <is_ebook>false</is_ebook>
  <description><![CDATA[Gathered together by Professor Charles Xavier to protect a world that fears and hates them, the X-Men had fought many battles, been on adventures that spanned galaxies, grappled enemies of limitless might, but none of this could prepare them for the most shocking struggle they would ever face. One of their own members, Jean Grey, has gained power beyond all comprehension, and that power has corrupted her absolutely Now they must decide if the life of the woman they cherish is worth the existence of the entire universe.<br /><br />Collects <i>X-Men</i> #129-137.]]></description>
  <work>
  <id type="integer">99407</id>
  <books_count type="integer">26</books_count>
  <best_book_id type="integer">103111</best_book_id>
  <reviews_count type="integer">18981</reviews_count>
  <ratings_sum type="integer">52194</ratings_sum>
  <ratings_count type="integer">12238</ratings_count>
  <text_reviews_count type="integer">384</text_reviews_count>
  <original_publication_year type="integer">1983</original_publication_year>
  <original_publication_month type="integer" nil="true"/>
  <original_publication_day type="integer" nil="true"/>
  <original_title></original_title>
  <original_language_id type="integer" nil="true"/>
  <media_type>book</media_type>
  <rating_dist>5:6003|4:3996|3:1804|2:348|1:87|total:12238</rating_dist>
  <desc_user_id type="integer">3367130</desc_user_id>
  <default_chaptering_book_id type="integer" nil="true"/>
  <default_description_language_code nil="true"/>
</work>
  <average_rating>4.26</average_rating>
  <num_pages><![CDATA[200]]></num_pages>
  <format><![CDATA[Paperback]]></format>
  <edition_information><![CDATA[Uncanny X-Men]]></edition_information>
  <ratings_count><![CDATA[11115]]></ratings_count>
  <text_reviews_count><![CDATA[262]]></text_reviews_count>
  <url><![CDATA[https://www.goodreads.com/book/show/103111.X_Men]]></url>
  <link><![CDATA[https://www.goodreads.com/book/show/103111.X_Men]]></link>
  <authors>
<author>
<id>15091</id>
<name>Chris Claremont</name>
<role></role>
<image_url nophoto='false'>
<![CDATA[https://images.gr-assets.com/authors/1206644417p5/15091.jpg]]>
</image_url>
<small_image_url nophoto='false'>
<![CDATA[https://images.gr-assets.com/authors/1206644417p2/15091.jpg]]>
</small_image_url>
<link><![CDATA[https://www.goodreads.com/author/show/15091.Chris_Claremont]]></link>
<average_rating>3.94</average_rating>
<ratings_count>86238</ratings_count>
<text_reviews_count>4982</text_reviews_count>
</author>
<author>
<id>15083</id>
<name>John Byrne</name>
<role>Illustrator</role>
<image_url nophoto='false'>
<![CDATA[https://images.gr-assets.com/authors/1270670409p5/15083.jpg]]>
</image_url>
<small_image_url nophoto='false'>
<![CDATA[https://images.gr-assets.com/authors/1270670409p2/15083.jpg]]>
</small_image_url>
<link><![CDATA[https://www.goodreads.com/author/show/15083.John_Byrne]]></link>
<average_rating>4.04</average_rating>
<ratings_count>118848</ratings_count>
<text_reviews_count>4605</text_reviews_count>
</author>
</authors>

    <reviews_widget>
      <![CDATA[
        <style>
  #goodreads-widget {
    font-family: georgia, serif;
    padding: 18px 0;
    width:565px;
  }
  #goodreads-widget h1 {
    font-weight:normal;
    font-size: 16px;
    border-bottom: 1px solid #BBB596;
    margin-bottom: 0;
  }
  #goodreads-widget a {
    text-decoration: none;
    color:#660;
  }
  iframe{
    background-color: #fff;
  }
  #goodreads-widget a:hover { text-decoration: underline; }
  #goodreads-widget a:active {
    color:#660;
  }
  #gr_footer {
    width: 100%;
    border-top: 1px solid #BBB596;
    text-align: right;
  }
  #goodreads-widget .gr_branding{
    color: #382110;
    font-size: 11px;
    text-decoration: none;
    font-family: "Helvetica Neue", Helvetica, Arial, sans-serif;
  }
</style>
<div id="goodreads-widget">
  <div id="gr_header"><h1><a rel="nofollow" href="https://www.goodreads.com/book/show/103111.X_Men">X-Men Reviews</a></h1></div>
  <iframe id="the_iframe" src="https://www.goodreads.com/api/reviews_widget_iframe?did=DEVELOPER_ID&amp;format=html&amp;isbn=0785122133&amp;links=660&amp;min_rating=&amp;review_back=fff&amp;stars=000&amp;text=000" width="565" height="400" frameborder="0"></iframe>
  <div id="gr_footer">
    <a class="gr_branding" target="_blank" rel="nofollow" href="https://www.goodreads.com/book/show/103111.X_Men?utm_medium=api&amp;utm_source=reviews_widget">Reviews from Goodreads.com</a>
  </div>
</div>

      ]]>
    </reviews_widget>
  <popular_shelves>
      <shelf name="to-read" count="5910"/>
      <shelf name="comics" count="655"/>
      <shelf name="graphic-novels" count="418"/>
      <shelf name="currently-reading" count="175"/>
      <shelf name="graphic-novel" count="130"/>
      <shelf name="x-men" count="100"/>
      <shelf name="favorites" count="75"/>
      <shelf name="comic-books" count="64"/>
      <shelf name="comics-graphic-novels" count="63"/>
      <shelf name="fiction" count="63"/>
      <shelf name="superheroes" count="61"/>
      <shelf name="marvel-comics" count="52"/>
      <shelf name="superhero" count="49"/>
      <shelf name="marvel" count="40"/>
      <shelf name="comic" count="40"/>
      <shelf name="graphic-novels-comics" count="37"/>
      <shelf name="owned" count="29"/>
      <shelf name="science-fiction" count="29"/>
      <shelf name="fantasy" count="26"/>
      <shelf name="comics-and-graphic-novels" count="23"/>
      <shelf name="comic-book" count="18"/>
      <shelf name="default" count="17"/>
      <shelf name="sci-fi" count="16"/>
      <shelf name="books-i-own" count="14"/>
      <shelf name="comix" count="14"/>
      <shelf name="to-read-comics" count="13"/>
      <shelf name="graphic" count="13"/>
      <shelf name="comics-to-read" count="12"/>
      <shelf name="sequential-art" count="11"/>
      <shelf name="classics" count="11"/>
      <shelf name="super-heroes" count="10"/>
      <shelf name="comics-read" count="9"/>
      <shelf name="action" count="9"/>
      <shelf name="graphic-novels-and-comics" count="9"/>
      <shelf name="graphicnovels" count="9"/>
      <shelf name="borrowed" count="8"/>
      <shelf name="superheros" count="8"/>
      <shelf name="hq" count="7"/>
      <shelf name="library" count="7"/>
      <shelf name="favourites" count="7"/>
      <shelf name="adventure" count="7"/>
      <shelf name="super-hero" count="6"/>
      <shelf name="kindle" count="6"/>
      <shelf name="comics-and-manga" count="6"/>
      <shelf name="graphic-novels-manga" count="6"/>
      <shelf name="series" count="6"/>
      <shelf name="ebooks" count="6"/>
      <shelf name="comics-marvel" count="6"/>
      <shelf name="young-adult" count="6"/>
      <shelf name="comics-manga" count="6"/>
      <shelf name="graphicnovel" count="6"/>
      <shelf name="comic-books-and-graphic-novels" count="5"/>
      <shelf name="e-books" count="5"/>
      <shelf name="read-comics" count="5"/>
      <shelf name="superhero-comics" count="5"/>
      <shelf name="reviewed" count="5"/>
      <shelf name="xmen" count="5"/>
      <shelf name="marvel-universe" count="5"/>
      <shelf name="to-buy" count="5"/>
      <shelf name="american" count="5"/>
      <shelf name="comic-books-graphic-novels" count="5"/>
      <shelf name="comicbooks" count="5"/>
      <shelf name="read-in-2017" count="4"/>
      <shelf name="graphic-novels-to-read" count="4"/>
      <shelf name="comic-graphic-novel" count="4"/>
      <shelf name="romance" count="4"/>
      <shelf name="read-in-2014" count="4"/>
      <shelf name="1980s" count="4"/>
      <shelf name="owned-books" count="4"/>
      <shelf name="science-fantasy" count="4"/>
      <shelf name="x-books" count="4"/>
      <shelf name="to-read-graphic-novels" count="4"/>
      <shelf name="re-read" count="4"/>
      <shelf name="graphic-novels-comic-books" count="4"/>
      <shelf name="graphic-novels-read" count="4"/>
      <shelf name="20th-century" count="4"/>
      <shelf name="quadrinhos" count="3"/>
      <shelf name="ebook" count="3"/>
      <shelf name="classic" count="3"/>
      <shelf name="read-2014" count="3"/>
      <shelf name="graphics" count="3"/>
      <shelf name="books" count="3"/>
      <shelf name="library-books" count="3"/>
      <shelf name="scifi-fantasy" count="3"/>
      <shelf name="wolverine" count="3"/>
      <shelf name="my-library" count="3"/>
      <shelf name="bd" count="3"/>
      <shelf name="read-in-2012" count="3"/>
      <shelf name="comics-superheroes" count="3"/>
      <shelf name="5-stars" count="3"/>
      <shelf name="manga" count="3"/>
      <shelf name="space" count="3"/>
      <shelf name="graphic-novel-comics" count="3"/>
      <shelf name="comic-book-graphic-novel" count="3"/>
      <shelf name="graphic_novels" count="3"/>
      <shelf name="chris-claremont" count="3"/>
      <shelf name="own-it" count="3"/>
      <shelf name="gn" count="3"/>
      <shelf name="my-books" count="3"/>
      <shelf name="graphic-novel-comic" count="3"/>
  </popular_shelves>
  <book_links>
    <book_link>
  <id>8</id>
  <name>Libraries</name>
  <link>https://www.goodreads.com/book_link/follow/8</link>
</book_link>

  </book_links>
  <buy_links>
    <buy_link>
<id>1</id>
<name>Amazon</name>
<link>https://www.goodreads.com/book_link/follow/1</link>
</buy_link>
<buy_link>
<id>10</id>
<name>Audible</name>
<link>https://www.goodreads.com/book_link/follow/10</link>
</buy_link>
<buy_link>
<id>3</id>
<name>Barnes &amp; Noble</name>
<link>https://www.goodreads.com/book_link/follow/3</link>
</buy_link>
<buy_link>
<id>1027</id>
<name>Kobo</name>
<link>https://www.goodreads.com/book_link/follow/1027</link>
</buy_link>
<buy_link>
<id>2102</id>
<name>Apple iBooks</name>
<link>https://www.goodreads.com/book_link/follow/2102</link>
</buy_link>
<buy_link>
<id>8036</id>
<name>Google Play</name>
<link>https://www.goodreads.com/book_link/follow/8036</link>
</buy_link>
<buy_link>
<id>4</id>
<name>Abebooks</name>
<link>https://www.goodreads.com/book_link/follow/4</link>
</buy_link>
<buy_link>
<id>882</id>
<name>Book Depository</name>
<link>https://www.goodreads.com/book_link/follow/882</link>
</buy_link>
<buy_link>
<id>9</id>
<name>Indigo</name>
<link>https://www.goodreads.com/book_link/follow/9</link>
</buy_link>
<buy_link>
<id>2</id>
<name>Half.com</name>
<link>https://www.goodreads.com/book_link/follow/2</link>
</buy_link>
<buy_link>
<id>5</id>
<name>Alibris</name>
<link>https://www.goodreads.com/book_link/follow/5</link>
</buy_link>
<buy_link>
<id>107</id>
<name>Better World Books</name>
<link>https://www.goodreads.com/book_link/follow/107</link>
</buy_link>
<buy_link>
<id>7</id>
<name>IndieBound</name>
<link>https://www.goodreads.com/book_link/follow/7</link>
</buy_link>

  </buy_links>
  <series_works>
    <series_work>
<id>373582</id>
<user_position>Dark Phoenix</user_position>
<series>
<id>79236</id>
<title>
<![CDATA[
    Uncanny X-Men, Volume I
]]>
</title>
<description>
<![CDATA[
    Collected editions of <i>Uncanny X-Men</i>, originally published as <i>The X-Men</i>, published by <u>Marvel</u> since 1963, it is the longest-running series in the X-Men comics franchise. It spawned three more series which you can check out in the links below.
    
    • <a href=https://www.goodreads.com/series/79236><i>Uncanny X-Men</i>, Volume I</a> (1963-2011)
    • <a href=https://www.goodreads.com/series/83919><i>Uncanny X-Men</i>, Volume II</a> (2011-2012)
    • <a href=https://www.goodreads.com/series/99315><i>Uncanny X-Men</i>, Volume III</a> (2013-2015)
    • <a href=https://www.goodreads.com/series/173711><i>Uncanny X-Men</i>, Volume IV</a> (2016-)
]]>
</description>
<note>
<![CDATA[
]]>
</note>
<series_works_count>119</series_works_count>
<primary_work_count>119</primary_work_count>
<numbered>true</numbered>
</series>

</series_work>
<series_work>
<id>329392</id>
<user_position>2</user_position>
<series>
<id>71873</id>
<title>
<![CDATA[
    The Ultimate Graphic Novels Collection: Publication Order
]]>
</title>
<description>
<![CDATA[
    "The Official Marvel Graphic Novel Collection (or The Ultimate Graphic Novels Collection) is a fortnightly partwork magazine. The series is a collection of special edition hardback graphic novels, collecting all the parts in a story-arc for one of Marvel's best known superheroes ... Each issue number of the collection is not the same as the books volume number (e.g. issue 1 is volume 21)."
    
    Source: <a href="https://en.wikipedia.org/wiki/The_Official_Marvel_Graphic_Novel_Collection">Wikipedia: The Official Marvel Graphic Novel Collection</a>
    See also: <a href="http://www.goodreads.com/series/71874-the-ultimate-graphic-novels-collection">Collection Order</a>
]]>
</description>
<note>
<![CDATA[
]]>
</note>
<series_works_count>23</series_works_count>
<primary_work_count>23</primary_work_count>
<numbered>true</numbered>
</series>

</series_work>
<series_work>
<id>329396</id>
<user_position>2</user_position>
<series>
<id>71874</id>
<title>
<![CDATA[
    The Ultimate Graphic Novels Collection
]]>
</title>
<description>
<![CDATA[
    "The Official Marvel Graphic Novel Collection (or The Ultimate Graphic Novels Collection) is a fortnightly partwork magazine. The series is a collection of special edition hardback graphic novels, collecting all the parts in a story-arc for one of Marvel's best known superheroes ... Each issue number of the collection is not the same as the books volume number (e.g. issue 1 is volume 21)."
    
    Source: <a href="https://en.wikipedia.org/wiki/The_Official_Marvel_Graphic_Novel_Collection">Wikipedia: The Official Marvel Graphic Novel Collection</a>
    See also: <a href="https://www.goodreads.com/series/71873-the-ultimate-graphic-novels-collection-publication-order">Publication Order</a>
]]>
</description>
<note>
<![CDATA[
]]>
</note>
<series_works_count>11</series_works_count>
<primary_work_count>11</primary_work_count>
<numbered>true</numbered>
</series>

</series_work>

  </series_works>
  <similar_books>
          <book>
<id>31981</id>
<title><![CDATA[Astonishing X-Men, Volume 3: Torn]]></title>
<title_without_series><![CDATA[Astonishing X-Men, Volume 3: Torn]]></title_without_series>
<link><![CDATA[https://www.goodreads.com/book/show/31981.Astonishing_X_Men_Volume_3]]></link>
<small_image_url><![CDATA[https://images.gr-assets.com/books/1500464830s/31981.jpg]]></small_image_url>
<image_url><![CDATA[https://images.gr-assets.com/books/1500464830m/31981.jpg]]></image_url>
<num_pages></num_pages>
<work>
<id>32196</id>
</work>
<isbn>0785117598</isbn>
<isbn13>9780785117599</isbn13>
<average_rating>4.24</average_rating>
<ratings_count>7484</ratings_count>
<publication_year></publication_year>
<publication_month></publication_month>
<publication_day></publication_day>
<authors>
<author>
<id>18015</id>
<name>Joss Whedon</name>
<link><![CDATA[https://www.goodreads.com/author/show/18015.Joss_Whedon]]></link>
</author>
</authors>
</book>

          <book>
<id>276464</id>
<title><![CDATA[X-Men: Age of Apocalypse – The Complete Epic, Book 1]]></title>
<title_without_series><![CDATA[X-Men: Age of Apocalypse – The Complete Epic, Book 1]]></title_without_series>
<link><![CDATA[https://www.goodreads.com/book/show/276464.X_Men]]></link>
<small_image_url><![CDATA[https://s.gr-assets.com/assets/nophoto/book/50x75-a91bf249278a81aabab721ef782c4a74.png]]></small_image_url>
<image_url><![CDATA[https://s.gr-assets.com/assets/nophoto/book/111x148-bcc042a9c91a29c1d680899eff700a03.png]]></image_url>
<num_pages>376</num_pages>
<work>
<id>268104</id>
</work>
<isbn>0785117148</isbn>
<isbn13>9780785117148</isbn13>
<average_rating>4.01</average_rating>
<ratings_count>4415</ratings_count>
<publication_year>2006</publication_year>
<publication_month>5</publication_month>
<publication_day>3</publication_day>
<authors>
<author>
<id>14461</id>
<name>Scott Lobdell</name>
<link><![CDATA[https://www.goodreads.com/author/show/14461.Scott_Lobdell]]></link>
</author>
</authors>
</book>

          <book>
<id>22351</id>
<title><![CDATA[New X-Men, Volume 1: E Is for Extinction]]></title>
<title_without_series><![CDATA[New X-Men, Volume 1: E Is for Extinction]]></title_without_series>
<link><![CDATA[https://www.goodreads.com/book/show/22351.New_X_Men_Volume_1]]></link>
<small_image_url><![CDATA[https://images.gr-assets.com/books/1374683546s/22351.jpg]]></small_image_url>
<image_url><![CDATA[https://images.gr-assets.com/books/1374683546m/22351.jpg]]></image_url>
<num_pages>144</num_pages>
<work>
<id>1515068</id>
</work>
<isbn>0785108114</isbn>
<isbn13>9780785108115</isbn13>
<average_rating>4.06</average_rating>
<ratings_count>7115</ratings_count>
<publication_year>2006</publication_year>
<publication_month>9</publication_month>
<publication_day>27</publication_day>
<authors>
<author>
<id>12732</id>
<name>Grant Morrison</name>
<link><![CDATA[https://www.goodreads.com/author/show/12732.Grant_Morrison]]></link>
</author>
</authors>
</book>

          <book>
<id>2350837</id>
<title>X-Men: Messiah CompleX</title>
<title_without_series>X-Men: Messiah CompleX</title_without_series>
<link><![CDATA[https://www.goodreads.com/book/show/2350837.X_Men]]></link>
<small_image_url><![CDATA[https://images.gr-assets.com/books/1472487787s/2350837.jpg]]></small_image_url>
<image_url><![CDATA[https://images.gr-assets.com/books/1472487787m/2350837.jpg]]></image_url>
<num_pages>352</num_pages>
<work>
<id>2357548</id>
</work>
<isbn>0785128999</isbn>
<isbn13>9780785128991</isbn13>
<average_rating>4.06</average_rating>
<ratings_count>6487</ratings_count>
<publication_year>2008</publication_year>
<publication_month>5</publication_month>
<publication_day>14</publication_day>
<authors>
<author>
<id>37450</id>
<name>Ed Brubaker</name>
<link><![CDATA[https://www.goodreads.com/author/show/37450.Ed_Brubaker]]></link>
</author>
</authors>
</book>

          <book>
<id>267792</id>
<title><![CDATA[Wolverine: Weapon X (Marvel Premiere Classic)]]></title>
<title_without_series>Wolverine: Weapon X</title_without_series>
<link><![CDATA[https://www.goodreads.com/book/show/267792.Wolverine]]></link>
<small_image_url><![CDATA[https://images.gr-assets.com/books/1298522946s/267792.jpg]]></small_image_url>
<image_url><![CDATA[https://images.gr-assets.com/books/1298522946m/267792.jpg]]></image_url>
<num_pages></num_pages>
<work>
<id>259609</id>
</work>
<isbn>078512327X</isbn>
<isbn13>9780785123279</isbn13>
<average_rating>4.19</average_rating>
<ratings_count>4105</ratings_count>
<publication_year>2007</publication_year>
<publication_month>3</publication_month>
<publication_day>21</publication_day>
<authors>
<author>
<id>15086</id>
<name>Barry Windsor-Smith</name>
<link><![CDATA[https://www.goodreads.com/author/show/15086.Barry_Windsor_Smith]]></link>
</author>
</authors>
</book>

          <book>
<id>580541</id>
<title>X-Men: Phoenix - Endsong</title>
<title_without_series>X-Men: Phoenix - Endsong</title_without_series>
<link><![CDATA[https://www.goodreads.com/book/show/580541.X_Men]]></link>
<small_image_url><![CDATA[https://s.gr-assets.com/assets/nophoto/book/50x75-a91bf249278a81aabab721ef782c4a74.png]]></small_image_url>
<image_url><![CDATA[https://s.gr-assets.com/assets/nophoto/book/111x148-bcc042a9c91a29c1d680899eff700a03.png]]></image_url>
<num_pages>128</num_pages>
<work>
<id>3095646</id>
</work>
<isbn>0785119248</isbn>
<isbn13>9780785119241</isbn13>
<average_rating>3.85</average_rating>
<ratings_count>2928</ratings_count>
<publication_year>2006</publication_year>
<publication_month>5</publication_month>
<publication_day>31</publication_day>
<authors>
<author>
<id>89393</id>
<name>Greg Pak</name>
<link><![CDATA[https://www.goodreads.com/author/show/89393.Greg_Pak]]></link>
</author>
</authors>
</book>

          <book>
<id>370247</id>
<title><![CDATA[X-Factor, Vol. 1: The Longest Night]]></title>
<title_without_series><![CDATA[X-Factor, Vol. 1: The Longest Night]]></title_without_series>
<link><![CDATA[https://www.goodreads.com/book/show/370247.X_Factor_Vol_1]]></link>
<small_image_url><![CDATA[https://images.gr-assets.com/books/1483135347s/370247.jpg]]></small_image_url>
<image_url><![CDATA[https://images.gr-assets.com/books/1483135347m/370247.jpg]]></image_url>
<num_pages>144</num_pages>
<work>
<id>2038939</id>
</work>
<isbn>0785118179</isbn>
<isbn13>9780785118176</isbn13>
<average_rating>4.20</average_rating>
<ratings_count>2561</ratings_count>
<publication_year>2007</publication_year>
<publication_month>3</publication_month>
<publication_day>7</publication_day>
<authors>
<author>
<id>13681</id>
<name>Peter David</name>
<link><![CDATA[https://www.goodreads.com/author/show/13681.Peter_David]]></link>
</author>
</authors>
</book>

          <book>
<id>52370</id>
<title><![CDATA[Daredevil Visionaries: Frank Miller, Vol. 2]]></title>
<title_without_series><![CDATA[Daredevil Visionaries: Frank Miller, Vol. 2]]></title_without_series>
<link><![CDATA[https://www.goodreads.com/book/show/52370.Daredevil_Visionaries]]></link>
<small_image_url><![CDATA[https://s.gr-assets.com/assets/nophoto/book/50x75-a91bf249278a81aabab721ef782c4a74.png]]></small_image_url>
<image_url><![CDATA[https://s.gr-assets.com/assets/nophoto/book/111x148-bcc042a9c91a29c1d680899eff700a03.png]]></image_url>
<num_pages>368</num_pages>
<work>
<id>51088</id>
</work>
<isbn>0785107711</isbn>
<isbn13>9780785107712</isbn13>
<average_rating>4.28</average_rating>
<ratings_count>1918</ratings_count>
<publication_year>2001</publication_year>
<publication_month>5</publication_month>
<publication_day>1</publication_day>
<authors>
<author>
<id>15085</id>
<name>Frank Miller</name>
<link><![CDATA[https://www.goodreads.com/author/show/15085.Frank_Miller]]></link>
</author>
</authors>
</book>

          <book>
<id>3463792</id>
<title><![CDATA[X-Force, Volume 1: Angels And Demons]]></title>
<title_without_series><![CDATA[X-Force, Volume 1: Angels And Demons]]></title_without_series>
<link><![CDATA[https://www.goodreads.com/book/show/3463792-x-force-volume-1]]></link>
<small_image_url><![CDATA[https://images.gr-assets.com/books/1438460466s/3463792.jpg]]></small_image_url>
<image_url><![CDATA[https://images.gr-assets.com/books/1438460466m/3463792.jpg]]></image_url>
<num_pages>144</num_pages>
<work>
<id>3505077</id>
</work>
<isbn>0785129766</isbn>
<isbn13>9780785129769</isbn13>
<average_rating>4.05</average_rating>
<ratings_count>3571</ratings_count>
<publication_year>2009</publication_year>
<publication_month>1</publication_month>
<publication_day>28</publication_day>
<authors>
<author>
<id>38492</id>
<name>Craig Kyle</name>
<link><![CDATA[https://www.goodreads.com/author/show/38492.Craig_Kyle]]></link>
</author>
</authors>
</book>

          <book>
<id>8651048</id>
<title>X-Men: Second Coming</title>
<title_without_series>X-Men: Second Coming</title_without_series>
<link><![CDATA[https://www.goodreads.com/book/show/8651048-x-men]]></link>
<small_image_url><![CDATA[https://images.gr-assets.com/books/1409504479s/8651048.jpg]]></small_image_url>
<image_url><![CDATA[https://images.gr-assets.com/books/1409504479m/8651048.jpg]]></image_url>
<num_pages>392</num_pages>
<work>
<id>13522259</id>
</work>
<isbn>0785146784</isbn>
<isbn13>9780785146780</isbn13>
<average_rating>4.10</average_rating>
<ratings_count>4721</ratings_count>
<publication_year>2010</publication_year>
<publication_month>10</publication_month>
<publication_day>13</publication_day>
<authors>
<author>
<id>9018</id>
<name>Mike Carey</name>
<link><![CDATA[https://www.goodreads.com/author/show/9018.Mike_Carey]]></link>
</author>
</authors>
</book>

          <book>
<id>160514</id>
<title><![CDATA[Fantastic Four Visionaries: John Byrne, Vol. 1]]></title>
<title_without_series><![CDATA[Fantastic Four Visionaries: John Byrne, Vol. 1]]></title_without_series>
<link><![CDATA[https://www.goodreads.com/book/show/160514.Fantastic_Four_Visionaries]]></link>
<small_image_url><![CDATA[https://images.gr-assets.com/books/1342996775s/160514.jpg]]></small_image_url>
<image_url><![CDATA[https://images.gr-assets.com/books/1342996775m/160514.jpg]]></image_url>
<num_pages>224</num_pages>
<work>
<id>154934</id>
</work>
<isbn>0785107797</isbn>
<isbn13>9780785107798</isbn13>
<average_rating>4.05</average_rating>
<ratings_count>506</ratings_count>
<publication_year>2001</publication_year>
<publication_month>11</publication_month>
<publication_day>26</publication_day>
<authors>
<author>
<id>15083</id>
<name>John Byrne</name>
<link><![CDATA[https://www.goodreads.com/author/show/15083.John_Byrne]]></link>
</author>
</authors>
</book>

          <book>
<id>657992</id>
<title><![CDATA[Ultimate X-Men: Ultimate Collection, Book 1]]></title>
<title_without_series><![CDATA[Ultimate X-Men: Ultimate Collection, Book 1]]></title_without_series>
<link><![CDATA[https://www.goodreads.com/book/show/657992.Ultimate_X_Men]]></link>
<small_image_url><![CDATA[https://s.gr-assets.com/assets/nophoto/book/50x75-a91bf249278a81aabab721ef782c4a74.png]]></small_image_url>
<image_url><![CDATA[https://s.gr-assets.com/assets/nophoto/book/111x148-bcc042a9c91a29c1d680899eff700a03.png]]></image_url>
<num_pages></num_pages>
<work>
<id>644077</id>
</work>
<isbn>0785121870</isbn>
<isbn13>9780785121879</isbn13>
<average_rating>3.85</average_rating>
<ratings_count>2388</ratings_count>
<publication_year></publication_year>
<publication_month></publication_month>
<publication_day></publication_day>
<authors>
<author>
<id>12736</id>
<name>Mark Millar</name>
<link><![CDATA[https://www.goodreads.com/author/show/12736.Mark_Millar]]></link>
</author>
</authors>
</book>

          <book>
<id>13070942</id>
<title>X-Men: Season One</title>
<title_without_series>X-Men: Season One</title_without_series>
<link><![CDATA[https://www.goodreads.com/book/show/13070942-x-men]]></link>
<small_image_url><![CDATA[https://images.gr-assets.com/books/1372683404s/13070942.jpg]]></small_image_url>
<image_url><![CDATA[https://images.gr-assets.com/books/1372683404m/13070942.jpg]]></image_url>
<num_pages>136</num_pages>
<work>
<id>18237132</id>
</work>
<isbn>0785156453</isbn>
<isbn13>9780785156451</isbn13>
<average_rating>3.74</average_rating>
<ratings_count>1233</ratings_count>
<publication_year>2012</publication_year>
<publication_month>3</publication_month>
<publication_day>28</publication_day>
<authors>
<author>
<id>1496865</id>
<name>Dennis Hopeless</name>
<link><![CDATA[https://www.goodreads.com/author/show/1496865.Dennis_Hopeless]]></link>
</author>
</authors>
</book>

          <book>
<id>599050</id>
<title>Spider-Man: Birth of Venom</title>
<title_without_series>Spider-Man: Birth of Venom</title_without_series>
<link><![CDATA[https://www.goodreads.com/book/show/599050.Spider_Man]]></link>
<small_image_url><![CDATA[https://s.gr-assets.com/assets/nophoto/book/50x75-a91bf249278a81aabab721ef782c4a74.png]]></small_image_url>
<image_url><![CDATA[https://s.gr-assets.com/assets/nophoto/book/111x148-bcc042a9c91a29c1d680899eff700a03.png]]></image_url>
<num_pages>352</num_pages>
<work>
<id>585673</id>
</work>
<isbn>0785124985</isbn>
<isbn13>9780785124986</isbn13>
<average_rating>4.13</average_rating>
<ratings_count>2566</ratings_count>
<publication_year>2007</publication_year>
<publication_month>4</publication_month>
<publication_day>4</publication_day>
<authors>
<author>
<id>17732</id>
<name>David Michelinie</name>
<link><![CDATA[https://www.goodreads.com/author/show/17732.David_Michelinie]]></link>
</author>
</authors>
</book>

  </similar_books>
</book>

</GoodreadsResponse>