<?xml version="1.0" encoding="UTF-8"?>
<GoodreadsResponse>
  <Request>
    <authentication>true</authentication>
      <key><![CDATA[all_men_must_serve]]></key>
    <method><![CDATA[book_show]]></method>
  </Request>
  <book>
  <id>10314376</id>
  <title>The Prague Cemetery</title>
  <isbn><![CDATA[0547577532]]></isbn>
  <isbn13><![CDATA[9780547577531]]></isbn13>
  <asin><![CDATA[]]></asin>
  <kindle_asin><![CDATA[B005LPE4QU]]></kindle_asin>
  <marketplace_id><![CDATA[A1F83G8C2ARO7P]]></marketplace_id>
  <country_code><![CDATA[GB]]></country_code>
  <image_url>https://images.gr-assets.com/books/1327902035m/10314376.jpg</image_url>
  <small_image_url>https://images.gr-assets.com/books/1327902035s/10314376.jpg</small_image_url>
  <publication_year></publication_year>
  <publication_month></publication_month>
  <publication_day></publication_day>
  <publisher></publisher>
  <language_code>en-US</language_code>
  <is_ebook>false</is_ebook>
  <description><![CDATA[<div> <div> 19th-century Europe—from Turin to Prague to Paris—abounds with the ghastly and the mysterious. Conspiracies rule history. Jesuits plot against Freemasons. Italian republicans strangle priests with their own intestines. French criminals plan bombings by day and celebrate Black Masses at night. Every nation has its own secret service, perpetrating forgeries, plots, and massacres. From the unification of Italy to the Paris Commune to the Dreyfus Affair to <i>The Protocols of the Elders of Zion</i>, Europe is in tumult and everyone needs a scapegoat. But what if, behind all of these conspiracies both real and imagined, lay one lone man? What if that evil genius created its most infamous document?　 <br /><br />Eco takes his readers here on an unforgettable journey through the underbelly of world-shattering events. This is Eco at his most exciting, a book immediately hailed as his masterpiece. 　</div></div>]]></description>
  <work>
  <id type="integer">14511050</id>
  <books_count type="integer">134</books_count>
  <best_book_id type="integer">10314376</best_book_id>
  <reviews_count type="integer">38646</reviews_count>
  <ratings_sum type="integer">58953</ratings_sum>
  <ratings_count type="integer">17377</ratings_count>
  <text_reviews_count type="integer">1930</text_reviews_count>
  <original_publication_year type="integer">2010</original_publication_year>
  <original_publication_month type="integer">10</original_publication_month>
  <original_publication_day type="integer">25</original_publication_day>
  <original_title>Il cimitero di Praga</original_title>
  <original_language_id type="integer" nil="true"/>
  <media_type>book</media_type>
  <rating_dist>5:2889|4:5589|3:5429|2:2395|1:1075|total:17377</rating_dist>
  <desc_user_id type="integer">17673588</desc_user_id>
  <default_chaptering_book_id type="integer" nil="true"/>
  <default_description_language_code nil="true"/>
</work>
  <average_rating>3.39</average_rating>
  <num_pages><![CDATA[445]]></num_pages>
  <format><![CDATA[]]></format>
  <edition_information><![CDATA[]]></edition_information>
  <ratings_count><![CDATA[11987]]></ratings_count>
  <text_reviews_count><![CDATA[1247]]></text_reviews_count>
  <url><![CDATA[https://www.goodreads.com/book/show/10314376-the-prague-cemetery]]></url>
  <link><![CDATA[https://www.goodreads.com/book/show/10314376-the-prague-cemetery]]></link>
  <authors>
<author>
<id>1730</id>
<name>Umberto Eco</name>
<role></role>
<image_url nophoto='false'>
<![CDATA[https://images.gr-assets.com/authors/1455915753p5/1730.jpg]]>
</image_url>
<small_image_url nophoto='false'>
<![CDATA[https://images.gr-assets.com/authors/1455915753p2/1730.jpg]]>
</small_image_url>
<link><![CDATA[https://www.goodreads.com/author/show/1730.Umberto_Eco]]></link>
<average_rating>3.94</average_rating>
<ratings_count>417983</ratings_count>
<text_reviews_count>16807</text_reviews_count>
</author>
<author>
<id>1228354</id>
<name>Richard Dixon</name>
<role>Translator</role>
<image_url nophoto='true'>
<![CDATA[https://s.gr-assets.com/assets/nophoto/user/u_200x266-e183445fd1a1b5cc7075bb1cf7043306.png]]>
</image_url>
<small_image_url nophoto='true'>
<![CDATA[https://s.gr-assets.com/assets/nophoto/user/u_50x66-632230dc9882b4352d753eedf9396530.png]]>
</small_image_url>
<link><![CDATA[https://www.goodreads.com/author/show/1228354.Richard_Dixon]]></link>
<average_rating>3.39</average_rating>
<ratings_count>13751</ratings_count>
<text_reviews_count>1533</text_reviews_count>
</author>
</authors>

    <reviews_widget>
      <![CDATA[
        <style>
  #goodreads-widget {
    font-family: georgia, serif;
    padding: 18px 0;
    width:565px;
  }
  #goodreads-widget h1 {
    font-weight:normal;
    font-size: 16px;
    border-bottom: 1px solid #BBB596;
    margin-bottom: 0;
  }
  #goodreads-widget a {
    text-decoration: none;
    color:#660;
  }
  iframe{
    background-color: #fff;
  }
  #goodreads-widget a:hover { text-decoration: underline; }
  #goodreads-widget a:active {
    color:#660;
  }
  #gr_footer {
    width: 100%;
    border-top: 1px solid #BBB596;
    text-align: right;
  }
  #goodreads-widget .gr_branding{
    color: #382110;
    font-size: 11px;
    text-decoration: none;
    font-family: "Helvetica Neue", Helvetica, Arial, sans-serif;
  }
</style>
<div id="goodreads-widget">
  <div id="gr_header"><h1><a rel="nofollow" href="https://www.goodreads.com/book/show/10314376-the-prague-cemetery">The Prague Cemetery Reviews</a></h1></div>
  <iframe id="the_iframe" src="https://www.goodreads.com/api/reviews_widget_iframe?did=DEVELOPER_ID&amp;format=html&amp;isbn=0547577532&amp;links=660&amp;min_rating=&amp;review_back=fff&amp;stars=000&amp;text=000" width="565" height="400" frameborder="0"></iframe>
  <div id="gr_footer">
    <a class="gr_branding" target="_blank" rel="nofollow" href="https://www.goodreads.com/book/show/10314376-the-prague-cemetery?utm_medium=api&amp;utm_source=reviews_widget">Reviews from Goodreads.com</a>
  </div>
</div>

      ]]>
    </reviews_widget>
  <popular_shelves>
      <shelf name="to-read" count="5341"/>
      <shelf name="currently-reading" count="370"/>
      <shelf name="fiction" count="177"/>
      <shelf name="historical-fiction" count="121"/>
      <shelf name="owned" count="117"/>
      <shelf name="favorites" count="72"/>
      <shelf name="default" count="52"/>
      <shelf name="literature" count="42"/>
      <shelf name="umberto-eco" count="36"/>
      <shelf name="mystery" count="35"/>
      <shelf name="books-i-own" count="33"/>
      <shelf name="religion" count="33"/>
      <shelf name="italian" count="26"/>
      <shelf name="did-not-finish" count="26"/>
      <shelf name="history" count="24"/>
      <shelf name="historical" count="24"/>
      <shelf name="literary-fiction" count="24"/>
      <shelf name="contemporary" count="24"/>
      <shelf name="contemporary-fiction" count="22"/>
      <shelf name="didn-t-finish" count="22"/>
      <shelf name="abandoned" count="21"/>
      <shelf name="conspiracy" count="21"/>
      <shelf name="europe" count="20"/>
      <shelf name="kindle" count="19"/>
      <shelf name="novels" count="19"/>
      <shelf name="eco" count="19"/>
      <shelf name="owned-books" count="18"/>
      <shelf name="italian-literature" count="17"/>
      <shelf name="not-finished" count="17"/>
      <shelf name="audiobook" count="17"/>
      <shelf name="translation" count="17"/>
      <shelf name="never-finished" count="16"/>
      <shelf name="on-hold" count="16"/>
      <shelf name="stopped-reading" count="15"/>
      <shelf name="literary" count="15"/>
      <shelf name="italy" count="14"/>
      <shelf name="read-in-2012" count="14"/>
      <shelf name="italian-lit" count="14"/>
      <shelf name="روايات" count="14"/>
      <shelf name="gave-up-on" count="14"/>
      <shelf name="audio" count="14"/>
      <shelf name="audiobooks" count="14"/>
      <shelf name="ebook" count="13"/>
      <shelf name="read-in-2013" count="13"/>
      <shelf name="gave-up" count="13"/>
      <shelf name="politics" count="13"/>
      <shelf name="book-club" count="13"/>
      <shelf name="21st-century" count="13"/>
      <shelf name="e-book" count="12"/>
      <shelf name="my-library" count="12"/>
      <shelf name="unfinished" count="12"/>
      <shelf name="books" count="12"/>
      <shelf name="dnf" count="12"/>
      <shelf name="crime" count="12"/>
      <shelf name="kindle-unlimited" count="11"/>
      <shelf name="e-books" count="11"/>
      <shelf name="read-2012" count="10"/>
      <shelf name="translated" count="10"/>
      <shelf name="paris" count="10"/>
      <shelf name="literatuur" count="10"/>
      <shelf name="historical-novel" count="10"/>
      <shelf name="general-fiction" count="10"/>
      <shelf name="library" count="9"/>
      <shelf name="itália" count="9"/>
      <shelf name="home-library" count="9"/>
      <shelf name="audio-books" count="9"/>
      <shelf name="mystery-thriller" count="9"/>
      <shelf name="modern-fiction" count="9"/>
      <shelf name="novela" count="9"/>
      <shelf name="bookshelf" count="9"/>
      <shelf name="fiction-historical" count="9"/>
      <shelf name="to-read-fiction" count="9"/>
      <shelf name="ebooks" count="8"/>
      <shelf name="classics" count="8"/>
      <shelf name="read-2014" count="8"/>
      <shelf name="fictie" count="8"/>
      <shelf name="philosophy" count="8"/>
      <shelf name="audio-book" count="8"/>
      <shelf name="i-own" count="8"/>
      <shelf name="my-books" count="7"/>
      <shelf name="novel" count="7"/>
      <shelf name="italiano" count="7"/>
      <shelf name="prague" count="7"/>
      <shelf name="english" count="7"/>
      <shelf name="personal-library" count="7"/>
      <shelf name="my-ebooks" count="7"/>
      <shelf name="war" count="7"/>
      <shelf name="espionage" count="7"/>
      <shelf name="adult" count="7"/>
      <shelf name="unread" count="7"/>
      <shelf name="international" count="7"/>
      <shelf name="want-to-read" count="7"/>
      <shelf name="thrillers" count="7"/>
      <shelf name="read-in-2014" count="6"/>
      <shelf name="my-bookshelf" count="6"/>
      <shelf name="owned-to-read" count="6"/>
      <shelf name="19th-century" count="6"/>
      <shelf name="own-tbr" count="6"/>
      <shelf name="modern" count="6"/>
      <shelf name="library-books" count="6"/>
  </popular_shelves>
  <book_links>
    <book_link>
  <id>8</id>
  <name>Libraries</name>
  <link>https://www.goodreads.com/book_link/follow/8</link>
</book_link>

  </book_links>
  <buy_links>
    <buy_link>
<id>1</id>
<name>Amazon</name>
<link>https://www.goodreads.com/book_link/follow/1</link>
</buy_link>
<buy_link>
<id>10</id>
<name>Audible</name>
<link>https://www.goodreads.com/book_link/follow/10</link>
</buy_link>
<buy_link>
<id>3</id>
<name>Barnes &amp; Noble</name>
<link>https://www.goodreads.com/book_link/follow/3</link>
</buy_link>
<buy_link>
<id>1027</id>
<name>Kobo</name>
<link>https://www.goodreads.com/book_link/follow/1027</link>
</buy_link>
<buy_link>
<id>2102</id>
<name>Apple iBooks</name>
<link>https://www.goodreads.com/book_link/follow/2102</link>
</buy_link>
<buy_link>
<id>8036</id>
<name>Google Play</name>
<link>https://www.goodreads.com/book_link/follow/8036</link>
</buy_link>
<buy_link>
<id>4</id>
<name>Abebooks</name>
<link>https://www.goodreads.com/book_link/follow/4</link>
</buy_link>
<buy_link>
<id>882</id>
<name>Book Depository</name>
<link>https://www.goodreads.com/book_link/follow/882</link>
</buy_link>
<buy_link>
<id>9</id>
<name>Indigo</name>
<link>https://www.goodreads.com/book_link/follow/9</link>
</buy_link>
<buy_link>
<id>2</id>
<name>Half.com</name>
<link>https://www.goodreads.com/book_link/follow/2</link>
</buy_link>
<buy_link>
<id>5</id>
<name>Alibris</name>
<link>https://www.goodreads.com/book_link/follow/5</link>
</buy_link>
<buy_link>
<id>107</id>
<name>Better World Books</name>
<link>https://www.goodreads.com/book_link/follow/107</link>
</buy_link>
<buy_link>
<id>7</id>
<name>IndieBound</name>
<link>https://www.goodreads.com/book_link/follow/7</link>
</buy_link>

  </buy_links>
  <series_works>
    
  </series_works>
  <similar_books>
          <book>
<id>94034</id>
<title>Q</title>
<title_without_series>Q</title_without_series>
<link><![CDATA[https://www.goodreads.com/book/show/94034.Q]]></link>
<small_image_url><![CDATA[https://images.gr-assets.com/books/1328874969s/94034.jpg]]></small_image_url>
<image_url><![CDATA[https://images.gr-assets.com/books/1328874969m/94034.jpg]]></image_url>
<num_pages></num_pages>
<work>
<id>414</id>
</work>
<isbn>0156031965</isbn>
<isbn13>9780156031967</isbn13>
<average_rating>4.13</average_rating>
<ratings_count>4696</ratings_count>
<publication_year></publication_year>
<publication_month></publication_month>
<publication_day></publication_day>
<authors>
<author>
<id>36686</id>
<name>Luther Blissett</name>
<link><![CDATA[https://www.goodreads.com/author/show/36686.Luther_Blissett]]></link>
</author>
</authors>
</book>

          <book>
<id>16055880</id>
<title>Di tutte le ricchezze</title>
<title_without_series>Di tutte le ricchezze</title_without_series>
<link><![CDATA[https://www.goodreads.com/book/show/16055880-di-tutte-le-ricchezze]]></link>
<small_image_url><![CDATA[https://images.gr-assets.com/books/1349269913s/16055880.jpg]]></small_image_url>
<image_url><![CDATA[https://images.gr-assets.com/books/1349269913m/16055880.jpg]]></image_url>
<num_pages>208</num_pages>
<work>
<id>21841493</id>
</work>
<isbn>8807019108</isbn>
<isbn13>9788807019104</isbn13>
<average_rating>3.66</average_rating>
<ratings_count>484</ratings_count>
<publication_year>2012</publication_year>
<publication_month>9</publication_month>
<publication_day>26</publication_day>
<authors>
<author>
<id>24707</id>
<name>Stefano Benni</name>
<link><![CDATA[https://www.goodreads.com/author/show/24707.Stefano_Benni]]></link>
</author>
</authors>
</book>

          <book>
<id>60110</id>
<title><![CDATA[Hermit in Paris: Autobiographical Writings]]></title>
<title_without_series><![CDATA[Hermit in Paris: Autobiographical Writings]]></title_without_series>
<link><![CDATA[https://www.goodreads.com/book/show/60110.Hermit_in_Paris]]></link>
<small_image_url><![CDATA[https://s.gr-assets.com/assets/nophoto/book/50x75-a91bf249278a81aabab721ef782c4a74.png]]></small_image_url>
<image_url><![CDATA[https://s.gr-assets.com/assets/nophoto/book/111x148-bcc042a9c91a29c1d680899eff700a03.png]]></image_url>
<num_pages>272</num_pages>
<work>
<id>515875</id>
</work>
<isbn>037571426X</isbn>
<isbn13>9780375714269</isbn13>
<average_rating>3.73</average_rating>
<ratings_count>414</ratings_count>
<publication_year>2004</publication_year>
<publication_month>8</publication_month>
<publication_day>10</publication_day>
<authors>
<author>
<id>155517</id>
<name>Italo Calvino</name>
<link><![CDATA[https://www.goodreads.com/author/show/155517.Italo_Calvino]]></link>
</author>
</authors>
</book>

          <book>
<id>2101872</id>
<title>The Siege</title>
<title_without_series>The Siege</title_without_series>
<link><![CDATA[https://www.goodreads.com/book/show/2101872.The_Siege]]></link>
<small_image_url><![CDATA[https://images.gr-assets.com/books/1356479564s/2101872.jpg]]></small_image_url>
<image_url><![CDATA[https://images.gr-assets.com/books/1356479564m/2101872.jpg]]></image_url>
<num_pages>328</num_pages>
<work>
<id>2107236</id>
</work>
<isbn>184767030X</isbn>
<isbn13>9781847670304</isbn13>
<average_rating>3.95</average_rating>
<ratings_count>1165</ratings_count>
<publication_year></publication_year>
<publication_month></publication_month>
<publication_day></publication_day>
<authors>
<author>
<id>10838</id>
<name>Ismail Kadare</name>
<link><![CDATA[https://www.goodreads.com/author/show/10838.Ismail_Kadare]]></link>
</author>
</authors>
</book>

          <book>
<id>7852660</id>
<title>Altai</title>
<title_without_series>Altai</title_without_series>
<link><![CDATA[https://www.goodreads.com/book/show/7852660-altai]]></link>
<small_image_url><![CDATA[https://images.gr-assets.com/books/1272838761s/7852660.jpg]]></small_image_url>
<image_url><![CDATA[https://images.gr-assets.com/books/1272838761m/7852660.jpg]]></image_url>
<num_pages>411</num_pages>
<work>
<id>10979031</id>
</work>
<isbn>8806198963</isbn>
<isbn13>9788806198961</isbn13>
<average_rating>3.78</average_rating>
<ratings_count>1127</ratings_count>
<publication_year>2009</publication_year>
<publication_month></publication_month>
<publication_day></publication_day>
<authors>
<author>
<id>191397</id>
<name>Wu  Ming</name>
<link><![CDATA[https://www.goodreads.com/author/show/191397.Wu_Ming]]></link>
</author>
</authors>
</book>

          <book>
<id>174296</id>
<title>Una vita</title>
<title_without_series>Una vita</title_without_series>
<link><![CDATA[https://www.goodreads.com/book/show/174296.Una_vita]]></link>
<small_image_url><![CDATA[https://images.gr-assets.com/books/1397771032s/174296.jpg]]></small_image_url>
<image_url><![CDATA[https://images.gr-assets.com/books/1397771032m/174296.jpg]]></image_url>
<num_pages>325</num_pages>
<work>
<id>168361</id>
</work>
<isbn>8845202178</isbn>
<isbn13>9788845202179</isbn13>
<average_rating>3.47</average_rating>
<ratings_count>529</ratings_count>
<publication_year>1989</publication_year>
<publication_month></publication_month>
<publication_day></publication_day>
<authors>
<author>
<id>38706</id>
<name>Italo Svevo</name>
<link><![CDATA[https://www.goodreads.com/author/show/38706.Italo_Svevo]]></link>
</author>
</authors>
</book>

          <book>
<id>790952</id>
<title><![CDATA[Hypnerotomachia Poliphili: The Strife of Love in a Dream]]></title>
<title_without_series><![CDATA[Hypnerotomachia Poliphili: The Strife of Love in a Dream]]></title_without_series>
<link><![CDATA[https://www.goodreads.com/book/show/790952.Hypnerotomachia_Poliphili]]></link>
<small_image_url><![CDATA[https://s.gr-assets.com/assets/nophoto/book/50x75-a91bf249278a81aabab721ef782c4a74.png]]></small_image_url>
<image_url><![CDATA[https://s.gr-assets.com/assets/nophoto/book/111x148-bcc042a9c91a29c1d680899eff700a03.png]]></image_url>
<num_pages>496</num_pages>
<work>
<id>776937</id>
</work>
<isbn>0500285497</isbn>
<isbn13>9780500285497</isbn13>
<average_rating>4.02</average_rating>
<ratings_count>233</ratings_count>
<publication_year>2005</publication_year>
<publication_month>6</publication_month>
<publication_day>6</publication_day>
<authors>
<author>
<id>291003</id>
<name>Francesco Colonna</name>
<link><![CDATA[https://www.goodreads.com/author/show/291003.Francesco_Colonna]]></link>
</author>
</authors>
</book>

          <book>
<id>10821772</id>
<title>Parallel Stories</title>
<title_without_series>Parallel Stories</title_without_series>
<link><![CDATA[https://www.goodreads.com/book/show/10821772-parallel-stories]]></link>
<small_image_url><![CDATA[https://s.gr-assets.com/assets/nophoto/book/50x75-a91bf249278a81aabab721ef782c4a74.png]]></small_image_url>
<image_url><![CDATA[https://s.gr-assets.com/assets/nophoto/book/111x148-bcc042a9c91a29c1d680899eff700a03.png]]></image_url>
<num_pages>1133</num_pages>
<work>
<id>15735508</id>
</work>
<isbn>0374229767</isbn>
<isbn13>9780374229764</isbn13>
<average_rating>3.70</average_rating>
<ratings_count>328</ratings_count>
<publication_year></publication_year>
<publication_month></publication_month>
<publication_day></publication_day>
<authors>
<author>
<id>718712</id>
<name>Péter Nádas</name>
<link><![CDATA[https://www.goodreads.com/author/show/718712.P_ter_N_das]]></link>
</author>
</authors>
</book>

          <book>
<id>2138742</id>
<title>La forza del passato</title>
<title_without_series>La forza del passato</title_without_series>
<link><![CDATA[https://www.goodreads.com/book/show/2138742.La_forza_del_passato]]></link>
<small_image_url><![CDATA[https://images.gr-assets.com/books/1256523246s/2138742.jpg]]></small_image_url>
<image_url><![CDATA[https://images.gr-assets.com/books/1256523246m/2138742.jpg]]></image_url>
<num_pages></num_pages>
<work>
<id>2144230</id>
</work>
<isbn>8845244091</isbn>
<isbn13>9788845244094</isbn13>
<average_rating>3.63</average_rating>
<ratings_count>384</ratings_count>
<publication_year></publication_year>
<publication_month></publication_month>
<publication_day></publication_day>
<authors>
<author>
<id>745862</id>
<name>Sandro Veronesi</name>
<link><![CDATA[https://www.goodreads.com/author/show/745862.Sandro_Veronesi]]></link>
</author>
</authors>
</book>

          <book>
<id>5145137</id>
<title>Cinque storie ferraresi</title>
<title_without_series>Cinque storie ferraresi</title_without_series>
<link><![CDATA[https://www.goodreads.com/book/show/5145137-cinque-storie-ferraresi]]></link>
<small_image_url><![CDATA[https://images.gr-assets.com/books/1397917724s/5145137.jpg]]></small_image_url>
<image_url><![CDATA[https://images.gr-assets.com/books/1397917724m/5145137.jpg]]></image_url>
<num_pages>216</num_pages>
<work>
<id>5212042</id>
</work>
<isbn>8806163906</isbn>
<isbn13>9788806163907</isbn13>
<average_rating>3.65</average_rating>
<ratings_count>199</ratings_count>
<publication_year>2005</publication_year>
<publication_month></publication_month>
<publication_day></publication_day>
<authors>
<author>
<id>203870</id>
<name>Giorgio Bassani</name>
<link><![CDATA[https://www.goodreads.com/author/show/203870.Giorgio_Bassani]]></link>
</author>
</authors>
</book>

          <book>
<id>1124796</id>
<title>Il birraio di Preston</title>
<title_without_series>Il birraio di Preston</title_without_series>
<link><![CDATA[https://www.goodreads.com/book/show/1124796.Il_birraio_di_Preston]]></link>
<small_image_url><![CDATA[https://images.gr-assets.com/books/1346414142s/1124796.jpg]]></small_image_url>
<image_url><![CDATA[https://images.gr-assets.com/books/1346414142m/1124796.jpg]]></image_url>
<num_pages>236</num_pages>
<work>
<id>1111897</id>
</work>
<isbn>8838910987</isbn>
<isbn13>9788838910982</isbn13>
<average_rating>3.73</average_rating>
<ratings_count>805</ratings_count>
<publication_year>1995</publication_year>
<publication_month></publication_month>
<publication_day></publication_day>
<authors>
<author>
<id>17350</id>
<name>Andrea Camilleri</name>
<link><![CDATA[https://www.goodreads.com/author/show/17350.Andrea_Camilleri]]></link>
</author>
</authors>
</book>

          <book>
<id>1317696</id>
<title>The Enchantress of Florence</title>
<title_without_series>The Enchantress of Florence</title_without_series>
<link><![CDATA[https://www.goodreads.com/book/show/1317696.The_Enchantress_of_Florence]]></link>
<small_image_url><![CDATA[https://s.gr-assets.com/assets/nophoto/book/50x75-a91bf249278a81aabab721ef782c4a74.png]]></small_image_url>
<image_url><![CDATA[https://s.gr-assets.com/assets/nophoto/book/111x148-bcc042a9c91a29c1d680899eff700a03.png]]></image_url>
<num_pages>359</num_pages>
<work>
<id>2495143</id>
</work>
<isbn>0224061631</isbn>
<isbn13>9780224061636</isbn13>
<average_rating>3.57</average_rating>
<ratings_count>14502</ratings_count>
<publication_year>2008</publication_year>
<publication_month></publication_month>
<publication_day></publication_day>
<authors>
<author>
<id>3299</id>
<name>Salman Rushdie</name>
<link><![CDATA[https://www.goodreads.com/author/show/3299.Salman_Rushdie]]></link>
</author>
</authors>
</book>

          <book>
<id>596986</id>
<title><![CDATA[That Awful Mess on the Via Merulana]]></title>
<title_without_series><![CDATA[That Awful Mess on the Via Merulana]]></title_without_series>
<link><![CDATA[https://www.goodreads.com/book/show/596986.That_Awful_Mess_on_the_Via_Merulana]]></link>
<small_image_url><![CDATA[https://s.gr-assets.com/assets/nophoto/book/50x75-a91bf249278a81aabab721ef782c4a74.png]]></small_image_url>
<image_url><![CDATA[https://s.gr-assets.com/assets/nophoto/book/111x148-bcc042a9c91a29c1d680899eff700a03.png]]></image_url>
<num_pages>388</num_pages>
<work>
<id>660246</id>
</work>
<isbn>1590172221</isbn>
<isbn13>9781590172223</isbn13>
<average_rating>3.66</average_rating>
<ratings_count>1528</ratings_count>
<publication_year>2007</publication_year>
<publication_month>2</publication_month>
<publication_day>27</publication_day>
<authors>
<author>
<id>299133</id>
<name>Carlo Emilio Gadda</name>
<link><![CDATA[https://www.goodreads.com/author/show/299133.Carlo_Emilio_Gadda]]></link>
</author>
</authors>
</book>

          <book>
<id>9922078</id>
<title><![CDATA[Appunti di un venditore di donne]]></title>
<title_without_series><![CDATA[Appunti di un venditore di donne]]></title_without_series>
<link><![CDATA[https://www.goodreads.com/book/show/9922078-appunti-di-un-venditore-di-donne]]></link>
<small_image_url><![CDATA[https://images.gr-assets.com/books/1294597159s/9922078.jpg]]></small_image_url>
<image_url><![CDATA[https://images.gr-assets.com/books/1294597159m/9922078.jpg]]></image_url>
<num_pages></num_pages>
<work>
<id>14814848</id>
</work>
<isbn>8860735394</isbn>
<isbn13>9788860735393</isbn13>
<average_rating>3.75</average_rating>
<ratings_count>931</ratings_count>
<publication_year>2010</publication_year>
<publication_month>11</publication_month>
<publication_day>1</publication_day>
<authors>
<author>
<id>35371</id>
<name>Giorgio Faletti</name>
<link><![CDATA[https://www.goodreads.com/author/show/35371.Giorgio_Faletti]]></link>
</author>
</authors>
</book>

          <book>
<id>5228119</id>
<title>Godenslaap</title>
<title_without_series>Godenslaap</title_without_series>
<link><![CDATA[https://www.goodreads.com/book/show/5228119-godenslaap]]></link>
<small_image_url><![CDATA[https://s.gr-assets.com/assets/nophoto/book/50x75-a91bf249278a81aabab721ef782c4a74.png]]></small_image_url>
<image_url><![CDATA[https://s.gr-assets.com/assets/nophoto/book/111x148-bcc042a9c91a29c1d680899eff700a03.png]]></image_url>
<num_pages>406</num_pages>
<work>
<id>5295393</id>
</work>
<isbn>9023427785</isbn>
<isbn13>9789023427780</isbn13>
<average_rating>3.68</average_rating>
<ratings_count>1237</ratings_count>
<publication_year>2008</publication_year>
<publication_month>10</publication_month>
<publication_day>8</publication_day>
<authors>
<author>
<id>807290</id>
<name>Erwin Mortier</name>
<link><![CDATA[https://www.goodreads.com/author/show/807290.Erwin_Mortier]]></link>
</author>
</authors>
</book>

          <book>
<id>10734339</id>
<title>De Koning</title>
<title_without_series>De Koning</title_without_series>
<link><![CDATA[https://www.goodreads.com/book/show/10734339-de-koning]]></link>
<small_image_url><![CDATA[https://images.gr-assets.com/books/1300289013s/10734339.jpg]]></small_image_url>
<image_url><![CDATA[https://images.gr-assets.com/books/1300289013m/10734339.jpg]]></image_url>
<num_pages>412</num_pages>
<work>
<id>15645239</id>
</work>
<isbn>904451542X</isbn>
<isbn13>9789044515428</isbn13>
<average_rating>3.64</average_rating>
<ratings_count>585</ratings_count>
<publication_year>2011</publication_year>
<publication_month>3</publication_month>
<publication_day></publication_day>
<authors>
<author>
<id>127562</id>
<name>Kader Abdolah</name>
<link><![CDATA[https://www.goodreads.com/author/show/127562.Kader_Abdolah]]></link>
</author>
</authors>
</book>

          <book>
<id>8688114</id>
<title>Canale Mussolini</title>
<title_without_series>Canale Mussolini</title_without_series>
<link><![CDATA[https://www.goodreads.com/book/show/8688114-canale-mussolini]]></link>
<small_image_url><![CDATA[https://images.gr-assets.com/books/1291727243s/8688114.jpg]]></small_image_url>
<image_url><![CDATA[https://images.gr-assets.com/books/1291727243m/8688114.jpg]]></image_url>
<num_pages>460</num_pages>
<work>
<id>13560490</id>
</work>
<isbn>8804546751</isbn>
<isbn13>9788804546757</isbn13>
<average_rating>3.92</average_rating>
<ratings_count>803</ratings_count>
<publication_year>2010</publication_year>
<publication_month>2</publication_month>
<publication_day></publication_day>
<authors>
<author>
<id>1352479</id>
<name>Antonio Pennacchi</name>
<link><![CDATA[https://www.goodreads.com/author/show/1352479.Antonio_Pennacchi]]></link>
</author>
</authors>
</book>

          <book>
<id>6925661</id>
<title>Accabadora</title>
<title_without_series>Accabadora</title_without_series>
<link><![CDATA[https://www.goodreads.com/book/show/6925661-accabadora]]></link>
<small_image_url><![CDATA[https://images.gr-assets.com/books/1400834273s/6925661.jpg]]></small_image_url>
<image_url><![CDATA[https://images.gr-assets.com/books/1400834273m/6925661.jpg]]></image_url>
<num_pages>166</num_pages>
<work>
<id>7155273</id>
</work>
<isbn>8806197800</isbn>
<isbn13>9788806197803</isbn13>
<average_rating>3.88</average_rating>
<ratings_count>2087</ratings_count>
<publication_year>2009</publication_year>
<publication_month>5</publication_month>
<publication_day>25</publication_day>
<authors>
<author>
<id>2966342</id>
<name>Michela Murgia</name>
<link><![CDATA[https://www.goodreads.com/author/show/2966342.Michela_Murgia]]></link>
</author>
</authors>
</book>

  </similar_books>
</book>

</GoodreadsResponse>