<?xml version="1.0" encoding="UTF-8"?>
<GoodreadsResponse>
  <Request>
    <authentication>true</authentication>
      <key><![CDATA[all_men_must_serve]]></key>
    <method><![CDATA[book_show]]></method>
  </Request>
  <book>
  <id>1032</id>
  <title>Trump: The Art of the Deal</title>
  <isbn><![CDATA[0345479173]]></isbn>
  <isbn13><![CDATA[9780345479174]]></isbn13>
  <asin><![CDATA[]]></asin>
  <kindle_asin><![CDATA[B06Y5ZJ6CK]]></kindle_asin>
  <marketplace_id><![CDATA[A1F83G8C2ARO7P]]></marketplace_id>
  <country_code><![CDATA[GB]]></country_code>
  <image_url>https://s.gr-assets.com/assets/nophoto/book/111x148-bcc042a9c91a29c1d680899eff700a03.png</image_url>
  <small_image_url>https://s.gr-assets.com/assets/nophoto/book/50x75-a91bf249278a81aabab721ef782c4a74.png</small_image_url>
  <publication_year>2004</publication_year>
  <publication_month>12</publication_month>
  <publication_day>28</publication_day>
  <publisher>Ballantine Books</publisher>
  <language_code>en-US</language_code>
  <is_ebook>false</is_ebook>
  <description><![CDATA[Trump reveals the business secrets that have made him America’s foremost deal maker!<br /><b> </b><br /><i>“I like thinking big. I always have. To me it’s very simple: If you’re going to be thinking anyway, you might as well think big.”—Donald J. Trump</i><br /><b> </b><br /> Here is Trump in action—how he runs his business and how he runs his life—as he meets the people he needs to meet, chats with family and friends, clashes with enemies, and changes the face of the New York City skyline. But even a maverick plays by rules, and Trump has formulated eleven guidelines for success. He isolates the common elements in his greatest deals; he shatters myths; he names names, spells out the zeros, and fully reveals the deal-maker’s art. And throughout, Trump talks—really talks—about how he does it. <i>Trump: The Art of the Deal</i> is an unguarded look at the mind of a brilliant entrepreneur and an unprecedented education in the practice of deal-making. It’s the most streetwise business book there is—and the ultimate read for anyone interested in achieving money and success, and knowing the man behind the spotlight.<br />  ]]></description>
  <work>
  <id type="integer">1224415</id>
  <books_count type="integer">26</books_count>
  <best_book_id type="integer">1032</best_book_id>
  <reviews_count type="integer">19134</reviews_count>
  <ratings_sum type="integer">36852</ratings_sum>
  <ratings_count type="integer">10072</ratings_count>
  <text_reviews_count type="integer">651</text_reviews_count>
  <original_publication_year type="integer">1987</original_publication_year>
  <original_publication_month type="integer">11</original_publication_month>
  <original_publication_day type="integer">1</original_publication_day>
  <original_title>Trump: The Art of the Deal</original_title>
  <original_language_id type="integer" nil="true"/>
  <media_type>book</media_type>
  <rating_dist>5:2940|4:2950|3:2602|2:966|1:614|total:10072</rating_dist>
  <desc_user_id type="integer">-51</desc_user_id>
  <default_chaptering_book_id type="integer" nil="true"/>
  <default_description_language_code nil="true"/>
</work>
  <average_rating>3.66</average_rating>
  <num_pages><![CDATA[384]]></num_pages>
  <format><![CDATA[Paperback]]></format>
  <edition_information><![CDATA[]]></edition_information>
  <ratings_count><![CDATA[8781]]></ratings_count>
  <text_reviews_count><![CDATA[555]]></text_reviews_count>
  <url><![CDATA[https://www.goodreads.com/book/show/1032.Trump]]></url>
  <link><![CDATA[https://www.goodreads.com/book/show/1032.Trump]]></link>
  <authors>
<author>
<id>676</id>
<name>Donald J. Trump</name>
<role></role>
<image_url nophoto='false'>
<![CDATA[https://images.gr-assets.com/authors/1453058088p5/676.jpg]]>
</image_url>
<small_image_url nophoto='false'>
<![CDATA[https://images.gr-assets.com/authors/1453058088p2/676.jpg]]>
</small_image_url>
<link><![CDATA[https://www.goodreads.com/author/show/676.Donald_J_Trump]]></link>
<average_rating>3.70</average_rating>
<ratings_count>33471</ratings_count>
<text_reviews_count>2421</text_reviews_count>
</author>
<author>
<id>21091</id>
<name>Tony Schwartz</name>
<role></role>
<image_url nophoto='true'>
<![CDATA[https://s.gr-assets.com/assets/nophoto/user/m_200x266-d279b33f8eec0f27b7272477f09806be.png]]>
</image_url>
<small_image_url nophoto='true'>
<![CDATA[https://s.gr-assets.com/assets/nophoto/user/m_50x66-82093808bca726cb3249a493fbd3bd0f.png]]>
</small_image_url>
<link><![CDATA[https://www.goodreads.com/author/show/21091.Tony_Schwartz]]></link>
<average_rating>3.84</average_rating>
<ratings_count>20673</ratings_count>
<text_reviews_count>1208</text_reviews_count>
</author>
</authors>

    <reviews_widget>
      <![CDATA[
        <style>
  #goodreads-widget {
    font-family: georgia, serif;
    padding: 18px 0;
    width:565px;
  }
  #goodreads-widget h1 {
    font-weight:normal;
    font-size: 16px;
    border-bottom: 1px solid #BBB596;
    margin-bottom: 0;
  }
  #goodreads-widget a {
    text-decoration: none;
    color:#660;
  }
  iframe{
    background-color: #fff;
  }
  #goodreads-widget a:hover { text-decoration: underline; }
  #goodreads-widget a:active {
    color:#660;
  }
  #gr_footer {
    width: 100%;
    border-top: 1px solid #BBB596;
    text-align: right;
  }
  #goodreads-widget .gr_branding{
    color: #382110;
    font-size: 11px;
    text-decoration: none;
    font-family: "Helvetica Neue", Helvetica, Arial, sans-serif;
  }
</style>
<div id="goodreads-widget">
  <div id="gr_header"><h1><a rel="nofollow" href="https://www.goodreads.com/book/show/1032.Trump">Trump Reviews</a></h1></div>
  <iframe id="the_iframe" src="https://www.goodreads.com/api/reviews_widget_iframe?did=DEVELOPER_ID&amp;format=html&amp;isbn=0345479173&amp;links=660&amp;min_rating=&amp;review_back=fff&amp;stars=000&amp;text=000" width="565" height="400" frameborder="0"></iframe>
  <div id="gr_footer">
    <a class="gr_branding" target="_blank" rel="nofollow" href="https://www.goodreads.com/book/show/1032.Trump?utm_medium=api&amp;utm_source=reviews_widget">Reviews from Goodreads.com</a>
  </div>
</div>

      ]]>
    </reviews_widget>
  <popular_shelves>
      <shelf name="to-read" count="2216"/>
      <shelf name="currently-reading" count="441"/>
      <shelf name="business" count="222"/>
      <shelf name="non-fiction" count="94"/>
      <shelf name="biography" count="89"/>
      <shelf name="nonfiction" count="36"/>
      <shelf name="politics" count="27"/>
      <shelf name="real-estate" count="22"/>
      <shelf name="autobiography" count="18"/>
      <shelf name="self-help" count="17"/>
      <shelf name="finance" count="16"/>
      <shelf name="entrepreneurship" count="15"/>
      <shelf name="owned" count="14"/>
      <shelf name="leadership" count="14"/>
      <shelf name="self-improvement" count="13"/>
      <shelf name="memoir" count="13"/>
      <shelf name="biographies" count="13"/>
      <shelf name="persuasion" count="11"/>
      <shelf name="default" count="10"/>
      <shelf name="books-i-own" count="10"/>
      <shelf name="my-library" count="10"/>
      <shelf name="favorites" count="9"/>
      <shelf name="business-finance" count="9"/>
      <shelf name="economics" count="9"/>
      <shelf name="to-buy" count="9"/>
      <shelf name="audiobooks" count="8"/>
      <shelf name="management" count="8"/>
      <shelf name="biography-memoir" count="8"/>
      <shelf name="library" count="7"/>
      <shelf name="sales" count="7"/>
      <shelf name="trump" count="7"/>
      <shelf name="business-books" count="7"/>
      <shelf name="history" count="7"/>
      <shelf name="kindle" count="6"/>
      <shelf name="biography-autobiography" count="6"/>
      <shelf name="money" count="6"/>
      <shelf name="scott-adams" count="5"/>
      <shelf name="investing" count="5"/>
      <shelf name="read-in-2016" count="5"/>
      <shelf name="english" count="5"/>
      <shelf name="negotiation" count="5"/>
      <shelf name="career" count="5"/>
      <shelf name="psychology" count="5"/>
      <shelf name="success" count="5"/>
      <shelf name="personal-development" count="5"/>
      <shelf name="memoirs" count="5"/>
      <shelf name="presidents" count="4"/>
      <shelf name="not-to-read" count="4"/>
      <shelf name="read-2016" count="4"/>
      <shelf name="marketing" count="4"/>
      <shelf name="purchased" count="4"/>
      <shelf name="biographical" count="4"/>
      <shelf name="wealth" count="4"/>
      <shelf name="inspirational" count="4"/>
      <shelf name="entrepreneur" count="4"/>
      <shelf name="philosophy" count="4"/>
      <shelf name="people" count="4"/>
      <shelf name="bio" count="4"/>
      <shelf name="knowledge" count="3"/>
      <shelf name="audiobook" count="3"/>
      <shelf name="calibre" count="3"/>
      <shelf name="autobiographies" count="3"/>
      <shelf name="maybe" count="3"/>
      <shelf name="have" count="3"/>
      <shelf name="political" count="3"/>
      <shelf name="library-books" count="3"/>
      <shelf name="shelf" count="3"/>
      <shelf name="did-not-finish" count="3"/>
      <shelf name="buisness" count="3"/>
      <shelf name="must-read" count="3"/>
      <shelf name="20th-century" count="3"/>
      <shelf name="recommended" count="3"/>
      <shelf name="business-biographies" count="3"/>
      <shelf name="1980s" count="3"/>
      <shelf name="ebook" count="3"/>
      <shelf name="self-development" count="3"/>
      <shelf name="biz" count="3"/>
      <shelf name="education" count="3"/>
      <shelf name="business-and-finance" count="3"/>
      <shelf name="business-motivation" count="3"/>
      <shelf name="personal" count="3"/>
      <shelf name="financial" count="3"/>
      <shelf name="--33-" count="3"/>
      <shelf name="memoir-biography" count="3"/>
      <shelf name="read-2017" count="2"/>
      <shelf name="audio-books" count="2"/>
      <shelf name="read-in-2017" count="2"/>
      <shelf name="fun" count="2"/>
      <shelf name="books-read-2017" count="2"/>
      <shelf name="1" count="2"/>
      <shelf name="bios" count="2"/>
      <shelf name="2017-reading-list" count="2"/>
      <shelf name="to-read-2017" count="2"/>
      <shelf name="usa" count="2"/>
      <shelf name="communication" count="2"/>
      <shelf name="united-states" count="2"/>
      <shelf name="toread2" count="2"/>
      <shelf name="bussiness" count="2"/>
      <shelf name="x-ext-list-1" count="2"/>
      <shelf name="scott-adams-reading-list" count="2"/>
  </popular_shelves>
  <book_links>
    <book_link>
  <id>8</id>
  <name>Libraries</name>
  <link>https://www.goodreads.com/book_link/follow/8</link>
</book_link>

  </book_links>
  <buy_links>
    <buy_link>
<id>1</id>
<name>Amazon</name>
<link>https://www.goodreads.com/book_link/follow/1</link>
</buy_link>
<buy_link>
<id>10</id>
<name>Audible</name>
<link>https://www.goodreads.com/book_link/follow/10</link>
</buy_link>
<buy_link>
<id>3</id>
<name>Barnes &amp; Noble</name>
<link>https://www.goodreads.com/book_link/follow/3</link>
</buy_link>
<buy_link>
<id>1027</id>
<name>Kobo</name>
<link>https://www.goodreads.com/book_link/follow/1027</link>
</buy_link>
<buy_link>
<id>2102</id>
<name>Apple iBooks</name>
<link>https://www.goodreads.com/book_link/follow/2102</link>
</buy_link>
<buy_link>
<id>8036</id>
<name>Google Play</name>
<link>https://www.goodreads.com/book_link/follow/8036</link>
</buy_link>
<buy_link>
<id>4</id>
<name>Abebooks</name>
<link>https://www.goodreads.com/book_link/follow/4</link>
</buy_link>
<buy_link>
<id>882</id>
<name>Book Depository</name>
<link>https://www.goodreads.com/book_link/follow/882</link>
</buy_link>
<buy_link>
<id>9</id>
<name>Indigo</name>
<link>https://www.goodreads.com/book_link/follow/9</link>
</buy_link>
<buy_link>
<id>2</id>
<name>Half.com</name>
<link>https://www.goodreads.com/book_link/follow/2</link>
</buy_link>
<buy_link>
<id>5</id>
<name>Alibris</name>
<link>https://www.goodreads.com/book_link/follow/5</link>
</buy_link>
<buy_link>
<id>107</id>
<name>Better World Books</name>
<link>https://www.goodreads.com/book_link/follow/107</link>
</buy_link>
<buy_link>
<id>7</id>
<name>IndieBound</name>
<link>https://www.goodreads.com/book_link/follow/7</link>
</buy_link>

  </buy_links>
  <series_works>
    
  </series_works>
  <similar_books>
          <book>
<id>89944</id>
<title><![CDATA[Creating Wealth: Retire in Ten Years Using Allen's Seven Principles of Wealth]]></title>
<title_without_series><![CDATA[Creating Wealth: Retire in Ten Years Using Allen's Seven Principles of Wealth]]></title_without_series>
<link><![CDATA[https://www.goodreads.com/book/show/89944.Creating_Wealth]]></link>
<small_image_url><![CDATA[https://s.gr-assets.com/assets/nophoto/book/50x75-a91bf249278a81aabab721ef782c4a74.png]]></small_image_url>
<image_url><![CDATA[https://s.gr-assets.com/assets/nophoto/book/111x148-bcc042a9c91a29c1d680899eff700a03.png]]></image_url>
<num_pages>257</num_pages>
<work>
<id>86808</id>
</work>
<isbn>0743277252</isbn>
<isbn13>9780743277259</isbn13>
<average_rating>3.85</average_rating>
<ratings_count>485</ratings_count>
<publication_year>2006</publication_year>
<publication_month>8</publication_month>
<publication_day>1</publication_day>
<authors>
<author>
<id>25187</id>
<name>Robert G. Allen</name>
<link><![CDATA[https://www.goodreads.com/author/show/25187.Robert_G_Allen]]></link>
</author>
</authors>
</book>

          <book>
<id>272935</id>
<title><![CDATA[Sales Dogs: You Do Not Have to Be an Attack Dog to Be Successful in Sales]]></title>
<title_without_series><![CDATA[Sales Dogs: You Do Not Have to Be an Attack Dog to Be Successful in Sales]]></title_without_series>
<link><![CDATA[https://www.goodreads.com/book/show/272935.Sales_Dogs]]></link>
<small_image_url><![CDATA[https://s.gr-assets.com/assets/nophoto/book/50x75-a91bf249278a81aabab721ef782c4a74.png]]></small_image_url>
<image_url><![CDATA[https://s.gr-assets.com/assets/nophoto/book/111x148-bcc042a9c91a29c1d680899eff700a03.png]]></image_url>
<num_pages>272</num_pages>
<work>
<id>264634</id>
</work>
<isbn>0446678333</isbn>
<isbn13>9780446678339</isbn13>
<average_rating>3.87</average_rating>
<ratings_count>2007</ratings_count>
<publication_year>2001</publication_year>
<publication_month>6</publication_month>
<publication_day>1</publication_day>
<authors>
<author>
<id>85629</id>
<name>Blair Singer</name>
<link><![CDATA[https://www.goodreads.com/author/show/85629.Blair_Singer]]></link>
</author>
</authors>
</book>

          <book>
<id>6476204</id>
<title><![CDATA[Rich Dad's Conspiracy of the Rich: The 8 New Rules of Money]]></title>
<title_without_series><![CDATA[Rich Dad's Conspiracy of the Rich: The 8 New Rules of Money]]></title_without_series>
<link><![CDATA[https://www.goodreads.com/book/show/6476204-rich-dad-s-conspiracy-of-the-rich]]></link>
<small_image_url><![CDATA[https://images.gr-assets.com/books/1344264607s/6476204.jpg]]></small_image_url>
<image_url><![CDATA[https://images.gr-assets.com/books/1344264607m/6476204.jpg]]></image_url>
<num_pages>272</num_pages>
<work>
<id>6667383</id>
</work>
<isbn>0446559806</isbn>
<isbn13>9780446559805</isbn13>
<average_rating>3.97</average_rating>
<ratings_count>1634</ratings_count>
<publication_year>2009</publication_year>
<publication_month>9</publication_month>
<publication_day>21</publication_day>
<authors>
<author>
<id>600</id>
<name>Robert T. Kiyosaki</name>
<link><![CDATA[https://www.goodreads.com/author/show/600.Robert_T_Kiyosaki]]></link>
</author>
</authors>
</book>

          <book>
<id>1033</id>
<title><![CDATA[Trump Strategies for Real Estate: Billionaire Lessons for the Small Investor]]></title>
<title_without_series><![CDATA[Trump Strategies for Real Estate: Billionaire Lessons for the Small Investor]]></title_without_series>
<link><![CDATA[https://www.goodreads.com/book/show/1033.Trump_Strategies_for_Real_Estate]]></link>
<small_image_url><![CDATA[https://s.gr-assets.com/assets/nophoto/book/50x75-a91bf249278a81aabab721ef782c4a74.png]]></small_image_url>
<image_url><![CDATA[https://s.gr-assets.com/assets/nophoto/book/111x148-bcc042a9c91a29c1d680899eff700a03.png]]></image_url>
<num_pages>231</num_pages>
<work>
<id>5240</id>
</work>
<isbn>0471774340</isbn>
<isbn13>9780471774341</isbn13>
<average_rating>4.03</average_rating>
<ratings_count>406</ratings_count>
<publication_year>2006</publication_year>
<publication_month>2</publication_month>
<publication_day>1</publication_day>
<authors>
<author>
<id>677</id>
<name>George H. Ross</name>
<link><![CDATA[https://www.goodreads.com/author/show/677.George_H_Ross]]></link>
</author>
</authors>
</book>

          <book>
<id>142109</id>
<title><![CDATA[The ABC's of Real Estate Investing: The Secrets of Finding Hidden Profits Most Investors Miss]]></title>
<title_without_series><![CDATA[The ABC's of Real Estate Investing: The Secrets of Finding Hidden Profits Most Investors Miss]]></title_without_series>
<link><![CDATA[https://www.goodreads.com/book/show/142109.The_ABC_s_of_Real_Estate_Investing]]></link>
<small_image_url><![CDATA[https://s.gr-assets.com/assets/nophoto/book/50x75-a91bf249278a81aabab721ef782c4a74.png]]></small_image_url>
<image_url><![CDATA[https://s.gr-assets.com/assets/nophoto/book/111x148-bcc042a9c91a29c1d680899eff700a03.png]]></image_url>
<num_pages>193</num_pages>
<work>
<id>137062</id>
</work>
<isbn>0446691844</isbn>
<isbn13>9780446691840</isbn13>
<average_rating>3.99</average_rating>
<ratings_count>2604</ratings_count>
<publication_year>2004</publication_year>
<publication_month>9</publication_month>
<publication_day>1</publication_day>
<authors>
<author>
<id>81991</id>
<name>Ken McElroy</name>
<link><![CDATA[https://www.goodreads.com/author/show/81991.Ken_McElroy]]></link>
</author>
</authors>
</book>

          <book>
<id>246227</id>
<title><![CDATA[The Wall Street Journal Guide to Understanding Money and Investing]]></title>
<title_without_series><![CDATA[The Wall Street Journal Guide to Understanding Money and Investing]]></title_without_series>
<link><![CDATA[https://www.goodreads.com/book/show/246227.The_Wall_Street_Journal_Guide_to_Understanding_Money_and_Investing]]></link>
<small_image_url><![CDATA[https://s.gr-assets.com/assets/nophoto/book/50x75-a91bf249278a81aabab721ef782c4a74.png]]></small_image_url>
<image_url><![CDATA[https://s.gr-assets.com/assets/nophoto/book/111x148-bcc042a9c91a29c1d680899eff700a03.png]]></image_url>
<num_pages></num_pages>
<work>
<id>238566</id>
</work>
<isbn>0684869020</isbn>
<isbn13>9780684869025</isbn13>
<average_rating>3.83</average_rating>
<ratings_count>322</ratings_count>
<publication_year></publication_year>
<publication_month></publication_month>
<publication_day></publication_day>
<authors>
<author>
<id>143985</id>
<name>Kenneth M. Morris</name>
<link><![CDATA[https://www.goodreads.com/author/show/143985.Kenneth_M_Morris]]></link>
</author>
</authors>
</book>

          <book>
<id>808027</id>
<title>Over the Top</title>
<title_without_series>Over the Top</title_without_series>
<link><![CDATA[https://www.goodreads.com/book/show/808027.Over_the_Top]]></link>
<small_image_url><![CDATA[https://s.gr-assets.com/assets/nophoto/book/50x75-a91bf249278a81aabab721ef782c4a74.png]]></small_image_url>
<image_url><![CDATA[https://s.gr-assets.com/assets/nophoto/book/111x148-bcc042a9c91a29c1d680899eff700a03.png]]></image_url>
<num_pages></num_pages>
<work>
<id>793968</id>
</work>
<isbn>0785271198</isbn>
<isbn13>9780785271192</isbn13>
<average_rating>4.25</average_rating>
<ratings_count>926</ratings_count>
<publication_year></publication_year>
<publication_month></publication_month>
<publication_day></publication_day>
<authors>
<author>
<id>50316</id>
<name>Zig Ziglar</name>
<link><![CDATA[https://www.goodreads.com/author/show/50316.Zig_Ziglar]]></link>
</author>
</authors>
</book>

          <book>
<id>4376600</id>
<title><![CDATA[Rich Dad's Advisors: Guide to Investing In Gold and Silver: Everything You Need to Know to Profit from Precious Metals Now]]></title>
<title_without_series><![CDATA[Rich Dad's Advisors: Guide to Investing In Gold and Silver: Everything You Need to Know to Profit from Precious Metals Now]]></title_without_series>
<link><![CDATA[https://www.goodreads.com/book/show/4376600-rich-dad-s-advisors]]></link>
<small_image_url><![CDATA[https://images.gr-assets.com/books/1344264160s/4376600.jpg]]></small_image_url>
<image_url><![CDATA[https://images.gr-assets.com/books/1344264160m/4376600.jpg]]></image_url>
<num_pages>240</num_pages>
<work>
<id>4424620</id>
</work>
<isbn>0446510998</isbn>
<isbn13>9780446510998</isbn13>
<average_rating>4.18</average_rating>
<ratings_count>1405</ratings_count>
<publication_year>2008</publication_year>
<publication_month>8</publication_month>
<publication_day>28</publication_day>
<authors>
<author>
<id>120864</id>
<name>Michael Maloney</name>
<link><![CDATA[https://www.goodreads.com/author/show/120864.Michael_Maloney]]></link>
</author>
</authors>
</book>

          <book>
<id>108582</id>
<title><![CDATA[Own Your Own Corporation: Why the Rich Own Their Own Companies and Everyone Else Works for Them (Rich Dad's Advisors)]]></title>
<title_without_series><![CDATA[Own Your Own Corporation: Why the Rich Own Their Own Companies and Everyone Else Works for Them]]></title_without_series>
<link><![CDATA[https://www.goodreads.com/book/show/108582.Own_Your_Own_Corporation]]></link>
<small_image_url><![CDATA[https://s.gr-assets.com/assets/nophoto/book/50x75-a91bf249278a81aabab721ef782c4a74.png]]></small_image_url>
<image_url><![CDATA[https://s.gr-assets.com/assets/nophoto/book/111x148-bcc042a9c91a29c1d680899eff700a03.png]]></image_url>
<num_pages></num_pages>
<work>
<id>104638</id>
</work>
<isbn>0446678619</isbn>
<isbn13>9780446678612</isbn13>
<average_rating>4.03</average_rating>
<ratings_count>3430</ratings_count>
<publication_year></publication_year>
<publication_month></publication_month>
<publication_day></publication_day>
<authors>
<author>
<id>15809</id>
<name>Garrett Sutton</name>
<link><![CDATA[https://www.goodreads.com/author/show/15809.Garrett_Sutton]]></link>
</author>
</authors>
</book>

          <book>
<id>1030</id>
<title><![CDATA[Real Estate Riches: How to Become Rich Using Your Banker's Money]]></title>
<title_without_series><![CDATA[Real Estate Riches: How to Become Rich Using Your Banker's Money]]></title_without_series>
<link><![CDATA[https://www.goodreads.com/book/show/1030.Real_Estate_Riches]]></link>
<small_image_url><![CDATA[https://s.gr-assets.com/assets/nophoto/book/50x75-a91bf249278a81aabab721ef782c4a74.png]]></small_image_url>
<image_url><![CDATA[https://s.gr-assets.com/assets/nophoto/book/111x148-bcc042a9c91a29c1d680899eff700a03.png]]></image_url>
<num_pages>192</num_pages>
<work>
<id>5237</id>
</work>
<isbn></isbn>
<isbn13>9780446678643</isbn13>
<average_rating>4.02</average_rating>
<ratings_count>3071</ratings_count>
<publication_year>2001</publication_year>
<publication_month>10</publication_month>
<publication_day>1</publication_day>
<authors>
<author>
<id>673</id>
<name>Dolf de Roos</name>
<link><![CDATA[https://www.goodreads.com/author/show/673.Dolf_de_Roos]]></link>
</author>
</authors>
</book>

          <book>
<id>209956</id>
<title><![CDATA[The Warren Buffett Way: Investment Strategies of the World's Greatest Investor]]></title>
<title_without_series><![CDATA[The Warren Buffett Way: Investment Strategies of the World's Greatest Investor]]></title_without_series>
<link><![CDATA[https://www.goodreads.com/book/show/209956.The_Warren_Buffett_Way]]></link>
<small_image_url><![CDATA[https://s.gr-assets.com/assets/nophoto/book/50x75-a91bf249278a81aabab721ef782c4a74.png]]></small_image_url>
<image_url><![CDATA[https://s.gr-assets.com/assets/nophoto/book/111x148-bcc042a9c91a29c1d680899eff700a03.png]]></image_url>
<num_pages>274</num_pages>
<work>
<id>488568</id>
</work>
<isbn>0471177504</isbn>
<isbn13>9780471177500</isbn13>
<average_rating>4.08</average_rating>
<ratings_count>7939</ratings_count>
<publication_year>1997</publication_year>
<publication_month>4</publication_month>
<publication_day>7</publication_day>
<authors>
<author>
<id>739</id>
<name>Robert G. Hagstrom</name>
<link><![CDATA[https://www.goodreads.com/author/show/739.Robert_G_Hagstrom]]></link>
</author>
</authors>
</book>

          <book>
<id>486319</id>
<title>Iacocca: An Autobiography</title>
<title_without_series>Iacocca: An Autobiography</title_without_series>
<link><![CDATA[https://www.goodreads.com/book/show/486319.Iacocca]]></link>
<small_image_url><![CDATA[https://images.gr-assets.com/books/1377605161s/486319.jpg]]></small_image_url>
<image_url><![CDATA[https://images.gr-assets.com/books/1377605161m/486319.jpg]]></image_url>
<num_pages>357</num_pages>
<work>
<id>474603</id>
</work>
<isbn>0553251473</isbn>
<isbn13>9780553251470</isbn13>
<average_rating>3.94</average_rating>
<ratings_count>6339</ratings_count>
<publication_year>1986</publication_year>
<publication_month>6</publication_month>
<publication_day>1</publication_day>
<authors>
<author>
<id>19662</id>
<name>Lee Iacocca</name>
<link><![CDATA[https://www.goodreads.com/author/show/19662.Lee_Iacocca]]></link>
</author>
</authors>
</book>

          <book>
<id>30848</id>
<title><![CDATA[Rich Woman: A Book on Investing for Women, Take Charge Of Your Money, Take Charge Of Your Life]]></title>
<title_without_series><![CDATA[Rich Woman: A Book on Investing for Women, Take Charge Of Your Money, Take Charge Of Your Life]]></title_without_series>
<link><![CDATA[https://www.goodreads.com/book/show/30848.Rich_Woman]]></link>
<small_image_url><![CDATA[https://s.gr-assets.com/assets/nophoto/book/50x75-a91bf249278a81aabab721ef782c4a74.png]]></small_image_url>
<image_url><![CDATA[https://s.gr-assets.com/assets/nophoto/book/111x148-bcc042a9c91a29c1d680899eff700a03.png]]></image_url>
<num_pages></num_pages>
<work>
<id>31183</id>
</work>
<isbn>1933914009</isbn>
<isbn13>9781933914008</isbn13>
<average_rating>4.01</average_rating>
<ratings_count>2497</ratings_count>
<publication_year></publication_year>
<publication_month></publication_month>
<publication_day></publication_day>
<authors>
<author>
<id>17288</id>
<name>Kim Kiyosaki</name>
<link><![CDATA[https://www.goodreads.com/author/show/17288.Kim_Kiyosaki]]></link>
</author>
</authors>
</book>

  </similar_books>
</book>

</GoodreadsResponse>