<?xml version="1.0" encoding="UTF-8"?>
<GoodreadsResponse>
  <Request>
    <authentication>true</authentication>
      <key><![CDATA[all_men_must_serve]]></key>
    <method><![CDATA[book_show]]></method>
  </Request>
  <book>
  <id>10335318</id>
  <title><![CDATA[Destiny of the Republic: A Tale of Madness, Medicine and the Murder of a President]]></title>
  <isbn><![CDATA[0385526261]]></isbn>
  <isbn13><![CDATA[9780385526265]]></isbn13>
  <asin><![CDATA[]]></asin>
  <kindle_asin><![CDATA[]]></kindle_asin>
  <marketplace_id><![CDATA[]]></marketplace_id>
  <country_code><![CDATA[GB]]></country_code>
  <image_url>https://images.gr-assets.com/books/1327883084m/10335318.jpg</image_url>
  <small_image_url>https://images.gr-assets.com/books/1327883084s/10335318.jpg</small_image_url>
  <publication_year>2011</publication_year>
  <publication_month>9</publication_month>
  <publication_day>20</publication_day>
  <publisher>Doubleday</publisher>
  <language_code>en-US</language_code>
  <is_ebook>false</is_ebook>
  <description><![CDATA[James A. Garfield was one of the most extraordinary men ever elected president. Born into abject poverty, he rose to become a wunderkind scholar, a Civil War hero, and a renowned and admired reformist congressman. Nominated for president against his will, he engaged in a fierce battle with the corrupt political establishment. But four months after his inauguration, a deranged office seeker tracked Garfield down and shot him in the back. <br /><br />But the shot didn’t kill Garfield. The drama of what hap­pened subsequently is a powerful story of a nation in tur­moil. The unhinged assassin’s half-delivered strike shattered the fragile national mood of a country so recently fractured by civil war, and left the wounded president as the object of a bitter behind-the-scenes struggle for power—over his administration, over the nation’s future, and, hauntingly, over his medical care. A team of physicians administered shockingly archaic treatments, to disastrous effect. As his con­dition worsened, Garfield received help: Alexander Graham Bell, the inventor of the telephone, worked around the clock to invent a new device capable of finding the bullet. <br /><br />Meticulously researched, epic in scope, and pulsating with an intimate human focus and high-velocity narrative drive, <i>The Destiny of the Republic</i> will stand alongside <i>The Devil in the White City</i> and <i>The Professor and the Madman</i> as a classic of narrative history.]]></description>
  <work>
  <id type="integer">15237912</id>
  <books_count type="integer">14</books_count>
  <best_book_id type="integer">10335318</best_book_id>
  <reviews_count type="integer">96399</reviews_count>
  <ratings_sum type="integer">157115</ratings_sum>
  <ratings_count type="integer">37475</ratings_count>
  <text_reviews_count type="integer">4492</text_reviews_count>
  <original_publication_year type="integer">2011</original_publication_year>
  <original_publication_month type="integer">1</original_publication_month>
  <original_publication_day type="integer">1</original_publication_day>
  <original_title></original_title>
  <original_language_id type="integer" nil="true"/>
  <media_type>book</media_type>
  <rating_dist>5:16802|4:13989|3:4684|2:1097|1:903|total:37475</rating_dist>
  <desc_user_id type="integer">541416</desc_user_id>
  <default_chaptering_book_id type="integer" nil="true"/>
  <default_description_language_code nil="true"/>
</work>
  <average_rating>4.19</average_rating>
  <num_pages><![CDATA[339]]></num_pages>
  <format><![CDATA[Hardcover]]></format>
  <edition_information><![CDATA[]]></edition_information>
  <ratings_count><![CDATA[34488]]></ratings_count>
  <text_reviews_count><![CDATA[4068]]></text_reviews_count>
  <url><![CDATA[https://www.goodreads.com/book/show/10335318-destiny-of-the-republic]]></url>
  <link><![CDATA[https://www.goodreads.com/book/show/10335318-destiny-of-the-republic]]></link>
  <authors>
<author>
<id>44565</id>
<name>Candice Millard</name>
<role></role>
<image_url nophoto='false'>
<![CDATA[https://images.gr-assets.com/authors/1354557271p5/44565.jpg]]>
</image_url>
<small_image_url nophoto='false'>
<![CDATA[https://images.gr-assets.com/authors/1354557271p2/44565.jpg]]>
</small_image_url>
<link><![CDATA[https://www.goodreads.com/author/show/44565.Candice_Millard]]></link>
<average_rating>4.18</average_rating>
<ratings_count>74881</ratings_count>
<text_reviews_count>8420</text_reviews_count>
</author>
</authors>

    <reviews_widget>
      <![CDATA[
        <style>
  #goodreads-widget {
    font-family: georgia, serif;
    padding: 18px 0;
    width:565px;
  }
  #goodreads-widget h1 {
    font-weight:normal;
    font-size: 16px;
    border-bottom: 1px solid #BBB596;
    margin-bottom: 0;
  }
  #goodreads-widget a {
    text-decoration: none;
    color:#660;
  }
  iframe{
    background-color: #fff;
  }
  #goodreads-widget a:hover { text-decoration: underline; }
  #goodreads-widget a:active {
    color:#660;
  }
  #gr_footer {
    width: 100%;
    border-top: 1px solid #BBB596;
    text-align: right;
  }
  #goodreads-widget .gr_branding{
    color: #382110;
    font-size: 11px;
    text-decoration: none;
    font-family: "Helvetica Neue", Helvetica, Arial, sans-serif;
  }
</style>
<div id="goodreads-widget">
  <div id="gr_header"><h1><a rel="nofollow" href="https://www.goodreads.com/book/show/10335318-destiny-of-the-republic">Destiny of the Republic Reviews</a></h1></div>
  <iframe id="the_iframe" src="https://www.goodreads.com/api/reviews_widget_iframe?did=DEVELOPER_ID&amp;format=html&amp;isbn=0385526261&amp;links=660&amp;min_rating=&amp;review_back=fff&amp;stars=000&amp;text=000" width="565" height="400" frameborder="0"></iframe>
  <div id="gr_footer">
    <a class="gr_branding" target="_blank" rel="nofollow" href="https://www.goodreads.com/book/show/10335318-destiny-of-the-republic?utm_medium=api&amp;utm_source=reviews_widget">Reviews from Goodreads.com</a>
  </div>
</div>

      ]]>
    </reviews_widget>
  <popular_shelves>
      <shelf name="to-read" count="23482"/>
      <shelf name="history" count="1507"/>
      <shelf name="non-fiction" count="995"/>
      <shelf name="currently-reading" count="868"/>
      <shelf name="biography" count="555"/>
      <shelf name="nonfiction" count="472"/>
      <shelf name="american-history" count="237"/>
      <shelf name="favorites" count="226"/>
      <shelf name="book-club" count="213"/>
      <shelf name="presidents" count="199"/>
      <shelf name="politics" count="129"/>
      <shelf name="historical" count="102"/>
      <shelf name="audiobooks" count="90"/>
      <shelf name="audio" count="88"/>
      <shelf name="audiobook" count="86"/>
      <shelf name="biographies" count="70"/>
      <shelf name="true-crime" count="64"/>
      <shelf name="library" count="59"/>
      <shelf name="us-history" count="51"/>
      <shelf name="kindle" count="51"/>
      <shelf name="science" count="50"/>
      <shelf name="biography-memoir" count="45"/>
      <shelf name="bookclub" count="42"/>
      <shelf name="crime" count="40"/>
      <shelf name="us-presidents" count="38"/>
      <shelf name="medicine" count="37"/>
      <shelf name="19th-century" count="37"/>
      <shelf name="owned" count="36"/>
      <shelf name="audio-book" count="35"/>
      <shelf name="audible" count="33"/>
      <shelf name="presidential-biographies" count="32"/>
      <shelf name="ebook" count="32"/>
      <shelf name="book-group" count="30"/>
      <shelf name="history-american" count="30"/>
      <shelf name="assassination" count="29"/>
      <shelf name="america" count="29"/>
      <shelf name="american" count="28"/>
      <shelf name="to-read-non-fiction" count="27"/>
      <shelf name="to-buy" count="26"/>
      <shelf name="wish-list" count="25"/>
      <shelf name="james-garfield" count="24"/>
      <shelf name="historical-non-fiction" count="23"/>
      <shelf name="medical" count="23"/>
      <shelf name="audio-books" count="22"/>
      <shelf name="presidential-history" count="20"/>
      <shelf name="history-biography" count="20"/>
      <shelf name="adult-nonfiction" count="20"/>
      <shelf name="books-i-own" count="19"/>
      <shelf name="listened-to" count="19"/>
      <shelf name="presidential" count="19"/>
      <shelf name="read-in-2013" count="18"/>
      <shelf name="non-fiction-to-read" count="18"/>
      <shelf name="united-states" count="18"/>
      <shelf name="to-read-nonfiction" count="18"/>
      <shelf name="adult" count="18"/>
      <shelf name="political" count="18"/>
      <shelf name="library-book" count="17"/>
      <shelf name="presidential-bios" count="17"/>
      <shelf name="hist" count="16"/>
      <shelf name="book-club-books" count="16"/>
      <shelf name="read-in-2012" count="16"/>
      <shelf name="to-read-history" count="16"/>
      <shelf name="history-to-read" count="16"/>
      <shelf name="american-presidents" count="15"/>
      <shelf name="biography-autobiography" count="15"/>
      <shelf name="presidential-biography" count="15"/>
      <shelf name="shelfari-favorites" count="14"/>
      <shelf name="u-s-history" count="14"/>
      <shelf name="nonfiction-history" count="14"/>
      <shelf name="bio" count="14"/>
      <shelf name="2013-books" count="13"/>
      <shelf name="ebooks" count="13"/>
      <shelf name="history-nonfiction" count="13"/>
      <shelf name="read-in-2011" count="13"/>
      <shelf name="alexander-graham-bell" count="12"/>
      <shelf name="overdrive" count="12"/>
      <shelf name="historical-fiction" count="12"/>
      <shelf name="adult-non-fiction" count="12"/>
      <shelf name="washington-dc" count="12"/>
      <shelf name="biographical" count="12"/>
      <shelf name="history-us" count="12"/>
      <shelf name="narrative-nonfiction" count="12"/>
      <shelf name="recommended" count="12"/>
      <shelf name="u-s-presidents" count="12"/>
      <shelf name="read-2016" count="11"/>
      <shelf name="read-in-2016" count="11"/>
      <shelf name="non-fiction-history" count="11"/>
      <shelf name="finished" count="11"/>
      <shelf name="civil-war" count="11"/>
      <shelf name="president" count="11"/>
      <shelf name="memoir-biography" count="11"/>
      <shelf name="2013-reads" count="10"/>
      <shelf name="owned-books" count="10"/>
      <shelf name="default" count="10"/>
      <shelf name="book-club-reads" count="10"/>
      <shelf name="historical-nonfiction" count="10"/>
      <shelf name="non-fic" count="10"/>
      <shelf name="want-to-read" count="10"/>
      <shelf name="maybe" count="10"/>
      <shelf name="5-stars" count="10"/>
  </popular_shelves>
  <book_links>
    <book_link>
  <id>8</id>
  <name>Libraries</name>
  <link>https://www.goodreads.com/book_link/follow/8</link>
</book_link>

  </book_links>
  <buy_links>
    <buy_link>
<id>1</id>
<name>Amazon</name>
<link>https://www.goodreads.com/book_link/follow/1</link>
</buy_link>
<buy_link>
<id>10</id>
<name>Audible</name>
<link>https://www.goodreads.com/book_link/follow/10</link>
</buy_link>
<buy_link>
<id>3</id>
<name>Barnes &amp; Noble</name>
<link>https://www.goodreads.com/book_link/follow/3</link>
</buy_link>
<buy_link>
<id>1027</id>
<name>Kobo</name>
<link>https://www.goodreads.com/book_link/follow/1027</link>
</buy_link>
<buy_link>
<id>2102</id>
<name>Apple iBooks</name>
<link>https://www.goodreads.com/book_link/follow/2102</link>
</buy_link>
<buy_link>
<id>8036</id>
<name>Google Play</name>
<link>https://www.goodreads.com/book_link/follow/8036</link>
</buy_link>
<buy_link>
<id>4</id>
<name>Abebooks</name>
<link>https://www.goodreads.com/book_link/follow/4</link>
</buy_link>
<buy_link>
<id>882</id>
<name>Book Depository</name>
<link>https://www.goodreads.com/book_link/follow/882</link>
</buy_link>
<buy_link>
<id>9</id>
<name>Indigo</name>
<link>https://www.goodreads.com/book_link/follow/9</link>
</buy_link>
<buy_link>
<id>2</id>
<name>Half.com</name>
<link>https://www.goodreads.com/book_link/follow/2</link>
</buy_link>
<buy_link>
<id>5</id>
<name>Alibris</name>
<link>https://www.goodreads.com/book_link/follow/5</link>
</buy_link>
<buy_link>
<id>107</id>
<name>Better World Books</name>
<link>https://www.goodreads.com/book_link/follow/107</link>
</buy_link>
<buy_link>
<id>7</id>
<name>IndieBound</name>
<link>https://www.goodreads.com/book_link/follow/7</link>
</buy_link>

  </buy_links>
  <series_works>
    
  </series_works>
  <similar_books>
          <book>
<id>9671755</id>
<title><![CDATA[The President and the Assassin: McKinley, Terror, and Empire at the Dawn of the American Century]]></title>
<title_without_series><![CDATA[The President and the Assassin: McKinley, Terror, and Empire at the Dawn of the American Century]]></title_without_series>
<link><![CDATA[https://www.goodreads.com/book/show/9671755-the-president-and-the-assassin]]></link>
<small_image_url><![CDATA[https://images.gr-assets.com/books/1320561178s/9671755.jpg]]></small_image_url>
<image_url><![CDATA[https://images.gr-assets.com/books/1320561178m/9671755.jpg]]></image_url>
<num_pages>422</num_pages>
<work>
<id>14559580</id>
</work>
<isbn>1400067529</isbn>
<isbn13>9781400067527</isbn13>
<average_rating>3.89</average_rating>
<ratings_count>3012</ratings_count>
<publication_year>2011</publication_year>
<publication_month>6</publication_month>
<publication_day>14</publication_day>
<authors>
<author>
<id>5621969</id>
<name>Scott  Miller</name>
<link><![CDATA[https://www.goodreads.com/author/show/5621969.Scott_Miller]]></link>
</author>
</authors>
</book>

          <book>
<id>10146243</id>
<title><![CDATA[The President Is a Sick Man: Wherein the Supposedly Virtuous Grover Cleveland Survives a Secret Surgery at Sea and Vilifies the Courageous Newspaperman Who Dared Expose the Truth]]></title>
<title_without_series><![CDATA[The President Is a Sick Man: Wherein the Supposedly Virtuous Grover Cleveland Survives a Secret Surgery at Sea and Vilifies the Courageous Newspaperman Who Dared Expose the Truth]]></title_without_series>
<link><![CDATA[https://www.goodreads.com/book/show/10146243-the-president-is-a-sick-man]]></link>
<small_image_url><![CDATA[https://images.gr-assets.com/books/1328752027s/10146243.jpg]]></small_image_url>
<image_url><![CDATA[https://images.gr-assets.com/books/1328752027m/10146243.jpg]]></image_url>
<num_pages>255</num_pages>
<work>
<id>15044505</id>
</work>
<isbn>156976350X</isbn>
<isbn13>9781569763506</isbn13>
<average_rating>3.94</average_rating>
<ratings_count>1761</ratings_count>
<publication_year></publication_year>
<publication_month></publication_month>
<publication_day></publication_day>
<authors>
<author>
<id>847487</id>
<name>Matthew Algeo</name>
<link><![CDATA[https://www.goodreads.com/author/show/847487.Matthew_Algeo]]></link>
</author>
</authors>
</book>

          <book>
<id>13531850</id>
<title><![CDATA[The Man Who Saved the Union: Ulysses Grant in War and Peace]]></title>
<title_without_series><![CDATA[The Man Who Saved the Union: Ulysses Grant in War and Peace]]></title_without_series>
<link><![CDATA[https://www.goodreads.com/book/show/13531850-the-man-who-saved-the-union]]></link>
<small_image_url><![CDATA[https://images.gr-assets.com/books/1333578255s/13531850.jpg]]></small_image_url>
<image_url><![CDATA[https://images.gr-assets.com/books/1333578255m/13531850.jpg]]></image_url>
<num_pages>718</num_pages>
<work>
<id>19093525</id>
</work>
<isbn>0385532415</isbn>
<isbn13>9780385532419</isbn13>
<average_rating>4.09</average_rating>
<ratings_count>3365</ratings_count>
<publication_year>2012</publication_year>
<publication_month>10</publication_month>
<publication_day>2</publication_day>
<authors>
<author>
<id>4645</id>
<name>H.W. Brands</name>
<link><![CDATA[https://www.goodreads.com/author/show/4645.H_W_Brands]]></link>
</author>
</authors>
</book>

          <book>
<id>9578336</id>
<title>1861: The Civil War Awakening</title>
<title_without_series>1861: The Civil War Awakening</title_without_series>
<link><![CDATA[https://www.goodreads.com/book/show/9578336-1861]]></link>
<small_image_url><![CDATA[https://s.gr-assets.com/assets/nophoto/book/50x75-a91bf249278a81aabab721ef782c4a74.png]]></small_image_url>
<image_url><![CDATA[https://s.gr-assets.com/assets/nophoto/book/111x148-bcc042a9c91a29c1d680899eff700a03.png]]></image_url>
<num_pages>481</num_pages>
<work>
<id>14465222</id>
</work>
<isbn>1400040159</isbn>
<isbn13>9781400040155</isbn13>
<average_rating>4.03</average_rating>
<ratings_count>4691</ratings_count>
<publication_year>2011</publication_year>
<publication_month>4</publication_month>
<publication_day>5</publication_day>
<authors>
<author>
<id>4426297</id>
<name>Adam Goodheart</name>
<link><![CDATA[https://www.goodreads.com/author/show/4426297.Adam_Goodheart]]></link>
</author>
</authors>
</book>

          <book>
<id>174535</id>
<title><![CDATA[Dark Horse: The Surprise Election and Political Murder of President James A. Garfield]]></title>
<title_without_series><![CDATA[Dark Horse: The Surprise Election and Political Murder of President James A. Garfield]]></title_without_series>
<link><![CDATA[https://www.goodreads.com/book/show/174535.Dark_Horse]]></link>
<small_image_url><![CDATA[https://s.gr-assets.com/assets/nophoto/book/50x75-a91bf249278a81aabab721ef782c4a74.png]]></small_image_url>
<image_url><![CDATA[https://s.gr-assets.com/assets/nophoto/book/111x148-bcc042a9c91a29c1d680899eff700a03.png]]></image_url>
<num_pages>552</num_pages>
<work>
<id>168588</id>
</work>
<isbn>0786713968</isbn>
<isbn13>9780786713967</isbn13>
<average_rating>4.03</average_rating>
<ratings_count>1606</ratings_count>
<publication_year>2004</publication_year>
<publication_month>4</publication_month>
<publication_day>15</publication_day>
<authors>
<author>
<id>5015</id>
<name>Kenneth D. Ackerman</name>
<link><![CDATA[https://www.goodreads.com/author/show/5015.Kenneth_D_Ackerman]]></link>
</author>
</authors>
</book>

          <book>
<id>1065846</id>
<title><![CDATA[Franklin Pierce: New Hampshire's Favorite Son]]></title>
<title_without_series><![CDATA[Franklin Pierce: New Hampshire's Favorite Son]]></title_without_series>
<link><![CDATA[https://www.goodreads.com/book/show/1065846.Franklin_Pierce]]></link>
<small_image_url><![CDATA[https://s.gr-assets.com/assets/nophoto/book/50x75-a91bf249278a81aabab721ef782c4a74.png]]></small_image_url>
<image_url><![CDATA[https://s.gr-assets.com/assets/nophoto/book/111x148-bcc042a9c91a29c1d680899eff700a03.png]]></image_url>
<num_pages>321</num_pages>
<work>
<id>1052491</id>
</work>
<isbn>0975521616</isbn>
<isbn13>9780975521618</isbn13>
<average_rating>3.81</average_rating>
<ratings_count>128</ratings_count>
<publication_year>2004</publication_year>
<publication_month>11</publication_month>
<publication_day>11</publication_day>
<authors>
<author>
<id>153642</id>
<name>Peter A. Wallner</name>
<link><![CDATA[https://www.goodreads.com/author/show/153642.Peter_A_Wallner]]></link>
</author>
</authors>
</book>

          <book>
<id>13587173</id>
<title>John Quincy Adams</title>
<title_without_series>John Quincy Adams</title_without_series>
<link><![CDATA[https://www.goodreads.com/book/show/13587173-john-quincy-adams]]></link>
<small_image_url><![CDATA[https://images.gr-assets.com/books/1344749732s/13587173.jpg]]></small_image_url>
<image_url><![CDATA[https://images.gr-assets.com/books/1344749732m/13587173.jpg]]></image_url>
<num_pages></num_pages>
<work>
<id>19174525</id>
</work>
<isbn>030682129X</isbn>
<isbn13>9780306821295</isbn13>
<average_rating>4.06</average_rating>
<ratings_count>3069</ratings_count>
<publication_year></publication_year>
<publication_month></publication_month>
<publication_day></publication_day>
<authors>
<author>
<id>4357</id>
<name>Harlow Giles Unger</name>
<link><![CDATA[https://www.goodreads.com/author/show/4357.Harlow_Giles_Unger]]></link>
</author>
</authors>
</book>

          <book>
<id>9034043</id>
<title><![CDATA[Rawhide Down: The Near Assassination of Ronald Reagan]]></title>
<title_without_series><![CDATA[Rawhide Down: The Near Assassination of Ronald Reagan]]></title_without_series>
<link><![CDATA[https://www.goodreads.com/book/show/9034043-rawhide-down]]></link>
<small_image_url><![CDATA[https://s.gr-assets.com/assets/nophoto/book/50x75-a91bf249278a81aabab721ef782c4a74.png]]></small_image_url>
<image_url><![CDATA[https://s.gr-assets.com/assets/nophoto/book/111x148-bcc042a9c91a29c1d680899eff700a03.png]]></image_url>
<num_pages>305</num_pages>
<work>
<id>13911753</id>
</work>
<isbn>080509346X</isbn>
<isbn13>9780805093469</isbn13>
<average_rating>4.14</average_rating>
<ratings_count>1998</ratings_count>
<publication_year>2011</publication_year>
<publication_month>3</publication_month>
<publication_day>15</publication_day>
<authors>
<author>
<id>4258178</id>
<name>Del Quentin Wilber</name>
<link><![CDATA[https://www.goodreads.com/author/show/4258178.Del_Quentin_Wilber]]></link>
</author>
</authors>
</book>

          <book>
<id>2202042</id>
<title><![CDATA[Polk: The Man Who Transformed the Presidency and America]]></title>
<title_without_series><![CDATA[Polk: The Man Who Transformed the Presidency and America]]></title_without_series>
<link><![CDATA[https://www.goodreads.com/book/show/2202042.Polk]]></link>
<small_image_url><![CDATA[https://s.gr-assets.com/assets/nophoto/book/50x75-a91bf249278a81aabab721ef782c4a74.png]]></small_image_url>
<image_url><![CDATA[https://s.gr-assets.com/assets/nophoto/book/111x148-bcc042a9c91a29c1d680899eff700a03.png]]></image_url>
<num_pages></num_pages>
<work>
<id>2207804</id>
</work>
<isbn>1400065607</isbn>
<isbn13>9781400065608</isbn13>
<average_rating>3.79</average_rating>
<ratings_count>4420</ratings_count>
<publication_year></publication_year>
<publication_month></publication_month>
<publication_day></publication_day>
<authors>
<author>
<id>80274</id>
<name>Walter R. Borneman</name>
<link><![CDATA[https://www.goodreads.com/author/show/80274.Walter_R_Borneman]]></link>
</author>
</authors>
</book>

          <book>
<id>7323969</id>
<title><![CDATA[The War Lovers: Roosevelt, Lodge, Hearst, and the Rush to Empire, 1898]]></title>
<title_without_series><![CDATA[The War Lovers: Roosevelt, Lodge, Hearst, and the Rush to Empire, 1898]]></title_without_series>
<link><![CDATA[https://www.goodreads.com/book/show/7323969-the-war-lovers]]></link>
<small_image_url><![CDATA[https://images.gr-assets.com/books/1344267418s/7323969.jpg]]></small_image_url>
<image_url><![CDATA[https://images.gr-assets.com/books/1344267418m/7323969.jpg]]></image_url>
<num_pages>471</num_pages>
<work>
<id>8908542</id>
</work>
<isbn>031600409X</isbn>
<isbn13>9780316004091</isbn13>
<average_rating>3.83</average_rating>
<ratings_count>1056</ratings_count>
<publication_year></publication_year>
<publication_month></publication_month>
<publication_day></publication_day>
<authors>
<author>
<id>7112</id>
<name>Evan Thomas</name>
<link><![CDATA[https://www.goodreads.com/author/show/7112.Evan_Thomas]]></link>
</author>
</authors>
</book>

          <book>
<id>12345967</id>
<title>Coolidge</title>
<title_without_series>Coolidge</title_without_series>
<link><![CDATA[https://www.goodreads.com/book/show/12345967-coolidge]]></link>
<small_image_url><![CDATA[https://images.gr-assets.com/books/1366775684s/12345967.jpg]]></small_image_url>
<image_url><![CDATA[https://images.gr-assets.com/books/1366775684m/12345967.jpg]]></image_url>
<num_pages>456</num_pages>
<work>
<id>17325334</id>
</work>
<isbn>0061967556</isbn>
<isbn13>9780061967559</isbn13>
<average_rating>3.84</average_rating>
<ratings_count>2608</ratings_count>
<publication_year>2013</publication_year>
<publication_month>2</publication_month>
<publication_day>12</publication_day>
<authors>
<author>
<id>101131</id>
<name>Amity Shlaes</name>
<link><![CDATA[https://www.goodreads.com/author/show/101131.Amity_Shlaes]]></link>
</author>
</authors>
</book>

          <book>
<id>7993566</id>
<title>Colonel Roosevelt</title>
<title_without_series>Colonel Roosevelt</title_without_series>
<link><![CDATA[https://www.goodreads.com/book/show/7993566-colonel-roosevelt]]></link>
<small_image_url><![CDATA[https://images.gr-assets.com/books/1320530371s/7993566.jpg]]></small_image_url>
<image_url><![CDATA[https://images.gr-assets.com/books/1320530371m/7993566.jpg]]></image_url>
<num_pages>766</num_pages>
<work>
<id>12482174</id>
</work>
<isbn>0375504877</isbn>
<isbn13>9780375504877</isbn13>
<average_rating>4.10</average_rating>
<ratings_count>13208</ratings_count>
<publication_year>2010</publication_year>
<publication_month></publication_month>
<publication_day></publication_day>
<authors>
<author>
<id>23013</id>
<name>Edmund Morris</name>
<link><![CDATA[https://www.goodreads.com/author/show/23013.Edmund_Morris]]></link>
</author>
</authors>
</book>

          <book>
<id>414883</id>
<title><![CDATA[1920: The Year of the Six Presidents]]></title>
<title_without_series><![CDATA[1920: The Year of the Six Presidents]]></title_without_series>
<link><![CDATA[https://www.goodreads.com/book/show/414883.1920]]></link>
<small_image_url><![CDATA[https://images.gr-assets.com/books/1328856538s/414883.jpg]]></small_image_url>
<image_url><![CDATA[https://images.gr-assets.com/books/1328856538m/414883.jpg]]></image_url>
<num_pages>533</num_pages>
<work>
<id>404087</id>
</work>
<isbn>0786716223</isbn>
<isbn13>9780786716227</isbn13>
<average_rating>3.93</average_rating>
<ratings_count>807</ratings_count>
<publication_year></publication_year>
<publication_month></publication_month>
<publication_day></publication_day>
<authors>
<author>
<id>19473</id>
<name>David Pietrusza</name>
<link><![CDATA[https://www.goodreads.com/author/show/19473.David_Pietrusza]]></link>
</author>
</authors>
</book>

          <book>
<id>6895978</id>
<title><![CDATA[A Country of Vast Designs: James K. Polk, the Mexican War and the Conquest of the American Continent]]></title>
<title_without_series><![CDATA[A Country of Vast Designs: James K. Polk, the Mexican War and the Conquest of the American Continent]]></title_without_series>
<link><![CDATA[https://www.goodreads.com/book/show/6895978-a-country-of-vast-designs]]></link>
<small_image_url><![CDATA[https://s.gr-assets.com/assets/nophoto/book/50x75-a91bf249278a81aabab721ef782c4a74.png]]></small_image_url>
<image_url><![CDATA[https://s.gr-assets.com/assets/nophoto/book/111x148-bcc042a9c91a29c1d680899eff700a03.png]]></image_url>
<num_pages>575</num_pages>
<work>
<id>7117982</id>
</work>
<isbn>0743297431</isbn>
<isbn13>9780743297431</isbn13>
<average_rating>3.80</average_rating>
<ratings_count>4963</ratings_count>
<publication_year>2009</publication_year>
<publication_month>11</publication_month>
<publication_day>3</publication_day>
<authors>
<author>
<id>201419</id>
<name>Robert W. Merry</name>
<link><![CDATA[https://www.goodreads.com/author/show/201419.Robert_W_Merry]]></link>
</author>
</authors>
</book>

          <book>
<id>11967240</id>
<title><![CDATA[Eisenhower: The White House Years]]></title>
<title_without_series><![CDATA[Eisenhower: The White House Years]]></title_without_series>
<link><![CDATA[https://www.goodreads.com/book/show/11967240-eisenhower]]></link>
<small_image_url><![CDATA[https://images.gr-assets.com/books/1320525577s/11967240.jpg]]></small_image_url>
<image_url><![CDATA[https://images.gr-assets.com/books/1320525577m/11967240.jpg]]></image_url>
<num_pages></num_pages>
<work>
<id>16929979</id>
</work>
<isbn>038552353X</isbn>
<isbn13>9780385523530</isbn13>
<average_rating>3.92</average_rating>
<ratings_count>1020</ratings_count>
<publication_year></publication_year>
<publication_month></publication_month>
<publication_day></publication_day>
<authors>
<author>
<id>302237</id>
<name>Jim Newton</name>
<link><![CDATA[https://www.goodreads.com/author/show/302237.Jim_Newton]]></link>
</author>
</authors>
</book>

          <book>
<id>6947702</id>
<title><![CDATA[Citizens of London: The Americans who Stood with Britain in its Darkest, Finest Hour]]></title>
<title_without_series><![CDATA[Citizens of London: The Americans who Stood with Britain in its Darkest, Finest Hour]]></title_without_series>
<link><![CDATA[https://www.goodreads.com/book/show/6947702-citizens-of-london]]></link>
<small_image_url><![CDATA[https://s.gr-assets.com/assets/nophoto/book/50x75-a91bf249278a81aabab721ef782c4a74.png]]></small_image_url>
<image_url><![CDATA[https://s.gr-assets.com/assets/nophoto/book/111x148-bcc042a9c91a29c1d680899eff700a03.png]]></image_url>
<num_pages>496</num_pages>
<work>
<id>7181760</id>
</work>
<isbn>1400067588</isbn>
<isbn13>9781400067589</isbn13>
<average_rating>4.19</average_rating>
<ratings_count>5136</ratings_count>
<publication_year></publication_year>
<publication_month></publication_month>
<publication_day></publication_day>
<authors>
<author>
<id>145512</id>
<name>Lynne Olson</name>
<link><![CDATA[https://www.goodreads.com/author/show/145512.Lynne_Olson]]></link>
</author>
</authors>
</book>

          <book>
<id>1253562</id>
<title><![CDATA[President James Buchanan: A Biography]]></title>
<title_without_series><![CDATA[President James Buchanan: A Biography]]></title_without_series>
<link><![CDATA[https://www.goodreads.com/book/show/1253562.President_James_Buchanan]]></link>
<small_image_url><![CDATA[https://s.gr-assets.com/assets/nophoto/book/50x75-a91bf249278a81aabab721ef782c4a74.png]]></small_image_url>
<image_url><![CDATA[https://s.gr-assets.com/assets/nophoto/book/111x148-bcc042a9c91a29c1d680899eff700a03.png]]></image_url>
<num_pages>506</num_pages>
<work>
<id>1242337</id>
</work>
<isbn>0945707118</isbn>
<isbn13>9780945707110</isbn13>
<average_rating>3.57</average_rating>
<ratings_count>187</ratings_count>
<publication_year></publication_year>
<publication_month></publication_month>
<publication_day></publication_day>
<authors>
<author>
<id>1234527</id>
<name>Philip Shriver Klein</name>
<link><![CDATA[https://www.goodreads.com/author/show/1234527.Philip_Shriver_Klein]]></link>
</author>
</authors>
</book>

          <book>
<id>861483</id>
<title><![CDATA[Millard Fillmore: Biography of a President]]></title>
<title_without_series><![CDATA[Millard Fillmore: Biography of a President]]></title_without_series>
<link><![CDATA[https://www.goodreads.com/book/show/861483.Millard_Fillmore]]></link>
<small_image_url><![CDATA[https://s.gr-assets.com/assets/nophoto/book/50x75-a91bf249278a81aabab721ef782c4a74.png]]></small_image_url>
<image_url><![CDATA[https://s.gr-assets.com/assets/nophoto/book/111x148-bcc042a9c91a29c1d680899eff700a03.png]]></image_url>
<num_pages></num_pages>
<work>
<id>846913</id>
</work>
<isbn>0945707045</isbn>
<isbn13>9780945707042</isbn13>
<average_rating>3.68</average_rating>
<ratings_count>361</ratings_count>
<publication_year></publication_year>
<publication_month></publication_month>
<publication_day></publication_day>
<authors>
<author>
<id>4180329</id>
<name>Robert J. Rayback</name>
<link><![CDATA[https://www.goodreads.com/author/show/4180329.Robert_J_Rayback]]></link>
</author>
</authors>
</book>

  </similar_books>
</book>

</GoodreadsResponse>