<?xml version="1.0" encoding="UTF-8"?>
<GoodreadsResponse>
  <Request>
    <authentication>true</authentication>
      <key><![CDATA[all_men_must_serve]]></key>
    <method><![CDATA[book_show]]></method>
  </Request>
  <book>
  <id>103342</id>
  <title><![CDATA[Stolen Lives: Twenty Years in a Desert Jail]]></title>
  <isbn><![CDATA[0786886307]]></isbn>
  <isbn13><![CDATA[9780786886302]]></isbn13>
  <asin><![CDATA[]]></asin>
  <kindle_asin><![CDATA[]]></kindle_asin>
  <marketplace_id><![CDATA[]]></marketplace_id>
  <country_code><![CDATA[GB]]></country_code>
  <image_url>https://s.gr-assets.com/assets/nophoto/book/111x148-bcc042a9c91a29c1d680899eff700a03.png</image_url>
  <small_image_url>https://s.gr-assets.com/assets/nophoto/book/50x75-a91bf249278a81aabab721ef782c4a74.png</small_image_url>
  <publication_year></publication_year>
  <publication_month></publication_month>
  <publication_day></publication_day>
  <publisher></publisher>
  <language_code>eng</language_code>
  <is_ebook>false</is_ebook>
  <description><![CDATA[A gripping memoir that reads like a political thriller--the story of Malika Oufkir's turbulent and remarkable life. Born in 1953, Malika Oufkir was the eldest daughter of General Oufkir, the King of Morocco's closest aide. Adopted by the king at the age of five, Malika spent most of her childhood and adolescence in the seclusion of the court harem, one of the most eligible heiresses in the kingdom, surrounded by luxury and extraordinary privilege. <p>Then, on August 16, 1972, her father was arrested and executed after an attempt to assassinate the king. Malika, her five younger brothers and sisters. and her mother were immediately imprisoned in a desert penal colony. After fifteen years, the last ten of which they spent locked up in solitary cells, the Oufkir children managed to dig a tunnel with their bare hands and make an audacious escape. Recaptured after five days, Malika was finally able to leave Morocco and begin a new life in exile in 1996. </p><p>A heartrending account in the face of extreme deprivation and the courage with which one family faced its fate, Stolen Lives is an unforgettable story of one woman's journey to freedom.</p>]]></description>
  <work>
  <id type="integer">1017164</id>
  <books_count type="integer">70</books_count>
  <best_book_id type="integer">103342</best_book_id>
  <reviews_count type="integer">43653</reviews_count>
  <ratings_sum type="integer">95773</ratings_sum>
  <ratings_count type="integer">23451</ratings_count>
  <text_reviews_count type="integer">2655</text_reviews_count>
  <original_publication_year type="integer">1999</original_publication_year>
  <original_publication_month type="integer" nil="true"/>
  <original_publication_day type="integer" nil="true"/>
  <original_title>La Prisonnière</original_title>
  <original_language_id type="integer" nil="true"/>
  <media_type>book</media_type>
  <rating_dist>5:9346|4:8318|3:4498|2:988|1:301|total:23451</rating_dist>
  <desc_user_id type="integer">5404614</desc_user_id>
  <default_chaptering_book_id type="integer" nil="true"/>
  <default_description_language_code nil="true"/>
</work>
  <average_rating>4.08</average_rating>
  <num_pages><![CDATA[]]></num_pages>
  <format><![CDATA[]]></format>
  <edition_information><![CDATA[]]></edition_information>
  <ratings_count><![CDATA[16138]]></ratings_count>
  <text_reviews_count><![CDATA[1428]]></text_reviews_count>
  <url><![CDATA[https://www.goodreads.com/book/show/103342.Stolen_Lives]]></url>
  <link><![CDATA[https://www.goodreads.com/book/show/103342.Stolen_Lives]]></link>
  <authors>
<author>
<id>18575</id>
<name>Malika Oufkir</name>
<role></role>
<image_url nophoto='false'>
<![CDATA[https://images.gr-assets.com/authors/1262468106p5/18575.jpg]]>
</image_url>
<small_image_url nophoto='false'>
<![CDATA[https://images.gr-assets.com/authors/1262468106p2/18575.jpg]]>
</small_image_url>
<link><![CDATA[https://www.goodreads.com/author/show/18575.Malika_Oufkir]]></link>
<average_rating>4.03</average_rating>
<ratings_count>24308</ratings_count>
<text_reviews_count>2792</text_reviews_count>
</author>
<author>
<id>208260</id>
<name>Michèle Fitoussi</name>
<role></role>
<image_url nophoto='true'>
<![CDATA[https://s.gr-assets.com/assets/nophoto/user/u_200x266-e183445fd1a1b5cc7075bb1cf7043306.png]]>
</image_url>
<small_image_url nophoto='true'>
<![CDATA[https://s.gr-assets.com/assets/nophoto/user/u_50x66-632230dc9882b4352d753eedf9396530.png]]>
</small_image_url>
<link><![CDATA[https://www.goodreads.com/author/show/208260.Mich_le_Fitoussi]]></link>
<average_rating>4.04</average_rating>
<ratings_count>17634</ratings_count>
<text_reviews_count>1630</text_reviews_count>
</author>
</authors>

    <reviews_widget>
      <![CDATA[
        <style>
  #goodreads-widget {
    font-family: georgia, serif;
    padding: 18px 0;
    width:565px;
  }
  #goodreads-widget h1 {
    font-weight:normal;
    font-size: 16px;
    border-bottom: 1px solid #BBB596;
    margin-bottom: 0;
  }
  #goodreads-widget a {
    text-decoration: none;
    color:#660;
  }
  iframe{
    background-color: #fff;
  }
  #goodreads-widget a:hover { text-decoration: underline; }
  #goodreads-widget a:active {
    color:#660;
  }
  #gr_footer {
    width: 100%;
    border-top: 1px solid #BBB596;
    text-align: right;
  }
  #goodreads-widget .gr_branding{
    color: #382110;
    font-size: 11px;
    text-decoration: none;
    font-family: "Helvetica Neue", Helvetica, Arial, sans-serif;
  }
</style>
<div id="goodreads-widget">
  <div id="gr_header"><h1><a rel="nofollow" href="https://www.goodreads.com/book/show/103342.Stolen_Lives">Stolen Lives Reviews</a></h1></div>
  <iframe id="the_iframe" src="https://www.goodreads.com/api/reviews_widget_iframe?did=DEVELOPER_ID&amp;format=html&amp;isbn=0786886307&amp;links=660&amp;min_rating=&amp;review_back=fff&amp;stars=000&amp;text=000" width="565" height="400" frameborder="0"></iframe>
  <div id="gr_footer">
    <a class="gr_branding" target="_blank" rel="nofollow" href="https://www.goodreads.com/book/show/103342.Stolen_Lives?utm_medium=api&amp;utm_source=reviews_widget">Reviews from Goodreads.com</a>
  </div>
</div>

      ]]>
    </reviews_widget>
  <popular_shelves>
      <shelf name="to-read" count="3863"/>
      <shelf name="currently-reading" count="256"/>
      <shelf name="nonfiction" count="117"/>
      <shelf name="non-fiction" count="91"/>
      <shelf name="memoirs" count="77"/>
      <shelf name="favorites" count="76"/>
      <shelf name="oprah-s-book-club" count="64"/>
      <shelf name="روايات" count="63"/>
      <shelf name="أدب-السجون" count="62"/>
      <shelf name="memoir" count="58"/>
      <shelf name="oprah" count="48"/>
      <shelf name="to-buy" count="47"/>
      <shelf name="novels" count="40"/>
      <shelf name="autobiography" count="39"/>
      <shelf name="biography" count="36"/>
      <shelf name="oprah-book-club" count="35"/>
      <shelf name="سيرة-ذاتية" count="32"/>
      <shelf name="oprahs-book-club" count="31"/>
      <shelf name="arabic" count="25"/>
      <shelf name="memoir-biography" count="25"/>
      <shelf name="أدب-سجون" count="22"/>
      <shelf name="bookclub" count="22"/>
      <shelf name="morocco" count="19"/>
      <shelf name="owned-books" count="19"/>
      <shelf name="favorite" count="18"/>
      <shelf name="book-club-books" count="18"/>
      <shelf name="fiction" count="18"/>
      <shelf name="survival" count="17"/>
      <shelf name="biographies" count="17"/>
      <shelf name="book-club" count="16"/>
      <shelf name="middle-east" count="15"/>
      <shelf name="books-i-own" count="15"/>
      <shelf name="arabic-books" count="15"/>
      <shelf name="women" count="15"/>
      <shelf name="روايات-عربية" count="14"/>
      <shelf name="سيّر-ذاتية" count="14"/>
      <shelf name="owned" count="13"/>
      <shelf name="سير-ذاتية" count="13"/>
      <shelf name="i-own" count="13"/>
      <shelf name="ادب-السجون" count="12"/>
      <shelf name="book-group" count="11"/>
      <shelf name="في-مكتبتي" count="10"/>
      <shelf name="favourites" count="10"/>
      <shelf name="my-library" count="10"/>
      <shelf name="human-rights" count="10"/>
      <shelf name="biography-autobiography" count="10"/>
      <shelf name="africa" count="9"/>
      <shelf name="biography-memoir" count="9"/>
      <shelf name="default" count="9"/>
      <shelf name="historical" count="9"/>
      <shelf name="prison-literature" count="9"/>
      <shelf name="my-favorites" count="9"/>
      <shelf name="biographical" count="9"/>
      <shelf name="history" count="8"/>
      <shelf name="pdf" count="8"/>
      <shelf name="strong-women" count="8"/>
      <shelf name="to-read-non-fiction" count="8"/>
      <shelf name="مكتبتي" count="8"/>
      <shelf name="cultural" count="8"/>
      <shelf name="wish-list" count="8"/>
      <shelf name="desert-prison" count="7"/>
      <shelf name="novel" count="7"/>
      <shelf name="obc" count="7"/>
      <shelf name="memoir-autobiography" count="7"/>
      <shelf name="memoirs-biographies" count="7"/>
      <shelf name="2001" count="7"/>
      <shelf name="maybe" count="7"/>
      <shelf name="prison" count="6"/>
      <shelf name="my-books" count="6"/>
      <shelf name="family" count="6"/>
      <shelf name="المغرب" count="6"/>
      <shelf name="favorite-books" count="6"/>
      <shelf name="سيرة" count="6"/>
      <shelf name="عربي" count="6"/>
      <shelf name="favourite" count="6"/>
      <shelf name="bio-memoir" count="6"/>
      <shelf name="رواية" count="6"/>
      <shelf name="drama" count="6"/>
      <shelf name="biographies-memoirs" count="6"/>
      <shelf name="biography-memoirs" count="6"/>
      <shelf name="books-i-have" count="6"/>
      <shelf name="literature" count="6"/>
      <shelf name="oprah-s-bookclub" count="6"/>
      <shelf name="around-the-world" count="6"/>
      <shelf name="2002" count="6"/>
      <shelf name="shelfari-favorites" count="5"/>
      <shelf name="want-to-buy" count="5"/>
      <shelf name="memoirs-and-biographies" count="5"/>
      <shelf name="memoir-bio" count="5"/>
      <shelf name="malika-oufkir" count="5"/>
      <shelf name="تاريخ" count="5"/>
      <shelf name="abandoned" count="5"/>
      <shelf name="true-stories" count="5"/>
      <shelf name="memoir-and-biography" count="5"/>
      <shelf name="memior" count="5"/>
      <shelf name="islam" count="5"/>
      <shelf name="already-read" count="5"/>
      <shelf name="oprah-books" count="5"/>
      <shelf name="imprisonment" count="4"/>
      <shelf name="روايات-مترجمة" count="4"/>
  </popular_shelves>
  <book_links>
    <book_link>
  <id>8</id>
  <name>Libraries</name>
  <link>https://www.goodreads.com/book_link/follow/8</link>
</book_link>

  </book_links>
  <buy_links>
    <buy_link>
<id>1</id>
<name>Amazon</name>
<link>https://www.goodreads.com/book_link/follow/1</link>
</buy_link>
<buy_link>
<id>10</id>
<name>Audible</name>
<link>https://www.goodreads.com/book_link/follow/10</link>
</buy_link>
<buy_link>
<id>3</id>
<name>Barnes &amp; Noble</name>
<link>https://www.goodreads.com/book_link/follow/3</link>
</buy_link>
<buy_link>
<id>1027</id>
<name>Kobo</name>
<link>https://www.goodreads.com/book_link/follow/1027</link>
</buy_link>
<buy_link>
<id>2102</id>
<name>Apple iBooks</name>
<link>https://www.goodreads.com/book_link/follow/2102</link>
</buy_link>
<buy_link>
<id>8036</id>
<name>Google Play</name>
<link>https://www.goodreads.com/book_link/follow/8036</link>
</buy_link>
<buy_link>
<id>4</id>
<name>Abebooks</name>
<link>https://www.goodreads.com/book_link/follow/4</link>
</buy_link>
<buy_link>
<id>882</id>
<name>Book Depository</name>
<link>https://www.goodreads.com/book_link/follow/882</link>
</buy_link>
<buy_link>
<id>9</id>
<name>Indigo</name>
<link>https://www.goodreads.com/book_link/follow/9</link>
</buy_link>
<buy_link>
<id>2</id>
<name>Half.com</name>
<link>https://www.goodreads.com/book_link/follow/2</link>
</buy_link>
<buy_link>
<id>5</id>
<name>Alibris</name>
<link>https://www.goodreads.com/book_link/follow/5</link>
</buy_link>
<buy_link>
<id>107</id>
<name>Better World Books</name>
<link>https://www.goodreads.com/book_link/follow/107</link>
</buy_link>
<buy_link>
<id>7</id>
<name>IndieBound</name>
<link>https://www.goodreads.com/book_link/follow/7</link>
</buy_link>

  </buy_links>
  <series_works>
    
  </series_works>
  <similar_books>
          <book>
<id>5212</id>
<title><![CDATA[The Best Way to Play: A Little Bill Book]]></title>
<title_without_series><![CDATA[The Best Way to Play: A Little Bill Book]]></title_without_series>
<link><![CDATA[https://www.goodreads.com/book/show/5212.The_Best_Way_to_Play]]></link>
<small_image_url><![CDATA[https://s.gr-assets.com/assets/nophoto/book/50x75-a91bf249278a81aabab721ef782c4a74.png]]></small_image_url>
<image_url><![CDATA[https://s.gr-assets.com/assets/nophoto/book/111x148-bcc042a9c91a29c1d680899eff700a03.png]]></image_url>
<num_pages>40</num_pages>
<work>
<id>8699</id>
</work>
<isbn>0590956175</isbn>
<isbn13>9780590956178</isbn13>
<average_rating>3.50</average_rating>
<ratings_count>360</ratings_count>
<publication_year>1997</publication_year>
<publication_month>9</publication_month>
<publication_day>1</publication_day>
<authors>
<author>
<id>3537</id>
<name>Bill Cosby</name>
<link><![CDATA[https://www.goodreads.com/author/show/3537.Bill_Cosby]]></link>
</author>
</authors>
</book>

          <book>
<id>3120143</id>
<title>شقة الحرية</title>
<title_without_series>شقة الحرية</title_without_series>
<link><![CDATA[https://www.goodreads.com/book/show/3120143]]></link>
<small_image_url><![CDATA[https://images.gr-assets.com/books/1455092427s/3120143.jpg]]></small_image_url>
<image_url><![CDATA[https://images.gr-assets.com/books/1455092427m/3120143.jpg]]></image_url>
<num_pages>463</num_pages>
<work>
<id>3151475</id>
</work>
<isbn>1855132729</isbn>
<isbn13></isbn13>
<average_rating>4.02</average_rating>
<ratings_count>3579</ratings_count>
<publication_year>1999</publication_year>
<publication_month></publication_month>
<publication_day></publication_day>
<authors>
<author>
<id>926628</id>
<name>غازي عبد الرحمن القصيبي</name>
<link><![CDATA[https://www.goodreads.com/author/show/926628._]]></link>
</author>
</authors>
</book>

          <book>
<id>2504089</id>
<title>حدائق الملك</title>
<title_without_series>حدائق الملك</title_without_series>
<link><![CDATA[https://www.goodreads.com/book/show/2504089._]]></link>
<small_image_url><![CDATA[https://images.gr-assets.com/books/1331204098s/2504089.jpg]]></small_image_url>
<image_url><![CDATA[https://images.gr-assets.com/books/1331204098m/2504089.jpg]]></image_url>
<num_pages>239</num_pages>
<work>
<id>2511456</id>
</work>
<isbn></isbn>
<isbn13></isbn13>
<average_rating>3.66</average_rating>
<ratings_count>861</ratings_count>
<publication_year>2000</publication_year>
<publication_month></publication_month>
<publication_day></publication_day>
<authors>
<author>
<id>313162</id>
<name>Fatéma Oufkir</name>
<link><![CDATA[https://www.goodreads.com/author/show/313162.Fat_ma_Oufkir]]></link>
</author>
</authors>
</book>

          <book>
<id>45386</id>
<title>Persian Girls</title>
<title_without_series>Persian Girls</title_without_series>
<link><![CDATA[https://www.goodreads.com/book/show/45386.Persian_Girls]]></link>
<small_image_url><![CDATA[https://images.gr-assets.com/books/1299039161s/45386.jpg]]></small_image_url>
<image_url><![CDATA[https://images.gr-assets.com/books/1299039161m/45386.jpg]]></image_url>
<num_pages></num_pages>
<work>
<id>44627</id>
</work>
<isbn>1585425206</isbn>
<isbn13>9781585425204</isbn13>
<average_rating>3.87</average_rating>
<ratings_count>2767</ratings_count>
<publication_year></publication_year>
<publication_month></publication_month>
<publication_day></publication_day>
<authors>
<author>
<id>25427</id>
<name>Nahid Rachlin</name>
<link><![CDATA[https://www.goodreads.com/author/show/25427.Nahid_Rachlin]]></link>
</author>
</authors>
</book>

          <book>
<id>9612448</id>
<title>تزممارت: الزنزانة رقم 10</title>
<title_without_series>تزممارت: الزنزانة رقم 10</title_without_series>
<link><![CDATA[https://www.goodreads.com/book/show/9612448]]></link>
<small_image_url><![CDATA[https://images.gr-assets.com/books/1288499286s/9612448.jpg]]></small_image_url>
<image_url><![CDATA[https://images.gr-assets.com/books/1288499286m/9612448.jpg]]></image_url>
<num_pages>330</num_pages>
<work>
<id>14499630</id>
</work>
<isbn>9954419128</isbn>
<isbn13></isbn13>
<average_rating>4.33</average_rating>
<ratings_count>1288</ratings_count>
<publication_year>2009</publication_year>
<publication_month></publication_month>
<publication_day></publication_day>
<authors>
<author>
<id>4436641</id>
<name>أحمد المرزوقي</name>
<link><![CDATA[https://www.goodreads.com/author/show/4436641._]]></link>
</author>
</authors>
</book>

          <book>
<id>3127736</id>
<title>تلك العتمة الباهرة</title>
<title_without_series>تلك العتمة الباهرة</title_without_series>
<link><![CDATA[https://www.goodreads.com/book/show/3127736]]></link>
<small_image_url><![CDATA[https://images.gr-assets.com/books/1406257006s/3127736.jpg]]></small_image_url>
<image_url><![CDATA[https://images.gr-assets.com/books/1406257006m/3127736.jpg]]></image_url>
<num_pages>223</num_pages>
<work>
<id>3159101</id>
</work>
<isbn></isbn>
<isbn13></isbn13>
<average_rating>4.27</average_rating>
<ratings_count>7192</ratings_count>
<publication_year>2004</publication_year>
<publication_month></publication_month>
<publication_day></publication_day>
<authors>
<author>
<id>5716305</id>
<name>Tahar ben Jelloun</name>
<link><![CDATA[https://www.goodreads.com/author/show/5716305.Tahar_ben_Jelloun]]></link>
</author>
</authors>
</book>

          <book>
<id>6968226</id>
<title>بادية الظلمات</title>
<title_without_series>بادية الظلمات</title_without_series>
<link><![CDATA[https://www.goodreads.com/book/show/6968226]]></link>
<small_image_url><![CDATA[https://s.gr-assets.com/assets/nophoto/book/50x75-a91bf249278a81aabab721ef782c4a74.png]]></small_image_url>
<image_url><![CDATA[https://s.gr-assets.com/assets/nophoto/book/111x148-bcc042a9c91a29c1d680899eff700a03.png]]></image_url>
<num_pages>578</num_pages>
<work>
<id>10779870</id>
</work>
<isbn></isbn>
<isbn13></isbn13>
<average_rating>4.32</average_rating>
<ratings_count>575</ratings_count>
<publication_year>1988</publication_year>
<publication_month></publication_month>
<publication_day></publication_day>
<authors>
<author>
<id>5769580</id>
<name>Abdul Rahman Munif</name>
<link><![CDATA[https://www.goodreads.com/author/show/5769580.Abdul_Rahman_Munif]]></link>
</author>
</authors>
</book>

          <book>
<id>2347895</id>
<title>العدامة</title>
<title_without_series>العدامة</title_without_series>
<link><![CDATA[https://www.goodreads.com/book/show/2347895._]]></link>
<small_image_url><![CDATA[https://s.gr-assets.com/assets/nophoto/book/50x75-a91bf249278a81aabab721ef782c4a74.png]]></small_image_url>
<image_url><![CDATA[https://s.gr-assets.com/assets/nophoto/book/111x148-bcc042a9c91a29c1d680899eff700a03.png]]></image_url>
<num_pages>302</num_pages>
<work>
<id>2354605</id>
</work>
<isbn></isbn>
<isbn13>9781855163768</isbn13>
<average_rating>3.67</average_rating>
<ratings_count>1059</ratings_count>
<publication_year>2007</publication_year>
<publication_month></publication_month>
<publication_day></publication_day>
<authors>
<author>
<id>1053553</id>
<name>تركي الحمد</name>
<link><![CDATA[https://www.goodreads.com/author/show/1053553._]]></link>
</author>
</authors>
</book>

          <book>
<id>2498084</id>
<title>قلب من بنقلان</title>
<title_without_series>قلب من بنقلان</title_without_series>
<link><![CDATA[https://www.goodreads.com/book/show/2498084._]]></link>
<small_image_url><![CDATA[https://images.gr-assets.com/books/1459227063s/2498084.jpg]]></small_image_url>
<image_url><![CDATA[https://images.gr-assets.com/books/1459227063m/2498084.jpg]]></image_url>
<num_pages>414</num_pages>
<work>
<id>2505404</id>
</work>
<isbn></isbn>
<isbn13>9789953710365</isbn13>
<average_rating>3.64</average_rating>
<ratings_count>548</ratings_count>
<publication_year>2004</publication_year>
<publication_month></publication_month>
<publication_day></publication_day>
<authors>
<author>
<id>5341216</id>
<name><![CDATA[سيف الإسلام بن سعود بن عبد العزيز آل سعود]]></name>
<link><![CDATA[https://www.goodreads.com/author/show/5341216._]]></link>
</author>
</authors>
</book>

          <book>
<id>7008426</id>
<title><![CDATA[أقل من عدو أكثر من صديق: السيرة الطائرة]]></title>
<title_without_series><![CDATA[أقل من عدو أكثر من صديق: السيرة الطائرة]]></title_without_series>
<link><![CDATA[https://www.goodreads.com/book/show/7008426]]></link>
<small_image_url><![CDATA[https://images.gr-assets.com/books/1258460743s/7008426.jpg]]></small_image_url>
<image_url><![CDATA[https://images.gr-assets.com/books/1258460743m/7008426.jpg]]></image_url>
<num_pages>294</num_pages>
<work>
<id>7253262</id>
</work>
<isbn></isbn>
<isbn13></isbn13>
<average_rating>4.02</average_rating>
<ratings_count>821</ratings_count>
<publication_year>2006</publication_year>
<publication_month>5</publication_month>
<publication_day></publication_day>
<authors>
<author>
<id>2974</id>
<name><![CDATA[Ibrahim Nasrallah - إِبراهيم نصر الله]]></name>
<link><![CDATA[https://www.goodreads.com/author/show/2974.Ibrahim_Nasrallah_]]></link>
</author>
</authors>
</book>

          <book>
<id>7286511</id>
<title>أميركا</title>
<title_without_series>أميركا</title_without_series>
<link><![CDATA[https://www.goodreads.com/book/show/7286511]]></link>
<small_image_url><![CDATA[https://s.gr-assets.com/assets/nophoto/book/50x75-a91bf249278a81aabab721ef782c4a74.png]]></small_image_url>
<image_url><![CDATA[https://s.gr-assets.com/assets/nophoto/book/111x148-bcc042a9c91a29c1d680899eff700a03.png]]></image_url>
<num_pages>430</num_pages>
<work>
<id>8536432</id>
</work>
<isbn></isbn>
<isbn13>9789953683973</isbn13>
<average_rating>3.93</average_rating>
<ratings_count>1320</ratings_count>
<publication_year>2009</publication_year>
<publication_month></publication_month>
<publication_day></publication_day>
<authors>
<author>
<id>7025373</id>
<name>Rabie Jaber</name>
<link><![CDATA[https://www.goodreads.com/author/show/7025373.Rabie_Jaber]]></link>
</author>
</authors>
</book>

          <book>
<id>2618660</id>
<title>حكومة الظل</title>
<title_without_series>حكومة الظل</title_without_series>
<link><![CDATA[https://www.goodreads.com/book/show/2618660]]></link>
<small_image_url><![CDATA[https://images.gr-assets.com/books/1357895365s/2618660.jpg]]></small_image_url>
<image_url><![CDATA[https://images.gr-assets.com/books/1357895365m/2618660.jpg]]></image_url>
<num_pages>173</num_pages>
<work>
<id>2643316</id>
</work>
<isbn></isbn>
<isbn13></isbn13>
<average_rating>3.90</average_rating>
<ratings_count>6521</ratings_count>
<publication_year>2006</publication_year>
<publication_month></publication_month>
<publication_day></publication_day>
<authors>
<author>
<id>1297551</id>
<name><![CDATA[منذر القباني   Monther Alkabbani]]></name>
<link><![CDATA[https://www.goodreads.com/author/show/1297551._Monther_Alkabbani]]></link>
</author>
</authors>
</book>

          <book>
<id>6339662</id>
<title>ترمي بشرر</title>
<title_without_series>ترمي بشرر</title_without_series>
<link><![CDATA[https://www.goodreads.com/book/show/6339662]]></link>
<small_image_url><![CDATA[https://images.gr-assets.com/books/1401097520s/6339662.jpg]]></small_image_url>
<image_url><![CDATA[https://images.gr-assets.com/books/1401097520m/6339662.jpg]]></image_url>
<num_pages>416</num_pages>
<work>
<id>6525607</id>
</work>
<isbn></isbn>
<isbn13></isbn13>
<average_rating>3.51</average_rating>
<ratings_count>2425</ratings_count>
<publication_year>2009</publication_year>
<publication_month>3</publication_month>
<publication_day></publication_day>
<authors>
<author>
<id>5785913</id>
<name>Abdo Khal</name>
<link><![CDATA[https://www.goodreads.com/author/show/5785913.Abdo_Khal]]></link>
</author>
</authors>
</book>

          <book>
<id>6307106</id>
<title>غرفة خلفية</title>
<title_without_series>غرفة خلفية</title_without_series>
<link><![CDATA[https://www.goodreads.com/book/show/6307106]]></link>
<small_image_url><![CDATA[https://s.gr-assets.com/assets/nophoto/book/50x75-a91bf249278a81aabab721ef782c4a74.png]]></small_image_url>
<image_url><![CDATA[https://s.gr-assets.com/assets/nophoto/book/111x148-bcc042a9c91a29c1d680899eff700a03.png]]></image_url>
<num_pages>289</num_pages>
<work>
<id>6491990</id>
</work>
<isbn></isbn>
<isbn13></isbn13>
<average_rating>3.80</average_rating>
<ratings_count>2145</ratings_count>
<publication_year>2008</publication_year>
<publication_month></publication_month>
<publication_day></publication_day>
<authors>
<author>
<id>2864951</id>
<name>هديل الحضيف</name>
<link><![CDATA[https://www.goodreads.com/author/show/2864951._]]></link>
</author>
</authors>
</book>

          <book>
<id>166101</id>
<title>River, Cross My Heart</title>
<title_without_series>River, Cross My Heart</title_without_series>
<link><![CDATA[https://www.goodreads.com/book/show/166101.River_Cross_My_Heart]]></link>
<small_image_url><![CDATA[https://images.gr-assets.com/books/1344268600s/166101.jpg]]></small_image_url>
<image_url><![CDATA[https://images.gr-assets.com/books/1344268600m/166101.jpg]]></image_url>
<num_pages>245</num_pages>
<work>
<id>2174991</id>
</work>
<isbn>0316899984</isbn>
<isbn13>9780316899987</isbn13>
<average_rating>3.47</average_rating>
<ratings_count>11882</ratings_count>
<publication_year>1999</publication_year>
<publication_month>10</publication_month>
<publication_day>1</publication_day>
<authors>
<author>
<id>96531</id>
<name>Breena Clarke</name>
<link><![CDATA[https://www.goodreads.com/author/show/96531.Breena_Clarke]]></link>
</author>
</authors>
</book>

          <book>
<id>755866</id>
<title><![CDATA[Where We Have Hope: A Memoir of Zimbabwe]]></title>
<title_without_series><![CDATA[Where We Have Hope: A Memoir of Zimbabwe]]></title_without_series>
<link><![CDATA[https://www.goodreads.com/book/show/755866.Where_We_Have_Hope]]></link>
<small_image_url><![CDATA[https://images.gr-assets.com/books/1328856869s/755866.jpg]]></small_image_url>
<image_url><![CDATA[https://images.gr-assets.com/books/1328856869m/755866.jpg]]></image_url>
<num_pages>304</num_pages>
<work>
<id>741982</id>
</work>
<isbn>0802142516</isbn>
<isbn13>9780802142511</isbn13>
<average_rating>3.89</average_rating>
<ratings_count>243</ratings_count>
<publication_year>2006</publication_year>
<publication_month>9</publication_month>
<publication_day>18</publication_day>
<authors>
<author>
<id>399608</id>
<name>Andrew Meldrum</name>
<link><![CDATA[https://www.goodreads.com/author/show/399608.Andrew_Meldrum]]></link>
</author>
</authors>
</book>

          <book>
<id>2169059</id>
<title>الحزام</title>
<title_without_series>الحزام</title_without_series>
<link><![CDATA[https://www.goodreads.com/book/show/2169059._]]></link>
<small_image_url><![CDATA[https://images.gr-assets.com/books/1371184853s/2169059.jpg]]></small_image_url>
<image_url><![CDATA[https://images.gr-assets.com/books/1371184853m/2169059.jpg]]></image_url>
<num_pages>160</num_pages>
<work>
<id>2174678</id>
</work>
<isbn></isbn>
<isbn13>9781855165670</isbn13>
<average_rating>3.85</average_rating>
<ratings_count>1738</ratings_count>
<publication_year>2010</publication_year>
<publication_month></publication_month>
<publication_day></publication_day>
<authors>
<author>
<id>984724</id>
<name>Ahmad Abu Dahman</name>
<link><![CDATA[https://www.goodreads.com/author/show/984724.Ahmad_Abu_Dahman]]></link>
</author>
</authors>
</book>

  </similar_books>
</book>

</GoodreadsResponse>