<?xml version="1.0" encoding="UTF-8"?>
<GoodreadsResponse>
  <Request>
    <authentication>true</authentication>
      <key><![CDATA[all_men_must_serve]]></key>
    <method><![CDATA[book_show]]></method>
  </Request>
  <book>
  <id>10345927</id>
  <title><![CDATA[A Million Suns (Across the Universe, #2)]]></title>
  <isbn><![CDATA[159514398X]]></isbn>
  <isbn13><![CDATA[9781595143983]]></isbn13>
  <asin><![CDATA[]]></asin>
  <kindle_asin><![CDATA[B007KW5AMY]]></kindle_asin>
  <marketplace_id><![CDATA[A1F83G8C2ARO7P]]></marketplace_id>
  <country_code><![CDATA[GB]]></country_code>
  <image_url>https://images.gr-assets.com/books/1330214586m/10345927.jpg</image_url>
  <small_image_url>https://images.gr-assets.com/books/1330214586s/10345927.jpg</small_image_url>
  <publication_year>2012</publication_year>
  <publication_month>1</publication_month>
  <publication_day>10</publication_day>
  <publisher>Razorbill</publisher>
  <language_code>eng</language_code>
  <is_ebook>false</is_ebook>
  <description><![CDATA[<b>
  <i>Godspeed was once fueled by lies. Now it is ruled by chaos.</i>
</b><br /><br />It’s been three months since Amy was unplugged. The life she always knew is over. Everywhere she looks, she sees the walls of the spaceship <i>Godspeed</i>.<br /><br />But there may be hope: Elder has assumed leadership of the ship. He's finally free to act on his vision—no more Phydus, no more lies.<br /><br />But when Elder learns shocking news about the ship, he and Amy race to discover the truth behind life on <i>Godspeed</i>. They must work together to unlock a mystery that was set in motion hundreds of years earlier. Their success—or failure—will determine the fate of the 2,298 passengers aboard <i>Godspeed</i>. But with each step, the journey becomes more perilous, the ship more chaotic, and the love between them more impossible to fight.<br /><br />Beth Revis catapulted readers into the far reaches of space with her <i>New York Times</i> bestselling debut, <i>Across the Universe</i>. In <i>A Million Suns</i>, Beth deepens the mystery with action, suspense, romance, and deep philosophical questions. And this time it all builds to one mind-bending conclusion: <i>They have to get off this ship.</i>]]></description>
  <work>
  <id type="integer">15248718</id>
  <books_count type="integer">35</books_count>
  <best_book_id type="integer">10345927</best_book_id>
  <reviews_count type="integer">98592</reviews_count>
  <ratings_sum type="integer">183824</ratings_sum>
  <ratings_count type="integer">45499</ratings_count>
  <text_reviews_count type="integer">3825</text_reviews_count>
  <original_publication_year type="integer">2012</original_publication_year>
  <original_publication_month type="integer">1</original_publication_month>
  <original_publication_day type="integer">10</original_publication_day>
  <original_title>A Million Suns </original_title>
  <original_language_id type="integer" nil="true"/>
  <media_type>book</media_type>
  <rating_dist>5:17328|4:16507|3:8719|2:2054|1:891|total:45499</rating_dist>
  <desc_user_id type="integer">3594300</desc_user_id>
  <default_chaptering_book_id type="integer" nil="true"/>
  <default_description_language_code nil="true"/>
</work>
  <average_rating>4.04</average_rating>
  <num_pages><![CDATA[386]]></num_pages>
  <format><![CDATA[Hardcover]]></format>
  <edition_information><![CDATA[]]></edition_information>
  <ratings_count><![CDATA[42639]]></ratings_count>
  <text_reviews_count><![CDATA[3233]]></text_reviews_count>
  <url><![CDATA[https://www.goodreads.com/book/show/10345927-a-million-suns]]></url>
  <link><![CDATA[https://www.goodreads.com/book/show/10345927-a-million-suns]]></link>
  <authors>
<author>
<id>4018722</id>
<name>Beth Revis</name>
<role></role>
<image_url nophoto='false'>
<![CDATA[https://images.gr-assets.com/authors/1284958744p5/4018722.jpg]]>
</image_url>
<small_image_url nophoto='false'>
<![CDATA[https://images.gr-assets.com/authors/1284958744p2/4018722.jpg]]>
</small_image_url>
<link><![CDATA[https://www.goodreads.com/author/show/4018722.Beth_Revis]]></link>
<average_rating>3.89</average_rating>
<ratings_count>191145</ratings_count>
<text_reviews_count>20670</text_reviews_count>
</author>
</authors>

    <reviews_widget>
      <![CDATA[
        <style>
  #goodreads-widget {
    font-family: georgia, serif;
    padding: 18px 0;
    width:565px;
  }
  #goodreads-widget h1 {
    font-weight:normal;
    font-size: 16px;
    border-bottom: 1px solid #BBB596;
    margin-bottom: 0;
  }
  #goodreads-widget a {
    text-decoration: none;
    color:#660;
  }
  iframe{
    background-color: #fff;
  }
  #goodreads-widget a:hover { text-decoration: underline; }
  #goodreads-widget a:active {
    color:#660;
  }
  #gr_footer {
    width: 100%;
    border-top: 1px solid #BBB596;
    text-align: right;
  }
  #goodreads-widget .gr_branding{
    color: #382110;
    font-size: 11px;
    text-decoration: none;
    font-family: "Helvetica Neue", Helvetica, Arial, sans-serif;
  }
</style>
<div id="goodreads-widget">
  <div id="gr_header"><h1><a rel="nofollow" href="https://www.goodreads.com/book/show/10345927-a-million-suns">A Million Suns Reviews</a></h1></div>
  <iframe id="the_iframe" src="https://www.goodreads.com/api/reviews_widget_iframe?did=DEVELOPER_ID&amp;format=html&amp;isbn=159514398X&amp;links=660&amp;min_rating=&amp;review_back=fff&amp;stars=000&amp;text=000" width="565" height="400" frameborder="0"></iframe>
  <div id="gr_footer">
    <a class="gr_branding" target="_blank" rel="nofollow" href="https://www.goodreads.com/book/show/10345927-a-million-suns?utm_medium=api&amp;utm_source=reviews_widget">Reviews from Goodreads.com</a>
  </div>
</div>

      ]]>
    </reviews_widget>
  <popular_shelves>
      <shelf name="to-read" count="25124"/>
      <shelf name="young-adult" count="1185"/>
      <shelf name="sci-fi" count="996"/>
      <shelf name="favorites" count="945"/>
      <shelf name="science-fiction" count="821"/>
      <shelf name="dystopian" count="695"/>
      <shelf name="ya" count="661"/>
      <shelf name="currently-reading" count="521"/>
      <shelf name="dystopia" count="503"/>
      <shelf name="romance" count="421"/>
      <shelf name="books-i-own" count="380"/>
      <shelf name="series" count="377"/>
      <shelf name="fantasy" count="263"/>
      <shelf name="mystery" count="188"/>
      <shelf name="fiction" count="174"/>
      <shelf name="read-in-2012" count="166"/>
      <shelf name="owned" count="152"/>
      <shelf name="space" count="149"/>
      <shelf name="to-buy" count="146"/>
      <shelf name="scifi" count="135"/>
      <shelf name="library" count="106"/>
      <shelf name="wish-list" count="97"/>
      <shelf name="read-in-2013" count="89"/>
      <shelf name="across-the-universe" count="85"/>
      <shelf name="teen" count="83"/>
      <shelf name="i-own" count="76"/>
      <shelf name="futuristic" count="76"/>
      <shelf name="read-in-2014" count="71"/>
      <shelf name="adventure" count="67"/>
      <shelf name="owned-books" count="65"/>
      <shelf name="ebooks" count="64"/>
      <shelf name="kindle" count="64"/>
      <shelf name="read-2012" count="60"/>
      <shelf name="ebook" count="55"/>
      <shelf name="favourites" count="55"/>
      <shelf name="ya-fiction" count="55"/>
      <shelf name="2012-reads" count="47"/>
      <shelf name="sequels" count="47"/>
      <shelf name="future" count="45"/>
      <shelf name="read-in-2015" count="44"/>
      <shelf name="signed" count="44"/>
      <shelf name="read-2013" count="40"/>
      <shelf name="beautiful-covers" count="40"/>
      <shelf name="sci-fi-fantasy" count="40"/>
      <shelf name="beth-revis" count="40"/>
      <shelf name="audiobook" count="39"/>
      <shelf name="e-books" count="38"/>
      <shelf name="ya-sci-fi" count="37"/>
      <shelf name="trilogy" count="37"/>
      <shelf name="young-adult-fiction" count="37"/>
      <shelf name="audiobooks" count="36"/>
      <shelf name="5-stars" count="35"/>
      <shelf name="library-books" count="34"/>
      <shelf name="2012-release" count="34"/>
      <shelf name="2012-releases" count="34"/>
      <shelf name="need-to-buy" count="33"/>
      <shelf name="favorite" count="32"/>
      <shelf name="cover-love" count="32"/>
      <shelf name="read-2014" count="31"/>
      <shelf name="4-stars" count="31"/>
      <shelf name="maybe" count="31"/>
      <shelf name="ya-dystopian" count="31"/>
      <shelf name="my-books" count="29"/>
      <shelf name="books-to-buy" count="28"/>
      <shelf name="finished-series" count="27"/>
      <shelf name="reviewed" count="27"/>
      <shelf name="arc" count="27"/>
      <shelf name="ya-books" count="27"/>
      <shelf name="all-time-favorites" count="26"/>
      <shelf name="favorite-books" count="26"/>
      <shelf name="series-to-finish" count="26"/>
      <shelf name="teen-fiction" count="25"/>
      <shelf name="fantasy-sci-fi" count="25"/>
      <shelf name="ya-lit" count="25"/>
      <shelf name="read-in-2016" count="24"/>
      <shelf name="sub" count="24"/>
      <shelf name="tbr" count="24"/>
      <shelf name="e-book" count="24"/>
      <shelf name="2013-reads" count="22"/>
      <shelf name="trilogies" count="22"/>
      <shelf name="on-my-shelf" count="22"/>
      <shelf name="aliens" count="22"/>
      <shelf name="distopia" count="22"/>
      <shelf name="part-of-a-series" count="22"/>
      <shelf name="books-read-in-2012" count="21"/>
      <shelf name="ya-science-fiction" count="21"/>
      <shelf name="must-read" count="21"/>
      <shelf name="space-travel" count="20"/>
      <shelf name="distopian" count="20"/>
      <shelf name="english" count="20"/>
      <shelf name="want" count="20"/>
      <shelf name="hardcover" count="20"/>
      <shelf name="unfinished-series" count="20"/>
      <shelf name="read-2015" count="19"/>
      <shelf name="book-series" count="19"/>
      <shelf name="read-in-english" count="19"/>
      <shelf name="action" count="19"/>
      <shelf name="to-read-series" count="19"/>
      <shelf name="outer-space" count="19"/>
      <shelf name="space-opera" count="19"/>
  </popular_shelves>
  <book_links>
    <book_link>
  <id>8</id>
  <name>Libraries</name>
  <link>https://www.goodreads.com/book_link/follow/8</link>
</book_link>

  </book_links>
  <buy_links>
    <buy_link>
<id>1</id>
<name>Amazon</name>
<link>https://www.goodreads.com/book_link/follow/1</link>
</buy_link>
<buy_link>
<id>10</id>
<name>Audible</name>
<link>https://www.goodreads.com/book_link/follow/10</link>
</buy_link>
<buy_link>
<id>3</id>
<name>Barnes &amp; Noble</name>
<link>https://www.goodreads.com/book_link/follow/3</link>
</buy_link>
<buy_link>
<id>1027</id>
<name>Kobo</name>
<link>https://www.goodreads.com/book_link/follow/1027</link>
</buy_link>
<buy_link>
<id>2102</id>
<name>Apple iBooks</name>
<link>https://www.goodreads.com/book_link/follow/2102</link>
</buy_link>
<buy_link>
<id>8036</id>
<name>Google Play</name>
<link>https://www.goodreads.com/book_link/follow/8036</link>
</buy_link>
<buy_link>
<id>4</id>
<name>Abebooks</name>
<link>https://www.goodreads.com/book_link/follow/4</link>
</buy_link>
<buy_link>
<id>882</id>
<name>Book Depository</name>
<link>https://www.goodreads.com/book_link/follow/882</link>
</buy_link>
<buy_link>
<id>9</id>
<name>Indigo</name>
<link>https://www.goodreads.com/book_link/follow/9</link>
</buy_link>
<buy_link>
<id>2</id>
<name>Half.com</name>
<link>https://www.goodreads.com/book_link/follow/2</link>
</buy_link>
<buy_link>
<id>5</id>
<name>Alibris</name>
<link>https://www.goodreads.com/book_link/follow/5</link>
</buy_link>
<buy_link>
<id>107</id>
<name>Better World Books</name>
<link>https://www.goodreads.com/book_link/follow/107</link>
</buy_link>
<buy_link>
<id>7</id>
<name>IndieBound</name>
<link>https://www.goodreads.com/book_link/follow/7</link>
</buy_link>

  </buy_links>
  <series_works>
    <series_work>
<id>226758</id>
<user_position>2</user_position>
<series>
<id>56124</id>
<title>
<![CDATA[
    Across the Universe
]]>
</title>
<description>
<![CDATA[
    Other title for the series: <i>Godspeed</i> (German Edition).
    
    Beth Revis's stories set in the world of "Across the Universe" in the following anthologies:
    <a href="http://www.goodreads.com/book/show/13455518-after">After</a> contains a story about a young Elder on Godspeed
    <a href="http://www.goodreads.com/book/show/14811468-shards-ashes">Shards & Ashes</a> contains a story about Orion's past
    <a href="http://www.goodreads.com/book/show/13540519-defy-the-dark">Defy the Dark</a> contains a story about Kayleigh
]]>
</description>
<note>
<![CDATA[
    Other title for the series: <i>Godspeed</i> (German Edition).
    
    Beth Revis's stories in the following anthologies:
    After is about a young Elder on Godspeed
    Shards & Ashes is about Orion's past
    Defy the Dark is about Kayleigh
]]>
</note>
<series_works_count>8</series_works_count>
<primary_work_count>3</primary_work_count>
<numbered>true</numbered>
</series>

</series_work>

  </series_works>
  <similar_books>
          <book>
<id>12882328</id>
<title>Spark (Sky Chasers, #2)</title>
<title_without_series>Spark</title_without_series>
<link><![CDATA[https://www.goodreads.com/book/show/12882328-spark]]></link>
<small_image_url><![CDATA[https://images.gr-assets.com/books/1335804294s/12882328.jpg]]></small_image_url>
<image_url><![CDATA[https://images.gr-assets.com/books/1335804294m/12882328.jpg]]></image_url>
<num_pages>309</num_pages>
<work>
<id>18035545</id>
</work>
<isbn>0312621353</isbn>
<isbn13>9780312621353</isbn13>
<average_rating>3.93</average_rating>
<ratings_count>3628</ratings_count>
<publication_year>2012</publication_year>
<publication_month>7</publication_month>
<publication_day>17</publication_day>
<authors>
<author>
<id>504627</id>
<name>Amy Kathleen Ryan</name>
<link><![CDATA[https://www.goodreads.com/author/show/504627.Amy_Kathleen_Ryan]]></link>
</author>
</authors>
</book>

          <book>
<id>11706625</id>
<title>Truth (XVI, #2)</title>
<title_without_series>Truth</title_without_series>
<link><![CDATA[https://www.goodreads.com/book/show/11706625-truth]]></link>
<small_image_url><![CDATA[https://images.gr-assets.com/books/1327954411s/11706625.jpg]]></small_image_url>
<image_url><![CDATA[https://images.gr-assets.com/books/1327954411m/11706625.jpg]]></image_url>
<num_pages>299</num_pages>
<work>
<id>15751878</id>
</work>
<isbn>0142417726</isbn>
<isbn13>9780142417720</isbn13>
<average_rating>3.72</average_rating>
<ratings_count>1587</ratings_count>
<publication_year>2012</publication_year>
<publication_month>1</publication_month>
<publication_day>19</publication_day>
<authors>
<author>
<id>3100203</id>
<name>Julia Karr</name>
<link><![CDATA[https://www.goodreads.com/author/show/3100203.Julia_Karr]]></link>
</author>
</authors>
</book>

          <book>
<id>11112619</id>
<title><![CDATA[Fever (The Chemical Garden, #2)]]></title>
<title_without_series>Fever</title_without_series>
<link><![CDATA[https://www.goodreads.com/book/show/11112619-fever]]></link>
<small_image_url><![CDATA[https://images.gr-assets.com/books/1324955449s/11112619.jpg]]></small_image_url>
<image_url><![CDATA[https://images.gr-assets.com/books/1324955449m/11112619.jpg]]></image_url>
<num_pages>341</num_pages>
<work>
<id>16035084</id>
</work>
<isbn>144240907X</isbn>
<isbn13>9781442409071</isbn13>
<average_rating>3.79</average_rating>
<ratings_count>39017</ratings_count>
<publication_year>2012</publication_year>
<publication_month>2</publication_month>
<publication_day>21</publication_day>
<authors>
<author>
<id>4103366</id>
<name>Lauren DeStefano</name>
<link><![CDATA[https://www.goodreads.com/author/show/4103366.Lauren_DeStefano]]></link>
</author>
</authors>
</book>

          <book>
<id>12680986</id>
<title>Timepiece (Hourglass, #2)</title>
<title_without_series>Timepiece</title_without_series>
<link><![CDATA[https://www.goodreads.com/book/show/12680986-timepiece]]></link>
<small_image_url><![CDATA[https://images.gr-assets.com/books/1321072604s/12680986.jpg]]></small_image_url>
<image_url><![CDATA[https://images.gr-assets.com/books/1321072604m/12680986.jpg]]></image_url>
<num_pages>325</num_pages>
<work>
<id>15746543</id>
</work>
<isbn>1606841459</isbn>
<isbn13>9781606841457</isbn13>
<average_rating>3.87</average_rating>
<ratings_count>6110</ratings_count>
<publication_year>2012</publication_year>
<publication_month>6</publication_month>
<publication_day>12</publication_day>
<authors>
<author>
<id>3228055</id>
<name>Myra McEntire</name>
<link><![CDATA[https://www.goodreads.com/author/show/3228055.Myra_McEntire]]></link>
</author>
</authors>
</book>

          <book>
<id>13043180</id>
<title>Asunder (Newsoul, #2)</title>
<title_without_series>Asunder</title_without_series>
<link><![CDATA[https://www.goodreads.com/book/show/13043180-asunder]]></link>
<small_image_url><![CDATA[https://images.gr-assets.com/books/1336406778s/13043180.jpg]]></small_image_url>
<image_url><![CDATA[https://images.gr-assets.com/books/1336406778m/13043180.jpg]]></image_url>
<num_pages>406</num_pages>
<work>
<id>18207389</id>
</work>
<isbn>0062060783</isbn>
<isbn13>9780062060785</isbn13>
<average_rating>3.95</average_rating>
<ratings_count>6815</ratings_count>
<publication_year>2013</publication_year>
<publication_month>1</publication_month>
<publication_day>29</publication_day>
<authors>
<author>
<id>4116488</id>
<name>Jodi Meadows</name>
<link><![CDATA[https://www.goodreads.com/author/show/4116488.Jodi_Meadows]]></link>
</author>
</authors>
</book>

          <book>
<id>9396162</id>
<title>Perception (Clarity, #2)</title>
<title_without_series>Perception</title_without_series>
<link><![CDATA[https://www.goodreads.com/book/show/9396162-perception]]></link>
<small_image_url><![CDATA[https://images.gr-assets.com/books/1310145085s/9396162.jpg]]></small_image_url>
<image_url><![CDATA[https://images.gr-assets.com/books/1310145085m/9396162.jpg]]></image_url>
<num_pages>275</num_pages>
<work>
<id>14279954</id>
</work>
<isbn>0545230535</isbn>
<isbn13>9780545230537</isbn13>
<average_rating>4.00</average_rating>
<ratings_count>4022</ratings_count>
<publication_year>2012</publication_year>
<publication_month>3</publication_month>
<publication_day>1</publication_day>
<authors>
<author>
<id>3111339</id>
<name>Kim Harrington</name>
<link><![CDATA[https://www.goodreads.com/author/show/3111339.Kim_Harrington]]></link>
</author>
</authors>
</book>

          <book>
<id>11777039</id>
<title><![CDATA[Invisible Sun (Hell's Cross, #2)]]></title>
<title_without_series>Invisible Sun</title_without_series>
<link><![CDATA[https://www.goodreads.com/book/show/11777039-invisible-sun]]></link>
<small_image_url><![CDATA[https://images.gr-assets.com/books/1323479119s/11777039.jpg]]></small_image_url>
<image_url><![CDATA[https://images.gr-assets.com/books/1323479119m/11777039.jpg]]></image_url>
<num_pages></num_pages>
<work>
<id>16728610</id>
</work>
<isbn>006207332X</isbn>
<isbn13>9780062073327</isbn13>
<average_rating>3.92</average_rating>
<ratings_count>323</ratings_count>
<publication_year></publication_year>
<publication_month></publication_month>
<publication_day></publication_day>
<authors>
<author>
<id>694013</id>
<name>David Macinnis Gill</name>
<link><![CDATA[https://www.goodreads.com/author/show/694013.David_Macinnis_Gill]]></link>
</author>
</authors>
</book>

          <book>
<id>10193062</id>
<title>Outpost (Razorland, #2)</title>
<title_without_series>Outpost</title_without_series>
<link><![CDATA[https://www.goodreads.com/book/show/10193062-outpost]]></link>
<small_image_url><![CDATA[https://images.gr-assets.com/books/1343084394s/10193062.jpg]]></small_image_url>
<image_url><![CDATA[https://images.gr-assets.com/books/1343084394m/10193062.jpg]]></image_url>
<num_pages>317</num_pages>
<work>
<id>15092213</id>
</work>
<isbn>0312650094</isbn>
<isbn13>9780312650094</isbn13>
<average_rating>4.12</average_rating>
<ratings_count>27508</ratings_count>
<publication_year>2012</publication_year>
<publication_month>9</publication_month>
<publication_day>4</publication_day>
<authors>
<author>
<id>835348</id>
<name>Ann Aguirre</name>
<link><![CDATA[https://www.goodreads.com/author/show/835348.Ann_Aguirre]]></link>
</author>
</authors>
</book>

          <book>
<id>7192384</id>
<title>Wired (Cold Awakening, #3)</title>
<title_without_series>Wired</title_without_series>
<link><![CDATA[https://www.goodreads.com/book/show/7192384-wired]]></link>
<small_image_url><![CDATA[https://images.gr-assets.com/books/1327953044s/7192384.jpg]]></small_image_url>
<image_url><![CDATA[https://images.gr-assets.com/books/1327953044m/7192384.jpg]]></image_url>
<num_pages>400</num_pages>
<work>
<id>7776961</id>
</work>
<isbn>1416974547</isbn>
<isbn13>9781416974543</isbn13>
<average_rating>3.68</average_rating>
<ratings_count>2899</ratings_count>
<publication_year></publication_year>
<publication_month></publication_month>
<publication_day></publication_day>
<authors>
<author>
<id>21981</id>
<name>Robin Wasserman</name>
<link><![CDATA[https://www.goodreads.com/author/show/21981.Robin_Wasserman]]></link>
</author>
</authors>
</book>

          <book>
<id>9424367</id>
<title>Prized (Birthmarked, #2)</title>
<title_without_series>Prized</title_without_series>
<link><![CDATA[https://www.goodreads.com/book/show/9424367-prized]]></link>
<small_image_url><![CDATA[https://s.gr-assets.com/assets/nophoto/book/50x75-a91bf249278a81aabab721ef782c4a74.png]]></small_image_url>
<image_url><![CDATA[https://s.gr-assets.com/assets/nophoto/book/111x148-bcc042a9c91a29c1d680899eff700a03.png]]></image_url>
<num_pages>356</num_pages>
<work>
<id>14308787</id>
</work>
<isbn>1596435704</isbn>
<isbn13>9781596435704</isbn13>
<average_rating>3.99</average_rating>
<ratings_count>20799</ratings_count>
<publication_year>2011</publication_year>
<publication_month>11</publication_month>
<publication_day>8</publication_day>
<authors>
<author>
<id>3036304</id>
<name>Caragh M. O&apos;Brien</name>
<link><![CDATA[https://www.goodreads.com/author/show/3036304.Caragh_M_O_Brien]]></link>
</author>
</authors>
</book>

          <book>
<id>12924279</id>
<title>Thumped (Bumped, #2)</title>
<title_without_series>Thumped</title_without_series>
<link><![CDATA[https://www.goodreads.com/book/show/12924279-thumped]]></link>
<small_image_url><![CDATA[https://images.gr-assets.com/books/1320418353s/12924279.jpg]]></small_image_url>
<image_url><![CDATA[https://images.gr-assets.com/books/1320418353m/12924279.jpg]]></image_url>
<num_pages>293</num_pages>
<work>
<id>14597804</id>
</work>
<isbn>0061962767</isbn>
<isbn13>9780061962769</isbn13>
<average_rating>3.36</average_rating>
<ratings_count>5001</ratings_count>
<publication_year>2012</publication_year>
<publication_month>4</publication_month>
<publication_day>24</publication_day>
<authors>
<author>
<id>79922</id>
<name>Megan McCafferty</name>
<link><![CDATA[https://www.goodreads.com/author/show/79922.Megan_McCafferty]]></link>
</author>
</authors>
</book>

          <book>
<id>10552965</id>
<title>Shine (Shade, #3)</title>
<title_without_series>Shine</title_without_series>
<link><![CDATA[https://www.goodreads.com/book/show/10552965-shine]]></link>
<small_image_url><![CDATA[https://images.gr-assets.com/books/1320284123s/10552965.jpg]]></small_image_url>
<image_url><![CDATA[https://images.gr-assets.com/books/1320284123m/10552965.jpg]]></image_url>
<num_pages>399</num_pages>
<work>
<id>15459627</id>
</work>
<isbn>1442439459</isbn>
<isbn13>9781442439450</isbn13>
<average_rating>4.15</average_rating>
<ratings_count>3519</ratings_count>
<publication_year>2012</publication_year>
<publication_month>5</publication_month>
<publication_day>1</publication_day>
<authors>
<author>
<id>56019</id>
<name>Jeri Smith-Ready</name>
<link><![CDATA[https://www.goodreads.com/author/show/56019.Jeri_Smith_Ready]]></link>
</author>
</authors>
</book>

          <book>
<id>14743784</id>
<title>Unbreakable (Unraveling, #2)</title>
<title_without_series>Unbreakable</title_without_series>
<link><![CDATA[https://www.goodreads.com/book/show/14743784-unbreakable]]></link>
<small_image_url><![CDATA[https://images.gr-assets.com/books/1351469081s/14743784.jpg]]></small_image_url>
<image_url><![CDATA[https://images.gr-assets.com/books/1351469081m/14743784.jpg]]></image_url>
<num_pages>496</num_pages>
<work>
<id>20392168</id>
</work>
<isbn>0062103768</isbn>
<isbn13>9780062103765</isbn13>
<average_rating>4.05</average_rating>
<ratings_count>6337</ratings_count>
<publication_year>2013</publication_year>
<publication_month>4</publication_month>
<publication_day>23</publication_day>
<authors>
<author>
<id>5073459</id>
<name>Elizabeth Norris</name>
<link><![CDATA[https://www.goodreads.com/author/show/5073459.Elizabeth_Norris]]></link>
</author>
</authors>
</book>

          <book>
<id>12988102</id>
<title>Surrender (Possession #2)</title>
<title_without_series>Surrender</title_without_series>
<link><![CDATA[https://www.goodreads.com/book/show/12988102-surrender]]></link>
<small_image_url><![CDATA[https://images.gr-assets.com/books/1327590002s/12988102.jpg]]></small_image_url>
<image_url><![CDATA[https://images.gr-assets.com/books/1327590002m/12988102.jpg]]></image_url>
<num_pages>480</num_pages>
<work>
<id>16647223</id>
</work>
<isbn>1442445688</isbn>
<isbn13>9781442445680</isbn13>
<average_rating>3.91</average_rating>
<ratings_count>2426</ratings_count>
<publication_year>2012</publication_year>
<publication_month>6</publication_month>
<publication_day>5</publication_day>
<authors>
<author>
<id>4044383</id>
<name>Elana Johnson</name>
<link><![CDATA[https://www.goodreads.com/author/show/4044383.Elana_Johnson]]></link>
</author>
</authors>
</book>

          <book>
<id>13602969</id>
<title><![CDATA[Fox Forever (Jenna Fox Chronicles, #3)]]></title>
<title_without_series>Fox Forever</title_without_series>
<link><![CDATA[https://www.goodreads.com/book/show/13602969-fox-forever]]></link>
<small_image_url><![CDATA[https://images.gr-assets.com/books/1348244287s/13602969.jpg]]></small_image_url>
<image_url><![CDATA[https://images.gr-assets.com/books/1348244287m/13602969.jpg]]></image_url>
<num_pages>304</num_pages>
<work>
<id>19196437</id>
</work>
<isbn>0805094342</isbn>
<isbn13>9780805094343</isbn13>
<average_rating>3.86</average_rating>
<ratings_count>1794</ratings_count>
<publication_year>2013</publication_year>
<publication_month>3</publication_month>
<publication_day>19</publication_day>
<authors>
<author>
<id>123463</id>
<name>Mary E. Pearson</name>
<link><![CDATA[https://www.goodreads.com/author/show/123463.Mary_E_Pearson]]></link>
</author>
</authors>
</book>

          <book>
<id>12180240</id>
<title><![CDATA[The Springsweet (The Vespertine, #2)]]></title>
<title_without_series>The Springsweet</title_without_series>
<link><![CDATA[https://www.goodreads.com/book/show/12180240-the-springsweet]]></link>
<small_image_url><![CDATA[https://images.gr-assets.com/books/1314932129s/12180240.jpg]]></small_image_url>
<image_url><![CDATA[https://images.gr-assets.com/books/1314932129m/12180240.jpg]]></image_url>
<num_pages>275</num_pages>
<work>
<id>15013096</id>
</work>
<isbn>054760842X</isbn>
<isbn13>9780547608426</isbn13>
<average_rating>3.82</average_rating>
<ratings_count>763</ratings_count>
<publication_year>2012</publication_year>
<publication_month>4</publication_month>
<publication_day>17</publication_day>
<authors>
<author>
<id>1415543</id>
<name>Saundra Mitchell</name>
<link><![CDATA[https://www.goodreads.com/author/show/1415543.Saundra_Mitchell]]></link>
</author>
</authors>
</book>

          <book>
<id>13253276</id>
<title><![CDATA[Through the Ever Night (Under the Never Sky, #2)]]></title>
<title_without_series>Through the Ever Night</title_without_series>
<link><![CDATA[https://www.goodreads.com/book/show/13253276-through-the-ever-night]]></link>
<small_image_url><![CDATA[https://images.gr-assets.com/books/1340892848s/13253276.jpg]]></small_image_url>
<image_url><![CDATA[https://images.gr-assets.com/books/1340892848m/13253276.jpg]]></image_url>
<num_pages>341</num_pages>
<work>
<id>18454415</id>
</work>
<isbn>0062072064</isbn>
<isbn13>9780062072061</isbn13>
<average_rating>4.17</average_rating>
<ratings_count>58862</ratings_count>
<publication_year>2013</publication_year>
<publication_month>1</publication_month>
<publication_day>8</publication_day>
<authors>
<author>
<id>4637369</id>
<name>Veronica Rossi</name>
<link><![CDATA[https://www.goodreads.com/author/show/4637369.Veronica_Rossi]]></link>
</author>
</authors>
</book>

          <book>
<id>13042154</id>
<title>Rebel Heart (Dust Lands, #2)</title>
<title_without_series>Rebel Heart</title_without_series>
<link><![CDATA[https://www.goodreads.com/book/show/13042154-rebel-heart]]></link>
<small_image_url><![CDATA[https://images.gr-assets.com/books/1326311073s/13042154.jpg]]></small_image_url>
<image_url><![CDATA[https://images.gr-assets.com/books/1326311073m/13042154.jpg]]></image_url>
<num_pages>424</num_pages>
<work>
<id>18206269</id>
</work>
<isbn>1442430001</isbn>
<isbn13>9781442430006</isbn13>
<average_rating>3.89</average_rating>
<ratings_count>17547</ratings_count>
<publication_year>2012</publication_year>
<publication_month>10</publication_month>
<publication_day>30</publication_day>
<authors>
<author>
<id>4487674</id>
<name>Moira Young</name>
<link><![CDATA[https://www.goodreads.com/author/show/4487674.Moira_Young]]></link>
</author>
</authors>
</book>

  </similar_books>
</book>

</GoodreadsResponse>