<?xml version="1.0" encoding="UTF-8"?>
<GoodreadsResponse>
  <Request>
    <authentication>true</authentication>
      <key><![CDATA[all_men_must_serve]]></key>
    <method><![CDATA[book_show]]></method>
  </Request>
  <book>
  <id>10343389</id>
  <title><![CDATA[Kill Alex Cross (Alex Cross #18)]]></title>
  <isbn><![CDATA[1846057647]]></isbn>
  <isbn13><![CDATA[9781846057649]]></isbn13>
  <asin><![CDATA[]]></asin>
  <kindle_asin><![CDATA[B005AVIYW0]]></kindle_asin>
  <marketplace_id><![CDATA[A1F83G8C2ARO7P]]></marketplace_id>
  <country_code><![CDATA[GB]]></country_code>
  <image_url>https://images.gr-assets.com/books/1338802382m/10343389.jpg</image_url>
  <small_image_url>https://images.gr-assets.com/books/1338802382s/10343389.jpg</small_image_url>
  <publication_year>2011</publication_year>
  <publication_month></publication_month>
  <publication_day></publication_day>
  <publisher>Century</publisher>
  <language_code>eng</language_code>
  <is_ebook>false</is_ebook>
  <description><![CDATA[Kill Alex Cross is faster, more exciting, and more tightly wound than any Alex Cross thriller James Patterson has ever written!<br /><br />The President's son and daughter are abducted, and Detective Alex Cross is one of the first on the scene. But someone very high up is using the FBI, Secret Service, and CIA to keep him off the case and in the dark.<br /><br />A deadly contagion in the water supply cripples half of the capital, and Cross discovers that someone may be about to unleash the most devastating attack the United States has ever experienced. As his window for solving both crimes narrows, Alex makes a desperate decision that goes against everything he believes – one that may alter the fate of the entire country.]]></description>
  <work>
  <id type="integer">15246115</id>
  <books_count type="integer">52</books_count>
  <best_book_id type="integer">10343389</best_book_id>
  <reviews_count type="integer">46007</reviews_count>
  <ratings_sum type="integer">99037</ratings_sum>
  <ratings_count type="integer">24730</ratings_count>
  <text_reviews_count type="integer">1500</text_reviews_count>
  <original_publication_year type="integer">2011</original_publication_year>
  <original_publication_month type="integer">11</original_publication_month>
  <original_publication_day type="integer">14</original_publication_day>
  <original_title>Kill Alex Cross</original_title>
  <original_language_id type="integer" nil="true"/>
  <media_type>book</media_type>
  <rating_dist>5:8410|4:9454|3:5658|2:989|1:219|total:24730</rating_dist>
  <desc_user_id type="integer">18844579</desc_user_id>
  <default_chaptering_book_id type="integer" nil="true"/>
  <default_description_language_code nil="true"/>
</work>
  <average_rating>4.00</average_rating>
  <num_pages><![CDATA[375]]></num_pages>
  <format><![CDATA[Hardcover]]></format>
  <edition_information><![CDATA[]]></edition_information>
  <ratings_count><![CDATA[20214]]></ratings_count>
  <text_reviews_count><![CDATA[1214]]></text_reviews_count>
  <url><![CDATA[https://www.goodreads.com/book/show/10343389-kill-alex-cross]]></url>
  <link><![CDATA[https://www.goodreads.com/book/show/10343389-kill-alex-cross]]></link>
  <authors>
<author>
<id>3780</id>
<name>James Patterson</name>
<role></role>
<image_url nophoto='false'>
<![CDATA[https://images.gr-assets.com/authors/1468347205p5/3780.jpg]]>
</image_url>
<small_image_url nophoto='false'>
<![CDATA[https://images.gr-assets.com/authors/1468347205p2/3780.jpg]]>
</small_image_url>
<link><![CDATA[https://www.goodreads.com/author/show/3780.James_Patterson]]></link>
<average_rating>3.97</average_rating>
<ratings_count>4601862</ratings_count>
<text_reviews_count>214824</text_reviews_count>
</author>
</authors>

    <reviews_widget>
      <![CDATA[
        <style>
  #goodreads-widget {
    font-family: georgia, serif;
    padding: 18px 0;
    width:565px;
  }
  #goodreads-widget h1 {
    font-weight:normal;
    font-size: 16px;
    border-bottom: 1px solid #BBB596;
    margin-bottom: 0;
  }
  #goodreads-widget a {
    text-decoration: none;
    color:#660;
  }
  iframe{
    background-color: #fff;
  }
  #goodreads-widget a:hover { text-decoration: underline; }
  #goodreads-widget a:active {
    color:#660;
  }
  #gr_footer {
    width: 100%;
    border-top: 1px solid #BBB596;
    text-align: right;
  }
  #goodreads-widget .gr_branding{
    color: #382110;
    font-size: 11px;
    text-decoration: none;
    font-family: "Helvetica Neue", Helvetica, Arial, sans-serif;
  }
</style>
<div id="goodreads-widget">
  <div id="gr_header"><h1><a rel="nofollow" href="https://www.goodreads.com/book/show/10343389-kill-alex-cross">Kill Alex Cross Reviews</a></h1></div>
  <iframe id="the_iframe" src="https://www.goodreads.com/api/reviews_widget_iframe?did=DEVELOPER_ID&amp;format=html&amp;isbn=1846057647&amp;links=660&amp;min_rating=&amp;review_back=fff&amp;stars=000&amp;text=000" width="565" height="400" frameborder="0"></iframe>
  <div id="gr_footer">
    <a class="gr_branding" target="_blank" rel="nofollow" href="https://www.goodreads.com/book/show/10343389-kill-alex-cross?utm_medium=api&amp;utm_source=reviews_widget">Reviews from Goodreads.com</a>
  </div>
</div>

      ]]>
    </reviews_widget>
  <popular_shelves>
      <shelf name="to-read" count="1661"/>
      <shelf name="james-patterson" count="182"/>
      <shelf name="currently-reading" count="168"/>
      <shelf name="alex-cross-series" count="115"/>
      <shelf name="default" count="106"/>
      <shelf name="crime" count="90"/>
      <shelf name="books-i-own" count="66"/>
      <shelf name="owned" count="60"/>
      <shelf name="patterson-james" count="58"/>
      <shelf name="mystery" count="53"/>
      <shelf name="suspense" count="51"/>
      <shelf name="james-patterson-alex-cross" count="49"/>
      <shelf name="mystery-thriller" count="44"/>
      <shelf name="thriller" count="42"/>
      <shelf name="patterson" count="37"/>
      <shelf name="fiction" count="35"/>
      <shelf name="to-buy" count="34"/>
      <shelf name="series" count="33"/>
      <shelf name="library" count="31"/>
      <shelf name="audio" count="30"/>
      <shelf name="mysteries" count="27"/>
      <shelf name="audio-books" count="23"/>
      <shelf name="audiobook" count="23"/>
      <shelf name="detective" count="22"/>
      <shelf name="my-books" count="20"/>
      <shelf name="ebooks" count="19"/>
      <shelf name="crime-fiction" count="19"/>
      <shelf name="owned-books" count="18"/>
      <shelf name="alex-cross" count="17"/>
      <shelf name="crime-mystery" count="17"/>
      <shelf name="audiobooks" count="17"/>
      <shelf name="wish-list" count="17"/>
      <shelf name="read-2012" count="16"/>
      <shelf name="audio-book" count="15"/>
      <shelf name="murder-mystery" count="14"/>
      <shelf name="read-in-2012" count="14"/>
      <shelf name="have" count="14"/>
      <shelf name="adult" count="14"/>
      <shelf name="adult-fiction" count="14"/>
      <shelf name="my-library" count="13"/>
      <shelf name="mystery-suspense" count="12"/>
      <shelf name="cross" count="11"/>
      <shelf name="kidnapping-president-s-children" count="10"/>
      <shelf name="novels" count="10"/>
      <shelf name="books-i-have" count="10"/>
      <shelf name="mystery-crime" count="10"/>
      <shelf name="crime-thriller" count="10"/>
      <shelf name="james-patterson-alex-cross-series" count="10"/>
      <shelf name="library-book" count="10"/>
      <shelf name="patterson-alex-cross" count="9"/>
      <shelf name="books" count="9"/>
      <shelf name="read-2013" count="9"/>
      <shelf name="need-to-buy" count="9"/>
      <shelf name="james-patterson-books" count="9"/>
      <shelf name="mystery-thrillers" count="8"/>
      <shelf name="read-in-2013" count="8"/>
      <shelf name="patterson-cross" count="8"/>
      <shelf name="terrorism" count="8"/>
      <shelf name="jp-alex-cross" count="8"/>
      <shelf name="kidnapping" count="8"/>
      <shelf name="e-book" count="8"/>
      <shelf name="book-series" count="8"/>
      <shelf name="2012-reads" count="8"/>
      <shelf name="james-patterson-read" count="8"/>
      <shelf name="e-books" count="8"/>
      <shelf name="calibre" count="8"/>
      <shelf name="mystery-series" count="8"/>
      <shelf name="thrillers" count="7"/>
      <shelf name="kindle" count="7"/>
      <shelf name="series-alex-cross" count="7"/>
      <shelf name="done" count="7"/>
      <shelf name="listened-to" count="7"/>
      <shelf name="2012-books" count="7"/>
      <shelf name="mystery-thriller-suspense" count="7"/>
      <shelf name="finished-reading" count="7"/>
      <shelf name="want" count="7"/>
      <shelf name="thriller-mystery" count="6"/>
      <shelf name="need" count="6"/>
      <shelf name="alex-cross-james-patterson" count="6"/>
      <shelf name="books-to-buy" count="6"/>
      <shelf name="hardcover" count="6"/>
      <shelf name="patterson-j" count="6"/>
      <shelf name="audible" count="6"/>
      <shelf name="jamespatterson" count="6"/>
      <shelf name="washington-dc" count="6"/>
      <shelf name="attack-on-the-u-s" count="5"/>
      <shelf name="read-in-2015" count="5"/>
      <shelf name="i-own" count="5"/>
      <shelf name="own-to-read" count="5"/>
      <shelf name="part-of-a-series" count="5"/>
      <shelf name="read-2014" count="5"/>
      <shelf name="home-library" count="5"/>
      <shelf name="p" count="5"/>
      <shelf name="overdrive" count="5"/>
      <shelf name="2013-reading-challenge" count="5"/>
      <shelf name="personal-library" count="5"/>
      <shelf name="on-kindle" count="5"/>
      <shelf name="want-to-read" count="5"/>
      <shelf name="want-to-buy" count="5"/>
      <shelf name="2012-read" count="5"/>
  </popular_shelves>
  <book_links>
    <book_link>
  <id>8</id>
  <name>Libraries</name>
  <link>https://www.goodreads.com/book_link/follow/8</link>
</book_link>

  </book_links>
  <buy_links>
    <buy_link>
<id>1</id>
<name>Amazon</name>
<link>https://www.goodreads.com/book_link/follow/1</link>
</buy_link>
<buy_link>
<id>10</id>
<name>Audible</name>
<link>https://www.goodreads.com/book_link/follow/10</link>
</buy_link>
<buy_link>
<id>3</id>
<name>Barnes &amp; Noble</name>
<link>https://www.goodreads.com/book_link/follow/3</link>
</buy_link>
<buy_link>
<id>1027</id>
<name>Kobo</name>
<link>https://www.goodreads.com/book_link/follow/1027</link>
</buy_link>
<buy_link>
<id>2102</id>
<name>Apple iBooks</name>
<link>https://www.goodreads.com/book_link/follow/2102</link>
</buy_link>
<buy_link>
<id>8036</id>
<name>Google Play</name>
<link>https://www.goodreads.com/book_link/follow/8036</link>
</buy_link>
<buy_link>
<id>4</id>
<name>Abebooks</name>
<link>https://www.goodreads.com/book_link/follow/4</link>
</buy_link>
<buy_link>
<id>882</id>
<name>Book Depository</name>
<link>https://www.goodreads.com/book_link/follow/882</link>
</buy_link>
<buy_link>
<id>9</id>
<name>Indigo</name>
<link>https://www.goodreads.com/book_link/follow/9</link>
</buy_link>
<buy_link>
<id>2</id>
<name>Half.com</name>
<link>https://www.goodreads.com/book_link/follow/2</link>
</buy_link>
<buy_link>
<id>5</id>
<name>Alibris</name>
<link>https://www.goodreads.com/book_link/follow/5</link>
</buy_link>
<buy_link>
<id>107</id>
<name>Better World Books</name>
<link>https://www.goodreads.com/book_link/follow/107</link>
</buy_link>
<buy_link>
<id>7</id>
<name>IndieBound</name>
<link>https://www.goodreads.com/book_link/follow/7</link>
</buy_link>

  </buy_links>
  <series_works>
    <series_work>
<id>262094</id>
<user_position>18</user_position>
<series>
<id>40543</id>
<title>
<![CDATA[
    Alex Cross
]]>
</title>
<description>
<![CDATA[
    Dr. Alex Cross is a specialist in forensic psychology, originally working for the Washington DC police department and later as an FBI senior agent.
    
    Each book in the series is a whole story with a beginning and an ending, however there are references to prior stories in the series.
    
    Series also known as:
    <i>* I casi di Alex Cross [Italian]</i>
]]>
</description>
<note>
<![CDATA[
    The series numbering follows publishing order and not reading order. The series on the author's website, though reversed, matching the numbering here: http://www.jamespatterson.com/alex-cross
]]>
</note>
<series_works_count>36</series_works_count>
<primary_work_count>25</primary_work_count>
<numbered>true</numbered>
</series>

</series_work>

  </series_works>
  <similar_books>
          <book>
<id>11057626</id>
<title>Red Mist (Kay Scarpetta, #19)</title>
<title_without_series>Red Mist</title_without_series>
<link><![CDATA[https://www.goodreads.com/book/show/11057626-red-mist]]></link>
<small_image_url><![CDATA[https://s.gr-assets.com/assets/nophoto/book/50x75-a91bf249278a81aabab721ef782c4a74.png]]></small_image_url>
<image_url><![CDATA[https://s.gr-assets.com/assets/nophoto/book/111x148-bcc042a9c91a29c1d680899eff700a03.png]]></image_url>
<num_pages>512</num_pages>
<work>
<id>15978848</id>
</work>
<isbn>0399158022</isbn>
<isbn13>9780399158025</isbn13>
<average_rating>3.75</average_rating>
<ratings_count>19304</ratings_count>
<publication_year>2011</publication_year>
<publication_month>12</publication_month>
<publication_day>6</publication_day>
<authors>
<author>
<id>1025097</id>
<name>Patricia Cornwell</name>
<link><![CDATA[https://www.goodreads.com/author/show/1025097.Patricia_Cornwell]]></link>
</author>
</authors>
</book>

          <book>
<id>9485701</id>
<title><![CDATA[Split Second (FBI Thriller, #15)]]></title>
<title_without_series>Split Second</title_without_series>
<link><![CDATA[https://www.goodreads.com/book/show/9485701-split-second]]></link>
<small_image_url><![CDATA[https://s.gr-assets.com/assets/nophoto/book/50x75-a91bf249278a81aabab721ef782c4a74.png]]></small_image_url>
<image_url><![CDATA[https://s.gr-assets.com/assets/nophoto/book/111x148-bcc042a9c91a29c1d680899eff700a03.png]]></image_url>
<num_pages>419</num_pages>
<work>
<id>14371118</id>
</work>
<isbn>0399157433</isbn>
<isbn13>9780399157431</isbn13>
<average_rating>4.14</average_rating>
<ratings_count>10698</ratings_count>
<publication_year></publication_year>
<publication_month></publication_month>
<publication_day></publication_day>
<authors>
<author>
<id>1239</id>
<name>Catherine Coulter</name>
<link><![CDATA[https://www.goodreads.com/author/show/1239.Catherine_Coulter]]></link>
</author>
</authors>
</book>

          <book>
<id>9789572</id>
<title><![CDATA[Bonnie (Eve Duncan, #14; Eve, Quinn and Bonnie #3)]]></title>
<title_without_series>Bonnie</title_without_series>
<link><![CDATA[https://www.goodreads.com/book/show/9789572-bonnie]]></link>
<small_image_url><![CDATA[https://images.gr-assets.com/books/1314903168s/9789572.jpg]]></small_image_url>
<image_url><![CDATA[https://images.gr-assets.com/books/1314903168m/9789572.jpg]]></image_url>
<num_pages>9</num_pages>
<work>
<id>14679606</id>
</work>
<isbn>1441886109</isbn>
<isbn13>9781441886101</isbn13>
<average_rating>4.05</average_rating>
<ratings_count>8421</ratings_count>
<publication_year>2011</publication_year>
<publication_month>10</publication_month>
<publication_day>18</publication_day>
<authors>
<author>
<id>32498</id>
<name>Iris Johansen</name>
<link><![CDATA[https://www.goodreads.com/author/show/32498.Iris_Johansen]]></link>
</author>
</authors>
</book>

          <book>
<id>11890806</id>
<title><![CDATA[D.C. Dead (Stone Barrington, #22)]]></title>
<title_without_series>D.C. Dead</title_without_series>
<link><![CDATA[https://www.goodreads.com/book/show/11890806-d-c-dead]]></link>
<small_image_url><![CDATA[https://images.gr-assets.com/books/1314730445s/11890806.jpg]]></small_image_url>
<image_url><![CDATA[https://images.gr-assets.com/books/1314730445m/11890806.jpg]]></image_url>
<num_pages>290</num_pages>
<work>
<id>16849808</id>
</work>
<isbn>0399157662</isbn>
<isbn13>9780399157660</isbn13>
<average_rating>3.75</average_rating>
<ratings_count>3937</ratings_count>
<publication_year>2011</publication_year>
<publication_month>12</publication_month>
<publication_day>22</publication_day>
<authors>
<author>
<id>3936</id>
<name>Stuart Woods</name>
<link><![CDATA[https://www.goodreads.com/author/show/3936.Stuart_Woods]]></link>
</author>
</authors>
</book>

          <book>
<id>12027850</id>
<title>Boys Will Be Boys</title>
<title_without_series>Boys Will Be Boys</title_without_series>
<link><![CDATA[https://www.goodreads.com/book/show/12027850-boys-will-be-boys]]></link>
<small_image_url><![CDATA[https://s.gr-assets.com/assets/nophoto/book/50x75-a91bf249278a81aabab721ef782c4a74.png]]></small_image_url>
<image_url><![CDATA[https://s.gr-assets.com/assets/nophoto/book/111x148-bcc042a9c91a29c1d680899eff700a03.png]]></image_url>
<num_pages></num_pages>
<work>
<id>16993972</id>
</work>
<isbn></isbn>
<isbn13></isbn13>
<average_rating>2.87</average_rating>
<ratings_count>105</ratings_count>
<publication_year></publication_year>
<publication_month></publication_month>
<publication_day></publication_day>
<authors>
<author>
<id>15889427</id>
<name>James    Patterson</name>
<link><![CDATA[https://www.goodreads.com/author/show/15889427.James_Patterson]]></link>
</author>
</authors>
</book>

          <book>
<id>10852027</id>
<title><![CDATA[V is for Vengeance (Kinsey Millhone, #22)]]></title>
<title_without_series>V is for Vengeance</title_without_series>
<link><![CDATA[https://www.goodreads.com/book/show/10852027-v-is-for-vengeance]]></link>
<small_image_url><![CDATA[https://s.gr-assets.com/assets/nophoto/book/50x75-a91bf249278a81aabab721ef782c4a74.png]]></small_image_url>
<image_url><![CDATA[https://s.gr-assets.com/assets/nophoto/book/111x148-bcc042a9c91a29c1d680899eff700a03.png]]></image_url>
<num_pages>437</num_pages>
<work>
<id>15766774</id>
</work>
<isbn>0399157867</isbn>
<isbn13>9780399157868</isbn13>
<average_rating>3.93</average_rating>
<ratings_count>22226</ratings_count>
<publication_year>2011</publication_year>
<publication_month>11</publication_month>
<publication_day>14</publication_day>
<authors>
<author>
<id>9559</id>
<name>Sue Grafton</name>
<link><![CDATA[https://www.goodreads.com/author/show/9559.Sue_Grafton]]></link>
</author>
</authors>
</book>

          <book>
<id>9925913</id>
<title><![CDATA[Shock Wave (Virgil Flowers, #5)]]></title>
<title_without_series>Shock Wave</title_without_series>
<link><![CDATA[https://www.goodreads.com/book/show/9925913-shock-wave]]></link>
<small_image_url><![CDATA[https://images.gr-assets.com/books/1292472145s/9925913.jpg]]></small_image_url>
<image_url><![CDATA[https://images.gr-assets.com/books/1292472145m/9925913.jpg]]></image_url>
<num_pages></num_pages>
<work>
<id>14818841</id>
</work>
<isbn></isbn>
<isbn13></isbn13>
<average_rating>4.19</average_rating>
<ratings_count>14841</ratings_count>
<publication_year>2011</publication_year>
<publication_month>10</publication_month>
<publication_day>4</publication_day>
<authors>
<author>
<id>4610</id>
<name>John Sandford</name>
<link><![CDATA[https://www.goodreads.com/author/show/4610.John_Sandford]]></link>
</author>
</authors>
</book>

          <book>
<id>6975850</id>
<title>Reckless (Ty Hauck, #3)</title>
<title_without_series>Reckless</title_without_series>
<link><![CDATA[https://www.goodreads.com/book/show/6975850-reckless]]></link>
<small_image_url><![CDATA[https://s.gr-assets.com/assets/nophoto/book/50x75-a91bf249278a81aabab721ef782c4a74.png]]></small_image_url>
<image_url><![CDATA[https://s.gr-assets.com/assets/nophoto/book/111x148-bcc042a9c91a29c1d680899eff700a03.png]]></image_url>
<num_pages>401</num_pages>
<work>
<id>7362595</id>
</work>
<isbn>0061655953</isbn>
<isbn13>9780061655951</isbn13>
<average_rating>3.77</average_rating>
<ratings_count>2416</ratings_count>
<publication_year>2010</publication_year>
<publication_month>4</publication_month>
<publication_day>27</publication_day>
<authors>
<author>
<id>8214</id>
<name>Andrew Gross</name>
<link><![CDATA[https://www.goodreads.com/author/show/8214.Andrew_Gross]]></link>
</author>
</authors>
</book>

          <book>
<id>12988640</id>
<title>XO (Kathryn Dance, #3)</title>
<title_without_series>XO</title_without_series>
<link><![CDATA[https://www.goodreads.com/book/show/12988640-xo]]></link>
<small_image_url><![CDATA[https://s.gr-assets.com/assets/nophoto/book/50x75-a91bf249278a81aabab721ef782c4a74.png]]></small_image_url>
<image_url><![CDATA[https://s.gr-assets.com/assets/nophoto/book/111x148-bcc042a9c91a29c1d680899eff700a03.png]]></image_url>
<num_pages>385</num_pages>
<work>
<id>18148447</id>
</work>
<isbn>1439156379</isbn>
<isbn13>9781439156377</isbn13>
<average_rating>3.76</average_rating>
<ratings_count>7318</ratings_count>
<publication_year>2012</publication_year>
<publication_month>6</publication_month>
<publication_day>12</publication_day>
<authors>
<author>
<id>1612</id>
<name>Jeffery Deaver</name>
<link><![CDATA[https://www.goodreads.com/author/show/1612.Jeffery_Deaver]]></link>
</author>
</authors>
</book>

          <book>
<id>12022496</id>
<title>Victims (Alex Delaware, #27)</title>
<title_without_series>Victims</title_without_series>
<link><![CDATA[https://www.goodreads.com/book/show/12022496-victims]]></link>
<small_image_url><![CDATA[https://images.gr-assets.com/books/1313220531s/12022496.jpg]]></small_image_url>
<image_url><![CDATA[https://images.gr-assets.com/books/1313220531m/12022496.jpg]]></image_url>
<num_pages>338</num_pages>
<work>
<id>17079585</id>
</work>
<isbn>0345505719</isbn>
<isbn13>9780345505712</isbn13>
<average_rating>3.94</average_rating>
<ratings_count>12561</ratings_count>
<publication_year>2012</publication_year>
<publication_month>2</publication_month>
<publication_day>28</publication_day>
<authors>
<author>
<id>43626</id>
<name>Jonathan Kellerman</name>
<link><![CDATA[https://www.goodreads.com/author/show/43626.Jonathan_Kellerman]]></link>
</author>
</authors>
</book>

          <book>
<id>7006959</id>
<title><![CDATA[Hangman (Peter Decker/Rina Lazarus, #19)]]></title>
<title_without_series>Hangman</title_without_series>
<link><![CDATA[https://www.goodreads.com/book/show/7006959-hangman]]></link>
<small_image_url><![CDATA[https://s.gr-assets.com/assets/nophoto/book/50x75-a91bf249278a81aabab721ef782c4a74.png]]></small_image_url>
<image_url><![CDATA[https://s.gr-assets.com/assets/nophoto/book/111x148-bcc042a9c91a29c1d680899eff700a03.png]]></image_url>
<num_pages></num_pages>
<work>
<id>7251580</id>
</work>
<isbn>0061702560</isbn>
<isbn13>9780061702563</isbn13>
<average_rating>4.00</average_rating>
<ratings_count>7329</ratings_count>
<publication_year></publication_year>
<publication_month></publication_month>
<publication_day></publication_day>
<authors>
<author>
<id>48913</id>
<name>Faye Kellerman</name>
<link><![CDATA[https://www.goodreads.com/author/show/48913.Faye_Kellerman]]></link>
</author>
</authors>
</book>

          <book>
<id>8437667</id>
<title>Live Wire (Myron Bolitar #10)</title>
<title_without_series>Live Wire</title_without_series>
<link><![CDATA[https://www.goodreads.com/book/show/8437667-live-wire]]></link>
<small_image_url><![CDATA[https://s.gr-assets.com/assets/nophoto/book/50x75-a91bf249278a81aabab721ef782c4a74.png]]></small_image_url>
<image_url><![CDATA[https://s.gr-assets.com/assets/nophoto/book/111x148-bcc042a9c91a29c1d680899eff700a03.png]]></image_url>
<num_pages>371</num_pages>
<work>
<id>14598314</id>
</work>
<isbn>0525952063</isbn>
<isbn13>9780525952060</isbn13>
<average_rating>4.07</average_rating>
<ratings_count>31751</ratings_count>
<publication_year>2011</publication_year>
<publication_month>3</publication_month>
<publication_day>22</publication_day>
<authors>
<author>
<id>24689</id>
<name>Harlan Coben</name>
<link><![CDATA[https://www.goodreads.com/author/show/24689.Harlan_Coben]]></link>
</author>
</authors>
</book>

          <book>
<id>11082037</id>
<title><![CDATA[The Drop (Harry Bosch, #17; Harry Bosch Universe, #21)]]></title>
<title_without_series>The Drop</title_without_series>
<link><![CDATA[https://www.goodreads.com/book/show/11082037-the-drop]]></link>
<small_image_url><![CDATA[https://images.gr-assets.com/books/1327935031s/11082037.jpg]]></small_image_url>
<image_url><![CDATA[https://images.gr-assets.com/books/1327935031m/11082037.jpg]]></image_url>
<num_pages>388</num_pages>
<work>
<id>15547563</id>
</work>
<isbn>0316069418</isbn>
<isbn13>9780316069410</isbn13>
<average_rating>4.14</average_rating>
<ratings_count>39059</ratings_count>
<publication_year></publication_year>
<publication_month></publication_month>
<publication_day></publication_day>
<authors>
<author>
<id>12470</id>
<name>Michael Connelly</name>
<link><![CDATA[https://www.goodreads.com/author/show/12470.Michael_Connelly]]></link>
</author>
</authors>
</book>

  </similar_books>
</book>

</GoodreadsResponse>