<?xml version="1.0" encoding="UTF-8"?>
<GoodreadsResponse>
  <Request>
    <authentication>true</authentication>
      <key><![CDATA[all_men_must_serve]]></key>
    <method><![CDATA[book_show]]></method>
  </Request>
  <book>
  <id>103610</id>
  <title><![CDATA[The Prayer of Jabez:  Breaking Through to the Blessed Life]]></title>
  <isbn><![CDATA[1576737330]]></isbn>
  <isbn13><![CDATA[9781576737330]]></isbn13>
  <asin><![CDATA[]]></asin>
  <kindle_asin><![CDATA[]]></kindle_asin>
  <marketplace_id><![CDATA[]]></marketplace_id>
  <country_code><![CDATA[GB]]></country_code>
  <image_url>https://s.gr-assets.com/assets/nophoto/book/111x148-bcc042a9c91a29c1d680899eff700a03.png</image_url>
  <small_image_url>https://s.gr-assets.com/assets/nophoto/book/50x75-a91bf249278a81aabab721ef782c4a74.png</small_image_url>
  <publication_year>2009</publication_year>
  <publication_month>2</publication_month>
  <publication_day>19</publication_day>
  <publisher>Multnomah Publishers</publisher>
  <language_code>eng</language_code>
  <is_ebook>false</is_ebook>
  <description><![CDATA[<p>Dr. Bruce Wilkinson, president of Walk Thru the Bible Ministries, takes readers to 1 Chronicles 4:10 to discover how they can release God's miraculous power and experience the blessings God longs to give each of us. The life of Jabez, one of the Bible's most overlooked heroes of the faith, bursts from unbroken pages of genealogies in an audacious, four-part prayer that brings him an extraordinary measure of divine favor, anointing, and protection. Readers who commit to offering the same prayer on a regular basis will find themselves extravagantly blessed by God, and agents of His miraculous power, in everyday life.<br /><br /></p><p>
  <b>About the Author:</b>
</p><p>Dr. Bruce H. Wilkinson is the founder and president of Walk Thru the Bible Ministries, an international organization dedicated to providing the finest biblical teaching, tools, and training. His books include <i>Experiencing Spiritual Breakthroughs</i>, <i>30 Days to Experiencing Spiritual Breakthroughs</i>, <i>The Prayer of Jabez</i> and many other books. Bruce and his wife, Darlene, live in Atlanta, Georgia, and have three children.</p>]]></description>
  <work>
  <id type="integer">99898</id>
  <books_count type="integer">36</books_count>
  <best_book_id type="integer">103610</best_book_id>
  <reviews_count type="integer">70745</reviews_count>
  <ratings_sum type="integer">227504</ratings_sum>
  <ratings_count type="integer">58103</ratings_count>
  <text_reviews_count type="integer">551</text_reviews_count>
  <original_publication_year type="integer">2000</original_publication_year>
  <original_publication_month type="integer">4</original_publication_month>
  <original_publication_day type="integer">24</original_publication_day>
  <original_title>The Prayer of Jabez:  Breaking Through to the Blessed Life</original_title>
  <original_language_id type="integer" nil="true"/>
  <media_type>book</media_type>
  <rating_dist>5:24219|4:14900|3:11806|2:4213|1:2965|total:58103</rating_dist>
  <desc_user_id type="integer" nil="true"/>
  <default_chaptering_book_id type="integer" nil="true"/>
  <default_description_language_code nil="true"/>
</work>
  <average_rating>3.92</average_rating>
  <num_pages><![CDATA[93]]></num_pages>
  <format><![CDATA[Hardcover]]></format>
  <edition_information><![CDATA[]]></edition_information>
  <ratings_count><![CDATA[57515]]></ratings_count>
  <text_reviews_count><![CDATA[494]]></text_reviews_count>
  <url><![CDATA[https://www.goodreads.com/book/show/103610.The_Prayer_of_Jabez]]></url>
  <link><![CDATA[https://www.goodreads.com/book/show/103610.The_Prayer_of_Jabez]]></link>
  <authors>
<author>
<id>3035771</id>
<name>Bruce H. Wilkinson</name>
<role></role>
<image_url nophoto='false'>
<![CDATA[https://images.gr-assets.com/authors/1309203567p5/3035771.jpg]]>
</image_url>
<small_image_url nophoto='false'>
<![CDATA[https://images.gr-assets.com/authors/1309203567p2/3035771.jpg]]>
</small_image_url>
<link><![CDATA[https://www.goodreads.com/author/show/3035771.Bruce_H_Wilkinson]]></link>
<average_rating>3.97</average_rating>
<ratings_count>76347</ratings_count>
<text_reviews_count>1397</text_reviews_count>
</author>
</authors>

    <reviews_widget>
      <![CDATA[
        <style>
  #goodreads-widget {
    font-family: georgia, serif;
    padding: 18px 0;
    width:565px;
  }
  #goodreads-widget h1 {
    font-weight:normal;
    font-size: 16px;
    border-bottom: 1px solid #BBB596;
    margin-bottom: 0;
  }
  #goodreads-widget a {
    text-decoration: none;
    color:#660;
  }
  iframe{
    background-color: #fff;
  }
  #goodreads-widget a:hover { text-decoration: underline; }
  #goodreads-widget a:active {
    color:#660;
  }
  #gr_footer {
    width: 100%;
    border-top: 1px solid #BBB596;
    text-align: right;
  }
  #goodreads-widget .gr_branding{
    color: #382110;
    font-size: 11px;
    text-decoration: none;
    font-family: "Helvetica Neue", Helvetica, Arial, sans-serif;
  }
</style>
<div id="goodreads-widget">
  <div id="gr_header"><h1><a rel="nofollow" href="https://www.goodreads.com/book/show/103610.The_Prayer_of_Jabez">The Prayer of Jabez Reviews</a></h1></div>
  <iframe id="the_iframe" src="https://www.goodreads.com/api/reviews_widget_iframe?did=DEVELOPER_ID&amp;format=html&amp;isbn=1576737330&amp;links=660&amp;min_rating=&amp;review_back=fff&amp;stars=000&amp;text=000" width="565" height="400" frameborder="0"></iframe>
  <div id="gr_footer">
    <a class="gr_branding" target="_blank" rel="nofollow" href="https://www.goodreads.com/book/show/103610.The_Prayer_of_Jabez?utm_medium=api&amp;utm_source=reviews_widget">Reviews from Goodreads.com</a>
  </div>
</div>

      ]]>
    </reviews_widget>
  <popular_shelves>
      <shelf name="to-read" count="10960"/>
      <shelf name="christian" count="291"/>
      <shelf name="currently-reading" count="211"/>
      <shelf name="non-fiction" count="124"/>
      <shelf name="religion" count="79"/>
      <shelf name="christianity" count="72"/>
      <shelf name="spiritual" count="60"/>
      <shelf name="prayer" count="59"/>
      <shelf name="religious" count="54"/>
      <shelf name="christian-living" count="51"/>
      <shelf name="spirituality" count="51"/>
      <shelf name="nonfiction" count="50"/>
      <shelf name="faith" count="49"/>
      <shelf name="christian-non-fiction" count="43"/>
      <shelf name="default" count="42"/>
      <shelf name="owned" count="41"/>
      <shelf name="inspirational" count="41"/>
      <shelf name="books-i-own" count="40"/>
      <shelf name="theology" count="36"/>
      <shelf name="favorites" count="33"/>
      <shelf name="self-help" count="24"/>
      <shelf name="bible-study" count="20"/>
      <shelf name="devotional" count="19"/>
      <shelf name="spiritual-growth" count="18"/>
      <shelf name="christian-nonfiction" count="18"/>
      <shelf name="christian-books" count="17"/>
      <shelf name="my-library" count="16"/>
      <shelf name="christian-life" count="15"/>
      <shelf name="library" count="14"/>
      <shelf name="owned-books" count="13"/>
      <shelf name="inspiration" count="9"/>
      <shelf name="own-it" count="8"/>
      <shelf name="bruce-wilkinson" count="7"/>
      <shelf name="my-books" count="7"/>
      <shelf name="self-improvement" count="7"/>
      <shelf name="home-library" count="7"/>
      <shelf name="i-own" count="6"/>
      <shelf name="adult" count="6"/>
      <shelf name="non-fiction-christian" count="6"/>
      <shelf name="religious-spiritual" count="6"/>
      <shelf name="christian-growth" count="6"/>
      <shelf name="jabez" count="5"/>
      <shelf name="ministry" count="5"/>
      <shelf name="faith-based" count="5"/>
      <shelf name="bible" count="5"/>
      <shelf name="church" count="5"/>
      <shelf name="christian-lit" count="4"/>
      <shelf name="re-read" count="4"/>
      <shelf name="faith-spirituality" count="4"/>
      <shelf name="personal-development" count="4"/>
      <shelf name="christian-literature" count="4"/>
      <shelf name="the-prayer-of-jabez" count="4"/>
      <shelf name="finished" count="4"/>
      <shelf name="college" count="4"/>
      <shelf name="books-we-own" count="4"/>
      <shelf name="discipleship" count="4"/>
      <shelf name="living" count="4"/>
      <shelf name="not-read" count="4"/>
      <shelf name="christianity-religion" count="4"/>
      <shelf name="spiritual-books" count="4"/>
      <shelf name="inspiring" count="4"/>
      <shelf name="1-chronicles" count="3"/>
      <shelf name="2001" count="3"/>
      <shelf name="christian-studies" count="3"/>
      <shelf name="christian-inspirational" count="3"/>
      <shelf name="have-read" count="3"/>
      <shelf name="prayer-of-jabez" count="3"/>
      <shelf name="bible-studies" count="3"/>
      <shelf name="favorite" count="3"/>
      <shelf name="our-library" count="3"/>
      <shelf name="fiction" count="3"/>
      <shelf name="jesus" count="3"/>
      <shelf name="kindle" count="3"/>
      <shelf name="read-in-2001" count="3"/>
      <shelf name="spiritual-formation" count="3"/>
      <shelf name="classics" count="3"/>
      <shelf name="in-my-library" count="3"/>
      <shelf name="christian-fiction" count="3"/>
      <shelf name="spiritual-inspirational" count="3"/>
      <shelf name="god" count="3"/>
      <shelf name="philosophy" count="3"/>
      <shelf name="religious-inspirational" count="3"/>
      <shelf name="personal-growth" count="3"/>
      <shelf name="spiritual-living" count="3"/>
      <shelf name="borrowed" count="3"/>
      <shelf name="adult-nonfiction" count="3"/>
      <shelf name="past-reads" count="3"/>
      <shelf name="re-reading" count="3"/>
      <shelf name="spirituality-religion" count="3"/>
      <shelf name="high-school" count="2"/>
      <shelf name="study" count="2"/>
      <shelf name="historical" count="2"/>
      <shelf name="christian-faith" count="2"/>
      <shelf name="devotionals" count="2"/>
      <shelf name="books-read" count="2"/>
      <shelf name="prayer-books" count="2"/>
      <shelf name="books-i-have-no-intention-of-readin" count="2"/>
      <shelf name="b-library" count="2"/>
      <shelf name="religion-spirituality" count="2"/>
      <shelf name="crossroads" count="2"/>
  </popular_shelves>
  <book_links>
    <book_link>
  <id>8</id>
  <name>Libraries</name>
  <link>https://www.goodreads.com/book_link/follow/8</link>
</book_link>

  </book_links>
  <buy_links>
    <buy_link>
<id>1</id>
<name>Amazon</name>
<link>https://www.goodreads.com/book_link/follow/1</link>
</buy_link>
<buy_link>
<id>10</id>
<name>Audible</name>
<link>https://www.goodreads.com/book_link/follow/10</link>
</buy_link>
<buy_link>
<id>3</id>
<name>Barnes &amp; Noble</name>
<link>https://www.goodreads.com/book_link/follow/3</link>
</buy_link>
<buy_link>
<id>1027</id>
<name>Kobo</name>
<link>https://www.goodreads.com/book_link/follow/1027</link>
</buy_link>
<buy_link>
<id>2102</id>
<name>Apple iBooks</name>
<link>https://www.goodreads.com/book_link/follow/2102</link>
</buy_link>
<buy_link>
<id>8036</id>
<name>Google Play</name>
<link>https://www.goodreads.com/book_link/follow/8036</link>
</buy_link>
<buy_link>
<id>4</id>
<name>Abebooks</name>
<link>https://www.goodreads.com/book_link/follow/4</link>
</buy_link>
<buy_link>
<id>882</id>
<name>Book Depository</name>
<link>https://www.goodreads.com/book_link/follow/882</link>
</buy_link>
<buy_link>
<id>9</id>
<name>Indigo</name>
<link>https://www.goodreads.com/book_link/follow/9</link>
</buy_link>
<buy_link>
<id>2</id>
<name>Half.com</name>
<link>https://www.goodreads.com/book_link/follow/2</link>
</buy_link>
<buy_link>
<id>5</id>
<name>Alibris</name>
<link>https://www.goodreads.com/book_link/follow/5</link>
</buy_link>
<buy_link>
<id>107</id>
<name>Better World Books</name>
<link>https://www.goodreads.com/book_link/follow/107</link>
</buy_link>
<buy_link>
<id>7</id>
<name>IndieBound</name>
<link>https://www.goodreads.com/book_link/follow/7</link>
</buy_link>

  </buy_links>
  <series_works>
    
  </series_works>
  <similar_books>
          <book>
<id>20749</id>
<title>Study Bible: NIV</title>
<title_without_series>Study Bible: NIV</title_without_series>
<link><![CDATA[https://www.goodreads.com/book/show/20749.Study_Bible]]></link>
<small_image_url><![CDATA[https://s.gr-assets.com/assets/nophoto/book/50x75-a91bf249278a81aabab721ef782c4a74.png]]></small_image_url>
<image_url><![CDATA[https://s.gr-assets.com/assets/nophoto/book/111x148-bcc042a9c91a29c1d680899eff700a03.png]]></image_url>
<num_pages>2198</num_pages>
<work>
<id>41345482</id>
</work>
<isbn>0310929555</isbn>
<isbn13>9780310929550</isbn13>
<average_rating>4.70</average_rating>
<ratings_count>4457</ratings_count>
<publication_year>2002</publication_year>
<publication_month>10</publication_month>
<publication_day>1</publication_day>
<authors>
<author>
<id>5158478</id>
<name>Anonymous</name>
<link><![CDATA[https://www.goodreads.com/author/show/5158478.Anonymous]]></link>
</author>
</authors>
</book>

          <book>
<id>978814</id>
<title><![CDATA[The God Chasers: My Soul Follows Hard After Thee]]></title>
<title_without_series><![CDATA[The God Chasers: My Soul Follows Hard After Thee]]></title_without_series>
<link><![CDATA[https://www.goodreads.com/book/show/978814.The_God_Chasers]]></link>
<small_image_url><![CDATA[https://s.gr-assets.com/assets/nophoto/book/50x75-a91bf249278a81aabab721ef782c4a74.png]]></small_image_url>
<image_url><![CDATA[https://s.gr-assets.com/assets/nophoto/book/111x148-bcc042a9c91a29c1d680899eff700a03.png]]></image_url>
<num_pages></num_pages>
<work>
<id>963702</id>
</work>
<isbn>0768420164</isbn>
<isbn13>9780768420166</isbn13>
<average_rating>4.23</average_rating>
<ratings_count>6892</ratings_count>
<publication_year></publication_year>
<publication_month></publication_month>
<publication_day></publication_day>
<authors>
<author>
<id>57139</id>
<name>Tommy Tenney</name>
<link><![CDATA[https://www.goodreads.com/author/show/57139.Tommy_Tenney]]></link>
</author>
</authors>
</book>

          <book>
<id>18054709</id>
<title>The Power of a Praying Woman</title>
<title_without_series>The Power of a Praying Woman</title_without_series>
<link><![CDATA[https://www.goodreads.com/book/show/18054709-the-power-of-a-praying-woman]]></link>
<small_image_url><![CDATA[https://images.gr-assets.com/books/1400867715s/18054709.jpg]]></small_image_url>
<image_url><![CDATA[https://images.gr-assets.com/books/1400867715m/18054709.jpg]]></image_url>
<num_pages>256</num_pages>
<work>
<id>16419428</id>
</work>
<isbn>0736957766</isbn>
<isbn13>9780736957762</isbn13>
<average_rating>4.38</average_rating>
<ratings_count>20882</ratings_count>
<publication_year>2014</publication_year>
<publication_month>2</publication_month>
<publication_day>1</publication_day>
<authors>
<author>
<id>11785</id>
<name>Stormie Omartian</name>
<link><![CDATA[https://www.goodreads.com/author/show/11785.Stormie_Omartian]]></link>
</author>
</authors>
</book>

          <book>
<id>590663</id>
<title><![CDATA[It's NOT About ME: Rescue From the Life We Thought Would Make Us Happy]]></title>
<title_without_series><![CDATA[It's NOT About ME: Rescue From the Life We Thought Would Make Us Happy]]></title_without_series>
<link><![CDATA[https://www.goodreads.com/book/show/590663.It_s_NOT_About_ME]]></link>
<small_image_url><![CDATA[https://images.gr-assets.com/books/1380858476s/590663.jpg]]></small_image_url>
<image_url><![CDATA[https://images.gr-assets.com/books/1380858476m/590663.jpg]]></image_url>
<num_pages></num_pages>
<work>
<id>2831370</id>
</work>
<isbn>159145042X</isbn>
<isbn13>9781591450429</isbn13>
<average_rating>4.30</average_rating>
<ratings_count>4984</ratings_count>
<publication_year></publication_year>
<publication_month></publication_month>
<publication_day></publication_day>
<authors>
<author>
<id>2737</id>
<name>Max Lucado</name>
<link><![CDATA[https://www.goodreads.com/author/show/2737.Max_Lucado]]></link>
</author>
</authors>
</book>

          <book>
<id>356373</id>
<title><![CDATA[Experiencing God: Knowing and Doing the Will of God, Workbook]]></title>
<title_without_series><![CDATA[Experiencing God: Knowing and Doing the Will of God, Workbook]]></title_without_series>
<link><![CDATA[https://www.goodreads.com/book/show/356373.Experiencing_God]]></link>
<small_image_url><![CDATA[https://images.gr-assets.com/books/1293504214s/356373.jpg]]></small_image_url>
<image_url><![CDATA[https://images.gr-assets.com/books/1293504214m/356373.jpg]]></image_url>
<num_pages>272</num_pages>
<work>
<id>346544</id>
</work>
<isbn></isbn>
<isbn13></isbn13>
<average_rating>4.32</average_rating>
<ratings_count>22073</ratings_count>
<publication_year>2009</publication_year>
<publication_month></publication_month>
<publication_day></publication_day>
<authors>
<author>
<id>21025</id>
<name>Henry T. Blackaby</name>
<link><![CDATA[https://www.goodreads.com/author/show/21025.Henry_T_Blackaby]]></link>
</author>
</authors>
</book>

          <book>
<id>29531</id>
<title><![CDATA[The Bait Of Satan: Living Free from the Deadly Trap of Offense]]></title>
<title_without_series><![CDATA[The Bait Of Satan: Living Free from the Deadly Trap of Offense]]></title_without_series>
<link><![CDATA[https://www.goodreads.com/book/show/29531.The_Bait_Of_Satan]]></link>
<small_image_url><![CDATA[https://s.gr-assets.com/assets/nophoto/book/50x75-a91bf249278a81aabab721ef782c4a74.png]]></small_image_url>
<image_url><![CDATA[https://s.gr-assets.com/assets/nophoto/book/111x148-bcc042a9c91a29c1d680899eff700a03.png]]></image_url>
<num_pages>255</num_pages>
<work>
<id>29986</id>
</work>
<isbn>1591854135</isbn>
<isbn13>9781591854135</isbn13>
<average_rating>4.45</average_rating>
<ratings_count>6111</ratings_count>
<publication_year>2004</publication_year>
<publication_month>5</publication_month>
<publication_day>24</publication_day>
<authors>
<author>
<id>16623</id>
<name>John Bevere</name>
<link><![CDATA[https://www.goodreads.com/author/show/16623.John_Bevere]]></link>
</author>
</authors>
</book>

          <book>
<id>254389</id>
<title><![CDATA[Battlefield Of The Mind: Winning The Battle In Your Mind]]></title>
<title_without_series><![CDATA[Battlefield Of The Mind: Winning The Battle In Your Mind]]></title_without_series>
<link><![CDATA[https://www.goodreads.com/book/show/254389.Battlefield_Of_The_Mind]]></link>
<small_image_url><![CDATA[https://s.gr-assets.com/assets/nophoto/book/50x75-a91bf249278a81aabab721ef782c4a74.png]]></small_image_url>
<image_url><![CDATA[https://s.gr-assets.com/assets/nophoto/book/111x148-bcc042a9c91a29c1d680899eff700a03.png]]></image_url>
<num_pages>328</num_pages>
<work>
<id>246528</id>
</work>
<isbn>044669214X</isbn>
<isbn13>9780446692144</isbn13>
<average_rating>4.33</average_rating>
<ratings_count>44832</ratings_count>
<publication_year>2002</publication_year>
<publication_month>1</publication_month>
<publication_day>1</publication_day>
<authors>
<author>
<id>8352</id>
<name>Joyce Meyer</name>
<link><![CDATA[https://www.goodreads.com/author/show/8352.Joyce_Meyer]]></link>
</author>
</authors>
</book>

          <book>
<id>999074</id>
<title><![CDATA[Woman, Thou Art Loosed!: Healing the Wounds of the Past]]></title>
<title_without_series><![CDATA[Woman, Thou Art Loosed!: Healing the Wounds of the Past]]></title_without_series>
<link><![CDATA[https://www.goodreads.com/book/show/999074.Woman_Thou_Art_Loosed_]]></link>
<small_image_url><![CDATA[https://images.gr-assets.com/books/1352964375s/999074.jpg]]></small_image_url>
<image_url><![CDATA[https://images.gr-assets.com/books/1352964375m/999074.jpg]]></image_url>
<num_pages>180</num_pages>
<work>
<id>984566</id>
</work>
<isbn>0768430402</isbn>
<isbn13>9780768430400</isbn13>
<average_rating>4.34</average_rating>
<ratings_count>4655</ratings_count>
<publication_year>2005</publication_year>
<publication_month>1</publication_month>
<publication_day>1</publication_day>
<authors>
<author>
<id>72902</id>
<name>T.D. Jakes</name>
<link><![CDATA[https://www.goodreads.com/author/show/72902.T_D_Jakes]]></link>
</author>
</authors>
</book>

          <book>
<id>223838</id>
<title>In His Steps</title>
<title_without_series>In His Steps</title_without_series>
<link><![CDATA[https://www.goodreads.com/book/show/223838.In_His_Steps]]></link>
<small_image_url><![CDATA[https://s.gr-assets.com/assets/nophoto/book/50x75-a91bf249278a81aabab721ef782c4a74.png]]></small_image_url>
<image_url><![CDATA[https://s.gr-assets.com/assets/nophoto/book/111x148-bcc042a9c91a29c1d680899eff700a03.png]]></image_url>
<num_pages></num_pages>
<work>
<id>2620135</id>
</work>
<isbn>1557488150</isbn>
<isbn13>9781557488152</isbn13>
<average_rating>4.15</average_rating>
<ratings_count>19355</ratings_count>
<publication_year></publication_year>
<publication_month></publication_month>
<publication_day></publication_day>
<authors>
<author>
<id>5107618</id>
<name>Charles M. Sheldon</name>
<link><![CDATA[https://www.goodreads.com/author/show/5107618.Charles_M_Sheldon]]></link>
</author>
</authors>
</book>

          <book>
<id>152344</id>
<title>Victory Over the Darkness</title>
<title_without_series>Victory Over the Darkness</title_without_series>
<link><![CDATA[https://www.goodreads.com/book/show/152344.Victory_Over_the_Darkness]]></link>
<small_image_url><![CDATA[https://images.gr-assets.com/books/1328779277s/152344.jpg]]></small_image_url>
<image_url><![CDATA[https://images.gr-assets.com/books/1328779277m/152344.jpg]]></image_url>
<num_pages></num_pages>
<work>
<id>147045</id>
</work>
<isbn>0830725644</isbn>
<isbn13>9780830725649</isbn13>
<average_rating>4.25</average_rating>
<ratings_count>5054</ratings_count>
<publication_year></publication_year>
<publication_month></publication_month>
<publication_day></publication_day>
<authors>
<author>
<id>24581</id>
<name>Neil T. Anderson</name>
<link><![CDATA[https://www.goodreads.com/author/show/24581.Neil_T_Anderson]]></link>
</author>
</authors>
</book>

          <book>
<id>214332</id>
<title><![CDATA[The Case for Faith: A Journalist Investigates the Toughest Objections to Christianity]]></title>
<title_without_series><![CDATA[The Case for Faith: A Journalist Investigates the Toughest Objections to Christianity]]></title_without_series>
<link><![CDATA[https://www.goodreads.com/book/show/214332.The_Case_for_Faith]]></link>
<small_image_url><![CDATA[https://images.gr-assets.com/books/1296487661s/214332.jpg]]></small_image_url>
<image_url><![CDATA[https://images.gr-assets.com/books/1296487661m/214332.jpg]]></image_url>
<num_pages>304</num_pages>
<work>
<id>14654173</id>
</work>
<isbn>0310234697</isbn>
<isbn13>9780310234692</isbn13>
<average_rating>4.17</average_rating>
<ratings_count>24966</ratings_count>
<publication_year></publication_year>
<publication_month></publication_month>
<publication_day></publication_day>
<authors>
<author>
<id>639</id>
<name>Lee Strobel</name>
<link><![CDATA[https://www.goodreads.com/author/show/639.Lee_Strobel]]></link>
</author>
</authors>
</book>

          <book>
<id>772852</id>
<title>The Cross and the Switchblade</title>
<title_without_series>The Cross and the Switchblade</title_without_series>
<link><![CDATA[https://www.goodreads.com/book/show/772852.The_Cross_and_the_Switchblade]]></link>
<small_image_url><![CDATA[https://s.gr-assets.com/assets/nophoto/book/50x75-a91bf249278a81aabab721ef782c4a74.png]]></small_image_url>
<image_url><![CDATA[https://s.gr-assets.com/assets/nophoto/book/111x148-bcc042a9c91a29c1d680899eff700a03.png]]></image_url>
<num_pages>176</num_pages>
<work>
<id>2094533</id>
</work>
<isbn>0515090255</isbn>
<isbn13>9780515090253</isbn13>
<average_rating>4.20</average_rating>
<ratings_count>38133</ratings_count>
<publication_year>1986</publication_year>
<publication_month>11</publication_month>
<publication_day>15</publication_day>
<authors>
<author>
<id>5771515</id>
<name>David Wilkerson</name>
<link><![CDATA[https://www.goodreads.com/author/show/5771515.David_Wilkerson]]></link>
</author>
</authors>
</book>

          <book>
<id>313631</id>
<title>More Than a Carpenter</title>
<title_without_series>More Than a Carpenter</title_without_series>
<link><![CDATA[https://www.goodreads.com/book/show/313631.More_Than_a_Carpenter]]></link>
<small_image_url><![CDATA[https://images.gr-assets.com/books/1439771268s/313631.jpg]]></small_image_url>
<image_url><![CDATA[https://images.gr-assets.com/books/1439771268m/313631.jpg]]></image_url>
<num_pages>128</num_pages>
<work>
<id>1715387</id>
</work>
<isbn>0842345523</isbn>
<isbn13>9780842345521</isbn13>
<average_rating>4.19</average_rating>
<ratings_count>20151</ratings_count>
<publication_year>1980</publication_year>
<publication_month>5</publication_month>
<publication_day>12</publication_day>
<authors>
<author>
<id>4314</id>
<name>Josh McDowell</name>
<link><![CDATA[https://www.goodreads.com/author/show/4314.Josh_McDowell]]></link>
</author>
</authors>
</book>

          <book>
<id>44399</id>
<title><![CDATA[Too Busy Not to Pray: Slowing Down to Be With God]]></title>
<title_without_series><![CDATA[Too Busy Not to Pray: Slowing Down to Be With God]]></title_without_series>
<link><![CDATA[https://www.goodreads.com/book/show/44399.Too_Busy_Not_to_Pray]]></link>
<small_image_url><![CDATA[https://s.gr-assets.com/assets/nophoto/book/50x75-a91bf249278a81aabab721ef782c4a74.png]]></small_image_url>
<image_url><![CDATA[https://s.gr-assets.com/assets/nophoto/book/111x148-bcc042a9c91a29c1d680899eff700a03.png]]></image_url>
<num_pages>191</num_pages>
<work>
<id>1251970</id>
</work>
<isbn>0830819711</isbn>
<isbn13>9780830819713</isbn13>
<average_rating>4.14</average_rating>
<ratings_count>8882</ratings_count>
<publication_year>1998</publication_year>
<publication_month>4</publication_month>
<publication_day>1</publication_day>
<authors>
<author>
<id>24922</id>
<name>Bill Hybels</name>
<link><![CDATA[https://www.goodreads.com/author/show/24922.Bill_Hybels]]></link>
</author>
</authors>
</book>

          <book>
<id>3412815</id>
<title>Fireproof</title>
<title_without_series>Fireproof</title_without_series>
<link><![CDATA[https://www.goodreads.com/book/show/3412815-fireproof]]></link>
<small_image_url><![CDATA[https://s.gr-assets.com/assets/nophoto/book/50x75-a91bf249278a81aabab721ef782c4a74.png]]></small_image_url>
<image_url><![CDATA[https://s.gr-assets.com/assets/nophoto/book/111x148-bcc042a9c91a29c1d680899eff700a03.png]]></image_url>
<num_pages>284</num_pages>
<work>
<id>3453075</id>
</work>
<isbn>1595547169</isbn>
<isbn13>9781595547163</isbn13>
<average_rating>4.47</average_rating>
<ratings_count>37616</ratings_count>
<publication_year></publication_year>
<publication_month></publication_month>
<publication_day></publication_day>
<authors>
<author>
<id>107761</id>
<name>Eric Wilson</name>
<link><![CDATA[https://www.goodreads.com/author/show/107761.Eric_Wilson]]></link>
</author>
</authors>
</book>

          <book>
<id>324737</id>
<title><![CDATA[Fresh Wind, Fresh Fire: What Happens When God's Spirit Invades the Heart of His People]]></title>
<title_without_series><![CDATA[Fresh Wind, Fresh Fire: What Happens When God's Spirit Invades the Heart of His People]]></title_without_series>
<link><![CDATA[https://www.goodreads.com/book/show/324737.Fresh_Wind_Fresh_Fire]]></link>
<small_image_url><![CDATA[https://images.gr-assets.com/books/1384258871s/324737.jpg]]></small_image_url>
<image_url><![CDATA[https://images.gr-assets.com/books/1384258871m/324737.jpg]]></image_url>
<num_pages>188</num_pages>
<work>
<id>315430</id>
</work>
<isbn>0310211883</isbn>
<isbn13>9780310211884</isbn13>
<average_rating>4.24</average_rating>
<ratings_count>12245</ratings_count>
<publication_year>1997</publication_year>
<publication_month>3</publication_month>
<publication_day>29</publication_day>
<authors>
<author>
<id>148248</id>
<name>Jim Cymbala</name>
<link><![CDATA[https://www.goodreads.com/author/show/148248.Jim_Cymbala]]></link>
</author>
</authors>
</book>

  </similar_books>
</book>

</GoodreadsResponse>