<?xml version="1.0" encoding="UTF-8"?>
<GoodreadsResponse>
  <Request>
    <authentication>true</authentication>
      <key><![CDATA[all_men_must_serve]]></key>
    <method><![CDATA[book_show]]></method>
  </Request>
  <book>
  <id>10374</id>
  <title><![CDATA[Hard-Boiled Wonderland and the End of the World]]></title>
  <isbn><![CDATA[]]></isbn>
  <isbn13><![CDATA[]]></isbn13>
  <asin><![CDATA[]]></asin>
  <kindle_asin><![CDATA[]]></kindle_asin>
  <marketplace_id><![CDATA[]]></marketplace_id>
  <country_code><![CDATA[GB]]></country_code>
  <image_url>https://images.gr-assets.com/books/1399844477m/10374.jpg</image_url>
  <small_image_url>https://images.gr-assets.com/books/1399844477s/10374.jpg</small_image_url>
  <publication_year>2001</publication_year>
  <publication_month>9</publication_month>
  <publication_day>28</publication_day>
  <publisher>Vintage</publisher>
  <language_code>eng</language_code>
  <is_ebook>false</is_ebook>
  <description><![CDATA['A narrative particle accelerator that zooms between Wild Turkey Whiskey and Bob Dylan, unicorn skulls and voracious librarians, John Coltrane and <i>Lord Jim</i>. Science fiction, detective story and post-modern manifesto all rolled into one rip-roaring novel, <i>Hard-Boiled Wonderland and the End of the World</i> is the tour de force that expanded Haruki Murakami's international following. Tracking one man's descent into the Kafkaesque underworld of contemporary Tokyo, Murakami unites East and West, tragedy and farce, compassion and detachment, slang and philosophy.']]></description>
  <work>
  <id type="integer">2531870</id>
  <books_count type="integer">120</books_count>
  <best_book_id type="integer">10374</best_book_id>
  <reviews_count type="integer">146148</reviews_count>
  <ratings_sum type="integer">321792</ratings_sum>
  <ratings_count type="integer">77518</ratings_count>
  <text_reviews_count type="integer">4409</text_reviews_count>
  <original_publication_year type="integer">1985</original_publication_year>
  <original_publication_month type="integer" nil="true"/>
  <original_publication_day type="integer" nil="true"/>
  <original_title>世界の終りとハードボイルド・ワンダーランド [Sekai no owari to hādoboirudo wandārando]</original_title>
  <original_language_id type="integer" nil="true"/>
  <media_type>book</media_type>
  <rating_dist>5:31269|4:30351|3:12786|2:2573|1:539|total:77518</rating_dist>
  <desc_user_id type="integer">6274454</desc_user_id>
  <default_chaptering_book_id type="integer" nil="true"/>
  <default_description_language_code nil="true"/>
</work>
  <average_rating>4.15</average_rating>
  <num_pages><![CDATA[400]]></num_pages>
  <format><![CDATA[Paperback]]></format>
  <edition_information><![CDATA[]]></edition_information>
  <ratings_count><![CDATA[63825]]></ratings_count>
  <text_reviews_count><![CDATA[2984]]></text_reviews_count>
  <url><![CDATA[https://www.goodreads.com/book/show/10374.Hard_Boiled_Wonderland_and_the_End_of_the_World]]></url>
  <link><![CDATA[https://www.goodreads.com/book/show/10374.Hard_Boiled_Wonderland_and_the_End_of_the_World]]></link>
  <authors>
<author>
<id>3354</id>
<name>Haruki Murakami</name>
<role></role>
<image_url nophoto='false'>
<![CDATA[https://images.gr-assets.com/authors/1470611596p5/3354.jpg]]>
</image_url>
<small_image_url nophoto='false'>
<![CDATA[https://images.gr-assets.com/authors/1470611596p2/3354.jpg]]>
</small_image_url>
<link><![CDATA[https://www.goodreads.com/author/show/3354.Haruki_Murakami]]></link>
<average_rating>3.95</average_rating>
<ratings_count>1535764</ratings_count>
<text_reviews_count>110225</text_reviews_count>
</author>
<author>
<id>323598</id>
<name>Alfred Birnbaum</name>
<role>Translator</role>
<image_url nophoto='true'>
<![CDATA[https://s.gr-assets.com/assets/nophoto/user/m_200x266-d279b33f8eec0f27b7272477f09806be.png]]>
</image_url>
<small_image_url nophoto='true'>
<![CDATA[https://s.gr-assets.com/assets/nophoto/user/m_50x66-82093808bca726cb3249a493fbd3bd0f.png]]>
</small_image_url>
<link><![CDATA[https://www.goodreads.com/author/show/323598.Alfred_Birnbaum]]></link>
<average_rating>3.99</average_rating>
<ratings_count>183533</ratings_count>
<text_reviews_count>10028</text_reviews_count>
</author>
</authors>

    <reviews_widget>
      <![CDATA[
        <style>
  #goodreads-widget {
    font-family: georgia, serif;
    padding: 18px 0;
    width:565px;
  }
  #goodreads-widget h1 {
    font-weight:normal;
    font-size: 16px;
    border-bottom: 1px solid #BBB596;
    margin-bottom: 0;
  }
  #goodreads-widget a {
    text-decoration: none;
    color:#660;
  }
  iframe{
    background-color: #fff;
  }
  #goodreads-widget a:hover { text-decoration: underline; }
  #goodreads-widget a:active {
    color:#660;
  }
  #gr_footer {
    width: 100%;
    border-top: 1px solid #BBB596;
    text-align: right;
  }
  #goodreads-widget .gr_branding{
    color: #382110;
    font-size: 11px;
    text-decoration: none;
    font-family: "Helvetica Neue", Helvetica, Arial, sans-serif;
  }
</style>
<div id="goodreads-widget">
  <div id="gr_header"><h1><a rel="nofollow" href="https://www.goodreads.com/book/show/10374.Hard_Boiled_Wonderland_and_the_End_of_the_World">Hard-Boiled Wonderland and the End of the World Reviews</a></h1></div>
  <iframe id="the_iframe" src="https://www.goodreads.com/api/reviews_widget_iframe?did=DEVELOPER_ID&amp;format=html&amp;links=660&amp;min_rating=&amp;review_back=fff&amp;stars=000&amp;text=000" width="565" height="400" frameborder="0"></iframe>
  <div id="gr_footer">
    <a class="gr_branding" target="_blank" rel="nofollow" href="https://www.goodreads.com/book/show/10374.Hard_Boiled_Wonderland_and_the_End_of_the_World?utm_medium=api&amp;utm_source=reviews_widget">Reviews from Goodreads.com</a>
  </div>
</div>

      ]]>
    </reviews_widget>
  <popular_shelves>
      <shelf name="to-read" count="9389"/>
      <shelf name="fiction" count="1834"/>
      <shelf name="fantasy" count="670"/>
      <shelf name="japan" count="492"/>
      <shelf name="currently-reading" count="487"/>
      <shelf name="japanese" count="456"/>
      <shelf name="magical-realism" count="408"/>
      <shelf name="science-fiction" count="356"/>
      <shelf name="favorites" count="332"/>
      <shelf name="murakami" count="320"/>
      <shelf name="sci-fi" count="277"/>
      <shelf name="owned" count="273"/>
      <shelf name="japanese-literature" count="270"/>
      <shelf name="literature" count="211"/>
      <shelf name="contemporary" count="197"/>
      <shelf name="haruki-murakami" count="190"/>
      <shelf name="novels" count="179"/>
      <shelf name="books-i-own" count="177"/>
      <shelf name="favourites" count="138"/>
      <shelf name="japanese-lit" count="111"/>
      <shelf name="to-buy" count="106"/>
      <shelf name="book-club" count="93"/>
      <shelf name="novel" count="93"/>
      <shelf name="mystery" count="89"/>
      <shelf name="literary-fiction" count="88"/>
      <shelf name="library" count="86"/>
      <shelf name="owned-books" count="82"/>
      <shelf name="contemporary-fiction" count="71"/>
      <shelf name="asia" count="71"/>
      <shelf name="scifi" count="64"/>
      <shelf name="translated" count="64"/>
      <shelf name="japanese-fiction" count="61"/>
      <shelf name="magic-realism" count="59"/>
      <shelf name="kindle" count="58"/>
      <shelf name="asian" count="58"/>
      <shelf name="surrealism" count="57"/>
      <shelf name="ebook" count="55"/>
      <shelf name="20th-century" count="53"/>
      <shelf name="sci-fi-fantasy" count="52"/>
      <shelf name="asian-literature" count="52"/>
      <shelf name="wish-list" count="51"/>
      <shelf name="default" count="48"/>
      <shelf name="surreal" count="45"/>
      <shelf name="to-read-fiction" count="43"/>
      <shelf name="abandoned" count="43"/>
      <shelf name="audiobook" count="42"/>
      <shelf name="literary" count="41"/>
      <shelf name="general-fiction" count="38"/>
      <shelf name="adult" count="36"/>
      <shelf name="speculative-fiction" count="35"/>
      <shelf name="dystopia" count="35"/>
      <shelf name="translation" count="35"/>
      <shelf name="adult-fiction" count="34"/>
      <shelf name="my-books" count="32"/>
      <shelf name="re-read" count="31"/>
      <shelf name="books" count="30"/>
      <shelf name="finished" count="29"/>
      <shelf name="japanese-authors" count="28"/>
      <shelf name="audio" count="27"/>
      <shelf name="weird" count="27"/>
      <shelf name="dystopian" count="27"/>
      <shelf name="audiobooks" count="26"/>
      <shelf name="sf" count="26"/>
      <shelf name="in-translation" count="26"/>
      <shelf name="read-in-2013" count="25"/>
      <shelf name="ebooks" count="25"/>
      <shelf name="english" count="25"/>
      <shelf name="recommended" count="24"/>
      <shelf name="postmodern" count="24"/>
      <shelf name="favorite-books" count="24"/>
      <shelf name="favorite" count="24"/>
      <shelf name="shelfari-favorites" count="23"/>
      <shelf name="read-in-2015" count="23"/>
      <shelf name="books-to-read-in-your-20s" count="23"/>
      <shelf name="on-hold" count="23"/>
      <shelf name="lit" count="23"/>
      <shelf name="1980s" count="22"/>
      <shelf name="unfinished" count="22"/>
      <shelf name="i-own" count="22"/>
      <shelf name="bookclub" count="22"/>
      <shelf name="read-in-2014" count="21"/>
      <shelf name="philosophy" count="21"/>
      <shelf name="modern" count="21"/>
      <shelf name="want" count="20"/>
      <shelf name="modern-fiction" count="20"/>
      <shelf name="foreign" count="20"/>
      <shelf name="read-in-2016" count="19"/>
      <shelf name="65-books-to-read-in-your-20s" count="19"/>
      <shelf name="murakami-haruki" count="19"/>
      <shelf name="all-time-favorites" count="19"/>
      <shelf name="fantasy-sci-fi" count="19"/>
      <shelf name="translations" count="19"/>
      <shelf name="read-2016" count="18"/>
      <shelf name="favourite" count="18"/>
      <shelf name="giappone" count="18"/>
      <shelf name="asian-lit" count="18"/>
      <shelf name="romance" count="18"/>
      <shelf name="faves" count="18"/>
      <shelf name="classics" count="17"/>
      <shelf name="e-book" count="17"/>
  </popular_shelves>
  <book_links>
    <book_link>
  <id>8</id>
  <name>Libraries</name>
  <link>https://www.goodreads.com/book_link/follow/8</link>
</book_link>

  </book_links>
  <buy_links>
    <buy_link>
<id>1</id>
<name>Amazon</name>
<link>https://www.goodreads.com/book_link/follow/1</link>
</buy_link>
<buy_link>
<id>10</id>
<name>Audible</name>
<link>https://www.goodreads.com/book_link/follow/10</link>
</buy_link>
<buy_link>
<id>3</id>
<name>Barnes &amp; Noble</name>
<link>https://www.goodreads.com/book_link/follow/3</link>
</buy_link>
<buy_link>
<id>1027</id>
<name>Kobo</name>
<link>https://www.goodreads.com/book_link/follow/1027</link>
</buy_link>
<buy_link>
<id>2102</id>
<name>Apple iBooks</name>
<link>https://www.goodreads.com/book_link/follow/2102</link>
</buy_link>
<buy_link>
<id>8036</id>
<name>Google Play</name>
<link>https://www.goodreads.com/book_link/follow/8036</link>
</buy_link>
<buy_link>
<id>4</id>
<name>Abebooks</name>
<link>https://www.goodreads.com/book_link/follow/4</link>
</buy_link>
<buy_link>
<id>882</id>
<name>Book Depository</name>
<link>https://www.goodreads.com/book_link/follow/882</link>
</buy_link>
<buy_link>
<id>9</id>
<name>Indigo</name>
<link>https://www.goodreads.com/book_link/follow/9</link>
</buy_link>
<buy_link>
<id>2</id>
<name>Half.com</name>
<link>https://www.goodreads.com/book_link/follow/2</link>
</buy_link>
<buy_link>
<id>5</id>
<name>Alibris</name>
<link>https://www.goodreads.com/book_link/follow/5</link>
</buy_link>
<buy_link>
<id>107</id>
<name>Better World Books</name>
<link>https://www.goodreads.com/book_link/follow/107</link>
</buy_link>
<buy_link>
<id>7</id>
<name>IndieBound</name>
<link>https://www.goodreads.com/book_link/follow/7</link>
</buy_link>

  </buy_links>
  <series_works>
    
  </series_works>
  <similar_books>
          <book>
<id>150354</id>
<title>The Collected Poems</title>
<title_without_series>The Collected Poems</title_without_series>
<link><![CDATA[https://www.goodreads.com/book/show/150354.The_Collected_Poems]]></link>
<small_image_url><![CDATA[https://images.gr-assets.com/books/1320392685s/150354.jpg]]></small_image_url>
<image_url><![CDATA[https://images.gr-assets.com/books/1320392685m/150354.jpg]]></image_url>
<num_pages>784</num_pages>
<work>
<id>145117</id>
</work>
<isbn>1400044995</isbn>
<isbn13>9781400044993</isbn13>
<average_rating>3.98</average_rating>
<ratings_count>778</ratings_count>
<publication_year>2005</publication_year>
<publication_month>11</publication_month>
<publication_day>1</publication_day>
<authors>
<author>
<id>71439</id>
<name>Kenneth Koch</name>
<link><![CDATA[https://www.goodreads.com/author/show/71439.Kenneth_Koch]]></link>
</author>
</authors>
</book>

          <book>
<id>14031</id>
<title>Palm-of-the-Hand Stories</title>
<title_without_series>Palm-of-the-Hand Stories</title_without_series>
<link><![CDATA[https://www.goodreads.com/book/show/14031.Palm_of_the_Hand_Stories]]></link>
<small_image_url><![CDATA[https://images.gr-assets.com/books/1401017356s/14031.jpg]]></small_image_url>
<image_url><![CDATA[https://images.gr-assets.com/books/1401017356m/14031.jpg]]></image_url>
<num_pages>288</num_pages>
<work>
<id>1176229</id>
</work>
<isbn>0374530491</isbn>
<isbn13>9780374530495</isbn13>
<average_rating>4.03</average_rating>
<ratings_count>1925</ratings_count>
<publication_year>2006</publication_year>
<publication_month>11</publication_month>
<publication_day>14</publication_day>
<authors>
<author>
<id>8550</id>
<name>Yasunari Kawabata</name>
<link><![CDATA[https://www.goodreads.com/author/show/8550.Yasunari_Kawabata]]></link>
</author>
</authors>
</book>

          <book>
<id>9996</id>
<title>The Ark Sakura</title>
<title_without_series>The Ark Sakura</title_without_series>
<link><![CDATA[https://www.goodreads.com/book/show/9996.The_Ark_Sakura]]></link>
<small_image_url><![CDATA[https://s.gr-assets.com/assets/nophoto/book/50x75-a91bf249278a81aabab721ef782c4a74.png]]></small_image_url>
<image_url><![CDATA[https://s.gr-assets.com/assets/nophoto/book/111x148-bcc042a9c91a29c1d680899eff700a03.png]]></image_url>
<num_pages>352</num_pages>
<work>
<id>12743</id>
</work>
<isbn>0679721614</isbn>
<isbn13>9780679721611</isbn13>
<average_rating>3.70</average_rating>
<ratings_count>777</ratings_count>
<publication_year>1989</publication_year>
<publication_month>3</publication_month>
<publication_day>13</publication_day>
<authors>
<author>
<id>6526</id>
<name>Kōbō Abe</name>
<link><![CDATA[https://www.goodreads.com/author/show/6526.K_b_Abe]]></link>
</author>
</authors>
</book>

          <book>
<id>11296</id>
<title><![CDATA[Haruki Murakami and the Music of Words]]></title>
<title_without_series><![CDATA[Haruki Murakami and the Music of Words]]></title_without_series>
<link><![CDATA[https://www.goodreads.com/book/show/11296.Haruki_Murakami_and_the_Music_of_Words]]></link>
<small_image_url><![CDATA[https://s.gr-assets.com/assets/nophoto/book/50x75-a91bf249278a81aabab721ef782c4a74.png]]></small_image_url>
<image_url><![CDATA[https://s.gr-assets.com/assets/nophoto/book/111x148-bcc042a9c91a29c1d680899eff700a03.png]]></image_url>
<num_pages>462</num_pages>
<work>
<id>1035665</id>
</work>
<isbn>0099455447</isbn>
<isbn13>9780099455448</isbn13>
<average_rating>3.79</average_rating>
<ratings_count>1329</ratings_count>
<publication_year></publication_year>
<publication_month></publication_month>
<publication_day></publication_day>
<authors>
<author>
<id>7306</id>
<name>Jay Rubin</name>
<link><![CDATA[https://www.goodreads.com/author/show/7306.Jay_Rubin]]></link>
</author>
</authors>
</book>

          <book>
<id>6845757</id>
<title>The Changeling</title>
<title_without_series>The Changeling</title_without_series>
<link><![CDATA[https://www.goodreads.com/book/show/6845757-the-changeling]]></link>
<small_image_url><![CDATA[https://images.gr-assets.com/books/1328823997s/6845757.jpg]]></small_image_url>
<image_url><![CDATA[https://images.gr-assets.com/books/1328823997m/6845757.jpg]]></image_url>
<num_pages>468</num_pages>
<work>
<id>7057715</id>
</work>
<isbn>0802119360</isbn>
<isbn13>9780802119360</isbn13>
<average_rating>3.58</average_rating>
<ratings_count>695</ratings_count>
<publication_year>2010</publication_year>
<publication_month>3</publication_month>
<publication_day>16</publication_day>
<authors>
<author>
<id>3439713</id>
<name>Kenzaburō Ōe</name>
<link><![CDATA[https://www.goodreads.com/author/show/3439713.Kenzabur_e]]></link>
</author>
</authors>
</book>

          <book>
<id>34462</id>
<title>Naomi</title>
<title_without_series>Naomi</title_without_series>
<link><![CDATA[https://www.goodreads.com/book/show/34462.Naomi]]></link>
<small_image_url><![CDATA[https://images.gr-assets.com/books/1366810659s/34462.jpg]]></small_image_url>
<image_url><![CDATA[https://images.gr-assets.com/books/1366810659m/34462.jpg]]></image_url>
<num_pages>237</num_pages>
<work>
<id>1045331</id>
</work>
<isbn>0375724745</isbn>
<isbn13>9780375724749</isbn13>
<average_rating>3.68</average_rating>
<ratings_count>3279</ratings_count>
<publication_year>2001</publication_year>
<publication_month>4</publication_month>
<publication_day>10</publication_day>
<authors>
<author>
<id>6263</id>
<name>Jun&apos;ichirō Tanizaki</name>
<link><![CDATA[https://www.goodreads.com/author/show/6263.Jun_ichir_Tanizaki]]></link>
</author>
</authors>
</book>

          <book>
<id>217207</id>
<title>Dear Diary</title>
<title_without_series>Dear Diary</title_without_series>
<link><![CDATA[https://www.goodreads.com/book/show/217207.Dear_Diary]]></link>
<small_image_url><![CDATA[https://s.gr-assets.com/assets/nophoto/book/50x75-a91bf249278a81aabab721ef782c4a74.png]]></small_image_url>
<image_url><![CDATA[https://s.gr-assets.com/assets/nophoto/book/111x148-bcc042a9c91a29c1d680899eff700a03.png]]></image_url>
<num_pages></num_pages>
<work>
<id>210292</id>
</work>
<isbn>1576873838</isbn>
<isbn13>9781576873830</isbn13>
<average_rating>3.38</average_rating>
<ratings_count>1851</ratings_count>
<publication_year></publication_year>
<publication_month></publication_month>
<publication_day></publication_day>
<authors>
<author>
<id>127301</id>
<name>Lesley Arfin</name>
<link><![CDATA[https://www.goodreads.com/author/show/127301.Lesley_Arfin]]></link>
</author>
</authors>
</book>

          <book>
<id>450667</id>
<title>69</title>
<title_without_series>69</title_without_series>
<link><![CDATA[https://www.goodreads.com/book/show/450667.69]]></link>
<small_image_url><![CDATA[https://s.gr-assets.com/assets/nophoto/book/50x75-a91bf249278a81aabab721ef782c4a74.png]]></small_image_url>
<image_url><![CDATA[https://s.gr-assets.com/assets/nophoto/book/111x148-bcc042a9c91a29c1d680899eff700a03.png]]></image_url>
<num_pages></num_pages>
<work>
<id>1716005</id>
</work>
<isbn>4770019513</isbn>
<isbn13>9784770019516</isbn13>
<average_rating>3.63</average_rating>
<ratings_count>2242</ratings_count>
<publication_year>1995</publication_year>
<publication_month>5</publication_month>
<publication_day>1</publication_day>
<authors>
<author>
<id>8881</id>
<name>Ryū Murakami</name>
<link><![CDATA[https://www.goodreads.com/author/show/8881.Ry_Murakami]]></link>
</author>
</authors>
</book>

          <book>
<id>129228</id>
<title>My Misspent Youth: Essays</title>
<title_without_series>My Misspent Youth: Essays</title_without_series>
<link><![CDATA[https://www.goodreads.com/book/show/129228.My_Misspent_Youth]]></link>
<small_image_url><![CDATA[https://s.gr-assets.com/assets/nophoto/book/50x75-a91bf249278a81aabab721ef782c4a74.png]]></small_image_url>
<image_url><![CDATA[https://s.gr-assets.com/assets/nophoto/book/111x148-bcc042a9c91a29c1d680899eff700a03.png]]></image_url>
<num_pages>200</num_pages>
<work>
<id>124462</id>
</work>
<isbn>1890447269</isbn>
<isbn13>9781890447267</isbn13>
<average_rating>3.54</average_rating>
<ratings_count>1888</ratings_count>
<publication_year>2001</publication_year>
<publication_month>3</publication_month>
<publication_day>2</publication_day>
<authors>
<author>
<id>74253</id>
<name>Meghan Daum</name>
<link><![CDATA[https://www.goodreads.com/author/show/74253.Meghan_Daum]]></link>
</author>
</authors>
</book>

          <book>
<id>62812</id>
<title>Runaway Horses</title>
<title_without_series>Runaway Horses</title_without_series>
<link><![CDATA[https://www.goodreads.com/book/show/62812.Runaway_Horses]]></link>
<small_image_url><![CDATA[https://s.gr-assets.com/assets/nophoto/book/50x75-a91bf249278a81aabab721ef782c4a74.png]]></small_image_url>
<image_url><![CDATA[https://s.gr-assets.com/assets/nophoto/book/111x148-bcc042a9c91a29c1d680899eff700a03.png]]></image_url>
<num_pages>432</num_pages>
<work>
<id>1642235</id>
</work>
<isbn>0099282895</isbn>
<isbn13>9780099282891</isbn13>
<average_rating>4.17</average_rating>
<ratings_count>3286</ratings_count>
<publication_year>1999</publication_year>
<publication_month>3</publication_month>
<publication_day>11</publication_day>
<authors>
<author>
<id>35258</id>
<name>Yukio Mishima</name>
<link><![CDATA[https://www.goodreads.com/author/show/35258.Yukio_Mishima]]></link>
</author>
</authors>
</book>

          <book>
<id>11737010</id>
<title>Alien vs. Predator</title>
<title_without_series>Alien vs. Predator</title_without_series>
<link><![CDATA[https://www.goodreads.com/book/show/11737010-alien-vs-predator]]></link>
<small_image_url><![CDATA[https://images.gr-assets.com/books/1336000197s/11737010.jpg]]></small_image_url>
<image_url><![CDATA[https://images.gr-assets.com/books/1336000197m/11737010.jpg]]></image_url>
<num_pages>88</num_pages>
<work>
<id>16686193</id>
</work>
<isbn>0143120352</isbn>
<isbn13>9780143120353</isbn13>
<average_rating>3.50</average_rating>
<ratings_count>993</ratings_count>
<publication_year>2012</publication_year>
<publication_month>3</publication_month>
<publication_day>27</publication_day>
<authors>
<author>
<id>4953499</id>
<name>Michael  Robbins</name>
<link><![CDATA[https://www.goodreads.com/author/show/4953499.Michael_Robbins]]></link>
</author>
</authors>
</book>

          <book>
<id>208063</id>
<title>Quicksand and Passing</title>
<title_without_series>Quicksand and Passing</title_without_series>
<link><![CDATA[https://www.goodreads.com/book/show/208063.Quicksand_and_Passing]]></link>
<small_image_url><![CDATA[https://images.gr-assets.com/books/1421140088s/208063.jpg]]></small_image_url>
<image_url><![CDATA[https://images.gr-assets.com/books/1421140088m/208063.jpg]]></image_url>
<num_pages>246</num_pages>
<work>
<id>201386</id>
</work>
<isbn>0813511704</isbn>
<isbn13>9780813511702</isbn13>
<average_rating>3.90</average_rating>
<ratings_count>3274</ratings_count>
<publication_year>1986</publication_year>
<publication_month>4</publication_month>
<publication_day>1</publication_day>
<authors>
<author>
<id>7894</id>
<name>Nella Larsen</name>
<link><![CDATA[https://www.goodreads.com/author/show/7894.Nella_Larsen]]></link>
</author>
</authors>
</book>

          <book>
<id>971986</id>
<title><![CDATA[The Oxford Book of Japanese Short Stories]]></title>
<title_without_series><![CDATA[The Oxford Book of Japanese Short Stories]]></title_without_series>
<link><![CDATA[https://www.goodreads.com/book/show/971986.The_Oxford_Book_of_Japanese_Short_Stories]]></link>
<small_image_url><![CDATA[https://s.gr-assets.com/assets/nophoto/book/50x75-a91bf249278a81aabab721ef782c4a74.png]]></small_image_url>
<image_url><![CDATA[https://s.gr-assets.com/assets/nophoto/book/111x148-bcc042a9c91a29c1d680899eff700a03.png]]></image_url>
<num_pages>496</num_pages>
<work>
<id>956883</id>
</work>
<isbn>0192803727</isbn>
<isbn13>9780192803726</isbn13>
<average_rating>4.14</average_rating>
<ratings_count>364</ratings_count>
<publication_year>2002</publication_year>
<publication_month>9</publication_month>
<publication_day>12</publication_day>
<authors>
<author>
<id>490988</id>
<name>Theodore W. Goossen</name>
<link><![CDATA[https://www.goodreads.com/author/show/490988.Theodore_W_Goossen]]></link>
</author>
</authors>
</book>

          <book>
<id>25365</id>
<title>Out</title>
<title_without_series>Out</title_without_series>
<link><![CDATA[https://www.goodreads.com/book/show/25365.Out]]></link>
<small_image_url><![CDATA[https://s.gr-assets.com/assets/nophoto/book/50x75-a91bf249278a81aabab721ef782c4a74.png]]></small_image_url>
<image_url><![CDATA[https://s.gr-assets.com/assets/nophoto/book/111x148-bcc042a9c91a29c1d680899eff700a03.png]]></image_url>
<num_pages>400</num_pages>
<work>
<id>849266</id>
</work>
<isbn>1400078377</isbn>
<isbn13>9781400078370</isbn13>
<average_rating>3.93</average_rating>
<ratings_count>17065</ratings_count>
<publication_year>2005</publication_year>
<publication_month>1</publication_month>
<publication_day>4</publication_day>
<authors>
<author>
<id>14269</id>
<name>Natsuo Kirino</name>
<link><![CDATA[https://www.goodreads.com/author/show/14269.Natsuo_Kirino]]></link>
</author>
</authors>
</book>

          <book>
<id>169439</id>
<title>Sanshirō</title>
<title_without_series>Sanshirō</title_without_series>
<link><![CDATA[https://www.goodreads.com/book/show/169439.Sanshir_]]></link>
<small_image_url><![CDATA[https://images.gr-assets.com/books/1351045307s/169439.jpg]]></small_image_url>
<image_url><![CDATA[https://images.gr-assets.com/books/1351045307m/169439.jpg]]></image_url>
<num_pages>248</num_pages>
<work>
<id>163616</id>
</work>
<isbn>1929280106</isbn>
<isbn13>9781929280100</isbn13>
<average_rating>3.81</average_rating>
<ratings_count>1872</ratings_count>
<publication_year>2002</publication_year>
<publication_month>6</publication_month>
<publication_day>28</publication_day>
<authors>
<author>
<id>16061597</id>
<name>Sōseki Natsume</name>
<link><![CDATA[https://www.goodreads.com/author/show/16061597.S_seki_Natsume]]></link>
</author>
</authors>
</book>

          <book>
<id>876637</id>
<title>Kappa</title>
<title_without_series>Kappa</title_without_series>
<link><![CDATA[https://www.goodreads.com/book/show/876637.Kappa]]></link>
<small_image_url><![CDATA[https://images.gr-assets.com/books/1471780599s/876637.jpg]]></small_image_url>
<image_url><![CDATA[https://images.gr-assets.com/books/1471780599m/876637.jpg]]></image_url>
<num_pages>144</num_pages>
<work>
<id>861976</id>
</work>
<isbn>080483251X</isbn>
<isbn13>9780804832519</isbn13>
<average_rating>3.81</average_rating>
<ratings_count>1814</ratings_count>
<publication_year>2000</publication_year>
<publication_month></publication_month>
<publication_day></publication_day>
<authors>
<author>
<id>5775185</id>
<name>Ryūnosuke Akutagawa</name>
<link><![CDATA[https://www.goodreads.com/author/show/5775185.Ry_nosuke_Akutagawa]]></link>
</author>
</authors>
</book>

  </similar_books>
</book>

</GoodreadsResponse>