<?xml version="1.0" encoding="UTF-8"?>
<GoodreadsResponse>
  <Request>
    <authentication>true</authentication>
      <key><![CDATA[all_men_must_serve]]></key>
    <method><![CDATA[book_show]]></method>
  </Request>
  <book>
  <id>103902</id>
  <title>Gustav Klimt: 1862-1918</title>
  <isbn><![CDATA[382285980X]]></isbn>
  <isbn13><![CDATA[9783822859803]]></isbn13>
  <asin><![CDATA[]]></asin>
  <kindle_asin><![CDATA[]]></kindle_asin>
  <marketplace_id><![CDATA[]]></marketplace_id>
  <country_code><![CDATA[GB]]></country_code>
  <image_url>https://images.gr-assets.com/books/1393794080m/103902.jpg</image_url>
  <small_image_url>https://images.gr-assets.com/books/1393794080s/103902.jpg</small_image_url>
  <publication_year>1999</publication_year>
  <publication_month>8</publication_month>
  <publication_day>1</publication_day>
  <publisher>Taschen</publisher>
  <language_code></language_code>
  <is_ebook>false</is_ebook>
  <description><![CDATA[Cult of pleasure: Feminine sensuality by the Vienna Secession s greatest proponentGustav Klimt s ornate, sensual, and decadent style made him not only the most prominent of the Vienna Secessionists but one of the best loved artists of all time. In his own time, Kilmt (1862-1918) was a highly successful painter, draftsman, muralist, and graphic artist; in the intervening years, iconic works such as The Kiss have been elevated to nothing less than cult status. Klimt s unfading popularity attests to the appeal of not only his aesthetic sensibilities but also that of the recurrent universal themes in his work: love, feminine beauty, aging, and death. He once wrote, "I am a painter who paints day after day from morning to night...Who ever wants to know something about me...ought to look carefully at my pictures." With this overview of Klimt s work, readers will delight in taking up that challenge.About the Series: Each book in TASCHEN s Basic Art series features: a detailed chronological summary of the life and oeuvre of the artist, covering his or her cultural and historical importance a concise biography approximately 100 illustrations with explanatory captions "]]></description>
  <work>
  <id type="integer">100186</id>
  <books_count type="integer">32</books_count>
  <best_book_id type="integer">103902</best_book_id>
  <reviews_count type="integer">21550</reviews_count>
  <ratings_sum type="integer">64934</ratings_sum>
  <ratings_count type="integer">15751</ratings_count>
  <text_reviews_count type="integer">40</text_reviews_count>
  <original_publication_year type="integer">1992</original_publication_year>
  <original_publication_month type="integer">1</original_publication_month>
  <original_publication_day type="integer">1</original_publication_day>
  <original_title>Gustav Klimt: le monde comme une forme féminine</original_title>
  <original_language_id type="integer" nil="true"/>
  <media_type>book</media_type>
  <rating_dist>5:7176|4:4728|3:2767|2:761|1:319|total:15751</rating_dist>
  <desc_user_id type="integer">2919248</desc_user_id>
  <default_chaptering_book_id type="integer" nil="true"/>
  <default_description_language_code nil="true"/>
</work>
  <average_rating>4.12</average_rating>
  <num_pages><![CDATA[96]]></num_pages>
  <format><![CDATA[Paperback]]></format>
  <edition_information><![CDATA[]]></edition_information>
  <ratings_count><![CDATA[15621]]></ratings_count>
  <text_reviews_count><![CDATA[30]]></text_reviews_count>
  <url><![CDATA[https://www.goodreads.com/book/show/103902.Gustav_Klimt]]></url>
  <link><![CDATA[https://www.goodreads.com/book/show/103902.Gustav_Klimt]]></link>
  <authors>
<author>
<id>187210</id>
<name>Gilles Néret</name>
<role></role>
<image_url nophoto='true'>
<![CDATA[https://s.gr-assets.com/assets/nophoto/user/m_200x266-d279b33f8eec0f27b7272477f09806be.png]]>
</image_url>
<small_image_url nophoto='true'>
<![CDATA[https://s.gr-assets.com/assets/nophoto/user/m_50x66-82093808bca726cb3249a493fbd3bd0f.png]]>
</small_image_url>
<link><![CDATA[https://www.goodreads.com/author/show/187210.Gilles_N_ret]]></link>
<average_rating>4.15</average_rating>
<ratings_count>34978</ratings_count>
<text_reviews_count>228</text_reviews_count>
</author>
</authors>

    <reviews_widget>
      <![CDATA[
        <style>
  #goodreads-widget {
    font-family: georgia, serif;
    padding: 18px 0;
    width:565px;
  }
  #goodreads-widget h1 {
    font-weight:normal;
    font-size: 16px;
    border-bottom: 1px solid #BBB596;
    margin-bottom: 0;
  }
  #goodreads-widget a {
    text-decoration: none;
    color:#660;
  }
  iframe{
    background-color: #fff;
  }
  #goodreads-widget a:hover { text-decoration: underline; }
  #goodreads-widget a:active {
    color:#660;
  }
  #gr_footer {
    width: 100%;
    border-top: 1px solid #BBB596;
    text-align: right;
  }
  #goodreads-widget .gr_branding{
    color: #382110;
    font-size: 11px;
    text-decoration: none;
    font-family: "Helvetica Neue", Helvetica, Arial, sans-serif;
  }
</style>
<div id="goodreads-widget">
  <div id="gr_header"><h1><a rel="nofollow" href="https://www.goodreads.com/book/show/103902.Gustav_Klimt">Gustav Klimt Reviews</a></h1></div>
  <iframe id="the_iframe" src="https://www.goodreads.com/api/reviews_widget_iframe?did=DEVELOPER_ID&amp;format=html&amp;isbn=382285980X&amp;links=660&amp;min_rating=&amp;review_back=fff&amp;stars=000&amp;text=000" width="565" height="400" frameborder="0"></iframe>
  <div id="gr_footer">
    <a class="gr_branding" target="_blank" rel="nofollow" href="https://www.goodreads.com/book/show/103902.Gustav_Klimt?utm_medium=api&amp;utm_source=reviews_widget">Reviews from Goodreads.com</a>
  </div>
</div>

      ]]>
    </reviews_widget>
  <popular_shelves>
      <shelf name="to-read" count="160"/>
      <shelf name="biography" count="16"/>
      <shelf name="art-history" count="15"/>
      <shelf name="art" count="11"/>
      <shelf name="favorites" count="11"/>
      <shelf name="default" count="7"/>
      <shelf name="nonfiction" count="6"/>
      <shelf name="painting" count="5"/>
      <shelf name="art-books" count="4"/>
      <shelf name="history" count="4"/>
      <shelf name="kunst" count="4"/>
      <shelf name="art-related" count="4"/>
      <shelf name="design" count="4"/>
      <shelf name="arts" count="4"/>
      <shelf name="books-i-own" count="4"/>
      <shelf name="adult" count="3"/>
      <shelf name="austria" count="3"/>
      <shelf name="art-artists" count="3"/>
      <shelf name="visual-arts" count="3"/>
      <shelf name="bio" count="3"/>
      <shelf name="reference" count="3"/>
      <shelf name="box-79" count="2"/>
      <shelf name="non-fiction" count="2"/>
      <shelf name="art-crafts" count="2"/>
      <shelf name="books-owned" count="2"/>
      <shelf name="aesthetics" count="2"/>
      <shelf name="to-read-art" count="2"/>
      <shelf name="fine-art" count="2"/>
      <shelf name="all-time-favourites" count="2"/>
      <shelf name="taschen" count="2"/>
      <shelf name="collection" count="2"/>
      <shelf name="culture" count="2"/>
      <shelf name="illustrations" count="2"/>
      <shelf name="umjetnost" count="2"/>
      <shelf name="mine" count="2"/>
      <shelf name="austrian" count="2"/>
      <shelf name="english" count="2"/>
      <shelf name="artsy" count="2"/>
      <shelf name="finished" count="2"/>
      <shelf name="collections" count="2"/>
      <shelf name="buy" count="2"/>
      <shelf name="tietokirjat" count="2"/>
      <shelf name="owned-books" count="2"/>
      <shelf name="art-and-design" count="2"/>
      <shelf name="art-photography" count="2"/>
      <shelf name="own-but-not-read" count="2"/>
      <shelf name="art-and-architecture" count="2"/>
      <shelf name="memories" count="1"/>
      <shelf name="bildbände" count="1"/>
      <shelf name="graphic" count="1"/>
      <shelf name="tr-art" count="1"/>
      <shelf name="books-of-about-art" count="1"/>
      <shelf name="my-books" count="1"/>
      <shelf name="kunst-schilderijen" count="1"/>
      <shelf name="pick-me-up-non-fiction" count="1"/>
      <shelf name="art-painting" count="1"/>
      <shelf name="no-audio" count="1"/>
      <shelf name="owned-in-library" count="1"/>
      <shelf name="read-in-czech" count="1"/>
      <shelf name="art-and-aesthetics" count="1"/>
      <shelf name="2017-goodreads-challenge" count="1"/>
      <shelf name="lack" count="1"/>
      <shelf name="should-i-happen-upon" count="1"/>
      <shelf name="imagerial-imaginal" count="1"/>
      <shelf name="art-and-art-study" count="1"/>
      <shelf name="setting-austria" count="1"/>
      <shelf name="artist-klimt" count="1"/>
      <shelf name="style-nouveau" count="1"/>
      <shelf name="art-symbolism" count="1"/>
      <shelf name="self-improvement" count="1"/>
      <shelf name="motivational" count="1"/>
      <shelf name="mind" count="1"/>
      <shelf name="critiques-nonfiction" count="1"/>
      <shelf name="physical-tbr" count="1"/>
      <shelf name="austria-hungary-and-its-heritage" count="1"/>
      <shelf name="art-history-theory" count="1"/>
      <shelf name="creative-arts" count="1"/>
      <shelf name="1998-modern-library-100-best" count="1"/>
      <shelf name="sztuka" count="1"/>
      <shelf name="photography" count="1"/>
      <shelf name="1990s" count="1"/>
      <shelf name="main-room" count="1"/>
      <shelf name="misc" count="1"/>
      <shelf name="skimmed" count="1"/>
      <shelf name="3-lang-english" count="1"/>
      <shelf name="unread-library" count="1"/>
      <shelf name="illustrated-books" count="1"/>
      <shelf name="resim-ve-plastik-sanatlar" count="1"/>
      <shelf name="artist-bios-works" count="1"/>
      <shelf name="corridoio-a2" count="1"/>
      <shelf name="cultural" count="1"/>
      <shelf name="anthologies" count="1"/>
      <shelf name="books-to-buy" count="1"/>
      <shelf name="wishlist-art-history-etc" count="1"/>
      <shelf name="not-owned" count="1"/>
      <shelf name="shelf" count="1"/>
      <shelf name="stue" count="1"/>
      <shelf name="read-before-i-joined-goodreads" count="1"/>
      <shelf name="real-life-stories" count="1"/>
      <shelf name="library-books" count="1"/>
  </popular_shelves>
  <book_links>
    <book_link>
  <id>8</id>
  <name>Libraries</name>
  <link>https://www.goodreads.com/book_link/follow/8</link>
</book_link>

  </book_links>
  <buy_links>
    <buy_link>
<id>1</id>
<name>Amazon</name>
<link>https://www.goodreads.com/book_link/follow/1</link>
</buy_link>
<buy_link>
<id>10</id>
<name>Audible</name>
<link>https://www.goodreads.com/book_link/follow/10</link>
</buy_link>
<buy_link>
<id>3</id>
<name>Barnes &amp; Noble</name>
<link>https://www.goodreads.com/book_link/follow/3</link>
</buy_link>
<buy_link>
<id>1027</id>
<name>Kobo</name>
<link>https://www.goodreads.com/book_link/follow/1027</link>
</buy_link>
<buy_link>
<id>2102</id>
<name>Apple iBooks</name>
<link>https://www.goodreads.com/book_link/follow/2102</link>
</buy_link>
<buy_link>
<id>8036</id>
<name>Google Play</name>
<link>https://www.goodreads.com/book_link/follow/8036</link>
</buy_link>
<buy_link>
<id>4</id>
<name>Abebooks</name>
<link>https://www.goodreads.com/book_link/follow/4</link>
</buy_link>
<buy_link>
<id>882</id>
<name>Book Depository</name>
<link>https://www.goodreads.com/book_link/follow/882</link>
</buy_link>
<buy_link>
<id>9</id>
<name>Indigo</name>
<link>https://www.goodreads.com/book_link/follow/9</link>
</buy_link>
<buy_link>
<id>2</id>
<name>Half.com</name>
<link>https://www.goodreads.com/book_link/follow/2</link>
</buy_link>
<buy_link>
<id>5</id>
<name>Alibris</name>
<link>https://www.goodreads.com/book_link/follow/5</link>
</buy_link>
<buy_link>
<id>107</id>
<name>Better World Books</name>
<link>https://www.goodreads.com/book_link/follow/107</link>
</buy_link>
<buy_link>
<id>7</id>
<name>IndieBound</name>
<link>https://www.goodreads.com/book_link/follow/7</link>
</buy_link>

  </buy_links>
  <series_works>
    
  </series_works>
  <similar_books>
          <book>
<id>164107</id>
<title><![CDATA[Egon Schiele, 1890-1918: The Midnight Soul of the Artist]]></title>
<title_without_series><![CDATA[Egon Schiele, 1890-1918: The Midnight Soul of the Artist]]></title_without_series>
<link><![CDATA[https://www.goodreads.com/book/show/164107.Egon_Schiele_1890_1918]]></link>
<small_image_url><![CDATA[https://s.gr-assets.com/assets/nophoto/book/50x75-a91bf249278a81aabab721ef782c4a74.png]]></small_image_url>
<image_url><![CDATA[https://s.gr-assets.com/assets/nophoto/book/111x148-bcc042a9c91a29c1d680899eff700a03.png]]></image_url>
<num_pages>96</num_pages>
<work>
<id>158426</id>
</work>
<isbn>3822863270</isbn>
<isbn13>9783822863275</isbn13>
<average_rating>4.23</average_rating>
<ratings_count>3903</ratings_count>
<publication_year>2000</publication_year>
<publication_month>5</publication_month>
<publication_day>17</publication_day>
<authors>
<author>
<id>95317</id>
<name>Reinhard Steiner</name>
<link><![CDATA[https://www.goodreads.com/author/show/95317.Reinhard_Steiner]]></link>
</author>
</authors>
</book>

          <book>
<id>901680</id>
<title><![CDATA[Edvard Munch: 1863-1944 (Basic Art)]]></title>
<title_without_series>Edvard Munch: 1863-1944</title_without_series>
<link><![CDATA[https://www.goodreads.com/book/show/901680.Edvard_Munch]]></link>
<small_image_url><![CDATA[https://images.gr-assets.com/books/1381324687s/901680.jpg]]></small_image_url>
<image_url><![CDATA[https://images.gr-assets.com/books/1381324687m/901680.jpg]]></image_url>
<num_pages>96</num_pages>
<work>
<id>886857</id>
</work>
<isbn>3822859710</isbn>
<isbn13>9783822859711</isbn13>
<average_rating>4.07</average_rating>
<ratings_count>8375</ratings_count>
<publication_year>2011</publication_year>
<publication_month>8</publication_month>
<publication_day></publication_day>
<authors>
<author>
<id>187222</id>
<name>Ulrich Bischoff</name>
<link><![CDATA[https://www.goodreads.com/author/show/187222.Ulrich_Bischoff]]></link>
</author>
</authors>
</book>

          <book>
<id>402539</id>
<title><![CDATA[Wassily Kandinsky: 1866-1944 a Revolution in Painting]]></title>
<title_without_series><![CDATA[Wassily Kandinsky: 1866-1944 a Revolution in Painting]]></title_without_series>
<link><![CDATA[https://www.goodreads.com/book/show/402539.Wassily_Kandinsky]]></link>
<small_image_url><![CDATA[https://images.gr-assets.com/books/1393792918s/402539.jpg]]></small_image_url>
<image_url><![CDATA[https://images.gr-assets.com/books/1393792918m/402539.jpg]]></image_url>
<num_pages>95</num_pages>
<work>
<id>391929</id>
</work>
<isbn>3822859826</isbn>
<isbn13>9783822859827</isbn13>
<average_rating>4.15</average_rating>
<ratings_count>566</ratings_count>
<publication_year>1999</publication_year>
<publication_month>8</publication_month>
<publication_day>1</publication_day>
<authors>
<author>
<id>621251</id>
<name>Hajo Düchting</name>
<link><![CDATA[https://www.goodreads.com/author/show/621251.Hajo_D_chting]]></link>
</author>
</authors>
</book>

          <book>
<id>853699</id>
<title><![CDATA[Marc Chagall, 1887-1985: Painting as Poetry]]></title>
<title_without_series><![CDATA[Marc Chagall, 1887-1985: Painting as Poetry]]></title_without_series>
<link><![CDATA[https://www.goodreads.com/book/show/853699.Marc_Chagall_1887_1985]]></link>
<small_image_url><![CDATA[https://images.gr-assets.com/books/1389672478s/853699.jpg]]></small_image_url>
<image_url><![CDATA[https://images.gr-assets.com/books/1389672478m/853699.jpg]]></image_url>
<num_pages>96</num_pages>
<work>
<id>839197</id>
</work>
<isbn>3822859907</isbn>
<isbn13>9783822859902</isbn13>
<average_rating>4.24</average_rating>
<ratings_count>924</ratings_count>
<publication_year>2000</publication_year>
<publication_month>5</publication_month>
<publication_day>1</publication_day>
<authors>
<author>
<id>1871</id>
<name>Ingo F. Walther</name>
<link><![CDATA[https://www.goodreads.com/author/show/1871.Ingo_F_Walther]]></link>
</author>
</authors>
</book>

          <book>
<id>276208</id>
<title>Matisse</title>
<title_without_series>Matisse</title_without_series>
<link><![CDATA[https://www.goodreads.com/book/show/276208.Matisse]]></link>
<small_image_url><![CDATA[https://images.gr-assets.com/books/1297177516s/276208.jpg]]></small_image_url>
<image_url><![CDATA[https://images.gr-assets.com/books/1297177516m/276208.jpg]]></image_url>
<num_pages></num_pages>
<work>
<id>267854</id>
</work>
<isbn>382285977X</isbn>
<isbn13>9783822859773</isbn13>
<average_rating>4.18</average_rating>
<ratings_count>1018</ratings_count>
<publication_year></publication_year>
<publication_month></publication_month>
<publication_day></publication_day>
<authors>
<author>
<id>96354</id>
<name>Volkmar Essers</name>
<link><![CDATA[https://www.goodreads.com/author/show/96354.Volkmar_Essers]]></link>
</author>
</authors>
</book>

          <book>
<id>772976</id>
<title><![CDATA[Frida Kahlo: 1907-1954 Pain and Passion]]></title>
<title_without_series><![CDATA[Frida Kahlo: 1907-1954 Pain and Passion]]></title_without_series>
<link><![CDATA[https://www.goodreads.com/book/show/772976.Frida_Kahlo]]></link>
<small_image_url><![CDATA[https://images.gr-assets.com/books/1365526293s/772976.jpg]]></small_image_url>
<image_url><![CDATA[https://images.gr-assets.com/books/1365526293m/772976.jpg]]></image_url>
<num_pages>96</num_pages>
<work>
<id>759027</id>
</work>
<isbn>3822859834</isbn>
<isbn13>9783822859834</isbn13>
<average_rating>4.15</average_rating>
<ratings_count>8405</ratings_count>
<publication_year>1999</publication_year>
<publication_month>8</publication_month>
<publication_day>1</publication_day>
<authors>
<author>
<id>52761</id>
<name>Andrea Kettenmann</name>
<link><![CDATA[https://www.goodreads.com/author/show/52761.Andrea_Kettenmann]]></link>
</author>
</authors>
</book>

          <book>
<id>308990</id>
<title>Francis Bacon: 1909-1992</title>
<title_without_series>Francis Bacon: 1909-1992</title_without_series>
<link><![CDATA[https://www.goodreads.com/book/show/308990.Francis_Bacon]]></link>
<small_image_url><![CDATA[https://images.gr-assets.com/books/1366276330s/308990.jpg]]></small_image_url>
<image_url><![CDATA[https://images.gr-assets.com/books/1366276330m/308990.jpg]]></image_url>
<num_pages>96</num_pages>
<work>
<id>299944</id>
</work>
<isbn>3822821985</isbn>
<isbn13>9783822821985</isbn13>
<average_rating>4.14</average_rating>
<ratings_count>1194</ratings_count>
<publication_year>2003</publication_year>
<publication_month>11</publication_month>
<publication_day>1</publication_day>
<authors>
<author>
<id>178008</id>
<name>Luigi Ficacci</name>
<link><![CDATA[https://www.goodreads.com/author/show/178008.Luigi_Ficacci]]></link>
</author>
</authors>
</book>

          <book>
<id>342509</id>
<title><![CDATA[Andy Warhol, 1928-1987: Commerce Into Art]]></title>
<title_without_series><![CDATA[Andy Warhol, 1928-1987: Commerce Into Art]]></title_without_series>
<link><![CDATA[https://www.goodreads.com/book/show/342509.Andy_Warhol_1928_1987]]></link>
<small_image_url><![CDATA[https://images.gr-assets.com/books/1327763342s/342509.jpg]]></small_image_url>
<image_url><![CDATA[https://images.gr-assets.com/books/1327763342m/342509.jpg]]></image_url>
<num_pages>96</num_pages>
<work>
<id>332865</id>
</work>
<isbn>3822863211</isbn>
<isbn13>9783822863213</isbn13>
<average_rating>3.96</average_rating>
<ratings_count>1738</ratings_count>
<publication_year>2000</publication_year>
<publication_month>5</publication_month>
<publication_day>17</publication_day>
<authors>
<author>
<id>50658</id>
<name>Klaus Honnef</name>
<link><![CDATA[https://www.goodreads.com/author/show/50658.Klaus_Honnef]]></link>
</author>
</authors>
</book>

          <book>
<id>103899</id>
<title><![CDATA[Gustav Klimt, 1862–1918: The World in Female Form]]></title>
<title_without_series><![CDATA[Gustav Klimt, 1862–1918: The World in Female Form]]></title_without_series>
<link><![CDATA[https://www.goodreads.com/book/show/103899.Gustav_Klimt_1862_1918]]></link>
<small_image_url><![CDATA[https://s.gr-assets.com/assets/nophoto/book/50x75-a91bf249278a81aabab721ef782c4a74.png]]></small_image_url>
<image_url><![CDATA[https://s.gr-assets.com/assets/nophoto/book/111x148-bcc042a9c91a29c1d680899eff700a03.png]]></image_url>
<num_pages>239</num_pages>
<work>
<id>100183</id>
</work>
<isbn>3822850160</isbn>
<isbn13>9783822850169</isbn13>
<average_rating>4.31</average_rating>
<ratings_count>888</ratings_count>
<publication_year>2006</publication_year>
<publication_month>6</publication_month>
<publication_day>1</publication_day>
<authors>
<author>
<id>60054</id>
<name>Gottfried Fliedl</name>
<link><![CDATA[https://www.goodreads.com/author/show/60054.Gottfried_Fliedl]]></link>
</author>
</authors>
</book>

          <book>
<id>326092</id>
<title>Gaudi</title>
<title_without_series>Gaudi</title_without_series>
<link><![CDATA[https://www.goodreads.com/book/show/326092.Gaudi]]></link>
<small_image_url><![CDATA[https://s.gr-assets.com/assets/nophoto/book/50x75-a91bf249278a81aabab721ef782c4a74.png]]></small_image_url>
<image_url><![CDATA[https://s.gr-assets.com/assets/nophoto/book/111x148-bcc042a9c91a29c1d680899eff700a03.png]]></image_url>
<num_pages>96</num_pages>
<work>
<id>316735</id>
</work>
<isbn>3822825182</isbn>
<isbn13>9783822825181</isbn13>
<average_rating>4.15</average_rating>
<ratings_count>260</ratings_count>
<publication_year>2003</publication_year>
<publication_month>11</publication_month>
<publication_day>1</publication_day>
<authors>
<author>
<id>187234</id>
<name>Maria Antonietta Crippa</name>
<link><![CDATA[https://www.goodreads.com/author/show/187234.Maria_Antonietta_Crippa]]></link>
</author>
</authors>
</book>

          <book>
<id>1347239</id>
<title><![CDATA[Arcimboldo (Taschen Basic Art)]]></title>
<title_without_series>Arcimboldo</title_without_series>
<link><![CDATA[https://www.goodreads.com/book/show/1347239.Arcimboldo]]></link>
<small_image_url><![CDATA[https://s.gr-assets.com/assets/nophoto/book/50x75-a91bf249278a81aabab721ef782c4a74.png]]></small_image_url>
<image_url><![CDATA[https://s.gr-assets.com/assets/nophoto/book/111x148-bcc042a9c91a29c1d680899eff700a03.png]]></image_url>
<num_pages>96</num_pages>
<work>
<id>1336888</id>
</work>
<isbn>3822896381</isbn>
<isbn13>9783822896389</isbn13>
<average_rating>3.88</average_rating>
<ratings_count>1738</ratings_count>
<publication_year>1994</publication_year>
<publication_month>9</publication_month>
<publication_day>1</publication_day>
<authors>
<author>
<id>326369</id>
<name>Werner Kriegeskorte</name>
<link><![CDATA[https://www.goodreads.com/author/show/326369.Werner_Kriegeskorte]]></link>
</author>
</authors>
</book>

          <book>
<id>1165399</id>
<title>Bosch</title>
<title_without_series>Bosch</title_without_series>
<link><![CDATA[https://www.goodreads.com/book/show/1165399.Bosch]]></link>
<small_image_url><![CDATA[https://images.gr-assets.com/books/1381324718s/1165399.jpg]]></small_image_url>
<image_url><![CDATA[https://images.gr-assets.com/books/1381324718m/1165399.jpg]]></image_url>
<num_pages>96</num_pages>
<work>
<id>1153078</id>
</work>
<isbn>3822858560</isbn>
<isbn13>9783822858561</isbn13>
<average_rating>4.22</average_rating>
<ratings_count>1688</ratings_count>
<publication_year>2001</publication_year>
<publication_month>2</publication_month>
<publication_day>1</publication_day>
<authors>
<author>
<id>208267</id>
<name>Walter Bosing</name>
<link><![CDATA[https://www.goodreads.com/author/show/208267.Walter_Bosing]]></link>
</author>
</authors>
</book>

          <book>
<id>402910</id>
<title>Hopper</title>
<title_without_series>Hopper</title_without_series>
<link><![CDATA[https://www.goodreads.com/book/show/402910.Hopper]]></link>
<small_image_url><![CDATA[https://images.gr-assets.com/books/1365526350s/402910.jpg]]></small_image_url>
<image_url><![CDATA[https://images.gr-assets.com/books/1365526350m/402910.jpg]]></image_url>
<num_pages>96</num_pages>
<work>
<id>392298</id>
</work>
<isbn>3822859850</isbn>
<isbn13>9783822859858</isbn13>
<average_rating>4.08</average_rating>
<ratings_count>2801</ratings_count>
<publication_year>2000</publication_year>
<publication_month>5</publication_month>
<publication_day>26</publication_day>
<authors>
<author>
<id>4485259</id>
<name>Rolf Günter Renner</name>
<link><![CDATA[https://www.goodreads.com/author/show/4485259.Rolf_G_nter_Renner]]></link>
</author>
</authors>
</book>

          <book>
<id>275058</id>
<title><![CDATA[Pierre-Auguste Renoir, 1841-1919: A Dream of Harmony]]></title>
<title_without_series><![CDATA[Pierre-Auguste Renoir, 1841-1919: A Dream of Harmony]]></title_without_series>
<link><![CDATA[https://www.goodreads.com/book/show/275058.Pierre_Auguste_Renoir_1841_1919]]></link>
<small_image_url><![CDATA[https://s.gr-assets.com/assets/nophoto/book/50x75-a91bf249278a81aabab721ef782c4a74.png]]></small_image_url>
<image_url><![CDATA[https://s.gr-assets.com/assets/nophoto/book/111x148-bcc042a9c91a29c1d680899eff700a03.png]]></image_url>
<num_pages>96</num_pages>
<work>
<id>266722</id>
</work>
<isbn>3822863289</isbn>
<isbn13>9783822863282</isbn13>
<average_rating>4.26</average_rating>
<ratings_count>271</ratings_count>
<publication_year>2000</publication_year>
<publication_month>5</publication_month>
<publication_day>17</publication_day>
<authors>
<author>
<id>160307</id>
<name>Peter H. Feist</name>
<link><![CDATA[https://www.goodreads.com/author/show/160307.Peter_H_Feist]]></link>
</author>
</authors>
</book>

          <book>
<id>138415</id>
<title><![CDATA[Rene Magritte, 1898-1967: Thought Rendered Visible]]></title>
<title_without_series><![CDATA[Rene Magritte, 1898-1967: Thought Rendered Visible]]></title_without_series>
<link><![CDATA[https://www.goodreads.com/book/show/138415.Rene_Magritte_1898_1967]]></link>
<small_image_url><![CDATA[https://s.gr-assets.com/assets/nophoto/book/50x75-a91bf249278a81aabab721ef782c4a74.png]]></small_image_url>
<image_url><![CDATA[https://s.gr-assets.com/assets/nophoto/book/111x148-bcc042a9c91a29c1d680899eff700a03.png]]></image_url>
<num_pages>96</num_pages>
<work>
<id>133421</id>
</work>
<isbn>3822863181</isbn>
<isbn13>9783822863183</isbn13>
<average_rating>4.14</average_rating>
<ratings_count>396</ratings_count>
<publication_year>2000</publication_year>
<publication_month>4</publication_month>
<publication_day>1</publication_day>
<authors>
<author>
<id>7740</id>
<name>Marcel Paquet</name>
<link><![CDATA[https://www.goodreads.com/author/show/7740.Marcel_Paquet]]></link>
</author>
</authors>
</book>

          <book>
<id>796036</id>
<title><![CDATA[Amedeo Modigliani, 1884-1920: The Poetry of Seeing]]></title>
<title_without_series><![CDATA[Amedeo Modigliani, 1884-1920: The Poetry of Seeing]]></title_without_series>
<link><![CDATA[https://www.goodreads.com/book/show/796036.Amedeo_Modigliani_1884_1920]]></link>
<small_image_url><![CDATA[https://s.gr-assets.com/assets/nophoto/book/50x75-a91bf249278a81aabab721ef782c4a74.png]]></small_image_url>
<image_url><![CDATA[https://s.gr-assets.com/assets/nophoto/book/111x148-bcc042a9c91a29c1d680899eff700a03.png]]></image_url>
<num_pages>96</num_pages>
<work>
<id>1218446</id>
</work>
<isbn>382286319X</isbn>
<isbn13>9783822863190</isbn13>
<average_rating>4.14</average_rating>
<ratings_count>153</ratings_count>
<publication_year>2000</publication_year>
<publication_month>4</publication_month>
<publication_day>1</publication_day>
<authors>
<author>
<id>174949</id>
<name>Doris Krystof</name>
<link><![CDATA[https://www.goodreads.com/author/show/174949.Doris_Krystof]]></link>
</author>
</authors>
</book>

          <book>
<id>203805</id>
<title><![CDATA[Vincent Van Gogh: The Complete Paintings]]></title>
<title_without_series><![CDATA[Vincent Van Gogh: The Complete Paintings]]></title_without_series>
<link><![CDATA[https://www.goodreads.com/book/show/203805.Vincent_Van_Gogh]]></link>
<small_image_url><![CDATA[https://s.gr-assets.com/assets/nophoto/book/50x75-a91bf249278a81aabab721ef782c4a74.png]]></small_image_url>
<image_url><![CDATA[https://s.gr-assets.com/assets/nophoto/book/111x148-bcc042a9c91a29c1d680899eff700a03.png]]></image_url>
<num_pages>740</num_pages>
<work>
<id>197200</id>
</work>
<isbn>3822812153</isbn>
<isbn13>9783822812150</isbn13>
<average_rating>4.14</average_rating>
<ratings_count>24262</ratings_count>
<publication_year>2001</publication_year>
<publication_month>8</publication_month>
<publication_day>1</publication_day>
<authors>
<author>
<id>57237</id>
<name>Rainer Metzger</name>
<link><![CDATA[https://www.goodreads.com/author/show/57237.Rainer_Metzger]]></link>
</author>
</authors>
</book>

          <book>
<id>924336</id>
<title>Degas (Basic Art)</title>
<title_without_series>Degas</title_without_series>
<link><![CDATA[https://www.goodreads.com/book/show/924336.Degas]]></link>
<small_image_url><![CDATA[https://images.gr-assets.com/books/1367339327s/924336.jpg]]></small_image_url>
<image_url><![CDATA[https://images.gr-assets.com/books/1367339327m/924336.jpg]]></image_url>
<num_pages>96</num_pages>
<work>
<id>909352</id>
</work>
<isbn>382281136X</isbn>
<isbn13>9783822811368</isbn13>
<average_rating>4.31</average_rating>
<ratings_count>287</ratings_count>
<publication_year>2001</publication_year>
<publication_month>2</publication_month>
<publication_day>1</publication_day>
<authors>
<author>
<id>471740</id>
<name>Bernd Growe</name>
<link><![CDATA[https://www.goodreads.com/author/show/471740.Bernd_Growe]]></link>
</author>
</authors>
</book>

  </similar_books>
</book>

</GoodreadsResponse>