<?xml version="1.0" encoding="UTF-8"?>
<GoodreadsResponse>
  <Request>
    <authentication>true</authentication>
      <key><![CDATA[all_men_must_serve]]></key>
    <method><![CDATA[book_show]]></method>
  </Request>
  <book>
  <id>10395</id>
  <title>How Soccer Explains the World</title>
  <isbn><![CDATA[0060731427]]></isbn>
  <isbn13><![CDATA[9780060731427]]></isbn13>
  <asin><![CDATA[]]></asin>
  <kindle_asin><![CDATA[]]></kindle_asin>
  <marketplace_id><![CDATA[]]></marketplace_id>
  <country_code><![CDATA[GB]]></country_code>
  <image_url>https://s.gr-assets.com/assets/nophoto/book/111x148-bcc042a9c91a29c1d680899eff700a03.png</image_url>
  <small_image_url>https://s.gr-assets.com/assets/nophoto/book/50x75-a91bf249278a81aabab721ef782c4a74.png</small_image_url>
  <publication_year></publication_year>
  <publication_month></publication_month>
  <publication_day></publication_day>
  <publisher></publisher>
  <language_code></language_code>
  <is_ebook>false</is_ebook>
  <description><![CDATA[Soccer is much more than a game, or even a way of life. In fact, it's a perfect window into the cross-currents of today's world, with all of its joys and sorrows. Soccer clubs don't represent geographic areas; they stand for social classes and political ideologies. And unlike baseball or tennis, soccer is freighted with the weight of ancient hatreds and history. It's a sport with real stakes -- one that is capable of ruining regimes and launching liberation movements.In this remarkably insightful, wide-ranging work of reportage, Franklin Foer takes us on a surprising tour through the world of soccer, shattering the myths of our new global age. Instead of destroying local cultures, as the left predicted, globalization has revived tribalism. Far from the triumph of capitalism that the right predicted, it has entrenched corruption. <br /><br />From Brazil to Bosnia, and Italy to Iran, this is an eye-opening chronicle of how a beautiful sport and its fanatical followers can highlight the fault lines of a society, whether it's terrorism, poverty, anti-Semitism, or radical Islam -- issues that now have an impact on all of us. Filled with blazing intelligence, colourful characters, wry humour, and an equal passion for soccer and humanity, <i>How Soccer Explains the World</i> is an utterly original book that makes sense of our troubled times.]]></description>
  <work>
  <id type="integer">13106</id>
  <books_count type="integer">31</books_count>
  <best_book_id type="integer">10395</best_book_id>
  <reviews_count type="integer">20860</reviews_count>
  <ratings_sum type="integer">37429</ratings_sum>
  <ratings_count type="integer">9946</ratings_count>
  <text_reviews_count type="integer">716</text_reviews_count>
  <original_publication_year type="integer">2004</original_publication_year>
  <original_publication_month type="integer">6</original_publication_month>
  <original_publication_day type="integer">29</original_publication_day>
  <original_title>How Soccer Explains the World: An Unlikely Theory of Globalization</original_title>
  <original_language_id type="integer" nil="true"/>
  <media_type>book</media_type>
  <rating_dist>5:2519|4:3716|3:2795|2:669|1:247|total:9946</rating_dist>
  <desc_user_id type="integer">15822735</desc_user_id>
  <default_chaptering_book_id type="integer" nil="true"/>
  <default_description_language_code nil="true"/>
</work>
  <average_rating>3.76</average_rating>
  <num_pages><![CDATA[]]></num_pages>
  <format><![CDATA[]]></format>
  <edition_information><![CDATA[]]></edition_information>
  <ratings_count><![CDATA[9232]]></ratings_count>
  <text_reviews_count><![CDATA[614]]></text_reviews_count>
  <url><![CDATA[https://www.goodreads.com/book/show/10395.How_Soccer_Explains_the_World]]></url>
  <link><![CDATA[https://www.goodreads.com/book/show/10395.How_Soccer_Explains_the_World]]></link>
  <authors>
<author>
<id>6829</id>
<name>Franklin Foer</name>
<role></role>
<image_url nophoto='false'>
<![CDATA[https://images.gr-assets.com/authors/1272953185p5/6829.jpg]]>
</image_url>
<small_image_url nophoto='false'>
<![CDATA[https://images.gr-assets.com/authors/1272953185p2/6829.jpg]]>
</small_image_url>
<link><![CDATA[https://www.goodreads.com/author/show/6829.Franklin_Foer]]></link>
<average_rating>3.76</average_rating>
<ratings_count>10144</ratings_count>
<text_reviews_count>748</text_reviews_count>
</author>
</authors>

    <reviews_widget>
      <![CDATA[
        <style>
  #goodreads-widget {
    font-family: georgia, serif;
    padding: 18px 0;
    width:565px;
  }
  #goodreads-widget h1 {
    font-weight:normal;
    font-size: 16px;
    border-bottom: 1px solid #BBB596;
    margin-bottom: 0;
  }
  #goodreads-widget a {
    text-decoration: none;
    color:#660;
  }
  iframe{
    background-color: #fff;
  }
  #goodreads-widget a:hover { text-decoration: underline; }
  #goodreads-widget a:active {
    color:#660;
  }
  #gr_footer {
    width: 100%;
    border-top: 1px solid #BBB596;
    text-align: right;
  }
  #goodreads-widget .gr_branding{
    color: #382110;
    font-size: 11px;
    text-decoration: none;
    font-family: "Helvetica Neue", Helvetica, Arial, sans-serif;
  }
</style>
<div id="goodreads-widget">
  <div id="gr_header"><h1><a rel="nofollow" href="https://www.goodreads.com/book/show/10395.How_Soccer_Explains_the_World">How Soccer Explains the World Reviews</a></h1></div>
  <iframe id="the_iframe" src="https://www.goodreads.com/api/reviews_widget_iframe?did=DEVELOPER_ID&amp;format=html&amp;isbn=0060731427&amp;links=660&amp;min_rating=&amp;review_back=fff&amp;stars=000&amp;text=000" width="565" height="400" frameborder="0"></iframe>
  <div id="gr_footer">
    <a class="gr_branding" target="_blank" rel="nofollow" href="https://www.goodreads.com/book/show/10395.How_Soccer_Explains_the_World?utm_medium=api&amp;utm_source=reviews_widget">Reviews from Goodreads.com</a>
  </div>
</div>

      ]]>
    </reviews_widget>
  <popular_shelves>
      <shelf name="to-read" count="6067"/>
      <shelf name="currently-reading" count="288"/>
      <shelf name="non-fiction" count="271"/>
      <shelf name="sports" count="246"/>
      <shelf name="nonfiction" count="113"/>
      <shelf name="soccer" count="103"/>
      <shelf name="football" count="69"/>
      <shelf name="history" count="62"/>
      <shelf name="sociology" count="44"/>
      <shelf name="sport" count="36"/>
      <shelf name="politics" count="33"/>
      <shelf name="owned" count="30"/>
      <shelf name="favorites" count="28"/>
      <shelf name="economics" count="28"/>
      <shelf name="books-i-own" count="14"/>
      <shelf name="travel" count="12"/>
      <shelf name="globalization" count="11"/>
      <shelf name="library" count="10"/>
      <shelf name="current-affairs" count="10"/>
      <shelf name="futbol" count="9"/>
      <shelf name="social-science" count="9"/>
      <shelf name="culture" count="9"/>
      <shelf name="current-events" count="9"/>
      <shelf name="owned-books" count="6"/>
      <shelf name="historical" count="6"/>
      <shelf name="political-science" count="6"/>
      <shelf name="my-library" count="6"/>
      <shelf name="book-club" count="6"/>
      <shelf name="sports-books" count="5"/>
      <shelf name="default" count="5"/>
      <shelf name="to-read-non-fiction" count="5"/>
      <shelf name="ebooks" count="5"/>
      <shelf name="world-history" count="5"/>
      <shelf name="international" count="5"/>
      <shelf name="abandoned" count="5"/>
      <shelf name="unfinished" count="5"/>
      <shelf name="business" count="5"/>
      <shelf name="geography" count="5"/>
      <shelf name="maybe" count="4"/>
      <shelf name="international-relations" count="4"/>
      <shelf name="nf" count="4"/>
      <shelf name="collection" count="4"/>
      <shelf name="football-soccer" count="4"/>
      <shelf name="global" count="4"/>
      <shelf name="social-sciences" count="4"/>
      <shelf name="cultural-studies" count="4"/>
      <shelf name="international-affairs" count="4"/>
      <shelf name="indonesian" count="4"/>
      <shelf name="essays" count="4"/>
      <shelf name="wish-list" count="4"/>
      <shelf name="ebook" count="4"/>
      <shelf name="to-buy" count="4"/>
      <shelf name="2006" count="4"/>
      <shelf name="read-2015" count="3"/>
      <shelf name="read-2014" count="3"/>
      <shelf name="social-issues" count="3"/>
      <shelf name="soccer-books" count="3"/>
      <shelf name="read-non-fiction" count="3"/>
      <shelf name="reviewed" count="3"/>
      <shelf name="anthropology" count="3"/>
      <shelf name="must-read" count="3"/>
      <shelf name="philosophy" count="3"/>
      <shelf name="sports-non-fiction" count="3"/>
      <shelf name="didn-t-finish" count="3"/>
      <shelf name="general-nonfiction" count="3"/>
      <shelf name="political" count="3"/>
      <shelf name="read-in-2010" count="3"/>
      <shelf name="finished" count="3"/>
      <shelf name="world" count="3"/>
      <shelf name="soccer-football" count="3"/>
      <shelf name="mine" count="3"/>
      <shelf name="footy" count="3"/>
      <shelf name="current" count="3"/>
      <shelf name="bookshelf" count="3"/>
      <shelf name="my-books" count="3"/>
      <shelf name="journalism" count="3"/>
      <shelf name="donated" count="2"/>
      <shelf name="shelfari-wishlist" count="2"/>
      <shelf name="futebol" count="2"/>
      <shelf name="to-read-2" count="2"/>
      <shelf name="summer-reading-2015" count="2"/>
      <shelf name="diy-mba" count="2"/>
      <shelf name="sociologia" count="2"/>
      <shelf name="read-in-2015" count="2"/>
      <shelf name="adult-non-fiction" count="2"/>
      <shelf name="work" count="2"/>
      <shelf name="home" count="2"/>
      <shelf name="microhistory" count="2"/>
      <shelf name="3-sports" count="2"/>
      <shelf name="type-non-fiction" count="2"/>
      <shelf name="g-history" count="2"/>
      <shelf name="g-sport-football" count="2"/>
      <shelf name="social-enterprise" count="2"/>
      <shelf name="personal-library" count="2"/>
      <shelf name="peace-and-security" count="2"/>
      <shelf name="sports-nonfiction" count="2"/>
      <shelf name="punya" count="2"/>
      <shelf name="3" count="2"/>
      <shelf name="informational" count="2"/>
      <shelf name="started" count="2"/>
  </popular_shelves>
  <book_links>
    <book_link>
  <id>8</id>
  <name>Libraries</name>
  <link>https://www.goodreads.com/book_link/follow/8</link>
</book_link>

  </book_links>
  <buy_links>
    <buy_link>
<id>1</id>
<name>Amazon</name>
<link>https://www.goodreads.com/book_link/follow/1</link>
</buy_link>
<buy_link>
<id>10</id>
<name>Audible</name>
<link>https://www.goodreads.com/book_link/follow/10</link>
</buy_link>
<buy_link>
<id>3</id>
<name>Barnes &amp; Noble</name>
<link>https://www.goodreads.com/book_link/follow/3</link>
</buy_link>
<buy_link>
<id>1027</id>
<name>Kobo</name>
<link>https://www.goodreads.com/book_link/follow/1027</link>
</buy_link>
<buy_link>
<id>2102</id>
<name>Apple iBooks</name>
<link>https://www.goodreads.com/book_link/follow/2102</link>
</buy_link>
<buy_link>
<id>8036</id>
<name>Google Play</name>
<link>https://www.goodreads.com/book_link/follow/8036</link>
</buy_link>
<buy_link>
<id>4</id>
<name>Abebooks</name>
<link>https://www.goodreads.com/book_link/follow/4</link>
</buy_link>
<buy_link>
<id>882</id>
<name>Book Depository</name>
<link>https://www.goodreads.com/book_link/follow/882</link>
</buy_link>
<buy_link>
<id>9</id>
<name>Indigo</name>
<link>https://www.goodreads.com/book_link/follow/9</link>
</buy_link>
<buy_link>
<id>2</id>
<name>Half.com</name>
<link>https://www.goodreads.com/book_link/follow/2</link>
</buy_link>
<buy_link>
<id>5</id>
<name>Alibris</name>
<link>https://www.goodreads.com/book_link/follow/5</link>
</buy_link>
<buy_link>
<id>107</id>
<name>Better World Books</name>
<link>https://www.goodreads.com/book_link/follow/107</link>
</buy_link>
<buy_link>
<id>7</id>
<name>IndieBound</name>
<link>https://www.goodreads.com/book_link/follow/7</link>
</buy_link>

  </buy_links>
  <series_works>
    
  </series_works>
  <similar_books>
          <book>
<id>1270311</id>
<title><![CDATA[The Ball is Round: A Global History of Soccer]]></title>
<title_without_series><![CDATA[The Ball is Round: A Global History of Soccer]]></title_without_series>
<link><![CDATA[https://www.goodreads.com/book/show/1270311.The_Ball_is_Round]]></link>
<small_image_url><![CDATA[https://s.gr-assets.com/assets/nophoto/book/50x75-a91bf249278a81aabab721ef782c4a74.png]]></small_image_url>
<image_url><![CDATA[https://s.gr-assets.com/assets/nophoto/book/111x148-bcc042a9c91a29c1d680899eff700a03.png]]></image_url>
<num_pages>992</num_pages>
<work>
<id>1259238</id>
</work>
<isbn>1594482969</isbn>
<isbn13>9781594482960</isbn13>
<average_rating>4.16</average_rating>
<ratings_count>1934</ratings_count>
<publication_year>2008</publication_year>
<publication_month>1</publication_month>
<publication_day>2</publication_day>
<authors>
<author>
<id>175065</id>
<name>David Goldblatt</name>
<link><![CDATA[https://www.goodreads.com/author/show/175065.David_Goldblatt]]></link>
</author>
</authors>
</book>

          <book>
<id>101905</id>
<title><![CDATA[Soccer Against the Enemy: How the World's Most Popular Sport Starts and Fuels Revolutions and Keeps Dictators in Power]]></title>
<title_without_series><![CDATA[Soccer Against the Enemy: How the World's Most Popular Sport Starts and Fuels Revolutions and Keeps Dictators in Power]]></title_without_series>
<link><![CDATA[https://www.goodreads.com/book/show/101905.Soccer_Against_the_Enemy]]></link>
<small_image_url><![CDATA[https://s.gr-assets.com/assets/nophoto/book/50x75-a91bf249278a81aabab721ef782c4a74.png]]></small_image_url>
<image_url><![CDATA[https://s.gr-assets.com/assets/nophoto/book/111x148-bcc042a9c91a29c1d680899eff700a03.png]]></image_url>
<num_pages>302</num_pages>
<work>
<id>98246</id>
</work>
<isbn>1560258780</isbn>
<isbn13>9781560258780</isbn13>
<average_rating>3.96</average_rating>
<ratings_count>2457</ratings_count>
<publication_year>2006</publication_year>
<publication_month>4</publication_month>
<publication_day>28</publication_day>
<authors>
<author>
<id>45528</id>
<name>Simon Kuper</name>
<link><![CDATA[https://www.goodreads.com/author/show/45528.Simon_Kuper]]></link>
</author>
</authors>
</book>

          <book>
<id>281299</id>
<title><![CDATA[Brilliant Orange: The Neurotic Genius of Football]]></title>
<title_without_series><![CDATA[Brilliant Orange: The Neurotic Genius of Football]]></title_without_series>
<link><![CDATA[https://www.goodreads.com/book/show/281299.Brilliant_Orange]]></link>
<small_image_url><![CDATA[https://s.gr-assets.com/assets/nophoto/book/50x75-a91bf249278a81aabab721ef782c4a74.png]]></small_image_url>
<image_url><![CDATA[https://s.gr-assets.com/assets/nophoto/book/111x148-bcc042a9c91a29c1d680899eff700a03.png]]></image_url>
<num_pages></num_pages>
<work>
<id>272885</id>
</work>
<isbn>0747547084</isbn>
<isbn13>9780747547082</isbn13>
<average_rating>4.02</average_rating>
<ratings_count>2145</ratings_count>
<publication_year></publication_year>
<publication_month></publication_month>
<publication_day></publication_day>
<authors>
<author>
<id>114587</id>
<name>David Winner</name>
<link><![CDATA[https://www.goodreads.com/author/show/114587.David_Winner]]></link>
</author>
</authors>
</book>

          <book>
<id>2536751</id>
<title><![CDATA[Bloody Confused!: A Clueless American Sportswriter Seeks Solace in English Soccer]]></title>
<title_without_series><![CDATA[Bloody Confused!: A Clueless American Sportswriter Seeks Solace in English Soccer]]></title_without_series>
<link><![CDATA[https://www.goodreads.com/book/show/2536751.Bloody_Confused_]]></link>
<small_image_url><![CDATA[https://images.gr-assets.com/books/1320534801s/2536751.jpg]]></small_image_url>
<image_url><![CDATA[https://images.gr-assets.com/books/1320534801m/2536751.jpg]]></image_url>
<num_pages>272</num_pages>
<work>
<id>2544280</id>
</work>
<isbn>0767928083</isbn>
<isbn13>9780767928083</isbn13>
<average_rating>3.68</average_rating>
<ratings_count>1122</ratings_count>
<publication_year>2008</publication_year>
<publication_month>8</publication_month>
<publication_day>5</publication_day>
<authors>
<author>
<id>514632</id>
<name>Chuck Culpepper</name>
<link><![CDATA[https://www.goodreads.com/author/show/514632.Chuck_Culpepper]]></link>
</author>
</authors>
</book>

          <book>
<id>1467517</id>
<title><![CDATA[Winning at All Costs: A Scandalous History of Italian Soccer]]></title>
<title_without_series><![CDATA[Winning at All Costs: A Scandalous History of Italian Soccer]]></title_without_series>
<link><![CDATA[https://www.goodreads.com/book/show/1467517.Winning_at_All_Costs]]></link>
<small_image_url><![CDATA[https://images.gr-assets.com/books/1419181528s/1467517.jpg]]></small_image_url>
<image_url><![CDATA[https://images.gr-assets.com/books/1419181528m/1467517.jpg]]></image_url>
<num_pages></num_pages>
<work>
<id>1458436</id>
</work>
<isbn>1568583680</isbn>
<isbn13>9781568583686</isbn13>
<average_rating>3.99</average_rating>
<ratings_count>167</ratings_count>
<publication_year></publication_year>
<publication_month></publication_month>
<publication_day></publication_day>
<authors>
<author>
<id>298159</id>
<name>John Foot</name>
<link><![CDATA[https://www.goodreads.com/author/show/298159.John_Foot]]></link>
</author>
</authors>
</book>

          <book>
<id>779889</id>
<title><![CDATA[The Miracle of Castel di Sangro: A Tale of Passion and Folly in the Heart of Italy]]></title>
<title_without_series><![CDATA[The Miracle of Castel di Sangro: A Tale of Passion and Folly in the Heart of Italy]]></title_without_series>
<link><![CDATA[https://www.goodreads.com/book/show/779889.The_Miracle_of_Castel_di_Sangro]]></link>
<small_image_url><![CDATA[https://images.gr-assets.com/books/1320515006s/779889.jpg]]></small_image_url>
<image_url><![CDATA[https://images.gr-assets.com/books/1320515006m/779889.jpg]]></image_url>
<num_pages>416</num_pages>
<work>
<id>894620</id>
</work>
<isbn>0767905997</isbn>
<isbn13>9780767905992</isbn13>
<average_rating>4.16</average_rating>
<ratings_count>2724</ratings_count>
<publication_year>2000</publication_year>
<publication_month>6</publication_month>
<publication_day>6</publication_day>
<authors>
<author>
<id>151324</id>
<name>Joe McGinniss</name>
<link><![CDATA[https://www.goodreads.com/author/show/151324.Joe_McGinniss]]></link>
</author>
</authors>
</book>

          <book>
<id>6366926</id>
<title><![CDATA[The Beckham Experiment: How the World's Most Famous Athlete Tried to Conquer America]]></title>
<title_without_series><![CDATA[The Beckham Experiment: How the World's Most Famous Athlete Tried to Conquer America]]></title_without_series>
<link><![CDATA[https://www.goodreads.com/book/show/6366926-the-beckham-experiment]]></link>
<small_image_url><![CDATA[https://s.gr-assets.com/assets/nophoto/book/50x75-a91bf249278a81aabab721ef782c4a74.png]]></small_image_url>
<image_url><![CDATA[https://s.gr-assets.com/assets/nophoto/book/111x148-bcc042a9c91a29c1d680899eff700a03.png]]></image_url>
<num_pages></num_pages>
<work>
<id>6554311</id>
</work>
<isbn>030740787X</isbn>
<isbn13>9780307407870</isbn13>
<average_rating>3.95</average_rating>
<ratings_count>1807</ratings_count>
<publication_year></publication_year>
<publication_month></publication_month>
<publication_day></publication_day>
<authors>
<author>
<id>2886182</id>
<name>Grant Wahl</name>
<link><![CDATA[https://www.goodreads.com/author/show/2886182.Grant_Wahl]]></link>
</author>
</authors>
</book>

          <book>
<id>92925</id>
<title><![CDATA[The Thinking Fan's Guide to the World Cup]]></title>
<title_without_series><![CDATA[The Thinking Fan's Guide to the World Cup]]></title_without_series>
<link><![CDATA[https://www.goodreads.com/book/show/92925.The_Thinking_Fan_s_Guide_to_the_World_Cup]]></link>
<small_image_url><![CDATA[https://s.gr-assets.com/assets/nophoto/book/50x75-a91bf249278a81aabab721ef782c4a74.png]]></small_image_url>
<image_url><![CDATA[https://s.gr-assets.com/assets/nophoto/book/111x148-bcc042a9c91a29c1d680899eff700a03.png]]></image_url>
<num_pages>416</num_pages>
<work>
<id>89598</id>
</work>
<isbn>0061132268</isbn>
<isbn13>9780061132261</isbn13>
<average_rating>3.69</average_rating>
<ratings_count>317</ratings_count>
<publication_year>2006</publication_year>
<publication_month>5</publication_month>
<publication_day>12</publication_day>
<authors>
<author>
<id>53313</id>
<name>Matt Weiland</name>
<link><![CDATA[https://www.goodreads.com/author/show/53313.Matt_Weiland]]></link>
</author>
</authors>
</book>

          <book>
<id>4584233</id>
<title><![CDATA[The Fix: Soccer and Organized Crime]]></title>
<title_without_series><![CDATA[The Fix: Soccer and Organized Crime]]></title_without_series>
<link><![CDATA[https://www.goodreads.com/book/show/4584233-the-fix]]></link>
<small_image_url><![CDATA[https://images.gr-assets.com/books/1320462200s/4584233.jpg]]></small_image_url>
<image_url><![CDATA[https://images.gr-assets.com/books/1320462200m/4584233.jpg]]></image_url>
<num_pages>400</num_pages>
<work>
<id>4633644</id>
</work>
<isbn>0771041381</isbn>
<isbn13>9780771041389</isbn13>
<average_rating>3.82</average_rating>
<ratings_count>558</ratings_count>
<publication_year>2008</publication_year>
<publication_month>9</publication_month>
<publication_day>2</publication_day>
<authors>
<author>
<id>1909243</id>
<name>Declan Hill</name>
<link><![CDATA[https://www.goodreads.com/author/show/1909243.Declan_Hill]]></link>
</author>
</authors>
</book>

          <book>
<id>422368</id>
<title>Behind the Curtain</title>
<title_without_series>Behind the Curtain</title_without_series>
<link><![CDATA[https://www.goodreads.com/book/show/422368.Behind_the_Curtain]]></link>
<small_image_url><![CDATA[https://images.gr-assets.com/books/1415585984s/422368.jpg]]></small_image_url>
<image_url><![CDATA[https://images.gr-assets.com/books/1415585984m/422368.jpg]]></image_url>
<num_pages>336</num_pages>
<work>
<id>411483</id>
</work>
<isbn>0752879456</isbn>
<isbn13>9780752879451</isbn13>
<average_rating>4.08</average_rating>
<ratings_count>615</ratings_count>
<publication_year>2006</publication_year>
<publication_month>11</publication_month>
<publication_day>1</publication_day>
<authors>
<author>
<id>4589452</id>
<name>Jonathan  Wilson</name>
<link><![CDATA[https://www.goodreads.com/author/show/4589452.Jonathan_Wilson]]></link>
</author>
</authors>
</book>

          <book>
<id>754521</id>
<title><![CDATA[Futebol: The Brazilian Way of Life]]></title>
<title_without_series><![CDATA[Futebol: The Brazilian Way of Life]]></title_without_series>
<link><![CDATA[https://www.goodreads.com/book/show/754521.Futebol]]></link>
<small_image_url><![CDATA[https://s.gr-assets.com/assets/nophoto/book/50x75-a91bf249278a81aabab721ef782c4a74.png]]></small_image_url>
<image_url><![CDATA[https://s.gr-assets.com/assets/nophoto/book/111x148-bcc042a9c91a29c1d680899eff700a03.png]]></image_url>
<num_pages>413</num_pages>
<work>
<id>740640</id>
</work>
<isbn>0747561796</isbn>
<isbn13>9780747561798</isbn13>
<average_rating>4.02</average_rating>
<ratings_count>1174</ratings_count>
<publication_year>2005</publication_year>
<publication_month>8</publication_month>
<publication_day>1</publication_day>
<authors>
<author>
<id>398989</id>
<name>Alex Bellos</name>
<link><![CDATA[https://www.goodreads.com/author/show/398989.Alex_Bellos]]></link>
</author>
</authors>
</book>

          <book>
<id>9554</id>
<title>Soccer in Sun and Shadow</title>
<title_without_series>Soccer in Sun and Shadow</title_without_series>
<link><![CDATA[https://www.goodreads.com/book/show/9554.Soccer_in_Sun_and_Shadow]]></link>
<small_image_url><![CDATA[https://s.gr-assets.com/assets/nophoto/book/50x75-a91bf249278a81aabab721ef782c4a74.png]]></small_image_url>
<image_url><![CDATA[https://s.gr-assets.com/assets/nophoto/book/111x148-bcc042a9c91a29c1d680899eff700a03.png]]></image_url>
<num_pages>248</num_pages>
<work>
<id>12380</id>
</work>
<isbn>1859844235</isbn>
<isbn13>9781859844236</isbn13>
<average_rating>4.14</average_rating>
<ratings_count>3592</ratings_count>
<publication_year>2003</publication_year>
<publication_month>4</publication_month>
<publication_day>17</publication_day>
<authors>
<author>
<id>5822041</id>
<name>Eduardo Galeano</name>
<link><![CDATA[https://www.goodreads.com/author/show/5822041.Eduardo_Galeano]]></link>
</author>
</authors>
</book>

          <book>
<id>2541451</id>
<title><![CDATA[Soccer in a Football World: The Story of America's Forgotten Game]]></title>
<title_without_series><![CDATA[Soccer in a Football World: The Story of America's Forgotten Game]]></title_without_series>
<link><![CDATA[https://www.goodreads.com/book/show/2541451.Soccer_in_a_Football_World]]></link>
<small_image_url><![CDATA[https://images.gr-assets.com/books/1328852209s/2541451.jpg]]></small_image_url>
<image_url><![CDATA[https://images.gr-assets.com/books/1328852209m/2541451.jpg]]></image_url>
<num_pages>352</num_pages>
<work>
<id>2548980</id>
</work>
<isbn>1592138853</isbn>
<isbn13>9781592138852</isbn13>
<average_rating>3.93</average_rating>
<ratings_count>184</ratings_count>
<publication_year>2008</publication_year>
<publication_month>3</publication_month>
<publication_day>28</publication_day>
<authors>
<author>
<id>429681</id>
<name>David Wangerin</name>
<link><![CDATA[https://www.goodreads.com/author/show/429681.David_Wangerin]]></link>
</author>
</authors>
</book>

          <book>
<id>472615</id>
<title><![CDATA[Morbo: The story of spanish football]]></title>
<title_without_series><![CDATA[Morbo: The story of spanish football]]></title_without_series>
<link><![CDATA[https://www.goodreads.com/book/show/472615.Morbo]]></link>
<small_image_url><![CDATA[https://s.gr-assets.com/assets/nophoto/book/50x75-a91bf249278a81aabab721ef782c4a74.png]]></small_image_url>
<image_url><![CDATA[https://s.gr-assets.com/assets/nophoto/book/111x148-bcc042a9c91a29c1d680899eff700a03.png]]></image_url>
<num_pages>246</num_pages>
<work>
<id>460887</id>
</work>
<isbn>0954013468</isbn>
<isbn13>9780954013462</isbn13>
<average_rating>4.15</average_rating>
<ratings_count>986</ratings_count>
<publication_year>2003</publication_year>
<publication_month>12</publication_month>
<publication_day>1</publication_day>
<authors>
<author>
<id>404973</id>
<name>Phil Ball</name>
<link><![CDATA[https://www.goodreads.com/author/show/404973.Phil_Ball]]></link>
</author>
</authors>
</book>

          <book>
<id>393128</id>
<title><![CDATA[A Season with Verona: Travels Around Italy in Search of Illusion, National Character . . . and Goals!]]></title>
<title_without_series><![CDATA[A Season with Verona: Travels Around Italy in Search of Illusion, National Character . . . and Goals!]]></title_without_series>
<link><![CDATA[https://www.goodreads.com/book/show/393128.A_Season_with_Verona]]></link>
<small_image_url><![CDATA[https://s.gr-assets.com/assets/nophoto/book/50x75-a91bf249278a81aabab721ef782c4a74.png]]></small_image_url>
<image_url><![CDATA[https://s.gr-assets.com/assets/nophoto/book/111x148-bcc042a9c91a29c1d680899eff700a03.png]]></image_url>
<num_pages>464</num_pages>
<work>
<id>1236202</id>
</work>
<isbn>1559706813</isbn>
<isbn13>9781559706810</isbn13>
<average_rating>4.12</average_rating>
<ratings_count>1199</ratings_count>
<publication_year>2003</publication_year>
<publication_month>9</publication_month>
<publication_day>8</publication_day>
<authors>
<author>
<id>41773</id>
<name>Tim Parks</name>
<link><![CDATA[https://www.goodreads.com/author/show/41773.Tim_Parks]]></link>
</author>
</authors>
</book>

          <book>
<id>1045355</id>
<title><![CDATA[Tor!: The Story of German Football]]></title>
<title_without_series><![CDATA[Tor!: The Story of German Football]]></title_without_series>
<link><![CDATA[https://www.goodreads.com/book/show/1045355.Tor_]]></link>
<small_image_url><![CDATA[https://s.gr-assets.com/assets/nophoto/book/50x75-a91bf249278a81aabab721ef782c4a74.png]]></small_image_url>
<image_url><![CDATA[https://s.gr-assets.com/assets/nophoto/book/111x148-bcc042a9c91a29c1d680899eff700a03.png]]></image_url>
<num_pages>304</num_pages>
<work>
<id>1031779</id>
</work>
<isbn>095401345X</isbn>
<isbn13>9780954013455</isbn13>
<average_rating>4.18</average_rating>
<ratings_count>502</ratings_count>
<publication_year>2003</publication_year>
<publication_month>7</publication_month>
<publication_day>1</publication_day>
<authors>
<author>
<id>520518</id>
<name>Ulrich Hesse-Lichtenberger</name>
<link><![CDATA[https://www.goodreads.com/author/show/520518.Ulrich_Hesse_Lichtenberger]]></link>
</author>
</authors>
</book>

          <book>
<id>4263</id>
<title><![CDATA[My Favorite Year: A Collection of Football Writing]]></title>
<title_without_series><![CDATA[My Favorite Year: A Collection of Football Writing]]></title_without_series>
<link><![CDATA[https://www.goodreads.com/book/show/4263.My_Favorite_Year]]></link>
<small_image_url><![CDATA[https://s.gr-assets.com/assets/nophoto/book/50x75-a91bf249278a81aabab721ef782c4a74.png]]></small_image_url>
<image_url><![CDATA[https://s.gr-assets.com/assets/nophoto/book/111x148-bcc042a9c91a29c1d680899eff700a03.png]]></image_url>
<num_pages>288</num_pages>
<work>
<id>2961963</id>
</work>
<isbn>0753814412</isbn>
<isbn13>9780753814413</isbn13>
<average_rating>3.67</average_rating>
<ratings_count>439</ratings_count>
<publication_year>2001</publication_year>
<publication_month>8</publication_month>
<publication_day>1</publication_day>
<authors>
<author>
<id>2929</id>
<name>Nick Hornby</name>
<link><![CDATA[https://www.goodreads.com/author/show/2929.Nick_Hornby]]></link>
</author>
</authors>
</book>

          <book>
<id>567443</id>
<title><![CDATA[Love and Blood: At the World Cup with the Footballers, Fans, and Freaks]]></title>
<title_without_series><![CDATA[Love and Blood: At the World Cup with the Footballers, Fans, and Freaks]]></title_without_series>
<link><![CDATA[https://www.goodreads.com/book/show/567443.Love_and_Blood]]></link>
<small_image_url><![CDATA[https://images.gr-assets.com/books/1328874901s/567443.jpg]]></small_image_url>
<image_url><![CDATA[https://images.gr-assets.com/books/1328874901m/567443.jpg]]></image_url>
<num_pages>272</num_pages>
<work>
<id>554543</id>
</work>
<isbn>0156030985</isbn>
<isbn13>9780156030984</isbn13>
<average_rating>3.62</average_rating>
<ratings_count>256</ratings_count>
<publication_year>2007</publication_year>
<publication_month>10</publication_month>
<publication_day>1</publication_day>
<authors>
<author>
<id>310688</id>
<name>Jamie Trecker</name>
<link><![CDATA[https://www.goodreads.com/author/show/310688.Jamie_Trecker]]></link>
</author>
</authors>
</book>

  </similar_books>
</book>

</GoodreadsResponse>