<?xml version="1.0" encoding="UTF-8"?>
<GoodreadsResponse>
  <Request>
    <authentication>true</authentication>
      <key><![CDATA[all_men_must_serve]]></key>
    <method><![CDATA[book_show]]></method>
  </Request>
  <book>
  <id>103983</id>
  <title>Skeleton Key (Alex Rider, #3)</title>
  <isbn><![CDATA[0142406147]]></isbn>
  <isbn13><![CDATA[9780142406144]]></isbn13>
  <asin><![CDATA[]]></asin>
  <kindle_asin><![CDATA[]]></kindle_asin>
  <marketplace_id><![CDATA[]]></marketplace_id>
  <country_code><![CDATA[GB]]></country_code>
  <image_url>https://images.gr-assets.com/books/1306076661m/103983.jpg</image_url>
  <small_image_url>https://images.gr-assets.com/books/1306076661s/103983.jpg</small_image_url>
  <publication_year>2006</publication_year>
  <publication_month>2</publication_month>
  <publication_day>16</publication_day>
  <publisher>Puffin Books</publisher>
  <language_code>en-US</language_code>
  <is_ebook>false</is_ebook>
  <description><![CDATA[Alex Rider has been through a lot for his fourteen years. He's been shot at by international terrorists, chased down a mountainside on a makeshift snowboard, and has stood face-to-face with pure evil. Twice, young Alex has managed to save the world. And twice, he has almost been killed doing it. But now Alex faces something even more dangerous. The desperation of a man who has lost everything he cared for: his country and his only son. A man who just happens to have a nuclear weapon and a serious grudge against the free world. To see his beloved Russia once again be a dominant power, he will stop at nothing. Unless Alex can stop him first... Uniting forces with America's own CIA for the first time, teen spy Alex Rider battles terror from the sun-baked beaches of Miami all the way to the barren ice fields of northernmost Russia. Come along for the thrilling ride of a lifetime.]]></description>
  <work>
  <id type="integer">1443938</id>
  <books_count type="integer">66</books_count>
  <best_book_id type="integer">103983</best_book_id>
  <reviews_count type="integer">53359</reviews_count>
  <ratings_sum type="integer">159887</ratings_sum>
  <ratings_count type="integer">39360</ratings_count>
  <text_reviews_count type="integer">1187</text_reviews_count>
  <original_publication_year type="integer">2002</original_publication_year>
  <original_publication_month type="integer">9</original_publication_month>
  <original_publication_day type="integer">25</original_publication_day>
  <original_title>Skeleton Key</original_title>
  <original_language_id type="integer" nil="true"/>
  <media_type>book</media_type>
  <rating_dist>5:14932|4:14062|3:8553|2:1507|1:306|total:39360</rating_dist>
  <desc_user_id type="integer">31488857</desc_user_id>
  <default_chaptering_book_id type="integer" nil="true"/>
  <default_description_language_code nil="true"/>
</work>
  <average_rating>4.06</average_rating>
  <num_pages><![CDATA[327]]></num_pages>
  <format><![CDATA[Paperback]]></format>
  <edition_information><![CDATA[]]></edition_information>
  <ratings_count><![CDATA[37261]]></ratings_count>
  <text_reviews_count><![CDATA[1056]]></text_reviews_count>
  <url><![CDATA[https://www.goodreads.com/book/show/103983.Skeleton_Key]]></url>
  <link><![CDATA[https://www.goodreads.com/book/show/103983.Skeleton_Key]]></link>
  <authors>
<author>
<id>32590</id>
<name>Anthony Horowitz</name>
<role></role>
<image_url nophoto='false'>
<![CDATA[https://images.gr-assets.com/authors/1301176549p5/32590.jpg]]>
</image_url>
<small_image_url nophoto='false'>
<![CDATA[https://images.gr-assets.com/authors/1301176549p2/32590.jpg]]>
</small_image_url>
<link><![CDATA[https://www.goodreads.com/author/show/32590.Anthony_Horowitz]]></link>
<average_rating>4.06</average_rating>
<ratings_count>514799</ratings_count>
<text_reviews_count>25991</text_reviews_count>
</author>
</authors>

    <reviews_widget>
      <![CDATA[
        <style>
  #goodreads-widget {
    font-family: georgia, serif;
    padding: 18px 0;
    width:565px;
  }
  #goodreads-widget h1 {
    font-weight:normal;
    font-size: 16px;
    border-bottom: 1px solid #BBB596;
    margin-bottom: 0;
  }
  #goodreads-widget a {
    text-decoration: none;
    color:#660;
  }
  iframe{
    background-color: #fff;
  }
  #goodreads-widget a:hover { text-decoration: underline; }
  #goodreads-widget a:active {
    color:#660;
  }
  #gr_footer {
    width: 100%;
    border-top: 1px solid #BBB596;
    text-align: right;
  }
  #goodreads-widget .gr_branding{
    color: #382110;
    font-size: 11px;
    text-decoration: none;
    font-family: "Helvetica Neue", Helvetica, Arial, sans-serif;
  }
</style>
<div id="goodreads-widget">
  <div id="gr_header"><h1><a rel="nofollow" href="https://www.goodreads.com/book/show/103983.Skeleton_Key">Skeleton Key Reviews</a></h1></div>
  <iframe id="the_iframe" src="https://www.goodreads.com/api/reviews_widget_iframe?did=DEVELOPER_ID&amp;format=html&amp;isbn=0142406147&amp;links=660&amp;min_rating=&amp;review_back=fff&amp;stars=000&amp;text=000" width="565" height="400" frameborder="0"></iframe>
  <div id="gr_footer">
    <a class="gr_branding" target="_blank" rel="nofollow" href="https://www.goodreads.com/book/show/103983.Skeleton_Key?utm_medium=api&amp;utm_source=reviews_widget">Reviews from Goodreads.com</a>
  </div>
</div>

      ]]>
    </reviews_widget>
  <popular_shelves>
      <shelf name="to-read" count="2787"/>
      <shelf name="young-adult" count="419"/>
      <shelf name="alex-rider" count="243"/>
      <shelf name="adventure" count="235"/>
      <shelf name="favorites" count="210"/>
      <shelf name="ya" count="193"/>
      <shelf name="currently-reading" count="176"/>
      <shelf name="fiction" count="167"/>
      <shelf name="spy" count="154"/>
      <shelf name="action" count="147"/>
      <shelf name="mystery" count="138"/>
      <shelf name="series" count="132"/>
      <shelf name="books-i-own" count="129"/>
      <shelf name="owned" count="111"/>
      <shelf name="thriller" count="100"/>
      <shelf name="anthony-horowitz" count="89"/>
      <shelf name="childhood" count="77"/>
      <shelf name="action-adventure" count="76"/>
      <shelf name="spies" count="74"/>
      <shelf name="espionage" count="65"/>
      <shelf name="childrens" count="58"/>
      <shelf name="default" count="50"/>
      <shelf name="teen" count="44"/>
      <shelf name="my-books" count="39"/>
      <shelf name="owned-books" count="38"/>
      <shelf name="realistic-fiction" count="36"/>
      <shelf name="alex-rider-series" count="35"/>
      <shelf name="crime" count="30"/>
      <shelf name="science-fiction" count="30"/>
      <shelf name="ya-fiction" count="29"/>
      <shelf name="childhood-books" count="27"/>
      <shelf name="i-own" count="24"/>
      <shelf name="children-s" count="24"/>
      <shelf name="suspense" count="24"/>
      <shelf name="middle-school" count="24"/>
      <shelf name="fantasy" count="24"/>
      <shelf name="kids" count="23"/>
      <shelf name="sci-fi" count="22"/>
      <shelf name="audiobook" count="22"/>
      <shelf name="library" count="21"/>
      <shelf name="children-s-books" count="21"/>
      <shelf name="spy-books" count="21"/>
      <shelf name="youth" count="21"/>
      <shelf name="favourites" count="20"/>
      <shelf name="young-adult-fiction" count="19"/>
      <shelf name="bbc-big-read" count="19"/>
      <shelf name="novels" count="18"/>
      <shelf name="middle-grade" count="17"/>
      <shelf name="my-library" count="17"/>
      <shelf name="children" count="17"/>
      <shelf name="to-buy" count="16"/>
      <shelf name="contemporary" count="15"/>
      <shelf name="books" count="14"/>
      <shelf name="classroom-library" count="14"/>
      <shelf name="ya-books" count="14"/>
      <shelf name="childhood-reads" count="12"/>
      <shelf name="own-it" count="12"/>
      <shelf name="7th-grade" count="12"/>
      <shelf name="favorite-series" count="12"/>
      <shelf name="horowitz" count="12"/>
      <shelf name="childrens-books" count="12"/>
      <shelf name="shelfari-favorites" count="11"/>
      <shelf name="english" count="11"/>
      <shelf name="teen-books" count="11"/>
      <shelf name="re-read" count="11"/>
      <shelf name="book-series" count="11"/>
      <shelf name="mystery-thriller" count="11"/>
      <shelf name="mysteries" count="11"/>
      <shelf name="my-bookshelf" count="10"/>
      <shelf name="spy-thriller" count="10"/>
      <shelf name="home-library" count="10"/>
      <shelf name="part-of-a-series" count="10"/>
      <shelf name="british" count="10"/>
      <shelf name="favorite" count="10"/>
      <shelf name="have" count="10"/>
      <shelf name="audio" count="10"/>
      <shelf name="teens" count="9"/>
      <shelf name="spy-novels" count="9"/>
      <shelf name="5-stars" count="9"/>
      <shelf name="favorite-books" count="9"/>
      <shelf name="spy-fiction" count="9"/>
      <shelf name="thrillers" count="9"/>
      <shelf name="skeleton-key" count="8"/>
      <shelf name="3-stars" count="8"/>
      <shelf name="bbc-200" count="8"/>
      <shelf name="awesome" count="8"/>
      <shelf name="england" count="8"/>
      <shelf name="kindle" count="8"/>
      <shelf name="school" count="8"/>
      <shelf name="action-packed" count="8"/>
      <shelf name="teen-fiction" count="8"/>
      <shelf name="the-big-read" count="8"/>
      <shelf name="young" count="8"/>
      <shelf name="mystery-suspense" count="8"/>
      <shelf name="kids-books" count="8"/>
      <shelf name="2006" count="8"/>
      <shelf name="read-in-2014" count="7"/>
      <shelf name="childhood-favourites" count="7"/>
      <shelf name="3-star" count="7"/>
      <shelf name="bookshelf" count="7"/>
  </popular_shelves>
  <book_links>
    <book_link>
  <id>8</id>
  <name>Libraries</name>
  <link>https://www.goodreads.com/book_link/follow/8</link>
</book_link>

  </book_links>
  <buy_links>
    <buy_link>
<id>1</id>
<name>Amazon</name>
<link>https://www.goodreads.com/book_link/follow/1</link>
</buy_link>
<buy_link>
<id>10</id>
<name>Audible</name>
<link>https://www.goodreads.com/book_link/follow/10</link>
</buy_link>
<buy_link>
<id>3</id>
<name>Barnes &amp; Noble</name>
<link>https://www.goodreads.com/book_link/follow/3</link>
</buy_link>
<buy_link>
<id>1027</id>
<name>Kobo</name>
<link>https://www.goodreads.com/book_link/follow/1027</link>
</buy_link>
<buy_link>
<id>2102</id>
<name>Apple iBooks</name>
<link>https://www.goodreads.com/book_link/follow/2102</link>
</buy_link>
<buy_link>
<id>8036</id>
<name>Google Play</name>
<link>https://www.goodreads.com/book_link/follow/8036</link>
</buy_link>
<buy_link>
<id>4</id>
<name>Abebooks</name>
<link>https://www.goodreads.com/book_link/follow/4</link>
</buy_link>
<buy_link>
<id>882</id>
<name>Book Depository</name>
<link>https://www.goodreads.com/book_link/follow/882</link>
</buy_link>
<buy_link>
<id>9</id>
<name>Indigo</name>
<link>https://www.goodreads.com/book_link/follow/9</link>
</buy_link>
<buy_link>
<id>2</id>
<name>Half.com</name>
<link>https://www.goodreads.com/book_link/follow/2</link>
</buy_link>
<buy_link>
<id>5</id>
<name>Alibris</name>
<link>https://www.goodreads.com/book_link/follow/5</link>
</buy_link>
<buy_link>
<id>107</id>
<name>Better World Books</name>
<link>https://www.goodreads.com/book_link/follow/107</link>
</buy_link>
<buy_link>
<id>7</id>
<name>IndieBound</name>
<link>https://www.goodreads.com/book_link/follow/7</link>
</buy_link>

  </buy_links>
  <series_works>
    <series_work>
<id>157289</id>
<user_position>3</user_position>
<series>
<id>41087</id>
<title>
<![CDATA[
    Alex Rider
]]>
</title>
<description>
<![CDATA[
    http://alexrideradventures.com
    
    aka Οι Περιπέτειες του Άλεξ Ράϊντερ (Greek)
    
    See also:
    * <A href="http://www.goodreads.com/series/63337-alex-rider-the-graphic-novel">Alex Rider: The Graphic Novels</a>
    * <A href="http://www.goodreads.com/series/71170-stormbreaker-the-movie">Stormbreaker: The Movie</a>
]]>
</description>
<note>
<![CDATA[
]]>
</note>
<series_works_count>26</series_works_count>
<primary_work_count>12</primary_work_count>
<numbered>true</numbered>
</series>

</series_work>

  </series_works>
  <similar_books>
          <book>
<id>278794</id>
<title>Blood Fever (Young Bond, #2)</title>
<title_without_series>Blood Fever</title_without_series>
<link><![CDATA[https://www.goodreads.com/book/show/278794.Blood_Fever]]></link>
<small_image_url><![CDATA[https://s.gr-assets.com/assets/nophoto/book/50x75-a91bf249278a81aabab721ef782c4a74.png]]></small_image_url>
<image_url><![CDATA[https://s.gr-assets.com/assets/nophoto/book/111x148-bcc042a9c91a29c1d680899eff700a03.png]]></image_url>
<num_pages></num_pages>
<work>
<id>270408</id>
</work>
<isbn>0786836628</isbn>
<isbn13>9780786836628</isbn13>
<average_rating>4.01</average_rating>
<ratings_count>5405</ratings_count>
<publication_year></publication_year>
<publication_month></publication_month>
<publication_day></publication_day>
<authors>
<author>
<id>162326</id>
<name>Charlie Higson</name>
<link><![CDATA[https://www.goodreads.com/author/show/162326.Charlie_Higson]]></link>
</author>
</authors>
</book>

          <book>
<id>1291211</id>
<title>Class A (Cherub, #2)</title>
<title_without_series>Class A</title_without_series>
<link><![CDATA[https://www.goodreads.com/book/show/1291211.Class_A]]></link>
<small_image_url><![CDATA[https://images.gr-assets.com/books/1356698938s/1291211.jpg]]></small_image_url>
<image_url><![CDATA[https://images.gr-assets.com/books/1356698938m/1291211.jpg]]></image_url>
<num_pages>291</num_pages>
<work>
<id>2164115</id>
</work>
<isbn>0340881542</isbn>
<isbn13>9780340881545</isbn13>
<average_rating>4.27</average_rating>
<ratings_count>15661</ratings_count>
<publication_year>2006</publication_year>
<publication_month>11</publication_month>
<publication_day>1</publication_day>
<authors>
<author>
<id>268199</id>
<name>Robert Muchamore</name>
<link><![CDATA[https://www.goodreads.com/author/show/268199.Robert_Muchamore]]></link>
</author>
</authors>
</book>

          <book>
<id>6275767</id>
<title>Dreadnought (H.I.V.E, #4)</title>
<title_without_series>Dreadnought</title_without_series>
<link><![CDATA[https://www.goodreads.com/book/show/6275767-dreadnought]]></link>
<small_image_url><![CDATA[https://images.gr-assets.com/books/1327888760s/6275767.jpg]]></small_image_url>
<image_url><![CDATA[https://images.gr-assets.com/books/1327888760m/6275767.jpg]]></image_url>
<num_pages>298</num_pages>
<work>
<id>6459127</id>
</work>
<isbn>0747594848</isbn>
<isbn13>9780747594840</isbn13>
<average_rating>4.27</average_rating>
<ratings_count>3830</ratings_count>
<publication_year></publication_year>
<publication_month></publication_month>
<publication_day></publication_day>
<authors>
<author>
<id>487718</id>
<name>Mark Walden</name>
<link><![CDATA[https://www.goodreads.com/author/show/487718.Mark_Walden]]></link>
</author>
</authors>
</book>

          <book>
<id>2175645</id>
<title>Genius Squad (Genius, #2)</title>
<title_without_series>Genius Squad</title_without_series>
<link><![CDATA[https://www.goodreads.com/book/show/2175645.Genius_Squad]]></link>
<small_image_url><![CDATA[https://images.gr-assets.com/books/1328834444s/2175645.jpg]]></small_image_url>
<image_url><![CDATA[https://images.gr-assets.com/books/1328834444m/2175645.jpg]]></image_url>
<num_pages></num_pages>
<work>
<id>2181315</id>
</work>
<isbn>0152059857</isbn>
<isbn13>9780152059859</isbn13>
<average_rating>3.87</average_rating>
<ratings_count>3321</ratings_count>
<publication_year></publication_year>
<publication_month></publication_month>
<publication_day></publication_day>
<authors>
<author>
<id>72678</id>
<name>Catherine Jinks</name>
<link><![CDATA[https://www.goodreads.com/author/show/72678.Catherine_Jinks]]></link>
</author>
</authors>
</book>

          <book>
<id>5792404</id>
<title>The White House (I, Q, #2)</title>
<title_without_series>The White House</title_without_series>
<link><![CDATA[https://www.goodreads.com/book/show/5792404-the-white-house]]></link>
<small_image_url><![CDATA[https://s.gr-assets.com/assets/nophoto/book/50x75-a91bf249278a81aabab721ef782c4a74.png]]></small_image_url>
<image_url><![CDATA[https://s.gr-assets.com/assets/nophoto/book/111x148-bcc042a9c91a29c1d680899eff700a03.png]]></image_url>
<num_pages>256</num_pages>
<work>
<id>6626926</id>
</work>
<isbn>1585364568</isbn>
<isbn13>9781585364565</isbn13>
<average_rating>4.19</average_rating>
<ratings_count>3500</ratings_count>
<publication_year>2010</publication_year>
<publication_month>6</publication_month>
<publication_day>25</publication_day>
<authors>
<author>
<id>137554</id>
<name>Roland Smith</name>
<link><![CDATA[https://www.goodreads.com/author/show/137554.Roland_Smith]]></link>
</author>
</authors>
</book>

          <book>
<id>660175</id>
<title>Rat-Catcher (Alpha Force, #2)</title>
<title_without_series>Rat-Catcher</title_without_series>
<link><![CDATA[https://www.goodreads.com/book/show/660175.Rat_Catcher]]></link>
<small_image_url><![CDATA[https://images.gr-assets.com/books/1432034631s/660175.jpg]]></small_image_url>
<image_url><![CDATA[https://images.gr-assets.com/books/1432034631m/660175.jpg]]></image_url>
<num_pages>264</num_pages>
<work>
<id>646250</id>
</work>
<isbn>0099439255</isbn>
<isbn13>9780099439257</isbn13>
<average_rating>3.96</average_rating>
<ratings_count>532</ratings_count>
<publication_year>2003</publication_year>
<publication_month>8</publication_month>
<publication_day>19</publication_day>
<authors>
<author>
<id>2542</id>
<name>Chris Ryan</name>
<link><![CDATA[https://www.goodreads.com/author/show/2542.Chris_Ryan]]></link>
</author>
</authors>
</book>

  </similar_books>
</book>

</GoodreadsResponse>