<?xml version="1.0" encoding="UTF-8"?>
<GoodreadsResponse>
  <Request>
    <authentication>true</authentication>
      <key><![CDATA[all_men_must_serve]]></key>
    <method><![CDATA[book_show]]></method>
  </Request>
  <book>
  <id>104088</id>
  <title><![CDATA[The Wandering Fire (The Fionavar Tapestry, #2)]]></title>
  <isbn><![CDATA[0451458265]]></isbn>
  <isbn13><![CDATA[9780451458261]]></isbn13>
  <asin><![CDATA[]]></asin>
  <kindle_asin><![CDATA[B01HD3F7PO]]></kindle_asin>
  <marketplace_id><![CDATA[A1F83G8C2ARO7P]]></marketplace_id>
  <country_code><![CDATA[GB]]></country_code>
  <image_url>https://images.gr-assets.com/books/1389962006m/104088.jpg</image_url>
  <small_image_url>https://images.gr-assets.com/books/1389962006s/104088.jpg</small_image_url>
  <publication_year></publication_year>
  <publication_month></publication_month>
  <publication_day></publication_day>
  <publisher></publisher>
  <language_code>en-US</language_code>
  <is_ebook>false</is_ebook>
  <description><![CDATA[The second volume in Guy Gavriel Kay’s stunning fantasy masterwork.<br /><br />As the evil of Rakoth Maugrim threatens the very existence of Fionavar, the five from our own world must cross over once again to play out their given roles: Kimberly to summon the dead from their rest and the undead to their doom; Dave to take his place in battle among the Dalrei of the Plain; Paul, Lord of the Summer Tree, once more to weave his own bright thread through the tapestry; Jennifer to become the agent of a timeless destiny; and Kevin to discover finally the part he is to play in the struggle to save the Weaver’s worlds from the Unraveller.<br /><br />Guy Gavriel Kay’s classic epic fantasy plays out on a truly grand scale, and has already been delighting fans of imaginative fiction for twenty years.]]></description>
  <work>
  <id type="integer">1136221</id>
  <books_count type="integer">47</books_count>
  <best_book_id type="integer">104088</best_book_id>
  <reviews_count type="integer">18103</reviews_count>
  <ratings_sum type="integer">53101</ratings_sum>
  <ratings_count type="integer">12923</ratings_count>
  <text_reviews_count type="integer">394</text_reviews_count>
  <original_publication_year type="integer">1986</original_publication_year>
  <original_publication_month type="integer">1</original_publication_month>
  <original_publication_day type="integer" nil="true"/>
  <original_title>The Wandering Fire</original_title>
  <original_language_id type="integer" nil="true"/>
  <media_type>book</media_type>
  <rating_dist>5:5162|4:4748|3:2391|2:504|1:118|total:12923</rating_dist>
  <desc_user_id type="integer">42258616</desc_user_id>
  <default_chaptering_book_id type="integer" nil="true"/>
  <default_description_language_code nil="true"/>
</work>
  <average_rating>4.11</average_rating>
  <num_pages><![CDATA[375]]></num_pages>
  <format><![CDATA[]]></format>
  <edition_information><![CDATA[]]></edition_information>
  <ratings_count><![CDATA[11940]]></ratings_count>
  <text_reviews_count><![CDATA[308]]></text_reviews_count>
  <url><![CDATA[https://www.goodreads.com/book/show/104088.The_Wandering_Fire]]></url>
  <link><![CDATA[https://www.goodreads.com/book/show/104088.The_Wandering_Fire]]></link>
  <authors>
<author>
<id>60177</id>
<name>Guy Gavriel Kay</name>
<role></role>
<image_url nophoto='false'>
<![CDATA[https://images.gr-assets.com/authors/1218804723p5/60177.jpg]]>
</image_url>
<small_image_url nophoto='false'>
<![CDATA[https://images.gr-assets.com/authors/1218804723p2/60177.jpg]]>
</small_image_url>
<link><![CDATA[https://www.goodreads.com/author/show/60177.Guy_Gavriel_Kay]]></link>
<average_rating>4.11</average_rating>
<ratings_count>162106</ratings_count>
<text_reviews_count>9739</text_reviews_count>
</author>
</authors>

    <reviews_widget>
      <![CDATA[
        <style>
  #goodreads-widget {
    font-family: georgia, serif;
    padding: 18px 0;
    width:565px;
  }
  #goodreads-widget h1 {
    font-weight:normal;
    font-size: 16px;
    border-bottom: 1px solid #BBB596;
    margin-bottom: 0;
  }
  #goodreads-widget a {
    text-decoration: none;
    color:#660;
  }
  iframe{
    background-color: #fff;
  }
  #goodreads-widget a:hover { text-decoration: underline; }
  #goodreads-widget a:active {
    color:#660;
  }
  #gr_footer {
    width: 100%;
    border-top: 1px solid #BBB596;
    text-align: right;
  }
  #goodreads-widget .gr_branding{
    color: #382110;
    font-size: 11px;
    text-decoration: none;
    font-family: "Helvetica Neue", Helvetica, Arial, sans-serif;
  }
</style>
<div id="goodreads-widget">
  <div id="gr_header"><h1><a rel="nofollow" href="https://www.goodreads.com/book/show/104088.The_Wandering_Fire">The Wandering Fire Reviews</a></h1></div>
  <iframe id="the_iframe" src="https://www.goodreads.com/api/reviews_widget_iframe?did=DEVELOPER_ID&amp;format=html&amp;isbn=0451458265&amp;links=660&amp;min_rating=&amp;review_back=fff&amp;stars=000&amp;text=000" width="565" height="400" frameborder="0"></iframe>
  <div id="gr_footer">
    <a class="gr_branding" target="_blank" rel="nofollow" href="https://www.goodreads.com/book/show/104088.The_Wandering_Fire?utm_medium=api&amp;utm_source=reviews_widget">Reviews from Goodreads.com</a>
  </div>
</div>

      ]]>
    </reviews_widget>
  <popular_shelves>
      <shelf name="fantasy" count="1484"/>
      <shelf name="to-read" count="392"/>
      <shelf name="favorites" count="148"/>
      <shelf name="fiction" count="142"/>
      <shelf name="owned" count="82"/>
      <shelf name="currently-reading" count="82"/>
      <shelf name="epic-fantasy" count="53"/>
      <shelf name="high-fantasy" count="46"/>
      <shelf name="sci-fi-fantasy" count="42"/>
      <shelf name="default" count="40"/>
      <shelf name="books-i-own" count="30"/>
      <shelf name="canadian" count="30"/>
      <shelf name="fantasy-sci-fi" count="29"/>
      <shelf name="library" count="28"/>
      <shelf name="arthurian" count="26"/>
      <shelf name="séries" count="24"/>
      <shelf name="series" count="24"/>
      <shelf name="magic" count="23"/>
      <shelf name="scifi-fantasy" count="22"/>
      <shelf name="guy-gavriel-kay" count="21"/>
      <shelf name="favourites" count="19"/>
      <shelf name="re-read" count="18"/>
      <shelf name="owned-books" count="17"/>
      <shelf name="adventure" count="17"/>
      <shelf name="fantasia" count="16"/>
      <shelf name="kindle" count="16"/>
      <shelf name="my-library" count="15"/>
      <shelf name="science-fiction-fantasy" count="15"/>
      <shelf name="mythology" count="13"/>
      <shelf name="to-buy" count="13"/>
      <shelf name="audiobook" count="12"/>
      <shelf name="adult" count="11"/>
      <shelf name="audio" count="10"/>
      <shelf name="epic" count="10"/>
      <shelf name="ebooks" count="10"/>
      <shelf name="fionavar-tapestry" count="10"/>
      <shelf name="speculative-fiction" count="10"/>
      <shelf name="sff" count="10"/>
      <shelf name="science-fiction" count="9"/>
      <shelf name="calibre" count="9"/>
      <shelf name="my-books" count="9"/>
      <shelf name="sf-fantasy" count="9"/>
      <shelf name="audiobooks" count="8"/>
      <shelf name="to-read-fantasy" count="8"/>
      <shelf name="own-it" count="8"/>
      <shelf name="urban-fantasy" count="8"/>
      <shelf name="sf-f" count="8"/>
      <shelf name="ebook" count="7"/>
      <shelf name="books" count="7"/>
      <shelf name="contemporary" count="7"/>
      <shelf name="e-books" count="7"/>
      <shelf name="fiction-fantasy" count="7"/>
      <shelf name="canlit" count="7"/>
      <shelf name="reread" count="7"/>
      <shelf name="fionavar" count="7"/>
      <shelf name="favorite-fantasy" count="7"/>
      <shelf name="canadian-authors" count="7"/>
      <shelf name="paperback" count="7"/>
      <shelf name="shelfari-favorites" count="6"/>
      <shelf name="read-in-2012" count="6"/>
      <shelf name="i-own" count="6"/>
      <shelf name="novels" count="6"/>
      <shelf name="historical" count="6"/>
      <shelf name="science-fiction-and-fantasy" count="6"/>
      <shelf name="fantasy-scifi" count="6"/>
      <shelf name="borrowed" count="6"/>
      <shelf name="can-lit" count="6"/>
      <shelf name="canada" count="6"/>
      <shelf name="all-time-favorites" count="6"/>
      <shelf name="read-in-2015" count="5"/>
      <shelf name="favorite-authors" count="5"/>
      <shelf name="fantasy-science-fiction" count="5"/>
      <shelf name="kay-guy-gavriel" count="5"/>
      <shelf name="4-stars" count="5"/>
      <shelf name="canadian-author" count="5"/>
      <shelf name="scifi" count="5"/>
      <shelf name="fantasy-epic" count="5"/>
      <shelf name="romance" count="5"/>
      <shelf name="unread" count="5"/>
      <shelf name="trilogies" count="5"/>
      <shelf name="read-more-than-once" count="5"/>
      <shelf name="canadiana" count="5"/>
      <shelf name="arthuriana" count="5"/>
      <shelf name="adult-fantasy" count="5"/>
      <shelf name="read-in-2017" count="4"/>
      <shelf name="did-not-finish" count="4"/>
      <shelf name="to-read-owned" count="4"/>
      <shelf name="read-in-2014" count="4"/>
      <shelf name="épica" count="4"/>
      <shelf name="adult-fiction" count="4"/>
      <shelf name="e-book" count="4"/>
      <shelf name="have" count="4"/>
      <shelf name="favorite" count="4"/>
      <shelf name="audible" count="4"/>
      <shelf name="trilogy" count="4"/>
      <shelf name="literature" count="4"/>
      <shelf name="2011-reads" count="4"/>
      <shelf name="sf" count="4"/>
      <shelf name="king-arthur" count="4"/>
      <shelf name="young-adult" count="4"/>
  </popular_shelves>
  <book_links>
    <book_link>
  <id>8</id>
  <name>Libraries</name>
  <link>https://www.goodreads.com/book_link/follow/8</link>
</book_link>

  </book_links>
  <buy_links>
    <buy_link>
<id>1</id>
<name>Amazon</name>
<link>https://www.goodreads.com/book_link/follow/1</link>
</buy_link>
<buy_link>
<id>10</id>
<name>Audible</name>
<link>https://www.goodreads.com/book_link/follow/10</link>
</buy_link>
<buy_link>
<id>3</id>
<name>Barnes &amp; Noble</name>
<link>https://www.goodreads.com/book_link/follow/3</link>
</buy_link>
<buy_link>
<id>1027</id>
<name>Kobo</name>
<link>https://www.goodreads.com/book_link/follow/1027</link>
</buy_link>
<buy_link>
<id>2102</id>
<name>Apple iBooks</name>
<link>https://www.goodreads.com/book_link/follow/2102</link>
</buy_link>
<buy_link>
<id>8036</id>
<name>Google Play</name>
<link>https://www.goodreads.com/book_link/follow/8036</link>
</buy_link>
<buy_link>
<id>4</id>
<name>Abebooks</name>
<link>https://www.goodreads.com/book_link/follow/4</link>
</buy_link>
<buy_link>
<id>882</id>
<name>Book Depository</name>
<link>https://www.goodreads.com/book_link/follow/882</link>
</buy_link>
<buy_link>
<id>9</id>
<name>Indigo</name>
<link>https://www.goodreads.com/book_link/follow/9</link>
</buy_link>
<buy_link>
<id>2</id>
<name>Half.com</name>
<link>https://www.goodreads.com/book_link/follow/2</link>
</buy_link>
<buy_link>
<id>5</id>
<name>Alibris</name>
<link>https://www.goodreads.com/book_link/follow/5</link>
</buy_link>
<buy_link>
<id>107</id>
<name>Better World Books</name>
<link>https://www.goodreads.com/book_link/follow/107</link>
</buy_link>
<buy_link>
<id>7</id>
<name>IndieBound</name>
<link>https://www.goodreads.com/book_link/follow/7</link>
</buy_link>

  </buy_links>
  <series_works>
    <series_work>
<id>181377</id>
<user_position>2</user_position>
<series>
<id>49379</id>
<title>
<![CDATA[
    The Fionavar Tapestry
]]>
</title>
<description>
<![CDATA[
    Series also known as:
    <i>* Il mondo di Fionavar [Italian]
    * Το υφαντό της Φιόναβαρ [Greek]
    * מארג פיונאבאר [Hebrew]</i>
]]>
</description>
<note>
<![CDATA[
]]>
</note>
<series_works_count>4</series_works_count>
<primary_work_count>3</primary_work_count>
<numbered>true</numbered>
</series>

</series_work>

  </series_works>
  <similar_books>
          <book>
<id>77353</id>
<title>The Book of Atrix Wolfe</title>
<title_without_series>The Book of Atrix Wolfe</title_without_series>
<link><![CDATA[https://www.goodreads.com/book/show/77353.The_Book_of_Atrix_Wolfe]]></link>
<small_image_url><![CDATA[https://images.gr-assets.com/books/1170900098s/77353.jpg]]></small_image_url>
<image_url><![CDATA[https://images.gr-assets.com/books/1170900098m/77353.jpg]]></image_url>
<num_pages>247</num_pages>
<work>
<id>1105994</id>
</work>
<isbn>0441003613</isbn>
<isbn13>9780441003617</isbn13>
<average_rating>3.97</average_rating>
<ratings_count>3131</ratings_count>
<publication_year>1996</publication_year>
<publication_month>9</publication_month>
<publication_day>1</publication_day>
<authors>
<author>
<id>25</id>
<name>Patricia A. McKillip</name>
<link><![CDATA[https://www.goodreads.com/author/show/25.Patricia_A_McKillip]]></link>
</author>
</authors>
</book>

          <book>
<id>186439</id>
<title><![CDATA[Memory and Dream (Newford, #2)]]></title>
<title_without_series>Memory and Dream</title_without_series>
<link><![CDATA[https://www.goodreads.com/book/show/186439.Memory_and_Dream]]></link>
<small_image_url><![CDATA[https://s.gr-assets.com/assets/nophoto/book/50x75-a91bf249278a81aabab721ef782c4a74.png]]></small_image_url>
<image_url><![CDATA[https://s.gr-assets.com/assets/nophoto/book/111x148-bcc042a9c91a29c1d680899eff700a03.png]]></image_url>
<num_pages></num_pages>
<work>
<id>14299483</id>
</work>
<isbn>0765316781</isbn>
<isbn13>9780765316783</isbn13>
<average_rating>4.22</average_rating>
<ratings_count>4418</ratings_count>
<publication_year></publication_year>
<publication_month></publication_month>
<publication_day></publication_day>
<authors>
<author>
<id>8185168</id>
<name>Charles  de Lint</name>
<link><![CDATA[https://www.goodreads.com/author/show/8185168.Charles_de_Lint]]></link>
</author>
</authors>
</book>

          <book>
<id>6977328</id>
<title><![CDATA[A Corte dos Traidores (A Saga do Assassino #3)]]></title>
<title_without_series>A Corte dos Traidores</title_without_series>
<link><![CDATA[https://www.goodreads.com/book/show/6977328-a-corte-dos-traidores]]></link>
<small_image_url><![CDATA[https://images.gr-assets.com/books/1287413855s/6977328.jpg]]></small_image_url>
<image_url><![CDATA[https://images.gr-assets.com/books/1287413855m/6977328.jpg]]></image_url>
<num_pages>348</num_pages>
<work>
<id>25077398</id>
</work>
<isbn></isbn>
<isbn13>9789896371555</isbn13>
<average_rating>4.23</average_rating>
<ratings_count>952</ratings_count>
<publication_year>2009</publication_year>
<publication_month>10</publication_month>
<publication_day>16</publication_day>
<authors>
<author>
<id>25307</id>
<name>Robin Hobb</name>
<link><![CDATA[https://www.goodreads.com/author/show/25307.Robin_Hobb]]></link>
</author>
</authors>
</book>

          <book>
<id>618197</id>
<title>Revelation (Rai-Kirah, #2)</title>
<title_without_series>Revelation</title_without_series>
<link><![CDATA[https://www.goodreads.com/book/show/618197.Revelation]]></link>
<small_image_url><![CDATA[https://s.gr-assets.com/assets/nophoto/book/50x75-a91bf249278a81aabab721ef782c4a74.png]]></small_image_url>
<image_url><![CDATA[https://s.gr-assets.com/assets/nophoto/book/111x148-bcc042a9c91a29c1d680899eff700a03.png]]></image_url>
<num_pages>485</num_pages>
<work>
<id>2324717</id>
</work>
<isbn>0451458427</isbn>
<isbn13>9780451458421</isbn13>
<average_rating>3.96</average_rating>
<ratings_count>3479</ratings_count>
<publication_year>2001</publication_year>
<publication_month>8</publication_month>
<publication_day>1</publication_day>
<authors>
<author>
<id>246590</id>
<name>Carol Berg</name>
<link><![CDATA[https://www.goodreads.com/author/show/246590.Carol_Berg]]></link>
</author>
</authors>
</book>

          <book>
<id>828466</id>
<title><![CDATA[The Hound and the Falcon (The Hound and the Falcon, #1-3)]]></title>
<title_without_series>The Hound and the Falcon</title_without_series>
<link><![CDATA[https://www.goodreads.com/book/show/828466.The_Hound_and_the_Falcon]]></link>
<small_image_url><![CDATA[https://images.gr-assets.com/books/1312049030s/828466.jpg]]></small_image_url>
<image_url><![CDATA[https://images.gr-assets.com/books/1312049030m/828466.jpg]]></image_url>
<num_pages>688</num_pages>
<work>
<id>814163</id>
</work>
<isbn>0312853033</isbn>
<isbn13>9780312853037</isbn13>
<average_rating>4.19</average_rating>
<ratings_count>563</ratings_count>
<publication_year>1993</publication_year>
<publication_month>5</publication_month>
<publication_day>15</publication_day>
<authors>
<author>
<id>41194</id>
<name>Judith Tarr</name>
<link><![CDATA[https://www.goodreads.com/author/show/41194.Judith_Tarr]]></link>
</author>
</authors>
</book>

          <book>
<id>74273</id>
<title><![CDATA[Traitor's Moon (Nightrunner, #3)]]></title>
<title_without_series>Traitor&apos;s Moon</title_without_series>
<link><![CDATA[https://www.goodreads.com/book/show/74273.Traitor_s_Moon]]></link>
<small_image_url><![CDATA[https://images.gr-assets.com/books/1302490280s/74273.jpg]]></small_image_url>
<image_url><![CDATA[https://images.gr-assets.com/books/1302490280m/74273.jpg]]></image_url>
<num_pages>540</num_pages>
<work>
<id>71864</id>
</work>
<isbn>0553577255</isbn>
<isbn13>9780553577259</isbn13>
<average_rating>4.10</average_rating>
<ratings_count>8291</ratings_count>
<publication_year>1999</publication_year>
<publication_month>7</publication_month>
<publication_day>6</publication_day>
<authors>
<author>
<id>42110</id>
<name>Lynn Flewelling</name>
<link><![CDATA[https://www.goodreads.com/author/show/42110.Lynn_Flewelling]]></link>
</author>
</authors>
</book>

          <book>
<id>36164</id>
<title><![CDATA[Crown of Shadows (The Coldfire Trilogy, #3)]]></title>
<title_without_series>Crown of Shadows</title_without_series>
<link><![CDATA[https://www.goodreads.com/book/show/36164.Crown_of_Shadows]]></link>
<small_image_url><![CDATA[https://images.gr-assets.com/books/1311103901s/36164.jpg]]></small_image_url>
<image_url><![CDATA[https://images.gr-assets.com/books/1311103901m/36164.jpg]]></image_url>
<num_pages>525</num_pages>
<work>
<id>940528</id>
</work>
<isbn>0886777178</isbn>
<isbn13>9780886777173</isbn13>
<average_rating>4.16</average_rating>
<ratings_count>10712</ratings_count>
<publication_year></publication_year>
<publication_month></publication_month>
<publication_day></publication_day>
<authors>
<author>
<id>1276004</id>
<name>C.S. Friedman</name>
<link><![CDATA[https://www.goodreads.com/author/show/1276004.C_S_Friedman]]></link>
</author>
</authors>
</book>

          <book>
<id>202061</id>
<title><![CDATA[Prince of Dogs (Crown of Stars, #2)]]></title>
<title_without_series>Prince of Dogs</title_without_series>
<link><![CDATA[https://www.goodreads.com/book/show/202061.Prince_of_Dogs]]></link>
<small_image_url><![CDATA[https://images.gr-assets.com/books/1316333882s/202061.jpg]]></small_image_url>
<image_url><![CDATA[https://images.gr-assets.com/books/1316333882m/202061.jpg]]></image_url>
<num_pages>612</num_pages>
<work>
<id>1945441</id>
</work>
<isbn>1857237234</isbn>
<isbn13>9781857237238</isbn13>
<average_rating>3.89</average_rating>
<ratings_count>6142</ratings_count>
<publication_year>2003</publication_year>
<publication_month>4</publication_month>
<publication_day>15</publication_day>
<authors>
<author>
<id>8660</id>
<name>Kate Elliott</name>
<link><![CDATA[https://www.goodreads.com/author/show/8660.Kate_Elliott]]></link>
</author>
</authors>
</book>

          <book>
<id>177250</id>
<title><![CDATA[The Mirror of Her Dreams (Mordant's Need, #1)]]></title>
<title_without_series>The Mirror of Her Dreams</title_without_series>
<link><![CDATA[https://www.goodreads.com/book/show/177250.The_Mirror_of_Her_Dreams]]></link>
<small_image_url><![CDATA[https://images.gr-assets.com/books/1320541116s/177250.jpg]]></small_image_url>
<image_url><![CDATA[https://images.gr-assets.com/books/1320541116m/177250.jpg]]></image_url>
<num_pages>654</num_pages>
<work>
<id>593724</id>
</work>
<isbn>0345459857</isbn>
<isbn13>9780345459855</isbn13>
<average_rating>3.90</average_rating>
<ratings_count>11298</ratings_count>
<publication_year>2003</publication_year>
<publication_month>6</publication_month>
<publication_day>3</publication_day>
<authors>
<author>
<id>12980</id>
<name>Stephen R. Donaldson</name>
<link><![CDATA[https://www.goodreads.com/author/show/12980.Stephen_R_Donaldson]]></link>
</author>
</authors>
</book>

          <book>
<id>587977</id>
<title><![CDATA[Beyond the Pale (The Last Rune, #1)]]></title>
<title_without_series>Beyond the Pale</title_without_series>
<link><![CDATA[https://www.goodreads.com/book/show/587977.Beyond_the_Pale]]></link>
<small_image_url><![CDATA[https://s.gr-assets.com/assets/nophoto/book/50x75-a91bf249278a81aabab721ef782c4a74.png]]></small_image_url>
<image_url><![CDATA[https://s.gr-assets.com/assets/nophoto/book/111x148-bcc042a9c91a29c1d680899eff700a03.png]]></image_url>
<num_pages>620</num_pages>
<work>
<id>1637902</id>
</work>
<isbn>0553579347</isbn>
<isbn13>9780553579345</isbn13>
<average_rating>3.84</average_rating>
<ratings_count>1069</ratings_count>
<publication_year>1999</publication_year>
<publication_month>11</publication_month>
<publication_day>2</publication_day>
<authors>
<author>
<id>160870</id>
<name>Mark Anthony</name>
<link><![CDATA[https://www.goodreads.com/author/show/160870.Mark_Anthony]]></link>
</author>
</authors>
</book>

          <book>
<id>1156092</id>
<title><![CDATA[Track of the White Wolf (Chronicles of the Cheysuli, #4)]]></title>
<title_without_series>Track of the White Wolf</title_without_series>
<link><![CDATA[https://www.goodreads.com/book/show/1156092.Track_of_the_White_Wolf]]></link>
<small_image_url><![CDATA[https://images.gr-assets.com/books/1354539570s/1156092.jpg]]></small_image_url>
<image_url><![CDATA[https://images.gr-assets.com/books/1354539570m/1156092.jpg]]></image_url>
<num_pages>375</num_pages>
<work>
<id>1143673</id>
</work>
<isbn>0886771935</isbn>
<isbn13>9780886771935</isbn13>
<average_rating>4.01</average_rating>
<ratings_count>1442</ratings_count>
<publication_year>1987</publication_year>
<publication_month>4</publication_month>
<publication_day>7</publication_day>
<authors>
<author>
<id>8659</id>
<name>Jennifer Roberson</name>
<link><![CDATA[https://www.goodreads.com/author/show/8659.Jennifer_Roberson]]></link>
</author>
</authors>
</book>

          <book>
<id>280716</id>
<title>Lavondyss (Mythago Wood, #2)</title>
<title_without_series>Lavondyss</title_without_series>
<link><![CDATA[https://www.goodreads.com/book/show/280716.Lavondyss]]></link>
<small_image_url><![CDATA[https://s.gr-assets.com/assets/nophoto/book/50x75-a91bf249278a81aabab721ef782c4a74.png]]></small_image_url>
<image_url><![CDATA[https://s.gr-assets.com/assets/nophoto/book/111x148-bcc042a9c91a29c1d680899eff700a03.png]]></image_url>
<num_pages>416</num_pages>
<work>
<id>1839828</id>
</work>
<isbn>0765307316</isbn>
<isbn13>9780765307316</isbn13>
<average_rating>3.96</average_rating>
<ratings_count>1537</ratings_count>
<publication_year>2004</publication_year>
<publication_month>7</publication_month>
<publication_day>1</publication_day>
<authors>
<author>
<id>72538</id>
<name>Robert Holdstock</name>
<link><![CDATA[https://www.goodreads.com/author/show/72538.Robert_Holdstock]]></link>
</author>
</authors>
</book>

          <book>
<id>57704</id>
<title><![CDATA[Lord of the Fire Lands (The King's Blades, #2)]]></title>
<title_without_series>Lord of the Fire Lands</title_without_series>
<link><![CDATA[https://www.goodreads.com/book/show/57704.Lord_of_the_Fire_Lands]]></link>
<small_image_url><![CDATA[https://s.gr-assets.com/assets/nophoto/book/50x75-a91bf249278a81aabab721ef782c4a74.png]]></small_image_url>
<image_url><![CDATA[https://s.gr-assets.com/assets/nophoto/book/111x148-bcc042a9c91a29c1d680899eff700a03.png]]></image_url>
<num_pages>452</num_pages>
<work>
<id>529691</id>
</work>
<isbn>0380791277</isbn>
<isbn13>9780380791279</isbn13>
<average_rating>3.87</average_rating>
<ratings_count>1833</ratings_count>
<publication_year>2000</publication_year>
<publication_month>9</publication_month>
<publication_day>5</publication_day>
<authors>
<author>
<id>30279</id>
<name>Dave Duncan</name>
<link><![CDATA[https://www.goodreads.com/author/show/30279.Dave_Duncan]]></link>
</author>
</authors>
</book>

          <book>
<id>61904</id>
<title><![CDATA[Paladin of Souls (World of the Five Gods, #2)]]></title>
<title_without_series>Paladin of Souls</title_without_series>
<link><![CDATA[https://www.goodreads.com/book/show/61904.Paladin_of_Souls]]></link>
<small_image_url><![CDATA[https://s.gr-assets.com/assets/nophoto/book/50x75-a91bf249278a81aabab721ef782c4a74.png]]></small_image_url>
<image_url><![CDATA[https://s.gr-assets.com/assets/nophoto/book/111x148-bcc042a9c91a29c1d680899eff700a03.png]]></image_url>
<num_pages>470</num_pages>
<work>
<id>819610</id>
</work>
<isbn>0380818612</isbn>
<isbn13>9780380818617</isbn13>
<average_rating>4.13</average_rating>
<ratings_count>17389</ratings_count>
<publication_year>2005</publication_year>
<publication_month>4</publication_month>
<publication_day>26</publication_day>
<authors>
<author>
<id>16094</id>
<name>Lois McMaster Bujold</name>
<link><![CDATA[https://www.goodreads.com/author/show/16094.Lois_McMaster_Bujold]]></link>
</author>
</authors>
</book>

          <book>
<id>122137</id>
<title><![CDATA[King Javan's Year (The Heirs of Saint Camber, #2 )]]></title>
<title_without_series>King Javan&apos;s Year</title_without_series>
<link><![CDATA[https://www.goodreads.com/book/show/122137.King_Javan_s_Year]]></link>
<small_image_url><![CDATA[https://s.gr-assets.com/assets/nophoto/book/50x75-a91bf249278a81aabab721ef782c4a74.png]]></small_image_url>
<image_url><![CDATA[https://s.gr-assets.com/assets/nophoto/book/111x148-bcc042a9c91a29c1d680899eff700a03.png]]></image_url>
<num_pages>481</num_pages>
<work>
<id>1201011</id>
</work>
<isbn>0345384784</isbn>
<isbn13>9780345384782</isbn13>
<average_rating>4.07</average_rating>
<ratings_count>1440</ratings_count>
<publication_year>1993</publication_year>
<publication_month>12</publication_month>
<publication_day></publication_day>
<authors>
<author>
<id>19475</id>
<name>Katherine Kurtz</name>
<link><![CDATA[https://www.goodreads.com/author/show/19475.Katherine_Kurtz]]></link>
</author>
</authors>
</book>

          <book>
<id>364471</id>
<title><![CDATA[Sea without a Shore (Moontide and Magic Rise, #2)]]></title>
<title_without_series>Sea without a Shore</title_without_series>
<link><![CDATA[https://www.goodreads.com/book/show/364471.Sea_without_a_Shore]]></link>
<small_image_url><![CDATA[https://s.gr-assets.com/assets/nophoto/book/50x75-a91bf249278a81aabab721ef782c4a74.png]]></small_image_url>
<image_url><![CDATA[https://s.gr-assets.com/assets/nophoto/book/111x148-bcc042a9c91a29c1d680899eff700a03.png]]></image_url>
<num_pages>598</num_pages>
<work>
<id>354537</id>
</work>
<isbn>0886776651</isbn>
<isbn13>9780886776657</isbn13>
<average_rating>3.76</average_rating>
<ratings_count>513</ratings_count>
<publication_year>1996</publication_year>
<publication_month>2</publication_month>
<publication_day>1</publication_day>
<authors>
<author>
<id>126955</id>
<name>Sean Russell</name>
<link><![CDATA[https://www.goodreads.com/author/show/126955.Sean_Russell]]></link>
</author>
</authors>
</book>

  </similar_books>
</book>

</GoodreadsResponse>