<?xml version="1.0" encoding="UTF-8"?>
<GoodreadsResponse>
  <Request>
    <authentication>true</authentication>
      <key><![CDATA[all_men_must_serve]]></key>
    <method><![CDATA[book_show]]></method>
  </Request>
  <book>
  <id>104189</id>
  <title>Same Kind of Different as Me</title>
  <isbn><![CDATA[0849900417]]></isbn>
  <isbn13><![CDATA[9780849900419]]></isbn13>
  <asin><![CDATA[]]></asin>
  <kindle_asin><![CDATA[B007FZXJGA]]></kindle_asin>
  <marketplace_id><![CDATA[A1F83G8C2ARO7P]]></marketplace_id>
  <country_code><![CDATA[GB]]></country_code>
  <image_url>https://s.gr-assets.com/assets/nophoto/book/111x148-bcc042a9c91a29c1d680899eff700a03.png</image_url>
  <small_image_url>https://s.gr-assets.com/assets/nophoto/book/50x75-a91bf249278a81aabab721ef782c4a74.png</small_image_url>
  <publication_year>2006</publication_year>
  <publication_month>6</publication_month>
  <publication_day>18</publication_day>
  <publisher></publisher>
  <language_code>en-US</language_code>
  <is_ebook>false</is_ebook>
  <description><![CDATA[Meet Denver, a man raised under plantation-style slavery in Louisiana in the 1960s; a man who escaped, hopping a train to wander, homeless, for eighteen years on the streets of Dallas, Texas. No longer a slave, Denver's life was still hopeless—until God moved. First came a godly woman who prayed, listened, and obeyed. And then came her husband, Ron, an international arts dealer at home in a world of Armani-suited millionaires. And then they all came together. <br /><br />But slavery takes many forms. Deborah discovers that she has cancer. In the face of possible death, she charges her husband to rescue Denver. Who will be saved, and who will be lost? What is the future for these unlikely three? What is God doing? <br /><br /><i>Same Kind of Different As Me</i> is the emotional tale of their story: a telling of pain and laughter, doubt and tears, dug out between the bondages of this earth and the free possibility of heaven. No reader or listener will ever forget it.]]></description>
  <work>
  <id type="integer">421493</id>
  <books_count type="integer">35</books_count>
  <best_book_id type="integer">104189</best_book_id>
  <reviews_count type="integer">97420</reviews_count>
  <ratings_sum type="integer">245211</ratings_sum>
  <ratings_count type="integer">58177</ratings_count>
  <text_reviews_count type="integer">6422</text_reviews_count>
  <original_publication_year type="integer">2005</original_publication_year>
  <original_publication_month type="integer">11</original_publication_month>
  <original_publication_day type="integer">30</original_publication_day>
  <original_title>Same Kind of Different as Me</original_title>
  <original_language_id type="integer" nil="true"/>
  <media_type>book</media_type>
  <rating_dist>5:27691|4:18972|3:8552|2:2250|1:712|total:58177</rating_dist>
  <desc_user_id type="integer">63506028</desc_user_id>
  <default_chaptering_book_id type="integer" nil="true"/>
  <default_description_language_code nil="true"/>
</work>
  <average_rating>4.21</average_rating>
  <num_pages><![CDATA[]]></num_pages>
  <format><![CDATA[]]></format>
  <edition_information><![CDATA[]]></edition_information>
  <ratings_count><![CDATA[53005]]></ratings_count>
  <text_reviews_count><![CDATA[5862]]></text_reviews_count>
  <url><![CDATA[https://www.goodreads.com/book/show/104189.Same_Kind_of_Different_as_Me]]></url>
  <link><![CDATA[https://www.goodreads.com/book/show/104189.Same_Kind_of_Different_as_Me]]></link>
  <authors>
<author>
<id>60229</id>
<name>Ron Hall</name>
<role></role>
<image_url nophoto='false'>
<![CDATA[https://images.gr-assets.com/authors/1297848536p5/60229.jpg]]>
</image_url>
<small_image_url nophoto='false'>
<![CDATA[https://images.gr-assets.com/authors/1297848536p2/60229.jpg]]>
</small_image_url>
<link><![CDATA[https://www.goodreads.com/author/show/60229.Ron_Hall]]></link>
<average_rating>4.21</average_rating>
<ratings_count>60885</ratings_count>
<text_reviews_count>6729</text_reviews_count>
</author>
<author>
<id>60228</id>
<name>Denver Moore</name>
<role></role>
<image_url nophoto='true'>
<![CDATA[https://s.gr-assets.com/assets/nophoto/user/u_200x266-e183445fd1a1b5cc7075bb1cf7043306.png]]>
</image_url>
<small_image_url nophoto='true'>
<![CDATA[https://s.gr-assets.com/assets/nophoto/user/u_50x66-632230dc9882b4352d753eedf9396530.png]]>
</small_image_url>
<link><![CDATA[https://www.goodreads.com/author/show/60228.Denver_Moore]]></link>
<average_rating>4.21</average_rating>
<ratings_count>59969</ratings_count>
<text_reviews_count>6636</text_reviews_count>
</author>
<author>
<id>266797</id>
<name>Lynn Vincent</name>
<role></role>
<image_url nophoto='true'>
<![CDATA[https://s.gr-assets.com/assets/nophoto/user/f_200x266-3061b784cc8e7f021c6430c9aba94587.png]]>
</image_url>
<small_image_url nophoto='true'>
<![CDATA[https://s.gr-assets.com/assets/nophoto/user/f_50x66-6a03a5c12233c941481992b82eea8d23.png]]>
</small_image_url>
<link><![CDATA[https://www.goodreads.com/author/show/266797.Lynn_Vincent]]></link>
<average_rating>4.03</average_rating>
<ratings_count>312557</ratings_count>
<text_reviews_count>22271</text_reviews_count>
</author>
</authors>

    <reviews_widget>
      <![CDATA[
        <style>
  #goodreads-widget {
    font-family: georgia, serif;
    padding: 18px 0;
    width:565px;
  }
  #goodreads-widget h1 {
    font-weight:normal;
    font-size: 16px;
    border-bottom: 1px solid #BBB596;
    margin-bottom: 0;
  }
  #goodreads-widget a {
    text-decoration: none;
    color:#660;
  }
  iframe{
    background-color: #fff;
  }
  #goodreads-widget a:hover { text-decoration: underline; }
  #goodreads-widget a:active {
    color:#660;
  }
  #gr_footer {
    width: 100%;
    border-top: 1px solid #BBB596;
    text-align: right;
  }
  #goodreads-widget .gr_branding{
    color: #382110;
    font-size: 11px;
    text-decoration: none;
    font-family: "Helvetica Neue", Helvetica, Arial, sans-serif;
  }
</style>
<div id="goodreads-widget">
  <div id="gr_header"><h1><a rel="nofollow" href="https://www.goodreads.com/book/show/104189.Same_Kind_of_Different_as_Me">Same Kind of Different as Me Reviews</a></h1></div>
  <iframe id="the_iframe" src="https://www.goodreads.com/api/reviews_widget_iframe?did=DEVELOPER_ID&amp;format=html&amp;isbn=0849900417&amp;links=660&amp;min_rating=&amp;review_back=fff&amp;stars=000&amp;text=000" width="565" height="400" frameborder="0"></iframe>
  <div id="gr_footer">
    <a class="gr_branding" target="_blank" rel="nofollow" href="https://www.goodreads.com/book/show/104189.Same_Kind_of_Different_as_Me?utm_medium=api&amp;utm_source=reviews_widget">Reviews from Goodreads.com</a>
  </div>
</div>

      ]]>
    </reviews_widget>
  <popular_shelves>
      <shelf name="to-read" count="4479"/>
      <shelf name="non-fiction" count="603"/>
      <shelf name="favorites" count="388"/>
      <shelf name="currently-reading" count="275"/>
      <shelf name="nonfiction" count="273"/>
      <shelf name="christian" count="207"/>
      <shelf name="biography" count="177"/>
      <shelf name="books-i-own" count="91"/>
      <shelf name="bookclub" count="77"/>
      <shelf name="fiction" count="73"/>
      <shelf name="faith" count="71"/>
      <shelf name="autobiography" count="55"/>
      <shelf name="religion" count="54"/>
      <shelf name="kindle" count="53"/>
      <shelf name="shelfari-favorites" count="48"/>
      <shelf name="owned" count="48"/>
      <shelf name="spirituality" count="47"/>
      <shelf name="christianity" count="45"/>
      <shelf name="homelessness" count="44"/>
      <shelf name="spiritual" count="44"/>
      <shelf name="biography-memoir" count="40"/>
      <shelf name="biographies" count="39"/>
      <shelf name="book-club" count="38"/>
      <shelf name="book-group" count="37"/>
      <shelf name="library" count="36"/>
      <shelf name="religious" count="31"/>
      <shelf name="adult" count="31"/>
      <shelf name="book-club-reads" count="30"/>
      <shelf name="christian-non-fiction" count="27"/>
      <shelf name="african-american" count="25"/>
      <shelf name="memoir-biography" count="25"/>
      <shelf name="memoir" count="24"/>
      <shelf name="default" count="23"/>
      <shelf name="biographical" count="19"/>
      <shelf name="nook" count="18"/>
      <shelf name="favorite-books" count="17"/>
      <shelf name="owned-books" count="17"/>
      <shelf name="read-in-2010" count="17"/>
      <shelf name="christian-nonfiction" count="16"/>
      <shelf name="historical-fiction" count="16"/>
      <shelf name="own-it" count="16"/>
      <shelf name="my-library" count="15"/>
      <shelf name="memoirs" count="14"/>
      <shelf name="inspiration" count="14"/>
      <shelf name="book-club-picks" count="14"/>
      <shelf name="book-club-read" count="14"/>
      <shelf name="book-club-book" count="14"/>
      <shelf name="historical" count="14"/>
      <shelf name="all-time-favorites" count="13"/>
      <shelf name="my-books" count="12"/>
      <shelf name="home-library" count="12"/>
      <shelf name="read-in-2011" count="12"/>
      <shelf name="southern" count="12"/>
      <shelf name="true-story" count="12"/>
      <shelf name="adult-nonfiction" count="12"/>
      <shelf name="to-buy" count="12"/>
      <shelf name="poverty" count="11"/>
      <shelf name="read-in-2012" count="11"/>
      <shelf name="true-stories" count="11"/>
      <shelf name="i-own" count="11"/>
      <shelf name="homeless" count="11"/>
      <shelf name="ebook" count="11"/>
      <shelf name="texas" count="11"/>
      <shelf name="audio" count="11"/>
      <shelf name="my-favorites" count="11"/>
      <shelf name="history" count="11"/>
      <shelf name="read-in-2017" count="10"/>
      <shelf name="cancer" count="10"/>
      <shelf name="relationships" count="10"/>
      <shelf name="didn-t-finish" count="10"/>
      <shelf name="wish-list" count="10"/>
      <shelf name="book-club-ideas" count="10"/>
      <shelf name="prejudice" count="9"/>
      <shelf name="read-in-2014" count="9"/>
      <shelf name="theology" count="9"/>
      <shelf name="biography-autobiography" count="9"/>
      <shelf name="ebooks" count="9"/>
      <shelf name="christian-fiction" count="9"/>
      <shelf name="book-club-selections" count="9"/>
      <shelf name="novels" count="9"/>
      <shelf name="audio-books" count="8"/>
      <shelf name="read-2011" count="8"/>
      <shelf name="christian-living" count="8"/>
      <shelf name="christian-books" count="8"/>
      <shelf name="finished" count="8"/>
      <shelf name="book-club-selection" count="8"/>
      <shelf name="audiobook" count="8"/>
      <shelf name="adult-non-fiction" count="8"/>
      <shelf name="recommended" count="8"/>
      <shelf name="memoirs-biographies" count="8"/>
      <shelf name="denver-moore" count="7"/>
      <shelf name="overcoming-obstacles" count="7"/>
      <shelf name="book-club-suggestions" count="7"/>
      <shelf name="have" count="7"/>
      <shelf name="read-2012" count="7"/>
      <shelf name="church" count="7"/>
      <shelf name="ron-hall" count="7"/>
      <shelf name="favorite" count="7"/>
      <shelf name="book-clubs" count="7"/>
      <shelf name="inspiring" count="7"/>
  </popular_shelves>
  <book_links>
    <book_link>
  <id>8</id>
  <name>Libraries</name>
  <link>https://www.goodreads.com/book_link/follow/8</link>
</book_link>

  </book_links>
  <buy_links>
    <buy_link>
<id>1</id>
<name>Amazon</name>
<link>https://www.goodreads.com/book_link/follow/1</link>
</buy_link>
<buy_link>
<id>10</id>
<name>Audible</name>
<link>https://www.goodreads.com/book_link/follow/10</link>
</buy_link>
<buy_link>
<id>3</id>
<name>Barnes &amp; Noble</name>
<link>https://www.goodreads.com/book_link/follow/3</link>
</buy_link>
<buy_link>
<id>1027</id>
<name>Kobo</name>
<link>https://www.goodreads.com/book_link/follow/1027</link>
</buy_link>
<buy_link>
<id>2102</id>
<name>Apple iBooks</name>
<link>https://www.goodreads.com/book_link/follow/2102</link>
</buy_link>
<buy_link>
<id>8036</id>
<name>Google Play</name>
<link>https://www.goodreads.com/book_link/follow/8036</link>
</buy_link>
<buy_link>
<id>4</id>
<name>Abebooks</name>
<link>https://www.goodreads.com/book_link/follow/4</link>
</buy_link>
<buy_link>
<id>882</id>
<name>Book Depository</name>
<link>https://www.goodreads.com/book_link/follow/882</link>
</buy_link>
<buy_link>
<id>9</id>
<name>Indigo</name>
<link>https://www.goodreads.com/book_link/follow/9</link>
</buy_link>
<buy_link>
<id>2</id>
<name>Half.com</name>
<link>https://www.goodreads.com/book_link/follow/2</link>
</buy_link>
<buy_link>
<id>5</id>
<name>Alibris</name>
<link>https://www.goodreads.com/book_link/follow/5</link>
</buy_link>
<buy_link>
<id>107</id>
<name>Better World Books</name>
<link>https://www.goodreads.com/book_link/follow/107</link>
</buy_link>
<buy_link>
<id>7</id>
<name>IndieBound</name>
<link>https://www.goodreads.com/book_link/follow/7</link>
</buy_link>

  </buy_links>
  <series_works>
    
  </series_works>
  <similar_books>
          <book>
<id>208767</id>
<title><![CDATA[Under the Overpass: A Journey of Faith on the Streets of America]]></title>
<title_without_series><![CDATA[Under the Overpass: A Journey of Faith on the Streets of America]]></title_without_series>
<link><![CDATA[https://www.goodreads.com/book/show/208767.Under_the_Overpass]]></link>
<small_image_url><![CDATA[https://images.gr-assets.com/books/1418768549s/208767.jpg]]></small_image_url>
<image_url><![CDATA[https://images.gr-assets.com/books/1418768549m/208767.jpg]]></image_url>
<num_pages></num_pages>
<work>
<id>2214264</id>
</work>
<isbn>1590524020</isbn>
<isbn13>9781590524022</isbn13>
<average_rating>4.08</average_rating>
<ratings_count>4216</ratings_count>
<publication_year></publication_year>
<publication_month></publication_month>
<publication_day></publication_day>
<authors>
<author>
<id>122139</id>
<name>Mike Yankoski</name>
<link><![CDATA[https://www.goodreads.com/author/show/122139.Mike_Yankoski]]></link>
</author>
</authors>
</book>

          <book>
<id>5291189</id>
<title><![CDATA[The Hole in Our Gospel: What does God expect of Us? The Answer that Changed my Life and Might Just Change the World]]></title>
<title_without_series><![CDATA[The Hole in Our Gospel: What does God expect of Us? The Answer that Changed my Life and Might Just Change the World]]></title_without_series>
<link><![CDATA[https://www.goodreads.com/book/show/5291189-the-hole-in-our-gospel]]></link>
<small_image_url><![CDATA[https://s.gr-assets.com/assets/nophoto/book/50x75-a91bf249278a81aabab721ef782c4a74.png]]></small_image_url>
<image_url><![CDATA[https://s.gr-assets.com/assets/nophoto/book/111x148-bcc042a9c91a29c1d680899eff700a03.png]]></image_url>
<num_pages></num_pages>
<work>
<id>5358612</id>
</work>
<isbn>0785229183</isbn>
<isbn13>9780785229186</isbn13>
<average_rating>4.18</average_rating>
<ratings_count>9988</ratings_count>
<publication_year></publication_year>
<publication_month></publication_month>
<publication_day></publication_day>
<authors>
<author>
<id>428689</id>
<name>Richard Stearns</name>
<link><![CDATA[https://www.goodreads.com/author/show/428689.Richard_Stearns]]></link>
</author>
</authors>
</book>

          <book>
<id>8458745</id>
<title><![CDATA[Outlive Your Life: You Were Made to Make A Difference]]></title>
<title_without_series><![CDATA[Outlive Your Life: You Were Made to Make A Difference]]></title_without_series>
<link><![CDATA[https://www.goodreads.com/book/show/8458745-outlive-your-life]]></link>
<small_image_url><![CDATA[https://s.gr-assets.com/assets/nophoto/book/50x75-a91bf249278a81aabab721ef782c4a74.png]]></small_image_url>
<image_url><![CDATA[https://s.gr-assets.com/assets/nophoto/book/111x148-bcc042a9c91a29c1d680899eff700a03.png]]></image_url>
<num_pages></num_pages>
<work>
<id>13322927</id>
</work>
<isbn>0849920698</isbn>
<isbn13>9780849920691</isbn13>
<average_rating>4.12</average_rating>
<ratings_count>1514</ratings_count>
<publication_year></publication_year>
<publication_month></publication_month>
<publication_day></publication_day>
<authors>
<author>
<id>2737</id>
<name>Max Lucado</name>
<link><![CDATA[https://www.goodreads.com/author/show/2737.Max_Lucado]]></link>
</author>
</authors>
</book>

          <book>
<id>8414177</id>
<title><![CDATA[Generous Justice: How God's Grace Makes Us Just]]></title>
<title_without_series><![CDATA[Generous Justice: How God's Grace Makes Us Just]]></title_without_series>
<link><![CDATA[https://www.goodreads.com/book/show/8414177-generous-justice]]></link>
<small_image_url><![CDATA[https://s.gr-assets.com/assets/nophoto/book/50x75-a91bf249278a81aabab721ef782c4a74.png]]></small_image_url>
<image_url><![CDATA[https://s.gr-assets.com/assets/nophoto/book/111x148-bcc042a9c91a29c1d680899eff700a03.png]]></image_url>
<num_pages>256</num_pages>
<work>
<id>13275968</id>
</work>
<isbn>0525951903</isbn>
<isbn13>9780525951902</isbn13>
<average_rating>4.24</average_rating>
<ratings_count>3717</ratings_count>
<publication_year>2010</publication_year>
<publication_month>11</publication_month>
<publication_day>2</publication_day>
<authors>
<author>
<id>847789</id>
<name>Timothy J. Keller</name>
<link><![CDATA[https://www.goodreads.com/author/show/847789.Timothy_J_Keller]]></link>
</author>
</authors>
</book>

          <book>
<id>8872336</id>
<title><![CDATA[Bittersweet: Thoughts on Change, Grace, and Learning the Hard Way]]></title>
<title_without_series><![CDATA[Bittersweet: Thoughts on Change, Grace, and Learning the Hard Way]]></title_without_series>
<link><![CDATA[https://www.goodreads.com/book/show/8872336-bittersweet]]></link>
<small_image_url><![CDATA[https://images.gr-assets.com/books/1355086346s/8872336.jpg]]></small_image_url>
<image_url><![CDATA[https://images.gr-assets.com/books/1355086346m/8872336.jpg]]></image_url>
<num_pages>252</num_pages>
<work>
<id>13747943</id>
</work>
<isbn>0310598850</isbn>
<isbn13>9780310598855</isbn13>
<average_rating>4.22</average_rating>
<ratings_count>6011</ratings_count>
<publication_year>2010</publication_year>
<publication_month>8</publication_month>
<publication_day>10</publication_day>
<authors>
<author>
<id>425914</id>
<name>Shauna Niequist</name>
<link><![CDATA[https://www.goodreads.com/author/show/425914.Shauna_Niequist]]></link>
</author>
</authors>
</book>

          <book>
<id>1876415</id>
<title>As I Have Loved You</title>
<title_without_series>As I Have Loved You</title_without_series>
<link><![CDATA[https://www.goodreads.com/book/show/1876415.As_I_Have_Loved_You]]></link>
<small_image_url><![CDATA[https://images.gr-assets.com/books/1333092473s/1876415.jpg]]></small_image_url>
<image_url><![CDATA[https://images.gr-assets.com/books/1333092473m/1876415.jpg]]></image_url>
<num_pages></num_pages>
<work>
<id>2780236</id>
</work>
<isbn>1591560659</isbn>
<isbn13>9781591560654</isbn13>
<average_rating>4.23</average_rating>
<ratings_count>635</ratings_count>
<publication_year></publication_year>
<publication_month></publication_month>
<publication_day></publication_day>
<authors>
<author>
<id>815628</id>
<name>Kitty De Ruyter</name>
<link><![CDATA[https://www.goodreads.com/author/show/815628.Kitty_De_Ruyter]]></link>
</author>
</authors>
</book>

          <book>
<id>6817610</id>
<title><![CDATA[So Long, Insecurity: You've Been a Bad Friend to Us]]></title>
<title_without_series><![CDATA[So Long, Insecurity: You've Been a Bad Friend to Us]]></title_without_series>
<link><![CDATA[https://www.goodreads.com/book/show/6817610-so-long-insecurity]]></link>
<small_image_url><![CDATA[https://images.gr-assets.com/books/1406508216s/6817610.jpg]]></small_image_url>
<image_url><![CDATA[https://images.gr-assets.com/books/1406508216m/6817610.jpg]]></image_url>
<num_pages></num_pages>
<work>
<id>7026187</id>
</work>
<isbn>1414334729</isbn>
<isbn13>9781414334721</isbn13>
<average_rating>4.20</average_rating>
<ratings_count>6247</ratings_count>
<publication_year></publication_year>
<publication_month></publication_month>
<publication_day></publication_day>
<authors>
<author>
<id>10418</id>
<name>Beth Moore</name>
<link><![CDATA[https://www.goodreads.com/author/show/10418.Beth_Moore]]></link>
</author>
</authors>
</book>

          <book>
<id>11281852</id>
<title><![CDATA[Kisses from Katie: A Story of Relentless Love and Redemption]]></title>
<title_without_series><![CDATA[Kisses from Katie: A Story of Relentless Love and Redemption]]></title_without_series>
<link><![CDATA[https://www.goodreads.com/book/show/11281852-kisses-from-katie]]></link>
<small_image_url><![CDATA[https://images.gr-assets.com/books/1306266117s/11281852.jpg]]></small_image_url>
<image_url><![CDATA[https://images.gr-assets.com/books/1306266117m/11281852.jpg]]></image_url>
<num_pages>288</num_pages>
<work>
<id>16209069</id>
</work>
<isbn>1451612060</isbn>
<isbn13>9781451612066</isbn13>
<average_rating>4.40</average_rating>
<ratings_count>22078</ratings_count>
<publication_year>2011</publication_year>
<publication_month>10</publication_month>
<publication_day>4</publication_day>
<authors>
<author>
<id>4875266</id>
<name>Katie J. Davis</name>
<link><![CDATA[https://www.goodreads.com/author/show/4875266.Katie_J_Davis]]></link>
</author>
</authors>
</book>

          <book>
<id>408615</id>
<title><![CDATA[Left to Tell: Discovering God Amidst the Rwandan Holocaust]]></title>
<title_without_series><![CDATA[Left to Tell: Discovering God Amidst the Rwandan Holocaust]]></title_without_series>
<link><![CDATA[https://www.goodreads.com/book/show/408615.Left_to_Tell]]></link>
<small_image_url><![CDATA[https://images.gr-assets.com/books/1328860563s/408615.jpg]]></small_image_url>
<image_url><![CDATA[https://images.gr-assets.com/books/1328860563m/408615.jpg]]></image_url>
<num_pages>214</num_pages>
<work>
<id>69191</id>
</work>
<isbn>1401908977</isbn>
<isbn13>9781401908973</isbn13>
<average_rating>4.43</average_rating>
<ratings_count>31978</ratings_count>
<publication_year>2007</publication_year>
<publication_month>6</publication_month>
<publication_day>1</publication_day>
<authors>
<author>
<id>40411</id>
<name>Immaculée Ilibagiza</name>
<link><![CDATA[https://www.goodreads.com/author/show/40411.Immacul_e_Ilibagiza]]></link>
</author>
</authors>
</book>

          <book>
<id>592849</id>
<title><![CDATA[A Passion For The Impossible: The Life of Lilias Trotter]]></title>
<title_without_series><![CDATA[A Passion For The Impossible: The Life of Lilias Trotter]]></title_without_series>
<link><![CDATA[https://www.goodreads.com/book/show/592849.A_Passion_For_The_Impossible]]></link>
<small_image_url><![CDATA[https://images.gr-assets.com/books/1408934199s/592849.jpg]]></small_image_url>
<image_url><![CDATA[https://images.gr-assets.com/books/1408934199m/592849.jpg]]></image_url>
<num_pages>368</num_pages>
<work>
<id>579586</id>
</work>
<isbn>1572931086</isbn>
<isbn13>9781572931084</isbn13>
<average_rating>4.11</average_rating>
<ratings_count>211</ratings_count>
<publication_year>2003</publication_year>
<publication_month>7</publication_month>
<publication_day>1</publication_day>
<authors>
<author>
<id>322633</id>
<name>Miriam Huffman Rockness</name>
<link><![CDATA[https://www.goodreads.com/author/show/322633.Miriam_Huffman_Rockness]]></link>
</author>
</authors>
</book>

          <book>
<id>226317</id>
<title><![CDATA[Too Small to Ignore: Why Children Are the Next Big Thing]]></title>
<title_without_series><![CDATA[Too Small to Ignore: Why Children Are the Next Big Thing]]></title_without_series>
<link><![CDATA[https://www.goodreads.com/book/show/226317.Too_Small_to_Ignore]]></link>
<small_image_url><![CDATA[https://images.gr-assets.com/books/1491664131s/226317.jpg]]></small_image_url>
<image_url><![CDATA[https://images.gr-assets.com/books/1491664131m/226317.jpg]]></image_url>
<num_pages></num_pages>
<work>
<id>219209</id>
</work>
<isbn>1400070430</isbn>
<isbn13>9781400070435</isbn13>
<average_rating>4.40</average_rating>
<ratings_count>861</ratings_count>
<publication_year></publication_year>
<publication_month></publication_month>
<publication_day></publication_day>
<authors>
<author>
<id>132469</id>
<name>Wess Stafford</name>
<link><![CDATA[https://www.goodreads.com/author/show/132469.Wess_Stafford]]></link>
</author>
</authors>
</book>

          <book>
<id>7061980</id>
<title><![CDATA[Messenger: The Legacy of Mattie J.T. Stepanek and Heartsongs]]></title>
<title_without_series><![CDATA[Messenger: The Legacy of Mattie J.T. Stepanek and Heartsongs]]></title_without_series>
<link><![CDATA[https://www.goodreads.com/book/show/7061980-messenger]]></link>
<small_image_url><![CDATA[https://s.gr-assets.com/assets/nophoto/book/50x75-a91bf249278a81aabab721ef782c4a74.png]]></small_image_url>
<image_url><![CDATA[https://s.gr-assets.com/assets/nophoto/book/111x148-bcc042a9c91a29c1d680899eff700a03.png]]></image_url>
<num_pages></num_pages>
<work>
<id>7314067</id>
</work>
<isbn>0525951423</isbn>
<isbn13>9780525951421</isbn13>
<average_rating>4.38</average_rating>
<ratings_count>488</ratings_count>
<publication_year></publication_year>
<publication_month></publication_month>
<publication_day></publication_day>
<authors>
<author>
<id>3143244</id>
<name>Jeni Stepanek</name>
<link><![CDATA[https://www.goodreads.com/author/show/3143244.Jeni_Stepanek]]></link>
</author>
</authors>
</book>

          <book>
<id>6206003</id>
<title><![CDATA[Interrupted: An Adventure in Relearning the Essentials of Faith (The Navigators Reference Library)]]></title>
<title_without_series><![CDATA[Interrupted: An Adventure in Relearning the Essentials of Faith]]></title_without_series>
<link><![CDATA[https://www.goodreads.com/book/show/6206003-interrupted]]></link>
<small_image_url><![CDATA[https://images.gr-assets.com/books/1372784707s/6206003.jpg]]></small_image_url>
<image_url><![CDATA[https://images.gr-assets.com/books/1372784707m/6206003.jpg]]></image_url>
<num_pages></num_pages>
<work>
<id>6386564</id>
</work>
<isbn>1600062172</isbn>
<isbn13>9781600062179</isbn13>
<average_rating>4.27</average_rating>
<ratings_count>4844</ratings_count>
<publication_year></publication_year>
<publication_month></publication_month>
<publication_day></publication_day>
<authors>
<author>
<id>274706</id>
<name>Jen Hatmaker</name>
<link><![CDATA[https://www.goodreads.com/author/show/274706.Jen_Hatmaker]]></link>
</author>
</authors>
</book>

          <book>
<id>89376</id>
<title>Heaven</title>
<title_without_series>Heaven</title_without_series>
<link><![CDATA[https://www.goodreads.com/book/show/89376.Heaven]]></link>
<small_image_url><![CDATA[https://images.gr-assets.com/books/1406508230s/89376.jpg]]></small_image_url>
<image_url><![CDATA[https://images.gr-assets.com/books/1406508230m/89376.jpg]]></image_url>
<num_pages>533</num_pages>
<work>
<id>86257</id>
</work>
<isbn>0842379428</isbn>
<isbn13>9780842379427</isbn13>
<average_rating>4.26</average_rating>
<ratings_count>7775</ratings_count>
<publication_year></publication_year>
<publication_month></publication_month>
<publication_day></publication_day>
<authors>
<author>
<id>4862</id>
<name>Randy Alcorn</name>
<link><![CDATA[https://www.goodreads.com/author/show/4862.Randy_Alcorn]]></link>
</author>
</authors>
</book>

          <book>
<id>9923943</id>
<title>Surprised by Oxford</title>
<title_without_series>Surprised by Oxford</title_without_series>
<link><![CDATA[https://www.goodreads.com/book/show/9923943-surprised-by-oxford]]></link>
<small_image_url><![CDATA[https://s.gr-assets.com/assets/nophoto/book/50x75-a91bf249278a81aabab721ef782c4a74.png]]></small_image_url>
<image_url><![CDATA[https://s.gr-assets.com/assets/nophoto/book/111x148-bcc042a9c91a29c1d680899eff700a03.png]]></image_url>
<num_pages>456</num_pages>
<work>
<id>14816776</id>
</work>
<isbn>0849946115</isbn>
<isbn13>9780849946110</isbn13>
<average_rating>4.22</average_rating>
<ratings_count>1709</ratings_count>
<publication_year>2011</publication_year>
<publication_month>8</publication_month>
<publication_day>8</publication_day>
<authors>
<author>
<id>1246660</id>
<name>Carolyn Weber</name>
<link><![CDATA[https://www.goodreads.com/author/show/1246660.Carolyn_Weber]]></link>
</author>
</authors>
</book>

          <book>
<id>1999475</id>
<title><![CDATA[A Million Miles in a Thousand Years: What I Learned While Editing My Life]]></title>
<title_without_series><![CDATA[A Million Miles in a Thousand Years: What I Learned While Editing My Life]]></title_without_series>
<link><![CDATA[https://www.goodreads.com/book/show/1999475.A_Million_Miles_in_a_Thousand_Years]]></link>
<small_image_url><![CDATA[https://s.gr-assets.com/assets/nophoto/book/50x75-a91bf249278a81aabab721ef782c4a74.png]]></small_image_url>
<image_url><![CDATA[https://s.gr-assets.com/assets/nophoto/book/111x148-bcc042a9c91a29c1d680899eff700a03.png]]></image_url>
<num_pages></num_pages>
<work>
<id>2003288</id>
</work>
<isbn>0785213066</isbn>
<isbn13>9780785213062</isbn13>
<average_rating>4.18</average_rating>
<ratings_count>20309</ratings_count>
<publication_year>2009</publication_year>
<publication_month>9</publication_month>
<publication_day>29</publication_day>
<authors>
<author>
<id>4829</id>
<name>Donald Miller</name>
<link><![CDATA[https://www.goodreads.com/author/show/4829.Donald_Miller]]></link>
</author>
</authors>
</book>

          <book>
<id>8765461</id>
<title>Choosing to SEE</title>
<title_without_series>Choosing to SEE</title_without_series>
<link><![CDATA[https://www.goodreads.com/book/show/8765461-choosing-to-see]]></link>
<small_image_url><![CDATA[https://s.gr-assets.com/assets/nophoto/book/50x75-a91bf249278a81aabab721ef782c4a74.png]]></small_image_url>
<image_url><![CDATA[https://s.gr-assets.com/assets/nophoto/book/111x148-bcc042a9c91a29c1d680899eff700a03.png]]></image_url>
<num_pages></num_pages>
<work>
<id>13414536</id>
</work>
<isbn>1441213570</isbn>
<isbn13>9781441213570</isbn13>
<average_rating>4.30</average_rating>
<ratings_count>12232</ratings_count>
<publication_year></publication_year>
<publication_month></publication_month>
<publication_day></publication_day>
<authors>
<author>
<id>897625</id>
<name>Mary Beth Chapman</name>
<link><![CDATA[https://www.goodreads.com/author/show/897625.Mary_Beth_Chapman]]></link>
</author>
</authors>
</book>

          <book>
<id>241387</id>
<title>When Crickets Cry</title>
<title_without_series>When Crickets Cry</title_without_series>
<link><![CDATA[https://www.goodreads.com/book/show/241387.When_Crickets_Cry]]></link>
<small_image_url><![CDATA[https://s.gr-assets.com/assets/nophoto/book/50x75-a91bf249278a81aabab721ef782c4a74.png]]></small_image_url>
<image_url><![CDATA[https://s.gr-assets.com/assets/nophoto/book/111x148-bcc042a9c91a29c1d680899eff700a03.png]]></image_url>
<num_pages></num_pages>
<work>
<id>233843</id>
</work>
<isbn>1595540547</isbn>
<isbn13>9781595540546</isbn13>
<average_rating>4.23</average_rating>
<ratings_count>11374</ratings_count>
<publication_year></publication_year>
<publication_month></publication_month>
<publication_day></publication_day>
<authors>
<author>
<id>67487</id>
<name>Charles Martin</name>
<link><![CDATA[https://www.goodreads.com/author/show/67487.Charles_Martin]]></link>
</author>
</authors>
</book>

  </similar_books>
</book>

</GoodreadsResponse>