<?xml version="1.0" encoding="UTF-8"?>
<GoodreadsResponse>
  <Request>
    <authentication>true</authentication>
      <key><![CDATA[all_men_must_serve]]></key>
    <method><![CDATA[book_show]]></method>
  </Request>
  <book>
  <id>10414941</id>
  <title><![CDATA[Catherine the Great: Portrait of a Woman]]></title>
  <isbn><![CDATA[0679456724]]></isbn>
  <isbn13><![CDATA[9780679456728]]></isbn13>
  <asin><![CDATA[]]></asin>
  <kindle_asin><![CDATA[B008HRM69Q]]></kindle_asin>
  <marketplace_id><![CDATA[A1F83G8C2ARO7P]]></marketplace_id>
  <country_code><![CDATA[GB]]></country_code>
  <image_url>https://images.gr-assets.com/books/1403395276m/10414941.jpg</image_url>
  <small_image_url>https://images.gr-assets.com/books/1403395276s/10414941.jpg</small_image_url>
  <publication_year>2011</publication_year>
  <publication_month>11</publication_month>
  <publication_day>8</publication_day>
  <publisher>Random House, Inc. (NY)</publisher>
  <language_code>en-CA</language_code>
  <is_ebook>false</is_ebook>
  <description><![CDATA[Pulitzer Prize winner Massie offers the tale of a princess who went to Russia at 14 and became one of the most powerful women in history. <br /><br />Born into minor German nobility, she transformed herself into an empress by sheer determination. Possessing a brilliant, curious mind, she devoured the works of Enlightenment philosophers, and reaching the throne, tried using their principles to rule the vast, backward empire. She knew or corresponded with notable figures of her time: Voltaire, Diderot, Frederick the Great, Maria Theresa of Austria, Marie Antoinette &amp; John Paul Jones. <br /><br />Wanting to be the “benevolent despot” Montesquieu idealized, she contended with the deeply ingrained realities of Russian life, including serfdom. She persevered, and for 34 years the government, foreign policy, cultural development and welfare of the Russian people were in her hands. She dealt with domestic rebellion, wars &amp; the tides of political change and violence inspired by the French Revolution. Her reputation depended on the perspective of the speaker. She was praised by Voltaire as like the classical philosophers. She was condemned by enemies, mostly foreign, as “the Messalina of the north.” <br /><br />Her family, friends, ministers, generals, lovers and enemies are vividly described. These included her ambitious, scheming mother; her weak, bullying husband, Peter (who left her sexually untouched for nine years after their marriage); her unhappy son &amp; heir, Paul; her beloved grandchildren; and her favorites — the young men from whom she sought companionship and the recapture of youth as well as sex. Here, too, is Gregory Potemkin, her most significant lover &amp; possible husband, with whom she shared a correspondence of love &amp; separation, followed by 17 years of unparalleled mutual achievement. <br /><br />All the qualities that Massie brought to <i>Nicholas &amp; Alexandra</i> and <i>Peter the Great</i> are present: historical accuracy, deep understanding, felicity of style, mastery of detail, ability to shatter myth &amp; a genius for finding and expressing a human drama.]]></description>
  <work>
  <id type="integer">15319151</id>
  <books_count type="integer">33</books_count>
  <best_book_id type="integer">10414941</best_book_id>
  <reviews_count type="integer">231212</reviews_count>
  <ratings_sum type="integer">273342</ratings_sum>
  <ratings_count type="integer">69841</ratings_count>
  <text_reviews_count type="integer">3255</text_reviews_count>
  <original_publication_year type="integer">2011</original_publication_year>
  <original_publication_month type="integer" nil="true"/>
  <original_publication_day type="integer" nil="true"/>
  <original_title>Catherine the Great: Portrait of a Woman</original_title>
  <original_language_id type="integer" nil="true"/>
  <media_type>book</media_type>
  <rating_dist>5:24159|4:25561|3:13346|2:3490|1:3285|total:69841</rating_dist>
  <desc_user_id type="integer">27078093</desc_user_id>
  <default_chaptering_book_id type="integer" nil="true"/>
  <default_description_language_code nil="true"/>
</work>
  <average_rating>3.91</average_rating>
  <num_pages><![CDATA[625]]></num_pages>
  <format><![CDATA[Hardcover]]></format>
  <edition_information><![CDATA[First edition]]></edition_information>
  <ratings_count><![CDATA[66666]]></ratings_count>
  <text_reviews_count><![CDATA[2969]]></text_reviews_count>
  <url><![CDATA[https://www.goodreads.com/book/show/10414941-catherine-the-great]]></url>
  <link><![CDATA[https://www.goodreads.com/book/show/10414941-catherine-the-great]]></link>
  <authors>
<author>
<id>40882</id>
<name>Robert K. Massie</name>
<role></role>
<image_url nophoto='false'>
<![CDATA[https://images.gr-assets.com/authors/1321494482p5/40882.jpg]]>
</image_url>
<small_image_url nophoto='false'>
<![CDATA[https://images.gr-assets.com/authors/1321494482p2/40882.jpg]]>
</small_image_url>
<link><![CDATA[https://www.goodreads.com/author/show/40882.Robert_K_Massie]]></link>
<average_rating>4.07</average_rating>
<ratings_count>146412</ratings_count>
<text_reviews_count>6980</text_reviews_count>
</author>
</authors>

    <reviews_widget>
      <![CDATA[
        <style>
  #goodreads-widget {
    font-family: georgia, serif;
    padding: 18px 0;
    width:565px;
  }
  #goodreads-widget h1 {
    font-weight:normal;
    font-size: 16px;
    border-bottom: 1px solid #BBB596;
    margin-bottom: 0;
  }
  #goodreads-widget a {
    text-decoration: none;
    color:#660;
  }
  iframe{
    background-color: #fff;
  }
  #goodreads-widget a:hover { text-decoration: underline; }
  #goodreads-widget a:active {
    color:#660;
  }
  #gr_footer {
    width: 100%;
    border-top: 1px solid #BBB596;
    text-align: right;
  }
  #goodreads-widget .gr_branding{
    color: #382110;
    font-size: 11px;
    text-decoration: none;
    font-family: "Helvetica Neue", Helvetica, Arial, sans-serif;
  }
</style>
<div id="goodreads-widget">
  <div id="gr_header"><h1><a rel="nofollow" href="https://www.goodreads.com/book/show/10414941-catherine-the-great">Catherine the Great Reviews</a></h1></div>
  <iframe id="the_iframe" src="https://www.goodreads.com/api/reviews_widget_iframe?did=DEVELOPER_ID&amp;format=html&amp;isbn=0679456724&amp;links=660&amp;min_rating=&amp;review_back=fff&amp;stars=000&amp;text=000" width="565" height="400" frameborder="0"></iframe>
  <div id="gr_footer">
    <a class="gr_branding" target="_blank" rel="nofollow" href="https://www.goodreads.com/book/show/10414941-catherine-the-great?utm_medium=api&amp;utm_source=reviews_widget">Reviews from Goodreads.com</a>
  </div>
</div>

      ]]>
    </reviews_widget>
  <popular_shelves>
      <shelf name="to-read" count="47701"/>
      <shelf name="history" count="1435"/>
      <shelf name="biography" count="1317"/>
      <shelf name="non-fiction" count="1021"/>
      <shelf name="currently-reading" count="686"/>
      <shelf name="nonfiction" count="453"/>
      <shelf name="russia" count="328"/>
      <shelf name="biographies" count="254"/>
      <shelf name="historical" count="179"/>
      <shelf name="favorites" count="163"/>
      <shelf name="kindle" count="101"/>
      <shelf name="biography-memoir" count="95"/>
      <shelf name="historical-fiction" count="92"/>
      <shelf name="book-club" count="88"/>
      <shelf name="russian-history" count="82"/>
      <shelf name="library" count="81"/>
      <shelf name="audiobook" count="71"/>
      <shelf name="russian" count="68"/>
      <shelf name="to-buy" count="65"/>
      <shelf name="royalty" count="63"/>
      <shelf name="audiobooks" count="59"/>
      <shelf name="audio" count="59"/>
      <shelf name="owned" count="58"/>
      <shelf name="books-i-own" count="57"/>
      <shelf name="to-read-non-fiction" count="42"/>
      <shelf name="european-history" count="42"/>
      <shelf name="ebook" count="41"/>
      <shelf name="wish-list" count="40"/>
      <shelf name="women" count="38"/>
      <shelf name="memoir-biography" count="38"/>
      <shelf name="europe" count="38"/>
      <shelf name="18th-century" count="38"/>
      <shelf name="politics" count="36"/>
      <shelf name="bio" count="36"/>
      <shelf name="historical-non-fiction" count="31"/>
      <shelf name="catherine-the-great" count="31"/>
      <shelf name="ebooks" count="30"/>
      <shelf name="didn-t-finish" count="28"/>
      <shelf name="bio-memoir" count="28"/>
      <shelf name="biography-autobiography" count="28"/>
      <shelf name="read-in-2012" count="27"/>
      <shelf name="history-biography" count="27"/>
      <shelf name="first-reads" count="27"/>
      <shelf name="biographical" count="25"/>
      <shelf name="did-not-finish" count="25"/>
      <shelf name="memoir" count="25"/>
      <shelf name="adult" count="24"/>
      <shelf name="to-read-nonfiction" count="24"/>
      <shelf name="audible" count="23"/>
      <shelf name="to-read-history" count="23"/>
      <shelf name="bios" count="23"/>
      <shelf name="owned-books" count="21"/>
      <shelf name="audio-book" count="20"/>
      <shelf name="maybe" count="19"/>
      <shelf name="world-history" count="18"/>
      <shelf name="unfinished" count="18"/>
      <shelf name="non-fiction-history" count="18"/>
      <shelf name="default" count="17"/>
      <shelf name="biography-and-memoir" count="17"/>
      <shelf name="abandoned" count="16"/>
      <shelf name="non-fiction-to-read" count="16"/>
      <shelf name="e-book" count="16"/>
      <shelf name="history-russia" count="16"/>
      <shelf name="biographies-memoirs" count="16"/>
      <shelf name="my-books" count="15"/>
      <shelf name="audio-books" count="15"/>
      <shelf name="my-library" count="15"/>
      <shelf name="want-to-read" count="15"/>
      <shelf name="history-books" count="15"/>
      <shelf name="bookclub" count="14"/>
      <shelf name="feminism" count="13"/>
      <shelf name="historical-nonfiction" count="13"/>
      <shelf name="history-to-read" count="13"/>
      <shelf name="imperial-russia" count="13"/>
      <shelf name="read-in-2015" count="12"/>
      <shelf name="read-in-2013" count="12"/>
      <shelf name="on-kindle" count="12"/>
      <shelf name="nonfiction-history" count="12"/>
      <shelf name="e-books" count="12"/>
      <shelf name="nook" count="12"/>
      <shelf name="fiction" count="12"/>
      <shelf name="royals" count="12"/>
      <shelf name="own-to-read" count="11"/>
      <shelf name="library-book" count="11"/>
      <shelf name="overdrive" count="11"/>
      <shelf name="dnf" count="11"/>
      <shelf name="adult-nonfiction" count="11"/>
      <shelf name="nonfiction-to-read" count="11"/>
      <shelf name="history-non-fiction" count="11"/>
      <shelf name="biography-memoirs" count="11"/>
      <shelf name="read-in-2014" count="10"/>
      <shelf name="read-2013" count="10"/>
      <shelf name="listened-to" count="10"/>
      <shelf name="history-nonfiction" count="10"/>
      <shelf name="reviewed" count="10"/>
      <shelf name="2012-books" count="10"/>
      <shelf name="on-hold" count="10"/>
      <shelf name="21st-century" count="10"/>
      <shelf name="biographies-and-memoirs" count="10"/>
      <shelf name="classics" count="9"/>
  </popular_shelves>
  <book_links>
    <book_link>
  <id>8</id>
  <name>Libraries</name>
  <link>https://www.goodreads.com/book_link/follow/8</link>
</book_link>

  </book_links>
  <buy_links>
    <buy_link>
<id>1</id>
<name>Amazon</name>
<link>https://www.goodreads.com/book_link/follow/1</link>
</buy_link>
<buy_link>
<id>10</id>
<name>Audible</name>
<link>https://www.goodreads.com/book_link/follow/10</link>
</buy_link>
<buy_link>
<id>3</id>
<name>Barnes &amp; Noble</name>
<link>https://www.goodreads.com/book_link/follow/3</link>
</buy_link>
<buy_link>
<id>1027</id>
<name>Kobo</name>
<link>https://www.goodreads.com/book_link/follow/1027</link>
</buy_link>
<buy_link>
<id>2102</id>
<name>Apple iBooks</name>
<link>https://www.goodreads.com/book_link/follow/2102</link>
</buy_link>
<buy_link>
<id>8036</id>
<name>Google Play</name>
<link>https://www.goodreads.com/book_link/follow/8036</link>
</buy_link>
<buy_link>
<id>4</id>
<name>Abebooks</name>
<link>https://www.goodreads.com/book_link/follow/4</link>
</buy_link>
<buy_link>
<id>882</id>
<name>Book Depository</name>
<link>https://www.goodreads.com/book_link/follow/882</link>
</buy_link>
<buy_link>
<id>9</id>
<name>Indigo</name>
<link>https://www.goodreads.com/book_link/follow/9</link>
</buy_link>
<buy_link>
<id>2</id>
<name>Half.com</name>
<link>https://www.goodreads.com/book_link/follow/2</link>
</buy_link>
<buy_link>
<id>5</id>
<name>Alibris</name>
<link>https://www.goodreads.com/book_link/follow/5</link>
</buy_link>
<buy_link>
<id>107</id>
<name>Better World Books</name>
<link>https://www.goodreads.com/book_link/follow/107</link>
</buy_link>
<buy_link>
<id>7</id>
<name>IndieBound</name>
<link>https://www.goodreads.com/book_link/follow/7</link>
</buy_link>

  </buy_links>
  <series_works>
    
  </series_works>
  <similar_books>
          <book>
<id>9394077</id>
<title><![CDATA[From Splendor to Revolution: The Romanov Women, 1847--1928]]></title>
<title_without_series><![CDATA[From Splendor to Revolution: The Romanov Women, 1847--1928]]></title_without_series>
<link><![CDATA[https://www.goodreads.com/book/show/9394077-from-splendor-to-revolution]]></link>
<small_image_url><![CDATA[https://images.gr-assets.com/books/1317066859s/9394077.jpg]]></small_image_url>
<image_url><![CDATA[https://images.gr-assets.com/books/1317066859m/9394077.jpg]]></image_url>
<num_pages>512</num_pages>
<work>
<id>14277833</id>
</work>
<isbn>0312371152</isbn>
<isbn13>9780312371159</isbn13>
<average_rating>3.98</average_rating>
<ratings_count>600</ratings_count>
<publication_year>2011</publication_year>
<publication_month>2</publication_month>
<publication_day>15</publication_day>
<authors>
<author>
<id>145132</id>
<name>Julia P. Gelardi</name>
<link><![CDATA[https://www.goodreads.com/author/show/145132.Julia_P_Gelardi]]></link>
</author>
</authors>
</book>

          <book>
<id>152461</id>
<title><![CDATA[Catherine the Great: Love, Sex, and Power]]></title>
<title_without_series><![CDATA[Catherine the Great: Love, Sex, and Power]]></title_without_series>
<link><![CDATA[https://www.goodreads.com/book/show/152461.Catherine_the_Great]]></link>
<small_image_url><![CDATA[https://images.gr-assets.com/books/1312030841s/152461.jpg]]></small_image_url>
<image_url><![CDATA[https://images.gr-assets.com/books/1312030841m/152461.jpg]]></image_url>
<num_pages>566</num_pages>
<work>
<id>2574340</id>
</work>
<isbn>0312328877</isbn>
<isbn13>9780312328870</isbn13>
<average_rating>3.99</average_rating>
<ratings_count>955</ratings_count>
<publication_year>2007</publication_year>
<publication_month>2</publication_month>
<publication_day>6</publication_day>
<authors>
<author>
<id>45969</id>
<name>Virginia Rounding</name>
<link><![CDATA[https://www.goodreads.com/author/show/45969.Virginia_Rounding]]></link>
</author>
</authors>
</book>

          <book>
<id>17149</id>
<title><![CDATA[Love and Louis XIV: The Women in the Life of the Sun King]]></title>
<title_without_series><![CDATA[Love and Louis XIV: The Women in the Life of the Sun King]]></title_without_series>
<link><![CDATA[https://www.goodreads.com/book/show/17149.Love_and_Louis_XIV]]></link>
<small_image_url><![CDATA[https://s.gr-assets.com/assets/nophoto/book/50x75-a91bf249278a81aabab721ef782c4a74.png]]></small_image_url>
<image_url><![CDATA[https://s.gr-assets.com/assets/nophoto/book/111x148-bcc042a9c91a29c1d680899eff700a03.png]]></image_url>
<num_pages>388</num_pages>
<work>
<id>1188279</id>
</work>
<isbn>0385509847</isbn>
<isbn13>9780385509848</isbn13>
<average_rating>3.91</average_rating>
<ratings_count>5201</ratings_count>
<publication_year>2007</publication_year>
<publication_month>3</publication_month>
<publication_day>20</publication_day>
<authors>
<author>
<id>6582</id>
<name>Antonia Fraser</name>
<link><![CDATA[https://www.goodreads.com/author/show/6582.Antonia_Fraser]]></link>
</author>
</authors>
</book>

          <book>
<id>11848081</id>
<title><![CDATA[Sister Queens: The Noble, Tragic Lives of Katherine of Aragon and Juana, Queen of Castile]]></title>
<title_without_series><![CDATA[Sister Queens: The Noble, Tragic Lives of Katherine of Aragon and Juana, Queen of Castile]]></title_without_series>
<link><![CDATA[https://www.goodreads.com/book/show/11848081-sister-queens]]></link>
<small_image_url><![CDATA[https://images.gr-assets.com/books/1320501010s/11848081.jpg]]></small_image_url>
<image_url><![CDATA[https://images.gr-assets.com/books/1320501010m/11848081.jpg]]></image_url>
<num_pages>370</num_pages>
<work>
<id>6908384</id>
</work>
<isbn>0345516044</isbn>
<isbn13>9780345516046</isbn13>
<average_rating>3.75</average_rating>
<ratings_count>2322</ratings_count>
<publication_year>2012</publication_year>
<publication_month>1</publication_month>
<publication_day>31</publication_day>
<authors>
<author>
<id>518990</id>
<name>Julia Fox</name>
<link><![CDATA[https://www.goodreads.com/author/show/518990.Julia_Fox]]></link>
</author>
</authors>
</book>

          <book>
<id>2785115</id>
<title>Becoming Queen</title>
<title_without_series>Becoming Queen</title_without_series>
<link><![CDATA[https://www.goodreads.com/book/show/2785115-becoming-queen]]></link>
<small_image_url><![CDATA[https://images.gr-assets.com/books/1320419727s/2785115.jpg]]></small_image_url>
<image_url><![CDATA[https://images.gr-assets.com/books/1320419727m/2785115.jpg]]></image_url>
<num_pages>432</num_pages>
<work>
<id>2810877</id>
</work>
<isbn>009179479X</isbn>
<isbn13>9780091794798</isbn13>
<average_rating>3.95</average_rating>
<ratings_count>2263</ratings_count>
<publication_year>2008</publication_year>
<publication_month>9</publication_month>
<publication_day>18</publication_day>
<authors>
<author>
<id>16386</id>
<name>Kate Williams</name>
<link><![CDATA[https://www.goodreads.com/author/show/16386.Kate_Williams]]></link>
</author>
</authors>
</book>

          <book>
<id>13538689</id>
<title><![CDATA[Former People: The Final Days of the Russian Aristocracy]]></title>
<title_without_series><![CDATA[Former People: The Final Days of the Russian Aristocracy]]></title_without_series>
<link><![CDATA[https://www.goodreads.com/book/show/13538689-former-people]]></link>
<small_image_url><![CDATA[https://images.gr-assets.com/books/1344317997s/13538689.jpg]]></small_image_url>
<image_url><![CDATA[https://images.gr-assets.com/books/1344317997m/13538689.jpg]]></image_url>
<num_pages>496</num_pages>
<work>
<id>19101039</id>
</work>
<isbn>0374157618</isbn>
<isbn13>9780374157616</isbn13>
<average_rating>3.97</average_rating>
<ratings_count>936</ratings_count>
<publication_year>2012</publication_year>
<publication_month>10</publication_month>
<publication_day>2</publication_day>
<authors>
<author>
<id>6541654</id>
<name>Douglas   Smith</name>
<link><![CDATA[https://www.goodreads.com/author/show/6541654.Douglas_Smith]]></link>
</author>
</authors>
</book>

          <book>
<id>6709606</id>
<title><![CDATA[George, Nicholas and Wilhelm: Three Royal Cousins and the Road to World War I]]></title>
<title_without_series><![CDATA[George, Nicholas and Wilhelm: Three Royal Cousins and the Road to World War I]]></title_without_series>
<link><![CDATA[https://www.goodreads.com/book/show/6709606-george-nicholas-and-wilhelm]]></link>
<small_image_url><![CDATA[https://images.gr-assets.com/books/1320563703s/6709606.jpg]]></small_image_url>
<image_url><![CDATA[https://images.gr-assets.com/books/1320563703m/6709606.jpg]]></image_url>
<num_pages>528</num_pages>
<work>
<id>6905443</id>
</work>
<isbn>1400043638</isbn>
<isbn13>9781400043637</isbn13>
<average_rating>3.99</average_rating>
<ratings_count>2478</ratings_count>
<publication_year>2010</publication_year>
<publication_month>3</publication_month>
<publication_day>23</publication_day>
<authors>
<author>
<id>7499942</id>
<name>Miranda Carter</name>
<link><![CDATA[https://www.goodreads.com/author/show/7499942.Miranda_Carter]]></link>
</author>
</authors>
</book>

          <book>
<id>10211697</id>
<title><![CDATA[Mary Boleyn: The Mistress of Kings]]></title>
<title_without_series><![CDATA[Mary Boleyn: The Mistress of Kings]]></title_without_series>
<link><![CDATA[https://www.goodreads.com/book/show/10211697-mary-boleyn]]></link>
<small_image_url><![CDATA[https://images.gr-assets.com/books/1298297175s/10211697.jpg]]></small_image_url>
<image_url><![CDATA[https://images.gr-assets.com/books/1298297175m/10211697.jpg]]></image_url>
<num_pages>364</num_pages>
<work>
<id>15111170</id>
</work>
<isbn>0345521331</isbn>
<isbn13>9780345521330</isbn13>
<average_rating>3.81</average_rating>
<ratings_count>6224</ratings_count>
<publication_year></publication_year>
<publication_month></publication_month>
<publication_day></publication_day>
<authors>
<author>
<id>6583</id>
<name>Alison Weir</name>
<link><![CDATA[https://www.goodreads.com/author/show/6583.Alison_Weir]]></link>
</author>
</authors>
</book>

          <book>
<id>93659</id>
<title><![CDATA[Tsar: The Lost World of Nicholas and Alexandra]]></title>
<title_without_series><![CDATA[Tsar: The Lost World of Nicholas and Alexandra]]></title_without_series>
<link><![CDATA[https://www.goodreads.com/book/show/93659.Tsar]]></link>
<small_image_url><![CDATA[https://images.gr-assets.com/books/1344264426s/93659.jpg]]></small_image_url>
<image_url><![CDATA[https://images.gr-assets.com/books/1344264426m/93659.jpg]]></image_url>
<num_pages></num_pages>
<work>
<id>90299</id>
</work>
<isbn>0316557889</isbn>
<isbn13>9780316557887</isbn13>
<average_rating>4.24</average_rating>
<ratings_count>1604</ratings_count>
<publication_year></publication_year>
<publication_month></publication_month>
<publication_day></publication_day>
<authors>
<author>
<id>53748</id>
<name>Peter Kurth</name>
<link><![CDATA[https://www.goodreads.com/author/show/53748.Peter_Kurth]]></link>
</author>
</authors>
</book>

          <book>
<id>214920</id>
<title><![CDATA[The Lost King of France: How DNA Solved the Mystery of the Murdered Son of Louis XVI and Marie Antoinette]]></title>
<title_without_series><![CDATA[The Lost King of France: How DNA Solved the Mystery of the Murdered Son of Louis XVI and Marie Antoinette]]></title_without_series>
<link><![CDATA[https://www.goodreads.com/book/show/214920.The_Lost_King_of_France]]></link>
<small_image_url><![CDATA[https://images.gr-assets.com/books/1470456419s/214920.jpg]]></small_image_url>
<image_url><![CDATA[https://images.gr-assets.com/books/1470456419m/214920.jpg]]></image_url>
<num_pages></num_pages>
<work>
<id>1490010</id>
</work>
<isbn>0312320299</isbn>
<isbn13>9780312320294</isbn13>
<average_rating>4.15</average_rating>
<ratings_count>1431</ratings_count>
<publication_year></publication_year>
<publication_month></publication_month>
<publication_day></publication_day>
<authors>
<author>
<id>126005</id>
<name>Deborah Cadbury</name>
<link><![CDATA[https://www.goodreads.com/author/show/126005.Deborah_Cadbury]]></link>
</author>
</authors>
</book>

          <book>
<id>430271</id>
<title><![CDATA[A Lifelong Passion: Nicholas and Alexandra: Their Own Story]]></title>
<title_without_series><![CDATA[A Lifelong Passion: Nicholas and Alexandra: Their Own Story]]></title_without_series>
<link><![CDATA[https://www.goodreads.com/book/show/430271.A_Lifelong_Passion]]></link>
<small_image_url><![CDATA[https://s.gr-assets.com/assets/nophoto/book/50x75-a91bf249278a81aabab721ef782c4a74.png]]></small_image_url>
<image_url><![CDATA[https://s.gr-assets.com/assets/nophoto/book/111x148-bcc042a9c91a29c1d680899eff700a03.png]]></image_url>
<num_pages>688</num_pages>
<work>
<id>419251</id>
</work>
<isbn>0385486731</isbn>
<isbn13>9780385486736</isbn13>
<average_rating>4.17</average_rating>
<ratings_count>1104</ratings_count>
<publication_year>1997</publication_year>
<publication_month>1</publication_month>
<publication_day>20</publication_day>
<authors>
<author>
<id>65521</id>
<name>Andrei Maylunas</name>
<link><![CDATA[https://www.goodreads.com/author/show/65521.Andrei_Maylunas]]></link>
</author>
</authors>
</book>

          <book>
<id>12998548</id>
<title><![CDATA[The Kings' Mistresses: The Liberated Lives of Marie Mancini, Princess Colonna, and Her Sister Hortense, Duchess Mazarin]]></title>
<title_without_series><![CDATA[The Kings' Mistresses: The Liberated Lives of Marie Mancini, Princess Colonna, and Her Sister Hortense, Duchess Mazarin]]></title_without_series>
<link><![CDATA[https://www.goodreads.com/book/show/12998548-the-kings-mistresses]]></link>
<small_image_url><![CDATA[https://images.gr-assets.com/books/1344679017s/12998548.jpg]]></small_image_url>
<image_url><![CDATA[https://images.gr-assets.com/books/1344679017m/12998548.jpg]]></image_url>
<num_pages>256</num_pages>
<work>
<id>18159135</id>
</work>
<isbn>1586488899</isbn>
<isbn13>9781586488895</isbn13>
<average_rating>3.70</average_rating>
<ratings_count>376</ratings_count>
<publication_year></publication_year>
<publication_month></publication_month>
<publication_day></publication_day>
<authors>
<author>
<id>1683826</id>
<name>Elizabeth C. Goldsmith</name>
<link><![CDATA[https://www.goodreads.com/author/show/1683826.Elizabeth_C_Goldsmith]]></link>
</author>
</authors>
</book>

          <book>
<id>2752070</id>
<title><![CDATA[The First Queen of England: The Myth of "Bloody Mary"]]></title>
<title_without_series><![CDATA[The First Queen of England: The Myth of "Bloody Mary"]]></title_without_series>
<link><![CDATA[https://www.goodreads.com/book/show/2752070-the-first-queen-of-england]]></link>
<small_image_url><![CDATA[https://images.gr-assets.com/books/1316130791s/2752070.jpg]]></small_image_url>
<image_url><![CDATA[https://images.gr-assets.com/books/1316130791m/2752070.jpg]]></image_url>
<num_pages>452</num_pages>
<work>
<id>2777768</id>
</work>
<isbn>0312368372</isbn>
<isbn13>9780312368371</isbn13>
<average_rating>4.01</average_rating>
<ratings_count>2753</ratings_count>
<publication_year>2008</publication_year>
<publication_month>7</publication_month>
<publication_day>8</publication_day>
<authors>
<author>
<id>890148</id>
<name>Linda Porter</name>
<link><![CDATA[https://www.goodreads.com/author/show/890148.Linda_Porter]]></link>
</author>
</authors>
</book>

          <book>
<id>182682</id>
<title><![CDATA[Great Catherine: The Life of Catherine the Great, Empress of Russia]]></title>
<title_without_series><![CDATA[Great Catherine: The Life of Catherine the Great, Empress of Russia]]></title_without_series>
<link><![CDATA[https://www.goodreads.com/book/show/182682.Great_Catherine]]></link>
<small_image_url><![CDATA[https://s.gr-assets.com/assets/nophoto/book/50x75-a91bf249278a81aabab721ef782c4a74.png]]></small_image_url>
<image_url><![CDATA[https://s.gr-assets.com/assets/nophoto/book/111x148-bcc042a9c91a29c1d680899eff700a03.png]]></image_url>
<num_pages>400</num_pages>
<work>
<id>2159939</id>
</work>
<isbn>0312135033</isbn>
<isbn13>9780312135034</isbn13>
<average_rating>3.82</average_rating>
<ratings_count>871</ratings_count>
<publication_year>1995</publication_year>
<publication_month>8</publication_month>
<publication_day>15</publication_day>
<authors>
<author>
<id>6597</id>
<name>Carolly Erickson</name>
<link><![CDATA[https://www.goodreads.com/author/show/6597.Carolly_Erickson]]></link>
</author>
</authors>
</book>

          <book>
<id>255134</id>
<title><![CDATA[Catherine de Medici: Renaissance Queen of France]]></title>
<title_without_series><![CDATA[Catherine de Medici: Renaissance Queen of France]]></title_without_series>
<link><![CDATA[https://www.goodreads.com/book/show/255134.Catherine_de_Medici]]></link>
<small_image_url><![CDATA[https://images.gr-assets.com/books/1407107291s/255134.jpg]]></small_image_url>
<image_url><![CDATA[https://images.gr-assets.com/books/1407107291m/255134.jpg]]></image_url>
<num_pages>464</num_pages>
<work>
<id>247261</id>
</work>
<isbn>0060744936</isbn>
<isbn13>9780060744939</isbn13>
<average_rating>3.95</average_rating>
<ratings_count>4685</ratings_count>
<publication_year>2006</publication_year>
<publication_month>3</publication_month>
<publication_day>14</publication_day>
<authors>
<author>
<id>149082</id>
<name>Leonie Frieda</name>
<link><![CDATA[https://www.goodreads.com/author/show/149082.Leonie_Frieda]]></link>
</author>
</authors>
</book>

          <book>
<id>252676</id>
<title><![CDATA[Queen Victoria: A Personal History]]></title>
<title_without_series><![CDATA[Queen Victoria: A Personal History]]></title_without_series>
<link><![CDATA[https://www.goodreads.com/book/show/252676.Queen_Victoria]]></link>
<small_image_url><![CDATA[https://s.gr-assets.com/assets/nophoto/book/50x75-a91bf249278a81aabab721ef782c4a74.png]]></small_image_url>
<image_url><![CDATA[https://s.gr-assets.com/assets/nophoto/book/111x148-bcc042a9c91a29c1d680899eff700a03.png]]></image_url>
<num_pages>554</num_pages>
<work>
<id>244848</id>
</work>
<isbn>0306810859</isbn>
<isbn13>9780306810855</isbn13>
<average_rating>4.00</average_rating>
<ratings_count>927</ratings_count>
<publication_year>2001</publication_year>
<publication_month>11</publication_month>
<publication_day>29</publication_day>
<authors>
<author>
<id>62108</id>
<name>Christopher Hibbert</name>
<link><![CDATA[https://www.goodreads.com/author/show/62108.Christopher_Hibbert]]></link>
</author>
</authors>
</book>

          <book>
<id>97401</id>
<title><![CDATA[Natasha's Dance: A Cultural History of Russia]]></title>
<title_without_series><![CDATA[Natasha's Dance: A Cultural History of Russia]]></title_without_series>
<link><![CDATA[https://www.goodreads.com/book/show/97401.Natasha_s_Dance]]></link>
<small_image_url><![CDATA[https://images.gr-assets.com/books/1388803938s/97401.jpg]]></small_image_url>
<image_url><![CDATA[https://images.gr-assets.com/books/1388803938m/97401.jpg]]></image_url>
<num_pages>729</num_pages>
<work>
<id>937790</id>
</work>
<isbn>0312421958</isbn>
<isbn13>9780312421953</isbn13>
<average_rating>4.16</average_rating>
<ratings_count>2230</ratings_count>
<publication_year></publication_year>
<publication_month></publication_month>
<publication_day></publication_day>
<authors>
<author>
<id>21461</id>
<name>Orlando Figes</name>
<link><![CDATA[https://www.goodreads.com/author/show/21461.Orlando_Figes]]></link>
</author>
</authors>
</book>

          <book>
<id>381713</id>
<title><![CDATA[Elizabeth and Mary: Cousins, Rivals, Queens]]></title>
<title_without_series><![CDATA[Elizabeth and Mary: Cousins, Rivals, Queens]]></title_without_series>
<link><![CDATA[https://www.goodreads.com/book/show/381713.Elizabeth_and_Mary]]></link>
<small_image_url><![CDATA[https://s.gr-assets.com/assets/nophoto/book/50x75-a91bf249278a81aabab721ef782c4a74.png]]></small_image_url>
<image_url><![CDATA[https://s.gr-assets.com/assets/nophoto/book/111x148-bcc042a9c91a29c1d680899eff700a03.png]]></image_url>
<num_pages></num_pages>
<work>
<id>371491</id>
</work>
<isbn>0375708200</isbn>
<isbn13>9780375708206</isbn13>
<average_rating>4.04</average_rating>
<ratings_count>9215</ratings_count>
<publication_year></publication_year>
<publication_month></publication_month>
<publication_day></publication_day>
<authors>
<author>
<id>67300</id>
<name>Jane Dunn</name>
<link><![CDATA[https://www.goodreads.com/author/show/67300.Jane_Dunn]]></link>
</author>
</authors>
</book>

  </similar_books>
</book>

</GoodreadsResponse>