<?xml version="1.0" encoding="UTF-8"?>
<GoodreadsResponse>
  <Request>
    <authentication>true</authentication>
      <key><![CDATA[all_men_must_serve]]></key>
    <method><![CDATA[book_show]]></method>
  </Request>
  <book>
  <id>104219</id>
  <title>Low Country</title>
  <isbn><![CDATA[0061093327]]></isbn>
  <isbn13><![CDATA[9780061093326]]></isbn13>
  <asin><![CDATA[]]></asin>
  <kindle_asin><![CDATA[B000FCKL3Y]]></kindle_asin>
  <marketplace_id><![CDATA[A1F83G8C2ARO7P]]></marketplace_id>
  <country_code><![CDATA[GB]]></country_code>
  <image_url>https://s.gr-assets.com/assets/nophoto/book/111x148-bcc042a9c91a29c1d680899eff700a03.png</image_url>
  <small_image_url>https://s.gr-assets.com/assets/nophoto/book/50x75-a91bf249278a81aabab721ef782c4a74.png</small_image_url>
  <publication_year></publication_year>
  <publication_month></publication_month>
  <publication_day></publication_day>
  <publisher></publisher>
  <language_code>eng</language_code>
  <is_ebook>false</is_ebook>
  <description><![CDATA[Caroline Venable has everything her Southern heritage promised: money, prestige, a powerful husband --- and a predictable routine of country-club luncheons, cocktail parties, and dinners hosting her husband's wealthy friends, clients, and associates in his successful land-developing conglomerate. <br /><br />To escape her stifling routine, Caro drinks a little too much. But her true solace is the Lowcountry island her beloved Granddaddy left her --- an oasis of breathtaking beauty that is home to a band of wild ponies. When Caro learns that her husband must develop the island or lose the business, she is devastated. The Lowcountry is her heritage --- and what will happen to the ponies whose spirit and freedom have captivated her since childhood?<br /><br />Saving the island could cost Caroline more than she ever imagined. To succeed, she must confront the part of herself numbed by alcohol and careful avoidance --- and shatter long-held ideals about her role in society, her marriage, and ultimately, herself.]]></description>
  <work>
  <id type="integer">2758130</id>
  <books_count type="integer">25</books_count>
  <best_book_id type="integer">104219</best_book_id>
  <reviews_count type="integer">20862</reviews_count>
  <ratings_sum type="integer">65694</ratings_sum>
  <ratings_count type="integer">16591</ratings_count>
  <text_reviews_count type="integer">166</text_reviews_count>
  <original_publication_year type="integer">1998</original_publication_year>
  <original_publication_month type="integer">1</original_publication_month>
  <original_publication_day type="integer">1</original_publication_day>
  <original_title>Low Country</original_title>
  <original_language_id type="integer" nil="true"/>
  <media_type>book</media_type>
  <rating_dist>5:5195|4:6475|3:4149|2:600|1:172|total:16591</rating_dist>
  <desc_user_id type="integer" nil="true"/>
  <default_chaptering_book_id type="integer" nil="true"/>
  <default_description_language_code nil="true"/>
</work>
  <average_rating>3.96</average_rating>
  <num_pages><![CDATA[]]></num_pages>
  <format><![CDATA[]]></format>
  <edition_information><![CDATA[]]></edition_information>
  <ratings_count><![CDATA[16369]]></ratings_count>
  <text_reviews_count><![CDATA[159]]></text_reviews_count>
  <url><![CDATA[https://www.goodreads.com/book/show/104219.Low_Country]]></url>
  <link><![CDATA[https://www.goodreads.com/book/show/104219.Low_Country]]></link>
  <authors>
<author>
<id>6946</id>
<name>Anne Rivers Siddons</name>
<role></role>
<image_url nophoto='false'>
<![CDATA[https://images.gr-assets.com/authors/1404933095p5/6946.jpg]]>
</image_url>
<small_image_url nophoto='false'>
<![CDATA[https://images.gr-assets.com/authors/1404933095p2/6946.jpg]]>
</small_image_url>
<link><![CDATA[https://www.goodreads.com/author/show/6946.Anne_Rivers_Siddons]]></link>
<average_rating>3.75</average_rating>
<ratings_count>102384</ratings_count>
<text_reviews_count>6020</text_reviews_count>
</author>
</authors>

    <reviews_widget>
      <![CDATA[
        <style>
  #goodreads-widget {
    font-family: georgia, serif;
    padding: 18px 0;
    width:565px;
  }
  #goodreads-widget h1 {
    font-weight:normal;
    font-size: 16px;
    border-bottom: 1px solid #BBB596;
    margin-bottom: 0;
  }
  #goodreads-widget a {
    text-decoration: none;
    color:#660;
  }
  iframe{
    background-color: #fff;
  }
  #goodreads-widget a:hover { text-decoration: underline; }
  #goodreads-widget a:active {
    color:#660;
  }
  #gr_footer {
    width: 100%;
    border-top: 1px solid #BBB596;
    text-align: right;
  }
  #goodreads-widget .gr_branding{
    color: #382110;
    font-size: 11px;
    text-decoration: none;
    font-family: "Helvetica Neue", Helvetica, Arial, sans-serif;
  }
</style>
<div id="goodreads-widget">
  <div id="gr_header"><h1><a rel="nofollow" href="https://www.goodreads.com/book/show/104219.Low_Country">Low Country Reviews</a></h1></div>
  <iframe id="the_iframe" src="https://www.goodreads.com/api/reviews_widget_iframe?did=DEVELOPER_ID&amp;format=html&amp;isbn=0061093327&amp;links=660&amp;min_rating=&amp;review_back=fff&amp;stars=000&amp;text=000" width="565" height="400" frameborder="0"></iframe>
  <div id="gr_footer">
    <a class="gr_branding" target="_blank" rel="nofollow" href="https://www.goodreads.com/book/show/104219.Low_Country?utm_medium=api&amp;utm_source=reviews_widget">Reviews from Goodreads.com</a>
  </div>
</div>

      ]]>
    </reviews_widget>
  <popular_shelves>
      <shelf name="to-read" count="751"/>
      <shelf name="fiction" count="97"/>
      <shelf name="currently-reading" count="42"/>
      <shelf name="southern" count="27"/>
      <shelf name="anne-rivers-siddons" count="21"/>
      <shelf name="chick-lit" count="17"/>
      <shelf name="southern-fiction" count="12"/>
      <shelf name="owned" count="9"/>
      <shelf name="default" count="8"/>
      <shelf name="general-fiction" count="8"/>
      <shelf name="books-i-own" count="8"/>
      <shelf name="contemporary" count="7"/>
      <shelf name="contemporary-fiction" count="7"/>
      <shelf name="adult" count="6"/>
      <shelf name="women-s-fiction" count="6"/>
      <shelf name="southern-lit" count="6"/>
      <shelf name="womens-fiction" count="6"/>
      <shelf name="owned-books" count="5"/>
      <shelf name="library" count="5"/>
      <shelf name="favorites" count="4"/>
      <shelf name="didn-t-finish" count="4"/>
      <shelf name="siddons-anne-rivers" count="4"/>
      <shelf name="beach-reads" count="4"/>
      <shelf name="novel" count="4"/>
      <shelf name="romance" count="4"/>
      <shelf name="audiobooks" count="3"/>
      <shelf name="books-owned" count="3"/>
      <shelf name="done" count="3"/>
      <shelf name="south-carolina" count="3"/>
      <shelf name="mystery" count="3"/>
      <shelf name="books" count="3"/>
      <shelf name="american" count="3"/>
      <shelf name="e-book" count="3"/>
      <shelf name="family" count="3"/>
      <shelf name="audio-book" count="3"/>
      <shelf name="drama" count="3"/>
      <shelf name="on-shelf" count="2"/>
      <shelf name="beach-ocean" count="2"/>
      <shelf name="anne-river-siddons" count="2"/>
      <shelf name="1999" count="2"/>
      <shelf name="audiobook" count="2"/>
      <shelf name="in-library" count="2"/>
      <shelf name="beach" count="2"/>
      <shelf name="southern-comfort" count="2"/>
      <shelf name="historical-fiction" count="2"/>
      <shelf name="southern-novels" count="2"/>
      <shelf name="american-south" count="2"/>
      <shelf name="have" count="2"/>
      <shelf name="southern-writers" count="2"/>
      <shelf name="paperback" count="2"/>
      <shelf name="loved" count="2"/>
      <shelf name="women" count="2"/>
      <shelf name="anne-rivers-siddon" count="2"/>
      <shelf name="book-club" count="2"/>
      <shelf name="did-not-finish" count="2"/>
      <shelf name="siddons" count="2"/>
      <shelf name="e-books" count="2"/>
      <shelf name="favorite-author" count="2"/>
      <shelf name="2001" count="2"/>
      <shelf name="woman-s-fiction" count="2"/>
      <shelf name="the-south" count="2"/>
      <shelf name="summer-books" count="2"/>
      <shelf name="relationships" count="2"/>
      <shelf name="chicklit" count="2"/>
      <shelf name="2002" count="2"/>
      <shelf name="read-2017" count="1"/>
      <shelf name="own-book" count="1"/>
      <shelf name="2013-reading-list" count="1"/>
      <shelf name="wilkes-public-library" count="1"/>
      <shelf name="overdrive-audible" count="1"/>
      <shelf name="hl-g" count="1"/>
      <shelf name="ipod" count="1"/>
      <shelf name="adult-fiction" count="1"/>
      <shelf name="meh-meh-meh" count="1"/>
      <shelf name="1-my-ex-collection" count="1"/>
      <shelf name="all" count="1"/>
      <shelf name="triangles" count="1"/>
      <shelf name="psychological-fiction" count="1"/>
      <shelf name="men-women-relations" count="1"/>
      <shelf name="marriage" count="1"/>
      <shelf name="marital-conflict" count="1"/>
      <shelf name="islands" count="1"/>
      <shelf name="drinking" count="1"/>
      <shelf name="read-before-2016" count="1"/>
      <shelf name="kindle" count="1"/>
      <shelf name="collection-to-read" count="1"/>
      <shelf name="not-ebook-avail" count="1"/>
      <shelf name="funplunge" count="1"/>
      <shelf name="2017-chunkster-challenge" count="1"/>
      <shelf name="tbr-jar" count="1"/>
      <shelf name="short-list" count="1"/>
      <shelf name="modern-fiction" count="1"/>
      <shelf name="read-donated" count="1"/>
      <shelf name="owned-and-unread" count="1"/>
      <shelf name="book-on-cd" count="1"/>
      <shelf name="chick-lit-genre" count="1"/>
      <shelf name="e-library-ebook" count="1"/>
      <shelf name="re-reads" count="1"/>
      <shelf name="drama-adult-fiction" count="1"/>
      <shelf name="_own-hard" count="1"/>
  </popular_shelves>
  <book_links>
    <book_link>
  <id>8</id>
  <name>Libraries</name>
  <link>https://www.goodreads.com/book_link/follow/8</link>
</book_link>

  </book_links>
  <buy_links>
    <buy_link>
<id>1</id>
<name>Amazon</name>
<link>https://www.goodreads.com/book_link/follow/1</link>
</buy_link>
<buy_link>
<id>10</id>
<name>Audible</name>
<link>https://www.goodreads.com/book_link/follow/10</link>
</buy_link>
<buy_link>
<id>3</id>
<name>Barnes &amp; Noble</name>
<link>https://www.goodreads.com/book_link/follow/3</link>
</buy_link>
<buy_link>
<id>1027</id>
<name>Kobo</name>
<link>https://www.goodreads.com/book_link/follow/1027</link>
</buy_link>
<buy_link>
<id>2102</id>
<name>Apple iBooks</name>
<link>https://www.goodreads.com/book_link/follow/2102</link>
</buy_link>
<buy_link>
<id>8036</id>
<name>Google Play</name>
<link>https://www.goodreads.com/book_link/follow/8036</link>
</buy_link>
<buy_link>
<id>4</id>
<name>Abebooks</name>
<link>https://www.goodreads.com/book_link/follow/4</link>
</buy_link>
<buy_link>
<id>882</id>
<name>Book Depository</name>
<link>https://www.goodreads.com/book_link/follow/882</link>
</buy_link>
<buy_link>
<id>9</id>
<name>Indigo</name>
<link>https://www.goodreads.com/book_link/follow/9</link>
</buy_link>
<buy_link>
<id>2</id>
<name>Half.com</name>
<link>https://www.goodreads.com/book_link/follow/2</link>
</buy_link>
<buy_link>
<id>5</id>
<name>Alibris</name>
<link>https://www.goodreads.com/book_link/follow/5</link>
</buy_link>
<buy_link>
<id>107</id>
<name>Better World Books</name>
<link>https://www.goodreads.com/book_link/follow/107</link>
</buy_link>
<buy_link>
<id>7</id>
<name>IndieBound</name>
<link>https://www.goodreads.com/book_link/follow/7</link>
</buy_link>

  </buy_links>
  <series_works>
    
  </series_works>
  <similar_books>
          <book>
<id>65398</id>
<title><![CDATA[Shem Creek (Lowcountry Tales, #4)]]></title>
<title_without_series>Shem Creek</title_without_series>
<link><![CDATA[https://www.goodreads.com/book/show/65398.Shem_Creek]]></link>
<small_image_url><![CDATA[https://s.gr-assets.com/assets/nophoto/book/50x75-a91bf249278a81aabab721ef782c4a74.png]]></small_image_url>
<image_url><![CDATA[https://s.gr-assets.com/assets/nophoto/book/111x148-bcc042a9c91a29c1d680899eff700a03.png]]></image_url>
<num_pages>384</num_pages>
<work>
<id>63449</id>
</work>
<isbn>0425203875</isbn>
<isbn13>9780425203873</isbn13>
<average_rating>4.04</average_rating>
<ratings_count>7167</ratings_count>
<publication_year>2005</publication_year>
<publication_month>5</publication_month>
<publication_day>3</publication_day>
<authors>
<author>
<id>36935</id>
<name>Dorothea Benton Frank</name>
<link><![CDATA[https://www.goodreads.com/author/show/36935.Dorothea_Benton_Frank]]></link>
</author>
</authors>
</book>

          <book>
<id>1179814</id>
<title>Homecoming</title>
<title_without_series>Homecoming</title_without_series>
<link><![CDATA[https://www.goodreads.com/book/show/1179814.Homecoming]]></link>
<small_image_url><![CDATA[https://images.gr-assets.com/books/1403166655s/1179814.jpg]]></small_image_url>
<image_url><![CDATA[https://images.gr-assets.com/books/1403166655m/1179814.jpg]]></image_url>
<num_pages>249</num_pages>
<work>
<id>549897</id>
</work>
<isbn>0440225272</isbn>
<isbn13>9780440225270</isbn13>
<average_rating>3.94</average_rating>
<ratings_count>6951</ratings_count>
<publication_year>1998</publication_year>
<publication_month>10</publication_month>
<publication_day>13</publication_day>
<authors>
<author>
<id>10209</id>
<name>Belva Plain</name>
<link><![CDATA[https://www.goodreads.com/author/show/10209.Belva_Plain]]></link>
</author>
</authors>
</book>

          <book>
<id>242135</id>
<title>Sweetgrass</title>
<title_without_series>Sweetgrass</title_without_series>
<link><![CDATA[https://www.goodreads.com/book/show/242135.Sweetgrass]]></link>
<small_image_url><![CDATA[https://images.gr-assets.com/books/1173052528s/242135.jpg]]></small_image_url>
<image_url><![CDATA[https://images.gr-assets.com/books/1173052528m/242135.jpg]]></image_url>
<num_pages>441</num_pages>
<work>
<id>2900347</id>
</work>
<isbn>0778323064</isbn>
<isbn13>9780778323068</isbn13>
<average_rating>4.07</average_rating>
<ratings_count>5009</ratings_count>
<publication_year>2006</publication_year>
<publication_month>6</publication_month>
<publication_day>1</publication_day>
<authors>
<author>
<id>5080</id>
<name>Mary Alice Monroe</name>
<link><![CDATA[https://www.goodreads.com/author/show/5080.Mary_Alice_Monroe]]></link>
</author>
</authors>
</book>

          <book>
<id>499749</id>
<title>Starting Over</title>
<title_without_series>Starting Over</title_without_series>
<link><![CDATA[https://www.goodreads.com/book/show/499749.Starting_Over]]></link>
<small_image_url><![CDATA[https://images.gr-assets.com/books/1311990905s/499749.jpg]]></small_image_url>
<image_url><![CDATA[https://images.gr-assets.com/books/1311990905m/499749.jpg]]></image_url>
<num_pages>416</num_pages>
<work>
<id>487863</id>
</work>
<isbn>0312983417</isbn>
<isbn13>9780312983413</isbn13>
<average_rating>3.88</average_rating>
<ratings_count>3342</ratings_count>
<publication_year>2003</publication_year>
<publication_month>1</publication_month>
<publication_day>20</publication_day>
<authors>
<author>
<id>44557</id>
<name>Robin Pilcher</name>
<link><![CDATA[https://www.goodreads.com/author/show/44557.Robin_Pilcher]]></link>
</author>
</authors>
</book>

          <book>
<id>132274</id>
<title>Coast Road</title>
<title_without_series>Coast Road</title_without_series>
<link><![CDATA[https://www.goodreads.com/book/show/132274.Coast_Road]]></link>
<small_image_url><![CDATA[https://images.gr-assets.com/books/1402223513s/132274.jpg]]></small_image_url>
<image_url><![CDATA[https://images.gr-assets.com/books/1402223513m/132274.jpg]]></image_url>
<num_pages>480</num_pages>
<work>
<id>3026065</id>
</work>
<isbn>0743467175</isbn>
<isbn13>9780743467179</isbn13>
<average_rating>4.00</average_rating>
<ratings_count>8154</ratings_count>
<publication_year>2003</publication_year>
<publication_month>1</publication_month>
<publication_day>1</publication_day>
<authors>
<author>
<id>36492</id>
<name>Barbara Delinsky</name>
<link><![CDATA[https://www.goodreads.com/author/show/36492.Barbara_Delinsky]]></link>
</author>
</authors>
</book>

          <book>
<id>116054</id>
<title>Winter Solstice</title>
<title_without_series>Winter Solstice</title_without_series>
<link><![CDATA[https://www.goodreads.com/book/show/116054.Winter_Solstice]]></link>
<small_image_url><![CDATA[https://s.gr-assets.com/assets/nophoto/book/50x75-a91bf249278a81aabab721ef782c4a74.png]]></small_image_url>
<image_url><![CDATA[https://s.gr-assets.com/assets/nophoto/book/111x148-bcc042a9c91a29c1d680899eff700a03.png]]></image_url>
<num_pages>698</num_pages>
<work>
<id>2067411</id>
</work>
<isbn>0340752483</isbn>
<isbn13>9780340752487</isbn13>
<average_rating>4.15</average_rating>
<ratings_count>17437</ratings_count>
<publication_year>2011</publication_year>
<publication_month>4</publication_month>
<publication_day>12</publication_day>
<authors>
<author>
<id>20849</id>
<name>Rosamunde Pilcher</name>
<link><![CDATA[https://www.goodreads.com/author/show/20849.Rosamunde_Pilcher]]></link>
</author>
</authors>
</book>

          <book>
<id>209809</id>
<title>The Sunday Wife</title>
<title_without_series>The Sunday Wife</title_without_series>
<link><![CDATA[https://www.goodreads.com/book/show/209809.The_Sunday_Wife]]></link>
<small_image_url><![CDATA[https://s.gr-assets.com/assets/nophoto/book/50x75-a91bf249278a81aabab721ef782c4a74.png]]></small_image_url>
<image_url><![CDATA[https://s.gr-assets.com/assets/nophoto/book/111x148-bcc042a9c91a29c1d680899eff700a03.png]]></image_url>
<num_pages>537</num_pages>
<work>
<id>1563565</id>
</work>
<isbn>0786890703</isbn>
<isbn13>9780786890705</isbn13>
<average_rating>3.78</average_rating>
<ratings_count>3969</ratings_count>
<publication_year>2005</publication_year>
<publication_month>1</publication_month>
<publication_day>1</publication_day>
<authors>
<author>
<id>7136628</id>
<name>Cassandra    King</name>
<link><![CDATA[https://www.goodreads.com/author/show/7136628.Cassandra_King]]></link>
</author>
</authors>
</book>

          <book>
<id>85448</id>
<title>The Great Santini</title>
<title_without_series>The Great Santini</title_without_series>
<link><![CDATA[https://www.goodreads.com/book/show/85448.The_Great_Santini]]></link>
<small_image_url><![CDATA[https://images.gr-assets.com/books/1442599829s/85448.jpg]]></small_image_url>
<image_url><![CDATA[https://images.gr-assets.com/books/1442599829m/85448.jpg]]></image_url>
<num_pages>440</num_pages>
<work>
<id>517820</id>
</work>
<isbn>0553268929</isbn>
<isbn13>9780553268928</isbn13>
<average_rating>4.13</average_rating>
<ratings_count>25201</ratings_count>
<publication_year>1987</publication_year>
<publication_month>12</publication_month>
<publication_day>1</publication_day>
<authors>
<author>
<id>6942</id>
<name>Pat Conroy</name>
<link><![CDATA[https://www.goodreads.com/author/show/6942.Pat_Conroy]]></link>
</author>
</authors>
</book>

          <book>
<id>8155</id>
<title><![CDATA[A Woman of Substance (Emma Harte Saga #1)]]></title>
<title_without_series>A Woman of Substance</title_without_series>
<link><![CDATA[https://www.goodreads.com/book/show/8155.A_Woman_of_Substance]]></link>
<small_image_url><![CDATA[https://images.gr-assets.com/books/1330029941s/8155.jpg]]></small_image_url>
<image_url><![CDATA[https://images.gr-assets.com/books/1330029941m/8155.jpg]]></image_url>
<num_pages>928</num_pages>
<work>
<id>87</id>
</work>
<isbn>031235326X</isbn>
<isbn13>9780312353261</isbn13>
<average_rating>4.16</average_rating>
<ratings_count>32949</ratings_count>
<publication_year>2005</publication_year>
<publication_month>12</publication_month>
<publication_day>1</publication_day>
<authors>
<author>
<id>5353</id>
<name>Barbara Taylor Bradford</name>
<link><![CDATA[https://www.goodreads.com/author/show/5353.Barbara_Taylor_Bradford]]></link>
</author>
</authors>
</book>

          <book>
<id>41967</id>
<title>Evening Class</title>
<title_without_series>Evening Class</title_without_series>
<link><![CDATA[https://www.goodreads.com/book/show/41967.Evening_Class]]></link>
<small_image_url><![CDATA[https://images.gr-assets.com/books/1368673760s/41967.jpg]]></small_image_url>
<image_url><![CDATA[https://images.gr-assets.com/books/1368673760m/41967.jpg]]></image_url>
<num_pages>528</num_pages>
<work>
<id>1004459</id>
</work>
<isbn>0752876821</isbn>
<isbn13>9780752876825</isbn13>
<average_rating>3.98</average_rating>
<ratings_count>34568</ratings_count>
<publication_year>2005</publication_year>
<publication_month>6</publication_month>
<publication_day>30</publication_day>
<authors>
<author>
<id>3532</id>
<name>Maeve Binchy</name>
<link><![CDATA[https://www.goodreads.com/author/show/3532.Maeve_Binchy]]></link>
</author>
</authors>
</book>

          <book>
<id>331158</id>
<title>A Week in Winter</title>
<title_without_series>A Week in Winter</title_without_series>
<link><![CDATA[https://www.goodreads.com/book/show/331158.A_Week_in_Winter]]></link>
<small_image_url><![CDATA[https://images.gr-assets.com/books/1311995221s/331158.jpg]]></small_image_url>
<image_url><![CDATA[https://images.gr-assets.com/books/1311995221m/331158.jpg]]></image_url>
<num_pages>416</num_pages>
<work>
<id>2837763</id>
</work>
<isbn>031298667X</isbn>
<isbn13>9780312986674</isbn13>
<average_rating>3.94</average_rating>
<ratings_count>1751</ratings_count>
<publication_year>2003</publication_year>
<publication_month>2</publication_month>
<publication_day>17</publication_day>
<authors>
<author>
<id>573</id>
<name>Marcia Willett</name>
<link><![CDATA[https://www.goodreads.com/author/show/573.Marcia_Willett]]></link>
</author>
</authors>
</book>

          <book>
<id>201224</id>
<title>The Best of Friends</title>
<title_without_series>The Best of Friends</title_without_series>
<link><![CDATA[https://www.goodreads.com/book/show/201224.The_Best_of_Friends]]></link>
<small_image_url><![CDATA[https://s.gr-assets.com/assets/nophoto/book/50x75-a91bf249278a81aabab721ef782c4a74.png]]></small_image_url>
<image_url><![CDATA[https://s.gr-assets.com/assets/nophoto/book/111x148-bcc042a9c91a29c1d680899eff700a03.png]]></image_url>
<num_pages>320</num_pages>
<work>
<id>1066235</id>
</work>
<isbn>0425183173</isbn>
<isbn13>9780425183175</isbn13>
<average_rating>3.57</average_rating>
<ratings_count>1265</ratings_count>
<publication_year>2002</publication_year>
<publication_month>1</publication_month>
<publication_day>8</publication_day>
<authors>
<author>
<id>67820</id>
<name>Joanna Trollope</name>
<link><![CDATA[https://www.goodreads.com/author/show/67820.Joanna_Trollope]]></link>
</author>
</authors>
</book>

  </similar_books>
</book>

</GoodreadsResponse>