<?xml version="1.0" encoding="UTF-8"?>
<GoodreadsResponse>
  <Request>
    <authentication>true</authentication>
      <key><![CDATA[all_men_must_serve]]></key>
    <method><![CDATA[book_show]]></method>
  </Request>
  <book>
  <id>10429092</id>
  <title><![CDATA[The Girl of Fire and Thorns (Fire and Thorns, #1)]]></title>
  <isbn><![CDATA[0062026488]]></isbn>
  <isbn13><![CDATA[9780062026484]]></isbn13>
  <asin><![CDATA[]]></asin>
  <kindle_asin><![CDATA[B005MZN1WC]]></kindle_asin>
  <marketplace_id><![CDATA[A1F83G8C2ARO7P]]></marketplace_id>
  <country_code><![CDATA[GB]]></country_code>
  <image_url>https://images.gr-assets.com/books/1323448113m/10429092.jpg</image_url>
  <small_image_url>https://images.gr-assets.com/books/1323448113s/10429092.jpg</small_image_url>
  <publication_year>2011</publication_year>
  <publication_month>9</publication_month>
  <publication_day>20</publication_day>
  <publisher>Greenwillow</publisher>
  <language_code>en-US</language_code>
  <is_ebook>false</is_ebook>
  <description><![CDATA[<b>Once a century, one person is chosen for greatness.</b><br />Elisa is the chosen one. <br /><br />But she is also the younger of two princesses, the one who has never done anything remarkable. She can't see how she ever will. <br /><br />Now, on her sixteenth birthday, she has become the secret wife of a handsome and worldly king—a king whose country is in turmoil. A king who needs the chosen one, not a failure of a princess.<br /><br />And he's not the only one who seeks her. Savage enemies seething with dark magic are hunting her. A daring, determined revolutionary thinks she could be his people's savior. And he looks at her in a way that no man has ever looked at her before. Soon it is not just her life, but her very heart that is at stake.<br /><br />Elisa could be everything to those who need her most. If the prophecy is fulfilled. If she finds the power deep within herself. If she doesn’t die young.<br /><br />Most of the chosen do.]]></description>
  <work>
  <id type="integer">13282366</id>
  <books_count type="integer">34</books_count>
  <best_book_id type="integer">10429092</best_book_id>
  <reviews_count type="integer">180127</reviews_count>
  <ratings_sum type="integer">235898</ratings_sum>
  <ratings_count type="integer">61976</ratings_count>
  <text_reviews_count type="integer">6061</text_reviews_count>
  <original_publication_year type="integer">2011</original_publication_year>
  <original_publication_month type="integer">9</original_publication_month>
  <original_publication_day type="integer">20</original_publication_day>
  <original_title>The Girl of Fire and Thorns</original_title>
  <original_language_id type="integer" nil="true"/>
  <media_type>book</media_type>
  <rating_dist>5:18512|4:22289|3:14202|2:4603|1:2370|total:61976</rating_dist>
  <desc_user_id type="integer">5024232</desc_user_id>
  <default_chaptering_book_id type="integer" nil="true"/>
  <default_description_language_code nil="true"/>
</work>
  <average_rating>3.81</average_rating>
  <num_pages><![CDATA[423]]></num_pages>
  <format><![CDATA[Hardcover]]></format>
  <edition_information><![CDATA[]]></edition_information>
  <ratings_count><![CDATA[57584]]></ratings_count>
  <text_reviews_count><![CDATA[5465]]></text_reviews_count>
  <url><![CDATA[https://www.goodreads.com/book/show/10429092-the-girl-of-fire-and-thorns]]></url>
  <link><![CDATA[https://www.goodreads.com/book/show/10429092-the-girl-of-fire-and-thorns]]></link>
  <authors>
<author>
<id>4074051</id>
<name>Rae Carson</name>
<role></role>
<image_url nophoto='false'>
<![CDATA[https://images.gr-assets.com/authors/1453284376p5/4074051.jpg]]>
</image_url>
<small_image_url nophoto='false'>
<![CDATA[https://images.gr-assets.com/authors/1453284376p2/4074051.jpg]]>
</small_image_url>
<link><![CDATA[https://www.goodreads.com/author/show/4074051.Rae_Carson]]></link>
<average_rating>4.00</average_rating>
<ratings_count>147613</ratings_count>
<text_reviews_count>15022</text_reviews_count>
</author>
</authors>

    <reviews_widget>
      <![CDATA[
        <style>
  #goodreads-widget {
    font-family: georgia, serif;
    padding: 18px 0;
    width:565px;
  }
  #goodreads-widget h1 {
    font-weight:normal;
    font-size: 16px;
    border-bottom: 1px solid #BBB596;
    margin-bottom: 0;
  }
  #goodreads-widget a {
    text-decoration: none;
    color:#660;
  }
  iframe{
    background-color: #fff;
  }
  #goodreads-widget a:hover { text-decoration: underline; }
  #goodreads-widget a:active {
    color:#660;
  }
  #gr_footer {
    width: 100%;
    border-top: 1px solid #BBB596;
    text-align: right;
  }
  #goodreads-widget .gr_branding{
    color: #382110;
    font-size: 11px;
    text-decoration: none;
    font-family: "Helvetica Neue", Helvetica, Arial, sans-serif;
  }
</style>
<div id="goodreads-widget">
  <div id="gr_header"><h1><a rel="nofollow" href="https://www.goodreads.com/book/show/10429092-the-girl-of-fire-and-thorns">The Girl of Fire and Thorns Reviews</a></h1></div>
  <iframe id="the_iframe" src="https://www.goodreads.com/api/reviews_widget_iframe?did=DEVELOPER_ID&amp;format=html&amp;isbn=0062026488&amp;links=660&amp;min_rating=&amp;review_back=fff&amp;stars=000&amp;text=000" width="565" height="400" frameborder="0"></iframe>
  <div id="gr_footer">
    <a class="gr_branding" target="_blank" rel="nofollow" href="https://www.goodreads.com/book/show/10429092-the-girl-of-fire-and-thorns?utm_medium=api&amp;utm_source=reviews_widget">Reviews from Goodreads.com</a>
  </div>
</div>

      ]]>
    </reviews_widget>
  <popular_shelves>
      <shelf name="to-read" count="23713"/>
      <shelf name="fantasy" count="892"/>
      <shelf name="young-adult" count="403"/>
      <shelf name="currently-reading" count="331"/>
      <shelf name="ya" count="273"/>
      <shelf name="favorites" count="213"/>
      <shelf name="to-buy" count="187"/>
      <shelf name="kindle" count="167"/>
      <shelf name="dnf" count="136"/>
      <shelf name="maybe" count="133"/>
      <shelf name="ya-fantasy" count="88"/>
      <shelf name="series" count="85"/>
      <shelf name="audiobook" count="83"/>
      <shelf name="favourites" count="80"/>
      <shelf name="books-i-own" count="72"/>
      <shelf name="owned" count="68"/>
      <shelf name="magic" count="62"/>
      <shelf name="young-adult-fiction" count="62"/>
      <shelf name="high-fantasy" count="60"/>
      <shelf name="religion" count="58"/>
      <shelf name="supernatural" count="58"/>
      <shelf name="tbr" count="54"/>
      <shelf name="audiobooks" count="53"/>
      <shelf name="action" count="53"/>
      <shelf name="fiction" count="52"/>
      <shelf name="romance" count="51"/>
      <shelf name="audio" count="51"/>
      <shelf name="to-read-fantasy" count="51"/>
      <shelf name="series-to-read" count="51"/>
      <shelf name="read-in-2016" count="47"/>
      <shelf name="ya-books" count="46"/>
      <shelf name="favorite-books" count="45"/>
      <shelf name="young-adult-fantasy" count="45"/>
      <shelf name="ya-lit" count="45"/>
      <shelf name="coming-of-age" count="45"/>
      <shelf name="must-read" count="45"/>
      <shelf name="read-in-2011" count="44"/>
      <shelf name="historical" count="44"/>
      <shelf name="read-2014" count="43"/>
      <shelf name="all-time-favorites" count="43"/>
      <shelf name="trilogy" count="39"/>
      <shelf name="series-to-start" count="39"/>
      <shelf name="meh" count="38"/>
      <shelf name="read-2015" count="37"/>
      <shelf name="completed-series" count="37"/>
      <shelf name="read-2013" count="37"/>
      <shelf name="need-to-buy" count="37"/>
      <shelf name="4-stars" count="37"/>
      <shelf name="ya-to-read" count="37"/>
      <shelf name="adventure" count="34"/>
      <shelf name="3-stars" count="34"/>
      <shelf name="mystery" count="34"/>
      <shelf name="lost-interest" count="32"/>
      <shelf name="favorite" count="32"/>
      <shelf name="borrowed" count="32"/>
      <shelf name="princesses" count="32"/>
      <shelf name="want-to-read" count="32"/>
      <shelf name="to-read-ya" count="32"/>
      <shelf name="fantasy-tbr" count="30"/>
      <shelf name="signed" count="30"/>
      <shelf name="part-of-a-series" count="30"/>
      <shelf name="fantasy-romance" count="29"/>
      <shelf name="book-club" count="29"/>
      <shelf name="re-read" count="29"/>
      <shelf name="fantasy-paranormal" count="29"/>
      <shelf name="really-want-to-read" count="29"/>
      <shelf name="tbr-pile" count="29"/>
      <shelf name="scifi-fantasy" count="27"/>
      <shelf name="princess" count="26"/>
      <shelf name="kindle-books" count="26"/>
      <shelf name="books-to-buy" count="26"/>
      <shelf name="want" count="26"/>
      <shelf name="library" count="25"/>
      <shelf name="on-my-shelf" count="25"/>
      <shelf name="youngadult" count="25"/>
      <shelf name="have" count="24"/>
      <shelf name="my-library" count="24"/>
      <shelf name="2011-releases" count="24"/>
      <shelf name="teen" count="23"/>
      <shelf name="love" count="23"/>
      <shelf name="fantasy-scifi" count="23"/>
      <shelf name="5-stars" count="23"/>
      <shelf name="fantasy-to-read" count="23"/>
      <shelf name="ebook" count="22"/>
      <shelf name="trilogies" count="22"/>
      <shelf name="reread" count="22"/>
      <shelf name="girl-power" count="22"/>
      <shelf name="dystopia" count="22"/>
      <shelf name="genre-fantasy" count="22"/>
      <shelf name="own-to-read" count="22"/>
      <shelf name="read-in-2017" count="21"/>
      <shelf name="owned-books" count="21"/>
      <shelf name="royalty" count="21"/>
      <shelf name="ya-fiction" count="21"/>
      <shelf name="kick-ass-heroine" count="21"/>
      <shelf name="at-library" count="21"/>
      <shelf name="need-to-read" count="21"/>
      <shelf name="love-triangle" count="21"/>
      <shelf name="favorite-series" count="21"/>
      <shelf name="couldn-t-finish" count="21"/>
  </popular_shelves>
  <book_links>
    <book_link>
  <id>8</id>
  <name>Libraries</name>
  <link>https://www.goodreads.com/book_link/follow/8</link>
</book_link>

  </book_links>
  <buy_links>
    <buy_link>
<id>1</id>
<name>Amazon</name>
<link>https://www.goodreads.com/book_link/follow/1</link>
</buy_link>
<buy_link>
<id>10</id>
<name>Audible</name>
<link>https://www.goodreads.com/book_link/follow/10</link>
</buy_link>
<buy_link>
<id>3</id>
<name>Barnes &amp; Noble</name>
<link>https://www.goodreads.com/book_link/follow/3</link>
</buy_link>
<buy_link>
<id>1027</id>
<name>Kobo</name>
<link>https://www.goodreads.com/book_link/follow/1027</link>
</buy_link>
<buy_link>
<id>2102</id>
<name>Apple iBooks</name>
<link>https://www.goodreads.com/book_link/follow/2102</link>
</buy_link>
<buy_link>
<id>8036</id>
<name>Google Play</name>
<link>https://www.goodreads.com/book_link/follow/8036</link>
</buy_link>
<buy_link>
<id>4</id>
<name>Abebooks</name>
<link>https://www.goodreads.com/book_link/follow/4</link>
</buy_link>
<buy_link>
<id>882</id>
<name>Book Depository</name>
<link>https://www.goodreads.com/book_link/follow/882</link>
</buy_link>
<buy_link>
<id>9</id>
<name>Indigo</name>
<link>https://www.goodreads.com/book_link/follow/9</link>
</buy_link>
<buy_link>
<id>2</id>
<name>Half.com</name>
<link>https://www.goodreads.com/book_link/follow/2</link>
</buy_link>
<buy_link>
<id>5</id>
<name>Alibris</name>
<link>https://www.goodreads.com/book_link/follow/5</link>
</buy_link>
<buy_link>
<id>107</id>
<name>Better World Books</name>
<link>https://www.goodreads.com/book_link/follow/107</link>
</buy_link>
<buy_link>
<id>7</id>
<name>IndieBound</name>
<link>https://www.goodreads.com/book_link/follow/7</link>
</buy_link>

  </buy_links>
  <series_works>
    <series_work>
<id>235106</id>
<user_position>1</user_position>
<series>
<id>57151</id>
<title>
<![CDATA[
    Fire and Thorns
]]>
</title>
<description>
<![CDATA[
]]>
</description>
<note>
<![CDATA[
]]>
</note>
<series_works_count>8</series_works_count>
<primary_work_count>3</primary_work_count>
<numbered>true</numbered>
</series>

</series_work>

  </series_works>
  <similar_books>
          <book>
<id>10345489</id>
<title><![CDATA[Liar's Moon (Thief Errant, #2)]]></title>
<title_without_series>Liar&apos;s Moon</title_without_series>
<link><![CDATA[https://www.goodreads.com/book/show/10345489-liar-s-moon]]></link>
<small_image_url><![CDATA[https://images.gr-assets.com/books/1298001260s/10345489.jpg]]></small_image_url>
<image_url><![CDATA[https://images.gr-assets.com/books/1298001260m/10345489.jpg]]></image_url>
<num_pages>400</num_pages>
<work>
<id>15248261</id>
</work>
<isbn></isbn>
<isbn13></isbn13>
<average_rating>3.92</average_rating>
<ratings_count>2989</ratings_count>
<publication_year>2011</publication_year>
<publication_month>11</publication_month>
<publication_day>1</publication_day>
<authors>
<author>
<id>800019</id>
<name>Elizabeth C. Bunce</name>
<link><![CDATA[https://www.goodreads.com/author/show/800019.Elizabeth_C_Bunce]]></link>
</author>
</authors>
</book>

          <book>
<id>10165727</id>
<title><![CDATA[Froi of the Exiles (Lumatere Chronicles, #2)]]></title>
<title_without_series>Froi of the Exiles</title_without_series>
<link><![CDATA[https://www.goodreads.com/book/show/10165727-froi-of-the-exiles]]></link>
<small_image_url><![CDATA[https://images.gr-assets.com/books/1306866851s/10165727.jpg]]></small_image_url>
<image_url><![CDATA[https://images.gr-assets.com/books/1306866851m/10165727.jpg]]></image_url>
<num_pages>593</num_pages>
<work>
<id>15064442</id>
</work>
<isbn>0670076082</isbn>
<isbn13>9780670076086</isbn13>
<average_rating>4.30</average_rating>
<ratings_count>14221</ratings_count>
<publication_year>2011</publication_year>
<publication_month>10</publication_month>
<publication_day>3</publication_day>
<authors>
<author>
<id>47104</id>
<name>Melina Marchetta</name>
<link><![CDATA[https://www.goodreads.com/author/show/47104.Melina_Marchetta]]></link>
</author>
</authors>
</book>

          <book>
<id>9943270</id>
<title><![CDATA[Dark Triumph (His Fair Assassin, #2)]]></title>
<title_without_series>Dark Triumph</title_without_series>
<link><![CDATA[https://www.goodreads.com/book/show/9943270-dark-triumph]]></link>
<small_image_url><![CDATA[https://images.gr-assets.com/books/1346852168s/9943270.jpg]]></small_image_url>
<image_url><![CDATA[https://images.gr-assets.com/books/1346852168m/9943270.jpg]]></image_url>
<num_pages>385</num_pages>
<work>
<id>14836636</id>
</work>
<isbn>0547628382</isbn>
<isbn13>9780547628387</isbn13>
<average_rating>4.15</average_rating>
<ratings_count>30107</ratings_count>
<publication_year>2013</publication_year>
<publication_month>4</publication_month>
<publication_day>2</publication_day>
<authors>
<author>
<id>6914204</id>
<name>Robin LaFevers</name>
<link><![CDATA[https://www.goodreads.com/author/show/6914204.Robin_LaFevers]]></link>
</author>
</authors>
</book>

          <book>
<id>13056868</id>
<title>Vessel</title>
<title_without_series>Vessel</title_without_series>
<link><![CDATA[https://www.goodreads.com/book/show/13056868-vessel]]></link>
<small_image_url><![CDATA[https://images.gr-assets.com/books/1333623382s/13056868.jpg]]></small_image_url>
<image_url><![CDATA[https://images.gr-assets.com/books/1333623382m/13056868.jpg]]></image_url>
<num_pages>424</num_pages>
<work>
<id>18221998</id>
</work>
<isbn>1442423765</isbn>
<isbn13>9781442423763</isbn13>
<average_rating>3.85</average_rating>
<ratings_count>4952</ratings_count>
<publication_year>2012</publication_year>
<publication_month>9</publication_month>
<publication_day>11</publication_day>
<authors>
<author>
<id>99117</id>
<name>Sarah Beth Durst</name>
<link><![CDATA[https://www.goodreads.com/author/show/99117.Sarah_Beth_Durst]]></link>
</author>
</authors>
</book>

          <book>
<id>7969452</id>
<title><![CDATA[Fury of the Phoenix (Kingdom of Xia, #2)]]></title>
<title_without_series>Fury of the Phoenix</title_without_series>
<link><![CDATA[https://www.goodreads.com/book/show/7969452-fury-of-the-phoenix]]></link>
<small_image_url><![CDATA[https://s.gr-assets.com/assets/nophoto/book/50x75-a91bf249278a81aabab721ef782c4a74.png]]></small_image_url>
<image_url><![CDATA[https://s.gr-assets.com/assets/nophoto/book/111x148-bcc042a9c91a29c1d680899eff700a03.png]]></image_url>
<num_pages>362</num_pages>
<work>
<id>12051561</id>
</work>
<isbn>0061730254</isbn>
<isbn13>9780061730252</isbn13>
<average_rating>3.97</average_rating>
<ratings_count>897</ratings_count>
<publication_year>2011</publication_year>
<publication_month>3</publication_month>
<publication_day>29</publication_day>
<authors>
<author>
<id>2471183</id>
<name>Cindy Pon</name>
<link><![CDATA[https://www.goodreads.com/author/show/2471183.Cindy_Pon]]></link>
</author>
</authors>
</book>

          <book>
<id>8452340</id>
<title>Shadowfell (Shadowfell, #1)</title>
<title_without_series>Shadowfell</title_without_series>
<link><![CDATA[https://www.goodreads.com/book/show/8452340-shadowfell]]></link>
<small_image_url><![CDATA[https://images.gr-assets.com/books/1349524062s/8452340.jpg]]></small_image_url>
<image_url><![CDATA[https://images.gr-assets.com/books/1349524062m/8452340.jpg]]></image_url>
<num_pages>410</num_pages>
<work>
<id>13316351</id>
</work>
<isbn>0375869549</isbn>
<isbn13>9780375869549</isbn13>
<average_rating>3.91</average_rating>
<ratings_count>10794</ratings_count>
<publication_year>2012</publication_year>
<publication_month>9</publication_month>
<publication_day>11</publication_day>
<authors>
<author>
<id>8649</id>
<name>Juliet Marillier</name>
<link><![CDATA[https://www.goodreads.com/author/show/8649.Juliet_Marillier]]></link>
</author>
</authors>
</book>

          <book>
<id>10445208</id>
<title>Touch of Power (Healer, #1)</title>
<title_without_series>Touch of Power</title_without_series>
<link><![CDATA[https://www.goodreads.com/book/show/10445208-touch-of-power]]></link>
<small_image_url><![CDATA[https://images.gr-assets.com/books/1317629193s/10445208.jpg]]></small_image_url>
<image_url><![CDATA[https://images.gr-assets.com/books/1317629193m/10445208.jpg]]></image_url>
<num_pages>390</num_pages>
<work>
<id>15349923</id>
</work>
<isbn>0778313077</isbn>
<isbn13>9780778313076</isbn13>
<average_rating>4.17</average_rating>
<ratings_count>33198</ratings_count>
<publication_year>2011</publication_year>
<publication_month>12</publication_month>
<publication_day>20</publication_day>
<authors>
<author>
<id>445303</id>
<name>Maria V. Snyder</name>
<link><![CDATA[https://www.goodreads.com/author/show/445303.Maria_V_Snyder]]></link>
</author>
</authors>
</book>

          <book>
<id>11399605</id>
<title>Blood Song (Lharmell, #1)</title>
<title_without_series>Blood Song</title_without_series>
<link><![CDATA[https://www.goodreads.com/book/show/11399605-blood-song]]></link>
<small_image_url><![CDATA[https://s.gr-assets.com/assets/nophoto/book/50x75-a91bf249278a81aabab721ef782c4a74.png]]></small_image_url>
<image_url><![CDATA[https://s.gr-assets.com/assets/nophoto/book/111x148-bcc042a9c91a29c1d680899eff700a03.png]]></image_url>
<num_pages>290</num_pages>
<work>
<id>16332064</id>
</work>
<isbn>1742750966</isbn>
<isbn13>9781742750965</isbn13>
<average_rating>3.86</average_rating>
<ratings_count>1339</ratings_count>
<publication_year>2011</publication_year>
<publication_month>9</publication_month>
<publication_day>1</publication_day>
<authors>
<author>
<id>4862379</id>
<name>Rhiannon Hart</name>
<link><![CDATA[https://www.goodreads.com/author/show/4862379.Rhiannon_Hart]]></link>
</author>
</authors>
</book>

          <book>
<id>9917925</id>
<title>Witchlanders</title>
<title_without_series>Witchlanders</title_without_series>
<link><![CDATA[https://www.goodreads.com/book/show/9917925-witchlanders]]></link>
<small_image_url><![CDATA[https://images.gr-assets.com/books/1304529790s/9917925.jpg]]></small_image_url>
<image_url><![CDATA[https://images.gr-assets.com/books/1304529790m/9917925.jpg]]></image_url>
<num_pages>400</num_pages>
<work>
<id>14810604</id>
</work>
<isbn>1442420049</isbn>
<isbn13>9781442420045</isbn13>
<average_rating>3.70</average_rating>
<ratings_count>2496</ratings_count>
<publication_year>2011</publication_year>
<publication_month>8</publication_month>
<publication_day>30</publication_day>
<authors>
<author>
<id>594951</id>
<name>Lena Coakley</name>
<link><![CDATA[https://www.goodreads.com/author/show/594951.Lena_Coakley]]></link>
</author>
</authors>
</book>

          <book>
<id>2274683</id>
<title><![CDATA[Daughter of the Flames (Ruan, #1)]]></title>
<title_without_series>Daughter of the Flames</title_without_series>
<link><![CDATA[https://www.goodreads.com/book/show/2274683.Daughter_of_the_Flames]]></link>
<small_image_url><![CDATA[https://images.gr-assets.com/books/1328818235s/2274683.jpg]]></small_image_url>
<image_url><![CDATA[https://images.gr-assets.com/books/1328818235m/2274683.jpg]]></image_url>
<num_pages>362</num_pages>
<work>
<id>2280706</id>
</work>
<isbn>1406308617</isbn>
<isbn13>9781406308617</isbn13>
<average_rating>3.76</average_rating>
<ratings_count>2120</ratings_count>
<publication_year>2008</publication_year>
<publication_month>3</publication_month>
<publication_day>3</publication_day>
<authors>
<author>
<id>1025280</id>
<name>Zoë Marriott</name>
<link><![CDATA[https://www.goodreads.com/author/show/1025280.Zo_Marriott]]></link>
</author>
</authors>
</book>

          <book>
<id>11387458</id>
<title><![CDATA[Dragonswood (Wilde Island Chronicles, #2)]]></title>
<title_without_series>Dragonswood</title_without_series>
<link><![CDATA[https://www.goodreads.com/book/show/11387458-dragonswood]]></link>
<small_image_url><![CDATA[https://images.gr-assets.com/books/1312251165s/11387458.jpg]]></small_image_url>
<image_url><![CDATA[https://images.gr-assets.com/books/1312251165m/11387458.jpg]]></image_url>
<num_pages>407</num_pages>
<work>
<id>16319429</id>
</work>
<isbn>0803735049</isbn>
<isbn13>9780803735040</isbn13>
<average_rating>3.88</average_rating>
<ratings_count>6220</ratings_count>
<publication_year></publication_year>
<publication_month></publication_month>
<publication_day></publication_day>
<authors>
<author>
<id>165105</id>
<name>Janet Lee Carey</name>
<link><![CDATA[https://www.goodreads.com/author/show/165105.Janet_Lee_Carey]]></link>
</author>
</authors>
</book>

          <book>
<id>6056287</id>
<title>Allegiance (Legacy, #2)</title>
<title_without_series>Allegiance</title_without_series>
<link><![CDATA[https://www.goodreads.com/book/show/6056287-allegiance]]></link>
<small_image_url><![CDATA[https://images.gr-assets.com/books/1314413942s/6056287.jpg]]></small_image_url>
<image_url><![CDATA[https://images.gr-assets.com/books/1314413942m/6056287.jpg]]></image_url>
<num_pages>494</num_pages>
<work>
<id>6232304</id>
</work>
<isbn>0373210434</isbn>
<isbn13>9780373210435</isbn13>
<average_rating>3.98</average_rating>
<ratings_count>3392</ratings_count>
<publication_year>2012</publication_year>
<publication_month>2</publication_month>
<publication_day>28</publication_day>
<authors>
<author>
<id>1248068</id>
<name>Cayla Kluver</name>
<link><![CDATA[https://www.goodreads.com/author/show/1248068.Cayla_Kluver]]></link>
</author>
</authors>
</book>

          <book>
<id>6234910</id>
<title><![CDATA[The Iron Thorn (Iron Codex, #1)]]></title>
<title_without_series>The Iron Thorn</title_without_series>
<link><![CDATA[https://www.goodreads.com/book/show/6234910-the-iron-thorn]]></link>
<small_image_url><![CDATA[https://images.gr-assets.com/books/1320539106s/6234910.jpg]]></small_image_url>
<image_url><![CDATA[https://images.gr-assets.com/books/1320539106m/6234910.jpg]]></image_url>
<num_pages>492</num_pages>
<work>
<id>6417578</id>
</work>
<isbn>0385738293</isbn>
<isbn13>9780385738293</isbn13>
<average_rating>3.57</average_rating>
<ratings_count>5449</ratings_count>
<publication_year>2011</publication_year>
<publication_month>2</publication_month>
<publication_day>22</publication_day>
<authors>
<author>
<id>823146</id>
<name>Caitlin Kittredge</name>
<link><![CDATA[https://www.goodreads.com/author/show/823146.Caitlin_Kittredge]]></link>
</author>
</authors>
</book>

          <book>
<id>7992995</id>
<title><![CDATA[Eona: The Last Dragoneye (Eon, #2)]]></title>
<title_without_series>Eona: The Last Dragoneye</title_without_series>
<link><![CDATA[https://www.goodreads.com/book/show/7992995-eona]]></link>
<small_image_url><![CDATA[https://s.gr-assets.com/assets/nophoto/book/50x75-a91bf249278a81aabab721ef782c4a74.png]]></small_image_url>
<image_url><![CDATA[https://s.gr-assets.com/assets/nophoto/book/111x148-bcc042a9c91a29c1d680899eff700a03.png]]></image_url>
<num_pages>637</num_pages>
<work>
<id>14936811</id>
</work>
<isbn>0670063118</isbn>
<isbn13>9780670063116</isbn13>
<average_rating>4.12</average_rating>
<ratings_count>31483</ratings_count>
<publication_year>2011</publication_year>
<publication_month>4</publication_month>
<publication_day>19</publication_day>
<authors>
<author>
<id>88685</id>
<name>Alison Goodman</name>
<link><![CDATA[https://www.goodreads.com/author/show/88685.Alison_Goodman]]></link>
</author>
</authors>
</book>

          <book>
<id>17332556</id>
<title><![CDATA[The Burning Sky (The Elemental Trilogy, #1)]]></title>
<title_without_series>The Burning Sky</title_without_series>
<link><![CDATA[https://www.goodreads.com/book/show/17332556-the-burning-sky]]></link>
<small_image_url><![CDATA[https://images.gr-assets.com/books/1370201603s/17332556.jpg]]></small_image_url>
<image_url><![CDATA[https://images.gr-assets.com/books/1370201603m/17332556.jpg]]></image_url>
<num_pages>449</num_pages>
<work>
<id>24037683</id>
</work>
<isbn>0062207296</isbn>
<isbn13>9780062207296</isbn13>
<average_rating>3.92</average_rating>
<ratings_count>13595</ratings_count>
<publication_year>2013</publication_year>
<publication_month>9</publication_month>
<publication_day>17</publication_day>
<authors>
<author>
<id>266470</id>
<name>Sherry Thomas</name>
<link><![CDATA[https://www.goodreads.com/author/show/266470.Sherry_Thomas]]></link>
</author>
</authors>
</book>

          <book>
<id>12084278</id>
<title><![CDATA[City of a Thousand Dolls (Bhinian Empire, #1)]]></title>
<title_without_series>City of a Thousand Dolls</title_without_series>
<link><![CDATA[https://www.goodreads.com/book/show/12084278-city-of-a-thousand-dolls]]></link>
<small_image_url><![CDATA[https://images.gr-assets.com/books/1341262796s/12084278.jpg]]></small_image_url>
<image_url><![CDATA[https://images.gr-assets.com/books/1341262796m/12084278.jpg]]></image_url>
<num_pages>359</num_pages>
<work>
<id>17052313</id>
</work>
<isbn>0062121308</isbn>
<isbn13>9780062121301</isbn13>
<average_rating>3.71</average_rating>
<ratings_count>4368</ratings_count>
<publication_year>2013</publication_year>
<publication_month>2</publication_month>
<publication_day>5</publication_day>
<authors>
<author>
<id>5054179</id>
<name>Miriam Forster</name>
<link><![CDATA[https://www.goodreads.com/author/show/5054179.Miriam_Forster]]></link>
</author>
</authors>
</book>

          <book>
<id>13049069</id>
<title><![CDATA[Soulbound (Legacy of Tril, #1)]]></title>
<title_without_series>Soulbound</title_without_series>
<link><![CDATA[https://www.goodreads.com/book/show/13049069-soulbound]]></link>
<small_image_url><![CDATA[https://images.gr-assets.com/books/1341264983s/13049069.jpg]]></small_image_url>
<image_url><![CDATA[https://images.gr-assets.com/books/1341264983m/13049069.jpg]]></image_url>
<num_pages>394</num_pages>
<work>
<id>10619497</id>
</work>
<isbn>0803737238</isbn>
<isbn13>9780803737235</isbn13>
<average_rating>4.08</average_rating>
<ratings_count>3819</ratings_count>
<publication_year>2012</publication_year>
<publication_month>6</publication_month>
<publication_day>19</publication_day>
<authors>
<author>
<id>293603</id>
<name>Heather Brewer</name>
<link><![CDATA[https://www.goodreads.com/author/show/293603.Heather_Brewer]]></link>
</author>
</authors>
</book>

          <book>
<id>7801229</id>
<title><![CDATA[The Exiled Queen (Seven Realms, #2)]]></title>
<title_without_series>The Exiled Queen</title_without_series>
<link><![CDATA[https://www.goodreads.com/book/show/7801229-the-exiled-queen]]></link>
<small_image_url><![CDATA[https://images.gr-assets.com/books/1285276245s/7801229.jpg]]></small_image_url>
<image_url><![CDATA[https://images.gr-assets.com/books/1285276245m/7801229.jpg]]></image_url>
<num_pages>586</num_pages>
<work>
<id>9842102</id>
</work>
<isbn>1423118243</isbn>
<isbn13>9781423118244</isbn13>
<average_rating>4.34</average_rating>
<ratings_count>35736</ratings_count>
<publication_year>2010</publication_year>
<publication_month>9</publication_month>
<publication_day>24</publication_day>
<authors>
<author>
<id>125308</id>
<name>Cinda Williams Chima</name>
<link><![CDATA[https://www.goodreads.com/author/show/125308.Cinda_Williams_Chima]]></link>
</author>
</authors>
</book>

  </similar_books>
</book>

</GoodreadsResponse>