<?xml version="1.0" encoding="UTF-8"?>
<GoodreadsResponse>
  <Request>
    <authentication>true</authentication>
      <key><![CDATA[all_men_must_serve]]></key>
    <method><![CDATA[book_show]]></method>
  </Request>
  <book>
  <id>10429025</id>
  <title><![CDATA[A Beautiful Dark (A Beautiful Dark, #1)]]></title>
  <isbn><![CDATA[0061990655]]></isbn>
  <isbn13><![CDATA[9780061990656]]></isbn13>
  <asin><![CDATA[]]></asin>
  <kindle_asin><![CDATA[B004V51CCK]]></kindle_asin>
  <marketplace_id><![CDATA[A1F83G8C2ARO7P]]></marketplace_id>
  <country_code><![CDATA[GB]]></country_code>
  <image_url>https://images.gr-assets.com/books/1327916579m/10429025.jpg</image_url>
  <small_image_url>https://images.gr-assets.com/books/1327916579s/10429025.jpg</small_image_url>
  <publication_year>2011</publication_year>
  <publication_month>9</publication_month>
  <publication_day>27</publication_day>
  <publisher>HarperTeen</publisher>
  <language_code>en-US</language_code>
  <is_ebook>false</is_ebook>
  <description><![CDATA[On the night of Skye’s seventeenth birthday, she meets two enigmatic strangers. Complete opposites—like fire and ice—Asher is dark and wild, while Devin is fair and aloof. Their sudden appearance sends Skye’s life into a tailspin. She has no idea what they want, or why they seem to follow her every move—only that their presence coincides with a flurry of strange events. Soon she begins to doubt not just the identity of the two boys, but also the truth about her own past.<br /><br />In the dead of a bitingly cold Colorado winter, Skye finds herself coming to terms with the impossible secret that threatens to shatter her world. Torn between Asher, who she can’t help falling for, and Devin, who she can’t stay away from, the consequences of Skye’s choice will reach further than the three of them could ever imagine.<br /><br /><em>A Beautiful Dark</em> is the first book in a captivating trilogy by debut author Jocelyn Davies.]]></description>
  <work>
  <id type="integer">7790670</id>
  <books_count type="integer">9</books_count>
  <best_book_id type="integer">10429025</best_book_id>
  <reviews_count type="integer">48326</reviews_count>
  <ratings_sum type="integer">65886</ratings_sum>
  <ratings_count type="integer">16911</ratings_count>
  <text_reviews_count type="integer">1320</text_reviews_count>
  <original_publication_year type="integer">2011</original_publication_year>
  <original_publication_month type="integer">9</original_publication_month>
  <original_publication_day type="integer">27</original_publication_day>
  <original_title>A Beautiful Dark </original_title>
  <original_language_id type="integer" nil="true"/>
  <media_type>book</media_type>
  <rating_dist>5:6209|4:5087|3:3820|2:1238|1:557|total:16911</rating_dist>
  <desc_user_id type="integer">3078995</desc_user_id>
  <default_chaptering_book_id type="integer" nil="true"/>
  <default_description_language_code nil="true"/>
</work>
  <average_rating>3.90</average_rating>
  <num_pages><![CDATA[390]]></num_pages>
  <format><![CDATA[Hardcover]]></format>
  <edition_information><![CDATA[]]></edition_information>
  <ratings_count><![CDATA[16531]]></ratings_count>
  <text_reviews_count><![CDATA[1239]]></text_reviews_count>
  <url><![CDATA[https://www.goodreads.com/book/show/10429025-a-beautiful-dark]]></url>
  <link><![CDATA[https://www.goodreads.com/book/show/10429025-a-beautiful-dark]]></link>
  <authors>
<author>
<id>2313312</id>
<name>Jocelyn Davies</name>
<role></role>
<image_url nophoto='false'>
<![CDATA[https://images.gr-assets.com/authors/1471015965p5/2313312.jpg]]>
</image_url>
<small_image_url nophoto='false'>
<![CDATA[https://images.gr-assets.com/authors/1471015965p2/2313312.jpg]]>
</small_image_url>
<link><![CDATA[https://www.goodreads.com/author/show/2313312.Jocelyn_Davies]]></link>
<average_rating>3.93</average_rating>
<ratings_count>27921</ratings_count>
<text_reviews_count>2100</text_reviews_count>
</author>
</authors>

    <reviews_widget>
      <![CDATA[
        <style>
  #goodreads-widget {
    font-family: georgia, serif;
    padding: 18px 0;
    width:565px;
  }
  #goodreads-widget h1 {
    font-weight:normal;
    font-size: 16px;
    border-bottom: 1px solid #BBB596;
    margin-bottom: 0;
  }
  #goodreads-widget a {
    text-decoration: none;
    color:#660;
  }
  iframe{
    background-color: #fff;
  }
  #goodreads-widget a:hover { text-decoration: underline; }
  #goodreads-widget a:active {
    color:#660;
  }
  #gr_footer {
    width: 100%;
    border-top: 1px solid #BBB596;
    text-align: right;
  }
  #goodreads-widget .gr_branding{
    color: #382110;
    font-size: 11px;
    text-decoration: none;
    font-family: "Helvetica Neue", Helvetica, Arial, sans-serif;
  }
</style>
<div id="goodreads-widget">
  <div id="gr_header"><h1><a rel="nofollow" href="https://www.goodreads.com/book/show/10429025-a-beautiful-dark">A Beautiful Dark Reviews</a></h1></div>
  <iframe id="the_iframe" src="https://www.goodreads.com/api/reviews_widget_iframe?did=DEVELOPER_ID&amp;format=html&amp;isbn=0061990655&amp;links=660&amp;min_rating=&amp;review_back=fff&amp;stars=000&amp;text=000" width="565" height="400" frameborder="0"></iframe>
  <div id="gr_footer">
    <a class="gr_branding" target="_blank" rel="nofollow" href="https://www.goodreads.com/book/show/10429025-a-beautiful-dark?utm_medium=api&amp;utm_source=reviews_widget">Reviews from Goodreads.com</a>
  </div>
</div>

      ]]>
    </reviews_widget>
  <popular_shelves>
      <shelf name="to-read" count="6519"/>
      <shelf name="angels" count="382"/>
      <shelf name="young-adult" count="321"/>
      <shelf name="paranormal" count="298"/>
      <shelf name="favorites" count="243"/>
      <shelf name="ya" count="219"/>
      <shelf name="fantasy" count="218"/>
      <shelf name="romance" count="181"/>
      <shelf name="currently-reading" count="177"/>
      <shelf name="series" count="141"/>
      <shelf name="books-i-own" count="85"/>
      <shelf name="paranormal-romance" count="72"/>
      <shelf name="supernatural" count="59"/>
      <shelf name="love-triangle" count="53"/>
      <shelf name="to-buy" count="53"/>
      <shelf name="wish-list" count="53"/>
      <shelf name="library" count="43"/>
      <shelf name="urban-fantasy" count="41"/>
      <shelf name="kindle" count="40"/>
      <shelf name="maybe" count="40"/>
      <shelf name="magic" count="39"/>
      <shelf name="a-beautiful-dark" count="38"/>
      <shelf name="owned" count="37"/>
      <shelf name="read-in-2012" count="34"/>
      <shelf name="angels-and-demons" count="33"/>
      <shelf name="ebook" count="33"/>
      <shelf name="arc" count="33"/>
      <shelf name="teen" count="32"/>
      <shelf name="ebooks" count="31"/>
      <shelf name="fiction" count="31"/>
      <shelf name="angel" count="30"/>
      <shelf name="angels-demons" count="30"/>
      <shelf name="love-triangles" count="28"/>
      <shelf name="netgalley" count="22"/>
      <shelf name="ya-fantasy" count="22"/>
      <shelf name="dnf" count="21"/>
      <shelf name="first-in-series" count="21"/>
      <shelf name="read-in-2011" count="18"/>
      <shelf name="want-to-read" count="18"/>
      <shelf name="must-read" count="17"/>
      <shelf name="ya-paranormal" count="17"/>
      <shelf name="fallen-angels" count="16"/>
      <shelf name="i-own" count="16"/>
      <shelf name="jocelyn-davies" count="16"/>
      <shelf name="2011-release" count="16"/>
      <shelf name="4-stars" count="15"/>
      <shelf name="owned-books" count="15"/>
      <shelf name="need-to-buy" count="15"/>
      <shelf name="arcs" count="15"/>
      <shelf name="read-2012" count="14"/>
      <shelf name="have" count="14"/>
      <shelf name="reviewed" count="14"/>
      <shelf name="hardcover" count="13"/>
      <shelf name="favorite" count="13"/>
      <shelf name="fantasy-paranormal" count="13"/>
      <shelf name="e-books" count="13"/>
      <shelf name="want" count="13"/>
      <shelf name="ya-books" count="13"/>
      <shelf name="2011-releases" count="13"/>
      <shelf name="read-in-2013" count="12"/>
      <shelf name="united-states-of-ya" count="12"/>
      <shelf name="favourites" count="12"/>
      <shelf name="to-read-series" count="12"/>
      <shelf name="high-school" count="12"/>
      <shelf name="own-it" count="12"/>
      <shelf name="read-in-2014" count="11"/>
      <shelf name="new-series" count="11"/>
      <shelf name="my-books" count="11"/>
      <shelf name="lost-interest" count="11"/>
      <shelf name="meh" count="11"/>
      <shelf name="series-to-read" count="11"/>
      <shelf name="for-review" count="11"/>
      <shelf name="paranormal-supernatural" count="10"/>
      <shelf name="ya-fiction" count="10"/>
      <shelf name="didn-t-finish" count="10"/>
      <shelf name="1st-in-series" count="10"/>
      <shelf name="nook" count="10"/>
      <shelf name="5-stars" count="10"/>
      <shelf name="signed" count="10"/>
      <shelf name="maybe-read" count="10"/>
      <shelf name="ya-romance" count="10"/>
      <shelf name="young-adult-fiction" count="10"/>
      <shelf name="favorite-books" count="9"/>
      <shelf name="paranormal-angels" count="9"/>
      <shelf name="young-adult-paranormal" count="9"/>
      <shelf name="kindle-books" count="9"/>
      <shelf name="ebooks-i-own" count="9"/>
      <shelf name="tbr-pile" count="9"/>
      <shelf name="paranormal-fantasy" count="9"/>
      <shelf name="paranormal-ya" count="9"/>
      <shelf name="finished-series" count="8"/>
      <shelf name="the-united-states-of-ya" count="8"/>
      <shelf name="books" count="8"/>
      <shelf name="on-my-kindle" count="8"/>
      <shelf name="bad-boys" count="8"/>
      <shelf name="contemporary" count="8"/>
      <shelf name="not-at-library" count="8"/>
      <shelf name="downloaded" count="8"/>
      <shelf name="need-to-read" count="8"/>
      <shelf name="beautiful-covers" count="8"/>
  </popular_shelves>
  <book_links>
    <book_link>
  <id>8</id>
  <name>Libraries</name>
  <link>https://www.goodreads.com/book_link/follow/8</link>
</book_link>

  </book_links>
  <buy_links>
    <buy_link>
<id>1</id>
<name>Amazon</name>
<link>https://www.goodreads.com/book_link/follow/1</link>
</buy_link>
<buy_link>
<id>10</id>
<name>Audible</name>
<link>https://www.goodreads.com/book_link/follow/10</link>
</buy_link>
<buy_link>
<id>3</id>
<name>Barnes &amp; Noble</name>
<link>https://www.goodreads.com/book_link/follow/3</link>
</buy_link>
<buy_link>
<id>1027</id>
<name>Kobo</name>
<link>https://www.goodreads.com/book_link/follow/1027</link>
</buy_link>
<buy_link>
<id>2102</id>
<name>Apple iBooks</name>
<link>https://www.goodreads.com/book_link/follow/2102</link>
</buy_link>
<buy_link>
<id>8036</id>
<name>Google Play</name>
<link>https://www.goodreads.com/book_link/follow/8036</link>
</buy_link>
<buy_link>
<id>4</id>
<name>Abebooks</name>
<link>https://www.goodreads.com/book_link/follow/4</link>
</buy_link>
<buy_link>
<id>882</id>
<name>Book Depository</name>
<link>https://www.goodreads.com/book_link/follow/882</link>
</buy_link>
<buy_link>
<id>9</id>
<name>Indigo</name>
<link>https://www.goodreads.com/book_link/follow/9</link>
</buy_link>
<buy_link>
<id>2</id>
<name>Half.com</name>
<link>https://www.goodreads.com/book_link/follow/2</link>
</buy_link>
<buy_link>
<id>5</id>
<name>Alibris</name>
<link>https://www.goodreads.com/book_link/follow/5</link>
</buy_link>
<buy_link>
<id>107</id>
<name>Better World Books</name>
<link>https://www.goodreads.com/book_link/follow/107</link>
</buy_link>
<buy_link>
<id>7</id>
<name>IndieBound</name>
<link>https://www.goodreads.com/book_link/follow/7</link>
</buy_link>

  </buy_links>
  <series_works>
    <series_work>
<id>301887</id>
<user_position>1</user_position>
<series>
<id>67870</id>
<title>
<![CDATA[
    A Beautiful Dark
]]>
</title>
<description>
<![CDATA[
]]>
</description>
<note>
<![CDATA[
]]>
</note>
<series_works_count>3</series_works_count>
<primary_work_count>3</primary_work_count>
<numbered>true</numbered>
</series>

</series_work>

  </series_works>
  <similar_books>
          <book>
<id>13584415</id>
<title>Shattered Souls (Souls, #1)</title>
<title_without_series>Shattered Souls</title_without_series>
<link><![CDATA[https://www.goodreads.com/book/show/13584415-shattered-souls]]></link>
<small_image_url><![CDATA[https://images.gr-assets.com/books/1333922077s/13584415.jpg]]></small_image_url>
<image_url><![CDATA[https://images.gr-assets.com/books/1333922077m/13584415.jpg]]></image_url>
<num_pages>336</num_pages>
<work>
<id>14250517</id>
</work>
<isbn>0142421901</isbn>
<isbn13>9780142421901</isbn13>
<average_rating>3.94</average_rating>
<ratings_count>7168</ratings_count>
<publication_year>2012</publication_year>
<publication_month>12</publication_month>
<publication_day>6</publication_day>
<authors>
<author>
<id>2931654</id>
<name>Mary Lindsey</name>
<link><![CDATA[https://www.goodreads.com/author/show/2931654.Mary_Lindsey]]></link>
</author>
</authors>
</book>

          <book>
<id>8428050</id>
<title><![CDATA[A Touch Mortal (A Touch Trilogy, #1)]]></title>
<title_without_series>A Touch Mortal</title_without_series>
<link><![CDATA[https://www.goodreads.com/book/show/8428050-a-touch-mortal]]></link>
<small_image_url><![CDATA[https://images.gr-assets.com/books/1322121124s/8428050.jpg]]></small_image_url>
<image_url><![CDATA[https://images.gr-assets.com/books/1322121124m/8428050.jpg]]></image_url>
<num_pages>419</num_pages>
<work>
<id>10644198</id>
</work>
<isbn>0062004999</isbn>
<isbn13>9780062004994</isbn13>
<average_rating>3.43</average_rating>
<ratings_count>4683</ratings_count>
<publication_year>2011</publication_year>
<publication_month>2</publication_month>
<publication_day>22</publication_day>
<authors>
<author>
<id>3387285</id>
<name>Leah Clifford</name>
<link><![CDATA[https://www.goodreads.com/author/show/3387285.Leah_Clifford]]></link>
</author>
</authors>
</book>

          <book>
<id>10335701</id>
<title><![CDATA[Carrier of the Mark (Carrier, #1)]]></title>
<title_without_series>Carrier of the Mark</title_without_series>
<link><![CDATA[https://www.goodreads.com/book/show/10335701-carrier-of-the-mark]]></link>
<small_image_url><![CDATA[https://images.gr-assets.com/books/1307640737s/10335701.jpg]]></small_image_url>
<image_url><![CDATA[https://images.gr-assets.com/books/1307640737m/10335701.jpg]]></image_url>
<num_pages>342</num_pages>
<work>
<id>15238300</id>
</work>
<isbn>0062027875</isbn>
<isbn13>9780062027870</isbn13>
<average_rating>3.52</average_rating>
<ratings_count>11484</ratings_count>
<publication_year>2011</publication_year>
<publication_month>10</publication_month>
<publication_day>4</publication_day>
<authors>
<author>
<id>4611175</id>
<name>Leigh Fallon</name>
<link><![CDATA[https://www.goodreads.com/author/show/4611175.Leigh_Fallon]]></link>
</author>
</authors>
</book>

          <book>
<id>10535171</id>
<title><![CDATA[The Redemption of Ajax (The Mephisto Covenant, #1)]]></title>
<title_without_series>The Redemption of Ajax</title_without_series>
<link><![CDATA[https://www.goodreads.com/book/show/10535171-the-redemption-of-ajax]]></link>
<small_image_url><![CDATA[https://images.gr-assets.com/books/1299790542s/10535171.jpg]]></small_image_url>
<image_url><![CDATA[https://images.gr-assets.com/books/1299790542m/10535171.jpg]]></image_url>
<num_pages>438</num_pages>
<work>
<id>15710439</id>
</work>
<isbn>160684170X</isbn>
<isbn13>9781606841709</isbn13>
<average_rating>3.85</average_rating>
<ratings_count>3811</ratings_count>
<publication_year>2011</publication_year>
<publication_month>9</publication_month>
<publication_day>27</publication_day>
<authors>
<author>
<id>4430487</id>
<name>Trinity Faegen</name>
<link><![CDATA[https://www.goodreads.com/author/show/4430487.Trinity_Faegen]]></link>
</author>
</authors>
</book>

          <book>
<id>7656231</id>
<title><![CDATA[A Need So Beautiful (A Need So Beautiful, #1)]]></title>
<title_without_series>A Need So Beautiful</title_without_series>
<link><![CDATA[https://www.goodreads.com/book/show/7656231-a-need-so-beautiful]]></link>
<small_image_url><![CDATA[https://images.gr-assets.com/books/1300744024s/7656231.jpg]]></small_image_url>
<image_url><![CDATA[https://images.gr-assets.com/books/1300744024m/7656231.jpg]]></image_url>
<num_pages>267</num_pages>
<work>
<id>10230316</id>
</work>
<isbn>0062008242</isbn>
<isbn13>9780062008244</isbn13>
<average_rating>3.69</average_rating>
<ratings_count>5043</ratings_count>
<publication_year>2011</publication_year>
<publication_month>6</publication_month>
<publication_day>21</publication_day>
<authors>
<author>
<id>164576</id>
<name>Suzanne Young</name>
<link><![CDATA[https://www.goodreads.com/author/show/164576.Suzanne_Young]]></link>
</author>
</authors>
</book>

          <book>
<id>18332077</id>
<title><![CDATA[Gideon's Promise (Son's of Judgment, #2)]]></title>
<title_without_series>Gideon&apos;s Promise</title_without_series>
<link><![CDATA[https://www.goodreads.com/book/show/18332077-gideon-s-promise]]></link>
<small_image_url><![CDATA[https://images.gr-assets.com/books/1494988762s/18332077.jpg]]></small_image_url>
<image_url><![CDATA[https://images.gr-assets.com/books/1494988762m/18332077.jpg]]></image_url>
<num_pages></num_pages>
<work>
<id>25877885</id>
</work>
<isbn></isbn>
<isbn13></isbn13>
<average_rating>4.21</average_rating>
<ratings_count>331</ratings_count>
<publication_year>2015</publication_year>
<publication_month>2</publication_month>
<publication_day>23</publication_day>
<authors>
<author>
<id>5823058</id>
<name>Airicka Phoenix</name>
<link><![CDATA[https://www.goodreads.com/author/show/5823058.Airicka_Phoenix]]></link>
</author>
</authors>
</book>

          <book>
<id>7948945</id>
<title><![CDATA[Falling Under (Falling Under, #1)]]></title>
<title_without_series>Falling Under</title_without_series>
<link><![CDATA[https://www.goodreads.com/book/show/7948945-falling-under]]></link>
<small_image_url><![CDATA[https://images.gr-assets.com/books/1326079906s/7948945.jpg]]></small_image_url>
<image_url><![CDATA[https://images.gr-assets.com/books/1326079906m/7948945.jpg]]></image_url>
<num_pages>324</num_pages>
<work>
<id>11557579</id>
</work>
<isbn>0451232682</isbn>
<isbn13>9780451232687</isbn13>
<average_rating>3.78</average_rating>
<ratings_count>15875</ratings_count>
<publication_year>2011</publication_year>
<publication_month>3</publication_month>
<publication_day>1</publication_day>
<authors>
<author>
<id>2812835</id>
<name>Gwen Hayes</name>
<link><![CDATA[https://www.goodreads.com/author/show/2812835.Gwen_Hayes]]></link>
</author>
</authors>
</book>

          <book>
<id>11478365</id>
<title>Wildefire (Wildefire #1)</title>
<title_without_series>Wildefire</title_without_series>
<link><![CDATA[https://www.goodreads.com/book/show/11478365-wildefire]]></link>
<small_image_url><![CDATA[https://images.gr-assets.com/books/1344664691s/11478365.jpg]]></small_image_url>
<image_url><![CDATA[https://images.gr-assets.com/books/1344664691m/11478365.jpg]]></image_url>
<num_pages>400</num_pages>
<work>
<id>13282347</id>
</work>
<isbn>1442421193</isbn>
<isbn13>9781442421196</isbn13>
<average_rating>3.74</average_rating>
<ratings_count>7981</ratings_count>
<publication_year>2011</publication_year>
<publication_month>7</publication_month>
<publication_day>26</publication_day>
<authors>
<author>
<id>4074044</id>
<name>Karsten Knight</name>
<link><![CDATA[https://www.goodreads.com/author/show/4074044.Karsten_Knight]]></link>
</author>
</authors>
</book>

          <book>
<id>10808965</id>
<title>A Temptation of Angels</title>
<title_without_series>A Temptation of Angels</title_without_series>
<link><![CDATA[https://www.goodreads.com/book/show/10808965-a-temptation-of-angels]]></link>
<small_image_url><![CDATA[https://images.gr-assets.com/books/1311967868s/10808965.jpg]]></small_image_url>
<image_url><![CDATA[https://images.gr-assets.com/books/1311967868m/10808965.jpg]]></image_url>
<num_pages>435</num_pages>
<work>
<id>14836619</id>
</work>
<isbn>0803737262</isbn>
<isbn13>9780803737266</isbn13>
<average_rating>3.65</average_rating>
<ratings_count>4676</ratings_count>
<publication_year>2012</publication_year>
<publication_month>3</publication_month>
<publication_day>20</publication_day>
<authors>
<author>
<id>2232265</id>
<name>Michelle Zink</name>
<link><![CDATA[https://www.goodreads.com/author/show/2232265.Michelle_Zink]]></link>
</author>
</authors>
</book>

          <book>
<id>10429015</id>
<title>Cold Kiss (Cold Kiss, #1)</title>
<title_without_series>Cold Kiss</title_without_series>
<link><![CDATA[https://www.goodreads.com/book/show/10429015-cold-kiss]]></link>
<small_image_url><![CDATA[https://images.gr-assets.com/books/1298874981s/10429015.jpg]]></small_image_url>
<image_url><![CDATA[https://images.gr-assets.com/books/1298874981m/10429015.jpg]]></image_url>
<num_pages>292</num_pages>
<work>
<id>10281620</id>
</work>
<isbn>006199622X</isbn>
<isbn13>9780061996221</isbn13>
<average_rating>3.45</average_rating>
<ratings_count>3500</ratings_count>
<publication_year>2011</publication_year>
<publication_month>9</publication_month>
<publication_day>20</publication_day>
<authors>
<author>
<id>146986</id>
<name>Amy Garvey</name>
<link><![CDATA[https://www.goodreads.com/author/show/146986.Amy_Garvey]]></link>
</author>
</authors>
</book>

          <book>
<id>10603241</id>
<title>After Obsession</title>
<title_without_series>After Obsession</title_without_series>
<link><![CDATA[https://www.goodreads.com/book/show/10603241-after-obsession]]></link>
<small_image_url><![CDATA[https://images.gr-assets.com/books/1316739607s/10603241.jpg]]></small_image_url>
<image_url><![CDATA[https://images.gr-assets.com/books/1316739607m/10603241.jpg]]></image_url>
<num_pages>305</num_pages>
<work>
<id>13078947</id>
</work>
<isbn>1599906813</isbn>
<isbn13>9781599906812</isbn13>
<average_rating>3.68</average_rating>
<ratings_count>4600</ratings_count>
<publication_year>2011</publication_year>
<publication_month>9</publication_month>
<publication_day>13</publication_day>
<authors>
<author>
<id>345630</id>
<name>Carrie Jones</name>
<link><![CDATA[https://www.goodreads.com/author/show/345630.Carrie_Jones]]></link>
</author>
</authors>
</book>

          <book>
<id>21946861</id>
<title>What Tomorrow May Bring</title>
<title_without_series>What Tomorrow May Bring</title_without_series>
<link><![CDATA[https://www.goodreads.com/book/show/21946861-what-tomorrow-may-bring]]></link>
<small_image_url><![CDATA[https://images.gr-assets.com/books/1397818641s/21946861.jpg]]></small_image_url>
<image_url><![CDATA[https://images.gr-assets.com/books/1397818641m/21946861.jpg]]></image_url>
<num_pages>2500</num_pages>
<work>
<id>41251734</id>
</work>
<isbn></isbn>
<isbn13></isbn13>
<average_rating>4.03</average_rating>
<ratings_count>166</ratings_count>
<publication_year>2014</publication_year>
<publication_month>5</publication_month>
<publication_day>1</publication_day>
<authors>
<author>
<id>449366</id>
<name>Tony Bertauski</name>
<link><![CDATA[https://www.goodreads.com/author/show/449366.Tony_Bertauski]]></link>
</author>
</authors>
</book>

          <book>
<id>10118172</id>
<title>Spellbound (Spellbound, #1)</title>
<title_without_series>Spellbound</title_without_series>
<link><![CDATA[https://www.goodreads.com/book/show/10118172-spellbound]]></link>
<small_image_url><![CDATA[https://images.gr-assets.com/books/1302191797s/10118172.jpg]]></small_image_url>
<image_url><![CDATA[https://images.gr-assets.com/books/1302191797m/10118172.jpg]]></image_url>
<num_pages>341</num_pages>
<work>
<id>15015753</id>
</work>
<isbn>0373210302</isbn>
<isbn13>9780373210305</isbn13>
<average_rating>3.88</average_rating>
<ratings_count>11792</ratings_count>
<publication_year>2011</publication_year>
<publication_month>6</publication_month>
<publication_day>21</publication_day>
<authors>
<author>
<id>4556932</id>
<name>Cara Lynn Shultz</name>
<link><![CDATA[https://www.goodreads.com/author/show/4556932.Cara_Lynn_Shultz]]></link>
</author>
</authors>
</book>

          <book>
<id>11836518</id>
<title>Halflings (Halflings, #1)</title>
<title_without_series>Halflings</title_without_series>
<link><![CDATA[https://www.goodreads.com/book/show/11836518-halflings]]></link>
<small_image_url><![CDATA[https://images.gr-assets.com/books/1327645799s/11836518.jpg]]></small_image_url>
<image_url><![CDATA[https://images.gr-assets.com/books/1327645799m/11836518.jpg]]></image_url>
<num_pages>288</num_pages>
<work>
<id>16791617</id>
</work>
<isbn>0310728207</isbn>
<isbn13>9780310728207</isbn13>
<average_rating>3.71</average_rating>
<ratings_count>2807</ratings_count>
<publication_year>2012</publication_year>
<publication_month>2</publication_month>
<publication_day>1</publication_day>
<authors>
<author>
<id>4983102</id>
<name>Heather Burch</name>
<link><![CDATA[https://www.goodreads.com/author/show/4983102.Heather_Burch]]></link>
</author>
</authors>
</book>

          <book>
<id>7916204</id>
<title>Wake Unto Me</title>
<title_without_series>Wake Unto Me</title_without_series>
<link><![CDATA[https://www.goodreads.com/book/show/7916204-wake-unto-me]]></link>
<small_image_url><![CDATA[https://images.gr-assets.com/books/1280326277s/7916204.jpg]]></small_image_url>
<image_url><![CDATA[https://images.gr-assets.com/books/1280326277m/7916204.jpg]]></image_url>
<num_pages>304</num_pages>
<work>
<id>11207798</id>
</work>
<isbn>0142414360</isbn>
<isbn13>9780142414361</isbn13>
<average_rating>3.67</average_rating>
<ratings_count>2677</ratings_count>
<publication_year>2011</publication_year>
<publication_month>3</publication_month>
<publication_day>31</publication_day>
<authors>
<author>
<id>16154</id>
<name>Lisa Cach</name>
<link><![CDATA[https://www.goodreads.com/author/show/16154.Lisa_Cach]]></link>
</author>
</authors>
</book>

          <book>
<id>8373527</id>
<title>Mercy (Mercy, #1)</title>
<title_without_series>Mercy</title_without_series>
<link><![CDATA[https://www.goodreads.com/book/show/8373527-mercy]]></link>
<small_image_url><![CDATA[https://images.gr-assets.com/books/1297927186s/8373527.jpg]]></small_image_url>
<image_url><![CDATA[https://images.gr-assets.com/books/1297927186m/8373527.jpg]]></image_url>
<num_pages>288</num_pages>
<work>
<id>13229154</id>
</work>
<isbn>0007382227</isbn>
<isbn13>9780007382224</isbn13>
<average_rating>3.72</average_rating>
<ratings_count>6350</ratings_count>
<publication_year>2010</publication_year>
<publication_month>10</publication_month>
<publication_day>28</publication_day>
<authors>
<author>
<id>3002235</id>
<name>Rebecca Lim</name>
<link><![CDATA[https://www.goodreads.com/author/show/3002235.Rebecca_Lim]]></link>
</author>
</authors>
</book>

          <book>
<id>12075543</id>
<title>PineLight (PineLight, #1)</title>
<title_without_series>PineLight</title_without_series>
<link><![CDATA[https://www.goodreads.com/book/show/12075543-pinelight]]></link>
<small_image_url><![CDATA[https://images.gr-assets.com/books/1311160130s/12075543.jpg]]></small_image_url>
<image_url><![CDATA[https://images.gr-assets.com/books/1311160130m/12075543.jpg]]></image_url>
<num_pages>250</num_pages>
<work>
<id>16786140</id>
</work>
<isbn>0983750726</isbn>
<isbn13>9780983750727</isbn13>
<average_rating>3.51</average_rating>
<ratings_count>383</ratings_count>
<publication_year>2011</publication_year>
<publication_month>7</publication_month>
<publication_day>4</publication_day>
<authors>
<author>
<id>4981328</id>
<name>Jillian Peery</name>
<link><![CDATA[https://www.goodreads.com/author/show/4981328.Jillian_Peery]]></link>
</author>
</authors>
</book>

          <book>
<id>11164626</id>
<title>Crave (The Clann, #1)</title>
<title_without_series>Crave</title_without_series>
<link><![CDATA[https://www.goodreads.com/book/show/11164626-crave]]></link>
<small_image_url><![CDATA[https://images.gr-assets.com/books/1316112801s/11164626.jpg]]></small_image_url>
<image_url><![CDATA[https://images.gr-assets.com/books/1316112801m/11164626.jpg]]></image_url>
<num_pages>416</num_pages>
<work>
<id>15455819</id>
</work>
<isbn>0373210353</isbn>
<isbn13>9780373210350</isbn13>
<average_rating>3.79</average_rating>
<ratings_count>10973</ratings_count>
<publication_year>2011</publication_year>
<publication_month>10</publication_month>
<publication_day>25</publication_day>
<authors>
<author>
<id>3497970</id>
<name>Melissa Darnell</name>
<link><![CDATA[https://www.goodreads.com/author/show/3497970.Melissa_Darnell]]></link>
</author>
</authors>
</book>

  </similar_books>
</book>

</GoodreadsResponse>