<?xml version="1.0" encoding="UTF-8"?>
<GoodreadsResponse>
  <Request>
    <authentication>true</authentication>
      <key><![CDATA[all_men_must_serve]]></key>
    <method><![CDATA[book_show]]></method>
  </Request>
  <book>
  <id>10439703</id>
  <title><![CDATA[Aloha from Hell (Sandman Slim, #3)]]></title>
  <isbn><![CDATA[0061714321]]></isbn>
  <isbn13><![CDATA[9780061714320]]></isbn13>
  <asin><![CDATA[]]></asin>
  <kindle_asin><![CDATA[B006UN3G6G]]></kindle_asin>
  <marketplace_id><![CDATA[A1F83G8C2ARO7P]]></marketplace_id>
  <country_code><![CDATA[GB]]></country_code>
  <image_url>https://images.gr-assets.com/books/1302271758m/10439703.jpg</image_url>
  <small_image_url>https://images.gr-assets.com/books/1302271758s/10439703.jpg</small_image_url>
  <publication_year>2011</publication_year>
  <publication_month>10</publication_month>
  <publication_day>18</publication_day>
  <publisher>Harper Voyager</publisher>
  <language_code>en-US</language_code>
  <is_ebook>false</is_ebook>
  <description><![CDATA[All hail Sandman Slim, author Richard Kadrey’s ultra-extreme anti-hero and recent escapee from Lucifer’s overheated Underworld playground. In number three, <em>Aloha from Hell</em>, the ruthless avenger, a.k.a. Stark, finds himself trapped in the middle of a war between Heaven and Hell. With God on vacation, the Devil nosing around in Paradise, and an insane serial killer doing serious damage on Earth, Stark/Slim is ready to unleash some more adrenaline-surging, edgy and violent supernatural mayhem—and even pay another visit to Hell if necessary—which is great news for fans of Jim Butcher, Warren Ellis, Charlaine Harris, Kim Harrison, and Simon R. Green.<br />]]></description>
  <work>
  <id type="integer">15344305</id>
  <books_count type="integer">23</books_count>
  <best_book_id type="integer">10439703</best_book_id>
  <reviews_count type="integer">17124</reviews_count>
  <ratings_sum type="integer">51193</ratings_sum>
  <ratings_count type="integer">12781</ratings_count>
  <text_reviews_count type="integer">569</text_reviews_count>
  <original_publication_year type="integer">2011</original_publication_year>
  <original_publication_month type="integer">1</original_publication_month>
  <original_publication_day type="integer">1</original_publication_day>
  <original_title>Aloha from Hell</original_title>
  <original_language_id type="integer" nil="true"/>
  <media_type>book</media_type>
  <rating_dist>5:3855|4:5644|3:2826|2:408|1:48|total:12781</rating_dist>
  <desc_user_id type="integer">4582872</desc_user_id>
  <default_chaptering_book_id type="integer" nil="true"/>
  <default_description_language_code nil="true"/>
</work>
  <average_rating>4.01</average_rating>
  <num_pages><![CDATA[438]]></num_pages>
  <format><![CDATA[]]></format>
  <edition_information><![CDATA[1st Edition]]></edition_information>
  <ratings_count><![CDATA[10722]]></ratings_count>
  <text_reviews_count><![CDATA[491]]></text_reviews_count>
  <url><![CDATA[https://www.goodreads.com/book/show/10439703-aloha-from-hell]]></url>
  <link><![CDATA[https://www.goodreads.com/book/show/10439703-aloha-from-hell]]></link>
  <authors>
<author>
<id>37557</id>
<name>Richard Kadrey</name>
<role></role>
<image_url nophoto='false'>
<![CDATA[https://images.gr-assets.com/authors/1252945001p5/37557.jpg]]>
</image_url>
<small_image_url nophoto='false'>
<![CDATA[https://images.gr-assets.com/authors/1252945001p2/37557.jpg]]>
</small_image_url>
<link><![CDATA[https://www.goodreads.com/author/show/37557.Richard_Kadrey]]></link>
<average_rating>3.98</average_rating>
<ratings_count>98220</ratings_count>
<text_reviews_count>6777</text_reviews_count>
</author>
</authors>

    <reviews_widget>
      <![CDATA[
        <style>
  #goodreads-widget {
    font-family: georgia, serif;
    padding: 18px 0;
    width:565px;
  }
  #goodreads-widget h1 {
    font-weight:normal;
    font-size: 16px;
    border-bottom: 1px solid #BBB596;
    margin-bottom: 0;
  }
  #goodreads-widget a {
    text-decoration: none;
    color:#660;
  }
  iframe{
    background-color: #fff;
  }
  #goodreads-widget a:hover { text-decoration: underline; }
  #goodreads-widget a:active {
    color:#660;
  }
  #gr_footer {
    width: 100%;
    border-top: 1px solid #BBB596;
    text-align: right;
  }
  #goodreads-widget .gr_branding{
    color: #382110;
    font-size: 11px;
    text-decoration: none;
    font-family: "Helvetica Neue", Helvetica, Arial, sans-serif;
  }
</style>
<div id="goodreads-widget">
  <div id="gr_header"><h1><a rel="nofollow" href="https://www.goodreads.com/book/show/10439703-aloha-from-hell">Aloha from Hell Reviews</a></h1></div>
  <iframe id="the_iframe" src="https://www.goodreads.com/api/reviews_widget_iframe?did=DEVELOPER_ID&amp;format=html&amp;isbn=0061714321&amp;links=660&amp;min_rating=&amp;review_back=fff&amp;stars=000&amp;text=000" width="565" height="400" frameborder="0"></iframe>
  <div id="gr_footer">
    <a class="gr_branding" target="_blank" rel="nofollow" href="https://www.goodreads.com/book/show/10439703-aloha-from-hell?utm_medium=api&amp;utm_source=reviews_widget">Reviews from Goodreads.com</a>
  </div>
</div>

      ]]>
    </reviews_widget>
  <popular_shelves>
      <shelf name="to-read" count="2754"/>
      <shelf name="urban-fantasy" count="468"/>
      <shelf name="fantasy" count="317"/>
      <shelf name="currently-reading" count="174"/>
      <shelf name="horror" count="130"/>
      <shelf name="fiction" count="73"/>
      <shelf name="series" count="59"/>
      <shelf name="favorites" count="56"/>
      <shelf name="paranormal" count="54"/>
      <shelf name="kindle" count="53"/>
      <shelf name="supernatural" count="45"/>
      <shelf name="sandman-slim" count="41"/>
      <shelf name="owned" count="30"/>
      <shelf name="ebook" count="27"/>
      <shelf name="ebooks" count="26"/>
      <shelf name="magic" count="23"/>
      <shelf name="mystery" count="22"/>
      <shelf name="angels" count="22"/>
      <shelf name="demons" count="22"/>
      <shelf name="audiobook" count="20"/>
      <shelf name="urban" count="19"/>
      <shelf name="noir" count="19"/>
      <shelf name="default" count="17"/>
      <shelf name="richard-kadrey" count="17"/>
      <shelf name="audiobooks" count="16"/>
      <shelf name="books-i-own" count="15"/>
      <shelf name="sci-fi-fantasy" count="14"/>
      <shelf name="humor" count="14"/>
      <shelf name="dark-fantasy" count="14"/>
      <shelf name="audio" count="13"/>
      <shelf name="fantasy-sci-fi" count="12"/>
      <shelf name="modern-fantasy" count="11"/>
      <shelf name="dark" count="11"/>
      <shelf name="thriller" count="10"/>
      <shelf name="sci-fi" count="10"/>
      <shelf name="e-books" count="10"/>
      <shelf name="science-fiction" count="10"/>
      <shelf name="audible" count="9"/>
      <shelf name="adventure" count="9"/>
      <shelf name="contemporary" count="9"/>
      <shelf name="vampires" count="9"/>
      <shelf name="paranormal-fantasy" count="9"/>
      <shelf name="read-in-2012" count="9"/>
      <shelf name="audio-book" count="9"/>
      <shelf name="read-in-2013" count="8"/>
      <shelf name="action" count="8"/>
      <shelf name="mythology" count="8"/>
      <shelf name="books" count="7"/>
      <shelf name="audio-books" count="7"/>
      <shelf name="crime" count="7"/>
      <shelf name="adult-fiction" count="7"/>
      <shelf name="adult" count="7"/>
      <shelf name="angels-demons" count="7"/>
      <shelf name="science-fiction-fantasy" count="7"/>
      <shelf name="read-2015" count="6"/>
      <shelf name="read-2014" count="6"/>
      <shelf name="kadrey" count="6"/>
      <shelf name="library" count="6"/>
      <shelf name="kadrey-richard" count="6"/>
      <shelf name="angels-and-demons" count="6"/>
      <shelf name="my-ebooks" count="6"/>
      <shelf name="want" count="6"/>
      <shelf name="my-library" count="6"/>
      <shelf name="detective" count="6"/>
      <shelf name="funny" count="6"/>
      <shelf name="to-buy" count="6"/>
      <shelf name="antihero" count="6"/>
      <shelf name="hell" count="6"/>
      <shelf name="read-in-2011" count="6"/>
      <shelf name="read-in-2014" count="5"/>
      <shelf name="sff" count="5"/>
      <shelf name="nook" count="5"/>
      <shelf name="uf" count="5"/>
      <shelf name="calibre" count="5"/>
      <shelf name="humour" count="5"/>
      <shelf name="fantasy-urban" count="5"/>
      <shelf name="read-2012" count="5"/>
      <shelf name="anti-hero" count="5"/>
      <shelf name="religion" count="5"/>
      <shelf name="gods" count="5"/>
      <shelf name="speculative-fiction" count="5"/>
      <shelf name="kindle-books" count="5"/>
      <shelf name="read-in-2016" count="4"/>
      <shelf name="epub" count="4"/>
      <shelf name="contemporary-fantasy" count="4"/>
      <shelf name="hard-boiled" count="4"/>
      <shelf name="angel" count="4"/>
      <shelf name="abandoned" count="4"/>
      <shelf name="scifi-fantasy" count="4"/>
      <shelf name="mystery-thriller" count="4"/>
      <shelf name="low-fantasy" count="4"/>
      <shelf name="my-books" count="4"/>
      <shelf name="fantasy-supernatural" count="4"/>
      <shelf name="genre-urban-fantasy" count="4"/>
      <shelf name="urban-paranormal" count="4"/>
      <shelf name="wish-list" count="4"/>
      <shelf name="zombies" count="3"/>
      <shelf name="read-in-2015" count="3"/>
      <shelf name="library-book" count="3"/>
      <shelf name="war" count="3"/>
  </popular_shelves>
  <book_links>
    <book_link>
  <id>8</id>
  <name>Libraries</name>
  <link>https://www.goodreads.com/book_link/follow/8</link>
</book_link>

  </book_links>
  <buy_links>
    <buy_link>
<id>1</id>
<name>Amazon</name>
<link>https://www.goodreads.com/book_link/follow/1</link>
</buy_link>
<buy_link>
<id>10</id>
<name>Audible</name>
<link>https://www.goodreads.com/book_link/follow/10</link>
</buy_link>
<buy_link>
<id>3</id>
<name>Barnes &amp; Noble</name>
<link>https://www.goodreads.com/book_link/follow/3</link>
</buy_link>
<buy_link>
<id>1027</id>
<name>Kobo</name>
<link>https://www.goodreads.com/book_link/follow/1027</link>
</buy_link>
<buy_link>
<id>2102</id>
<name>Apple iBooks</name>
<link>https://www.goodreads.com/book_link/follow/2102</link>
</buy_link>
<buy_link>
<id>8036</id>
<name>Google Play</name>
<link>https://www.goodreads.com/book_link/follow/8036</link>
</buy_link>
<buy_link>
<id>4</id>
<name>Abebooks</name>
<link>https://www.goodreads.com/book_link/follow/4</link>
</buy_link>
<buy_link>
<id>882</id>
<name>Book Depository</name>
<link>https://www.goodreads.com/book_link/follow/882</link>
</buy_link>
<buy_link>
<id>9</id>
<name>Indigo</name>
<link>https://www.goodreads.com/book_link/follow/9</link>
</buy_link>
<buy_link>
<id>2</id>
<name>Half.com</name>
<link>https://www.goodreads.com/book_link/follow/2</link>
</buy_link>
<buy_link>
<id>5</id>
<name>Alibris</name>
<link>https://www.goodreads.com/book_link/follow/5</link>
</buy_link>
<buy_link>
<id>107</id>
<name>Better World Books</name>
<link>https://www.goodreads.com/book_link/follow/107</link>
</buy_link>
<buy_link>
<id>7</id>
<name>IndieBound</name>
<link>https://www.goodreads.com/book_link/follow/7</link>
</buy_link>

  </buy_links>
  <series_works>
    <series_work>
<id>231550</id>
<user_position>3</user_position>
<series>
<id>46424</id>
<title>
<![CDATA[
    Sandman Slim
]]>
</title>
<description>
<![CDATA[
]]>
</description>
<note>
<![CDATA[
]]>
</note>
<series_works_count>10</series_works_count>
<primary_work_count>9</primary_work_count>
<numbered>true</numbered>
</series>

</series_work>

  </series_works>
  <similar_books>
          <book>
<id>6323514</id>
<title><![CDATA[The Naming of the Beasts (Felix Castor, #5)]]></title>
<title_without_series>The Naming of the Beasts</title_without_series>
<link><![CDATA[https://www.goodreads.com/book/show/6323514-the-naming-of-the-beasts]]></link>
<small_image_url><![CDATA[https://images.gr-assets.com/books/1415589984s/6323514.jpg]]></small_image_url>
<image_url><![CDATA[https://images.gr-assets.com/books/1415589984m/6323514.jpg]]></image_url>
<num_pages>463</num_pages>
<work>
<id>6508989</id>
</work>
<isbn>1841496553</isbn>
<isbn13>9781841496559</isbn13>
<average_rating>4.19</average_rating>
<ratings_count>4180</ratings_count>
<publication_year>2009</publication_year>
<publication_month>9</publication_month>
<publication_day>3</publication_day>
<authors>
<author>
<id>9018</id>
<name>Mike Carey</name>
<link><![CDATA[https://www.goodreads.com/author/show/9018.Mike_Carey]]></link>
</author>
</authors>
</book>

          <book>
<id>13543206</id>
<title><![CDATA[Dead Mann Running (Hessius Mann, #2)]]></title>
<title_without_series>Dead Mann Running</title_without_series>
<link><![CDATA[https://www.goodreads.com/book/show/13543206-dead-mann-running]]></link>
<small_image_url><![CDATA[https://images.gr-assets.com/books/1340106361s/13543206.jpg]]></small_image_url>
<image_url><![CDATA[https://images.gr-assets.com/books/1340106361m/13543206.jpg]]></image_url>
<num_pages>352</num_pages>
<work>
<id>19107502</id>
</work>
<isbn>0451464745</isbn>
<isbn13>9780451464743</isbn13>
<average_rating>3.85</average_rating>
<ratings_count>79</ratings_count>
<publication_year>2012</publication_year>
<publication_month>9</publication_month>
<publication_day>4</publication_day>
<authors>
<author>
<id>13856</id>
<name>Stefan Petrucha</name>
<link><![CDATA[https://www.goodreads.com/author/show/13856.Stefan_Petrucha]]></link>
</author>
</authors>
</book>

          <book>
<id>7268509</id>
<title><![CDATA[Game of Cages (Twenty Palaces, #2)]]></title>
<title_without_series>Game of Cages</title_without_series>
<link><![CDATA[https://www.goodreads.com/book/show/7268509-game-of-cages]]></link>
<small_image_url><![CDATA[https://s.gr-assets.com/assets/nophoto/book/50x75-a91bf249278a81aabab721ef782c4a74.png]]></small_image_url>
<image_url><![CDATA[https://s.gr-assets.com/assets/nophoto/book/111x148-bcc042a9c91a29c1d680899eff700a03.png]]></image_url>
<num_pages>344</num_pages>
<work>
<id>8385900</id>
</work>
<isbn>0345508904</isbn>
<isbn13>9780345508904</isbn13>
<average_rating>3.89</average_rating>
<ratings_count>3348</ratings_count>
<publication_year>2010</publication_year>
<publication_month>8</publication_month>
<publication_day>31</publication_day>
<authors>
<author>
<id>89973</id>
<name>Harry Connolly</name>
<link><![CDATA[https://www.goodreads.com/author/show/89973.Harry_Connolly]]></link>
</author>
</authors>
</book>

          <book>
<id>18226374</id>
<title>Braineater Jones</title>
<title_without_series>Braineater Jones</title_without_series>
<link><![CDATA[https://www.goodreads.com/book/show/18226374-braineater-jones]]></link>
<small_image_url><![CDATA[https://images.gr-assets.com/books/1374585536s/18226374.jpg]]></small_image_url>
<image_url><![CDATA[https://images.gr-assets.com/books/1374585536m/18226374.jpg]]></image_url>
<num_pages>220</num_pages>
<work>
<id>25661378</id>
</work>
<isbn>1940215188</isbn>
<isbn13>9781940215181</isbn13>
<average_rating>3.96</average_rating>
<ratings_count>241</ratings_count>
<publication_year>2013</publication_year>
<publication_month>10</publication_month>
<publication_day>14</publication_day>
<authors>
<author>
<id>7183355</id>
<name>Stephen Kozeniewski</name>
<link><![CDATA[https://www.goodreads.com/author/show/7183355.Stephen_Kozeniewski]]></link>
</author>
</authors>
</book>

          <book>
<id>23299496</id>
<title><![CDATA[The Man in the Long Black Coat (Dale Bruyer #1)]]></title>
<title_without_series><![CDATA[The Man in the Long Black Coat]]></title_without_series>
<link><![CDATA[https://www.goodreads.com/book/show/23299496-the-man-in-the-long-black-coat]]></link>
<small_image_url><![CDATA[https://images.gr-assets.com/books/1412283853s/23299496.jpg]]></small_image_url>
<image_url><![CDATA[https://images.gr-assets.com/books/1412283853m/23299496.jpg]]></image_url>
<num_pages>349</num_pages>
<work>
<id>42269636</id>
</work>
<isbn></isbn>
<isbn13></isbn13>
<average_rating>4.02</average_rating>
<ratings_count>127</ratings_count>
<publication_year>2014</publication_year>
<publication_month>10</publication_month>
<publication_day></publication_day>
<authors>
<author>
<id>8389287</id>
<name>J.L. Aarne</name>
<link><![CDATA[https://www.goodreads.com/author/show/8389287.J_L_Aarne]]></link>
</author>
</authors>
</book>

          <book>
<id>6516513</id>
<title><![CDATA[Pennies for the Ferryman (Dead Eye #1)]]></title>
<title_without_series>Pennies for the Ferryman</title_without_series>
<link><![CDATA[https://www.goodreads.com/book/show/6516513-pennies-for-the-ferryman]]></link>
<small_image_url><![CDATA[https://s.gr-assets.com/assets/nophoto/book/50x75-a91bf249278a81aabab721ef782c4a74.png]]></small_image_url>
<image_url><![CDATA[https://s.gr-assets.com/assets/nophoto/book/111x148-bcc042a9c91a29c1d680899eff700a03.png]]></image_url>
<num_pages>262</num_pages>
<work>
<id>6708342</id>
</work>
<isbn>0979573882</isbn>
<isbn13>9780979573880</isbn13>
<average_rating>3.66</average_rating>
<ratings_count>971</ratings_count>
<publication_year>2009</publication_year>
<publication_month>6</publication_month>
<publication_day>5</publication_day>
<authors>
<author>
<id>2884866</id>
<name>Jim Bernheimer</name>
<link><![CDATA[https://www.goodreads.com/author/show/2884866.Jim_Bernheimer]]></link>
</author>
</authors>
</book>

          <book>
<id>13051355</id>
<title><![CDATA[Monster Hunter Legion (Monster Hunter International, #4)]]></title>
<title_without_series>Monster Hunter Legion</title_without_series>
<link><![CDATA[https://www.goodreads.com/book/show/13051355-monster-hunter-legion]]></link>
<small_image_url><![CDATA[https://images.gr-assets.com/books/1325733030s/13051355.jpg]]></small_image_url>
<image_url><![CDATA[https://images.gr-assets.com/books/1325733030m/13051355.jpg]]></image_url>
<num_pages>377</num_pages>
<work>
<id>18216155</id>
</work>
<isbn>1451637969</isbn>
<isbn13>9781451637960</isbn13>
<average_rating>4.31</average_rating>
<ratings_count>9877</ratings_count>
<publication_year>2012</publication_year>
<publication_month>9</publication_month>
<publication_day>4</publication_day>
<authors>
<author>
<id>1136158</id>
<name>Larry Correia</name>
<link><![CDATA[https://www.goodreads.com/author/show/1136158.Larry_Correia]]></link>
</author>
</authors>
</book>

          <book>
<id>11475567</id>
<title><![CDATA[The Minority Council (Matthew Swift, #4)]]></title>
<title_without_series>The Minority Council</title_without_series>
<link><![CDATA[https://www.goodreads.com/book/show/11475567-the-minority-council]]></link>
<small_image_url><![CDATA[https://images.gr-assets.com/books/1330972514s/11475567.jpg]]></small_image_url>
<image_url><![CDATA[https://images.gr-assets.com/books/1330972514m/11475567.jpg]]></image_url>
<num_pages>400</num_pages>
<work>
<id>16410159</id>
</work>
<isbn></isbn>
<isbn13></isbn13>
<average_rating>4.21</average_rating>
<ratings_count>2231</ratings_count>
<publication_year>2012</publication_year>
<publication_month>5</publication_month>
<publication_day>1</publication_day>
<authors>
<author>
<id>613805</id>
<name>Kate Griffin</name>
<link><![CDATA[https://www.goodreads.com/author/show/613805.Kate_Griffin]]></link>
</author>
</authors>
</book>

          <book>
<id>29345802</id>
<title><![CDATA[The White Gold Score (Daniel Faust, #1.5)]]></title>
<title_without_series>The White Gold Score</title_without_series>
<link><![CDATA[https://www.goodreads.com/book/show/29345802-the-white-gold-score]]></link>
<small_image_url><![CDATA[https://s.gr-assets.com/assets/nophoto/book/50x75-a91bf249278a81aabab721ef782c4a74.png]]></small_image_url>
<image_url><![CDATA[https://s.gr-assets.com/assets/nophoto/book/111x148-bcc042a9c91a29c1d680899eff700a03.png]]></image_url>
<num_pages></num_pages>
<work>
<id>49388982</id>
</work>
<isbn></isbn>
<isbn13></isbn13>
<average_rating>4.18</average_rating>
<ratings_count>601</ratings_count>
<publication_year></publication_year>
<publication_month></publication_month>
<publication_day></publication_day>
<authors>
<author>
<id>8180684</id>
<name>Craig Schaefer</name>
<link><![CDATA[https://www.goodreads.com/author/show/8180684.Craig_Schaefer]]></link>
</author>
</authors>
</book>

          <book>
<id>15733360</id>
<title><![CDATA[The Mourning Woods (The Tome of Bill, #3)]]></title>
<title_without_series>The Mourning Woods</title_without_series>
<link><![CDATA[https://www.goodreads.com/book/show/15733360-the-mourning-woods]]></link>
<small_image_url><![CDATA[https://images.gr-assets.com/books/1341275096s/15733360.jpg]]></small_image_url>
<image_url><![CDATA[https://images.gr-assets.com/books/1341275096m/15733360.jpg]]></image_url>
<num_pages>359</num_pages>
<work>
<id>45284398</id>
</work>
<isbn></isbn>
<isbn13></isbn13>
<average_rating>4.04</average_rating>
<ratings_count>2293</ratings_count>
<publication_year>2012</publication_year>
<publication_month>10</publication_month>
<publication_day>11</publication_day>
<authors>
<author>
<id>5008815</id>
<name>Rick Gualtieri</name>
<link><![CDATA[https://www.goodreads.com/author/show/5008815.Rick_Gualtieri]]></link>
</author>
</authors>
</book>

          <book>
<id>9660176</id>
<title><![CDATA[For Heaven's Eyes Only (Secret Histories, #5)]]></title>
<title_without_series>For Heaven&apos;s Eyes Only</title_without_series>
<link><![CDATA[https://www.goodreads.com/book/show/9660176-for-heaven-s-eyes-only]]></link>
<small_image_url><![CDATA[https://s.gr-assets.com/assets/nophoto/book/50x75-a91bf249278a81aabab721ef782c4a74.png]]></small_image_url>
<image_url><![CDATA[https://s.gr-assets.com/assets/nophoto/book/111x148-bcc042a9c91a29c1d680899eff700a03.png]]></image_url>
<num_pages>377</num_pages>
<work>
<id>14547794</id>
</work>
<isbn>0451463951</isbn>
<isbn13>9780451463951</isbn13>
<average_rating>4.03</average_rating>
<ratings_count>2863</ratings_count>
<publication_year></publication_year>
<publication_month></publication_month>
<publication_day></publication_day>
<authors>
<author>
<id>41942</id>
<name>Simon R. Green</name>
<link><![CDATA[https://www.goodreads.com/author/show/41942.Simon_R_Green]]></link>
</author>
</authors>
</book>

          <book>
<id>21532990</id>
<title><![CDATA[Bloodline (Unnamed London PNR Series #2)]]></title>
<title_without_series>Bloodline</title_without_series>
<link><![CDATA[https://www.goodreads.com/book/show/21532990-bloodline]]></link>
<small_image_url><![CDATA[https://images.gr-assets.com/books/1395593155s/21532990.jpg]]></small_image_url>
<image_url><![CDATA[https://images.gr-assets.com/books/1395593155m/21532990.jpg]]></image_url>
<num_pages>219</num_pages>
<work>
<id>40861540</id>
</work>
<isbn></isbn>
<isbn13>9781623007973</isbn13>
<average_rating>3.91</average_rating>
<ratings_count>438</ratings_count>
<publication_year>2014</publication_year>
<publication_month>4</publication_month>
<publication_day>1</publication_day>
<authors>
<author>
<id>2856948</id>
<name>Barbara Elsborg</name>
<link><![CDATA[https://www.goodreads.com/author/show/2856948.Barbara_Elsborg]]></link>
</author>
</authors>
</book>

          <book>
<id>6624702</id>
<title>Roadkill (Cal Leandros, #5)</title>
<title_without_series>Roadkill</title_without_series>
<link><![CDATA[https://www.goodreads.com/book/show/6624702-roadkill]]></link>
<small_image_url><![CDATA[https://s.gr-assets.com/assets/nophoto/book/50x75-a91bf249278a81aabab721ef782c4a74.png]]></small_image_url>
<image_url><![CDATA[https://s.gr-assets.com/assets/nophoto/book/111x148-bcc042a9c91a29c1d680899eff700a03.png]]></image_url>
<num_pages>352</num_pages>
<work>
<id>6818939</id>
</work>
<isbn>0451463196</isbn>
<isbn13>9780451463197</isbn13>
<average_rating>4.09</average_rating>
<ratings_count>4192</ratings_count>
<publication_year>2010</publication_year>
<publication_month>3</publication_month>
<publication_day>2</publication_day>
<authors>
<author>
<id>121825</id>
<name>Rob Thurman</name>
<link><![CDATA[https://www.goodreads.com/author/show/121825.Rob_Thurman]]></link>
</author>
</authors>
</book>

          <book>
<id>13274082</id>
<title>Cursed (Alex Verus, #2)</title>
<title_without_series>Cursed</title_without_series>
<link><![CDATA[https://www.goodreads.com/book/show/13274082-cursed]]></link>
<small_image_url><![CDATA[https://images.gr-assets.com/books/1330971845s/13274082.jpg]]></small_image_url>
<image_url><![CDATA[https://images.gr-assets.com/books/1330971845m/13274082.jpg]]></image_url>
<num_pages>293</num_pages>
<work>
<id>18478073</id>
</work>
<isbn>1937007596</isbn>
<isbn13>9781937007591</isbn13>
<average_rating>4.07</average_rating>
<ratings_count>10509</ratings_count>
<publication_year>2012</publication_year>
<publication_month>5</publication_month>
<publication_day>29</publication_day>
<authors>
<author>
<id>849723</id>
<name>Benedict Jacka</name>
<link><![CDATA[https://www.goodreads.com/author/show/849723.Benedict_Jacka]]></link>
</author>
</authors>
</book>

          <book>
<id>7263</id>
<title>No Dominion (Joe Pitt, #2)</title>
<title_without_series>No Dominion</title_without_series>
<link><![CDATA[https://www.goodreads.com/book/show/7263.No_Dominion]]></link>
<small_image_url><![CDATA[https://s.gr-assets.com/assets/nophoto/book/50x75-a91bf249278a81aabab721ef782c4a74.png]]></small_image_url>
<image_url><![CDATA[https://s.gr-assets.com/assets/nophoto/book/111x148-bcc042a9c91a29c1d680899eff700a03.png]]></image_url>
<num_pages>251</num_pages>
<work>
<id>10393</id>
</work>
<isbn>0345478258</isbn>
<isbn13>9780345478252</isbn13>
<average_rating>4.00</average_rating>
<ratings_count>4633</ratings_count>
<publication_year>2006</publication_year>
<publication_month>12</publication_month>
<publication_day>26</publication_day>
<authors>
<author>
<id>4861</id>
<name>Charlie Huston</name>
<link><![CDATA[https://www.goodreads.com/author/show/4861.Charlie_Huston]]></link>
</author>
</authors>
</book>

  </similar_books>
</book>

</GoodreadsResponse>