<?xml version="1.0" encoding="UTF-8"?>
<GoodreadsResponse>
  <Request>
    <authentication>true</authentication>
      <key><![CDATA[all_men_must_serve]]></key>
    <method><![CDATA[book_show]]></method>
  </Request>
  <book>
  <id>104378</id>
  <title>Keeping the Moon</title>
  <isbn><![CDATA[0142401765]]></isbn>
  <isbn13><![CDATA[9780142401767]]></isbn13>
  <asin><![CDATA[]]></asin>
  <kindle_asin><![CDATA[]]></kindle_asin>
  <marketplace_id><![CDATA[]]></marketplace_id>
  <country_code><![CDATA[GB]]></country_code>
  <image_url>https://images.gr-assets.com/books/1359205648m/104378.jpg</image_url>
  <small_image_url>https://images.gr-assets.com/books/1359205648s/104378.jpg</small_image_url>
  <publication_year></publication_year>
  <publication_month></publication_month>
  <publication_day></publication_day>
  <publisher></publisher>
  <language_code>en-US</language_code>
  <is_ebook>false</is_ebook>
  <description><![CDATA[<i>There is an alternate cover edition for this ISBN13 <a>here</a>.</i><br /><br />Colie expects the worst when she's sent to spend the summer with her eccentric aunt Mira while her mother, queen of the television infomercial, tours Europe. Always an outcast -- first for being fat and then for being "easy" -- Colie has no friends at home and doesn't expect to find any in Colby, North Carolina. <br /><br />But then she lands a job at the Last Chance Cafe and meets fellow waitresses Morgan and Isabel, best friends with a loving yet volatile relationship. Wacky yet wise, Morgan and Isabel help Colie see herself in a new way and realize the potential that has been there all along.]]></description>
  <work>
  <id type="integer">100634</id>
  <books_count type="integer">42</books_count>
  <best_book_id type="integer">104378</best_book_id>
  <reviews_count type="integer">94542</reviews_count>
  <ratings_sum type="integer">208460</ratings_sum>
  <ratings_count type="integer">54017</ratings_count>
  <text_reviews_count type="integer">2456</text_reviews_count>
  <original_publication_year type="integer">1999</original_publication_year>
  <original_publication_month type="integer">9</original_publication_month>
  <original_publication_day type="integer">1</original_publication_day>
  <original_title>Keeping the Moon</original_title>
  <original_language_id type="integer" nil="true"/>
  <media_type>book</media_type>
  <rating_dist>5:16925|4:17851|3:14793|2:3604|1:844|total:54017</rating_dist>
  <desc_user_id type="integer">171430</desc_user_id>
  <default_chaptering_book_id type="integer" nil="true"/>
  <default_description_language_code nil="true"/>
</work>
  <average_rating>3.86</average_rating>
  <num_pages><![CDATA[228]]></num_pages>
  <format><![CDATA[]]></format>
  <edition_information><![CDATA[]]></edition_information>
  <ratings_count><![CDATA[51559]]></ratings_count>
  <text_reviews_count><![CDATA[2090]]></text_reviews_count>
  <url><![CDATA[https://www.goodreads.com/book/show/104378.Keeping_the_Moon]]></url>
  <link><![CDATA[https://www.goodreads.com/book/show/104378.Keeping_the_Moon]]></link>
  <authors>
<author>
<id>2987</id>
<name>Sarah Dessen</name>
<role></role>
<image_url nophoto='false'>
<![CDATA[https://images.gr-assets.com/authors/1372181953p5/2987.jpg]]>
</image_url>
<small_image_url nophoto='false'>
<![CDATA[https://images.gr-assets.com/authors/1372181953p2/2987.jpg]]>
</small_image_url>
<link><![CDATA[https://www.goodreads.com/author/show/2987.Sarah_Dessen]]></link>
<average_rating>4.00</average_rating>
<ratings_count>1248505</ratings_count>
<text_reviews_count>56655</text_reviews_count>
</author>
</authors>

    <reviews_widget>
      <![CDATA[
        <style>
  #goodreads-widget {
    font-family: georgia, serif;
    padding: 18px 0;
    width:565px;
  }
  #goodreads-widget h1 {
    font-weight:normal;
    font-size: 16px;
    border-bottom: 1px solid #BBB596;
    margin-bottom: 0;
  }
  #goodreads-widget a {
    text-decoration: none;
    color:#660;
  }
  iframe{
    background-color: #fff;
  }
  #goodreads-widget a:hover { text-decoration: underline; }
  #goodreads-widget a:active {
    color:#660;
  }
  #gr_footer {
    width: 100%;
    border-top: 1px solid #BBB596;
    text-align: right;
  }
  #goodreads-widget .gr_branding{
    color: #382110;
    font-size: 11px;
    text-decoration: none;
    font-family: "Helvetica Neue", Helvetica, Arial, sans-serif;
  }
</style>
<div id="goodreads-widget">
  <div id="gr_header"><h1><a rel="nofollow" href="https://www.goodreads.com/book/show/104378.Keeping_the_Moon">Keeping the Moon Reviews</a></h1></div>
  <iframe id="the_iframe" src="https://www.goodreads.com/api/reviews_widget_iframe?did=DEVELOPER_ID&amp;format=html&amp;isbn=0142401765&amp;links=660&amp;min_rating=&amp;review_back=fff&amp;stars=000&amp;text=000" width="565" height="400" frameborder="0"></iframe>
  <div id="gr_footer">
    <a class="gr_branding" target="_blank" rel="nofollow" href="https://www.goodreads.com/book/show/104378.Keeping_the_Moon?utm_medium=api&amp;utm_source=reviews_widget">Reviews from Goodreads.com</a>
  </div>
</div>

      ]]>
    </reviews_widget>
  <popular_shelves>
      <shelf name="to-read" count="9755"/>
      <shelf name="young-adult" count="1235"/>
      <shelf name="ya" count="594"/>
      <shelf name="favorites" count="559"/>
      <shelf name="romance" count="502"/>
      <shelf name="currently-reading" count="485"/>
      <shelf name="contemporary" count="430"/>
      <shelf name="books-i-own" count="425"/>
      <shelf name="sarah-dessen" count="407"/>
      <shelf name="chick-lit" count="223"/>
      <shelf name="realistic-fiction" count="214"/>
      <shelf name="fiction" count="209"/>
      <shelf name="owned" count="180"/>
      <shelf name="teen" count="137"/>
      <shelf name="library" count="79"/>
      <shelf name="ya-fiction" count="76"/>
      <shelf name="owned-books" count="71"/>
      <shelf name="ya-contemporary" count="66"/>
      <shelf name="to-buy" count="66"/>
      <shelf name="coming-of-age" count="66"/>
      <shelf name="summer" count="65"/>
      <shelf name="my-books" count="62"/>
      <shelf name="i-own" count="57"/>
      <shelf name="young-adult-fiction" count="55"/>
      <shelf name="stand-alone" count="50"/>
      <shelf name="summer-reads" count="50"/>
      <shelf name="high-school" count="50"/>
      <shelf name="realistic" count="46"/>
      <shelf name="friendship" count="43"/>
      <shelf name="favourites" count="41"/>
      <shelf name="ya-romance" count="40"/>
      <shelf name="kindle" count="38"/>
      <shelf name="read-in-2011" count="36"/>
      <shelf name="teen-fiction" count="36"/>
      <shelf name="ebooks" count="34"/>
      <shelf name="wish-list" count="33"/>
      <shelf name="ya-books" count="33"/>
      <shelf name="ebook" count="31"/>
      <shelf name="ya-lit" count="31"/>
      <shelf name="read-in-2014" count="30"/>
      <shelf name="books" count="30"/>
      <shelf name="my-library" count="29"/>
      <shelf name="teen-romance" count="29"/>
      <shelf name="love" count="28"/>
      <shelf name="read-in-2013" count="27"/>
      <shelf name="contemporary-ya" count="27"/>
      <shelf name="audiobooks" count="27"/>
      <shelf name="4-stars" count="26"/>
      <shelf name="stand-alones" count="24"/>
      <shelf name="paperback" count="24"/>
      <shelf name="library-books" count="24"/>
      <shelf name="re-read" count="24"/>
      <shelf name="audio" count="23"/>
      <shelf name="summer-books" count="23"/>
      <shelf name="all-time-favorites" count="22"/>
      <shelf name="teen-books" count="22"/>
      <shelf name="girly" count="21"/>
      <shelf name="favorite-authors" count="21"/>
      <shelf name="read-in-2015" count="20"/>
      <shelf name="read-in-2012" count="20"/>
      <shelf name="standalone" count="20"/>
      <shelf name="own-it" count="20"/>
      <shelf name="reread" count="20"/>
      <shelf name="audiobook" count="20"/>
      <shelf name="contemporary-fiction" count="20"/>
      <shelf name="novels" count="20"/>
      <shelf name="read-in-2016" count="19"/>
      <shelf name="summer-reading" count="19"/>
      <shelf name="dessen" count="18"/>
      <shelf name="have" count="17"/>
      <shelf name="borrowed" count="17"/>
      <shelf name="e-books" count="17"/>
      <shelf name="contemporary-romance" count="17"/>
      <shelf name="3-stars" count="17"/>
      <shelf name="young-adult-romance" count="17"/>
      <shelf name="love-stories" count="17"/>
      <shelf name="youngadult" count="17"/>
      <shelf name="on-my-bookshelf" count="16"/>
      <shelf name="read-2013" count="16"/>
      <shelf name="maybe" count="16"/>
      <shelf name="books-i-have" count="16"/>
      <shelf name="sarah-dessen-books" count="16"/>
      <shelf name="ya-realistic-fiction" count="16"/>
      <shelf name="read-in-2009" count="16"/>
      <shelf name="e-book" count="15"/>
      <shelf name="reviewed" count="15"/>
      <shelf name="ya-novels" count="15"/>
      <shelf name="read-in-2010" count="15"/>
      <shelf name="family" count="15"/>
      <shelf name="young-adult-books" count="15"/>
      <shelf name="read-2014" count="14"/>
      <shelf name="read-in-2017" count="13"/>
      <shelf name="default" count="13"/>
      <shelf name="self-esteem" count="13"/>
      <shelf name="middle-school" count="13"/>
      <shelf name="want-to-buy" count="13"/>
      <shelf name="need-to-buy" count="13"/>
      <shelf name="y-a" count="13"/>
      <shelf name="cute" count="13"/>
      <shelf name="want-to-read" count="13"/>
  </popular_shelves>
  <book_links>
    <book_link>
  <id>8</id>
  <name>Libraries</name>
  <link>https://www.goodreads.com/book_link/follow/8</link>
</book_link>

  </book_links>
  <buy_links>
    <buy_link>
<id>1</id>
<name>Amazon</name>
<link>https://www.goodreads.com/book_link/follow/1</link>
</buy_link>
<buy_link>
<id>10</id>
<name>Audible</name>
<link>https://www.goodreads.com/book_link/follow/10</link>
</buy_link>
<buy_link>
<id>3</id>
<name>Barnes &amp; Noble</name>
<link>https://www.goodreads.com/book_link/follow/3</link>
</buy_link>
<buy_link>
<id>1027</id>
<name>Kobo</name>
<link>https://www.goodreads.com/book_link/follow/1027</link>
</buy_link>
<buy_link>
<id>2102</id>
<name>Apple iBooks</name>
<link>https://www.goodreads.com/book_link/follow/2102</link>
</buy_link>
<buy_link>
<id>8036</id>
<name>Google Play</name>
<link>https://www.goodreads.com/book_link/follow/8036</link>
</buy_link>
<buy_link>
<id>4</id>
<name>Abebooks</name>
<link>https://www.goodreads.com/book_link/follow/4</link>
</buy_link>
<buy_link>
<id>882</id>
<name>Book Depository</name>
<link>https://www.goodreads.com/book_link/follow/882</link>
</buy_link>
<buy_link>
<id>9</id>
<name>Indigo</name>
<link>https://www.goodreads.com/book_link/follow/9</link>
</buy_link>
<buy_link>
<id>2</id>
<name>Half.com</name>
<link>https://www.goodreads.com/book_link/follow/2</link>
</buy_link>
<buy_link>
<id>5</id>
<name>Alibris</name>
<link>https://www.goodreads.com/book_link/follow/5</link>
</buy_link>
<buy_link>
<id>107</id>
<name>Better World Books</name>
<link>https://www.goodreads.com/book_link/follow/107</link>
</buy_link>
<buy_link>
<id>7</id>
<name>IndieBound</name>
<link>https://www.goodreads.com/book_link/follow/7</link>
</buy_link>

  </buy_links>
  <series_works>
    
  </series_works>
  <similar_books>
          <book>
<id>4031193</id>
<title><![CDATA[The Secret Life of Prince Charming]]></title>
<title_without_series><![CDATA[The Secret Life of Prince Charming]]></title_without_series>
<link><![CDATA[https://www.goodreads.com/book/show/4031193-the-secret-life-of-prince-charming]]></link>
<small_image_url><![CDATA[https://s.gr-assets.com/assets/nophoto/book/50x75-a91bf249278a81aabab721ef782c4a74.png]]></small_image_url>
<image_url><![CDATA[https://s.gr-assets.com/assets/nophoto/book/111x148-bcc042a9c91a29c1d680899eff700a03.png]]></image_url>
<num_pages>322</num_pages>
<work>
<id>4077787</id>
</work>
<isbn>1416959408</isbn>
<isbn13>9781416959403</isbn13>
<average_rating>3.72</average_rating>
<ratings_count>4609</ratings_count>
<publication_year>2009</publication_year>
<publication_month>4</publication_month>
<publication_day>7</publication_day>
<authors>
<author>
<id>135786</id>
<name>Deb Caletti</name>
<link><![CDATA[https://www.goodreads.com/author/show/135786.Deb_Caletti]]></link>
</author>
</authors>
</book>

          <book>
<id>2085319</id>
<title>Take Me There</title>
<title_without_series>Take Me There</title_without_series>
<link><![CDATA[https://www.goodreads.com/book/show/2085319.Take_Me_There]]></link>
<small_image_url><![CDATA[https://s.gr-assets.com/assets/nophoto/book/50x75-a91bf249278a81aabab721ef782c4a74.png]]></small_image_url>
<image_url><![CDATA[https://s.gr-assets.com/assets/nophoto/book/111x148-bcc042a9c91a29c1d680899eff700a03.png]]></image_url>
<num_pages>290</num_pages>
<work>
<id>2090603</id>
</work>
<isbn>0670063339</isbn>
<isbn13>9780670063338</isbn13>
<average_rating>3.64</average_rating>
<ratings_count>10381</ratings_count>
<publication_year></publication_year>
<publication_month></publication_month>
<publication_day></publication_day>
<authors>
<author>
<id>410418</id>
<name>Susane Colasanti</name>
<link><![CDATA[https://www.goodreads.com/author/show/410418.Susane_Colasanti]]></link>
</author>
</authors>
</book>

          <book>
<id>7074259</id>
<title>Fixing Delilah</title>
<title_without_series>Fixing Delilah</title_without_series>
<link><![CDATA[https://www.goodreads.com/book/show/7074259-fixing-delilah]]></link>
<small_image_url><![CDATA[https://images.gr-assets.com/books/1337286829s/7074259.jpg]]></small_image_url>
<image_url><![CDATA[https://images.gr-assets.com/books/1337286829m/7074259.jpg]]></image_url>
<num_pages>308</num_pages>
<work>
<id>7328132</id>
</work>
<isbn>0316052094</isbn>
<isbn13>9780316052092</isbn13>
<average_rating>3.82</average_rating>
<ratings_count>7323</ratings_count>
<publication_year>2010</publication_year>
<publication_month>12</publication_month>
<publication_day>1</publication_day>
<authors>
<author>
<id>2188726</id>
<name>Sarah Ockler</name>
<link><![CDATA[https://www.goodreads.com/author/show/2188726.Sarah_Ockler]]></link>
</author>
</authors>
</book>

          <book>
<id>2353037</id>
<title>Stealing Heaven</title>
<title_without_series>Stealing Heaven</title_without_series>
<link><![CDATA[https://www.goodreads.com/book/show/2353037.Stealing_Heaven]]></link>
<small_image_url><![CDATA[https://s.gr-assets.com/assets/nophoto/book/50x75-a91bf249278a81aabab721ef782c4a74.png]]></small_image_url>
<image_url><![CDATA[https://s.gr-assets.com/assets/nophoto/book/111x148-bcc042a9c91a29c1d680899eff700a03.png]]></image_url>
<num_pages></num_pages>
<work>
<id>2359759</id>
</work>
<isbn>0061122807</isbn>
<isbn13>9780061122804</isbn13>
<average_rating>3.71</average_rating>
<ratings_count>8956</ratings_count>
<publication_year></publication_year>
<publication_month></publication_month>
<publication_day></publication_day>
<authors>
<author>
<id>363405</id>
<name>Elizabeth Scott</name>
<link><![CDATA[https://www.goodreads.com/author/show/363405.Elizabeth_Scott]]></link>
</author>
</authors>
</book>

          <book>
<id>546443</id>
<title>Girl Overboard</title>
<title_without_series>Girl Overboard</title_without_series>
<link><![CDATA[https://www.goodreads.com/book/show/546443.Girl_Overboard]]></link>
<small_image_url><![CDATA[https://s.gr-assets.com/assets/nophoto/book/50x75-a91bf249278a81aabab721ef782c4a74.png]]></small_image_url>
<image_url><![CDATA[https://s.gr-assets.com/assets/nophoto/book/111x148-bcc042a9c91a29c1d680899eff700a03.png]]></image_url>
<num_pages>339</num_pages>
<work>
<id>533710</id>
</work>
<isbn>0316011304</isbn>
<isbn13>9780316011303</isbn13>
<average_rating>3.65</average_rating>
<ratings_count>1882</ratings_count>
<publication_year>2008</publication_year>
<publication_month>1</publication_month>
<publication_day>1</publication_day>
<authors>
<author>
<id>190922</id>
<name>Justina Chen</name>
<link><![CDATA[https://www.goodreads.com/author/show/190922.Justina_Chen]]></link>
</author>
</authors>
</book>

          <book>
<id>357105</id>
<title>Girl at Sea</title>
<title_without_series>Girl at Sea</title_without_series>
<link><![CDATA[https://www.goodreads.com/book/show/357105.Girl_at_Sea]]></link>
<small_image_url><![CDATA[https://images.gr-assets.com/books/1408414540s/357105.jpg]]></small_image_url>
<image_url><![CDATA[https://images.gr-assets.com/books/1408414540m/357105.jpg]]></image_url>
<num_pages>323</num_pages>
<work>
<id>1428079</id>
</work>
<isbn>006054144X</isbn>
<isbn13>9780060541446</isbn13>
<average_rating>3.71</average_rating>
<ratings_count>7636</ratings_count>
<publication_year>2007</publication_year>
<publication_month>5</publication_month>
<publication_day>29</publication_day>
<authors>
<author>
<id>10317</id>
<name>Maureen Johnson</name>
<link><![CDATA[https://www.goodreads.com/author/show/10317.Maureen_Johnson]]></link>
</author>
</authors>
</book>

          <book>
<id>538385</id>
<title><![CDATA[Love and Other Four-Letter Words]]></title>
<title_without_series><![CDATA[Love and Other Four-Letter Words]]></title_without_series>
<link><![CDATA[https://www.goodreads.com/book/show/538385.Love_and_Other_Four_Letter_Words]]></link>
<small_image_url><![CDATA[https://images.gr-assets.com/books/1320411491s/538385.jpg]]></small_image_url>
<image_url><![CDATA[https://images.gr-assets.com/books/1320411491m/538385.jpg]]></image_url>
<num_pages>247</num_pages>
<work>
<id>525794</id>
</work>
<isbn>044022831X</isbn>
<isbn13>9780440228318</isbn13>
<average_rating>3.61</average_rating>
<ratings_count>1727</ratings_count>
<publication_year>2002</publication_year>
<publication_month>1</publication_month>
<publication_day></publication_day>
<authors>
<author>
<id>27621</id>
<name>Carolyn Mackler</name>
<link><![CDATA[https://www.goodreads.com/author/show/27621.Carolyn_Mackler]]></link>
</author>
</authors>
</book>

          <book>
<id>2761854</id>
<title><![CDATA[Love and Peaches (Peaches, #3)]]></title>
<title_without_series>Love and Peaches</title_without_series>
<link><![CDATA[https://www.goodreads.com/book/show/2761854-love-and-peaches]]></link>
<small_image_url><![CDATA[https://s.gr-assets.com/assets/nophoto/book/50x75-a91bf249278a81aabab721ef782c4a74.png]]></small_image_url>
<image_url><![CDATA[https://s.gr-assets.com/assets/nophoto/book/111x148-bcc042a9c91a29c1d680899eff700a03.png]]></image_url>
<num_pages></num_pages>
<work>
<id>2787563</id>
</work>
<isbn>006073311X</isbn>
<isbn13>9780060733117</isbn13>
<average_rating>3.86</average_rating>
<ratings_count>2566</ratings_count>
<publication_year></publication_year>
<publication_month></publication_month>
<publication_day></publication_day>
<authors>
<author>
<id>94868</id>
<name>Jodi Lynn Anderson</name>
<link><![CDATA[https://www.goodreads.com/author/show/94868.Jodi_Lynn_Anderson]]></link>
</author>
</authors>
</book>

          <book>
<id>3996887</id>
<title><![CDATA[Perfect Fifths (Jessica Darling, #5)]]></title>
<title_without_series>Perfect Fifths</title_without_series>
<link><![CDATA[https://www.goodreads.com/book/show/3996887-perfect-fifths]]></link>
<small_image_url><![CDATA[https://s.gr-assets.com/assets/nophoto/book/50x75-a91bf249278a81aabab721ef782c4a74.png]]></small_image_url>
<image_url><![CDATA[https://s.gr-assets.com/assets/nophoto/book/111x148-bcc042a9c91a29c1d680899eff700a03.png]]></image_url>
<num_pages>258</num_pages>
<work>
<id>4042991</id>
</work>
<isbn>0307346528</isbn>
<isbn13>9780307346520</isbn13>
<average_rating>3.85</average_rating>
<ratings_count>8449</ratings_count>
<publication_year></publication_year>
<publication_month></publication_month>
<publication_day></publication_day>
<authors>
<author>
<id>79922</id>
<name>Megan McCafferty</name>
<link><![CDATA[https://www.goodreads.com/author/show/79922.Megan_McCafferty]]></link>
</author>
</authors>
</book>

          <book>
<id>1797044</id>
<title>The Year My Sister Got Lucky</title>
<title_without_series>The Year My Sister Got Lucky</title_without_series>
<link><![CDATA[https://www.goodreads.com/book/show/1797044.The_Year_My_Sister_Got_Lucky]]></link>
<small_image_url><![CDATA[https://images.gr-assets.com/books/1328843380s/1797044.jpg]]></small_image_url>
<image_url><![CDATA[https://images.gr-assets.com/books/1328843380m/1797044.jpg]]></image_url>
<num_pages>370</num_pages>
<work>
<id>1796123</id>
</work>
<isbn>0439922275</isbn>
<isbn13>9780439922272</isbn13>
<average_rating>3.69</average_rating>
<ratings_count>1690</ratings_count>
<publication_year>2008</publication_year>
<publication_month>3</publication_month>
<publication_day>1</publication_day>
<authors>
<author>
<id>21912</id>
<name>Aimee Friedman</name>
<link><![CDATA[https://www.goodreads.com/author/show/21912.Aimee_Friedman]]></link>
</author>
</authors>
</book>

          <book>
<id>9470371</id>
<title>Love Story</title>
<title_without_series>Love Story</title_without_series>
<link><![CDATA[https://www.goodreads.com/book/show/9470371-love-story]]></link>
<small_image_url><![CDATA[https://images.gr-assets.com/books/1305684651s/9470371.jpg]]></small_image_url>
<image_url><![CDATA[https://images.gr-assets.com/books/1305684651m/9470371.jpg]]></image_url>
<num_pages>243</num_pages>
<work>
<id>14355461</id>
</work>
<isbn>1439178321</isbn>
<isbn13>9781439178324</isbn13>
<average_rating>3.61</average_rating>
<ratings_count>12842</ratings_count>
<publication_year>2011</publication_year>
<publication_month>7</publication_month>
<publication_day>19</publication_day>
<authors>
<author>
<id>203238</id>
<name>Jennifer Echols</name>
<link><![CDATA[https://www.goodreads.com/author/show/203238.Jennifer_Echols]]></link>
</author>
</authors>
</book>

          <book>
<id>6318426</id>
<title><![CDATA[Front and Center (Dairy Queen, #3)]]></title>
<title_without_series>Front and Center</title_without_series>
<link><![CDATA[https://www.goodreads.com/book/show/6318426-front-and-center]]></link>
<small_image_url><![CDATA[https://images.gr-assets.com/books/1267223541s/6318426.jpg]]></small_image_url>
<image_url><![CDATA[https://images.gr-assets.com/books/1267223541m/6318426.jpg]]></image_url>
<num_pages>254</num_pages>
<work>
<id>6503734</id>
</work>
<isbn>0618959823</isbn>
<isbn13>9780618959822</isbn13>
<average_rating>3.96</average_rating>
<ratings_count>7593</ratings_count>
<publication_year>2009</publication_year>
<publication_month>10</publication_month>
<publication_day>19</publication_day>
<authors>
<author>
<id>361963</id>
<name>Catherine Gilbert Murdock</name>
<link><![CDATA[https://www.goodreads.com/author/show/361963.Catherine_Gilbert_Murdock]]></link>
</author>
</authors>
</book>

          <book>
<id>5711749</id>
<title>Peace, Love, and Baby Ducks</title>
<title_without_series>Peace, Love, and Baby Ducks</title_without_series>
<link><![CDATA[https://www.goodreads.com/book/show/5711749-peace-love-and-baby-ducks]]></link>
<small_image_url><![CDATA[https://images.gr-assets.com/books/1372200727s/5711749.jpg]]></small_image_url>
<image_url><![CDATA[https://images.gr-assets.com/books/1372200727m/5711749.jpg]]></image_url>
<num_pages>289</num_pages>
<work>
<id>5883360</id>
</work>
<isbn>0525477438</isbn>
<isbn13>9780525477433</isbn13>
<average_rating>3.75</average_rating>
<ratings_count>4808</ratings_count>
<publication_year></publication_year>
<publication_month></publication_month>
<publication_day></publication_day>
<authors>
<author>
<id>157676</id>
<name>Lauren Myracle</name>
<link><![CDATA[https://www.goodreads.com/author/show/157676.Lauren_Myracle]]></link>
</author>
</authors>
</book>

          <book>
<id>199784</id>
<title>Pants on Fire</title>
<title_without_series>Pants on Fire</title_without_series>
<link><![CDATA[https://www.goodreads.com/book/show/199784.Pants_on_Fire]]></link>
<small_image_url><![CDATA[https://images.gr-assets.com/books/1486682627s/199784.jpg]]></small_image_url>
<image_url><![CDATA[https://images.gr-assets.com/books/1486682627m/199784.jpg]]></image_url>
<num_pages></num_pages>
<work>
<id>2369592</id>
</work>
<isbn>0060880155</isbn>
<isbn13>9780060880156</isbn13>
<average_rating>3.66</average_rating>
<ratings_count>16083</ratings_count>
<publication_year></publication_year>
<publication_month></publication_month>
<publication_day></publication_day>
<authors>
<author>
<id>11654</id>
<name>Meg Cabot</name>
<link><![CDATA[https://www.goodreads.com/author/show/11654.Meg_Cabot]]></link>
</author>
</authors>
</book>

  </similar_books>
</book>

</GoodreadsResponse>