<?xml version="1.0" encoding="UTF-8"?>
<GoodreadsResponse>
  <Request>
    <authentication>true</authentication>
      <key><![CDATA[all_men_must_serve]]></key>
    <method><![CDATA[book_show]]></method>
  </Request>
  <book>
  <id>10441</id>
  <title>The Memory Keeper&apos;s Daughter</title>
  <isbn><![CDATA[0143037145]]></isbn>
  <isbn13><![CDATA[9780143037149]]></isbn13>
  <asin><![CDATA[]]></asin>
  <kindle_asin><![CDATA[B004CRSIKG]]></kindle_asin>
  <marketplace_id><![CDATA[A1F83G8C2ARO7P]]></marketplace_id>
  <country_code><![CDATA[GB]]></country_code>
  <image_url>https://s.gr-assets.com/assets/nophoto/book/111x148-bcc042a9c91a29c1d680899eff700a03.png</image_url>
  <small_image_url>https://s.gr-assets.com/assets/nophoto/book/50x75-a91bf249278a81aabab721ef782c4a74.png</small_image_url>
  <publication_year>2006</publication_year>
  <publication_month>5</publication_month>
  <publication_day>30</publication_day>
  <publisher>Penguin Books</publisher>
  <language_code>eng</language_code>
  <is_ebook>false</is_ebook>
  <description><![CDATA[On a winter night in 1964, Dr. David Henry is forced by a blizzard to deliver his own twins. His son, born first, is perfectly healthy. Yet when his daughter is born, he sees immediately that she has Down's Syndrome. Rationalizing it as a need to protect Norah, his wife, he makes a split-second decision that will alter all of their lives forever. He asks his nurse to take the baby away to an institution and never to reveal the secret. But Caroline, the nurse, cannot leave the infant. Instead, she disappears into another city to raise the child herself. So begins this story that unfolds over a quarter of a century - in which these two families, ignorant of each other, are yet bound by the fateful decision made that long-ago winter night. Norah Henry, who knows only that her daughter died at birth, remains inconsolable; her grief weighs heavily on their marriage. And Paul, their son, raises himself as best he can, in a house grown cold with mourning. Meanwhile, Phoebe, the lost daughter, grows from a sunny child to a vibrant young woman whose mother loves her as fiercely as if she were her own.]]></description>
  <work>
  <id type="integer">2868431</id>
  <books_count type="integer">98</books_count>
  <best_book_id type="integer">10441</best_book_id>
  <reviews_count type="integer">727453</reviews_count>
  <ratings_sum type="integer">1860427</ratings_sum>
  <ratings_count type="integer">510676</ratings_count>
  <text_reviews_count type="integer">18032</text_reviews_count>
  <original_publication_year type="integer">2005</original_publication_year>
  <original_publication_month type="integer">6</original_publication_month>
  <original_publication_day type="integer">23</original_publication_day>
  <original_title>The Memory Keeper's Daughter</original_title>
  <original_language_id type="integer" nil="true"/>
  <media_type>book</media_type>
  <rating_dist>5:115567|4:183181|3:145467|2:47006|1:19455|total:510676</rating_dist>
  <desc_user_id type="integer">6355728</desc_user_id>
  <default_chaptering_book_id type="integer" nil="true"/>
  <default_description_language_code nil="true"/>
</work>
  <average_rating>3.64</average_rating>
  <num_pages><![CDATA[401]]></num_pages>
  <format><![CDATA[Paperback]]></format>
  <edition_information><![CDATA[]]></edition_information>
  <ratings_count><![CDATA[501519]]></ratings_count>
  <text_reviews_count><![CDATA[16713]]></text_reviews_count>
  <url><![CDATA[https://www.goodreads.com/book/show/10441.The_Memory_Keeper_s_Daughter]]></url>
  <link><![CDATA[https://www.goodreads.com/book/show/10441.The_Memory_Keeper_s_Daughter]]></link>
  <authors>
<author>
<id>6876</id>
<name>Kim Edwards</name>
<role></role>
<image_url nophoto='false'>
<![CDATA[https://images.gr-assets.com/authors/1292466458p5/6876.jpg]]>
</image_url>
<small_image_url nophoto='false'>
<![CDATA[https://images.gr-assets.com/authors/1292466458p2/6876.jpg]]>
</small_image_url>
<link><![CDATA[https://www.goodreads.com/author/show/6876.Kim_Edwards]]></link>
<average_rating>3.63</average_rating>
<ratings_count>523668</ratings_count>
<text_reviews_count>20260</text_reviews_count>
</author>
</authors>

    <reviews_widget>
      <![CDATA[
        <style>
  #goodreads-widget {
    font-family: georgia, serif;
    padding: 18px 0;
    width:565px;
  }
  #goodreads-widget h1 {
    font-weight:normal;
    font-size: 16px;
    border-bottom: 1px solid #BBB596;
    margin-bottom: 0;
  }
  #goodreads-widget a {
    text-decoration: none;
    color:#660;
  }
  iframe{
    background-color: #fff;
  }
  #goodreads-widget a:hover { text-decoration: underline; }
  #goodreads-widget a:active {
    color:#660;
  }
  #gr_footer {
    width: 100%;
    border-top: 1px solid #BBB596;
    text-align: right;
  }
  #goodreads-widget .gr_branding{
    color: #382110;
    font-size: 11px;
    text-decoration: none;
    font-family: "Helvetica Neue", Helvetica, Arial, sans-serif;
  }
</style>
<div id="goodreads-widget">
  <div id="gr_header"><h1><a rel="nofollow" href="https://www.goodreads.com/book/show/10441.The_Memory_Keeper_s_Daughter">The Memory Keeper&#39;s Daughter Reviews</a></h1></div>
  <iframe id="the_iframe" src="https://www.goodreads.com/api/reviews_widget_iframe?did=DEVELOPER_ID&amp;format=html&amp;isbn=0143037145&amp;links=660&amp;min_rating=&amp;review_back=fff&amp;stars=000&amp;text=000" width="565" height="400" frameborder="0"></iframe>
  <div id="gr_footer">
    <a class="gr_branding" target="_blank" rel="nofollow" href="https://www.goodreads.com/book/show/10441.The_Memory_Keeper_s_Daughter?utm_medium=api&amp;utm_source=reviews_widget">Reviews from Goodreads.com</a>
  </div>
</div>

      ]]>
    </reviews_widget>
  <popular_shelves>
      <shelf name="fiction" count="3737"/>
      <shelf name="to-read" count="2126"/>
      <shelf name="book-club" count="1186"/>
      <shelf name="favorites" count="799"/>
      <shelf name="books-i-own" count="755"/>
      <shelf name="owned" count="482"/>
      <shelf name="contemporary" count="425"/>
      <shelf name="currently-reading" count="415"/>
      <shelf name="adult-fiction" count="324"/>
      <shelf name="adult" count="306"/>
      <shelf name="contemporary-fiction" count="288"/>
      <shelf name="bookclub" count="264"/>
      <shelf name="historical-fiction" count="228"/>
      <shelf name="drama" count="219"/>
      <shelf name="chick-lit" count="206"/>
      <shelf name="general-fiction" count="201"/>
      <shelf name="owned-books" count="187"/>
      <shelf name="novels" count="187"/>
      <shelf name="family" count="157"/>
      <shelf name="book-club-books" count="153"/>
      <shelf name="default" count="113"/>
      <shelf name="novel" count="112"/>
      <shelf name="library" count="112"/>
      <shelf name="i-own" count="111"/>
      <shelf name="my-books" count="109"/>
      <shelf name="my-library" count="109"/>
      <shelf name="literature" count="105"/>
      <shelf name="realistic-fiction" count="99"/>
      <shelf name="abandoned" count="97"/>
      <shelf name="book-club-reads" count="88"/>
      <shelf name="book-group" count="87"/>
      <shelf name="audiobooks" count="79"/>
      <shelf name="own-it" count="78"/>
      <shelf name="audiobook" count="76"/>
      <shelf name="family-relationships" count="73"/>
      <shelf name="literary-fiction" count="72"/>
      <shelf name="audio" count="70"/>
      <shelf name="to-buy" count="70"/>
      <shelf name="did-not-finish" count="63"/>
      <shelf name="2006" count="63"/>
      <shelf name="wish-list" count="61"/>
      <shelf name="favourites" count="57"/>
      <shelf name="have" count="55"/>
      <shelf name="kim-edwards" count="55"/>
      <shelf name="twins" count="52"/>
      <shelf name="finished" count="50"/>
      <shelf name="borrowed" count="50"/>
      <shelf name="relationships" count="50"/>
      <shelf name="modern-fiction" count="50"/>
      <shelf name="historical" count="49"/>
      <shelf name="disabilities" count="48"/>
      <shelf name="kindle" count="48"/>
      <shelf name="secrets" count="48"/>
      <shelf name="read-in-2008" count="48"/>
      <shelf name="didn-t-finish" count="46"/>
      <shelf name="adoption" count="45"/>
      <shelf name="mystery" count="44"/>
      <shelf name="own-to-read" count="44"/>
      <shelf name="unfinished" count="44"/>
      <shelf name="fiction-general" count="42"/>
      <shelf name="on-my-shelf" count="41"/>
      <shelf name="shelfari-favorites" count="40"/>
      <shelf name="classics" count="40"/>
      <shelf name="couldn-t-finish" count="40"/>
      <shelf name="literary" count="39"/>
      <shelf name="downs-syndrome" count="38"/>
      <shelf name="home-library" count="37"/>
      <shelf name="read-in-2011" count="36"/>
      <shelf name="ebooks" count="36"/>
      <shelf name="audio-books" count="36"/>
      <shelf name="my-bookshelf" count="35"/>
      <shelf name="read-in-2010" count="35"/>
      <shelf name="gave-up-on" count="35"/>
      <shelf name="audio-book" count="34"/>
      <shelf name="on-my-bookshelf" count="34"/>
      <shelf name="never-finished" count="34"/>
      <shelf name="popular-fiction" count="33"/>
      <shelf name="read-in-2012" count="32"/>
      <shelf name="book-club-selections" count="31"/>
      <shelf name="romance" count="31"/>
      <shelf name="modern" count="30"/>
      <shelf name="down-syndrome" count="30"/>
      <shelf name="recommended" count="30"/>
      <shelf name="personal-library" count="29"/>
      <shelf name="read-in-2009" count="29"/>
      <shelf name="have-read" count="29"/>
      <shelf name="dnf" count="28"/>
      <shelf name="paperback" count="28"/>
      <shelf name="book-club-picks" count="28"/>
      <shelf name="maybe" count="28"/>
      <shelf name="i-own-it" count="28"/>
      <shelf name="read-fiction" count="27"/>
      <shelf name="bookshelf" count="27"/>
      <shelf name="ebook" count="27"/>
      <shelf name="family-drama" count="27"/>
      <shelf name="in-my-library" count="27"/>
      <shelf name="young-adult" count="27"/>
      <shelf name="american" count="27"/>
      <shelf name="could-not-finish" count="27"/>
      <shelf name="female-authors" count="27"/>
  </popular_shelves>
  <book_links>
    <book_link>
  <id>8</id>
  <name>Libraries</name>
  <link>https://www.goodreads.com/book_link/follow/8</link>
</book_link>

  </book_links>
  <buy_links>
    <buy_link>
<id>1</id>
<name>Amazon</name>
<link>https://www.goodreads.com/book_link/follow/1</link>
</buy_link>
<buy_link>
<id>10</id>
<name>Audible</name>
<link>https://www.goodreads.com/book_link/follow/10</link>
</buy_link>
<buy_link>
<id>3</id>
<name>Barnes &amp; Noble</name>
<link>https://www.goodreads.com/book_link/follow/3</link>
</buy_link>
<buy_link>
<id>1027</id>
<name>Kobo</name>
<link>https://www.goodreads.com/book_link/follow/1027</link>
</buy_link>
<buy_link>
<id>2102</id>
<name>Apple iBooks</name>
<link>https://www.goodreads.com/book_link/follow/2102</link>
</buy_link>
<buy_link>
<id>8036</id>
<name>Google Play</name>
<link>https://www.goodreads.com/book_link/follow/8036</link>
</buy_link>
<buy_link>
<id>4</id>
<name>Abebooks</name>
<link>https://www.goodreads.com/book_link/follow/4</link>
</buy_link>
<buy_link>
<id>882</id>
<name>Book Depository</name>
<link>https://www.goodreads.com/book_link/follow/882</link>
</buy_link>
<buy_link>
<id>9</id>
<name>Indigo</name>
<link>https://www.goodreads.com/book_link/follow/9</link>
</buy_link>
<buy_link>
<id>2</id>
<name>Half.com</name>
<link>https://www.goodreads.com/book_link/follow/2</link>
</buy_link>
<buy_link>
<id>5</id>
<name>Alibris</name>
<link>https://www.goodreads.com/book_link/follow/5</link>
</buy_link>
<buy_link>
<id>107</id>
<name>Better World Books</name>
<link>https://www.goodreads.com/book_link/follow/107</link>
</buy_link>
<buy_link>
<id>7</id>
<name>IndieBound</name>
<link>https://www.goodreads.com/book_link/follow/7</link>
</buy_link>

  </buy_links>
  <series_works>
    
  </series_works>
  <similar_books>
          <book>
<id>3720975</id>
<title>Handle with Care</title>
<title_without_series>Handle with Care</title_without_series>
<link><![CDATA[https://www.goodreads.com/book/show/3720975-handle-with-care]]></link>
<small_image_url><![CDATA[https://images.gr-assets.com/books/1316440644s/3720975.jpg]]></small_image_url>
<image_url><![CDATA[https://images.gr-assets.com/books/1316440644m/3720975.jpg]]></image_url>
<num_pages>477</num_pages>
<work>
<id>3764682</id>
</work>
<isbn>0743296419</isbn>
<isbn13>9780743296410</isbn13>
<average_rating>3.96</average_rating>
<ratings_count>95991</ratings_count>
<publication_year>2009</publication_year>
<publication_month>3</publication_month>
<publication_day>3</publication_day>
<authors>
<author>
<id>7128</id>
<name>Jodi Picoult</name>
<link><![CDATA[https://www.goodreads.com/author/show/7128.Jodi_Picoult]]></link>
</author>
</authors>
</book>

          <book>
<id>5168</id>
<title>Where the Heart Is</title>
<title_without_series>Where the Heart Is</title_without_series>
<link><![CDATA[https://www.goodreads.com/book/show/5168.Where_the_Heart_Is]]></link>
<small_image_url><![CDATA[https://images.gr-assets.com/books/1327959469s/5168.jpg]]></small_image_url>
<image_url><![CDATA[https://images.gr-assets.com/books/1327959469m/5168.jpg]]></image_url>
<num_pages>376</num_pages>
<work>
<id>1649</id>
</work>
<isbn>0446672211</isbn>
<isbn13>9780446672214</isbn13>
<average_rating>4.00</average_rating>
<ratings_count>210435</ratings_count>
<publication_year></publication_year>
<publication_month></publication_month>
<publication_day></publication_day>
<authors>
<author>
<id>3510</id>
<name>Billie Letts</name>
<link><![CDATA[https://www.goodreads.com/author/show/3510.Billie_Letts]]></link>
</author>
</authors>
</book>

          <book>
<id>31101</id>
<title>Mr. Maybe</title>
<title_without_series>Mr. Maybe</title_without_series>
<link><![CDATA[https://www.goodreads.com/book/show/31101.Mr_Maybe]]></link>
<small_image_url><![CDATA[https://s.gr-assets.com/assets/nophoto/book/50x75-a91bf249278a81aabab721ef782c4a74.png]]></small_image_url>
<image_url><![CDATA[https://s.gr-assets.com/assets/nophoto/book/111x148-bcc042a9c91a29c1d680899eff700a03.png]]></image_url>
<num_pages>368</num_pages>
<work>
<id>1581343</id>
</work>
<isbn>0767905202</isbn>
<isbn13>9780767905206</isbn13>
<average_rating>3.41</average_rating>
<ratings_count>79221</ratings_count>
<publication_year>2002</publication_year>
<publication_month>6</publication_month>
<publication_day>11</publication_day>
<authors>
<author>
<id>12915</id>
<name>Jane Green</name>
<link><![CDATA[https://www.goodreads.com/author/show/12915.Jane_Green]]></link>
</author>
</authors>
</book>

          <book>
<id>226858</id>
<title>What We Keep </title>
<title_without_series>What We Keep</title_without_series>
<link><![CDATA[https://www.goodreads.com/book/show/226858.What_We_Keep]]></link>
<small_image_url><![CDATA[https://s.gr-assets.com/assets/nophoto/book/50x75-a91bf249278a81aabab721ef782c4a74.png]]></small_image_url>
<image_url><![CDATA[https://s.gr-assets.com/assets/nophoto/book/111x148-bcc042a9c91a29c1d680899eff700a03.png]]></image_url>
<num_pages>304</num_pages>
<work>
<id>219740</id>
</work>
<isbn>0345423291</isbn>
<isbn13>9780345423290</isbn13>
<average_rating>3.91</average_rating>
<ratings_count>13324</ratings_count>
<publication_year>1999</publication_year>
<publication_month>5</publication_month>
<publication_day>25</publication_day>
<authors>
<author>
<id>3529</id>
<name>Elizabeth Berg</name>
<link><![CDATA[https://www.goodreads.com/author/show/3529.Elizabeth_Berg]]></link>
</author>
</authors>
</book>

          <book>
<id>2113410</id>
<title>Belong to Me</title>
<title_without_series>Belong to Me</title_without_series>
<link><![CDATA[https://www.goodreads.com/book/show/2113410.Belong_to_Me]]></link>
<small_image_url><![CDATA[https://s.gr-assets.com/assets/nophoto/book/50x75-a91bf249278a81aabab721ef782c4a74.png]]></small_image_url>
<image_url><![CDATA[https://s.gr-assets.com/assets/nophoto/book/111x148-bcc042a9c91a29c1d680899eff700a03.png]]></image_url>
<num_pages>400</num_pages>
<work>
<id>2212314</id>
</work>
<isbn>0061240273</isbn>
<isbn13>9780061240270</isbn13>
<average_rating>3.84</average_rating>
<ratings_count>24562</ratings_count>
<publication_year></publication_year>
<publication_month></publication_month>
<publication_day></publication_day>
<authors>
<author>
<id>66631</id>
<name>Marisa de los Santos</name>
<link><![CDATA[https://www.goodreads.com/author/show/66631.Marisa_de_los_Santos]]></link>
</author>
</authors>
</book>

          <book>
<id>137791</id>
<title><![CDATA[Divine Secrets of the Ya-Ya Sisterhood]]></title>
<title_without_series><![CDATA[Divine Secrets of the Ya-Ya Sisterhood]]></title_without_series>
<link><![CDATA[https://www.goodreads.com/book/show/137791.Divine_Secrets_of_the_Ya_Ya_Sisterhood]]></link>
<small_image_url><![CDATA[https://images.gr-assets.com/books/1408313524s/137791.jpg]]></small_image_url>
<image_url><![CDATA[https://images.gr-assets.com/books/1408313524m/137791.jpg]]></image_url>
<num_pages>383</num_pages>
<work>
<id>1010054</id>
</work>
<isbn>006075995X</isbn>
<isbn13>9780060759957</isbn13>
<average_rating>3.79</average_rating>
<ratings_count>470639</ratings_count>
<publication_year></publication_year>
<publication_month></publication_month>
<publication_day></publication_day>
<authors>
<author>
<id>3489</id>
<name>Rebecca Wells</name>
<link><![CDATA[https://www.goodreads.com/author/show/3489.Rebecca_Wells]]></link>
</author>
</authors>
</book>

          <book>
<id>77477</id>
<title>Blessings</title>
<title_without_series>Blessings</title_without_series>
<link><![CDATA[https://www.goodreads.com/book/show/77477.Blessings]]></link>
<small_image_url><![CDATA[https://s.gr-assets.com/assets/nophoto/book/50x75-a91bf249278a81aabab721ef782c4a74.png]]></small_image_url>
<image_url><![CDATA[https://s.gr-assets.com/assets/nophoto/book/111x148-bcc042a9c91a29c1d680899eff700a03.png]]></image_url>
<num_pages>304</num_pages>
<work>
<id>1121880</id>
</work>
<isbn>0345468694</isbn>
<isbn13>9780345468697</isbn13>
<average_rating>3.56</average_rating>
<ratings_count>13794</ratings_count>
<publication_year>2004</publication_year>
<publication_month>3</publication_month>
<publication_day>30</publication_day>
<authors>
<author>
<id>3500</id>
<name>Anna Quindlen</name>
<link><![CDATA[https://www.goodreads.com/author/show/3500.Anna_Quindlen]]></link>
</author>
</authors>
</book>

          <book>
<id>96081</id>
<title>Sea Glass</title>
<title_without_series>Sea Glass</title_without_series>
<link><![CDATA[https://www.goodreads.com/book/show/96081.Sea_Glass]]></link>
<small_image_url><![CDATA[https://images.gr-assets.com/books/1422821164s/96081.jpg]]></small_image_url>
<image_url><![CDATA[https://images.gr-assets.com/books/1422821164m/96081.jpg]]></image_url>
<num_pages>374</num_pages>
<work>
<id>1207101</id>
</work>
<isbn>0316013838</isbn>
<isbn13>9780316013833</isbn13>
<average_rating>3.65</average_rating>
<ratings_count>21429</ratings_count>
<publication_year>2006</publication_year>
<publication_month>12</publication_month>
<publication_day>1</publication_day>
<authors>
<author>
<id>3530</id>
<name>Anita Shreve</name>
<link><![CDATA[https://www.goodreads.com/author/show/3530.Anita_Shreve]]></link>
</author>
</authors>
</book>

          <book>
<id>80534</id>
<title>Me &amp; Emma</title>
<title_without_series>Me &amp; Emma</title_without_series>
<link><![CDATA[https://www.goodreads.com/book/show/80534.Me_Emma]]></link>
<small_image_url><![CDATA[https://s.gr-assets.com/assets/nophoto/book/50x75-a91bf249278a81aabab721ef782c4a74.png]]></small_image_url>
<image_url><![CDATA[https://s.gr-assets.com/assets/nophoto/book/111x148-bcc042a9c91a29c1d680899eff700a03.png]]></image_url>
<num_pages>296</num_pages>
<work>
<id>600345</id>
</work>
<isbn>0778322858</isbn>
<isbn13>9780778322856</isbn13>
<average_rating>3.90</average_rating>
<ratings_count>18892</ratings_count>
<publication_year>2006</publication_year>
<publication_month>3</publication_month>
<publication_day>1</publication_day>
<authors>
<author>
<id>45852</id>
<name>Elizabeth Flock</name>
<link><![CDATA[https://www.goodreads.com/author/show/45852.Elizabeth_Flock]]></link>
</author>
</authors>
</book>

          <book>
<id>6335026</id>
<title>The Weight of Silence</title>
<title_without_series>The Weight of Silence</title_without_series>
<link><![CDATA[https://www.goodreads.com/book/show/6335026-the-weight-of-silence]]></link>
<small_image_url><![CDATA[https://s.gr-assets.com/assets/nophoto/book/50x75-a91bf249278a81aabab721ef782c4a74.png]]></small_image_url>
<image_url><![CDATA[https://s.gr-assets.com/assets/nophoto/book/111x148-bcc042a9c91a29c1d680899eff700a03.png]]></image_url>
<num_pages>373</num_pages>
<work>
<id>6520850</id>
</work>
<isbn>077832740X</isbn>
<isbn13>9780778327400</isbn13>
<average_rating>3.93</average_rating>
<ratings_count>35136</ratings_count>
<publication_year>2009</publication_year>
<publication_month>7</publication_month>
<publication_day>28</publication_day>
<authors>
<author>
<id>2875124</id>
<name>Heather Gudenkauf</name>
<link><![CDATA[https://www.goodreads.com/author/show/2875124.Heather_Gudenkauf]]></link>
</author>
</authors>
</book>

          <book>
<id>480479</id>
<title>Under the Tuscan Sun</title>
<title_without_series>Under the Tuscan Sun</title_without_series>
<link><![CDATA[https://www.goodreads.com/book/show/480479.Under_the_Tuscan_Sun]]></link>
<small_image_url><![CDATA[https://images.gr-assets.com/books/1320524083s/480479.jpg]]></small_image_url>
<image_url><![CDATA[https://images.gr-assets.com/books/1320524083m/480479.jpg]]></image_url>
<num_pages>304</num_pages>
<work>
<id>940760</id>
</work>
<isbn>0767900383</isbn>
<isbn13>9780767900386</isbn13>
<average_rating>3.72</average_rating>
<ratings_count>281956</ratings_count>
<publication_year>1997</publication_year>
<publication_month>9</publication_month>
<publication_day>2</publication_day>
<authors>
<author>
<id>4826</id>
<name>Frances Mayes</name>
<link><![CDATA[https://www.goodreads.com/author/show/4826.Frances_Mayes]]></link>
</author>
</authors>
</book>

          <book>
<id>5205</id>
<title>A Map of the World</title>
<title_without_series>A Map of the World</title_without_series>
<link><![CDATA[https://www.goodreads.com/book/show/5205.A_Map_of_the_World]]></link>
<small_image_url><![CDATA[https://s.gr-assets.com/assets/nophoto/book/50x75-a91bf249278a81aabab721ef782c4a74.png]]></small_image_url>
<image_url><![CDATA[https://s.gr-assets.com/assets/nophoto/book/111x148-bcc042a9c91a29c1d680899eff700a03.png]]></image_url>
<num_pages></num_pages>
<work>
<id>3046634</id>
</work>
<isbn>0385720106</isbn>
<isbn13>9780385720106</isbn13>
<average_rating>3.78</average_rating>
<ratings_count>62138</ratings_count>
<publication_year></publication_year>
<publication_month></publication_month>
<publication_day></publication_day>
<authors>
<author>
<id>3526</id>
<name>Jane Hamilton</name>
<link><![CDATA[https://www.goodreads.com/author/show/3526.Jane_Hamilton]]></link>
</author>
</authors>
</book>

          <book>
<id>16059</id>
<title>The Dive From Clausen&apos;s Pier</title>
<title_without_series>The Dive From Clausen&apos;s Pier</title_without_series>
<link><![CDATA[https://www.goodreads.com/book/show/16059.The_Dive_From_Clausen_s_Pier]]></link>
<small_image_url><![CDATA[https://s.gr-assets.com/assets/nophoto/book/50x75-a91bf249278a81aabab721ef782c4a74.png]]></small_image_url>
<image_url><![CDATA[https://s.gr-assets.com/assets/nophoto/book/111x148-bcc042a9c91a29c1d680899eff700a03.png]]></image_url>
<num_pages>432</num_pages>
<work>
<id>1617177</id>
</work>
<isbn>0375727132</isbn>
<isbn13>9780375727139</isbn13>
<average_rating>3.41</average_rating>
<ratings_count>19647</ratings_count>
<publication_year>2003</publication_year>
<publication_month>4</publication_month>
<publication_day>8</publication_day>
<authors>
<author>
<id>9915</id>
<name>Ann Packer</name>
<link><![CDATA[https://www.goodreads.com/author/show/9915.Ann_Packer]]></link>
</author>
</authors>
</book>

          <book>
<id>15850</id>
<title>A Theory of Relativity</title>
<title_without_series>A Theory of Relativity</title_without_series>
<link><![CDATA[https://www.goodreads.com/book/show/15850.A_Theory_of_Relativity]]></link>
<small_image_url><![CDATA[https://images.gr-assets.com/books/1408924181s/15850.jpg]]></small_image_url>
<image_url><![CDATA[https://images.gr-assets.com/books/1408924181m/15850.jpg]]></image_url>
<num_pages>449</num_pages>
<work>
<id>1531071</id>
</work>
<isbn>0007139853</isbn>
<isbn13>9780007139859</isbn13>
<average_rating>3.61</average_rating>
<ratings_count>3641</ratings_count>
<publication_year>2001</publication_year>
<publication_month></publication_month>
<publication_day></publication_day>
<authors>
<author>
<id>3504</id>
<name>Jacquelyn Mitchard</name>
<link><![CDATA[https://www.goodreads.com/author/show/3504.Jacquelyn_Mitchard]]></link>
</author>
</authors>
</book>

          <book>
<id>227711</id>
<title>I Know This Much Is True</title>
<title_without_series>I Know This Much Is True</title_without_series>
<link><![CDATA[https://www.goodreads.com/book/show/227711.I_Know_This_Much_Is_True]]></link>
<small_image_url><![CDATA[https://images.gr-assets.com/books/1373532198s/227711.jpg]]></small_image_url>
<image_url><![CDATA[https://images.gr-assets.com/books/1373532198m/227711.jpg]]></image_url>
<num_pages>897</num_pages>
<work>
<id>1191096</id>
</work>
<isbn>0060987561</isbn>
<isbn13>9780060987565</isbn13>
<average_rating>4.17</average_rating>
<ratings_count>257722</ratings_count>
<publication_year>1999</publication_year>
<publication_month>5</publication_month>
<publication_day></publication_day>
<authors>
<author>
<id>3505</id>
<name>Wally Lamb</name>
<link><![CDATA[https://www.goodreads.com/author/show/3505.Wally_Lamb]]></link>
</author>
</authors>
</book>

          <book>
<id>218357</id>
<title>The Space Between Us</title>
<title_without_series>The Space Between Us</title_without_series>
<link><![CDATA[https://www.goodreads.com/book/show/218357.The_Space_Between_Us]]></link>
<small_image_url><![CDATA[https://s.gr-assets.com/assets/nophoto/book/50x75-a91bf249278a81aabab721ef782c4a74.png]]></small_image_url>
<image_url><![CDATA[https://s.gr-assets.com/assets/nophoto/book/111x148-bcc042a9c91a29c1d680899eff700a03.png]]></image_url>
<num_pages>321</num_pages>
<work>
<id>1183462</id>
</work>
<isbn>006079156X</isbn>
<isbn13>9780060791568</isbn13>
<average_rating>3.98</average_rating>
<ratings_count>32379</ratings_count>
<publication_year>2007</publication_year>
<publication_month>2</publication_month>
<publication_day>6</publication_day>
<authors>
<author>
<id>127875</id>
<name>Thrity Umrigar</name>
<link><![CDATA[https://www.goodreads.com/author/show/127875.Thrity_Umrigar]]></link>
</author>
</authors>
</book>

          <book>
<id>6668467</id>
<title>Winter Garden</title>
<title_without_series>Winter Garden</title_without_series>
<link><![CDATA[https://www.goodreads.com/book/show/6668467-winter-garden]]></link>
<small_image_url><![CDATA[https://images.gr-assets.com/books/1265932201s/6668467.jpg]]></small_image_url>
<image_url><![CDATA[https://images.gr-assets.com/books/1265932201m/6668467.jpg]]></image_url>
<num_pages>394</num_pages>
<work>
<id>6863383</id>
</work>
<isbn>0312364121</isbn>
<isbn13>9780312364120</isbn13>
<average_rating>4.13</average_rating>
<ratings_count>74811</ratings_count>
<publication_year></publication_year>
<publication_month></publication_month>
<publication_day></publication_day>
<authors>
<author>
<id>54493</id>
<name>Kristin Hannah</name>
<link><![CDATA[https://www.goodreads.com/author/show/54493.Kristin_Hannah]]></link>
</author>
</authors>
</book>

          <book>
<id>898885</id>
<title>Loving Frank</title>
<title_without_series>Loving Frank</title_without_series>
<link><![CDATA[https://www.goodreads.com/book/show/898885.Loving_Frank]]></link>
<small_image_url><![CDATA[https://s.gr-assets.com/assets/nophoto/book/50x75-a91bf249278a81aabab721ef782c4a74.png]]></small_image_url>
<image_url><![CDATA[https://s.gr-assets.com/assets/nophoto/book/111x148-bcc042a9c91a29c1d680899eff700a03.png]]></image_url>
<num_pages></num_pages>
<work>
<id>3345089</id>
</work>
<isbn>0345494997</isbn>
<isbn13>9780345494993</isbn13>
<average_rating>3.73</average_rating>
<ratings_count>77876</ratings_count>
<publication_year></publication_year>
<publication_month></publication_month>
<publication_day></publication_day>
<authors>
<author>
<id>460979</id>
<name>Nancy Horan</name>
<link><![CDATA[https://www.goodreads.com/author/show/460979.Nancy_Horan]]></link>
</author>
</authors>
</book>

  </similar_books>
</book>

</GoodreadsResponse>