<?xml version="1.0" encoding="UTF-8"?>
<GoodreadsResponse>
  <Request>
    <authentication>true</authentication>
      <key><![CDATA[all_men_must_serve]]></key>
    <method><![CDATA[book_show]]></method>
  </Request>
  <book>
  <id>10450750</id>
  <title><![CDATA[Avatar: The Last Airbender: The Lost Adventures]]></title>
  <isbn><![CDATA[159582748X]]></isbn>
  <isbn13><![CDATA[9781595827487]]></isbn13>
  <asin><![CDATA[]]></asin>
  <kindle_asin><![CDATA[]]></kindle_asin>
  <marketplace_id><![CDATA[]]></marketplace_id>
  <country_code><![CDATA[GB]]></country_code>
  <image_url>https://images.gr-assets.com/books/1297596036m/10450750.jpg</image_url>
  <small_image_url>https://images.gr-assets.com/books/1297596036s/10450750.jpg</small_image_url>
  <publication_year>2011</publication_year>
  <publication_month>6</publication_month>
  <publication_day>15</publication_day>
  <publisher>Dark Horse</publisher>
  <language_code>en-US</language_code>
  <is_ebook>false</is_ebook>
  <description><![CDATA[For three years, millions of eager fans tuned in to watch new episodes of Nickelodeon's hit animated series <i>Avatar: The Last Airbender</i>. Ever since, fans have been hungry for more, and now their wait is finally over!<br /><br />This volume collects the long-out-of-print, fan-favorite comics previously published in <i>Nickelodeon Magazine</i> and with the <i>Airbender</i> DVDs, plus over seventy brand-new comics pages. That's twenty-six stories set in <i>Airbender</i> continuity, by a host of top-notch talent, many of whom worked on the original animated series!<br /><br />* A must-have for any <i>Airbender</i> fan!<br /><br />* Twenty-six in-continuity stories, plus bonus content!<br /><br />* The latest release in an ongoing partnership between Nickelodeon and Dark Horse, to bring you the very best in <i>Airbender</i> books!]]></description>
  <work>
  <id type="integer">17450242</id>
  <books_count type="integer">5</books_count>
  <best_book_id type="integer">10450750</best_book_id>
  <reviews_count type="integer">20164</reviews_count>
  <ratings_sum type="integer">63495</ratings_sum>
  <ratings_count type="integer">14410</ratings_count>
  <text_reviews_count type="integer">302</text_reviews_count>
  <original_publication_year type="integer">2011</original_publication_year>
  <original_publication_month type="integer">7</original_publication_month>
  <original_publication_day type="integer">5</original_publication_day>
  <original_title>Avatar The Last Airbender: The Lost Adventures</original_title>
  <original_language_id type="integer" nil="true"/>
  <media_type>book</media_type>
  <rating_dist>5:8740|4:3372|3:1839|2:331|1:128|total:14410</rating_dist>
  <desc_user_id type="integer">-110</desc_user_id>
  <default_chaptering_book_id type="integer" nil="true"/>
  <default_description_language_code nil="true"/>
</work>
  <average_rating>4.41</average_rating>
  <num_pages><![CDATA[240]]></num_pages>
  <format><![CDATA[Paperback]]></format>
  <edition_information><![CDATA[]]></edition_information>
  <ratings_count><![CDATA[14298]]></ratings_count>
  <text_reviews_count><![CDATA[295]]></text_reviews_count>
  <url><![CDATA[https://www.goodreads.com/book/show/10450750-avatar]]></url>
  <link><![CDATA[https://www.goodreads.com/book/show/10450750-avatar]]></link>
  <authors>
<author>
<id>1160825</id>
<name>Bryan Konietzko</name>
<role>Creator</role>
<image_url nophoto='false'>
<![CDATA[https://images.gr-assets.com/authors/1297784468p5/1160825.jpg]]>
</image_url>
<small_image_url nophoto='false'>
<![CDATA[https://images.gr-assets.com/authors/1297784468p2/1160825.jpg]]>
</small_image_url>
<link><![CDATA[https://www.goodreads.com/author/show/1160825.Bryan_Konietzko]]></link>
<average_rating>4.38</average_rating>
<ratings_count>132117</ratings_count>
<text_reviews_count>3790</text_reviews_count>
</author>
<author>
<id>90808</id>
<name>Michael Dante DiMartino</name>
<role>Creator</role>
<image_url nophoto='false'>
<![CDATA[https://images.gr-assets.com/authors/1374989938p5/90808.jpg]]>
</image_url>
<small_image_url nophoto='false'>
<![CDATA[https://images.gr-assets.com/authors/1374989938p2/90808.jpg]]>
</small_image_url>
<link><![CDATA[https://www.goodreads.com/author/show/90808.Michael_Dante_DiMartino]]></link>
<average_rating>4.38</average_rating>
<ratings_count>133520</ratings_count>
<text_reviews_count>4029</text_reviews_count>
</author>
<author>
<id>7127604</id>
<name>Aaron Ehasz</name>
<role>Contributer</role>
<image_url nophoto='true'>
<![CDATA[https://s.gr-assets.com/assets/nophoto/user/u_200x266-e183445fd1a1b5cc7075bb1cf7043306.png]]>
</image_url>
<small_image_url nophoto='true'>
<![CDATA[https://s.gr-assets.com/assets/nophoto/user/u_50x66-632230dc9882b4352d753eedf9396530.png]]>
</small_image_url>
<link><![CDATA[https://www.goodreads.com/author/show/7127604.Aaron_Ehasz]]></link>
<average_rating>4.41</average_rating>
<ratings_count>14416</ratings_count>
<text_reviews_count>302</text_reviews_count>
</author>
<author>
<id>301365</id>
<name>Alison Wilgus</name>
<role>Contributer</role>
<image_url nophoto='false'>
<![CDATA[https://images.gr-assets.com/authors/1493669024p5/301365.jpg]]>
</image_url>
<small_image_url nophoto='false'>
<![CDATA[https://images.gr-assets.com/authors/1493669024p2/301365.jpg]]>
</small_image_url>
<link><![CDATA[https://www.goodreads.com/author/show/301365.Alison_Wilgus]]></link>
<average_rating>4.39</average_rating>
<ratings_count>18526</ratings_count>
<text_reviews_count>502</text_reviews_count>
</author>
<author>
<id>7127616</id>
<name>Amy Kim Ganter</name>
<role>Contributer</role>
<image_url nophoto='true'>
<![CDATA[https://s.gr-assets.com/assets/nophoto/user/u_200x266-e183445fd1a1b5cc7075bb1cf7043306.png]]>
</image_url>
<small_image_url nophoto='true'>
<![CDATA[https://s.gr-assets.com/assets/nophoto/user/u_50x66-632230dc9882b4352d753eedf9396530.png]]>
</small_image_url>
<link><![CDATA[https://www.goodreads.com/author/show/7127616.Amy_Kim_Ganter]]></link>
<average_rating>4.39</average_rating>
<ratings_count>14775</ratings_count>
<text_reviews_count>364</text_reviews_count>
</author>
<author>
<id>455976</id>
<name>Brian Ralph</name>
<role>Contributer</role>
<image_url nophoto='true'>
<![CDATA[https://s.gr-assets.com/assets/nophoto/user/m_200x266-d279b33f8eec0f27b7272477f09806be.png]]>
</image_url>
<small_image_url nophoto='true'>
<![CDATA[https://s.gr-assets.com/assets/nophoto/user/m_50x66-82093808bca726cb3249a493fbd3bd0f.png]]>
</small_image_url>
<link><![CDATA[https://www.goodreads.com/author/show/455976.Brian_Ralph]]></link>
<average_rating>4.33</average_rating>
<ratings_count>15827</ratings_count>
<text_reviews_count>530</text_reviews_count>
</author>
<author>
<id>188352</id>
<name>Corey Lewis</name>
<role>Contributer</role>
<image_url nophoto='true'>
<![CDATA[https://s.gr-assets.com/assets/nophoto/user/u_200x266-e183445fd1a1b5cc7075bb1cf7043306.png]]>
</image_url>
<small_image_url nophoto='true'>
<![CDATA[https://s.gr-assets.com/assets/nophoto/user/u_50x66-632230dc9882b4352d753eedf9396530.png]]>
</small_image_url>
<link><![CDATA[https://www.goodreads.com/author/show/188352.Corey_Lewis]]></link>
<average_rating>4.39</average_rating>
<ratings_count>14742</ratings_count>
<text_reviews_count>365</text_reviews_count>
</author>
<author>
<id>266715</id>
<name>Dave Roman</name>
<role>Contributer</role>
<image_url nophoto='false'>
<![CDATA[https://images.gr-assets.com/authors/1200331121p5/266715.jpg]]>
</image_url>
<small_image_url nophoto='false'>
<![CDATA[https://images.gr-assets.com/authors/1200331121p2/266715.jpg]]>
</small_image_url>
<link><![CDATA[https://www.goodreads.com/author/show/266715.Dave_Roman]]></link>
<average_rating>4.22</average_rating>
<ratings_count>33165</ratings_count>
<text_reviews_count>2046</text_reviews_count>
</author>
<author>
<id>7127618</id>
<name>Elsa Garagarza</name>
<role>Contributer</role>
<image_url nophoto='true'>
<![CDATA[https://s.gr-assets.com/assets/nophoto/user/u_200x266-e183445fd1a1b5cc7075bb1cf7043306.png]]>
</image_url>
<small_image_url nophoto='true'>
<![CDATA[https://s.gr-assets.com/assets/nophoto/user/u_50x66-632230dc9882b4352d753eedf9396530.png]]>
</small_image_url>
<link><![CDATA[https://www.goodreads.com/author/show/7127618.Elsa_Garagarza]]></link>
<average_rating>4.41</average_rating>
<ratings_count>14416</ratings_count>
<text_reviews_count>302</text_reviews_count>
</author>
<author>
<id>7127619</id>
<name>Ethan Spaulding</name>
<role>Contributer</role>
<image_url nophoto='true'>
<![CDATA[https://s.gr-assets.com/assets/nophoto/user/u_200x266-e183445fd1a1b5cc7075bb1cf7043306.png]]>
</image_url>
<small_image_url nophoto='true'>
<![CDATA[https://s.gr-assets.com/assets/nophoto/user/u_50x66-632230dc9882b4352d753eedf9396530.png]]>
</small_image_url>
<link><![CDATA[https://www.goodreads.com/author/show/7127619.Ethan_Spaulding]]></link>
<average_rating>4.41</average_rating>
<ratings_count>14410</ratings_count>
<text_reviews_count>302</text_reviews_count>
</author>
<author>
<id>7127620</id>
<name>Frank Pittarese</name>
<role>Contributer</role>
<image_url nophoto='true'>
<![CDATA[https://s.gr-assets.com/assets/nophoto/user/u_200x266-e183445fd1a1b5cc7075bb1cf7043306.png]]>
</image_url>
<small_image_url nophoto='true'>
<![CDATA[https://s.gr-assets.com/assets/nophoto/user/u_50x66-632230dc9882b4352d753eedf9396530.png]]>
</small_image_url>
<link><![CDATA[https://www.goodreads.com/author/show/7127620.Frank_Pittarese]]></link>
<average_rating>4.41</average_rating>
<ratings_count>14410</ratings_count>
<text_reviews_count>302</text_reviews_count>
</author>
<author>
<id>536204</id>
<name>Gurihiru</name>
<role>Contributer</role>
<image_url nophoto='false'>
<![CDATA[https://images.gr-assets.com/authors/1427177520p5/536204.jpg]]>
</image_url>
<small_image_url nophoto='false'>
<![CDATA[https://images.gr-assets.com/authors/1427177520p2/536204.jpg]]>
</small_image_url>
<link><![CDATA[https://www.goodreads.com/author/show/536204.Gurihiru]]></link>
<average_rating>4.27</average_rating>
<ratings_count>158427</ratings_count>
<text_reviews_count>7995</text_reviews_count>
</author>
<author>
<id>621</id>
<name>J. Torres</name>
<role>Contributer</role>
<image_url nophoto='false'>
<![CDATA[https://images.gr-assets.com/authors/1267199733p5/621.jpg]]>
</image_url>
<small_image_url nophoto='false'>
<![CDATA[https://images.gr-assets.com/authors/1267199733p2/621.jpg]]>
</small_image_url>
<link><![CDATA[https://www.goodreads.com/author/show/621.J_Torres]]></link>
<average_rating>4.24</average_rating>
<ratings_count>20826</ratings_count>
<text_reviews_count>1025</text_reviews_count>
</author>
<author>
<id>7127611</id>
<name>Joaquim Dos Santos</name>
<role>Contributer</role>
<image_url nophoto='true'>
<![CDATA[https://s.gr-assets.com/assets/nophoto/user/u_200x266-e183445fd1a1b5cc7075bb1cf7043306.png]]>
</image_url>
<small_image_url nophoto='true'>
<![CDATA[https://s.gr-assets.com/assets/nophoto/user/u_50x66-632230dc9882b4352d753eedf9396530.png]]>
</small_image_url>
<link><![CDATA[https://www.goodreads.com/author/show/7127611.Joaquim_Dos_Santos]]></link>
<average_rating>4.41</average_rating>
<ratings_count>14416</ratings_count>
<text_reviews_count>302</text_reviews_count>
</author>
<author>
<id>970676</id>
<name>Johane Matte</name>
<role>Contributer</role>
<image_url nophoto='true'>
<![CDATA[https://s.gr-assets.com/assets/nophoto/user/u_200x266-e183445fd1a1b5cc7075bb1cf7043306.png]]>
</image_url>
<small_image_url nophoto='true'>
<![CDATA[https://s.gr-assets.com/assets/nophoto/user/u_50x66-632230dc9882b4352d753eedf9396530.png]]>
</small_image_url>
<link><![CDATA[https://www.goodreads.com/author/show/970676.Johane_Matte]]></link>
<average_rating>4.32</average_rating>
<ratings_count>19159</ratings_count>
<text_reviews_count>713</text_reviews_count>
</author>
<author>
<id>607577</id>
<name>John O&apos;Bryan</name>
<role>Contributer</role>
<image_url nophoto='true'>
<![CDATA[https://s.gr-assets.com/assets/nophoto/user/u_200x266-e183445fd1a1b5cc7075bb1cf7043306.png]]>
</image_url>
<small_image_url nophoto='true'>
<![CDATA[https://s.gr-assets.com/assets/nophoto/user/u_50x66-632230dc9882b4352d753eedf9396530.png]]>
</small_image_url>
<link><![CDATA[https://www.goodreads.com/author/show/607577.John_O_Bryan]]></link>
<average_rating>4.40</average_rating>
<ratings_count>14630</ratings_count>
<text_reviews_count>346</text_reviews_count>
</author>
<author>
<id>7127613</id>
<name>Joshua Hamilton</name>
<role>Contributer</role>
<image_url nophoto='true'>
<![CDATA[https://s.gr-assets.com/assets/nophoto/user/u_200x266-e183445fd1a1b5cc7075bb1cf7043306.png]]>
</image_url>
<small_image_url nophoto='true'>
<![CDATA[https://s.gr-assets.com/assets/nophoto/user/u_50x66-632230dc9882b4352d753eedf9396530.png]]>
</small_image_url>
<link><![CDATA[https://www.goodreads.com/author/show/7127613.Joshua_Hamilton]]></link>
<average_rating>4.41</average_rating>
<ratings_count>14420</ratings_count>
<text_reviews_count>302</text_reviews_count>
</author>
<author>
<id>3381843</id>
<name>Justin Ridge</name>
<role>Contributer</role>
<image_url nophoto='true'>
<![CDATA[https://s.gr-assets.com/assets/nophoto/user/u_200x266-e183445fd1a1b5cc7075bb1cf7043306.png]]>
</image_url>
<small_image_url nophoto='true'>
<![CDATA[https://s.gr-assets.com/assets/nophoto/user/u_50x66-632230dc9882b4352d753eedf9396530.png]]>
</small_image_url>
<link><![CDATA[https://www.goodreads.com/author/show/3381843.Justin_Ridge]]></link>
<average_rating>4.39</average_rating>
<ratings_count>15425</ratings_count>
<text_reviews_count>376</text_reviews_count>
</author>
<author>
<id>8334268</id>
<name>Kaite Mattila</name>
<role>Contributer</role>
<image_url nophoto='true'>
<![CDATA[https://s.gr-assets.com/assets/nophoto/user/u_200x266-e183445fd1a1b5cc7075bb1cf7043306.png]]>
</image_url>
<small_image_url nophoto='true'>
<![CDATA[https://s.gr-assets.com/assets/nophoto/user/u_50x66-632230dc9882b4352d753eedf9396530.png]]>
</small_image_url>
<link><![CDATA[https://www.goodreads.com/author/show/8334268.Kaite_Mattila]]></link>
<average_rating>4.41</average_rating>
<ratings_count>14298</ratings_count>
<text_reviews_count>295</text_reviews_count>
</author>
<author>
<id>4083637</id>
<name>May Chan</name>
<role>Contributer</role>
<image_url nophoto='true'>
<![CDATA[https://s.gr-assets.com/assets/nophoto/user/u_200x266-e183445fd1a1b5cc7075bb1cf7043306.png]]>
</image_url>
<small_image_url nophoto='true'>
<![CDATA[https://s.gr-assets.com/assets/nophoto/user/u_50x66-632230dc9882b4352d753eedf9396530.png]]>
</small_image_url>
<link><![CDATA[https://www.goodreads.com/author/show/4083637.May_Chan]]></link>
<average_rating>4.41</average_rating>
<ratings_count>14410</ratings_count>
<text_reviews_count>302</text_reviews_count>
</author>
<author>
<id>7276851</id>
<name>Rawles Marie Lumumba</name>
<role>Contributer</role>
<image_url nophoto='false'>
<![CDATA[https://images.gr-assets.com/authors/1418614138p5/7276851.jpg]]>
</image_url>
<small_image_url nophoto='false'>
<![CDATA[https://images.gr-assets.com/authors/1418614138p2/7276851.jpg]]>
</small_image_url>
<link><![CDATA[https://www.goodreads.com/author/show/7276851.Rawles_Marie_Lumumba]]></link>
<average_rating>4.41</average_rating>
<ratings_count>14454</ratings_count>
<text_reviews_count>310</text_reviews_count>
</author>
<author>
<id>3118950</id>
<name>Reagan Lodge</name>
<role>Contributer</role>
<image_url nophoto='true'>
<![CDATA[https://s.gr-assets.com/assets/nophoto/user/u_200x266-e183445fd1a1b5cc7075bb1cf7043306.png]]>
</image_url>
<small_image_url nophoto='true'>
<![CDATA[https://s.gr-assets.com/assets/nophoto/user/u_50x66-632230dc9882b4352d753eedf9396530.png]]>
</small_image_url>
<link><![CDATA[https://www.goodreads.com/author/show/3118950.Reagan_Lodge]]></link>
<average_rating>4.37</average_rating>
<ratings_count>17543</ratings_count>
<text_reviews_count>508</text_reviews_count>
</author>
<author>
<id>3923434</id>
<name>Tim Hedrick</name>
<role>Contributer</role>
<image_url nophoto='true'>
<![CDATA[https://s.gr-assets.com/assets/nophoto/user/u_200x266-e183445fd1a1b5cc7075bb1cf7043306.png]]>
</image_url>
<small_image_url nophoto='true'>
<![CDATA[https://s.gr-assets.com/assets/nophoto/user/u_50x66-632230dc9882b4352d753eedf9396530.png]]>
</small_image_url>
<link><![CDATA[https://www.goodreads.com/author/show/3923434.Tim_Hedrick]]></link>
<average_rating>4.41</average_rating>
<ratings_count>14817</ratings_count>
<text_reviews_count>346</text_reviews_count>
</author>
<author>
<id>596424</id>
<name>Tom McWeeney</name>
<role>Contributer</role>
<image_url nophoto='true'>
<![CDATA[https://s.gr-assets.com/assets/nophoto/user/u_200x266-e183445fd1a1b5cc7075bb1cf7043306.png]]>
</image_url>
<small_image_url nophoto='true'>
<![CDATA[https://s.gr-assets.com/assets/nophoto/user/u_50x66-632230dc9882b4352d753eedf9396530.png]]>
</small_image_url>
<link><![CDATA[https://www.goodreads.com/author/show/596424.Tom_McWeeney]]></link>
<average_rating>4.40</average_rating>
<ratings_count>14664</ratings_count>
<text_reviews_count>328</text_reviews_count>
</author>
</authors>

    <reviews_widget>
      <![CDATA[
        <style>
  #goodreads-widget {
    font-family: georgia, serif;
    padding: 18px 0;
    width:565px;
  }
  #goodreads-widget h1 {
    font-weight:normal;
    font-size: 16px;
    border-bottom: 1px solid #BBB596;
    margin-bottom: 0;
  }
  #goodreads-widget a {
    text-decoration: none;
    color:#660;
  }
  iframe{
    background-color: #fff;
  }
  #goodreads-widget a:hover { text-decoration: underline; }
  #goodreads-widget a:active {
    color:#660;
  }
  #gr_footer {
    width: 100%;
    border-top: 1px solid #BBB596;
    text-align: right;
  }
  #goodreads-widget .gr_branding{
    color: #382110;
    font-size: 11px;
    text-decoration: none;
    font-family: "Helvetica Neue", Helvetica, Arial, sans-serif;
  }
</style>
<div id="goodreads-widget">
  <div id="gr_header"><h1><a rel="nofollow" href="https://www.goodreads.com/book/show/10450750-avatar">Avatar Reviews</a></h1></div>
  <iframe id="the_iframe" src="https://www.goodreads.com/api/reviews_widget_iframe?did=DEVELOPER_ID&amp;format=html&amp;isbn=159582748X&amp;links=660&amp;min_rating=&amp;review_back=fff&amp;stars=000&amp;text=000" width="565" height="400" frameborder="0"></iframe>
  <div id="gr_footer">
    <a class="gr_branding" target="_blank" rel="nofollow" href="https://www.goodreads.com/book/show/10450750-avatar?utm_medium=api&amp;utm_source=reviews_widget">Reviews from Goodreads.com</a>
  </div>
</div>

      ]]>
    </reviews_widget>
  <popular_shelves>
      <shelf name="to-read" count="5763"/>
      <shelf name="comics" count="217"/>
      <shelf name="graphic-novels" count="196"/>
      <shelf name="fantasy" count="137"/>
      <shelf name="currently-reading" count="110"/>
      <shelf name="graphic-novel" count="107"/>
      <shelf name="manga" count="63"/>
      <shelf name="favorites" count="48"/>
      <shelf name="avatar" count="40"/>
      <shelf name="fiction" count="35"/>
      <shelf name="comics-graphic-novels" count="33"/>
      <shelf name="owned" count="32"/>
      <shelf name="books-i-own" count="31"/>
      <shelf name="cómic" count="30"/>
      <shelf name="young-adult" count="25"/>
      <shelf name="adventure" count="24"/>
      <shelf name="short-stories" count="21"/>
      <shelf name="childrens" count="16"/>
      <shelf name="avatar-the-last-airbender" count="15"/>
      <shelf name="ya" count="14"/>
      <shelf name="comic-books" count="13"/>
      <shelf name="middle-grade" count="13"/>
      <shelf name="comics-and-graphic-novels" count="13"/>
      <shelf name="humor" count="12"/>
      <shelf name="kids" count="12"/>
      <shelf name="graphic-novels-comics" count="11"/>
      <shelf name="netgalley" count="11"/>
      <shelf name="children" count="10"/>
      <shelf name="read-in-2015" count="9"/>
      <shelf name="children-s" count="9"/>
      <shelf name="dark-horse" count="8"/>
      <shelf name="graphic-novels-and-comics" count="8"/>
      <shelf name="comics-manga" count="7"/>
      <shelf name="owned-books" count="7"/>
      <shelf name="graphic" count="7"/>
      <shelf name="to-buy" count="7"/>
      <shelf name="media-tie-in" count="7"/>
      <shelf name="graphic-novels-and-manga" count="6"/>
      <shelf name="read-in-english" count="6"/>
      <shelf name="series" count="6"/>
      <shelf name="to-read-comics" count="6"/>
      <shelf name="ebooks" count="6"/>
      <shelf name="atla" count="5"/>
      <shelf name="action" count="5"/>
      <shelf name="wish-list" count="5"/>
      <shelf name="manga-and-graphic-novels" count="5"/>
      <shelf name="library" count="5"/>
      <shelf name="comic-book" count="5"/>
      <shelf name="manga-graphic-novels" count="5"/>
      <shelf name="comics-and-manga" count="5"/>
      <shelf name="read-in-2016" count="4"/>
      <shelf name="read-2016" count="4"/>
      <shelf name="default" count="4"/>
      <shelf name="my-books" count="4"/>
      <shelf name="high-fantasy" count="4"/>
      <shelf name="want" count="4"/>
      <shelf name="magic" count="4"/>
      <shelf name="anime" count="4"/>
      <shelf name="manga-comics" count="4"/>
      <shelf name="i-own" count="4"/>
      <shelf name="own-it" count="4"/>
      <shelf name="comic-graphic-novel" count="4"/>
      <shelf name="arc" count="4"/>
      <shelf name="own-to-read" count="3"/>
      <shelf name="comics-read" count="3"/>
      <shelf name="2014-reads" count="3"/>
      <shelf name="kindle" count="3"/>
      <shelf name="comics-to-read" count="3"/>
      <shelf name="humour" count="3"/>
      <shelf name="action-adventure" count="3"/>
      <shelf name="comics-mangas" count="3"/>
      <shelf name="comic-books-graphic-novels" count="3"/>
      <shelf name="ebook" count="3"/>
      <shelf name="hilarious" count="3"/>
      <shelf name="2012-read" count="3"/>
      <shelf name="english" count="3"/>
      <shelf name="manga-read" count="3"/>
      <shelf name="genre-fantasy" count="3"/>
      <shelf name="comedy" count="3"/>
      <shelf name="tv-tie-in" count="3"/>
      <shelf name="read-in-2012" count="3"/>
      <shelf name="maybe-read" count="3"/>
      <shelf name="movie" count="3"/>
      <shelf name="illustrated" count="3"/>
      <shelf name="graphic-novel-manga" count="3"/>
      <shelf name="borrowed" count="3"/>
      <shelf name="read-2017" count="2"/>
      <shelf name="toread" count="2"/>
      <shelf name="to-read-fantasy" count="2"/>
      <shelf name="4-stars" count="2"/>
      <shelf name="books-read-in-2016" count="2"/>
      <shelf name="2016-reads" count="2"/>
      <shelf name="unfinished" count="2"/>
      <shelf name="graphic-novels-i-own" count="2"/>
      <shelf name="reread" count="2"/>
      <shelf name="amazing" count="2"/>
      <shelf name="not-owned" count="2"/>
      <shelf name="5-stars" count="2"/>
      <shelf name="2015-reads" count="2"/>
      <shelf name="in-english" count="2"/>
  </popular_shelves>
  <book_links>
    <book_link>
  <id>8</id>
  <name>Libraries</name>
  <link>https://www.goodreads.com/book_link/follow/8</link>
</book_link>

  </book_links>
  <buy_links>
    <buy_link>
<id>1</id>
<name>Amazon</name>
<link>https://www.goodreads.com/book_link/follow/1</link>
</buy_link>
<buy_link>
<id>10</id>
<name>Audible</name>
<link>https://www.goodreads.com/book_link/follow/10</link>
</buy_link>
<buy_link>
<id>3</id>
<name>Barnes &amp; Noble</name>
<link>https://www.goodreads.com/book_link/follow/3</link>
</buy_link>
<buy_link>
<id>1027</id>
<name>Kobo</name>
<link>https://www.goodreads.com/book_link/follow/1027</link>
</buy_link>
<buy_link>
<id>2102</id>
<name>Apple iBooks</name>
<link>https://www.goodreads.com/book_link/follow/2102</link>
</buy_link>
<buy_link>
<id>8036</id>
<name>Google Play</name>
<link>https://www.goodreads.com/book_link/follow/8036</link>
</buy_link>
<buy_link>
<id>4</id>
<name>Abebooks</name>
<link>https://www.goodreads.com/book_link/follow/4</link>
</buy_link>
<buy_link>
<id>882</id>
<name>Book Depository</name>
<link>https://www.goodreads.com/book_link/follow/882</link>
</buy_link>
<buy_link>
<id>9</id>
<name>Indigo</name>
<link>https://www.goodreads.com/book_link/follow/9</link>
</buy_link>
<buy_link>
<id>2</id>
<name>Half.com</name>
<link>https://www.goodreads.com/book_link/follow/2</link>
</buy_link>
<buy_link>
<id>5</id>
<name>Alibris</name>
<link>https://www.goodreads.com/book_link/follow/5</link>
</buy_link>
<buy_link>
<id>107</id>
<name>Better World Books</name>
<link>https://www.goodreads.com/book_link/follow/107</link>
</buy_link>
<buy_link>
<id>7</id>
<name>IndieBound</name>
<link>https://www.goodreads.com/book_link/follow/7</link>
</buy_link>

  </buy_links>
  <series_works>
    <series_work>
<id>720153</id>
<user_position></user_position>
<series>
<id>143444</id>
<title>
<![CDATA[
    Avatar: The Last Airbender Books
]]>
</title>
<description>
<![CDATA[
    Artbooks, databooks and comics based on the hit series: <i>Avatar: The Last Airbender</i>, also known as <i>The Legend of Aang</i>.
]]>
</description>
<note>
<![CDATA[
]]>
</note>
<series_works_count>79</series_works_count>
<primary_work_count>79</primary_work_count>
<numbered>true</numbered>
</series>

</series_work>

  </series_works>
  <similar_books>
          <book>
<id>13611440</id>
<title><![CDATA[Avatar: The Last Airbender (The Promise, #3)]]></title>
<title_without_series>Avatar: The Last Airbender</title_without_series>
<link><![CDATA[https://www.goodreads.com/book/show/13611440-avatar]]></link>
<small_image_url><![CDATA[https://images.gr-assets.com/books/1335027556s/13611440.jpg]]></small_image_url>
<image_url><![CDATA[https://images.gr-assets.com/books/1335027556m/13611440.jpg]]></image_url>
<num_pages>76</num_pages>
<work>
<id>19210034</id>
</work>
<isbn>1595829415</isbn>
<isbn13>9781595829412</isbn13>
<average_rating>4.36</average_rating>
<ratings_count>5815</ratings_count>
<publication_year>2012</publication_year>
<publication_month>10</publication_month>
<publication_day>9</publication_day>
<authors>
<author>
<id>68959</id>
<name>Gene Luen Yang</name>
<link><![CDATA[https://www.goodreads.com/author/show/68959.Gene_Luen_Yang]]></link>
</author>
</authors>
</book>

          <book>
<id>1070527</id>
<title><![CDATA[Avatar Volume 1: The Last Airbender (Avatar #1)]]></title>
<title_without_series><![CDATA[Avatar Volume 1: The Last Airbender]]></title_without_series>
<link><![CDATA[https://www.goodreads.com/book/show/1070527.Avatar_Volume_1]]></link>
<small_image_url><![CDATA[https://s.gr-assets.com/assets/nophoto/book/50x75-a91bf249278a81aabab721ef782c4a74.png]]></small_image_url>
<image_url><![CDATA[https://s.gr-assets.com/assets/nophoto/book/111x148-bcc042a9c91a29c1d680899eff700a03.png]]></image_url>
<num_pages></num_pages>
<work>
<id>1057213</id>
</work>
<isbn>1595328912</isbn>
<isbn13>9781595328915</isbn13>
<average_rating>4.52</average_rating>
<ratings_count>8387</ratings_count>
<publication_year></publication_year>
<publication_month></publication_month>
<publication_day></publication_day>
<authors>
<author>
<id>90808</id>
<name>Michael Dante DiMartino</name>
<link><![CDATA[https://www.goodreads.com/author/show/90808.Michael_Dante_DiMartino]]></link>
</author>
</authors>
</book>

          <book>
<id>7061696</id>
<title><![CDATA[The Last Airbender: Prequel - Zuko's Story]]></title>
<title_without_series><![CDATA[The Last Airbender: Prequel - Zuko's Story]]></title_without_series>
<link><![CDATA[https://www.goodreads.com/book/show/7061696-the-last-airbender]]></link>
<small_image_url><![CDATA[https://images.gr-assets.com/books/1320449700s/7061696.jpg]]></small_image_url>
<image_url><![CDATA[https://images.gr-assets.com/books/1320449700m/7061696.jpg]]></image_url>
<num_pages>144</num_pages>
<work>
<id>7313743</id>
</work>
<isbn>0345518543</isbn>
<isbn13>9780345518545</isbn13>
<average_rating>4.43</average_rating>
<ratings_count>3518</ratings_count>
<publication_year>2010</publication_year>
<publication_month>5</publication_month>
<publication_day>18</publication_day>
<authors>
<author>
<id>266715</id>
<name>Dave Roman</name>
<link><![CDATA[https://www.goodreads.com/author/show/266715.Dave_Roman]]></link>
</author>
</authors>
</book>

          <book>
<id>5720763</id>
<title><![CDATA[Avatar: The Last Airbender: The Lost Scrolls Collection]]></title>
<title_without_series><![CDATA[Avatar: The Last Airbender: The Lost Scrolls Collection]]></title_without_series>
<link><![CDATA[https://www.goodreads.com/book/show/5720763-avatar]]></link>
<small_image_url><![CDATA[https://s.gr-assets.com/assets/nophoto/book/50x75-a91bf249278a81aabab721ef782c4a74.png]]></small_image_url>
<image_url><![CDATA[https://s.gr-assets.com/assets/nophoto/book/111x148-bcc042a9c91a29c1d680899eff700a03.png]]></image_url>
<num_pages>256</num_pages>
<work>
<id>5892380</id>
</work>
<isbn>1416978224</isbn>
<isbn13>9781416978220</isbn13>
<average_rating>4.52</average_rating>
<ratings_count>833</ratings_count>
<publication_year>2009</publication_year>
<publication_month>6</publication_month>
<publication_day>23</publication_day>
<authors>
<author>
<id>2673</id>
<name>Michael Teitelbaum</name>
<link><![CDATA[https://www.goodreads.com/author/show/2673.Michael_Teitelbaum]]></link>
</author>
</authors>
</book>

          <book>
<id>156986</id>
<title>The Lost Scrolls: Fire</title>
<title_without_series>The Lost Scrolls: Fire</title_without_series>
<link><![CDATA[https://www.goodreads.com/book/show/156986.The_Lost_Scrolls]]></link>
<small_image_url><![CDATA[https://s.gr-assets.com/assets/nophoto/book/50x75-a91bf249278a81aabab721ef782c4a74.png]]></small_image_url>
<image_url><![CDATA[https://s.gr-assets.com/assets/nophoto/book/111x148-bcc042a9c91a29c1d680899eff700a03.png]]></image_url>
<num_pages>64</num_pages>
<work>
<id>151496</id>
</work>
<isbn>1416918809</isbn>
<isbn13>9781416918806</isbn13>
<average_rating>4.49</average_rating>
<ratings_count>575</ratings_count>
<publication_year>2006</publication_year>
<publication_month>12</publication_month>
<publication_day>26</publication_day>
<authors>
<author>
<id>27459</id>
<name>Tom Mason</name>
<link><![CDATA[https://www.goodreads.com/author/show/27459.Tom_Mason]]></link>
</author>
</authors>
</book>

  </similar_books>
</book>

</GoodreadsResponse>