<?xml version="1.0" encoding="UTF-8"?>
<GoodreadsResponse>
  <Request>
    <authentication>true</authentication>
      <key><![CDATA[all_men_must_serve]]></key>
    <method><![CDATA[book_show]]></method>
  </Request>
  <book>
  <id>10464963</id>
  <title>The Buddha in the Attic</title>
  <isbn><![CDATA[0307700003]]></isbn>
  <isbn13><![CDATA[9780307700001]]></isbn13>
  <asin><![CDATA[]]></asin>
  <kindle_asin><![CDATA[B006JP1S74]]></kindle_asin>
  <marketplace_id><![CDATA[A1F83G8C2ARO7P]]></marketplace_id>
  <country_code><![CDATA[GB]]></country_code>
  <image_url>https://images.gr-assets.com/books/1327878988m/10464963.jpg</image_url>
  <small_image_url>https://images.gr-assets.com/books/1327878988s/10464963.jpg</small_image_url>
  <publication_year>2011</publication_year>
  <publication_month>8</publication_month>
  <publication_day>23</publication_day>
  <publisher>Knopf</publisher>
  <language_code>eng</language_code>
  <is_ebook>false</is_ebook>
  <description><![CDATA[Julie Otsuka’s long-awaited follow-up to <i>When the Emperor Was Divine</i> is a tour de force of economy and precision, a novel that tells the story of a group of young women brought from Japan to San Francisco as “picture brides” nearly a century ago.<br /><br />In eight incantatory sections, <i>The Buddha in the Attic</i> traces the picture brides’ extraordinary lives, from their arduous journey by boat, where they exchange photographs of their husbands, imagining uncertain futures in an unknown land; to their arrival in San Francisco and their tremulous first nights as new wives; to their backbreaking work picking fruit in the fields and scrubbing the floors of white women; to their struggles to master a new language and a new culture; to their experiences in childbirth, and then as mothers, raising children who will ultimately reject their heritage and their history; to the deracinating arrival of war.]]></description>
  <work>
  <id type="integer">15369956</id>
  <books_count type="integer">64</books_count>
  <best_book_id type="integer">10464963</best_book_id>
  <reviews_count type="integer">61201</reviews_count>
  <ratings_sum type="integer">119960</ratings_sum>
  <ratings_count type="integer">33376</ratings_count>
  <text_reviews_count type="integer">5370</text_reviews_count>
  <original_publication_year type="integer">2011</original_publication_year>
  <original_publication_month type="integer">8</original_publication_month>
  <original_publication_day type="integer" nil="true"/>
  <original_title>The Buddha in the Attic</original_title>
  <original_language_id type="integer" nil="true"/>
  <media_type>book</media_type>
  <rating_dist>5:6431|4:12345|3:10194|2:3437|1:969|total:33376</rating_dist>
  <desc_user_id type="integer">8024671</desc_user_id>
  <default_chaptering_book_id type="integer" nil="true"/>
  <default_description_language_code nil="true"/>
</work>
  <average_rating>3.59</average_rating>
  <num_pages><![CDATA[129]]></num_pages>
  <format><![CDATA[Hardcover]]></format>
  <edition_information><![CDATA[]]></edition_information>
  <ratings_count><![CDATA[28156]]></ratings_count>
  <text_reviews_count><![CDATA[4609]]></text_reviews_count>
  <url><![CDATA[https://www.goodreads.com/book/show/10464963-the-buddha-in-the-attic]]></url>
  <link><![CDATA[https://www.goodreads.com/book/show/10464963-the-buddha-in-the-attic]]></link>
  <authors>
<author>
<id>4464</id>
<name>Julie Otsuka</name>
<role></role>
<image_url nophoto='false'>
<![CDATA[https://images.gr-assets.com/authors/1320610180p5/4464.jpg]]>
</image_url>
<small_image_url nophoto='false'>
<![CDATA[https://images.gr-assets.com/authors/1320610180p2/4464.jpg]]>
</small_image_url>
<link><![CDATA[https://www.goodreads.com/author/show/4464.Julie_Otsuka]]></link>
<average_rating>3.63</average_rating>
<ratings_count>48342</ratings_count>
<text_reviews_count>7673</text_reviews_count>
</author>
</authors>

    <reviews_widget>
      <![CDATA[
        <style>
  #goodreads-widget {
    font-family: georgia, serif;
    padding: 18px 0;
    width:565px;
  }
  #goodreads-widget h1 {
    font-weight:normal;
    font-size: 16px;
    border-bottom: 1px solid #BBB596;
    margin-bottom: 0;
  }
  #goodreads-widget a {
    text-decoration: none;
    color:#660;
  }
  iframe{
    background-color: #fff;
  }
  #goodreads-widget a:hover { text-decoration: underline; }
  #goodreads-widget a:active {
    color:#660;
  }
  #gr_footer {
    width: 100%;
    border-top: 1px solid #BBB596;
    text-align: right;
  }
  #goodreads-widget .gr_branding{
    color: #382110;
    font-size: 11px;
    text-decoration: none;
    font-family: "Helvetica Neue", Helvetica, Arial, sans-serif;
  }
</style>
<div id="goodreads-widget">
  <div id="gr_header"><h1><a rel="nofollow" href="https://www.goodreads.com/book/show/10464963-the-buddha-in-the-attic">The Buddha in the Attic Reviews</a></h1></div>
  <iframe id="the_iframe" src="https://www.goodreads.com/api/reviews_widget_iframe?did=DEVELOPER_ID&amp;format=html&amp;isbn=0307700003&amp;links=660&amp;min_rating=&amp;review_back=fff&amp;stars=000&amp;text=000" width="565" height="400" frameborder="0"></iframe>
  <div id="gr_footer">
    <a class="gr_branding" target="_blank" rel="nofollow" href="https://www.goodreads.com/book/show/10464963-the-buddha-in-the-attic?utm_medium=api&amp;utm_source=reviews_widget">Reviews from Goodreads.com</a>
  </div>
</div>

      ]]>
    </reviews_widget>
  <popular_shelves>
      <shelf name="to-read" count="23415"/>
      <shelf name="historical-fiction" count="855"/>
      <shelf name="fiction" count="772"/>
      <shelf name="currently-reading" count="622"/>
      <shelf name="book-club" count="341"/>
      <shelf name="japan" count="251"/>
      <shelf name="favorites" count="171"/>
      <shelf name="historical" count="155"/>
      <shelf name="history" count="87"/>
      <shelf name="kindle" count="86"/>
      <shelf name="asia" count="80"/>
      <shelf name="library" count="71"/>
      <shelf name="adult-fiction" count="65"/>
      <shelf name="owned" count="62"/>
      <shelf name="adult" count="59"/>
      <shelf name="audio" count="59"/>
      <shelf name="literary-fiction" count="58"/>
      <shelf name="japanese" count="56"/>
      <shelf name="bookclub" count="53"/>
      <shelf name="ebook" count="50"/>
      <shelf name="california" count="49"/>
      <shelf name="audiobooks" count="47"/>
      <shelf name="novels" count="47"/>
      <shelf name="asian-american" count="46"/>
      <shelf name="book-group" count="45"/>
      <shelf name="immigrant-experience" count="45"/>
      <shelf name="read-in-2012" count="43"/>
      <shelf name="women" count="42"/>
      <shelf name="asian" count="41"/>
      <shelf name="literature" count="41"/>
      <shelf name="audiobook" count="39"/>
      <shelf name="world-war-ii" count="38"/>
      <shelf name="war" count="37"/>
      <shelf name="wwii" count="37"/>
      <shelf name="japanese-americans" count="36"/>
      <shelf name="cultural" count="33"/>
      <shelf name="book-club-books" count="33"/>
      <shelf name="mail-order-brides" count="31"/>
      <shelf name="novel" count="31"/>
      <shelf name="read-2012" count="30"/>
      <shelf name="american" count="29"/>
      <shelf name="non-fiction" count="28"/>
      <shelf name="immigrants" count="26"/>
      <shelf name="audio-books" count="26"/>
      <shelf name="read-in-2014" count="25"/>
      <shelf name="finished" count="25"/>
      <shelf name="books-i-own" count="25"/>
      <shelf name="wish-list" count="24"/>
      <shelf name="american-history" count="24"/>
      <shelf name="e-book" count="24"/>
      <shelf name="america" count="24"/>
      <shelf name="immigration" count="23"/>
      <shelf name="general-fiction" count="22"/>
      <shelf name="contemporary-fiction" count="22"/>
      <shelf name="contemporary" count="21"/>
      <shelf name="did-not-finish" count="21"/>
      <shelf name="usa" count="21"/>
      <shelf name="library-books" count="21"/>
      <shelf name="read-in-2015" count="20"/>
      <shelf name="read-in-2013" count="20"/>
      <shelf name="audio-book" count="20"/>
      <shelf name="female-author" count="20"/>
      <shelf name="ebooks" count="20"/>
      <shelf name="read-in-2016" count="19"/>
      <shelf name="internment-camps" count="19"/>
      <shelf name="pen-faulkner" count="19"/>
      <shelf name="didn-t-finish" count="19"/>
      <shelf name="literary" count="19"/>
      <shelf name="to-buy" count="19"/>
      <shelf name="read-2015" count="18"/>
      <shelf name="read-2014" count="18"/>
      <shelf name="female-authors" count="18"/>
      <shelf name="2012-reads" count="18"/>
      <shelf name="asian-literature" count="18"/>
      <shelf name="abandoned" count="17"/>
      <shelf name="read-in-2011" count="17"/>
      <shelf name="read-2016" count="16"/>
      <shelf name="read-2013" count="16"/>
      <shelf name="library-book" count="16"/>
      <shelf name="to-read-fiction" count="16"/>
      <shelf name="social-commentary" count="15"/>
      <shelf name="book-club-reads" count="15"/>
      <shelf name="borrowed" count="15"/>
      <shelf name="e-books" count="15"/>
      <shelf name="read-in-2017" count="14"/>
      <shelf name="owned-books" count="14"/>
      <shelf name="united-states" count="14"/>
      <shelf name="japanese-literature" count="14"/>
      <shelf name="world-war-2" count="14"/>
      <shelf name="short-stories" count="14"/>
      <shelf name="20th-century" count="14"/>
      <shelf name="feminism" count="13"/>
      <shelf name="2013-reads" count="13"/>
      <shelf name="racism" count="13"/>
      <shelf name="fiction-historical" count="13"/>
      <shelf name="recommended" count="13"/>
      <shelf name="family" count="13"/>
      <shelf name="national-book-award" count="13"/>
      <shelf name="2010s" count="12"/>
      <shelf name="award-winner" count="12"/>
  </popular_shelves>
  <book_links>
    <book_link>
  <id>8</id>
  <name>Libraries</name>
  <link>https://www.goodreads.com/book_link/follow/8</link>
</book_link>

  </book_links>
  <buy_links>
    <buy_link>
<id>1</id>
<name>Amazon</name>
<link>https://www.goodreads.com/book_link/follow/1</link>
</buy_link>
<buy_link>
<id>10</id>
<name>Audible</name>
<link>https://www.goodreads.com/book_link/follow/10</link>
</buy_link>
<buy_link>
<id>3</id>
<name>Barnes &amp; Noble</name>
<link>https://www.goodreads.com/book_link/follow/3</link>
</buy_link>
<buy_link>
<id>1027</id>
<name>Kobo</name>
<link>https://www.goodreads.com/book_link/follow/1027</link>
</buy_link>
<buy_link>
<id>2102</id>
<name>Apple iBooks</name>
<link>https://www.goodreads.com/book_link/follow/2102</link>
</buy_link>
<buy_link>
<id>8036</id>
<name>Google Play</name>
<link>https://www.goodreads.com/book_link/follow/8036</link>
</buy_link>
<buy_link>
<id>4</id>
<name>Abebooks</name>
<link>https://www.goodreads.com/book_link/follow/4</link>
</buy_link>
<buy_link>
<id>882</id>
<name>Book Depository</name>
<link>https://www.goodreads.com/book_link/follow/882</link>
</buy_link>
<buy_link>
<id>9</id>
<name>Indigo</name>
<link>https://www.goodreads.com/book_link/follow/9</link>
</buy_link>
<buy_link>
<id>2</id>
<name>Half.com</name>
<link>https://www.goodreads.com/book_link/follow/2</link>
</buy_link>
<buy_link>
<id>5</id>
<name>Alibris</name>
<link>https://www.goodreads.com/book_link/follow/5</link>
</buy_link>
<buy_link>
<id>107</id>
<name>Better World Books</name>
<link>https://www.goodreads.com/book_link/follow/107</link>
</buy_link>
<buy_link>
<id>7</id>
<name>IndieBound</name>
<link>https://www.goodreads.com/book_link/follow/7</link>
</buy_link>

  </buy_links>
  <series_works>
    
  </series_works>
  <similar_books>
          <book>
<id>9501104</id>
<title>The Sojourn</title>
<title_without_series>The Sojourn</title_without_series>
<link><![CDATA[https://www.goodreads.com/book/show/9501104-the-sojourn]]></link>
<small_image_url><![CDATA[https://images.gr-assets.com/books/1344666585s/9501104.jpg]]></small_image_url>
<image_url><![CDATA[https://images.gr-assets.com/books/1344666585m/9501104.jpg]]></image_url>
<num_pages>192</num_pages>
<work>
<id>14386678</id>
</work>
<isbn>1934137340</isbn>
<isbn13>9781934137345</isbn13>
<average_rating>3.76</average_rating>
<ratings_count>2026</ratings_count>
<publication_year>2011</publication_year>
<publication_month>4</publication_month>
<publication_day>19</publication_day>
<authors>
<author>
<id>509654</id>
<name>Andrew Krivak</name>
<link><![CDATA[https://www.goodreads.com/author/show/509654.Andrew_Krivak]]></link>
</author>
</authors>
</book>

          <book>
<id>9142881</id>
<title><![CDATA[Binocular Vision: New and Selected Stories]]></title>
<title_without_series><![CDATA[Binocular Vision: New and Selected Stories]]></title_without_series>
<link><![CDATA[https://www.goodreads.com/book/show/9142881-binocular-vision]]></link>
<small_image_url><![CDATA[https://images.gr-assets.com/books/1293056543s/9142881.jpg]]></small_image_url>
<image_url><![CDATA[https://images.gr-assets.com/books/1293056543m/9142881.jpg]]></image_url>
<num_pages>373</num_pages>
<work>
<id>14021698</id>
</work>
<isbn>0982338295</isbn>
<isbn13>9780982338292</isbn13>
<average_rating>3.90</average_rating>
<ratings_count>1823</ratings_count>
<publication_year>2011</publication_year>
<publication_month>1</publication_month>
<publication_day>11</publication_day>
<authors>
<author>
<id>171618</id>
<name>Edith Pearlman</name>
<link><![CDATA[https://www.goodreads.com/author/show/171618.Edith_Pearlman]]></link>
</author>
</authors>
</book>

          <book>
<id>7084002</id>
<title>I Hotel</title>
<title_without_series>I Hotel</title_without_series>
<link><![CDATA[https://www.goodreads.com/book/show/7084002-i-hotel]]></link>
<small_image_url><![CDATA[https://images.gr-assets.com/books/1328752960s/7084002.jpg]]></small_image_url>
<image_url><![CDATA[https://images.gr-assets.com/books/1328752960m/7084002.jpg]]></image_url>
<num_pages>613</num_pages>
<work>
<id>7339490</id>
</work>
<isbn>1566892392</isbn>
<isbn13>9781566892391</isbn13>
<average_rating>3.73</average_rating>
<ratings_count>396</ratings_count>
<publication_year>2010</publication_year>
<publication_month>6</publication_month>
<publication_day>1</publication_day>
<authors>
<author>
<id>24586</id>
<name>Karen Tei Yamashita</name>
<link><![CDATA[https://www.goodreads.com/author/show/24586.Karen_Tei_Yamashita]]></link>
</author>
</authors>
</book>

          <book>
<id>12189193</id>
<title>Forgotten Country</title>
<title_without_series>Forgotten Country</title_without_series>
<link><![CDATA[https://www.goodreads.com/book/show/12189193-forgotten-country]]></link>
<small_image_url><![CDATA[https://images.gr-assets.com/books/1328313794s/12189193.jpg]]></small_image_url>
<image_url><![CDATA[https://images.gr-assets.com/books/1328313794m/12189193.jpg]]></image_url>
<num_pages>296</num_pages>
<work>
<id>17161390</id>
</work>
<isbn>1594488088</isbn>
<isbn13>9781594488085</isbn13>
<average_rating>3.47</average_rating>
<ratings_count>2208</ratings_count>
<publication_year></publication_year>
<publication_month></publication_month>
<publication_day></publication_day>
<authors>
<author>
<id>4960599</id>
<name>Catherine Chung</name>
<link><![CDATA[https://www.goodreads.com/author/show/4960599.Catherine_Chung]]></link>
</author>
</authors>
</book>

          <book>
<id>11101788</id>
<title>The Printmaker&apos;s Daughter</title>
<title_without_series>The Printmaker&apos;s Daughter</title_without_series>
<link><![CDATA[https://www.goodreads.com/book/show/11101788-the-printmaker-s-daughter]]></link>
<small_image_url><![CDATA[https://images.gr-assets.com/books/1313025633s/11101788.jpg]]></small_image_url>
<image_url><![CDATA[https://images.gr-assets.com/books/1313025633m/11101788.jpg]]></image_url>
<num_pages>494</num_pages>
<work>
<id>16023906</id>
</work>
<isbn>0062000365</isbn>
<isbn13>9780062000361</isbn13>
<average_rating>3.57</average_rating>
<ratings_count>605</ratings_count>
<publication_year>2011</publication_year>
<publication_month>11</publication_month>
<publication_day>22</publication_day>
<authors>
<author>
<id>394117</id>
<name>Katherine Govier</name>
<link><![CDATA[https://www.goodreads.com/author/show/394117.Katherine_Govier]]></link>
</author>
</authors>
</book>

          <book>
<id>9785474</id>
<title>A Moment in the Sun</title>
<title_without_series>A Moment in the Sun</title_without_series>
<link><![CDATA[https://www.goodreads.com/book/show/9785474-a-moment-in-the-sun]]></link>
<small_image_url><![CDATA[https://images.gr-assets.com/books/1327876254s/9785474.jpg]]></small_image_url>
<image_url><![CDATA[https://images.gr-assets.com/books/1327876254m/9785474.jpg]]></image_url>
<num_pages>955</num_pages>
<work>
<id>14675330</id>
</work>
<isbn>1936365189</isbn>
<isbn13>9781936365180</isbn13>
<average_rating>3.91</average_rating>
<ratings_count>652</ratings_count>
<publication_year>2011</publication_year>
<publication_month>5</publication_month>
<publication_day>17</publication_day>
<authors>
<author>
<id>59757</id>
<name>John Sayles</name>
<link><![CDATA[https://www.goodreads.com/author/show/59757.John_Sayles]]></link>
</author>
</authors>
</book>

          <book>
<id>10898140</id>
<title>The Barbarian Nurseries</title>
<title_without_series>The Barbarian Nurseries</title_without_series>
<link><![CDATA[https://www.goodreads.com/book/show/10898140-the-barbarian-nurseries]]></link>
<small_image_url><![CDATA[https://s.gr-assets.com/assets/nophoto/book/50x75-a91bf249278a81aabab721ef782c4a74.png]]></small_image_url>
<image_url><![CDATA[https://s.gr-assets.com/assets/nophoto/book/111x148-bcc042a9c91a29c1d680899eff700a03.png]]></image_url>
<num_pages></num_pages>
<work>
<id>15814061</id>
</work>
<isbn>0374108994</isbn>
<isbn13>9780374108991</isbn13>
<average_rating>3.65</average_rating>
<ratings_count>2596</ratings_count>
<publication_year>2011</publication_year>
<publication_month>9</publication_month>
<publication_day>27</publication_day>
<authors>
<author>
<id>84447</id>
<name>Héctor Tobar</name>
<link><![CDATA[https://www.goodreads.com/author/show/84447.H_ctor_Tobar]]></link>
</author>
</authors>
</book>

          <book>
<id>14729</id>
<title>War Trash</title>
<title_without_series>War Trash</title_without_series>
<link><![CDATA[https://www.goodreads.com/book/show/14729.War_Trash]]></link>
<small_image_url><![CDATA[https://s.gr-assets.com/assets/nophoto/book/50x75-a91bf249278a81aabab721ef782c4a74.png]]></small_image_url>
<image_url><![CDATA[https://s.gr-assets.com/assets/nophoto/book/111x148-bcc042a9c91a29c1d680899eff700a03.png]]></image_url>
<num_pages>368</num_pages>
<work>
<id>1267529</id>
</work>
<isbn>1400075793</isbn>
<isbn13>9781400075799</isbn13>
<average_rating>3.77</average_rating>
<ratings_count>2805</ratings_count>
<publication_year>2005</publication_year>
<publication_month>5</publication_month>
<publication_day>10</publication_day>
<authors>
<author>
<id>8055</id>
<name>Ha Jin</name>
<link><![CDATA[https://www.goodreads.com/author/show/8055.Ha_Jin]]></link>
</author>
</authors>
</book>

          <book>
<id>1058452</id>
<title>The Caprices</title>
<title_without_series>The Caprices</title_without_series>
<link><![CDATA[https://www.goodreads.com/book/show/1058452.The_Caprices]]></link>
<small_image_url><![CDATA[https://images.gr-assets.com/books/1328856912s/1058452.jpg]]></small_image_url>
<image_url><![CDATA[https://images.gr-assets.com/books/1328856912m/1058452.jpg]]></image_url>
<num_pages></num_pages>
<work>
<id>1045025</id>
</work>
<isbn>080214313X</isbn>
<isbn13>9780802143136</isbn13>
<average_rating>3.71</average_rating>
<ratings_count>136</ratings_count>
<publication_year></publication_year>
<publication_month></publication_month>
<publication_day></publication_day>
<authors>
<author>
<id>106247</id>
<name>Sabina Murray</name>
<link><![CDATA[https://www.goodreads.com/author/show/106247.Sabina_Murray]]></link>
</author>
</authors>
</book>

          <book>
<id>16071528</id>
<title>Jag ringer mina bröder</title>
<title_without_series>Jag ringer mina bröder</title_without_series>
<link><![CDATA[https://www.goodreads.com/book/show/16071528-jag-ringer-mina-br-der]]></link>
<small_image_url><![CDATA[https://images.gr-assets.com/books/1349608172s/16071528.jpg]]></small_image_url>
<image_url><![CDATA[https://images.gr-assets.com/books/1349608172m/16071528.jpg]]></image_url>
<num_pages>126</num_pages>
<work>
<id>21865507</id>
</work>
<isbn>9100132659</isbn>
<isbn13>9789100132651</isbn13>
<average_rating>3.80</average_rating>
<ratings_count>685</ratings_count>
<publication_year>2012</publication_year>
<publication_month>10</publication_month>
<publication_day>2</publication_day>
<authors>
<author>
<id>319949</id>
<name>Jonas Hassen Khemiri</name>
<link><![CDATA[https://www.goodreads.com/author/show/319949.Jonas_Hassen_Khemiri]]></link>
</author>
</authors>
</book>

          <book>
<id>6570431</id>
<title><![CDATA[The Man in the Wooden Hat (Old Filth, #2)]]></title>
<title_without_series>The Man in the Wooden Hat</title_without_series>
<link><![CDATA[https://www.goodreads.com/book/show/6570431-the-man-in-the-wooden-hat]]></link>
<small_image_url><![CDATA[https://s.gr-assets.com/assets/nophoto/book/50x75-a91bf249278a81aabab721ef782c4a74.png]]></small_image_url>
<image_url><![CDATA[https://s.gr-assets.com/assets/nophoto/book/111x148-bcc042a9c91a29c1d680899eff700a03.png]]></image_url>
<num_pages>233</num_pages>
<work>
<id>6763489</id>
</work>
<isbn>1933372893</isbn>
<isbn13>9781933372891</isbn13>
<average_rating>4.04</average_rating>
<ratings_count>3638</ratings_count>
<publication_year>2009</publication_year>
<publication_month>10</publication_month>
<publication_day>27</publication_day>
<authors>
<author>
<id>20838</id>
<name>Jane Gardam</name>
<link><![CDATA[https://www.goodreads.com/author/show/20838.Jane_Gardam]]></link>
</author>
</authors>
</book>

          <book>
<id>12345883</id>
<title>Monstress</title>
<title_without_series>Monstress</title_without_series>
<link><![CDATA[https://www.goodreads.com/book/show/12345883-monstress]]></link>
<small_image_url><![CDATA[https://s.gr-assets.com/assets/nophoto/book/50x75-a91bf249278a81aabab721ef782c4a74.png]]></small_image_url>
<image_url><![CDATA[https://s.gr-assets.com/assets/nophoto/book/111x148-bcc042a9c91a29c1d680899eff700a03.png]]></image_url>
<num_pages>224</num_pages>
<work>
<id>17325248</id>
</work>
<isbn>0062059564</isbn>
<isbn13>9780062059567</isbn13>
<average_rating>3.92</average_rating>
<ratings_count>1069</ratings_count>
<publication_year></publication_year>
<publication_month></publication_month>
<publication_day></publication_day>
<authors>
<author>
<id>5123223</id>
<name>Lysley Tenorio</name>
<link><![CDATA[https://www.goodreads.com/author/show/5123223.Lysley_Tenorio]]></link>
</author>
</authors>
</book>

          <book>
<id>683695</id>
<title>Picture Bride</title>
<title_without_series>Picture Bride</title_without_series>
<link><![CDATA[https://www.goodreads.com/book/show/683695.Picture_Bride]]></link>
<small_image_url><![CDATA[https://s.gr-assets.com/assets/nophoto/book/50x75-a91bf249278a81aabab721ef782c4a74.png]]></small_image_url>
<image_url><![CDATA[https://s.gr-assets.com/assets/nophoto/book/111x148-bcc042a9c91a29c1d680899eff700a03.png]]></image_url>
<num_pages>222</num_pages>
<work>
<id>670083</id>
</work>
<isbn>0295976160</isbn>
<isbn13>9780295976167</isbn13>
<average_rating>3.58</average_rating>
<ratings_count>702</ratings_count>
<publication_year>1997</publication_year>
<publication_month>5</publication_month>
<publication_day>1</publication_day>
<authors>
<author>
<id>38539</id>
<name>Yoshiko Uchida</name>
<link><![CDATA[https://www.goodreads.com/author/show/38539.Yoshiko_Uchida]]></link>
</author>
</authors>
</book>

          <book>
<id>4702464</id>
<title>The Scent of Sake</title>
<title_without_series>The Scent of Sake</title_without_series>
<link><![CDATA[https://www.goodreads.com/book/show/4702464-the-scent-of-sake]]></link>
<small_image_url><![CDATA[https://s.gr-assets.com/assets/nophoto/book/50x75-a91bf249278a81aabab721ef782c4a74.png]]></small_image_url>
<image_url><![CDATA[https://s.gr-assets.com/assets/nophoto/book/111x148-bcc042a9c91a29c1d680899eff700a03.png]]></image_url>
<num_pages></num_pages>
<work>
<id>4766787</id>
</work>
<isbn>0061662372</isbn>
<isbn13>9780061662379</isbn13>
<average_rating>3.26</average_rating>
<ratings_count>695</ratings_count>
<publication_year></publication_year>
<publication_month></publication_month>
<publication_day></publication_day>
<authors>
<author>
<id>763818</id>
<name>Joyce Lebra</name>
<link><![CDATA[https://www.goodreads.com/author/show/763818.Joyce_Lebra]]></link>
</author>
</authors>
</book>

          <book>
<id>14034</id>
<title>The Old Capital</title>
<title_without_series>The Old Capital</title_without_series>
<link><![CDATA[https://www.goodreads.com/book/show/14034.The_Old_Capital]]></link>
<small_image_url><![CDATA[https://s.gr-assets.com/assets/nophoto/book/50x75-a91bf249278a81aabab721ef782c4a74.png]]></small_image_url>
<image_url><![CDATA[https://s.gr-assets.com/assets/nophoto/book/111x148-bcc042a9c91a29c1d680899eff700a03.png]]></image_url>
<num_pages>160</num_pages>
<work>
<id>16124</id>
</work>
<isbn>1593760329</isbn>
<isbn13>9781593760328</isbn13>
<average_rating>3.80</average_rating>
<ratings_count>2634</ratings_count>
<publication_year>2006</publication_year>
<publication_month></publication_month>
<publication_day></publication_day>
<authors>
<author>
<id>8550</id>
<name>Yasunari Kawabata</name>
<link><![CDATA[https://www.goodreads.com/author/show/8550.Yasunari_Kawabata]]></link>
</author>
</authors>
</book>

          <book>
<id>10364994</id>
<title>The Submission</title>
<title_without_series>The Submission</title_without_series>
<link><![CDATA[https://www.goodreads.com/book/show/10364994-the-submission]]></link>
<small_image_url><![CDATA[https://s.gr-assets.com/assets/nophoto/book/50x75-a91bf249278a81aabab721ef782c4a74.png]]></small_image_url>
<image_url><![CDATA[https://s.gr-assets.com/assets/nophoto/book/111x148-bcc042a9c91a29c1d680899eff700a03.png]]></image_url>
<num_pages>300</num_pages>
<work>
<id>15268147</id>
</work>
<isbn>0374271569</isbn>
<isbn13>9780374271565</isbn13>
<average_rating>3.66</average_rating>
<ratings_count>11170</ratings_count>
<publication_year>2011</publication_year>
<publication_month>8</publication_month>
<publication_day>16</publication_day>
<authors>
<author>
<id>4619232</id>
<name>Amy Waldman</name>
<link><![CDATA[https://www.goodreads.com/author/show/4619232.Amy_Waldman]]></link>
</author>
</authors>
</book>

          <book>
<id>13591948</id>
<title><![CDATA[Yokohama Yankee: My Family's Five Generations as Outsiders in Japan]]></title>
<title_without_series><![CDATA[Yokohama Yankee: My Family's Five Generations as Outsiders in Japan]]></title_without_series>
<link><![CDATA[https://www.goodreads.com/book/show/13591948-yokohama-yankee]]></link>
<small_image_url><![CDATA[https://images.gr-assets.com/books/1362537292s/13591948.jpg]]></small_image_url>
<image_url><![CDATA[https://images.gr-assets.com/books/1362537292m/13591948.jpg]]></image_url>
<num_pages>384</num_pages>
<work>
<id>19180031</id>
</work>
<isbn>0984457666</isbn>
<isbn13>9780984457663</isbn13>
<average_rating>4.10</average_rating>
<ratings_count>181</ratings_count>
<publication_year>2013</publication_year>
<publication_month>3</publication_month>
<publication_day>12</publication_day>
<authors>
<author>
<id>5813145</id>
<name>Leslie Helm</name>
<link><![CDATA[https://www.goodreads.com/author/show/5813145.Leslie_Helm]]></link>
</author>
</authors>
</book>

          <book>
<id>6427384</id>
<title>Beyond the Blossoming Fields</title>
<title_without_series>Beyond the Blossoming Fields</title_without_series>
<link><![CDATA[https://www.goodreads.com/book/show/6427384-beyond-the-blossoming-fields]]></link>
<small_image_url><![CDATA[https://images.gr-assets.com/books/1328724242s/6427384.jpg]]></small_image_url>
<image_url><![CDATA[https://images.gr-assets.com/books/1328724242m/6427384.jpg]]></image_url>
<num_pages>318</num_pages>
<work>
<id>6616762</id>
</work>
<isbn>1846880645</isbn>
<isbn13>9781846880643</isbn13>
<average_rating>3.58</average_rating>
<ratings_count>333</ratings_count>
<publication_year>2009</publication_year>
<publication_month>4</publication_month>
<publication_day>1</publication_day>
<authors>
<author>
<id>754832</id>
<name>Junichi Watanabe</name>
<link><![CDATA[https://www.goodreads.com/author/show/754832.Junichi_Watanabe]]></link>
</author>
</authors>
</book>

  </similar_books>
</book>

</GoodreadsResponse>