<?xml version="1.0" encoding="UTF-8"?>
<GoodreadsResponse>
  <Request>
    <authentication>true</authentication>
      <key><![CDATA[all_men_must_serve]]></key>
    <method><![CDATA[book_show]]></method>
  </Request>
  <book>
  <id>104837</id>
  <title>Antony and Cleopatra</title>
  <isbn><![CDATA[0743482859]]></isbn>
  <isbn13><![CDATA[9780743482851]]></isbn13>
  <asin><![CDATA[]]></asin>
  <kindle_asin><![CDATA[B00Y8OEYRO]]></kindle_asin>
  <marketplace_id><![CDATA[A1F83G8C2ARO7P]]></marketplace_id>
  <country_code><![CDATA[GB]]></country_code>
  <image_url>https://s.gr-assets.com/assets/nophoto/book/111x148-bcc042a9c91a29c1d680899eff700a03.png</image_url>
  <small_image_url>https://s.gr-assets.com/assets/nophoto/book/50x75-a91bf249278a81aabab721ef782c4a74.png</small_image_url>
  <publication_year>2005</publication_year>
  <publication_month></publication_month>
  <publication_day></publication_day>
  <publisher>Washington Square Press</publisher>
  <language_code>eng</language_code>
  <is_ebook>false</is_ebook>
  <description><![CDATA[Each edition includes:<br />Freshly edited text based on the best early printed version of the play<br />Full explanatory notes conveniently placed on pages facing the text of the play<br />Scene-by-scene plot summaries A key to famous lines and phrases<br />An introduction to reading Shakespeare's language<br />An essay by a leading Shakespeare scholar providing a modern perspective on the play<br />Illustrations from the Folger Shakespeare Library's vast holdings of rare books<br /><br />Essay by Cynthia Marshall<br /><br />The Folger Shakespeare Library in Washington, D.C., is home to the world's largest collection of Shakespeare's printed works, and a magnet for Shakespeare scholars from around the globe. In addition to exhibitions open to the public throughout the year, the Folger offers a full calendar of performances and programs. ]]></description>
  <work>
  <id type="integer">717119</id>
  <books_count type="integer">635</books_count>
  <best_book_id type="integer">104837</best_book_id>
  <reviews_count type="integer">44810</reviews_count>
  <ratings_sum type="integer">88574</ratings_sum>
  <ratings_count type="integer">24127</ratings_count>
  <text_reviews_count type="integer">848</text_reviews_count>
  <original_publication_year type="integer">1606</original_publication_year>
  <original_publication_month type="integer" nil="true"/>
  <original_publication_day type="integer" nil="true"/>
  <original_title>The Tragedie of Antony and Cleopatra</original_title>
  <original_language_id type="integer" nil="true"/>
  <media_type>book</media_type>
  <rating_dist>5:5376|4:8302|3:7957|2:2123|1:369|total:24127</rating_dist>
  <desc_user_id type="integer">4802667</desc_user_id>
  <default_chaptering_book_id type="integer" nil="true"/>
  <default_description_language_code nil="true"/>
</work>
  <average_rating>3.67</average_rating>
  <num_pages><![CDATA[336]]></num_pages>
  <format><![CDATA[Paperback]]></format>
  <edition_information><![CDATA[]]></edition_information>
  <ratings_count><![CDATA[20607]]></ratings_count>
  <text_reviews_count><![CDATA[536]]></text_reviews_count>
  <url><![CDATA[https://www.goodreads.com/book/show/104837.Antony_and_Cleopatra]]></url>
  <link><![CDATA[https://www.goodreads.com/book/show/104837.Antony_and_Cleopatra]]></link>
  <authors>
<author>
<id>947</id>
<name>William Shakespeare</name>
<role></role>
<image_url nophoto='false'>
<![CDATA[https://images.gr-assets.com/authors/1424313573p5/947.jpg]]>
</image_url>
<small_image_url nophoto='false'>
<![CDATA[https://images.gr-assets.com/authors/1424313573p2/947.jpg]]>
</small_image_url>
<link><![CDATA[https://www.goodreads.com/author/show/947.William_Shakespeare]]></link>
<average_rating>3.86</average_rating>
<ratings_count>5098103</ratings_count>
<text_reviews_count>81658</text_reviews_count>
</author>
<author>
<id>281336</id>
<name>Cynthia Marshall</name>
<role>Essay</role>
<image_url nophoto='true'>
<![CDATA[https://s.gr-assets.com/assets/nophoto/user/u_200x266-e183445fd1a1b5cc7075bb1cf7043306.png]]>
</image_url>
<small_image_url nophoto='true'>
<![CDATA[https://s.gr-assets.com/assets/nophoto/user/u_50x66-632230dc9882b4352d753eedf9396530.png]]>
</small_image_url>
<link><![CDATA[https://www.goodreads.com/author/show/281336.Cynthia_Marshall]]></link>
<average_rating>3.66</average_rating>
<ratings_count>20614</ratings_count>
<text_reviews_count>536</text_reviews_count>
</author>
<author>
<id>569383</id>
<name>Barbara A. Mowat</name>
<role>Editor</role>
<image_url nophoto='true'>
<![CDATA[https://s.gr-assets.com/assets/nophoto/user/f_200x266-3061b784cc8e7f021c6430c9aba94587.png]]>
</image_url>
<small_image_url nophoto='true'>
<![CDATA[https://s.gr-assets.com/assets/nophoto/user/f_50x66-6a03a5c12233c941481992b82eea8d23.png]]>
</small_image_url>
<link><![CDATA[https://www.goodreads.com/author/show/569383.Barbara_A_Mowat]]></link>
<average_rating>3.91</average_rating>
<ratings_count>759513</ratings_count>
<text_reviews_count>13300</text_reviews_count>
</author>
<author>
<id>8140</id>
<name>Paul Werstine</name>
<role>Editor</role>
<image_url nophoto='true'>
<![CDATA[https://s.gr-assets.com/assets/nophoto/user/m_200x266-d279b33f8eec0f27b7272477f09806be.png]]>
</image_url>
<small_image_url nophoto='true'>
<![CDATA[https://s.gr-assets.com/assets/nophoto/user/m_50x66-82093808bca726cb3249a493fbd3bd0f.png]]>
</small_image_url>
<link><![CDATA[https://www.goodreads.com/author/show/8140.Paul_Werstine]]></link>
<average_rating>3.91</average_rating>
<ratings_count>764085</ratings_count>
<text_reviews_count>13516</text_reviews_count>
</author>
</authors>

    <reviews_widget>
      <![CDATA[
        <style>
  #goodreads-widget {
    font-family: georgia, serif;
    padding: 18px 0;
    width:565px;
  }
  #goodreads-widget h1 {
    font-weight:normal;
    font-size: 16px;
    border-bottom: 1px solid #BBB596;
    margin-bottom: 0;
  }
  #goodreads-widget a {
    text-decoration: none;
    color:#660;
  }
  iframe{
    background-color: #fff;
  }
  #goodreads-widget a:hover { text-decoration: underline; }
  #goodreads-widget a:active {
    color:#660;
  }
  #gr_footer {
    width: 100%;
    border-top: 1px solid #BBB596;
    text-align: right;
  }
  #goodreads-widget .gr_branding{
    color: #382110;
    font-size: 11px;
    text-decoration: none;
    font-family: "Helvetica Neue", Helvetica, Arial, sans-serif;
  }
</style>
<div id="goodreads-widget">
  <div id="gr_header"><h1><a rel="nofollow" href="https://www.goodreads.com/book/show/104837.Antony_and_Cleopatra">Antony and Cleopatra Reviews</a></h1></div>
  <iframe id="the_iframe" src="https://www.goodreads.com/api/reviews_widget_iframe?did=DEVELOPER_ID&amp;format=html&amp;isbn=0743482859&amp;links=660&amp;min_rating=&amp;review_back=fff&amp;stars=000&amp;text=000" width="565" height="400" frameborder="0"></iframe>
  <div id="gr_footer">
    <a class="gr_branding" target="_blank" rel="nofollow" href="https://www.goodreads.com/book/show/104837.Antony_and_Cleopatra?utm_medium=api&amp;utm_source=reviews_widget">Reviews from Goodreads.com</a>
  </div>
</div>

      ]]>
    </reviews_widget>
  <popular_shelves>
      <shelf name="to-read" count="13520"/>
      <shelf name="classics" count="1197"/>
      <shelf name="plays" count="1092"/>
      <shelf name="shakespeare" count="828"/>
      <shelf name="currently-reading" count="811"/>
      <shelf name="drama" count="511"/>
      <shelf name="fiction" count="236"/>
      <shelf name="classic" count="189"/>
      <shelf name="historical-fiction" count="163"/>
      <shelf name="play" count="158"/>
      <shelf name="owned" count="136"/>
      <shelf name="books-i-own" count="133"/>
      <shelf name="theatre" count="125"/>
      <shelf name="favorites" count="122"/>
      <shelf name="literature" count="108"/>
      <shelf name="romance" count="89"/>
      <shelf name="poetry" count="82"/>
      <shelf name="historical" count="66"/>
      <shelf name="school" count="64"/>
      <shelf name="tragedy" count="63"/>
      <shelf name="william-shakespeare" count="58"/>
      <shelf name="history" count="49"/>
      <shelf name="british" count="49"/>
      <shelf name="english" count="46"/>
      <shelf name="theater" count="46"/>
      <shelf name="17th-century" count="43"/>
      <shelf name="owned-books" count="38"/>
      <shelf name="read-for-school" count="38"/>
      <shelf name="classic-literature" count="38"/>
      <shelf name="british-literature" count="37"/>
      <shelf name="teatro" count="36"/>
      <shelf name="english-literature" count="35"/>
      <shelf name="egypt" count="34"/>
      <shelf name="default" count="33"/>
      <shelf name="library" count="29"/>
      <shelf name="for-school" count="29"/>
      <shelf name="college" count="29"/>
      <shelf name="my-library" count="26"/>
      <shelf name="renaissance" count="26"/>
      <shelf name="school-books" count="24"/>
      <shelf name="university" count="23"/>
      <shelf name="favourites" count="22"/>
      <shelf name="british-lit" count="22"/>
      <shelf name="ebooks" count="21"/>
      <shelf name="adult" count="21"/>
      <shelf name="audiobooks" count="17"/>
      <shelf name="rome" count="17"/>
      <shelf name="read-in-2016" count="16"/>
      <shelf name="uni" count="16"/>
      <shelf name="1600s" count="16"/>
      <shelf name="classic-lit" count="16"/>
      <shelf name="i-own" count="15"/>
      <shelf name="england" count="15"/>
      <shelf name="classical" count="14"/>
      <shelf name="classics-to-read" count="14"/>
      <shelf name="brit-lit" count="14"/>
      <shelf name="own-it" count="14"/>
      <shelf name="my-books" count="13"/>
      <shelf name="my-ebooks" count="13"/>
      <shelf name="audiobook" count="13"/>
      <shelf name="to-read-classics" count="12"/>
      <shelf name="read-in-english" count="12"/>
      <shelf name="kindle" count="12"/>
      <shelf name="to-buy" count="12"/>
      <shelf name="italy" count="12"/>
      <shelf name="adult-fiction" count="12"/>
      <shelf name="drama-plays" count="12"/>
      <shelf name="read-in-2014" count="11"/>
      <shelf name="home-library" count="11"/>
      <shelf name="audio" count="11"/>
      <shelf name="early-modern" count="11"/>
      <shelf name="uk" count="11"/>
      <shelf name="europe" count="11"/>
      <shelf name="classic-fiction" count="11"/>
      <shelf name="school-reads" count="10"/>
      <shelf name="théatre" count="10"/>
      <shelf name="théâtre" count="10"/>
      <shelf name="read-in-2017" count="9"/>
      <shelf name="read-in-2015" count="9"/>
      <shelf name="read-in-2012" count="9"/>
      <shelf name="ancient-rome" count="9"/>
      <shelf name="on-my-shelf" count="9"/>
      <shelf name="in-my-library" count="9"/>
      <shelf name="undergrad" count="9"/>
      <shelf name="great-books" count="9"/>
      <shelf name="english-lit" count="9"/>
      <shelf name="ebook" count="9"/>
      <shelf name="the-bard" count="9"/>
      <shelf name="poetry-plays" count="9"/>
      <shelf name="bookshelf" count="8"/>
      <shelf name="classici" count="8"/>
      <shelf name="male-author" count="8"/>
      <shelf name="war" count="8"/>
      <shelf name="ancient-history" count="8"/>
      <shelf name="unread" count="8"/>
      <shelf name="fiction-classics" count="8"/>
      <shelf name="shakespear" count="8"/>
      <shelf name="high-school" count="8"/>
      <shelf name="school-reading" count="8"/>
      <shelf name="read-for-class" count="8"/>
  </popular_shelves>
  <book_links>
    <book_link>
  <id>8</id>
  <name>Libraries</name>
  <link>https://www.goodreads.com/book_link/follow/8</link>
</book_link>

  </book_links>
  <buy_links>
    <buy_link>
<id>1</id>
<name>Amazon</name>
<link>https://www.goodreads.com/book_link/follow/1</link>
</buy_link>
<buy_link>
<id>10</id>
<name>Audible</name>
<link>https://www.goodreads.com/book_link/follow/10</link>
</buy_link>
<buy_link>
<id>3</id>
<name>Barnes &amp; Noble</name>
<link>https://www.goodreads.com/book_link/follow/3</link>
</buy_link>
<buy_link>
<id>1027</id>
<name>Kobo</name>
<link>https://www.goodreads.com/book_link/follow/1027</link>
</buy_link>
<buy_link>
<id>2102</id>
<name>Apple iBooks</name>
<link>https://www.goodreads.com/book_link/follow/2102</link>
</buy_link>
<buy_link>
<id>8036</id>
<name>Google Play</name>
<link>https://www.goodreads.com/book_link/follow/8036</link>
</buy_link>
<buy_link>
<id>4</id>
<name>Abebooks</name>
<link>https://www.goodreads.com/book_link/follow/4</link>
</buy_link>
<buy_link>
<id>882</id>
<name>Book Depository</name>
<link>https://www.goodreads.com/book_link/follow/882</link>
</buy_link>
<buy_link>
<id>9</id>
<name>Indigo</name>
<link>https://www.goodreads.com/book_link/follow/9</link>
</buy_link>
<buy_link>
<id>2</id>
<name>Half.com</name>
<link>https://www.goodreads.com/book_link/follow/2</link>
</buy_link>
<buy_link>
<id>5</id>
<name>Alibris</name>
<link>https://www.goodreads.com/book_link/follow/5</link>
</buy_link>
<buy_link>
<id>107</id>
<name>Better World Books</name>
<link>https://www.goodreads.com/book_link/follow/107</link>
</buy_link>
<buy_link>
<id>7</id>
<name>IndieBound</name>
<link>https://www.goodreads.com/book_link/follow/7</link>
</buy_link>

  </buy_links>
  <series_works>
    
  </series_works>
      <public_document>
        <id>3802</id>
        <document_url>
          http://feedbooks.com/book/2943.epub
        </document_url>
      </public_document>
  <similar_books>
          <book>
<id>613947</id>
<title><![CDATA[The Duchess of Malfi and Other Plays]]></title>
<title_without_series><![CDATA[The Duchess of Malfi and Other Plays]]></title_without_series>
<link><![CDATA[https://www.goodreads.com/book/show/613947.The_Duchess_of_Malfi_and_Other_Plays]]></link>
<small_image_url><![CDATA[https://images.gr-assets.com/books/1430825069s/613947.jpg]]></small_image_url>
<image_url><![CDATA[https://images.gr-assets.com/books/1430825069m/613947.jpg]]></image_url>
<num_pages>480</num_pages>
<work>
<id>3001771</id>
</work>
<isbn>0192834533</isbn>
<isbn13>9780192834539</isbn13>
<average_rating>3.90</average_rating>
<ratings_count>1280</ratings_count>
<publication_year>1998</publication_year>
<publication_month>10</publication_month>
<publication_day>22</publication_day>
<authors>
<author>
<id>39090</id>
<name>John Webster</name>
<link><![CDATA[https://www.goodreads.com/author/show/39090.John_Webster]]></link>
</author>
</authors>
</book>

          <book>
<id>143487</id>
<title>Tamburlaine</title>
<title_without_series>Tamburlaine</title_without_series>
<link><![CDATA[https://www.goodreads.com/book/show/143487.Tamburlaine]]></link>
<small_image_url><![CDATA[https://images.gr-assets.com/books/1328865047s/143487.jpg]]></small_image_url>
<image_url><![CDATA[https://images.gr-assets.com/books/1328865047m/143487.jpg]]></image_url>
<num_pages>128</num_pages>
<work>
<id>2433403</id>
</work>
<isbn>0486421252</isbn>
<isbn13>9780486421254</isbn13>
<average_rating>3.66</average_rating>
<ratings_count>1797</ratings_count>
<publication_year>2002</publication_year>
<publication_month>6</publication_month>
<publication_day>27</publication_day>
<authors>
<author>
<id>11155</id>
<name>Christopher Marlowe</name>
<link><![CDATA[https://www.goodreads.com/author/show/11155.Christopher_Marlowe]]></link>
</author>
</authors>
</book>

          <book>
<id>2048536</id>
<title>The Maids Tragedy</title>
<title_without_series>The Maids Tragedy</title_without_series>
<link><![CDATA[https://www.goodreads.com/book/show/2048536.The_Maids_Tragedy]]></link>
<small_image_url><![CDATA[https://s.gr-assets.com/assets/nophoto/book/50x75-a91bf249278a81aabab721ef782c4a74.png]]></small_image_url>
<image_url><![CDATA[https://s.gr-assets.com/assets/nophoto/book/111x148-bcc042a9c91a29c1d680899eff700a03.png]]></image_url>
<num_pages>112</num_pages>
<work>
<id>2053472</id>
</work>
<isbn>1434621774</isbn>
<isbn13>9781434621771</isbn13>
<average_rating>3.50</average_rating>
<ratings_count>138</ratings_count>
<publication_year>2008</publication_year>
<publication_month>5</publication_month>
<publication_day>29</publication_day>
<authors>
<author>
<id>54700</id>
<name>Francis Beaumont</name>
<link><![CDATA[https://www.goodreads.com/author/show/54700.Francis_Beaumont]]></link>
</author>
</authors>
</book>

          <book>
<id>1494</id>
<title>Alcestis</title>
<title_without_series>Alcestis</title_without_series>
<link><![CDATA[https://www.goodreads.com/book/show/1494.Alcestis]]></link>
<small_image_url><![CDATA[https://s.gr-assets.com/assets/nophoto/book/50x75-a91bf249278a81aabab721ef782c4a74.png]]></small_image_url>
<image_url><![CDATA[https://s.gr-assets.com/assets/nophoto/book/111x148-bcc042a9c91a29c1d680899eff700a03.png]]></image_url>
<num_pages>142</num_pages>
<work>
<id>17055249</id>
</work>
<isbn>0195061667</isbn>
<isbn13>9780195061666</isbn13>
<average_rating>3.80</average_rating>
<ratings_count>1632</ratings_count>
<publication_year>1990</publication_year>
<publication_month>2</publication_month>
<publication_day>1</publication_day>
<authors>
<author>
<id>973</id>
<name>Euripides</name>
<link><![CDATA[https://www.goodreads.com/author/show/973.Euripides]]></link>
</author>
</authors>
</book>

          <book>
<id>258123</id>
<title>Samson Agonistes</title>
<title_without_series>Samson Agonistes</title_without_series>
<link><![CDATA[https://www.goodreads.com/book/show/258123.Samson_Agonistes]]></link>
<small_image_url><![CDATA[https://s.gr-assets.com/assets/nophoto/book/50x75-a91bf249278a81aabab721ef782c4a74.png]]></small_image_url>
<image_url><![CDATA[https://s.gr-assets.com/assets/nophoto/book/111x148-bcc042a9c91a29c1d680899eff700a03.png]]></image_url>
<num_pages>170</num_pages>
<work>
<id>2325724</id>
</work>
<isbn>076618952X</isbn>
<isbn13>9780766189522</isbn13>
<average_rating>3.72</average_rating>
<ratings_count>1709</ratings_count>
<publication_year></publication_year>
<publication_month></publication_month>
<publication_day></publication_day>
<authors>
<author>
<id>9876</id>
<name>John Milton</name>
<link><![CDATA[https://www.goodreads.com/author/show/9876.John_Milton]]></link>
</author>
</authors>
</book>

          <book>
<id>295771</id>
<title>The Revenger&apos;s Tragedy</title>
<title_without_series>The Revenger&apos;s Tragedy</title_without_series>
<link><![CDATA[https://www.goodreads.com/book/show/295771.The_Revenger_s_Tragedy]]></link>
<small_image_url><![CDATA[https://s.gr-assets.com/assets/nophoto/book/50x75-a91bf249278a81aabab721ef782c4a74.png]]></small_image_url>
<image_url><![CDATA[https://s.gr-assets.com/assets/nophoto/book/111x148-bcc042a9c91a29c1d680899eff700a03.png]]></image_url>
<num_pages></num_pages>
<work>
<id>286997</id>
</work>
<isbn>1419180460</isbn>
<isbn13>9781419180460</isbn13>
<average_rating>3.66</average_rating>
<ratings_count>2123</ratings_count>
<publication_year></publication_year>
<publication_month></publication_month>
<publication_day></publication_day>
<authors>
<author>
<id>22584</id>
<name>Thomas Middleton</name>
<link><![CDATA[https://www.goodreads.com/author/show/22584.Thomas_Middleton]]></link>
</author>
</authors>
</book>

          <book>
<id>104500</id>
<title><![CDATA['Tis Pity She's a Whore and Other Plays]]></title>
<title_without_series><![CDATA['Tis Pity She's a Whore and Other Plays]]></title_without_series>
<link><![CDATA[https://www.goodreads.com/book/show/104500._Tis_Pity_She_s_a_Whore_and_Other_Plays]]></link>
<small_image_url><![CDATA[https://s.gr-assets.com/assets/nophoto/book/50x75-a91bf249278a81aabab721ef782c4a74.png]]></small_image_url>
<image_url><![CDATA[https://s.gr-assets.com/assets/nophoto/book/111x148-bcc042a9c91a29c1d680899eff700a03.png]]></image_url>
<num_pages>416</num_pages>
<work>
<id>100755</id>
</work>
<isbn>0192834495</isbn>
<isbn13>9780192834492</isbn13>
<average_rating>3.87</average_rating>
<ratings_count>502</ratings_count>
<publication_year>1999</publication_year>
<publication_month>9</publication_month>
<publication_day>16</publication_day>
<authors>
<author>
<id>60399</id>
<name>John  Ford</name>
<link><![CDATA[https://www.goodreads.com/author/show/60399.John_Ford]]></link>
</author>
</authors>
</book>

          <book>
<id>437428</id>
<title>Caesar and Cleopatra</title>
<title_without_series>Caesar and Cleopatra</title_without_series>
<link><![CDATA[https://www.goodreads.com/book/show/437428.Caesar_and_Cleopatra]]></link>
<small_image_url><![CDATA[https://images.gr-assets.com/books/1332729752s/437428.jpg]]></small_image_url>
<image_url><![CDATA[https://images.gr-assets.com/books/1332729752m/437428.jpg]]></image_url>
<num_pages>114</num_pages>
<work>
<id>1689832</id>
</work>
<isbn>1406924342</isbn>
<isbn13>9781406924343</isbn13>
<average_rating>3.67</average_rating>
<ratings_count>1349</ratings_count>
<publication_year>2006</publication_year>
<publication_month>11</publication_month>
<publication_day>3</publication_day>
<authors>
<author>
<id>5217</id>
<name>George Bernard Shaw</name>
<link><![CDATA[https://www.goodreads.com/author/show/5217.George_Bernard_Shaw]]></link>
</author>
</authors>
</book>

          <book>
<id>8862</id>
<title><![CDATA[A Year in the Life of William Shakespeare: 1599]]></title>
<title_without_series><![CDATA[A Year in the Life of William Shakespeare: 1599]]></title_without_series>
<link><![CDATA[https://www.goodreads.com/book/show/8862.A_Year_in_the_Life_of_William_Shakespeare]]></link>
<small_image_url><![CDATA[https://s.gr-assets.com/assets/nophoto/book/50x75-a91bf249278a81aabab721ef782c4a74.png]]></small_image_url>
<image_url><![CDATA[https://s.gr-assets.com/assets/nophoto/book/111x148-bcc042a9c91a29c1d680899eff700a03.png]]></image_url>
<num_pages>432</num_pages>
<work>
<id>975745</id>
</work>
<isbn>0060088745</isbn>
<isbn13>9780060088743</isbn13>
<average_rating>4.08</average_rating>
<ratings_count>2425</ratings_count>
<publication_year>2006</publication_year>
<publication_month>6</publication_month>
<publication_day>13</publication_day>
<authors>
<author>
<id>5751</id>
<name>James Shapiro</name>
<link><![CDATA[https://www.goodreads.com/author/show/5751.James_Shapiro]]></link>
</author>
</authors>
</book>

          <book>
<id>197123</id>
<title>Brand</title>
<title_without_series>Brand</title_without_series>
<link><![CDATA[https://www.goodreads.com/book/show/197123.Brand]]></link>
<small_image_url><![CDATA[https://s.gr-assets.com/assets/nophoto/book/50x75-a91bf249278a81aabab721ef782c4a74.png]]></small_image_url>
<image_url><![CDATA[https://s.gr-assets.com/assets/nophoto/book/111x148-bcc042a9c91a29c1d680899eff700a03.png]]></image_url>
<num_pages>232</num_pages>
<work>
<id>2946156</id>
</work>
<isbn>1406790109</isbn>
<isbn13>9781406790108</isbn13>
<average_rating>3.74</average_rating>
<ratings_count>527</ratings_count>
<publication_year>2007</publication_year>
<publication_month>1</publication_month>
<publication_day>31</publication_day>
<authors>
<author>
<id>2730977</id>
<name>Henrik Ibsen</name>
<link><![CDATA[https://www.goodreads.com/author/show/2730977.Henrik_Ibsen]]></link>
</author>
</authors>
</book>

          <book>
<id>447383</id>
<title>The Alchemist</title>
<title_without_series>The Alchemist</title_without_series>
<link><![CDATA[https://www.goodreads.com/book/show/447383.The_Alchemist]]></link>
<small_image_url><![CDATA[https://s.gr-assets.com/assets/nophoto/book/50x75-a91bf249278a81aabab721ef782c4a74.png]]></small_image_url>
<image_url><![CDATA[https://s.gr-assets.com/assets/nophoto/book/111x148-bcc042a9c91a29c1d680899eff700a03.png]]></image_url>
<num_pages>256</num_pages>
<work>
<id>436046</id>
</work>
<isbn>1594624402</isbn>
<isbn13>9781594624407</isbn13>
<average_rating>3.60</average_rating>
<ratings_count>2348</ratings_count>
<publication_year>2007</publication_year>
<publication_month>2</publication_month>
<publication_day>8</publication_day>
<authors>
<author>
<id>22583</id>
<name>Ben Jonson</name>
<link><![CDATA[https://www.goodreads.com/author/show/22583.Ben_Jonson]]></link>
</author>
</authors>
</book>

          <book>
<id>213011</id>
<title><![CDATA[The Cid / Cinna / The Theatrical Illusion]]></title>
<title_without_series><![CDATA[The Cid / Cinna / The Theatrical Illusion]]></title_without_series>
<link><![CDATA[https://www.goodreads.com/book/show/213011.The_Cid_Cinna_The_Theatrical_Illusion]]></link>
<small_image_url><![CDATA[https://s.gr-assets.com/assets/nophoto/book/50x75-a91bf249278a81aabab721ef782c4a74.png]]></small_image_url>
<image_url><![CDATA[https://s.gr-assets.com/assets/nophoto/book/111x148-bcc042a9c91a29c1d680899eff700a03.png]]></image_url>
<num_pages>288</num_pages>
<work>
<id>206200</id>
</work>
<isbn>0140443126</isbn>
<isbn13>9780140443127</isbn13>
<average_rating>3.62</average_rating>
<ratings_count>259</ratings_count>
<publication_year>1975</publication_year>
<publication_month>9</publication_month>
<publication_day>25</publication_day>
<authors>
<author>
<id>3015432</id>
<name>Pierre Corneille</name>
<link><![CDATA[https://www.goodreads.com/author/show/3015432.Pierre_Corneille]]></link>
</author>
</authors>
</book>

  </similar_books>
</book>

</GoodreadsResponse>