<?xml version="1.0" encoding="UTF-8"?>
<GoodreadsResponse>
  <Request>
    <authentication>true</authentication>
      <key><![CDATA[all_men_must_serve]]></key>
    <method><![CDATA[book_show]]></method>
  </Request>
  <book>
  <id>1048645</id>
  <title>Private Peaceful</title>
  <isbn><![CDATA[0439636485]]></isbn>
  <isbn13><![CDATA[9780439636483]]></isbn13>
  <asin><![CDATA[]]></asin>
  <kindle_asin><![CDATA[B00I11F24Y]]></kindle_asin>
  <marketplace_id><![CDATA[A1F83G8C2ARO7P]]></marketplace_id>
  <country_code><![CDATA[GB]]></country_code>
  <image_url>https://images.gr-assets.com/books/1328868065m/1048645.jpg</image_url>
  <small_image_url>https://images.gr-assets.com/books/1328868065s/1048645.jpg</small_image_url>
  <publication_year></publication_year>
  <publication_month></publication_month>
  <publication_day></publication_day>
  <publisher></publisher>
  <language_code>eng</language_code>
  <is_ebook>false</is_ebook>
  <description><![CDATA[From the Children's Laureate of England, a stunning novel of the First World War, a boy who is on its front lines, and a childhood remembered.<br /><br />"They've gone now, and I'm alone at last. I have the whole night ahead of me, and I won't waste a single moment of it . . . I want tonight to be long, as long as my life . . ." For young Private Peaceful, looking back over his childhood while he is on night watch in the battlefields of the First World War, his memories are full of family life deep in the countryside: his mother, Charlie, Big Joe, and Molly, the love of his life. Too young to be enlisted, Thomas has followed his brother to war and now, every moment he spends thinking about his life, means another moment closer to danger.]]></description>
  <work>
  <id type="integer">2454980</id>
  <books_count type="integer">42</books_count>
  <best_book_id type="integer">1048645</best_book_id>
  <reviews_count type="integer">24123</reviews_count>
  <ratings_sum type="integer">63183</ratings_sum>
  <ratings_count type="integer">15175</ratings_count>
  <text_reviews_count type="integer">1098</text_reviews_count>
  <original_publication_year type="integer">2003</original_publication_year>
  <original_publication_month type="integer">1</original_publication_month>
  <original_publication_day type="integer">1</original_publication_day>
  <original_title>Private Peaceful</original_title>
  <original_language_id type="integer" nil="true"/>
  <media_type>book</media_type>
  <rating_dist>5:6564|4:5391|3:2537|2:505|1:178|total:15175</rating_dist>
  <desc_user_id type="integer">11446939</desc_user_id>
  <default_chaptering_book_id type="integer" nil="true"/>
  <default_description_language_code nil="true"/>
</work>
  <average_rating>4.16</average_rating>
  <num_pages><![CDATA[]]></num_pages>
  <format><![CDATA[]]></format>
  <edition_information><![CDATA[]]></edition_information>
  <ratings_count><![CDATA[13126]]></ratings_count>
  <text_reviews_count><![CDATA[858]]></text_reviews_count>
  <url><![CDATA[https://www.goodreads.com/book/show/1048645.Private_Peaceful]]></url>
  <link><![CDATA[https://www.goodreads.com/book/show/1048645.Private_Peaceful]]></link>
  <authors>
<author>
<id>8080</id>
<name>Michael Morpurgo</name>
<role></role>
<image_url nophoto='false'>
<![CDATA[https://images.gr-assets.com/authors/1260905000p5/8080.jpg]]>
</image_url>
<small_image_url nophoto='false'>
<![CDATA[https://images.gr-assets.com/authors/1260905000p2/8080.jpg]]>
</small_image_url>
<link><![CDATA[https://www.goodreads.com/author/show/8080.Michael_Morpurgo]]></link>
<average_rating>4.06</average_rating>
<ratings_count>120471</ratings_count>
<text_reviews_count>11553</text_reviews_count>
</author>
</authors>

    <reviews_widget>
      <![CDATA[
        <style>
  #goodreads-widget {
    font-family: georgia, serif;
    padding: 18px 0;
    width:565px;
  }
  #goodreads-widget h1 {
    font-weight:normal;
    font-size: 16px;
    border-bottom: 1px solid #BBB596;
    margin-bottom: 0;
  }
  #goodreads-widget a {
    text-decoration: none;
    color:#660;
  }
  iframe{
    background-color: #fff;
  }
  #goodreads-widget a:hover { text-decoration: underline; }
  #goodreads-widget a:active {
    color:#660;
  }
  #gr_footer {
    width: 100%;
    border-top: 1px solid #BBB596;
    text-align: right;
  }
  #goodreads-widget .gr_branding{
    color: #382110;
    font-size: 11px;
    text-decoration: none;
    font-family: "Helvetica Neue", Helvetica, Arial, sans-serif;
  }
</style>
<div id="goodreads-widget">
  <div id="gr_header"><h1><a rel="nofollow" href="https://www.goodreads.com/book/show/1048645.Private_Peaceful">Private Peaceful Reviews</a></h1></div>
  <iframe id="the_iframe" src="https://www.goodreads.com/api/reviews_widget_iframe?did=DEVELOPER_ID&amp;format=html&amp;isbn=0439636485&amp;links=660&amp;min_rating=&amp;review_back=fff&amp;stars=000&amp;text=000" width="565" height="400" frameborder="0"></iframe>
  <div id="gr_footer">
    <a class="gr_branding" target="_blank" rel="nofollow" href="https://www.goodreads.com/book/show/1048645.Private_Peaceful?utm_medium=api&amp;utm_source=reviews_widget">Reviews from Goodreads.com</a>
  </div>
</div>

      ]]>
    </reviews_widget>
  <popular_shelves>
      <shelf name="to-read" count="6459"/>
      <shelf name="currently-reading" count="241"/>
      <shelf name="historical-fiction" count="221"/>
      <shelf name="favorites" count="177"/>
      <shelf name="war" count="125"/>
      <shelf name="young-adult" count="117"/>
      <shelf name="fiction" count="101"/>
      <shelf name="historical" count="96"/>
      <shelf name="favourites" count="77"/>
      <shelf name="childrens" count="72"/>
      <shelf name="books-i-own" count="61"/>
      <shelf name="ya" count="56"/>
      <shelf name="school" count="41"/>
      <shelf name="history" count="37"/>
      <shelf name="owned" count="33"/>
      <shelf name="children-s" count="33"/>
      <shelf name="childhood" count="29"/>
      <shelf name="ww1" count="27"/>
      <shelf name="michael-morpurgo" count="26"/>
      <shelf name="children" count="25"/>
      <shelf name="family" count="23"/>
      <shelf name="ks2" count="22"/>
      <shelf name="romance" count="20"/>
      <shelf name="wwi" count="19"/>
      <shelf name="death" count="19"/>
      <shelf name="owned-books" count="18"/>
      <shelf name="my-books" count="16"/>
      <shelf name="school-books" count="15"/>
      <shelf name="library" count="15"/>
      <shelf name="read-for-school" count="14"/>
      <shelf name="to-buy" count="14"/>
      <shelf name="children-s-books" count="14"/>
      <shelf name="default" count="13"/>
      <shelf name="for-school" count="13"/>
      <shelf name="england" count="13"/>
      <shelf name="classics" count="13"/>
      <shelf name="world-war-i" count="13"/>
      <shelf name="wish-list" count="13"/>
      <shelf name="kids" count="13"/>
      <shelf name="made-me-cry" count="12"/>
      <shelf name="novels" count="11"/>
      <shelf name="friendship" count="11"/>
      <shelf name="sad" count="11"/>
      <shelf name="world-war-1" count="11"/>
      <shelf name="middle-grade" count="10"/>
      <shelf name="adventure" count="10"/>
      <shelf name="young-adult-fiction" count="10"/>
      <shelf name="childhood-favourites" count="10"/>
      <shelf name="favourite-books" count="10"/>
      <shelf name="childhood-books" count="9"/>
      <shelf name="books" count="9"/>
      <shelf name="world-war-one" count="9"/>
      <shelf name="i-own" count="9"/>
      <shelf name="teen-fiction" count="9"/>
      <shelf name="childrens-books" count="9"/>
      <shelf name="teen" count="9"/>
      <shelf name="novel" count="8"/>
      <shelf name="audiobook" count="8"/>
      <shelf name="read-in-2014" count="8"/>
      <shelf name="read-in-2012" count="8"/>
      <shelf name="favourite" count="8"/>
      <shelf name="books-that-made-me-cry" count="8"/>
      <shelf name="all-time-favourites" count="7"/>
      <shelf name="middle-school" count="7"/>
      <shelf name="read-in-2013" count="7"/>
      <shelf name="all-books" count="7"/>
      <shelf name="children-s-fiction" count="7"/>
      <shelf name="british" count="7"/>
      <shelf name="realistic-fiction" count="7"/>
      <shelf name="brothers" count="7"/>
      <shelf name="childrens-fiction" count="7"/>
      <shelf name="5-star" count="6"/>
      <shelf name="my-bookshelf" count="6"/>
      <shelf name="stand-alone" count="6"/>
      <shelf name="kids-books" count="6"/>
      <shelf name="re-read" count="6"/>
      <shelf name="first-world-war" count="6"/>
      <shelf name="library-books" count="6"/>
      <shelf name="love" count="6"/>
      <shelf name="5-stars" count="6"/>
      <shelf name="siblings" count="6"/>
      <shelf name="loss" count="5"/>
      <shelf name="ww2" count="5"/>
      <shelf name="key-stage-2" count="5"/>
      <shelf name="kindle" count="5"/>
      <shelf name="coming-of-age" count="5"/>
      <shelf name="france" count="5"/>
      <shelf name="ya-fiction" count="5"/>
      <shelf name="my-favourite-books" count="5"/>
      <shelf name="borrowed" count="5"/>
      <shelf name="read-in-2011" count="5"/>
      <shelf name="favorite-books" count="5"/>
      <shelf name="growing-up" count="5"/>
      <shelf name="21st-century" count="5"/>
      <shelf name="book-club" count="5"/>
      <shelf name="young-adult-books" count="5"/>
      <shelf name="historicalfiction" count="5"/>
      <shelf name="youngadult" count="5"/>
      <shelf name="to-reread" count="4"/>
      <shelf name="journey" count="4"/>
  </popular_shelves>
  <book_links>
    <book_link>
  <id>8</id>
  <name>Libraries</name>
  <link>https://www.goodreads.com/book_link/follow/8</link>
</book_link>

  </book_links>
  <buy_links>
    <buy_link>
<id>1</id>
<name>Amazon</name>
<link>https://www.goodreads.com/book_link/follow/1</link>
</buy_link>
<buy_link>
<id>10</id>
<name>Audible</name>
<link>https://www.goodreads.com/book_link/follow/10</link>
</buy_link>
<buy_link>
<id>3</id>
<name>Barnes &amp; Noble</name>
<link>https://www.goodreads.com/book_link/follow/3</link>
</buy_link>
<buy_link>
<id>1027</id>
<name>Kobo</name>
<link>https://www.goodreads.com/book_link/follow/1027</link>
</buy_link>
<buy_link>
<id>2102</id>
<name>Apple iBooks</name>
<link>https://www.goodreads.com/book_link/follow/2102</link>
</buy_link>
<buy_link>
<id>8036</id>
<name>Google Play</name>
<link>https://www.goodreads.com/book_link/follow/8036</link>
</buy_link>
<buy_link>
<id>4</id>
<name>Abebooks</name>
<link>https://www.goodreads.com/book_link/follow/4</link>
</buy_link>
<buy_link>
<id>882</id>
<name>Book Depository</name>
<link>https://www.goodreads.com/book_link/follow/882</link>
</buy_link>
<buy_link>
<id>9</id>
<name>Indigo</name>
<link>https://www.goodreads.com/book_link/follow/9</link>
</buy_link>
<buy_link>
<id>2</id>
<name>Half.com</name>
<link>https://www.goodreads.com/book_link/follow/2</link>
</buy_link>
<buy_link>
<id>5</id>
<name>Alibris</name>
<link>https://www.goodreads.com/book_link/follow/5</link>
</buy_link>
<buy_link>
<id>107</id>
<name>Better World Books</name>
<link>https://www.goodreads.com/book_link/follow/107</link>
</buy_link>
<buy_link>
<id>7</id>
<name>IndieBound</name>
<link>https://www.goodreads.com/book_link/follow/7</link>
</buy_link>

  </buy_links>
  <series_works>
    
  </series_works>
  <similar_books>
          <book>
<id>1008381</id>
<title>Remembrance</title>
<title_without_series>Remembrance</title_without_series>
<link><![CDATA[https://www.goodreads.com/book/show/1008381.Remembrance]]></link>
<small_image_url><![CDATA[https://s.gr-assets.com/assets/nophoto/book/50x75-a91bf249278a81aabab721ef782c4a74.png]]></small_image_url>
<image_url><![CDATA[https://s.gr-assets.com/assets/nophoto/book/111x148-bcc042a9c91a29c1d680899eff700a03.png]]></image_url>
<num_pages>303</num_pages>
<work>
<id>2527416</id>
</work>
<isbn>0552547387</isbn>
<isbn13>9780552547383</isbn13>
<average_rating>3.98</average_rating>
<ratings_count>816</ratings_count>
<publication_year>2003</publication_year>
<publication_month></publication_month>
<publication_day></publication_day>
<authors>
<author>
<id>4024</id>
<name>Theresa Breslin</name>
<link><![CDATA[https://www.goodreads.com/author/show/4024.Theresa_Breslin]]></link>
</author>
</authors>
</book>

          <book>
<id>1072093</id>
<title>Coram Boy</title>
<title_without_series>Coram Boy</title_without_series>
<link><![CDATA[https://www.goodreads.com/book/show/1072093.Coram_Boy]]></link>
<small_image_url><![CDATA[https://s.gr-assets.com/assets/nophoto/book/50x75-a91bf249278a81aabab721ef782c4a74.png]]></small_image_url>
<image_url><![CDATA[https://s.gr-assets.com/assets/nophoto/book/111x148-bcc042a9c91a29c1d680899eff700a03.png]]></image_url>
<num_pages>373</num_pages>
<work>
<id>1058785</id>
</work>
<isbn>1405212829</isbn>
<isbn13>9781405212823</isbn13>
<average_rating>3.76</average_rating>
<ratings_count>1336</ratings_count>
<publication_year>2000</publication_year>
<publication_month></publication_month>
<publication_day></publication_day>
<authors>
<author>
<id>43020</id>
<name>Jamila Gavin</name>
<link><![CDATA[https://www.goodreads.com/author/show/43020.Jamila_Gavin]]></link>
</author>
</authors>
</book>

          <book>
<id>1191504</id>
<title>Pig-Heart Boy</title>
<title_without_series>Pig-Heart Boy</title_without_series>
<link><![CDATA[https://www.goodreads.com/book/show/1191504.Pig_Heart_Boy]]></link>
<small_image_url><![CDATA[https://images.gr-assets.com/books/1320504606s/1191504.jpg]]></small_image_url>
<image_url><![CDATA[https://images.gr-assets.com/books/1320504606m/1191504.jpg]]></image_url>
<num_pages>256</num_pages>
<work>
<id>1056146</id>
</work>
<isbn>055255166X</isbn>
<isbn13>9780552551663</isbn13>
<average_rating>3.75</average_rating>
<ratings_count>3197</ratings_count>
<publication_year>2004</publication_year>
<publication_month>2</publication_month>
<publication_day>5</publication_day>
<authors>
<author>
<id>172977</id>
<name>Malorie Blackman</name>
<link><![CDATA[https://www.goodreads.com/author/show/172977.Malorie_Blackman]]></link>
</author>
</authors>
</book>

          <book>
<id>885349</id>
<title>Carrie&apos;s War</title>
<title_without_series>Carrie&apos;s War</title_without_series>
<link><![CDATA[https://www.goodreads.com/book/show/885349.Carrie_s_War]]></link>
<small_image_url><![CDATA[https://s.gr-assets.com/assets/nophoto/book/50x75-a91bf249278a81aabab721ef782c4a74.png]]></small_image_url>
<image_url><![CDATA[https://s.gr-assets.com/assets/nophoto/book/111x148-bcc042a9c91a29c1d680899eff700a03.png]]></image_url>
<num_pages>173</num_pages>
<work>
<id>1404987</id>
</work>
<isbn>0140364560</isbn>
<isbn13>9780140364569</isbn13>
<average_rating>3.88</average_rating>
<ratings_count>5995</ratings_count>
<publication_year></publication_year>
<publication_month></publication_month>
<publication_day></publication_day>
<authors>
<author>
<id>157819</id>
<name>Nina Bawden</name>
<link><![CDATA[https://www.goodreads.com/author/show/157819.Nina_Bawden]]></link>
</author>
</authors>
</book>

          <book>
<id>5411121</id>
<title>The de Lacy Inheritance</title>
<title_without_series>The de Lacy Inheritance</title_without_series>
<link><![CDATA[https://www.goodreads.com/book/show/5411121-the-de-lacy-inheritance]]></link>
<small_image_url><![CDATA[https://images.gr-assets.com/books/1274464792s/5411121.jpg]]></small_image_url>
<image_url><![CDATA[https://images.gr-assets.com/books/1274464792m/5411121.jpg]]></image_url>
<num_pages>277</num_pages>
<work>
<id>5478660</id>
</work>
<isbn>1905802366</isbn>
<isbn13>9781905802364</isbn13>
<average_rating>3.78</average_rating>
<ratings_count>92</ratings_count>
<publication_year>2010</publication_year>
<publication_month>7</publication_month>
<publication_day>14</publication_day>
<authors>
<author>
<id>1463365</id>
<name>Elizabeth Ashworth</name>
<link><![CDATA[https://www.goodreads.com/author/show/1463365.Elizabeth_Ashworth]]></link>
</author>
</authors>
</book>

          <book>
<id>291838</id>
<title>Stone Cold</title>
<title_without_series>Stone Cold</title_without_series>
<link><![CDATA[https://www.goodreads.com/book/show/291838.Stone_Cold]]></link>
<small_image_url><![CDATA[https://s.gr-assets.com/assets/nophoto/book/50x75-a91bf249278a81aabab721ef782c4a74.png]]></small_image_url>
<image_url><![CDATA[https://s.gr-assets.com/assets/nophoto/book/111x148-bcc042a9c91a29c1d680899eff700a03.png]]></image_url>
<num_pages>100</num_pages>
<work>
<id>283155</id>
</work>
<isbn>0435124684</isbn>
<isbn13>9780435124687</isbn13>
<average_rating>3.31</average_rating>
<ratings_count>2890</ratings_count>
<publication_year>1997</publication_year>
<publication_month>6</publication_month>
<publication_day>9</publication_day>
<authors>
<author>
<id>168735</id>
<name>Robert Swindells</name>
<link><![CDATA[https://www.goodreads.com/author/show/168735.Robert_Swindells]]></link>
</author>
</authors>
</book>

          <book>
<id>161099</id>
<title>Good Night, Mr. Tom</title>
<title_without_series>Good Night, Mr. Tom</title_without_series>
<link><![CDATA[https://www.goodreads.com/book/show/161099.Good_Night_Mr_Tom]]></link>
<small_image_url><![CDATA[https://images.gr-assets.com/books/1282757902s/161099.jpg]]></small_image_url>
<image_url><![CDATA[https://images.gr-assets.com/books/1282757902m/161099.jpg]]></image_url>
<num_pages>320</num_pages>
<work>
<id>870671</id>
</work>
<isbn>006440174X</isbn>
<isbn13>9780064401746</isbn13>
<average_rating>4.28</average_rating>
<ratings_count>30421</ratings_count>
<publication_year>1986</publication_year>
<publication_month>11</publication_month>
<publication_day>13</publication_day>
<authors>
<author>
<id>93351</id>
<name>Michelle Magorian</name>
<link><![CDATA[https://www.goodreads.com/author/show/93351.Michelle_Magorian]]></link>
</author>
</authors>
</book>

          <book>
<id>3217195</id>
<title>Enid (Quatre soeurs, #1)</title>
<title_without_series>Enid</title_without_series>
<link><![CDATA[https://www.goodreads.com/book/show/3217195-enid]]></link>
<small_image_url><![CDATA[https://images.gr-assets.com/books/1385556067s/3217195.jpg]]></small_image_url>
<image_url><![CDATA[https://images.gr-assets.com/books/1385556067m/3217195.jpg]]></image_url>
<num_pages>140</num_pages>
<work>
<id>3251134</id>
</work>
<isbn>2211069576</isbn>
<isbn13>9782211069571</isbn13>
<average_rating>4.19</average_rating>
<ratings_count>221</ratings_count>
<publication_year>2003</publication_year>
<publication_month>5</publication_month>
<publication_day></publication_day>
<authors>
<author>
<id>532038</id>
<name>Malika Ferdjoukh</name>
<link><![CDATA[https://www.goodreads.com/author/show/532038.Malika_Ferdjoukh]]></link>
</author>
</authors>
</book>

          <book>
<id>511689</id>
<title>Kiss</title>
<title_without_series>Kiss</title_without_series>
<link><![CDATA[https://www.goodreads.com/book/show/511689.Kiss]]></link>
<small_image_url><![CDATA[https://images.gr-assets.com/books/1320509857s/511689.jpg]]></small_image_url>
<image_url><![CDATA[https://images.gr-assets.com/books/1320509857m/511689.jpg]]></image_url>
<num_pages>247</num_pages>
<work>
<id>499674</id>
</work>
<isbn>0385610106</isbn>
<isbn13>9780385610100</isbn13>
<average_rating>3.75</average_rating>
<ratings_count>4065</ratings_count>
<publication_year>2007</publication_year>
<publication_month>11</publication_month>
<publication_day>6</publication_day>
<authors>
<author>
<id>22602</id>
<name>Jacqueline Wilson</name>
<link><![CDATA[https://www.goodreads.com/author/show/22602.Jacqueline_Wilson]]></link>
</author>
</authors>
</book>

          <book>
<id>5139218</id>
<title>Then (Once, #2)</title>
<title_without_series>Then</title_without_series>
<link><![CDATA[https://www.goodreads.com/book/show/5139218-then]]></link>
<small_image_url><![CDATA[https://s.gr-assets.com/assets/nophoto/book/50x75-a91bf249278a81aabab721ef782c4a74.png]]></small_image_url>
<image_url><![CDATA[https://s.gr-assets.com/assets/nophoto/book/111x148-bcc042a9c91a29c1d680899eff700a03.png]]></image_url>
<num_pages>184</num_pages>
<work>
<id>3330627</id>
</work>
<isbn>0141324821</isbn>
<isbn13>9780141324821</isbn13>
<average_rating>4.36</average_rating>
<ratings_count>6381</ratings_count>
<publication_year>2009</publication_year>
<publication_month>1</publication_month>
<publication_day>1</publication_day>
<authors>
<author>
<id>47260</id>
<name>Morris Gleitzman</name>
<link><![CDATA[https://www.goodreads.com/author/show/47260.Morris_Gleitzman]]></link>
</author>
</authors>
</book>

          <book>
<id>126215</id>
<title><![CDATA[In Lane Three, Alex Archer (Alex Archer, #1)]]></title>
<title_without_series>In Lane Three, Alex Archer</title_without_series>
<link><![CDATA[https://www.goodreads.com/book/show/126215.In_Lane_Three_Alex_Archer]]></link>
<small_image_url><![CDATA[https://s.gr-assets.com/assets/nophoto/book/50x75-a91bf249278a81aabab721ef782c4a74.png]]></small_image_url>
<image_url><![CDATA[https://s.gr-assets.com/assets/nophoto/book/111x148-bcc042a9c91a29c1d680899eff700a03.png]]></image_url>
<num_pages>259</num_pages>
<work>
<id>121557</id>
</work>
<isbn>0553290207</isbn>
<isbn13>9780553290202</isbn13>
<average_rating>3.92</average_rating>
<ratings_count>390</ratings_count>
<publication_year>1991</publication_year>
<publication_month>5</publication_month>
<publication_day>1</publication_day>
<authors>
<author>
<id>72550</id>
<name>Tessa Duder</name>
<link><![CDATA[https://www.goodreads.com/author/show/72550.Tessa_Duder]]></link>
</author>
</authors>
</book>

          <book>
<id>1483375</id>
<title>Refugee Boy</title>
<title_without_series>Refugee Boy</title_without_series>
<link><![CDATA[https://www.goodreads.com/book/show/1483375.Refugee_Boy]]></link>
<small_image_url><![CDATA[https://s.gr-assets.com/assets/nophoto/book/50x75-a91bf249278a81aabab721ef782c4a74.png]]></small_image_url>
<image_url><![CDATA[https://s.gr-assets.com/assets/nophoto/book/111x148-bcc042a9c91a29c1d680899eff700a03.png]]></image_url>
<num_pages>304</num_pages>
<work>
<id>1474524</id>
</work>
<isbn>0747550867</isbn>
<isbn13>9780747550860</isbn13>
<average_rating>3.74</average_rating>
<ratings_count>1288</ratings_count>
<publication_year>2001</publication_year>
<publication_month>8</publication_month>
<publication_day></publication_day>
<authors>
<author>
<id>253235</id>
<name>Benjamin Zephaniah</name>
<link><![CDATA[https://www.goodreads.com/author/show/253235.Benjamin_Zephaniah]]></link>
</author>
</authors>
</book>

          <book>
<id>306118</id>
<title>The Fire-Eaters</title>
<title_without_series>The Fire-Eaters</title_without_series>
<link><![CDATA[https://www.goodreads.com/book/show/306118.The_Fire_Eaters]]></link>
<small_image_url><![CDATA[https://s.gr-assets.com/assets/nophoto/book/50x75-a91bf249278a81aabab721ef782c4a74.png]]></small_image_url>
<image_url><![CDATA[https://s.gr-assets.com/assets/nophoto/book/111x148-bcc042a9c91a29c1d680899eff700a03.png]]></image_url>
<num_pages>224</num_pages>
<work>
<id>297104</id>
</work>
<isbn>0385731701</isbn>
<isbn13>9780385731706</isbn13>
<average_rating>3.55</average_rating>
<ratings_count>911</ratings_count>
<publication_year>2004</publication_year>
<publication_month>5</publication_month>
<publication_day>11</publication_day>
<authors>
<author>
<id>13652</id>
<name>David Almond</name>
<link><![CDATA[https://www.goodreads.com/author/show/13652.David_Almond]]></link>
</author>
</authors>
</book>

          <book>
<id>2439836</id>
<title><![CDATA[Blitz: The Diary of Edie Benson, London, 1940-1941]]></title>
<title_without_series><![CDATA[Blitz: The Diary of Edie Benson, London, 1940-1941]]></title_without_series>
<link><![CDATA[https://www.goodreads.com/book/show/2439836.Blitz]]></link>
<small_image_url><![CDATA[https://images.gr-assets.com/books/1333003996s/2439836.jpg]]></small_image_url>
<image_url><![CDATA[https://images.gr-assets.com/books/1333003996m/2439836.jpg]]></image_url>
<num_pages>160</num_pages>
<work>
<id>2447030</id>
</work>
<isbn>0439997410</isbn>
<isbn13>9780439997416</isbn13>
<average_rating>3.61</average_rating>
<ratings_count>456</ratings_count>
<publication_year>2001</publication_year>
<publication_month>4</publication_month>
<publication_day>20</publication_day>
<authors>
<author>
<id>1061107</id>
<name>Vince Cross</name>
<link><![CDATA[https://www.goodreads.com/author/show/1061107.Vince_Cross]]></link>
</author>
</authors>
</book>

          <book>
<id>82467</id>
<title>Peeling the Onion</title>
<title_without_series>Peeling the Onion</title_without_series>
<link><![CDATA[https://www.goodreads.com/book/show/82467.Peeling_the_Onion]]></link>
<small_image_url><![CDATA[https://s.gr-assets.com/assets/nophoto/book/50x75-a91bf249278a81aabab721ef782c4a74.png]]></small_image_url>
<image_url><![CDATA[https://s.gr-assets.com/assets/nophoto/book/111x148-bcc042a9c91a29c1d680899eff700a03.png]]></image_url>
<num_pages>176</num_pages>
<work>
<id>50357824</id>
</work>
<isbn>0440227739</isbn>
<isbn13>9780440227731</isbn13>
<average_rating>3.64</average_rating>
<ratings_count>837</ratings_count>
<publication_year>1999</publication_year>
<publication_month>2</publication_month>
<publication_day>9</publication_day>
<authors>
<author>
<id>47114</id>
<name>Wendy Orr</name>
<link><![CDATA[https://www.goodreads.com/author/show/47114.Wendy_Orr]]></link>
</author>
</authors>
</book>

          <book>
<id>236537</id>
<title>By the River</title>
<title_without_series>By the River</title_without_series>
<link><![CDATA[https://www.goodreads.com/book/show/236537.By_the_River]]></link>
<small_image_url><![CDATA[https://s.gr-assets.com/assets/nophoto/book/50x75-a91bf249278a81aabab721ef782c4a74.png]]></small_image_url>
<image_url><![CDATA[https://s.gr-assets.com/assets/nophoto/book/111x148-bcc042a9c91a29c1d680899eff700a03.png]]></image_url>
<num_pages>240</num_pages>
<work>
<id>229099</id>
</work>
<isbn>1932425721</isbn>
<isbn13>9781932425727</isbn13>
<average_rating>3.60</average_rating>
<ratings_count>432</ratings_count>
<publication_year>2006</publication_year>
<publication_month>5</publication_month>
<publication_day>1</publication_day>
<authors>
<author>
<id>138317</id>
<name>Steven Herrick</name>
<link><![CDATA[https://www.goodreads.com/author/show/138317.Steven_Herrick]]></link>
</author>
</authors>
</book>

          <book>
<id>13414168</id>
<title><![CDATA[Mark Reads Harry Potter and the Sorcerer's Stone]]></title>
<title_without_series><![CDATA[Mark Reads Harry Potter and the Sorcerer's Stone]]></title_without_series>
<link><![CDATA[https://www.goodreads.com/book/show/13414168-mark-reads-harry-potter-and-the-sorcerer-s-stone]]></link>
<small_image_url><![CDATA[https://s.gr-assets.com/assets/nophoto/book/50x75-a91bf249278a81aabab721ef782c4a74.png]]></small_image_url>
<image_url><![CDATA[https://s.gr-assets.com/assets/nophoto/book/111x148-bcc042a9c91a29c1d680899eff700a03.png]]></image_url>
<num_pages>160</num_pages>
<work>
<id>18707056</id>
</work>
<isbn></isbn>
<isbn13></isbn13>
<average_rating>4.50</average_rating>
<ratings_count>162</ratings_count>
<publication_year>2012</publication_year>
<publication_month>1</publication_month>
<publication_day>14</publication_day>
<authors>
<author>
<id>5183642</id>
<name>Mark Oshiro</name>
<link><![CDATA[https://www.goodreads.com/author/show/5183642.Mark_Oshiro]]></link>
</author>
</authors>
</book>

          <book>
<id>6517542</id>
<title>Out of Shadows</title>
<title_without_series>Out of Shadows</title_without_series>
<link><![CDATA[https://www.goodreads.com/book/show/6517542-out-of-shadows]]></link>
<small_image_url><![CDATA[https://images.gr-assets.com/books/1320538483s/6517542.jpg]]></small_image_url>
<image_url><![CDATA[https://images.gr-assets.com/books/1320538483m/6517542.jpg]]></image_url>
<num_pages>278</num_pages>
<work>
<id>6709397</id>
</work>
<isbn>1849390487</isbn>
<isbn13>9781849390484</isbn13>
<average_rating>3.78</average_rating>
<ratings_count>780</ratings_count>
<publication_year>2010</publication_year>
<publication_month>1</publication_month>
<publication_day>28</publication_day>
<authors>
<author>
<id>8409092</id>
<name>Jason   Wallace</name>
<link><![CDATA[https://www.goodreads.com/author/show/8409092.Jason_Wallace]]></link>
</author>
</authors>
</book>

  </similar_books>
</book>

</GoodreadsResponse>