<?xml version="1.0" encoding="UTF-8"?>
<GoodreadsResponse>
  <Request>
    <authentication>true</authentication>
      <key><![CDATA[all_men_must_serve]]></key>
    <method><![CDATA[book_show]]></method>
  </Request>
  <book>
  <id>1050383</id>
  <title><![CDATA[The Sleeping Doll (Kathryn Dance, #1)]]></title>
  <isbn><![CDATA[034083384X]]></isbn>
  <isbn13><![CDATA[9780340833841]]></isbn13>
  <asin><![CDATA[]]></asin>
  <kindle_asin><![CDATA[B002V09198]]></kindle_asin>
  <marketplace_id><![CDATA[A1F83G8C2ARO7P]]></marketplace_id>
  <country_code><![CDATA[GB]]></country_code>
  <image_url>https://s.gr-assets.com/assets/nophoto/book/111x148-bcc042a9c91a29c1d680899eff700a03.png</image_url>
  <small_image_url>https://s.gr-assets.com/assets/nophoto/book/50x75-a91bf249278a81aabab721ef782c4a74.png</small_image_url>
  <publication_year>2007</publication_year>
  <publication_month>7</publication_month>
  <publication_day>26</publication_day>
  <publisher>Hodder &amp; Stoughton</publisher>
  <language_code>eng</language_code>
  <is_ebook>false</is_ebook>
  <description><![CDATA[When Special Agent Kathryn Dance -- a brilliant interrogator and kinesics expert with the California Bureau of Investigation -- is sent to question the convicted killer Daniel "Son of Manson" Pell as a suspect in a newly unearthed crime, she feels both trepidation and electrifying intrigue. Pell is serving a life sentence for the brutal murders of the wealthy Croyton family in Carmel years earlier -- a crime mirroring those perpetrated by Charles Manson in the 1960s. But Pell and his cult members were sloppy: Not only were they apprehended, they even left behind a survivor -- the youngest of the Croyton daughters, who, because she was in bed hidden by her toys that terrible night, was dubbed the Sleeping Doll.<br /><br />But the girl never spoke about that night, nor did the crime's mastermind. Indeed, Pell has long been both reticent and unrepentant about the crime. And so with the murderer transported from the Capitola superprison to an interrogation room in the Monterey County Courthouse, Dance sees an opportunity to pry a confession from him for the recent murder -- and to learn more about the depraved mind of this career criminal who considers himself a master of control, a dark Svengali, forcing people to do what they otherwise would never conceive of doing. In an electrifying psychological jousting match, Dance calls up all her skills as an interrogator and kinesics -- body language -- expert to get to the truth behind Daniel Pell.<br /><br />But when Dance's plan goes terribly wrong and Pell escapes, leaving behind a trail of dead and injured, she finds herself in charge of her first-ever manhunt. But far from simply fleeing, Pell turns on his pursuers --and other innocents -- for reasons Dance and her colleagues can't discern. As the idyllic Monterey Peninsula is paralyzed by the elusive killer, Dance turns to the past to find the truth about what Daniel Pell is really up to. She tracks down the now teenage Sleeping Doll to learn what really happened that night, and she arranges a reunion of three women who were in his cult at the time of the killings. The lies of the past and the evasions of the present boil up under the relentless probing of Kathryn Dance, but will the truth about Daniel Pell emerge in time to stop him from killing again?]]></description>
  <work>
  <id type="integer">2209673</id>
  <books_count type="integer">59</books_count>
  <best_book_id type="integer">1050383</best_book_id>
  <reviews_count type="integer">23864</reviews_count>
  <ratings_sum type="integer">54247</ratings_sum>
  <ratings_count type="integer">13835</ratings_count>
  <text_reviews_count type="integer">859</text_reviews_count>
  <original_publication_year type="integer">2007</original_publication_year>
  <original_publication_month type="integer" nil="true"/>
  <original_publication_day type="integer" nil="true"/>
  <original_title>The Sleeping Doll</original_title>
  <original_language_id type="integer" nil="true"/>
  <media_type>book</media_type>
  <rating_dist>5:3854|4:5881|3:3402|2:549|1:149|total:13835</rating_dist>
  <desc_user_id type="integer">7946451</desc_user_id>
  <default_chaptering_book_id type="integer" nil="true"/>
  <default_description_language_code nil="true"/>
</work>
  <average_rating>3.92</average_rating>
  <num_pages><![CDATA[448]]></num_pages>
  <format><![CDATA[Paperback]]></format>
  <edition_information><![CDATA[]]></edition_information>
  <ratings_count><![CDATA[11901]]></ratings_count>
  <text_reviews_count><![CDATA[604]]></text_reviews_count>
  <url><![CDATA[https://www.goodreads.com/book/show/1050383.The_Sleeping_Doll]]></url>
  <link><![CDATA[https://www.goodreads.com/book/show/1050383.The_Sleeping_Doll]]></link>
  <authors>
<author>
<id>1612</id>
<name>Jeffery Deaver</name>
<role></role>
<image_url nophoto='false'>
<![CDATA[https://images.gr-assets.com/authors/1305944481p5/1612.jpg]]>
</image_url>
<small_image_url nophoto='false'>
<![CDATA[https://images.gr-assets.com/authors/1305944481p2/1612.jpg]]>
</small_image_url>
<link><![CDATA[https://www.goodreads.com/author/show/1612.Jeffery_Deaver]]></link>
<average_rating>4.00</average_rating>
<ratings_count>431643</ratings_count>
<text_reviews_count>22783</text_reviews_count>
</author>
</authors>

    <reviews_widget>
      <![CDATA[
        <style>
  #goodreads-widget {
    font-family: georgia, serif;
    padding: 18px 0;
    width:565px;
  }
  #goodreads-widget h1 {
    font-weight:normal;
    font-size: 16px;
    border-bottom: 1px solid #BBB596;
    margin-bottom: 0;
  }
  #goodreads-widget a {
    text-decoration: none;
    color:#660;
  }
  iframe{
    background-color: #fff;
  }
  #goodreads-widget a:hover { text-decoration: underline; }
  #goodreads-widget a:active {
    color:#660;
  }
  #gr_footer {
    width: 100%;
    border-top: 1px solid #BBB596;
    text-align: right;
  }
  #goodreads-widget .gr_branding{
    color: #382110;
    font-size: 11px;
    text-decoration: none;
    font-family: "Helvetica Neue", Helvetica, Arial, sans-serif;
  }
</style>
<div id="goodreads-widget">
  <div id="gr_header"><h1><a rel="nofollow" href="https://www.goodreads.com/book/show/1050383.The_Sleeping_Doll">The Sleeping Doll Reviews</a></h1></div>
  <iframe id="the_iframe" src="https://www.goodreads.com/api/reviews_widget_iframe?did=DEVELOPER_ID&amp;format=html&amp;isbn=034083384X&amp;links=660&amp;min_rating=&amp;review_back=fff&amp;stars=000&amp;text=000" width="565" height="400" frameborder="0"></iframe>
  <div id="gr_footer">
    <a class="gr_branding" target="_blank" rel="nofollow" href="https://www.goodreads.com/book/show/1050383.The_Sleeping_Doll?utm_medium=api&amp;utm_source=reviews_widget">Reviews from Goodreads.com</a>
  </div>
</div>

      ]]>
    </reviews_widget>
  <popular_shelves>
      <shelf name="to-read" count="6797"/>
      <shelf name="mystery" count="236"/>
      <shelf name="currently-reading" count="205"/>
      <shelf name="thriller" count="172"/>
      <shelf name="fiction" count="145"/>
      <shelf name="crime" count="133"/>
      <shelf name="jeffery-deaver" count="113"/>
      <shelf name="default" count="78"/>
      <shelf name="owned" count="62"/>
      <shelf name="series" count="62"/>
      <shelf name="mystery-thriller" count="51"/>
      <shelf name="suspense" count="51"/>
      <shelf name="deaver" count="46"/>
      <shelf name="books-i-own" count="45"/>
      <shelf name="jeffrey-deaver" count="36"/>
      <shelf name="mysteries" count="36"/>
      <shelf name="kathryn-dance" count="31"/>
      <shelf name="thrillers" count="30"/>
      <shelf name="mystery-suspense" count="29"/>
      <shelf name="library" count="27"/>
      <shelf name="crime-thriller" count="23"/>
      <shelf name="audiobook" count="22"/>
      <shelf name="detective" count="21"/>
      <shelf name="audio" count="21"/>
      <shelf name="deaver-jeffery" count="20"/>
      <shelf name="favorites" count="20"/>
      <shelf name="audible" count="19"/>
      <shelf name="suspense-thriller" count="18"/>
      <shelf name="owned-books" count="15"/>
      <shelf name="audiobooks" count="15"/>
      <shelf name="crime-fiction" count="15"/>
      <shelf name="murder-mystery" count="12"/>
      <shelf name="have" count="11"/>
      <shelf name="i-own" count="11"/>
      <shelf name="audio-book" count="11"/>
      <shelf name="audio-books" count="11"/>
      <shelf name="first-in-series" count="11"/>
      <shelf name="my-books" count="10"/>
      <shelf name="kindle" count="10"/>
      <shelf name="crime-mystery" count="10"/>
      <shelf name="to-buy" count="10"/>
      <shelf name="adult" count="10"/>
      <shelf name="murder" count="9"/>
      <shelf name="ebook" count="9"/>
      <shelf name="thriller-suspense" count="9"/>
      <shelf name="mystery-crime" count="9"/>
      <shelf name="mystery-suspense-thriller" count="8"/>
      <shelf name="california" count="8"/>
      <shelf name="e-books" count="8"/>
      <shelf name="kathryn-dance-series" count="8"/>
      <shelf name="mystery-thriller-suspense" count="8"/>
      <shelf name="tbr" count="7"/>
      <shelf name="deaver-jeffrey" count="7"/>
      <shelf name="paperback" count="7"/>
      <shelf name="ebooks" count="7"/>
      <shelf name="abandoned" count="7"/>
      <shelf name="library-book" count="7"/>
      <shelf name="wish-list" count="7"/>
      <shelf name="mystery-thrillers" count="7"/>
      <shelf name="books" count="6"/>
      <shelf name="home-library" count="6"/>
      <shelf name="e-book" count="6"/>
      <shelf name="read-in-2013" count="6"/>
      <shelf name="finished" count="6"/>
      <shelf name="calibre" count="6"/>
      <shelf name="my-library" count="6"/>
      <shelf name="english" count="6"/>
      <shelf name="adult-fiction" count="6"/>
      <shelf name="crime-thrillers" count="6"/>
      <shelf name="detectives" count="5"/>
      <shelf name="series-books" count="5"/>
      <shelf name="hardcover" count="5"/>
      <shelf name="home" count="5"/>
      <shelf name="female-detectives" count="5"/>
      <shelf name="novel" count="5"/>
      <shelf name="read-in-2012" count="5"/>
      <shelf name="favourites" count="5"/>
      <shelf name="forensic" count="5"/>
      <shelf name="police" count="5"/>
      <shelf name="police-procedural" count="5"/>
      <shelf name="borrowed" count="5"/>
      <shelf name="crime-mystery-thriller" count="5"/>
      <shelf name="bookshelf" count="4"/>
      <shelf name="jefferey-deaver" count="4"/>
      <shelf name="psychology" count="4"/>
      <shelf name="unread" count="4"/>
      <shelf name="not-read" count="4"/>
      <shelf name="other" count="4"/>
      <shelf name="have-read" count="4"/>
      <shelf name="read-in-2014" count="4"/>
      <shelf name="d" count="4"/>
      <shelf name="novels" count="4"/>
      <shelf name="contemporary" count="4"/>
      <shelf name="mystery-detective" count="4"/>
      <shelf name="didn-t-finish" count="4"/>
      <shelf name="thriller-mystery" count="4"/>
      <shelf name="mystery-series" count="4"/>
      <shelf name="1st-in-series" count="4"/>
      <shelf name="crime-and-mystery" count="4"/>
      <shelf name="dance" count="4"/>
  </popular_shelves>
  <book_links>
    <book_link>
  <id>8</id>
  <name>Libraries</name>
  <link>https://www.goodreads.com/book_link/follow/8</link>
</book_link>

  </book_links>
  <buy_links>
    <buy_link>
<id>1</id>
<name>Amazon</name>
<link>https://www.goodreads.com/book_link/follow/1</link>
</buy_link>
<buy_link>
<id>10</id>
<name>Audible</name>
<link>https://www.goodreads.com/book_link/follow/10</link>
</buy_link>
<buy_link>
<id>3</id>
<name>Barnes &amp; Noble</name>
<link>https://www.goodreads.com/book_link/follow/3</link>
</buy_link>
<buy_link>
<id>1027</id>
<name>Kobo</name>
<link>https://www.goodreads.com/book_link/follow/1027</link>
</buy_link>
<buy_link>
<id>2102</id>
<name>Apple iBooks</name>
<link>https://www.goodreads.com/book_link/follow/2102</link>
</buy_link>
<buy_link>
<id>8036</id>
<name>Google Play</name>
<link>https://www.goodreads.com/book_link/follow/8036</link>
</buy_link>
<buy_link>
<id>4</id>
<name>Abebooks</name>
<link>https://www.goodreads.com/book_link/follow/4</link>
</buy_link>
<buy_link>
<id>882</id>
<name>Book Depository</name>
<link>https://www.goodreads.com/book_link/follow/882</link>
</buy_link>
<buy_link>
<id>9</id>
<name>Indigo</name>
<link>https://www.goodreads.com/book_link/follow/9</link>
</buy_link>
<buy_link>
<id>2</id>
<name>Half.com</name>
<link>https://www.goodreads.com/book_link/follow/2</link>
</buy_link>
<buy_link>
<id>5</id>
<name>Alibris</name>
<link>https://www.goodreads.com/book_link/follow/5</link>
</buy_link>
<buy_link>
<id>107</id>
<name>Better World Books</name>
<link>https://www.goodreads.com/book_link/follow/107</link>
</buy_link>
<buy_link>
<id>7</id>
<name>IndieBound</name>
<link>https://www.goodreads.com/book_link/follow/7</link>
</buy_link>

  </buy_links>
  <series_works>
    <series_work>
<id>161233</id>
<user_position>1</user_position>
<series>
<id>45016</id>
<title>
<![CDATA[
    Kathryn Dance
]]>
</title>
<description>
<![CDATA[
    Kathryn Dance, an investigator with the California Bureau of Investigation:
]]>
</description>
<note>
<![CDATA[
]]>
</note>
<series_works_count>5</series_works_count>
<primary_work_count>4</primary_work_count>
<numbered>true</numbered>
</series>

</series_work>
<series_work>
<id>1033263</id>
<user_position>8</user_position>
<series>
<id>201487</id>
<title>
<![CDATA[
    Lincoln Rhyme & Kathryn Dance
]]>
</title>
<description>
<![CDATA[
    Reading order for those following both series since Kathryn Dance appears in both.
]]>
</description>
<note>
<![CDATA[
]]>
</note>
<series_works_count>17</series_works_count>
<primary_work_count>17</primary_work_count>
<numbered>true</numbered>
</series>

</series_work>

  </series_works>
  <similar_books>
          <book>
<id>2239881</id>
<title><![CDATA[A Cold Dark Place (Emily Kenyon, #1)]]></title>
<title_without_series>A Cold Dark Place</title_without_series>
<link><![CDATA[https://www.goodreads.com/book/show/2239881.A_Cold_Dark_Place]]></link>
<small_image_url><![CDATA[https://s.gr-assets.com/assets/nophoto/book/50x75-a91bf249278a81aabab721ef782c4a74.png]]></small_image_url>
<image_url><![CDATA[https://s.gr-assets.com/assets/nophoto/book/111x148-bcc042a9c91a29c1d680899eff700a03.png]]></image_url>
<num_pages></num_pages>
<work>
<id>2245729</id>
</work>
<isbn>0786018305</isbn>
<isbn13>9780786018307</isbn13>
<average_rating>3.71</average_rating>
<ratings_count>1324</ratings_count>
<publication_year></publication_year>
<publication_month></publication_month>
<publication_day></publication_day>
<authors>
<author>
<id>15035</id>
<name>Gregg Olsen</name>
<link><![CDATA[https://www.goodreads.com/author/show/15035.Gregg_Olsen]]></link>
</author>
</authors>
</book>

          <book>
<id>8741</id>
<title><![CDATA[The Last Temptation (Tony Hill & Carol Jordan, #3)]]></title>
<title_without_series>The Last Temptation</title_without_series>
<link><![CDATA[https://www.goodreads.com/book/show/8741.The_Last_Temptation]]></link>
<small_image_url><![CDATA[https://s.gr-assets.com/assets/nophoto/book/50x75-a91bf249278a81aabab721ef782c4a74.png]]></small_image_url>
<image_url><![CDATA[https://s.gr-assets.com/assets/nophoto/book/111x148-bcc042a9c91a29c1d680899eff700a03.png]]></image_url>
<num_pages>496</num_pages>
<work>
<id>2879372</id>
</work>
<isbn>0312936915</isbn>
<isbn13>9780312936914</isbn13>
<average_rating>4.00</average_rating>
<ratings_count>5110</ratings_count>
<publication_year>2005</publication_year>
<publication_month>3</publication_month>
<publication_day>1</publication_day>
<authors>
<author>
<id>5672</id>
<name>Val McDermid</name>
<link><![CDATA[https://www.goodreads.com/author/show/5672.Val_McDermid]]></link>
</author>
</authors>
</book>

          <book>
<id>317697</id>
<title><![CDATA[The Missing (Darby McCormick #1)]]></title>
<title_without_series>The Missing</title_without_series>
<link><![CDATA[https://www.goodreads.com/book/show/317697.The_Missing]]></link>
<small_image_url><![CDATA[https://s.gr-assets.com/assets/nophoto/book/50x75-a91bf249278a81aabab721ef782c4a74.png]]></small_image_url>
<image_url><![CDATA[https://s.gr-assets.com/assets/nophoto/book/111x148-bcc042a9c91a29c1d680899eff700a03.png]]></image_url>
<num_pages>368</num_pages>
<work>
<id>1169063</id>
</work>
<isbn>0743463803</isbn>
<isbn13>9780743463805</isbn13>
<average_rating>3.88</average_rating>
<ratings_count>2922</ratings_count>
<publication_year>2007</publication_year>
<publication_month>3</publication_month>
<publication_day>20</publication_day>
<authors>
<author>
<id>4357695</id>
<name>Chris Mooney</name>
<link><![CDATA[https://www.goodreads.com/author/show/4357695.Chris_Mooney]]></link>
</author>
</authors>
</book>

          <book>
<id>143708</id>
<title><![CDATA[The First Cut (Nan Vining Mysteries, #1)]]></title>
<title_without_series>The First Cut</title_without_series>
<link><![CDATA[https://www.goodreads.com/book/show/143708.The_First_Cut]]></link>
<small_image_url><![CDATA[https://s.gr-assets.com/assets/nophoto/book/50x75-a91bf249278a81aabab721ef782c4a74.png]]></small_image_url>
<image_url><![CDATA[https://s.gr-assets.com/assets/nophoto/book/111x148-bcc042a9c91a29c1d680899eff700a03.png]]></image_url>
<num_pages>352</num_pages>
<work>
<id>138632</id>
</work>
<isbn>034548617X</isbn>
<isbn13>9780345486172</isbn13>
<average_rating>3.69</average_rating>
<ratings_count>526</ratings_count>
<publication_year>2006</publication_year>
<publication_month>8</publication_month>
<publication_day>29</publication_day>
<authors>
<author>
<id>83073</id>
<name>Dianne Emley</name>
<link><![CDATA[https://www.goodreads.com/author/show/83073.Dianne_Emley]]></link>
</author>
</authors>
</book>

          <book>
<id>127219</id>
<title><![CDATA[Obsession (Alex Delaware, #21)]]></title>
<title_without_series>Obsession</title_without_series>
<link><![CDATA[https://www.goodreads.com/book/show/127219.Obsession]]></link>
<small_image_url><![CDATA[https://s.gr-assets.com/assets/nophoto/book/50x75-a91bf249278a81aabab721ef782c4a74.png]]></small_image_url>
<image_url><![CDATA[https://s.gr-assets.com/assets/nophoto/book/111x148-bcc042a9c91a29c1d680899eff700a03.png]]></image_url>
<num_pages>347</num_pages>
<work>
<id>1520366</id>
</work>
<isbn>0345452631</isbn>
<isbn13>9780345452634</isbn13>
<average_rating>3.81</average_rating>
<ratings_count>8515</ratings_count>
<publication_year>2007</publication_year>
<publication_month>3</publication_month>
<publication_day>27</publication_day>
<authors>
<author>
<id>43626</id>
<name>Jonathan Kellerman</name>
<link><![CDATA[https://www.goodreads.com/author/show/43626.Jonathan_Kellerman]]></link>
</author>
</authors>
</book>

          <book>
<id>43682</id>
<title><![CDATA[The Death Collectors (Carson Ryder, #2)]]></title>
<title_without_series>The Death Collectors</title_without_series>
<link><![CDATA[https://www.goodreads.com/book/show/43682.The_Death_Collectors]]></link>
<small_image_url><![CDATA[https://s.gr-assets.com/assets/nophoto/book/50x75-a91bf249278a81aabab721ef782c4a74.png]]></small_image_url>
<image_url><![CDATA[https://s.gr-assets.com/assets/nophoto/book/111x148-bcc042a9c91a29c1d680899eff700a03.png]]></image_url>
<num_pages>400</num_pages>
<work>
<id>1208344</id>
</work>
<isbn>0451218299</isbn>
<isbn13>9780451218292</isbn13>
<average_rating>3.92</average_rating>
<ratings_count>1218</ratings_count>
<publication_year>2006</publication_year>
<publication_month>5</publication_month>
<publication_day>2</publication_day>
<authors>
<author>
<id>24582</id>
<name>Jack Kerley</name>
<link><![CDATA[https://www.goodreads.com/author/show/24582.Jack_Kerley]]></link>
</author>
</authors>
</book>

          <book>
<id>644676</id>
<title>Second Shot (Charlie Fox, #6)</title>
<title_without_series>Second Shot</title_without_series>
<link><![CDATA[https://www.goodreads.com/book/show/644676.Second_Shot]]></link>
<small_image_url><![CDATA[https://images.gr-assets.com/books/1311987986s/644676.jpg]]></small_image_url>
<image_url><![CDATA[https://images.gr-assets.com/books/1311987986m/644676.jpg]]></image_url>
<num_pages>288</num_pages>
<work>
<id>630839</id>
</work>
<isbn>0312358954</isbn>
<isbn13>9780312358952</isbn13>
<average_rating>4.09</average_rating>
<ratings_count>621</ratings_count>
<publication_year>2007</publication_year>
<publication_month>9</publication_month>
<publication_day>4</publication_day>
<authors>
<author>
<id>2404</id>
<name>Zoë Sharp</name>
<link><![CDATA[https://www.goodreads.com/author/show/2404.Zo_Sharp]]></link>
</author>
</authors>
</book>

          <book>
<id>583315</id>
<title>The Program (Tim Rackley, #2)</title>
<title_without_series>The Program</title_without_series>
<link><![CDATA[https://www.goodreads.com/book/show/583315.The_Program]]></link>
<small_image_url><![CDATA[https://s.gr-assets.com/assets/nophoto/book/50x75-a91bf249278a81aabab721ef782c4a74.png]]></small_image_url>
<image_url><![CDATA[https://s.gr-assets.com/assets/nophoto/book/111x148-bcc042a9c91a29c1d680899eff700a03.png]]></image_url>
<num_pages></num_pages>
<work>
<id>570175</id>
</work>
<isbn>0060530413</isbn>
<isbn13>9780060530419</isbn13>
<average_rating>4.01</average_rating>
<ratings_count>1159</ratings_count>
<publication_year></publication_year>
<publication_month></publication_month>
<publication_day></publication_day>
<authors>
<author>
<id>82570</id>
<name>Gregg Hurwitz</name>
<link><![CDATA[https://www.goodreads.com/author/show/82570.Gregg_Hurwitz]]></link>
</author>
</authors>
</book>

          <book>
<id>143691</id>
<title><![CDATA[Shadow Man (Smoky Barrett, #1)]]></title>
<title_without_series>Shadow Man</title_without_series>
<link><![CDATA[https://www.goodreads.com/book/show/143691.Shadow_Man]]></link>
<small_image_url><![CDATA[https://s.gr-assets.com/assets/nophoto/book/50x75-a91bf249278a81aabab721ef782c4a74.png]]></small_image_url>
<image_url><![CDATA[https://s.gr-assets.com/assets/nophoto/book/111x148-bcc042a9c91a29c1d680899eff700a03.png]]></image_url>
<num_pages></num_pages>
<work>
<id>888608</id>
</work>
<isbn>0553589938</isbn>
<isbn13>9780553589931</isbn13>
<average_rating>4.13</average_rating>
<ratings_count>8783</ratings_count>
<publication_year></publication_year>
<publication_month></publication_month>
<publication_day></publication_day>
<authors>
<author>
<id>83056</id>
<name>Cody McFadyen</name>
<link><![CDATA[https://www.goodreads.com/author/show/83056.Cody_McFadyen]]></link>
</author>
</authors>
</book>

          <book>
<id>446749</id>
<title>Denial (Frank Clevenger, #1)</title>
<title_without_series>Denial</title_without_series>
<link><![CDATA[https://www.goodreads.com/book/show/446749.Denial]]></link>
<small_image_url><![CDATA[https://images.gr-assets.com/books/1316125389s/446749.jpg]]></small_image_url>
<image_url><![CDATA[https://images.gr-assets.com/books/1316125389m/446749.jpg]]></image_url>
<num_pages></num_pages>
<work>
<id>435448</id>
</work>
<isbn>0312965966</isbn>
<isbn13>9780312965969</isbn13>
<average_rating>3.73</average_rating>
<ratings_count>912</ratings_count>
<publication_year></publication_year>
<publication_month></publication_month>
<publication_day></publication_day>
<authors>
<author>
<id>213878</id>
<name>Keith Ablow</name>
<link><![CDATA[https://www.goodreads.com/author/show/213878.Keith_Ablow]]></link>
</author>
</authors>
</book>

          <book>
<id>2653622</id>
<title><![CDATA[The Keepsake (Rizzoli & Isles, #7)]]></title>
<title_without_series>The Keepsake</title_without_series>
<link><![CDATA[https://www.goodreads.com/book/show/2653622-the-keepsake]]></link>
<small_image_url><![CDATA[https://images.gr-assets.com/books/1320502170s/2653622.jpg]]></small_image_url>
<image_url><![CDATA[https://images.gr-assets.com/books/1320502170m/2653622.jpg]]></image_url>
<num_pages>349</num_pages>
<work>
<id>2435685</id>
</work>
<isbn>0345497627</isbn>
<isbn13>9780345497628</isbn13>
<average_rating>4.09</average_rating>
<ratings_count>26342</ratings_count>
<publication_year></publication_year>
<publication_month></publication_month>
<publication_day></publication_day>
<authors>
<author>
<id>18149</id>
<name>Tess Gerritsen</name>
<link><![CDATA[https://www.goodreads.com/author/show/18149.Tess_Gerritsen]]></link>
</author>
</authors>
</book>

          <book>
<id>482889</id>
<title>Sleepyhead (Tom Thorne, #1)</title>
<title_without_series>Sleepyhead</title_without_series>
<link><![CDATA[https://www.goodreads.com/book/show/482889.Sleepyhead]]></link>
<small_image_url><![CDATA[https://images.gr-assets.com/books/1337889397s/482889.jpg]]></small_image_url>
<image_url><![CDATA[https://images.gr-assets.com/books/1337889397m/482889.jpg]]></image_url>
<num_pages>432</num_pages>
<work>
<id>2284096</id>
</work>
<isbn>0061032212</isbn>
<isbn13>9780061032219</isbn13>
<average_rating>3.83</average_rating>
<ratings_count>9777</ratings_count>
<publication_year>2003</publication_year>
<publication_month>5</publication_month>
<publication_day>1</publication_day>
<authors>
<author>
<id>142411</id>
<name>Mark Billingham</name>
<link><![CDATA[https://www.goodreads.com/author/show/142411.Mark_Billingham]]></link>
</author>
</authors>
</book>

          <book>
<id>6740219</id>
<title><![CDATA[The Bone Thief (Body Farm, #5)]]></title>
<title_without_series>The Bone Thief</title_without_series>
<link><![CDATA[https://www.goodreads.com/book/show/6740219-the-bone-thief]]></link>
<small_image_url><![CDATA[https://images.gr-assets.com/books/1366336577s/6740219.jpg]]></small_image_url>
<image_url><![CDATA[https://images.gr-assets.com/books/1366336577m/6740219.jpg]]></image_url>
<num_pages>356</num_pages>
<work>
<id>6936542</id>
</work>
<isbn>0061284769</isbn>
<isbn13>9780061284762</isbn13>
<average_rating>4.03</average_rating>
<ratings_count>3964</ratings_count>
<publication_year>2010</publication_year>
<publication_month>3</publication_month>
<publication_day>23</publication_day>
<authors>
<author>
<id>2747568</id>
<name>Jefferson Bass</name>
<link><![CDATA[https://www.goodreads.com/author/show/2747568.Jefferson_Bass]]></link>
</author>
</authors>
</book>

          <book>
<id>6348514</id>
<title><![CDATA[The Cold Room (Taylor Jackson, #4)]]></title>
<title_without_series>The Cold Room</title_without_series>
<link><![CDATA[https://www.goodreads.com/book/show/6348514-the-cold-room]]></link>
<small_image_url><![CDATA[https://s.gr-assets.com/assets/nophoto/book/50x75-a91bf249278a81aabab721ef782c4a74.png]]></small_image_url>
<image_url><![CDATA[https://s.gr-assets.com/assets/nophoto/book/111x148-bcc042a9c91a29c1d680899eff700a03.png]]></image_url>
<num_pages></num_pages>
<work>
<id>19205499</id>
</work>
<isbn>0778327140</isbn>
<isbn13>9780778327141</isbn13>
<average_rating>4.15</average_rating>
<ratings_count>2151</ratings_count>
<publication_year></publication_year>
<publication_month></publication_month>
<publication_day></publication_day>
<authors>
<author>
<id>1311949</id>
<name>J.T. Ellison</name>
<link><![CDATA[https://www.goodreads.com/author/show/1311949.J_T_Ellison]]></link>
</author>
</authors>
</book>

          <book>
<id>1032348</id>
<title><![CDATA[The Jasmine Trade (Eve Diamond Mystery, #1)]]></title>
<title_without_series>The Jasmine Trade</title_without_series>
<link><![CDATA[https://www.goodreads.com/book/show/1032348.The_Jasmine_Trade]]></link>
<small_image_url><![CDATA[https://s.gr-assets.com/assets/nophoto/book/50x75-a91bf249278a81aabab721ef782c4a74.png]]></small_image_url>
<image_url><![CDATA[https://s.gr-assets.com/assets/nophoto/book/111x148-bcc042a9c91a29c1d680899eff700a03.png]]></image_url>
<num_pages></num_pages>
<work>
<id>1571529</id>
</work>
<isbn>0786015233</isbn>
<isbn13>9780786015238</isbn13>
<average_rating>3.61</average_rating>
<ratings_count>397</ratings_count>
<publication_year></publication_year>
<publication_month></publication_month>
<publication_day></publication_day>
<authors>
<author>
<id>146950</id>
<name>Denise Hamilton</name>
<link><![CDATA[https://www.goodreads.com/author/show/146950.Denise_Hamilton]]></link>
</author>
</authors>
</book>

          <book>
<id>87292</id>
<title><![CDATA[The Tin Collectors (Shane Scully, #1)]]></title>
<title_without_series>The Tin Collectors</title_without_series>
<link><![CDATA[https://www.goodreads.com/book/show/87292.The_Tin_Collectors]]></link>
<small_image_url><![CDATA[https://s.gr-assets.com/assets/nophoto/book/50x75-a91bf249278a81aabab721ef782c4a74.png]]></small_image_url>
<image_url><![CDATA[https://s.gr-assets.com/assets/nophoto/book/111x148-bcc042a9c91a29c1d680899eff700a03.png]]></image_url>
<num_pages>370</num_pages>
<work>
<id>1566620</id>
</work>
<isbn>0312979517</isbn>
<isbn13>9780312979515</isbn13>
<average_rating>3.92</average_rating>
<ratings_count>1948</ratings_count>
<publication_year>2002</publication_year>
<publication_month>1</publication_month>
<publication_day>7</publication_day>
<authors>
<author>
<id>12469</id>
<name>Stephen J. Cannell</name>
<link><![CDATA[https://www.goodreads.com/author/show/12469.Stephen_J_Cannell]]></link>
</author>
</authors>
</book>

          <book>
<id>36190</id>
<title>Whirlpool</title>
<title_without_series>Whirlpool</title_without_series>
<link><![CDATA[https://www.goodreads.com/book/show/36190.Whirlpool]]></link>
<small_image_url><![CDATA[https://s.gr-assets.com/assets/nophoto/book/50x75-a91bf249278a81aabab721ef782c4a74.png]]></small_image_url>
<image_url><![CDATA[https://s.gr-assets.com/assets/nophoto/book/111x148-bcc042a9c91a29c1d680899eff700a03.png]]></image_url>
<num_pages>448</num_pages>
<work>
<id>6767895</id>
</work>
<isbn>0060511133</isbn>
<isbn13>9780060511135</isbn13>
<average_rating>3.74</average_rating>
<ratings_count>1113</ratings_count>
<publication_year>2006</publication_year>
<publication_month>10</publication_month>
<publication_day>31</publication_day>
<authors>
<author>
<id>19051</id>
<name>Elizabeth Lowell</name>
<link><![CDATA[https://www.goodreads.com/author/show/19051.Elizabeth_Lowell]]></link>
</author>
</authors>
</book>

          <book>
<id>2967316</id>
<title>The Devil&apos;s Punchbowl</title>
<title_without_series>The Devil&apos;s Punchbowl</title_without_series>
<link><![CDATA[https://www.goodreads.com/book/show/2967316-the-devil-s-punchbowl]]></link>
<small_image_url><![CDATA[https://s.gr-assets.com/assets/nophoto/book/50x75-a91bf249278a81aabab721ef782c4a74.png]]></small_image_url>
<image_url><![CDATA[https://s.gr-assets.com/assets/nophoto/book/111x148-bcc042a9c91a29c1d680899eff700a03.png]]></image_url>
<num_pages>580</num_pages>
<work>
<id>2996853</id>
</work>
<isbn>0743292511</isbn>
<isbn13>9780743292511</isbn13>
<average_rating>4.05</average_rating>
<ratings_count>13066</ratings_count>
<publication_year>2009</publication_year>
<publication_month>7</publication_month>
<publication_day>7</publication_day>
<authors>
<author>
<id>19696</id>
<name>Greg Iles</name>
<link><![CDATA[https://www.goodreads.com/author/show/19696.Greg_Iles]]></link>
</author>
</authors>
</book>

  </similar_books>
</book>

</GoodreadsResponse>