<?xml version="1.0" encoding="UTF-8"?>
<GoodreadsResponse>
  <Request>
    <authentication>true</authentication>
      <key><![CDATA[all_men_must_serve]]></key>
    <method><![CDATA[book_show]]></method>
  </Request>
  <book>
  <id>105548</id>
  <title><![CDATA[The Foot Book: Dr. Seuss's Wacky Book of Opposites (Bright and Early Board Books)]]></title>
  <isbn><![CDATA[0679882804]]></isbn>
  <isbn13><![CDATA[9780679882800]]></isbn13>
  <asin><![CDATA[]]></asin>
  <kindle_asin><![CDATA[]]></kindle_asin>
  <marketplace_id><![CDATA[]]></marketplace_id>
  <country_code><![CDATA[GB]]></country_code>
  <image_url>https://s.gr-assets.com/assets/nophoto/book/111x148-bcc042a9c91a29c1d680899eff700a03.png</image_url>
  <small_image_url>https://s.gr-assets.com/assets/nophoto/book/50x75-a91bf249278a81aabab721ef782c4a74.png</small_image_url>
  <publication_year></publication_year>
  <publication_month></publication_month>
  <publication_day></publication_day>
  <publisher></publisher>
  <language_code>eng</language_code>
  <is_ebook>false</is_ebook>
  <description><![CDATA[A toe-tapper babies will love--the classic Seussian book about opposites: "Wet foot, dry foot. Low foot, high foot..."  <br /><br />This Little Book is an adaptation of the original book The Foot Book published by Random House in 1963.]]></description>
  <work>
  <id type="integer">519772</id>
  <books_count type="integer">26</books_count>
  <best_book_id type="integer">105548</best_book_id>
  <reviews_count type="integer">32383</reviews_count>
  <ratings_sum type="integer">92859</ratings_sum>
  <ratings_count type="integer">23273</ratings_count>
  <text_reviews_count type="integer">761</text_reviews_count>
  <original_publication_year type="integer">1968</original_publication_year>
  <original_publication_month type="integer" nil="true"/>
  <original_publication_day type="integer" nil="true"/>
  <original_title>The Foot Book: Dr. Seuss's Wacky Book of Opposites (Bright &amp; Early Board Books)</original_title>
  <original_language_id type="integer" nil="true"/>
  <media_type>book</media_type>
  <rating_dist>5:9628|4:6006|3:5817|2:1422|1:400|total:23273</rating_dist>
  <desc_user_id type="integer" nil="true"/>
  <default_chaptering_book_id type="integer" nil="true"/>
  <default_description_language_code nil="true"/>
</work>
  <average_rating>3.99</average_rating>
  <num_pages><![CDATA[]]></num_pages>
  <format><![CDATA[]]></format>
  <edition_information><![CDATA[]]></edition_information>
  <ratings_count><![CDATA[22273]]></ratings_count>
  <text_reviews_count><![CDATA[663]]></text_reviews_count>
  <url><![CDATA[https://www.goodreads.com/book/show/105548.The_Foot_Book]]></url>
  <link><![CDATA[https://www.goodreads.com/book/show/105548.The_Foot_Book]]></link>
  <authors>
<author>
<id>61105</id>
<name>Dr. Seuss</name>
<role></role>
<image_url nophoto='false'>
<![CDATA[https://images.gr-assets.com/authors/1193930952p5/61105.jpg]]>
</image_url>
<small_image_url nophoto='false'>
<![CDATA[https://images.gr-assets.com/authors/1193930952p2/61105.jpg]]>
</small_image_url>
<link><![CDATA[https://www.goodreads.com/author/show/61105.Dr_Seuss]]></link>
<average_rating>4.24</average_rating>
<ratings_count>2462814</ratings_count>
<text_reviews_count>42352</text_reviews_count>
</author>
</authors>

    <reviews_widget>
      <![CDATA[
        <style>
  #goodreads-widget {
    font-family: georgia, serif;
    padding: 18px 0;
    width:565px;
  }
  #goodreads-widget h1 {
    font-weight:normal;
    font-size: 16px;
    border-bottom: 1px solid #BBB596;
    margin-bottom: 0;
  }
  #goodreads-widget a {
    text-decoration: none;
    color:#660;
  }
  iframe{
    background-color: #fff;
  }
  #goodreads-widget a:hover { text-decoration: underline; }
  #goodreads-widget a:active {
    color:#660;
  }
  #gr_footer {
    width: 100%;
    border-top: 1px solid #BBB596;
    text-align: right;
  }
  #goodreads-widget .gr_branding{
    color: #382110;
    font-size: 11px;
    text-decoration: none;
    font-family: "Helvetica Neue", Helvetica, Arial, sans-serif;
  }
</style>
<div id="goodreads-widget">
  <div id="gr_header"><h1><a rel="nofollow" href="https://www.goodreads.com/book/show/105548.The_Foot_Book">The Foot Book Reviews</a></h1></div>
  <iframe id="the_iframe" src="https://www.goodreads.com/api/reviews_widget_iframe?did=DEVELOPER_ID&amp;format=html&amp;isbn=0679882804&amp;links=660&amp;min_rating=&amp;review_back=fff&amp;stars=000&amp;text=000" width="565" height="400" frameborder="0"></iframe>
  <div id="gr_footer">
    <a class="gr_branding" target="_blank" rel="nofollow" href="https://www.goodreads.com/book/show/105548.The_Foot_Book?utm_medium=api&amp;utm_source=reviews_widget">Reviews from Goodreads.com</a>
  </div>
</div>

      ]]>
    </reviews_widget>
  <popular_shelves>
      <shelf name="children-s" count="227"/>
      <shelf name="to-read" count="190"/>
      <shelf name="childrens-books" count="148"/>
      <shelf name="kids-books" count="120"/>
      <shelf name="currently-reading" count="85"/>
      <shelf name="owned" count="63"/>
      <shelf name="classics" count="62"/>
      <shelf name="books-i-own" count="56"/>
      <shelf name="poetry" count="53"/>
      <shelf name="favorites" count="47"/>
      <shelf name="rhyming" count="41"/>
      <shelf name="children-s-literature" count="38"/>
      <shelf name="kid-books" count="37"/>
      <shelf name="childhood-favorites" count="35"/>
      <shelf name="default" count="34"/>
      <shelf name="childhood-books" count="33"/>
      <shelf name="children-s-lit" count="30"/>
      <shelf name="dr-suess" count="29"/>
      <shelf name="humor" count="28"/>
      <shelf name="opposites" count="26"/>
      <shelf name="dr--seuss" count="26"/>
      <shelf name="seuss" count="23"/>
      <shelf name="children-s-picture-books" count="23"/>
      <shelf name="classic" count="22"/>
      <shelf name="easy-reader" count="21"/>
      <shelf name="preschool" count="21"/>
      <shelf name="board-books" count="21"/>
      <shelf name="fantasy" count="20"/>
      <shelf name="library" count="18"/>
      <shelf name="children-s-book" count="18"/>
      <shelf name="childrens" count="17"/>
      <shelf name="picture-books" count="17"/>
      <shelf name="picture" count="17"/>
      <shelf name="kid-s-books" count="17"/>
      <shelf name="childrens-picture-books" count="17"/>
      <shelf name="early-readers" count="16"/>
      <shelf name="body-parts" count="15"/>
      <shelf name="childhood-reads" count="14"/>
      <shelf name="childrens-lit" count="14"/>
      <shelf name="read-as-a-kid" count="14"/>
      <shelf name="school" count="13"/>
      <shelf name="read-aloud" count="13"/>
      <shelf name="kindergarten" count="13"/>
      <shelf name="easy-readers" count="13"/>
      <shelf name="books-we-own" count="13"/>
      <shelf name="children-s-books" count="12"/>
      <shelf name="my-library" count="12"/>
      <shelf name="childrens-literature" count="12"/>
      <shelf name="my-childhood" count="11"/>
      <shelf name="kiddos" count="11"/>
      <shelf name="books" count="11"/>
      <shelf name="i-own" count="11"/>
      <shelf name="classroom-library" count="10"/>
      <shelf name="home-library" count="10"/>
      <shelf name="rhyme" count="10"/>
      <shelf name="beginning-readers" count="10"/>
      <shelf name="childrensbooks" count="10"/>
      <shelf name="dr-seuss" count="9"/>
      <shelf name="my-books" count="9"/>
      <shelf name="to-buy" count="9"/>
      <shelf name="early-childhood" count="9"/>
      <shelf name="read-more-than-once" count="9"/>
      <shelf name="own-it" count="9"/>
      <shelf name="children" count="8"/>
      <shelf name="classroom" count="8"/>
      <shelf name="read-alouds" count="8"/>
      <shelf name="feet" count="8"/>
      <shelf name="read-as-a-child" count="8"/>
      <shelf name="baby-books" count="8"/>
      <shelf name="youth" count="8"/>
      <shelf name="picturebooks" count="8"/>
      <shelf name="dr--suess" count="8"/>
      <shelf name="children-s-books-read" count="8"/>
      <shelf name="shelfari-favorites" count="7"/>
      <shelf name="storytime" count="7"/>
      <shelf name="baby" count="7"/>
      <shelf name="board-book" count="7"/>
      <shelf name="for-kids" count="7"/>
      <shelf name="children-young-adult" count="7"/>
      <shelf name="read-to-kids" count="7"/>
      <shelf name="kid-lit" count="7"/>
      <shelf name="kids" count="6"/>
      <shelf name="read-in-2013" count="6"/>
      <shelf name="illustrated" count="6"/>
      <shelf name="from-my-childhood" count="6"/>
      <shelf name="books-from-childhood" count="6"/>
      <shelf name="read-kids" count="6"/>
      <shelf name="kidlit" count="6"/>
      <shelf name="child" count="6"/>
      <shelf name="childrens-book" count="6"/>
      <shelf name="read-in-2015" count="5"/>
      <shelf name="edrd-314" count="5"/>
      <shelf name="read-childrens" count="5"/>
      <shelf name="1" count="5"/>
      <shelf name="books-i-read-as-a-kid" count="5"/>
      <shelf name="story-time" count="5"/>
      <shelf name="body" count="5"/>
      <shelf name="kids-read" count="5"/>
      <shelf name="the-kids" count="5"/>
      <shelf name="kid" count="5"/>
  </popular_shelves>
  <book_links>
    <book_link>
  <id>8</id>
  <name>Libraries</name>
  <link>https://www.goodreads.com/book_link/follow/8</link>
</book_link>

  </book_links>
  <buy_links>
    <buy_link>
<id>1</id>
<name>Amazon</name>
<link>https://www.goodreads.com/book_link/follow/1</link>
</buy_link>
<buy_link>
<id>10</id>
<name>Audible</name>
<link>https://www.goodreads.com/book_link/follow/10</link>
</buy_link>
<buy_link>
<id>3</id>
<name>Barnes &amp; Noble</name>
<link>https://www.goodreads.com/book_link/follow/3</link>
</buy_link>
<buy_link>
<id>1027</id>
<name>Kobo</name>
<link>https://www.goodreads.com/book_link/follow/1027</link>
</buy_link>
<buy_link>
<id>2102</id>
<name>Apple iBooks</name>
<link>https://www.goodreads.com/book_link/follow/2102</link>
</buy_link>
<buy_link>
<id>8036</id>
<name>Google Play</name>
<link>https://www.goodreads.com/book_link/follow/8036</link>
</buy_link>
<buy_link>
<id>4</id>
<name>Abebooks</name>
<link>https://www.goodreads.com/book_link/follow/4</link>
</buy_link>
<buy_link>
<id>882</id>
<name>Book Depository</name>
<link>https://www.goodreads.com/book_link/follow/882</link>
</buy_link>
<buy_link>
<id>9</id>
<name>Indigo</name>
<link>https://www.goodreads.com/book_link/follow/9</link>
</buy_link>
<buy_link>
<id>2</id>
<name>Half.com</name>
<link>https://www.goodreads.com/book_link/follow/2</link>
</buy_link>
<buy_link>
<id>5</id>
<name>Alibris</name>
<link>https://www.goodreads.com/book_link/follow/5</link>
</buy_link>
<buy_link>
<id>107</id>
<name>Better World Books</name>
<link>https://www.goodreads.com/book_link/follow/107</link>
</buy_link>
<buy_link>
<id>7</id>
<name>IndieBound</name>
<link>https://www.goodreads.com/book_link/follow/7</link>
</buy_link>

  </buy_links>
  <series_works>
    <series_work>
<id>784593</id>
<user_position></user_position>
<series>
<id>155592</id>
<title>
<![CDATA[
    Bright and Early Board Books
]]>
</title>
<description>
<![CDATA[
    Simple, Silly, Sturdy Books for Babies of All Ages! Random House
]]>
</description>
<note>
<![CDATA[
]]>
</note>
<series_works_count>8</series_works_count>
<primary_work_count>8</primary_work_count>
<numbered>false</numbered>
</series>

</series_work>

  </series_works>
  <similar_books>
          <book>
<id>432437</id>
<title>The Nose Book</title>
<title_without_series>The Nose Book</title_without_series>
<link><![CDATA[https://www.goodreads.com/book/show/432437.The_Nose_Book]]></link>
<small_image_url><![CDATA[https://s.gr-assets.com/assets/nophoto/book/50x75-a91bf249278a81aabab721ef782c4a74.png]]></small_image_url>
<image_url><![CDATA[https://s.gr-assets.com/assets/nophoto/book/111x148-bcc042a9c91a29c1d680899eff700a03.png]]></image_url>
<num_pages>26</num_pages>
<work>
<id>421397</id>
</work>
<isbn>0375812121</isbn>
<isbn13>9780375812125</isbn13>
<average_rating>4.00</average_rating>
<ratings_count>3243</ratings_count>
<publication_year>2002</publication_year>
<publication_month>3</publication_month>
<publication_day>26</publication_day>
<authors>
<author>
<id>11094</id>
<name>Al Perkins</name>
<link><![CDATA[https://www.goodreads.com/author/show/11094.Al_Perkins]]></link>
</author>
</authors>
</book>

          <book>
<id>900088</id>
<title>Old Hat, New Hat</title>
<title_without_series>Old Hat, New Hat</title_without_series>
<link><![CDATA[https://www.goodreads.com/book/show/900088.Old_Hat_New_Hat]]></link>
<small_image_url><![CDATA[https://images.gr-assets.com/books/1320443182s/900088.jpg]]></small_image_url>
<image_url><![CDATA[https://images.gr-assets.com/books/1320443182m/900088.jpg]]></image_url>
<num_pages></num_pages>
<work>
<id>282739</id>
</work>
<isbn>0394806697</isbn>
<isbn13>9780394806693</isbn13>
<average_rating>4.27</average_rating>
<ratings_count>1956</ratings_count>
<publication_year></publication_year>
<publication_month></publication_month>
<publication_day></publication_day>
<authors>
<author>
<id>26886</id>
<name>Stan Berenstain</name>
<link><![CDATA[https://www.goodreads.com/author/show/26886.Stan_Berenstain]]></link>
</author>
</authors>
</book>

          <book>
<id>47676</id>
<title>Do You Want to Be My Friend?</title>
<title_without_series>Do You Want to Be My Friend?</title_without_series>
<link><![CDATA[https://www.goodreads.com/book/show/47676.Do_You_Want_to_Be_My_Friend_]]></link>
<small_image_url><![CDATA[https://s.gr-assets.com/assets/nophoto/book/50x75-a91bf249278a81aabab721ef782c4a74.png]]></small_image_url>
<image_url><![CDATA[https://s.gr-assets.com/assets/nophoto/book/111x148-bcc042a9c91a29c1d680899eff700a03.png]]></image_url>
<num_pages></num_pages>
<work>
<id>2117824</id>
</work>
<isbn>0399215980</isbn>
<isbn13>9780399215988</isbn13>
<average_rating>3.95</average_rating>
<ratings_count>1925</ratings_count>
<publication_year></publication_year>
<publication_month></publication_month>
<publication_day></publication_day>
<authors>
<author>
<id>3362</id>
<name>Eric Carle</name>
<link><![CDATA[https://www.goodreads.com/author/show/3362.Eric_Carle]]></link>
</author>
</authors>
</book>

          <book>
<id>6557873</id>
<title>Night-Night, Little Pookie</title>
<title_without_series>Night-Night, Little Pookie</title_without_series>
<link><![CDATA[https://www.goodreads.com/book/show/6557873-night-night-little-pookie]]></link>
<small_image_url><![CDATA[https://images.gr-assets.com/books/1320449011s/6557873.jpg]]></small_image_url>
<image_url><![CDATA[https://images.gr-assets.com/books/1320449011m/6557873.jpg]]></image_url>
<num_pages>18</num_pages>
<work>
<id>6750516</id>
</work>
<isbn>0375854096</isbn>
<isbn13>9780375854095</isbn13>
<average_rating>4.21</average_rating>
<ratings_count>798</ratings_count>
<publication_year>2009</publication_year>
<publication_month>8</publication_month>
<publication_day>11</publication_day>
<authors>
<author>
<id>3161</id>
<name>Sandra Boynton</name>
<link><![CDATA[https://www.goodreads.com/author/show/3161.Sandra_Boynton]]></link>
</author>
</authors>
</book>

          <book>
<id>574764</id>
<title><![CDATA[Curious George's Are You Curious?]]></title>
<title_without_series><![CDATA[Curious George's Are You Curious?]]></title_without_series>
<link><![CDATA[https://www.goodreads.com/book/show/574764.Curious_George_s_Are_You_Curious_]]></link>
<small_image_url><![CDATA[https://s.gr-assets.com/assets/nophoto/book/50x75-a91bf249278a81aabab721ef782c4a74.png]]></small_image_url>
<image_url><![CDATA[https://s.gr-assets.com/assets/nophoto/book/111x148-bcc042a9c91a29c1d680899eff700a03.png]]></image_url>
<num_pages></num_pages>
<work>
<id>561753</id>
</work>
<isbn>0395899249</isbn>
<isbn13>9780395899243</isbn13>
<average_rating>4.51</average_rating>
<ratings_count>750</ratings_count>
<publication_year></publication_year>
<publication_month></publication_month>
<publication_day></publication_day>
<authors>
<author>
<id>967839</id>
<name>H.A. Rey</name>
<link><![CDATA[https://www.goodreads.com/author/show/967839.H_A_Rey]]></link>
</author>
</authors>
</book>

          <book>
<id>237360</id>
<title>I Like Bugs</title>
<title_without_series>I Like Bugs</title_without_series>
<link><![CDATA[https://www.goodreads.com/book/show/237360.I_Like_Bugs]]></link>
<small_image_url><![CDATA[https://s.gr-assets.com/assets/nophoto/book/50x75-a91bf249278a81aabab721ef782c4a74.png]]></small_image_url>
<image_url><![CDATA[https://s.gr-assets.com/assets/nophoto/book/111x148-bcc042a9c91a29c1d680899eff700a03.png]]></image_url>
<num_pages>32</num_pages>
<work>
<id>229910</id>
</work>
<isbn>0307261077</isbn>
<isbn13>9780307261076</isbn13>
<average_rating>3.79</average_rating>
<ratings_count>377</ratings_count>
<publication_year>1999</publication_year>
<publication_month>6</publication_month>
<publication_day>15</publication_day>
<authors>
<author>
<id>18479</id>
<name>Margaret Wise Brown</name>
<link><![CDATA[https://www.goodreads.com/author/show/18479.Margaret_Wise_Brown]]></link>
</author>
</authors>
</book>

          <book>
<id>1241801</id>
<title>Roaring Rockets</title>
<title_without_series>Roaring Rockets</title_without_series>
<link><![CDATA[https://www.goodreads.com/book/show/1241801.Roaring_Rockets]]></link>
<small_image_url><![CDATA[https://images.gr-assets.com/books/1408928855s/1241801.jpg]]></small_image_url>
<image_url><![CDATA[https://images.gr-assets.com/books/1408928855m/1241801.jpg]]></image_url>
<num_pages></num_pages>
<work>
<id>1230488</id>
</work>
<isbn>075340351X</isbn>
<isbn13>9780753403518</isbn13>
<average_rating>3.92</average_rating>
<ratings_count>264</ratings_count>
<publication_year></publication_year>
<publication_month></publication_month>
<publication_day></publication_day>
<authors>
<author>
<id>36270</id>
<name>Tony Mitton</name>
<link><![CDATA[https://www.goodreads.com/author/show/36270.Tony_Mitton]]></link>
</author>
</authors>
</book>

  </similar_books>
</book>

</GoodreadsResponse>