<?xml version="1.0" encoding="UTF-8"?>
<GoodreadsResponse>
  <Request>
    <authentication>true</authentication>
      <key><![CDATA[all_men_must_serve]]></key>
    <method><![CDATA[book_show]]></method>
  </Request>
  <book>
  <id>10551947</id>
  <title><![CDATA[The Outcasts (Brotherband Chronicles, #1)]]></title>
  <isbn><![CDATA[0399256199]]></isbn>
  <isbn13><![CDATA[9780399256196]]></isbn13>
  <asin><![CDATA[]]></asin>
  <kindle_asin><![CDATA[B005LPE5GO]]></kindle_asin>
  <marketplace_id><![CDATA[A1F83G8C2ARO7P]]></marketplace_id>
  <country_code><![CDATA[GB]]></country_code>
  <image_url>https://images.gr-assets.com/books/1327968303m/10551947.jpg</image_url>
  <small_image_url>https://images.gr-assets.com/books/1327968303s/10551947.jpg</small_image_url>
  <publication_year>2011</publication_year>
  <publication_month>11</publication_month>
  <publication_day>1</publication_day>
  <publisher>Philomel Books</publisher>
  <language_code>eng</language_code>
  <is_ebook>false</is_ebook>
  <description><![CDATA[From the author of the global phenomenon Ranger's Apprentice!<br /><br />They are outcasts. Hal, Stig, and the others - they are the boys the others want no part of. Skandians, as any reader of Ranger's Apprentice could tell you, are known for their size and strength. Not these boys. Yet that doesn't mean they don't have skills. And courage - which they will need every ounce of to do battle at sea against the other bands, the Wolves and the Sharks, in the ultimate race. The icy waters make for a treacherous playing field . . . especially when not everyone thinks of it as playing. John Flanagan, author of the international phenomenon Ranger's Apprentice, creates a new cast of characters to populate his world of Skandians and Araluens, a world millions of young readers around the world have come to know and admire. Full of seafaring adventures and epic battles, Book 1 of The Brotherband Chronicles is sure to thrill readers of Ranger's Apprentice while enticing a whole new generation just now discovering the books.<br /><br />Perfect for fans of J.R.R. Tolkien’s Lord of the Rings, T.H. White’s The Sword in the Stone, Christopher Paolini’s Eragon series, and George R. R. Martin’s Game of Thrones/A Song of Ice and Fire series.]]></description>
  <work>
  <id type="integer">15455900</id>
  <books_count type="integer">41</books_count>
  <best_book_id type="integer">10551947</best_book_id>
  <reviews_count type="integer">35798</reviews_count>
  <ratings_sum type="integer">79514</ratings_sum>
  <ratings_count type="integer">18201</ratings_count>
  <text_reviews_count type="integer">1073</text_reviews_count>
  <original_publication_year type="integer">2011</original_publication_year>
  <original_publication_month type="integer">1</original_publication_month>
  <original_publication_day type="integer">1</original_publication_day>
  <original_title>The Outcasts</original_title>
  <original_language_id type="integer" nil="true"/>
  <media_type>book</media_type>
  <rating_dist>5:9842|4:5940|3:1904|2:317|1:198|total:18201</rating_dist>
  <desc_user_id type="integer">65772862</desc_user_id>
  <default_chaptering_book_id type="integer" nil="true"/>
  <default_description_language_code nil="true"/>
</work>
  <average_rating>4.37</average_rating>
  <num_pages><![CDATA[434]]></num_pages>
  <format><![CDATA[Hardcover]]></format>
  <edition_information><![CDATA[]]></edition_information>
  <ratings_count><![CDATA[16629]]></ratings_count>
  <text_reviews_count><![CDATA[947]]></text_reviews_count>
  <url><![CDATA[https://www.goodreads.com/book/show/10551947-the-outcasts]]></url>
  <link><![CDATA[https://www.goodreads.com/book/show/10551947-the-outcasts]]></link>
  <authors>
<author>
<id>34049</id>
<name>John Flanagan</name>
<role></role>
<image_url nophoto='false'>
<![CDATA[https://images.gr-assets.com/authors/1204665476p5/34049.jpg]]>
</image_url>
<small_image_url nophoto='false'>
<![CDATA[https://images.gr-assets.com/authors/1204665476p2/34049.jpg]]>
</small_image_url>
<link><![CDATA[https://www.goodreads.com/author/show/34049.John_Flanagan]]></link>
<average_rating>4.31</average_rating>
<ratings_count>634449</ratings_count>
<text_reviews_count>24306</text_reviews_count>
</author>
</authors>

    <reviews_widget>
      <![CDATA[
        <style>
  #goodreads-widget {
    font-family: georgia, serif;
    padding: 18px 0;
    width:565px;
  }
  #goodreads-widget h1 {
    font-weight:normal;
    font-size: 16px;
    border-bottom: 1px solid #BBB596;
    margin-bottom: 0;
  }
  #goodreads-widget a {
    text-decoration: none;
    color:#660;
  }
  iframe{
    background-color: #fff;
  }
  #goodreads-widget a:hover { text-decoration: underline; }
  #goodreads-widget a:active {
    color:#660;
  }
  #gr_footer {
    width: 100%;
    border-top: 1px solid #BBB596;
    text-align: right;
  }
  #goodreads-widget .gr_branding{
    color: #382110;
    font-size: 11px;
    text-decoration: none;
    font-family: "Helvetica Neue", Helvetica, Arial, sans-serif;
  }
</style>
<div id="goodreads-widget">
  <div id="gr_header"><h1><a rel="nofollow" href="https://www.goodreads.com/book/show/10551947-the-outcasts">The Outcasts Reviews</a></h1></div>
  <iframe id="the_iframe" src="https://www.goodreads.com/api/reviews_widget_iframe?did=DEVELOPER_ID&amp;format=html&amp;isbn=0399256199&amp;links=660&amp;min_rating=&amp;review_back=fff&amp;stars=000&amp;text=000" width="565" height="400" frameborder="0"></iframe>
  <div id="gr_footer">
    <a class="gr_branding" target="_blank" rel="nofollow" href="https://www.goodreads.com/book/show/10551947-the-outcasts?utm_medium=api&amp;utm_source=reviews_widget">Reviews from Goodreads.com</a>
  </div>
</div>

      ]]>
    </reviews_widget>
  <popular_shelves>
      <shelf name="to-read" count="616"/>
      <shelf name="fantasy" count="542"/>
      <shelf name="favorites" count="261"/>
      <shelf name="young-adult" count="220"/>
      <shelf name="currently-reading" count="195"/>
      <shelf name="adventure" count="146"/>
      <shelf name="ya" count="86"/>
      <shelf name="john-flanagan" count="81"/>
      <shelf name="fiction" count="79"/>
      <shelf name="series" count="73"/>
      <shelf name="owned" count="56"/>
      <shelf name="historical-fiction" count="38"/>
      <shelf name="books-i-own" count="36"/>
      <shelf name="brotherband-chronicles" count="30"/>
      <shelf name="action" count="29"/>
      <shelf name="ya-fantasy" count="28"/>
      <shelf name="teen" count="27"/>
      <shelf name="middle-grade" count="26"/>
      <shelf name="children" count="25"/>
      <shelf name="action-adventure" count="25"/>
      <shelf name="brotherband" count="23"/>
      <shelf name="library" count="23"/>
      <shelf name="default" count="21"/>
      <shelf name="medieval" count="20"/>
      <shelf name="childrens" count="18"/>
      <shelf name="owned-books" count="17"/>
      <shelf name="kindle" count="16"/>
      <shelf name="kids" count="15"/>
      <shelf name="ranger-s-apprentice" count="13"/>
      <shelf name="audio" count="13"/>
      <shelf name="to-buy" count="13"/>
      <shelf name="ebook" count="13"/>
      <shelf name="ya-fiction" count="13"/>
      <shelf name="juvenile" count="13"/>
      <shelf name="caudill-2014" count="12"/>
      <shelf name="rangers-apprentice" count="12"/>
      <shelf name="pirates" count="12"/>
      <shelf name="coming-of-age" count="12"/>
      <shelf name="high-fantasy" count="11"/>
      <shelf name="audiobooks" count="11"/>
      <shelf name="read-in-2012" count="11"/>
      <shelf name="favourites" count="11"/>
      <shelf name="historical" count="11"/>
      <shelf name="middle-school" count="11"/>
      <shelf name="read-in-2013" count="10"/>
      <shelf name="flanagan" count="10"/>
      <shelf name="young-adult-fiction" count="10"/>
      <shelf name="my-books" count="9"/>
      <shelf name="friendship" count="9"/>
      <shelf name="fantasy-sci-fi" count="9"/>
      <shelf name="maybe" count="9"/>
      <shelf name="favorite" count="8"/>
      <shelf name="series-to-read" count="8"/>
      <shelf name="read-in-8th-grade" count="8"/>
      <shelf name="own-it" count="8"/>
      <shelf name="first-in-series" count="8"/>
      <shelf name="awesome" count="8"/>
      <shelf name="i-own" count="8"/>
      <shelf name="wish-list" count="8"/>
      <shelf name="favorite-books" count="8"/>
      <shelf name="australian" count="8"/>
      <shelf name="vikings" count="8"/>
      <shelf name="audiobook" count="7"/>
      <shelf name="best-books" count="7"/>
      <shelf name="maybe-read" count="7"/>
      <shelf name="fantasy-to-read" count="7"/>
      <shelf name="school" count="7"/>
      <shelf name="good-books" count="7"/>
      <shelf name="favorite-series" count="7"/>
      <shelf name="want-to-own" count="7"/>
      <shelf name="juvenile-fiction" count="7"/>
      <shelf name="epic-fantasy" count="7"/>
      <shelf name="shelfari-favorites" count="6"/>
      <shelf name="re-read" count="6"/>
      <shelf name="library-books" count="6"/>
      <shelf name="english" count="6"/>
      <shelf name="caudill" count="6"/>
      <shelf name="rebecca-caudill-2014" count="6"/>
      <shelf name="read-2013" count="6"/>
      <shelf name="loved" count="6"/>
      <shelf name="5-stars" count="6"/>
      <shelf name="scifi-fantasy" count="6"/>
      <shelf name="youth" count="6"/>
      <shelf name="want-to-read" count="6"/>
      <shelf name="young" count="6"/>
      <shelf name="fantasy-fiction" count="6"/>
      <shelf name="2012-books" count="6"/>
      <shelf name="sci-fi-fantasy" count="6"/>
      <shelf name="novels" count="6"/>
      <shelf name="medieval-fantasy" count="6"/>
      <shelf name="read-2016" count="5"/>
      <shelf name="boekenbingo-2016" count="5"/>
      <shelf name="dnf" count="5"/>
      <shelf name="on-my-shelf" count="5"/>
      <shelf name="first-reads" count="5"/>
      <shelf name="children-s" count="5"/>
      <shelf name="young-adults" count="5"/>
      <shelf name="read-in-2014" count="5"/>
      <shelf name="books" count="5"/>
      <shelf name="kinderboeken" count="5"/>
  </popular_shelves>
  <book_links>
    <book_link>
  <id>8</id>
  <name>Libraries</name>
  <link>https://www.goodreads.com/book_link/follow/8</link>
</book_link>

  </book_links>
  <buy_links>
    <buy_link>
<id>1</id>
<name>Amazon</name>
<link>https://www.goodreads.com/book_link/follow/1</link>
</buy_link>
<buy_link>
<id>10</id>
<name>Audible</name>
<link>https://www.goodreads.com/book_link/follow/10</link>
</buy_link>
<buy_link>
<id>3</id>
<name>Barnes &amp; Noble</name>
<link>https://www.goodreads.com/book_link/follow/3</link>
</buy_link>
<buy_link>
<id>1027</id>
<name>Kobo</name>
<link>https://www.goodreads.com/book_link/follow/1027</link>
</buy_link>
<buy_link>
<id>2102</id>
<name>Apple iBooks</name>
<link>https://www.goodreads.com/book_link/follow/2102</link>
</buy_link>
<buy_link>
<id>8036</id>
<name>Google Play</name>
<link>https://www.goodreads.com/book_link/follow/8036</link>
</buy_link>
<buy_link>
<id>4</id>
<name>Abebooks</name>
<link>https://www.goodreads.com/book_link/follow/4</link>
</buy_link>
<buy_link>
<id>882</id>
<name>Book Depository</name>
<link>https://www.goodreads.com/book_link/follow/882</link>
</buy_link>
<buy_link>
<id>9</id>
<name>Indigo</name>
<link>https://www.goodreads.com/book_link/follow/9</link>
</buy_link>
<buy_link>
<id>2</id>
<name>Half.com</name>
<link>https://www.goodreads.com/book_link/follow/2</link>
</buy_link>
<buy_link>
<id>5</id>
<name>Alibris</name>
<link>https://www.goodreads.com/book_link/follow/5</link>
</buy_link>
<buy_link>
<id>107</id>
<name>Better World Books</name>
<link>https://www.goodreads.com/book_link/follow/107</link>
</buy_link>
<buy_link>
<id>7</id>
<name>IndieBound</name>
<link>https://www.goodreads.com/book_link/follow/7</link>
</buy_link>

  </buy_links>
  <series_works>
    <series_work>
<id>253150</id>
<user_position>1</user_position>
<series>
<id>59747</id>
<title>
<![CDATA[
    Brotherband Chronicles
]]>
</title>
<description>
<![CDATA[
    Spin-off/Sequel series to the highly successful <a href="https://www.goodreads.com/series/43436-ranger-s-apprentice">Rangers Apprentice series</a>.
    The series is known by various titles, mostly Brotherband (http://www.rangersapprentice.com.au/brotherband.aspx) or Brotherband Chronicles (http://www.brotherbandchronicles.com).
]]>
</description>
<note>
<![CDATA[
]]>
</note>
<series_works_count>7</series_works_count>
<primary_work_count>7</primary_work_count>
<numbered>true</numbered>
</series>

</series_work>

  </series_works>
  <similar_books>
          <book>
<id>5027092</id>
<title><![CDATA[Slathbog's Gold (Adventurers Wanted, #1)]]></title>
<title_without_series>Slathbog&apos;s Gold</title_without_series>
<link><![CDATA[https://www.goodreads.com/book/show/5027092-slathbog-s-gold]]></link>
<small_image_url><![CDATA[https://images.gr-assets.com/books/1414559930s/5027092.jpg]]></small_image_url>
<image_url><![CDATA[https://images.gr-assets.com/books/1414559930m/5027092.jpg]]></image_url>
<num_pages>406</num_pages>
<work>
<id>5093679</id>
</work>
<isbn>1606410296</isbn>
<isbn13>9781606410295</isbn13>
<average_rating>4.16</average_rating>
<ratings_count>8945</ratings_count>
<publication_year>2009</publication_year>
<publication_month>2</publication_month>
<publication_day>1</publication_day>
<authors>
<author>
<id>4124325</id>
<name>M.L. Forman</name>
<link><![CDATA[https://www.goodreads.com/author/show/4124325.M_L_Forman]]></link>
</author>
</authors>
</book>

          <book>
<id>12402915</id>
<title>The Truth About Verity Sparks</title>
<title_without_series>The Truth About Verity Sparks</title_without_series>
<link><![CDATA[https://www.goodreads.com/book/show/12402915-the-truth-about-verity-sparks]]></link>
<small_image_url><![CDATA[https://images.gr-assets.com/books/1345763978s/12402915.jpg]]></small_image_url>
<image_url><![CDATA[https://images.gr-assets.com/books/1345763978m/12402915.jpg]]></image_url>
<num_pages>297</num_pages>
<work>
<id>17384356</id>
</work>
<isbn>1921720271</isbn>
<isbn13>9781921720277</isbn13>
<average_rating>3.88</average_rating>
<ratings_count>303</ratings_count>
<publication_year>2011</publication_year>
<publication_month>8</publication_month>
<publication_day>1</publication_day>
<authors>
<author>
<id>236708</id>
<name>Susan Green</name>
<link><![CDATA[https://www.goodreads.com/author/show/236708.Susan_Green]]></link>
</author>
</authors>
</book>

          <book>
<id>6377397</id>
<title><![CDATA[Word of Honour (The Laws of Magic, #3)]]></title>
<title_without_series>Word of Honour</title_without_series>
<link><![CDATA[https://www.goodreads.com/book/show/6377397-word-of-honour]]></link>
<small_image_url><![CDATA[https://images.gr-assets.com/books/1271936294s/6377397.jpg]]></small_image_url>
<image_url><![CDATA[https://images.gr-assets.com/books/1271936294m/6377397.jpg]]></image_url>
<num_pages>444</num_pages>
<work>
<id>6565150</id>
</work>
<isbn></isbn>
<isbn13>9781741662818</isbn13>
<average_rating>4.16</average_rating>
<ratings_count>451</ratings_count>
<publication_year>2008</publication_year>
<publication_month>9</publication_month>
<publication_day>1</publication_day>
<authors>
<author>
<id>259548</id>
<name>Michael Pryor</name>
<link><![CDATA[https://www.goodreads.com/author/show/259548.Michael_Pryor]]></link>
</author>
</authors>
</book>

          <book>
<id>6549447</id>
<title><![CDATA[Player's Ruse (Knight and Rogue, #3)]]></title>
<title_without_series>Player&apos;s Ruse</title_without_series>
<link><![CDATA[https://www.goodreads.com/book/show/6549447-player-s-ruse]]></link>
<small_image_url><![CDATA[https://s.gr-assets.com/assets/nophoto/book/50x75-a91bf249278a81aabab721ef782c4a74.png]]></small_image_url>
<image_url><![CDATA[https://s.gr-assets.com/assets/nophoto/book/111x148-bcc042a9c91a29c1d680899eff700a03.png]]></image_url>
<num_pages>384</num_pages>
<work>
<id>6741942</id>
</work>
<isbn>006082509X</isbn>
<isbn13>9780060825096</isbn13>
<average_rating>4.17</average_rating>
<ratings_count>835</ratings_count>
<publication_year>2010</publication_year>
<publication_month>1</publication_month>
<publication_day>19</publication_day>
<authors>
<author>
<id>145129</id>
<name>Hilari Bell</name>
<link><![CDATA[https://www.goodreads.com/author/show/145129.Hilari_Bell]]></link>
</author>
</authors>
</book>

          <book>
<id>11254850</id>
<title><![CDATA[Seeds of Rebellion (Beyonders, #2)]]></title>
<title_without_series>Seeds of Rebellion</title_without_series>
<link><![CDATA[https://www.goodreads.com/book/show/11254850-seeds-of-rebellion]]></link>
<small_image_url><![CDATA[https://s.gr-assets.com/assets/nophoto/book/50x75-a91bf249278a81aabab721ef782c4a74.png]]></small_image_url>
<image_url><![CDATA[https://s.gr-assets.com/assets/nophoto/book/111x148-bcc042a9c91a29c1d680899eff700a03.png]]></image_url>
<num_pages>512</num_pages>
<work>
<id>16181497</id>
</work>
<isbn>1416997946</isbn>
<isbn13>9781416997948</isbn13>
<average_rating>4.25</average_rating>
<ratings_count>21101</ratings_count>
<publication_year>2012</publication_year>
<publication_month>3</publication_month>
<publication_day>13</publication_day>
<authors>
<author>
<id>25052</id>
<name>Brandon Mull</name>
<link><![CDATA[https://www.goodreads.com/author/show/25052.Brandon_Mull]]></link>
</author>
</authors>
</book>

          <book>
<id>6185409</id>
<title><![CDATA[The Fiend and the Forge (The Tapestry, #3)]]></title>
<title_without_series>The Fiend and the Forge</title_without_series>
<link><![CDATA[https://www.goodreads.com/book/show/6185409-the-fiend-and-the-forge]]></link>
<small_image_url><![CDATA[https://images.gr-assets.com/books/1397965166s/6185409.jpg]]></small_image_url>
<image_url><![CDATA[https://images.gr-assets.com/books/1397965166m/6185409.jpg]]></image_url>
<num_pages>547</num_pages>
<work>
<id>24999275</id>
</work>
<isbn>0375838988</isbn>
<isbn13>9780375838989</isbn13>
<average_rating>4.15</average_rating>
<ratings_count>5512</ratings_count>
<publication_year>2010</publication_year>
<publication_month>11</publication_month>
<publication_day>23</publication_day>
<authors>
<author>
<id>1100089</id>
<name>Henry H. Neff</name>
<link><![CDATA[https://www.goodreads.com/author/show/1100089.Henry_H_Neff]]></link>
</author>
</authors>
</book>

          <book>
<id>7576979</id>
<title>Bamboo People</title>
<title_without_series>Bamboo People</title_without_series>
<link><![CDATA[https://www.goodreads.com/book/show/7576979-bamboo-people]]></link>
<small_image_url><![CDATA[https://images.gr-assets.com/books/1266931070s/7576979.jpg]]></small_image_url>
<image_url><![CDATA[https://images.gr-assets.com/books/1266931070m/7576979.jpg]]></image_url>
<num_pages>272</num_pages>
<work>
<id>9937165</id>
</work>
<isbn>1580893287</isbn>
<isbn13>9781580893282</isbn13>
<average_rating>3.95</average_rating>
<ratings_count>2272</ratings_count>
<publication_year>2010</publication_year>
<publication_month>7</publication_month>
<publication_day>1</publication_day>
<authors>
<author>
<id>21129</id>
<name>Mitali Perkins</name>
<link><![CDATA[https://www.goodreads.com/author/show/21129.Mitali_Perkins]]></link>
</author>
</authors>
</book>

          <book>
<id>12422629</id>
<title><![CDATA[The Coming of the Whirlpool (Ship Kings, #1)]]></title>
<title_without_series>The Coming of the Whirlpool</title_without_series>
<link><![CDATA[https://www.goodreads.com/book/show/12422629-the-coming-of-the-whirlpool]]></link>
<small_image_url><![CDATA[https://images.gr-assets.com/books/1314185200s/12422629.jpg]]></small_image_url>
<image_url><![CDATA[https://images.gr-assets.com/books/1314185200m/12422629.jpg]]></image_url>
<num_pages>304</num_pages>
<work>
<id>17404777</id>
</work>
<isbn>1742376479</isbn>
<isbn13>9781742376479</isbn13>
<average_rating>3.76</average_rating>
<ratings_count>241</ratings_count>
<publication_year>2011</publication_year>
<publication_month>11</publication_month>
<publication_day>1</publication_day>
<authors>
<author>
<id>60957</id>
<name>Andrew McGahan</name>
<link><![CDATA[https://www.goodreads.com/author/show/60957.Andrew_McGahan]]></link>
</author>
</authors>
</book>

          <book>
<id>11546463</id>
<title><![CDATA[Blizzard of Glass: The Halifax Explosion of 1917]]></title>
<title_without_series><![CDATA[Blizzard of Glass: The Halifax Explosion of 1917]]></title_without_series>
<link><![CDATA[https://www.goodreads.com/book/show/11546463-blizzard-of-glass]]></link>
<small_image_url><![CDATA[https://images.gr-assets.com/books/1317793822s/11546463.jpg]]></small_image_url>
<image_url><![CDATA[https://images.gr-assets.com/books/1317793822m/11546463.jpg]]></image_url>
<num_pages>160</num_pages>
<work>
<id>16486209</id>
</work>
<isbn>0805089454</isbn>
<isbn13>9780805089455</isbn13>
<average_rating>3.79</average_rating>
<ratings_count>1388</ratings_count>
<publication_year>2011</publication_year>
<publication_month>11</publication_month>
<publication_day>22</publication_day>
<authors>
<author>
<id>208138</id>
<name>Sally M. Walker</name>
<link><![CDATA[https://www.goodreads.com/author/show/208138.Sally_M_Walker]]></link>
</author>
</authors>
</book>

          <book>
<id>13507662</id>
<title><![CDATA[The Ring of Wind (Young Samurai, #7)]]></title>
<title_without_series>The Ring of Wind</title_without_series>
<link><![CDATA[https://www.goodreads.com/book/show/13507662-the-ring-of-wind]]></link>
<small_image_url><![CDATA[https://images.gr-assets.com/books/1331012078s/13507662.jpg]]></small_image_url>
<image_url><![CDATA[https://images.gr-assets.com/books/1331012078m/13507662.jpg]]></image_url>
<num_pages>368</num_pages>
<work>
<id>49152533</id>
</work>
<isbn>0141339713</isbn>
<isbn13>9780141339719</isbn13>
<average_rating>4.32</average_rating>
<ratings_count>1421</ratings_count>
<publication_year>2012</publication_year>
<publication_month>3</publication_month>
<publication_day>1</publication_day>
<authors>
<author>
<id>417954</id>
<name>Chris Bradford</name>
<link><![CDATA[https://www.goodreads.com/author/show/417954.Chris_Bradford]]></link>
</author>
</authors>
</book>

          <book>
<id>11962191</id>
<title><![CDATA[The Golden Door (The Three Doors Trilogy #1)]]></title>
<title_without_series>The Golden Door</title_without_series>
<link><![CDATA[https://www.goodreads.com/book/show/11962191-the-golden-door]]></link>
<small_image_url><![CDATA[https://images.gr-assets.com/books/1311067158s/11962191.jpg]]></small_image_url>
<image_url><![CDATA[https://images.gr-assets.com/books/1311067158m/11962191.jpg]]></image_url>
<num_pages>264</num_pages>
<work>
<id>16924698</id>
</work>
<isbn>1862919127</isbn>
<isbn13>9781862919129</isbn13>
<average_rating>4.08</average_rating>
<ratings_count>1967</ratings_count>
<publication_year>2011</publication_year>
<publication_month>9</publication_month>
<publication_day>1</publication_day>
<authors>
<author>
<id>3995</id>
<name>Emily Rodda</name>
<link><![CDATA[https://www.goodreads.com/author/show/3995.Emily_Rodda]]></link>
</author>
</authors>
</book>

          <book>
<id>12039371</id>
<title>The Paradise Trap</title>
<title_without_series>The Paradise Trap</title_without_series>
<link><![CDATA[https://www.goodreads.com/book/show/12039371-the-paradise-trap]]></link>
<small_image_url><![CDATA[https://s.gr-assets.com/assets/nophoto/book/50x75-a91bf249278a81aabab721ef782c4a74.png]]></small_image_url>
<image_url><![CDATA[https://s.gr-assets.com/assets/nophoto/book/111x148-bcc042a9c91a29c1d680899eff700a03.png]]></image_url>
<num_pages>311</num_pages>
<work>
<id>17005994</id>
</work>
<isbn></isbn>
<isbn13>9781742375748</isbn13>
<average_rating>3.53</average_rating>
<ratings_count>320</ratings_count>
<publication_year>2011</publication_year>
<publication_month></publication_month>
<publication_day></publication_day>
<authors>
<author>
<id>72678</id>
<name>Catherine Jinks</name>
<link><![CDATA[https://www.goodreads.com/author/show/72678.Catherine_Jinks]]></link>
</author>
</authors>
</book>

          <book>
<id>17403533</id>
<title>Song of the Slums</title>
<title_without_series>Song of the Slums</title_without_series>
<link><![CDATA[https://www.goodreads.com/book/show/17403533-song-of-the-slums]]></link>
<small_image_url><![CDATA[https://images.gr-assets.com/books/1365402906s/17403533.jpg]]></small_image_url>
<image_url><![CDATA[https://images.gr-assets.com/books/1365402906m/17403533.jpg]]></image_url>
<num_pages>372</num_pages>
<work>
<id>24239856</id>
</work>
<isbn>1743310056</isbn>
<isbn13>9781743310052</isbn13>
<average_rating>3.73</average_rating>
<ratings_count>232</ratings_count>
<publication_year>2013</publication_year>
<publication_month>5</publication_month>
<publication_day>1</publication_day>
<authors>
<author>
<id>65171</id>
<name>Richard Harland</name>
<link><![CDATA[https://www.goodreads.com/author/show/65171.Richard_Harland]]></link>
</author>
</authors>
</book>

          <book>
<id>11702955</id>
<title>Crow Country</title>
<title_without_series>Crow Country</title_without_series>
<link><![CDATA[https://www.goodreads.com/book/show/11702955-crow-country]]></link>
<small_image_url><![CDATA[https://images.gr-assets.com/books/1322687121s/11702955.jpg]]></small_image_url>
<image_url><![CDATA[https://images.gr-assets.com/books/1322687121m/11702955.jpg]]></image_url>
<num_pages>252</num_pages>
<work>
<id>16650239</id>
</work>
<isbn>174237395X</isbn>
<isbn13>9781742373959</isbn13>
<average_rating>3.62</average_rating>
<ratings_count>592</ratings_count>
<publication_year>2012</publication_year>
<publication_month>5</publication_month>
<publication_day>1</publication_day>
<authors>
<author>
<id>273399</id>
<name>Kate Constable</name>
<link><![CDATA[https://www.goodreads.com/author/show/273399.Kate_Constable]]></link>
</author>
</authors>
</book>

          <book>
<id>6096231</id>
<title><![CDATA[Happenstance Found (The Books of Umber, #1)]]></title>
<title_without_series>Happenstance Found</title_without_series>
<link><![CDATA[https://www.goodreads.com/book/show/6096231-happenstance-found]]></link>
<small_image_url><![CDATA[https://s.gr-assets.com/assets/nophoto/book/50x75-a91bf249278a81aabab721ef782c4a74.png]]></small_image_url>
<image_url><![CDATA[https://s.gr-assets.com/assets/nophoto/book/111x148-bcc042a9c91a29c1d680899eff700a03.png]]></image_url>
<num_pages></num_pages>
<work>
<id>6273321</id>
</work>
<isbn>1416975195</isbn>
<isbn13>9781416975199</isbn13>
<average_rating>3.99</average_rating>
<ratings_count>4142</ratings_count>
<publication_year></publication_year>
<publication_month></publication_month>
<publication_day></publication_day>
<authors>
<author>
<id>129092</id>
<name>P.W. Catanese</name>
<link><![CDATA[https://www.goodreads.com/author/show/129092.P_W_Catanese]]></link>
</author>
</authors>
</book>

          <book>
<id>6580712</id>
<title>Boys Without Names</title>
<title_without_series>Boys Without Names</title_without_series>
<link><![CDATA[https://www.goodreads.com/book/show/6580712-boys-without-names]]></link>
<small_image_url><![CDATA[https://s.gr-assets.com/assets/nophoto/book/50x75-a91bf249278a81aabab721ef782c4a74.png]]></small_image_url>
<image_url><![CDATA[https://s.gr-assets.com/assets/nophoto/book/111x148-bcc042a9c91a29c1d680899eff700a03.png]]></image_url>
<num_pages>320</num_pages>
<work>
<id>6774144</id>
</work>
<isbn>0061857602</isbn>
<isbn13>9780061857607</isbn13>
<average_rating>3.92</average_rating>
<ratings_count>1915</ratings_count>
<publication_year>2010</publication_year>
<publication_month>1</publication_month>
<publication_day>19</publication_day>
<authors>
<author>
<id>146951</id>
<name>Kashmira Sheth</name>
<link><![CDATA[https://www.goodreads.com/author/show/146951.Kashmira_Sheth]]></link>
</author>
</authors>
</book>

          <book>
<id>12078852</id>
<title>The Starkin Crown </title>
<title_without_series>The Starkin Crown</title_without_series>
<link><![CDATA[https://www.goodreads.com/book/show/12078852-the-starkin-crown]]></link>
<small_image_url><![CDATA[https://images.gr-assets.com/books/1395017434s/12078852.jpg]]></small_image_url>
<image_url><![CDATA[https://images.gr-assets.com/books/1395017434m/12078852.jpg]]></image_url>
<num_pages>282</num_pages>
<work>
<id>17046715</id>
</work>
<isbn>0330404040</isbn>
<isbn13>9780330404044</isbn13>
<average_rating>4.12</average_rating>
<ratings_count>120</ratings_count>
<publication_year>2011</publication_year>
<publication_month>5</publication_month>
<publication_day>1</publication_day>
<authors>
<author>
<id>16143</id>
<name>Kate Forsyth</name>
<link><![CDATA[https://www.goodreads.com/author/show/16143.Kate_Forsyth]]></link>
</author>
</authors>
</book>

  </similar_books>
</book>

</GoodreadsResponse>