<?xml version="1.0" encoding="UTF-8"?>
<GoodreadsResponse>
  <Request>
    <authentication>true</authentication>
      <key><![CDATA[all_men_must_serve]]></key>
    <method><![CDATA[book_show]]></method>
  </Request>
  <book>
  <id>105576</id>
  <title>Five Point Someone</title>
  <isbn><![CDATA[8129104598]]></isbn>
  <isbn13><![CDATA[9788129104595]]></isbn13>
  <asin><![CDATA[]]></asin>
  <kindle_asin><![CDATA[B013VO02QI]]></kindle_asin>
  <marketplace_id><![CDATA[A1F83G8C2ARO7P]]></marketplace_id>
  <country_code><![CDATA[GB]]></country_code>
  <image_url>https://images.gr-assets.com/books/1298571209m/105576.jpg</image_url>
  <small_image_url>https://images.gr-assets.com/books/1298571209s/105576.jpg</small_image_url>
  <publication_year></publication_year>
  <publication_month></publication_month>
  <publication_day></publication_day>
  <publisher></publisher>
  <language_code>en-GB</language_code>
  <is_ebook>false</is_ebook>
  <description><![CDATA[Five Point Someone is a story about three friends in IIT who are unable to cope.<br /><br />The book starts with a disclaimer, “This is not a book to teach you how to get into IIT or even how to live in college. In fact, it describes how screwed up things can get if you don’t think straight.”<br /><br />Three hostelmates – Alok, Hari and Ryan get off to a bad start in IIT – they screw up the first class quiz. And while they try to make amends, things only get worse. It takes them a while to realize: If you try and screw with the IIT system, it comes back to double screw you. Before they know it, they are at the lowest echelons of IIT society. They have a five-point-something GPA out of ten, ranking near the end of their class. This GPA is a tattoo that will remain with them, and come in the way of anything else that matters – their friendship, their future, their love life. While the world expects IITians to conquer the world, these guys are struggling to survive.<br /><br />Will they make it? Do under performers have a right to live? Can they show that they are not just a five-point-somebody but a five-point-someone?]]></description>
  <work>
  <id type="integer">101768</id>
  <books_count type="integer">20</books_count>
  <best_book_id type="integer">105576</best_book_id>
  <reviews_count type="integer">92484</reviews_count>
  <ratings_sum type="integer">236916</ratings_sum>
  <ratings_count type="integer">69101</ratings_count>
  <text_reviews_count type="integer">1786</text_reviews_count>
  <original_publication_year type="integer">2004</original_publication_year>
  <original_publication_month type="integer" nil="true"/>
  <original_publication_day type="integer" nil="true"/>
  <original_title>Five Point Someone: What Not to Do at IIT</original_title>
  <original_language_id type="integer" nil="true"/>
  <media_type>book</media_type>
  <rating_dist>5:11347|4:22497|3:22974|2:8988|1:3295|total:69101</rating_dist>
  <desc_user_id type="integer">4777229</desc_user_id>
  <default_chaptering_book_id type="integer" nil="true"/>
  <default_description_language_code nil="true"/>
</work>
  <average_rating>3.43</average_rating>
  <num_pages><![CDATA[267]]></num_pages>
  <format><![CDATA[]]></format>
  <edition_information><![CDATA[]]></edition_information>
  <ratings_count><![CDATA[67477]]></ratings_count>
  <text_reviews_count><![CDATA[1718]]></text_reviews_count>
  <url><![CDATA[https://www.goodreads.com/book/show/105576.Five_Point_Someone]]></url>
  <link><![CDATA[https://www.goodreads.com/book/show/105576.Five_Point_Someone]]></link>
  <authors>
<author>
<id>61124</id>
<name>Chetan Bhagat</name>
<role></role>
<image_url nophoto='false'>
<![CDATA[https://images.gr-assets.com/authors/1255919964p5/61124.jpg]]>
</image_url>
<small_image_url nophoto='false'>
<![CDATA[https://images.gr-assets.com/authors/1255919964p2/61124.jpg]]>
</small_image_url>
<link><![CDATA[https://www.goodreads.com/author/show/61124.Chetan_Bhagat]]></link>
<average_rating>3.15</average_rating>
<ratings_count>339835</ratings_count>
<text_reviews_count>11863</text_reviews_count>
</author>
</authors>

    <reviews_widget>
      <![CDATA[
        <style>
  #goodreads-widget {
    font-family: georgia, serif;
    padding: 18px 0;
    width:565px;
  }
  #goodreads-widget h1 {
    font-weight:normal;
    font-size: 16px;
    border-bottom: 1px solid #BBB596;
    margin-bottom: 0;
  }
  #goodreads-widget a {
    text-decoration: none;
    color:#660;
  }
  iframe{
    background-color: #fff;
  }
  #goodreads-widget a:hover { text-decoration: underline; }
  #goodreads-widget a:active {
    color:#660;
  }
  #gr_footer {
    width: 100%;
    border-top: 1px solid #BBB596;
    text-align: right;
  }
  #goodreads-widget .gr_branding{
    color: #382110;
    font-size: 11px;
    text-decoration: none;
    font-family: "Helvetica Neue", Helvetica, Arial, sans-serif;
  }
</style>
<div id="goodreads-widget">
  <div id="gr_header"><h1><a rel="nofollow" href="https://www.goodreads.com/book/show/105576.Five_Point_Someone">Five Point Someone Reviews</a></h1></div>
  <iframe id="the_iframe" src="https://www.goodreads.com/api/reviews_widget_iframe?did=DEVELOPER_ID&amp;format=html&amp;isbn=8129104598&amp;links=660&amp;min_rating=&amp;review_back=fff&amp;stars=000&amp;text=000" width="565" height="400" frameborder="0"></iframe>
  <div id="gr_footer">
    <a class="gr_branding" target="_blank" rel="nofollow" href="https://www.goodreads.com/book/show/105576.Five_Point_Someone?utm_medium=api&amp;utm_source=reviews_widget">Reviews from Goodreads.com</a>
  </div>
</div>

      ]]>
    </reviews_widget>
  <popular_shelves>
      <shelf name="to-read" count="12384"/>
      <shelf name="currently-reading" count="905"/>
      <shelf name="fiction" count="452"/>
      <shelf name="indian-authors" count="147"/>
      <shelf name="chetan-bhagat" count="144"/>
      <shelf name="indian" count="124"/>
      <shelf name="favorites" count="121"/>
      <shelf name="india" count="85"/>
      <shelf name="books-i-own" count="69"/>
      <shelf name="owned" count="67"/>
      <shelf name="english" count="53"/>
      <shelf name="indian-author" count="47"/>
      <shelf name="indian-fiction" count="46"/>
      <shelf name="novels" count="42"/>
      <shelf name="romance" count="38"/>
      <shelf name="contemporary" count="38"/>
      <shelf name="humor" count="38"/>
      <shelf name="young-adult" count="33"/>
      <shelf name="indian-writing" count="27"/>
      <shelf name="completed" count="24"/>
      <shelf name="owned-books" count="22"/>
      <shelf name="drama" count="22"/>
      <shelf name="default" count="21"/>
      <shelf name="my-books" count="20"/>
      <shelf name="humour" count="20"/>
      <shelf name="novel" count="20"/>
      <shelf name="my-library" count="18"/>
      <shelf name="indian-literature" count="17"/>
      <shelf name="i-own" count="17"/>
      <shelf name="favourites" count="13"/>
      <shelf name="chetan" count="12"/>
      <shelf name="contemporary-fiction" count="12"/>
      <shelf name="comedy" count="11"/>
      <shelf name="indian-writers" count="10"/>
      <shelf name="shelfari-favorites" count="9"/>
      <shelf name="ya" count="9"/>
      <shelf name="light-reads" count="9"/>
      <shelf name="borrowed" count="9"/>
      <shelf name="books" count="8"/>
      <shelf name="library" count="8"/>
      <shelf name="funny" count="8"/>
      <shelf name="1" count="8"/>
      <shelf name="book" count="8"/>
      <shelf name="asia" count="7"/>
      <shelf name="already-read" count="7"/>
      <shelf name="my-favourites" count="7"/>
      <shelf name="my-collection" count="7"/>
      <shelf name="literature" count="6"/>
      <shelf name="trash" count="6"/>
      <shelf name="indian-books" count="6"/>
      <shelf name="indian-english" count="6"/>
      <shelf name="my-shelf" count="6"/>
      <shelf name="non-fiction" count="6"/>
      <shelf name="college" count="6"/>
      <shelf name="friendship" count="6"/>
      <shelf name="paperback" count="5"/>
      <shelf name="popular-fiction" count="5"/>
      <shelf name="indian-lit" count="5"/>
      <shelf name="finished" count="5"/>
      <shelf name="own-it" count="5"/>
      <shelf name="favorite" count="5"/>
      <shelf name="other" count="5"/>
      <shelf name="my" count="5"/>
      <shelf name="timepass" count="5"/>
      <shelf name="fictions" count="5"/>
      <shelf name="fun-on-the-read" count="4"/>
      <shelf name="book-to-movie" count="4"/>
      <shelf name="bought" count="4"/>
      <shelf name="hard-copy" count="4"/>
      <shelf name="love" count="4"/>
      <shelf name="life" count="4"/>
      <shelf name="chick-lit" count="4"/>
      <shelf name="waste-of-time" count="4"/>
      <shelf name="slice-of-life" count="4"/>
      <shelf name="story" count="4"/>
      <shelf name="general-fiction" count="4"/>
      <shelf name="worst-reads" count="4"/>
      <shelf name="cb" count="4"/>
      <shelf name="bookshelf" count="4"/>
      <shelf name="romantic" count="4"/>
      <shelf name="favs" count="4"/>
      <shelf name="misc" count="4"/>
      <shelf name="light-fiction" count="4"/>
      <shelf name="one-time-read" count="4"/>
      <shelf name="abandoned" count="4"/>
      <shelf name="modern-fiction" count="4"/>
      <shelf name="in-my-shelf" count="4"/>
      <shelf name="light-reading" count="4"/>
      <shelf name="favourite" count="4"/>
      <shelf name="wish-list" count="4"/>
      <shelf name="fun" count="4"/>
      <shelf name="standalone" count="3"/>
      <shelf name="indian-writer-in-english" count="3"/>
      <shelf name="read-fiction" count="3"/>
      <shelf name="new-adult" count="3"/>
      <shelf name="read-again" count="3"/>
      <shelf name="adult" count="3"/>
      <shelf name="seen-the-movie" count="3"/>
      <shelf name="a" count="3"/>
      <shelf name="scanned" count="3"/>
  </popular_shelves>
  <book_links>
    <book_link>
  <id>8</id>
  <name>Libraries</name>
  <link>https://www.goodreads.com/book_link/follow/8</link>
</book_link>

  </book_links>
  <buy_links>
    <buy_link>
<id>1</id>
<name>Amazon</name>
<link>https://www.goodreads.com/book_link/follow/1</link>
</buy_link>
<buy_link>
<id>10</id>
<name>Audible</name>
<link>https://www.goodreads.com/book_link/follow/10</link>
</buy_link>
<buy_link>
<id>3</id>
<name>Barnes &amp; Noble</name>
<link>https://www.goodreads.com/book_link/follow/3</link>
</buy_link>
<buy_link>
<id>1027</id>
<name>Kobo</name>
<link>https://www.goodreads.com/book_link/follow/1027</link>
</buy_link>
<buy_link>
<id>2102</id>
<name>Apple iBooks</name>
<link>https://www.goodreads.com/book_link/follow/2102</link>
</buy_link>
<buy_link>
<id>8036</id>
<name>Google Play</name>
<link>https://www.goodreads.com/book_link/follow/8036</link>
</buy_link>
<buy_link>
<id>4</id>
<name>Abebooks</name>
<link>https://www.goodreads.com/book_link/follow/4</link>
</buy_link>
<buy_link>
<id>882</id>
<name>Book Depository</name>
<link>https://www.goodreads.com/book_link/follow/882</link>
</buy_link>
<buy_link>
<id>9</id>
<name>Indigo</name>
<link>https://www.goodreads.com/book_link/follow/9</link>
</buy_link>
<buy_link>
<id>2</id>
<name>Half.com</name>
<link>https://www.goodreads.com/book_link/follow/2</link>
</buy_link>
<buy_link>
<id>5</id>
<name>Alibris</name>
<link>https://www.goodreads.com/book_link/follow/5</link>
</buy_link>
<buy_link>
<id>107</id>
<name>Better World Books</name>
<link>https://www.goodreads.com/book_link/follow/107</link>
</buy_link>
<buy_link>
<id>7</id>
<name>IndieBound</name>
<link>https://www.goodreads.com/book_link/follow/7</link>
</buy_link>

  </buy_links>
  <series_works>
    
  </series_works>
  <similar_books>
          <book>
<id>8240188</id>
<title>Johnny Gone Down</title>
<title_without_series>Johnny Gone Down</title_without_series>
<link><![CDATA[https://www.goodreads.com/book/show/8240188-johnny-gone-down]]></link>
<small_image_url><![CDATA[https://s.gr-assets.com/assets/nophoto/book/50x75-a91bf249278a81aabab721ef782c4a74.png]]></small_image_url>
<image_url><![CDATA[https://s.gr-assets.com/assets/nophoto/book/111x148-bcc042a9c91a29c1d680899eff700a03.png]]></image_url>
<num_pages>324</num_pages>
<work>
<id>18373778</id>
</work>
<isbn>8172237863</isbn>
<isbn13>9788172237868</isbn13>
<average_rating>3.45</average_rating>
<ratings_count>2155</ratings_count>
<publication_year>2010</publication_year>
<publication_month>4</publication_month>
<publication_day>1</publication_day>
<authors>
<author>
<id>1687270</id>
<name>Karan Bajaj</name>
<link><![CDATA[https://www.goodreads.com/author/show/1687270.Karan_Bajaj]]></link>
</author>
</authors>
</book>

          <book>
<id>8142431</id>
<title>Connect The Dots</title>
<title_without_series>Connect The Dots</title_without_series>
<link><![CDATA[https://www.goodreads.com/book/show/8142431-connect-the-dots]]></link>
<small_image_url><![CDATA[https://s.gr-assets.com/assets/nophoto/book/50x75-a91bf249278a81aabab721ef782c4a74.png]]></small_image_url>
<image_url><![CDATA[https://s.gr-assets.com/assets/nophoto/book/111x148-bcc042a9c91a29c1d680899eff700a03.png]]></image_url>
<num_pages>305</num_pages>
<work>
<id>12939777</id>
</work>
<isbn>8190453025</isbn>
<isbn13>9788190453028</isbn13>
<average_rating>3.72</average_rating>
<ratings_count>4902</ratings_count>
<publication_year>2010</publication_year>
<publication_month>4</publication_month>
<publication_day>14</publication_day>
<authors>
<author>
<id>1984197</id>
<name>Rashmi Bansal</name>
<link><![CDATA[https://www.goodreads.com/author/show/1984197.Rashmi_Bansal]]></link>
</author>
</authors>
</book>

          <book>
<id>7913305</id>
<title><![CDATA[The Immortals of Meluha (Shiva Trilogy, #1)]]></title>
<title_without_series>The Immortals of Meluha</title_without_series>
<link><![CDATA[https://www.goodreads.com/book/show/7913305-the-immortals-of-meluha]]></link>
<small_image_url><![CDATA[https://images.gr-assets.com/books/1334659192s/7913305.jpg]]></small_image_url>
<image_url><![CDATA[https://images.gr-assets.com/books/1334659192m/7913305.jpg]]></image_url>
<num_pages>436</num_pages>
<work>
<id>11196793</id>
</work>
<isbn></isbn>
<isbn13></isbn13>
<average_rating>4.00</average_rating>
<ratings_count>70535</ratings_count>
<publication_year>2010</publication_year>
<publication_month>4</publication_month>
<publication_day>1</publication_day>
<authors>
<author>
<id>4343092</id>
<name>Amish Tripathi</name>
<link><![CDATA[https://www.goodreads.com/author/show/4343092.Amish_Tripathi]]></link>
</author>
</authors>
</book>

          <book>
<id>7607527</id>
<title>The Professional</title>
<title_without_series>The Professional</title_without_series>
<link><![CDATA[https://www.goodreads.com/book/show/7607527-the-professional]]></link>
<small_image_url><![CDATA[https://s.gr-assets.com/assets/nophoto/book/50x75-a91bf249278a81aabab721ef782c4a74.png]]></small_image_url>
<image_url><![CDATA[https://s.gr-assets.com/assets/nophoto/book/111x148-bcc042a9c91a29c1d680899eff700a03.png]]></image_url>
<num_pages>240</num_pages>
<work>
<id>7292986</id>
</work>
<isbn>0670082953</isbn>
<isbn13>9780670082957</isbn13>
<average_rating>3.81</average_rating>
<ratings_count>630</ratings_count>
<publication_year>2010</publication_year>
<publication_month>5</publication_month>
<publication_day>26</publication_day>
<authors>
<author>
<id>1663695</id>
<name>Subroto Bagchi</name>
<link><![CDATA[https://www.goodreads.com/author/show/1663695.Subroto_Bagchi]]></link>
</author>
</authors>
</book>

          <book>
<id>12607061</id>
<title>The Incredible Banker</title>
<title_without_series>The Incredible Banker</title_without_series>
<link><![CDATA[https://www.goodreads.com/book/show/12607061-the-incredible-banker]]></link>
<small_image_url><![CDATA[https://images.gr-assets.com/books/1316772839s/12607061.jpg]]></small_image_url>
<image_url><![CDATA[https://images.gr-assets.com/books/1316772839m/12607061.jpg]]></image_url>
<num_pages></num_pages>
<work>
<id>17622384</id>
</work>
<isbn>8129118777</isbn>
<isbn13>9788129118776</isbn13>
<average_rating>3.50</average_rating>
<ratings_count>1813</ratings_count>
<publication_year>2011</publication_year>
<publication_month>9</publication_month>
<publication_day>21</publication_day>
<authors>
<author>
<id>1164847</id>
<name>Ravi Subramanian</name>
<link><![CDATA[https://www.goodreads.com/author/show/1164847.Ravi_Subramanian]]></link>
</author>
</authors>
</book>

          <book>
<id>7977973</id>
<title>I Too Had A Love Story</title>
<title_without_series>I Too Had A Love Story</title_without_series>
<link><![CDATA[https://www.goodreads.com/book/show/7977973-i-too-had-a-love-story]]></link>
<small_image_url><![CDATA[https://images.gr-assets.com/books/1270373915s/7977973.jpg]]></small_image_url>
<image_url><![CDATA[https://images.gr-assets.com/books/1270373915m/7977973.jpg]]></image_url>
<num_pages>112</num_pages>
<work>
<id>7364012</id>
</work>
<isbn></isbn>
<isbn13></isbn13>
<average_rating>3.64</average_rating>
<ratings_count>29178</ratings_count>
<publication_year>2011</publication_year>
<publication_month></publication_month>
<publication_day></publication_day>
<authors>
<author>
<id>800588</id>
<name>Ravinder Singh</name>
<link><![CDATA[https://www.goodreads.com/author/show/800588.Ravinder_Singh]]></link>
</author>
</authors>
</book>

          <book>
<id>4241531</id>
<title>Bombay Rains, Bombay Girls</title>
<title_without_series>Bombay Rains, Bombay Girls</title_without_series>
<link><![CDATA[https://www.goodreads.com/book/show/4241531-bombay-rains-bombay-girls]]></link>
<small_image_url><![CDATA[https://images.gr-assets.com/books/1327991461s/4241531.jpg]]></small_image_url>
<image_url><![CDATA[https://images.gr-assets.com/books/1327991461m/4241531.jpg]]></image_url>
<num_pages>453</num_pages>
<work>
<id>4288950</id>
</work>
<isbn>8172236832</isbn>
<isbn13>9788172236830</isbn13>
<average_rating>3.32</average_rating>
<ratings_count>1130</ratings_count>
<publication_year>2015</publication_year>
<publication_month>4</publication_month>
<publication_day>7</publication_day>
<authors>
<author>
<id>1787175</id>
<name>Anirban Bose</name>
<link><![CDATA[https://www.goodreads.com/author/show/1787175.Anirban_Bose]]></link>
</author>
</authors>
</book>

          <book>
<id>10098912</id>
<title>Chanakya&apos;s Chant</title>
<title_without_series>Chanakya&apos;s Chant</title_without_series>
<link><![CDATA[https://www.goodreads.com/book/show/10098912-chanakya-s-chant]]></link>
<small_image_url><![CDATA[https://images.gr-assets.com/books/1327939570s/10098912.jpg]]></small_image_url>
<image_url><![CDATA[https://images.gr-assets.com/books/1327939570m/10098912.jpg]]></image_url>
<num_pages>448</num_pages>
<work>
<id>14996005</id>
</work>
<isbn>9380658674</isbn>
<isbn13>9789380658674</isbn13>
<average_rating>3.68</average_rating>
<ratings_count>17286</ratings_count>
<publication_year>2010</publication_year>
<publication_month>1</publication_month>
<publication_day>26</publication_day>
<authors>
<author>
<id>4230687</id>
<name>Ashwin Sanghi</name>
<link><![CDATA[https://www.goodreads.com/author/show/4230687.Ashwin_Sanghi]]></link>
</author>
</authors>
</book>

          <book>
<id>634583</id>
<title><![CDATA[Wings of Fire: An Autobiography]]></title>
<title_without_series><![CDATA[Wings of Fire: An Autobiography]]></title_without_series>
<link><![CDATA[https://www.goodreads.com/book/show/634583.Wings_of_Fire]]></link>
<small_image_url><![CDATA[https://images.gr-assets.com/books/1295670969s/634583.jpg]]></small_image_url>
<image_url><![CDATA[https://images.gr-assets.com/books/1295670969m/634583.jpg]]></image_url>
<num_pages></num_pages>
<work>
<id>620871</id>
</work>
<isbn>8173711461</isbn>
<isbn13>9788173711466</isbn13>
<average_rating>4.19</average_rating>
<ratings_count>26718</ratings_count>
<publication_year>2011</publication_year>
<publication_month>1</publication_month>
<publication_day>11</publication_day>
<authors>
<author>
<id>986042</id>
<name>A.P.J. Abdul Kalam</name>
<link><![CDATA[https://www.goodreads.com/author/show/986042.A_P_J_Abdul_Kalam]]></link>
</author>
</authors>
</book>

          <book>
<id>714711</id>
<title><![CDATA[You Can Win: A Step by Step Tool for Top Achievers]]></title>
<title_without_series><![CDATA[You Can Win: A Step by Step Tool for Top Achievers]]></title_without_series>
<link><![CDATA[https://www.goodreads.com/book/show/714711.You_Can_Win]]></link>
<small_image_url><![CDATA[https://s.gr-assets.com/assets/nophoto/book/50x75-a91bf249278a81aabab721ef782c4a74.png]]></small_image_url>
<image_url><![CDATA[https://s.gr-assets.com/assets/nophoto/book/111x148-bcc042a9c91a29c1d680899eff700a03.png]]></image_url>
<num_pages>290</num_pages>
<work>
<id>700965</id>
</work>
<isbn>1904910033</isbn>
<isbn13>9781904910039</isbn13>
<average_rating>3.83</average_rating>
<ratings_count>11855</ratings_count>
<publication_year>2010</publication_year>
<publication_month>1</publication_month>
<publication_day>1</publication_day>
<authors>
<author>
<id>132676</id>
<name>Shiv Khera</name>
<link><![CDATA[https://www.goodreads.com/author/show/132676.Shiv_Khera]]></link>
</author>
</authors>
</book>

          <book>
<id>14082</id>
<title>Malgudi Days</title>
<title_without_series>Malgudi Days</title_without_series>
<link><![CDATA[https://www.goodreads.com/book/show/14082.Malgudi_Days]]></link>
<small_image_url><![CDATA[https://images.gr-assets.com/books/1455574981s/14082.jpg]]></small_image_url>
<image_url><![CDATA[https://images.gr-assets.com/books/1455574981m/14082.jpg]]></image_url>
<num_pages>264</num_pages>
<work>
<id>2501383</id>
</work>
<isbn>0143039652</isbn>
<isbn13>9780143039655</isbn13>
<average_rating>4.20</average_rating>
<ratings_count>12529</ratings_count>
<publication_year>2006</publication_year>
<publication_month>11</publication_month>
<publication_day>2</publication_day>
<authors>
<author>
<id>1305302</id>
<name>R.K. Narayan</name>
<link><![CDATA[https://www.goodreads.com/author/show/1305302.R_K_Narayan]]></link>
</author>
</authors>
</book>

          <book>
<id>7522463</id>
<title>A Thing Beyond Forever</title>
<title_without_series>A Thing Beyond Forever</title_without_series>
<link><![CDATA[https://www.goodreads.com/book/show/7522463-a-thing-beyond-forever]]></link>
<small_image_url><![CDATA[https://images.gr-assets.com/books/1305124082s/7522463.jpg]]></small_image_url>
<image_url><![CDATA[https://images.gr-assets.com/books/1305124082m/7522463.jpg]]></image_url>
<num_pages>212</num_pages>
<work>
<id>9746632</id>
</work>
<isbn>8188575674</isbn>
<isbn13>9788188575671</isbn13>
<average_rating>3.68</average_rating>
<ratings_count>1698</ratings_count>
<publication_year>2008</publication_year>
<publication_month>9</publication_month>
<publication_day>17</publication_day>
<authors>
<author>
<id>3302329</id>
<name>Novoneel Chakraborty</name>
<link><![CDATA[https://www.goodreads.com/author/show/3302329.Novoneel_Chakraborty]]></link>
</author>
</authors>
</book>

          <book>
<id>1184484</id>
<title>Wise And Otherwise</title>
<title_without_series>Wise And Otherwise</title_without_series>
<link><![CDATA[https://www.goodreads.com/book/show/1184484.Wise_And_Otherwise]]></link>
<small_image_url><![CDATA[https://s.gr-assets.com/assets/nophoto/book/50x75-a91bf249278a81aabab721ef782c4a74.png]]></small_image_url>
<image_url><![CDATA[https://s.gr-assets.com/assets/nophoto/book/111x148-bcc042a9c91a29c1d680899eff700a03.png]]></image_url>
<num_pages>220</num_pages>
<work>
<id>1172434</id>
</work>
<isbn>0143062220</isbn>
<isbn13>9780143062226</isbn13>
<average_rating>3.87</average_rating>
<ratings_count>5965</ratings_count>
<publication_year>2006</publication_year>
<publication_month></publication_month>
<publication_day></publication_day>
<authors>
<author>
<id>577199</id>
<name>Sudha Murty</name>
<link><![CDATA[https://www.goodreads.com/author/show/577199.Sudha_Murty]]></link>
</author>
</authors>
</book>

          <book>
<id>37447</id>
<title>The Inscrutable Americans</title>
<title_without_series>The Inscrutable Americans</title_without_series>
<link><![CDATA[https://www.goodreads.com/book/show/37447.The_Inscrutable_Americans]]></link>
<small_image_url><![CDATA[https://s.gr-assets.com/assets/nophoto/book/50x75-a91bf249278a81aabab721ef782c4a74.png]]></small_image_url>
<image_url><![CDATA[https://s.gr-assets.com/assets/nophoto/book/111x148-bcc042a9c91a29c1d680899eff700a03.png]]></image_url>
<num_pages>224</num_pages>
<work>
<id>474606</id>
</work>
<isbn>1577310241</isbn>
<isbn13>9781577310242</isbn13>
<average_rating>3.26</average_rating>
<ratings_count>5805</ratings_count>
<publication_year>1991</publication_year>
<publication_month>12</publication_month>
<publication_day>12</publication_day>
<authors>
<author>
<id>21046</id>
<name>Anurag Mathur</name>
<link><![CDATA[https://www.goodreads.com/author/show/21046.Anurag_Mathur]]></link>
</author>
</authors>
</book>

          <book>
<id>3840329</id>
<title>The Zoya Factor</title>
<title_without_series>The Zoya Factor</title_without_series>
<link><![CDATA[https://www.goodreads.com/book/show/3840329-the-zoya-factor]]></link>
<small_image_url><![CDATA[https://images.gr-assets.com/books/1411336569s/3840329.jpg]]></small_image_url>
<image_url><![CDATA[https://images.gr-assets.com/books/1411336569m/3840329.jpg]]></image_url>
<num_pages>511</num_pages>
<work>
<id>3885170</id>
</work>
<isbn>8172237480</isbn>
<isbn13>9788172237486</isbn13>
<average_rating>3.63</average_rating>
<ratings_count>3515</ratings_count>
<publication_year>2015</publication_year>
<publication_month>4</publication_month>
<publication_day>21</publication_day>
<authors>
<author>
<id>1637550</id>
<name>Anuja Chauhan</name>
<link><![CDATA[https://www.goodreads.com/author/show/1637550.Anuja_Chauhan]]></link>
</author>
</authors>
</book>

  </similar_books>
</book>

</GoodreadsResponse>