<?xml version="1.0" encoding="UTF-8"?>
<GoodreadsResponse>
  <Request>
    <authentication>true</authentication>
      <key><![CDATA[all_men_must_serve]]></key>
    <method><![CDATA[book_show]]></method>
  </Request>
  <book>
  <id>105687</id>
  <title><![CDATA[All Souls: A Family Story from Southie]]></title>
  <isbn><![CDATA[034544177X]]></isbn>
  <isbn13><![CDATA[9780345441775]]></isbn13>
  <asin><![CDATA[]]></asin>
  <kindle_asin><![CDATA[B001S0TTJE]]></kindle_asin>
  <marketplace_id><![CDATA[A1F83G8C2ARO7P]]></marketplace_id>
  <country_code><![CDATA[GB]]></country_code>
  <image_url>https://s.gr-assets.com/assets/nophoto/book/111x148-bcc042a9c91a29c1d680899eff700a03.png</image_url>
  <small_image_url>https://s.gr-assets.com/assets/nophoto/book/50x75-a91bf249278a81aabab721ef782c4a74.png</small_image_url>
  <publication_year>2000</publication_year>
  <publication_month>10</publication_month>
  <publication_day>3</publication_day>
  <publisher>Ballantine Books</publisher>
  <language_code>eng</language_code>
  <is_ebook>false</is_ebook>
  <description><![CDATA[Michael Patrick MacDonald grew up in "the best place in the world"--the Irish-American Old Colony projects of South Boston--where 85% of the residents collect welfare in an area with the highest concentration of impoverished whites in the U.S. <br /><br />In <i>All Souls,</i> MacDonald takes us deep into the secret heart of Southie. With radiant insight, he opens up a contradictory world, where residents are besieged by gangs and crime but refuse to admit any problems, remaining fiercely loyal to their community. MacDonald also introduces us to the unforgettable people who inhabit this proud neighborhood. <br /><br />We meet his mother, Ma MacDonald, an accordion-playing, spiked-heel-wearing, indomitable mother to all; Whitey Bulger, the lord of Southie, gangster and father figure, protector and punisher; and Michael's beloved siblings, nearly half of whom were lost forever to drugs, murder, or suicide.<br /><br />MacDonald’s story is ultimately one of overcoming the racist, classist ideology he was born into. It's also a searing portrayal of life in a poor, white neighborhood plagued by violence and crime and deeply in denial about it.]]></description>
  <work>
  <id type="integer">87220</id>
  <books_count type="integer">14</books_count>
  <best_book_id type="integer">105687</best_book_id>
  <reviews_count type="integer">16807</reviews_count>
  <ratings_sum type="integer">38300</ratings_sum>
  <ratings_count type="integer">9407</ratings_count>
  <text_reviews_count type="integer">781</text_reviews_count>
  <original_publication_year type="integer">1999</original_publication_year>
  <original_publication_month type="integer" nil="true"/>
  <original_publication_day type="integer" nil="true"/>
  <original_title>All Souls: A Family Story from Southie</original_title>
  <original_language_id type="integer" nil="true"/>
  <media_type>book</media_type>
  <rating_dist>5:3374|4:3815|3:1816|2:320|1:82|total:9407</rating_dist>
  <desc_user_id type="integer">31790427</desc_user_id>
  <default_chaptering_book_id type="integer" nil="true"/>
  <default_description_language_code nil="true"/>
</work>
  <average_rating>4.07</average_rating>
  <num_pages><![CDATA[263]]></num_pages>
  <format><![CDATA[Paperback]]></format>
  <edition_information><![CDATA[]]></edition_information>
  <ratings_count><![CDATA[8348]]></ratings_count>
  <text_reviews_count><![CDATA[714]]></text_reviews_count>
  <url><![CDATA[https://www.goodreads.com/book/show/105687.All_Souls]]></url>
  <link><![CDATA[https://www.goodreads.com/book/show/105687.All_Souls]]></link>
  <authors>
<author>
<id>51918</id>
<name>Michael Patrick MacDonald</name>
<role></role>
<image_url nophoto='false'>
<![CDATA[https://images.gr-assets.com/authors/1197106385p5/51918.jpg]]>
</image_url>
<small_image_url nophoto='false'>
<![CDATA[https://images.gr-assets.com/authors/1197106385p2/51918.jpg]]>
</small_image_url>
<link><![CDATA[https://www.goodreads.com/author/show/51918.Michael_Patrick_MacDonald]]></link>
<average_rating>4.04</average_rating>
<ratings_count>10214</ratings_count>
<text_reviews_count>886</text_reviews_count>
</author>
</authors>

    <reviews_widget>
      <![CDATA[
        <style>
  #goodreads-widget {
    font-family: georgia, serif;
    padding: 18px 0;
    width:565px;
  }
  #goodreads-widget h1 {
    font-weight:normal;
    font-size: 16px;
    border-bottom: 1px solid #BBB596;
    margin-bottom: 0;
  }
  #goodreads-widget a {
    text-decoration: none;
    color:#660;
  }
  iframe{
    background-color: #fff;
  }
  #goodreads-widget a:hover { text-decoration: underline; }
  #goodreads-widget a:active {
    color:#660;
  }
  #gr_footer {
    width: 100%;
    border-top: 1px solid #BBB596;
    text-align: right;
  }
  #goodreads-widget .gr_branding{
    color: #382110;
    font-size: 11px;
    text-decoration: none;
    font-family: "Helvetica Neue", Helvetica, Arial, sans-serif;
  }
</style>
<div id="goodreads-widget">
  <div id="gr_header"><h1><a rel="nofollow" href="https://www.goodreads.com/book/show/105687.All_Souls">All Souls Reviews</a></h1></div>
  <iframe id="the_iframe" src="https://www.goodreads.com/api/reviews_widget_iframe?did=DEVELOPER_ID&amp;format=html&amp;isbn=034544177X&amp;links=660&amp;min_rating=&amp;review_back=fff&amp;stars=000&amp;text=000" width="565" height="400" frameborder="0"></iframe>
  <div id="gr_footer">
    <a class="gr_branding" target="_blank" rel="nofollow" href="https://www.goodreads.com/book/show/105687.All_Souls?utm_medium=api&amp;utm_source=reviews_widget">Reviews from Goodreads.com</a>
  </div>
</div>

      ]]>
    </reviews_widget>
  <popular_shelves>
      <shelf name="to-read" count="6073"/>
      <shelf name="currently-reading" count="214"/>
      <shelf name="non-fiction" count="177"/>
      <shelf name="memoir" count="153"/>
      <shelf name="nonfiction" count="90"/>
      <shelf name="memoirs" count="85"/>
      <shelf name="favorites" count="78"/>
      <shelf name="boston" count="55"/>
      <shelf name="history" count="33"/>
      <shelf name="biography" count="33"/>
      <shelf name="book-club" count="30"/>
      <shelf name="autobiography" count="16"/>
      <shelf name="books-i-own" count="15"/>
      <shelf name="owned" count="14"/>
      <shelf name="crime" count="14"/>
      <shelf name="biography-memoir" count="14"/>
      <shelf name="kindle" count="13"/>
      <shelf name="school" count="13"/>
      <shelf name="family" count="13"/>
      <shelf name="irish" count="12"/>
      <shelf name="new-england" count="11"/>
      <shelf name="memoir-biography" count="9"/>
      <shelf name="sociology" count="9"/>
      <shelf name="poverty" count="8"/>
      <shelf name="adult" count="8"/>
      <shelf name="race" count="7"/>
      <shelf name="default" count="6"/>
      <shelf name="20th-century" count="6"/>
      <shelf name="audible" count="6"/>
      <shelf name="massachusetts" count="6"/>
      <shelf name="for-school" count="6"/>
      <shelf name="biographies" count="6"/>
      <shelf name="abandoned" count="5"/>
      <shelf name="ebook" count="5"/>
      <shelf name="true-crime" count="5"/>
      <shelf name="usa" count="5"/>
      <shelf name="social-justice" count="5"/>
      <shelf name="historical" count="5"/>
      <shelf name="biographies-and-memoirs" count="5"/>
      <shelf name="to-read-non-fiction" count="4"/>
      <shelf name="politics" count="4"/>
      <shelf name="bookclub" count="4"/>
      <shelf name="library" count="4"/>
      <shelf name="coming-of-age" count="4"/>
      <shelf name="bio" count="3"/>
      <shelf name="shelfari-favorites" count="3"/>
      <shelf name="irish-americans" count="3"/>
      <shelf name="family-relationships" count="3"/>
      <shelf name="audiobooks" count="3"/>
      <shelf name="audiobook" count="3"/>
      <shelf name="read-in-2014" count="3"/>
      <shelf name="college" count="3"/>
      <shelf name="social-work" count="3"/>
      <shelf name="school-books" count="3"/>
      <shelf name="drama" count="3"/>
      <shelf name="owned-books" count="3"/>
      <shelf name="could-not-finish" count="3"/>
      <shelf name="biographies-memoirs" count="3"/>
      <shelf name="southie" count="3"/>
      <shelf name="families" count="3"/>
      <shelf name="own-it" count="3"/>
      <shelf name="biography-autobiography" count="3"/>
      <shelf name="thought-provoking" count="3"/>
      <shelf name="want-to-read" count="3"/>
      <shelf name="1970s" count="3"/>
      <shelf name="unread" count="3"/>
      <shelf name="memoir-and-biography" count="3"/>
      <shelf name="memiors" count="3"/>
      <shelf name="faves" count="3"/>
      <shelf name="bookgroup" count="3"/>
      <shelf name="biography-memoirs" count="3"/>
      <shelf name="bio-memoir" count="3"/>
      <shelf name="contemporary" count="3"/>
      <shelf name="favorite" count="3"/>
      <shelf name="biographical" count="3"/>
      <shelf name="american" count="3"/>
      <shelf name="biography-and-memoir" count="2"/>
      <shelf name="18-books-every-white-ally-should-re" count="2"/>
      <shelf name="read-in-2016" count="2"/>
      <shelf name="racial-justice" count="2"/>
      <shelf name="1960s" count="2"/>
      <shelf name="home-library" count="2"/>
      <shelf name="bios-memoirs" count="2"/>
      <shelf name="memior-autobiography" count="2"/>
      <shelf name="up-next" count="2"/>
      <shelf name="to-read-nonfiction" count="2"/>
      <shelf name="mybooks" count="2"/>
      <shelf name="my-ebooks" count="2"/>
      <shelf name="read-in-2015" count="2"/>
      <shelf name="identity" count="2"/>
      <shelf name="read-2014" count="2"/>
      <shelf name="siblings" count="2"/>
      <shelf name="true-stories" count="2"/>
      <shelf name="race-and-culture" count="2"/>
      <shelf name="stand-alone" count="2"/>
      <shelf name="9th-grade-reading-list" count="2"/>
      <shelf name="2014-reads" count="2"/>
      <shelf name="ebooks" count="2"/>
      <shelf name="school-reads" count="2"/>
      <shelf name="childhood-favorites" count="2"/>
  </popular_shelves>
  <book_links>
    <book_link>
  <id>8</id>
  <name>Libraries</name>
  <link>https://www.goodreads.com/book_link/follow/8</link>
</book_link>

  </book_links>
  <buy_links>
    <buy_link>
<id>1</id>
<name>Amazon</name>
<link>https://www.goodreads.com/book_link/follow/1</link>
</buy_link>
<buy_link>
<id>10</id>
<name>Audible</name>
<link>https://www.goodreads.com/book_link/follow/10</link>
</buy_link>
<buy_link>
<id>3</id>
<name>Barnes &amp; Noble</name>
<link>https://www.goodreads.com/book_link/follow/3</link>
</buy_link>
<buy_link>
<id>1027</id>
<name>Kobo</name>
<link>https://www.goodreads.com/book_link/follow/1027</link>
</buy_link>
<buy_link>
<id>2102</id>
<name>Apple iBooks</name>
<link>https://www.goodreads.com/book_link/follow/2102</link>
</buy_link>
<buy_link>
<id>8036</id>
<name>Google Play</name>
<link>https://www.goodreads.com/book_link/follow/8036</link>
</buy_link>
<buy_link>
<id>4</id>
<name>Abebooks</name>
<link>https://www.goodreads.com/book_link/follow/4</link>
</buy_link>
<buy_link>
<id>882</id>
<name>Book Depository</name>
<link>https://www.goodreads.com/book_link/follow/882</link>
</buy_link>
<buy_link>
<id>9</id>
<name>Indigo</name>
<link>https://www.goodreads.com/book_link/follow/9</link>
</buy_link>
<buy_link>
<id>2</id>
<name>Half.com</name>
<link>https://www.goodreads.com/book_link/follow/2</link>
</buy_link>
<buy_link>
<id>5</id>
<name>Alibris</name>
<link>https://www.goodreads.com/book_link/follow/5</link>
</buy_link>
<buy_link>
<id>107</id>
<name>Better World Books</name>
<link>https://www.goodreads.com/book_link/follow/107</link>
</buy_link>
<buy_link>
<id>7</id>
<name>IndieBound</name>
<link>https://www.goodreads.com/book_link/follow/7</link>
</buy_link>

  </buy_links>
  <series_works>
    
  </series_works>
  <similar_books>
          <book>
<id>25109</id>
<title><![CDATA[Common Ground: A Turbulent Decade in the Lives of Three American Families]]></title>
<title_without_series><![CDATA[Common Ground: A Turbulent Decade in the Lives of Three American Families]]></title_without_series>
<link><![CDATA[https://www.goodreads.com/book/show/25109.Common_Ground]]></link>
<small_image_url><![CDATA[https://images.gr-assets.com/books/1403175091s/25109.jpg]]></small_image_url>
<image_url><![CDATA[https://images.gr-assets.com/books/1403175091m/25109.jpg]]></image_url>
<num_pages>688</num_pages>
<work>
<id>1995190</id>
</work>
<isbn>0394746163</isbn>
<isbn13>9780394746166</isbn13>
<average_rating>4.26</average_rating>
<ratings_count>1808</ratings_count>
<publication_year>1986</publication_year>
<publication_month>8</publication_month>
<publication_day>12</publication_day>
<authors>
<author>
<id>14102</id>
<name>J. Anthony Lukas</name>
<link><![CDATA[https://www.goodreads.com/author/show/14102.J_Anthony_Lukas]]></link>
</author>
</authors>
</book>

          <book>
<id>71111</id>
<title>Black Mass</title>
<title_without_series>Black Mass</title_without_series>
<link><![CDATA[https://www.goodreads.com/book/show/71111.Black_Mass]]></link>
<small_image_url><![CDATA[https://s.gr-assets.com/assets/nophoto/book/50x75-a91bf249278a81aabab721ef782c4a74.png]]></small_image_url>
<image_url><![CDATA[https://s.gr-assets.com/assets/nophoto/book/111x148-bcc042a9c91a29c1d680899eff700a03.png]]></image_url>
<num_pages></num_pages>
<work>
<id>1365904</id>
</work>
<isbn>0060959258</isbn>
<isbn13>9780060959258</isbn13>
<average_rating>3.78</average_rating>
<ratings_count>5362</ratings_count>
<publication_year></publication_year>
<publication_month></publication_month>
<publication_day></publication_day>
<authors>
<author>
<id>40202</id>
<name>Dick Lehr</name>
<link><![CDATA[https://www.goodreads.com/author/show/40202.Dick_Lehr]]></link>
</author>
</authors>
</book>

          <book>
<id>149171</id>
<title><![CDATA[The Brothers Bulger: How They Terrorized and Corrupted Boston for a Quarter Century]]></title>
<title_without_series><![CDATA[The Brothers Bulger: How They Terrorized and Corrupted Boston for a Quarter Century]]></title_without_series>
<link><![CDATA[https://www.goodreads.com/book/show/149171.The_Brothers_Bulger]]></link>
<small_image_url><![CDATA[https://images.gr-assets.com/books/1344263903s/149171.jpg]]></small_image_url>
<image_url><![CDATA[https://images.gr-assets.com/books/1344263903m/149171.jpg]]></image_url>
<num_pages>464</num_pages>
<work>
<id>143969</id>
</work>
<isbn>0446618888</isbn>
<isbn13>9780446618885</isbn13>
<average_rating>3.63</average_rating>
<ratings_count>1453</ratings_count>
<publication_year>2006</publication_year>
<publication_month>11</publication_month>
<publication_day>1</publication_day>
<authors>
<author>
<id>86253</id>
<name>Howie Carr</name>
<link><![CDATA[https://www.goodreads.com/author/show/86253.Howie_Carr]]></link>
</author>
</authors>
</book>

          <book>
<id>310975</id>
<title><![CDATA[And Still We Rise: The Trials and Triumphs of Twelve Gifted Inner-City Students]]></title>
<title_without_series><![CDATA[And Still We Rise: The Trials and Triumphs of Twelve Gifted Inner-City Students]]></title_without_series>
<link><![CDATA[https://www.goodreads.com/book/show/310975.And_Still_We_Rise]]></link>
<small_image_url><![CDATA[https://s.gr-assets.com/assets/nophoto/book/50x75-a91bf249278a81aabab721ef782c4a74.png]]></small_image_url>
<image_url><![CDATA[https://s.gr-assets.com/assets/nophoto/book/111x148-bcc042a9c91a29c1d680899eff700a03.png]]></image_url>
<num_pages></num_pages>
<work>
<id>301904</id>
</work>
<isbn>0380798298</isbn>
<isbn13>9780380798292</isbn13>
<average_rating>4.13</average_rating>
<ratings_count>900</ratings_count>
<publication_year></publication_year>
<publication_month></publication_month>
<publication_day></publication_day>
<authors>
<author>
<id>59202</id>
<name>Miles Corwin</name>
<link><![CDATA[https://www.goodreads.com/author/show/59202.Miles_Corwin]]></link>
</author>
</authors>
</book>

          <book>
<id>8883183</id>
<title><![CDATA[Eden on the Charles: The Making of Boston]]></title>
<title_without_series><![CDATA[Eden on the Charles: The Making of Boston]]></title_without_series>
<link><![CDATA[https://www.goodreads.com/book/show/8883183-eden-on-the-charles]]></link>
<small_image_url><![CDATA[https://s.gr-assets.com/assets/nophoto/book/50x75-a91bf249278a81aabab721ef782c4a74.png]]></small_image_url>
<image_url><![CDATA[https://s.gr-assets.com/assets/nophoto/book/111x148-bcc042a9c91a29c1d680899eff700a03.png]]></image_url>
<num_pages>367</num_pages>
<work>
<id>13759066</id>
</work>
<isbn>0674048415</isbn>
<isbn13>9780674048416</isbn13>
<average_rating>3.58</average_rating>
<ratings_count>80</ratings_count>
<publication_year>2010</publication_year>
<publication_month>10</publication_month>
<publication_day>1</publication_day>
<authors>
<author>
<id>4199505</id>
<name>Michael Rawson</name>
<link><![CDATA[https://www.goodreads.com/author/show/4199505.Michael_Rawson]]></link>
</author>
</authors>
</book>

          <book>
<id>559887</id>
<title><![CDATA[Dark Tide: The Great Boston Molasses Flood of 1919]]></title>
<title_without_series><![CDATA[Dark Tide: The Great Boston Molasses Flood of 1919]]></title_without_series>
<link><![CDATA[https://www.goodreads.com/book/show/559887.Dark_Tide]]></link>
<small_image_url><![CDATA[https://images.gr-assets.com/books/1320495434s/559887.jpg]]></small_image_url>
<image_url><![CDATA[https://images.gr-assets.com/books/1320495434m/559887.jpg]]></image_url>
<num_pages>280</num_pages>
<work>
<id>547048</id>
</work>
<isbn>0807050210</isbn>
<isbn13>9780807050217</isbn13>
<average_rating>3.92</average_rating>
<ratings_count>2727</ratings_count>
<publication_year>2004</publication_year>
<publication_month>9</publication_month>
<publication_day>16</publication_day>
<authors>
<author>
<id>306988</id>
<name>Stephen Puleo</name>
<link><![CDATA[https://www.goodreads.com/author/show/306988.Stephen_Puleo]]></link>
</author>
</authors>
</book>

          <book>
<id>4067581</id>
<title><![CDATA[The Irish Americans: A History]]></title>
<title_without_series><![CDATA[The Irish Americans: A History]]></title_without_series>
<link><![CDATA[https://www.goodreads.com/book/show/4067581-the-irish-americans]]></link>
<small_image_url><![CDATA[https://images.gr-assets.com/books/1312037776s/4067581.jpg]]></small_image_url>
<image_url><![CDATA[https://images.gr-assets.com/books/1312037776m/4067581.jpg]]></image_url>
<num_pages>368</num_pages>
<work>
<id>4114680</id>
</work>
<isbn>159691419X</isbn>
<isbn13>9781596914193</isbn13>
<average_rating>3.60</average_rating>
<ratings_count>482</ratings_count>
<publication_year>2008</publication_year>
<publication_month>11</publication_month>
<publication_day>3</publication_day>
<authors>
<author>
<id>356230</id>
<name>Jay P. Dolan</name>
<link><![CDATA[https://www.goodreads.com/author/show/356230.Jay_P_Dolan]]></link>
</author>
</authors>
</book>

          <book>
<id>181433</id>
<title><![CDATA[Change Me into Zeus's Daughter: A Memoir]]></title>
<title_without_series><![CDATA[Change Me into Zeus's Daughter: A Memoir]]></title_without_series>
<link><![CDATA[https://www.goodreads.com/book/show/181433.Change_Me_into_Zeus_s_Daughter]]></link>
<small_image_url><![CDATA[https://s.gr-assets.com/assets/nophoto/book/50x75-a91bf249278a81aabab721ef782c4a74.png]]></small_image_url>
<image_url><![CDATA[https://s.gr-assets.com/assets/nophoto/book/111x148-bcc042a9c91a29c1d680899eff700a03.png]]></image_url>
<num_pages></num_pages>
<work>
<id>1976567</id>
</work>
<isbn>0743202198</isbn>
<isbn13>9780743202190</isbn13>
<average_rating>4.02</average_rating>
<ratings_count>2139</ratings_count>
<publication_year></publication_year>
<publication_month></publication_month>
<publication_day></publication_day>
<authors>
<author>
<id>105769</id>
<name>Barbara Robinette Moss</name>
<link><![CDATA[https://www.goodreads.com/author/show/105769.Barbara_Robinette_Moss]]></link>
</author>
</authors>
</book>

          <book>
<id>107700</id>
<title><![CDATA[An American Requiem: God, My Father & the War That Came Between Us]]></title>
<title_without_series><![CDATA[An American Requiem: God, My Father & the War That Came Between Us]]></title_without_series>
<link><![CDATA[https://www.goodreads.com/book/show/107700.An_American_Requiem]]></link>
<small_image_url><![CDATA[https://s.gr-assets.com/assets/nophoto/book/50x75-a91bf249278a81aabab721ef782c4a74.png]]></small_image_url>
<image_url><![CDATA[https://s.gr-assets.com/assets/nophoto/book/111x148-bcc042a9c91a29c1d680899eff700a03.png]]></image_url>
<num_pages></num_pages>
<work>
<id>103805</id>
</work>
<isbn>039585993X</isbn>
<isbn13>9780395859933</isbn13>
<average_rating>3.92</average_rating>
<ratings_count>542</ratings_count>
<publication_year></publication_year>
<publication_month></publication_month>
<publication_day></publication_day>
<authors>
<author>
<id>62337</id>
<name>James Carroll</name>
<link><![CDATA[https://www.goodreads.com/author/show/62337.James_Carroll]]></link>
</author>
</authors>
</book>

          <book>
<id>10406939</id>
<title>Holy Ghost Girl: A Memoir</title>
<title_without_series>Holy Ghost Girl: A Memoir</title_without_series>
<link><![CDATA[https://www.goodreads.com/book/show/10406939-holy-ghost-girl]]></link>
<small_image_url><![CDATA[https://images.gr-assets.com/books/1311705748s/10406939.jpg]]></small_image_url>
<image_url><![CDATA[https://images.gr-assets.com/books/1311705748m/10406939.jpg]]></image_url>
<num_pages>278</num_pages>
<work>
<id>15310988</id>
</work>
<isbn>1592406300</isbn>
<isbn13>9781592406302</isbn13>
<average_rating>3.70</average_rating>
<ratings_count>1613</ratings_count>
<publication_year></publication_year>
<publication_month></publication_month>
<publication_day></publication_day>
<authors>
<author>
<id>432822</id>
<name>Donna Johnson</name>
<link><![CDATA[https://www.goodreads.com/author/show/432822.Donna_Johnson]]></link>
</author>
</authors>
</book>

          <book>
<id>224228</id>
<title>Welfare Brat</title>
<title_without_series>Welfare Brat</title_without_series>
<link><![CDATA[https://www.goodreads.com/book/show/224228.Welfare_Brat]]></link>
<small_image_url><![CDATA[https://s.gr-assets.com/assets/nophoto/book/50x75-a91bf249278a81aabab721ef782c4a74.png]]></small_image_url>
<image_url><![CDATA[https://s.gr-assets.com/assets/nophoto/book/111x148-bcc042a9c91a29c1d680899eff700a03.png]]></image_url>
<num_pages></num_pages>
<work>
<id>217160</id>
</work>
<isbn>1582345899</isbn>
<isbn13>9781582345895</isbn13>
<average_rating>3.68</average_rating>
<ratings_count>277</ratings_count>
<publication_year></publication_year>
<publication_month></publication_month>
<publication_day></publication_day>
<authors>
<author>
<id>131212</id>
<name>Mary Childers</name>
<link><![CDATA[https://www.goodreads.com/author/show/131212.Mary_Childers]]></link>
</author>
</authors>
</book>

          <book>
<id>28969</id>
<title>Sweet and Low: A Family Story</title>
<title_without_series>Sweet and Low: A Family Story</title_without_series>
<link><![CDATA[https://www.goodreads.com/book/show/28969.Sweet_and_Low]]></link>
<small_image_url><![CDATA[https://s.gr-assets.com/assets/nophoto/book/50x75-a91bf249278a81aabab721ef782c4a74.png]]></small_image_url>
<image_url><![CDATA[https://s.gr-assets.com/assets/nophoto/book/111x148-bcc042a9c91a29c1d680899eff700a03.png]]></image_url>
<num_pages></num_pages>
<work>
<id>566221</id>
</work>
<isbn>0374272298</isbn>
<isbn13>9780374272296</isbn13>
<average_rating>3.49</average_rating>
<ratings_count>1023</ratings_count>
<publication_year></publication_year>
<publication_month></publication_month>
<publication_day></publication_day>
<authors>
<author>
<id>16283</id>
<name>Rich Cohen</name>
<link><![CDATA[https://www.goodreads.com/author/show/16283.Rich_Cohen]]></link>
</author>
</authors>
</book>

          <book>
<id>88612</id>
<title>Growing Up</title>
<title_without_series>Growing Up</title_without_series>
<link><![CDATA[https://www.goodreads.com/book/show/88612.Growing_Up]]></link>
<small_image_url><![CDATA[https://s.gr-assets.com/assets/nophoto/book/50x75-a91bf249278a81aabab721ef782c4a74.png]]></small_image_url>
<image_url><![CDATA[https://s.gr-assets.com/assets/nophoto/book/111x148-bcc042a9c91a29c1d680899eff700a03.png]]></image_url>
<num_pages>352</num_pages>
<work>
<id>85515</id>
</work>
<isbn>0451168380</isbn>
<isbn13>9780451168382</isbn13>
<average_rating>4.07</average_rating>
<ratings_count>5401</ratings_count>
<publication_year>1992</publication_year>
<publication_month>6</publication_month>
<publication_day>2</publication_day>
<authors>
<author>
<id>1392861</id>
<name>Russell Baker</name>
<link><![CDATA[https://www.goodreads.com/author/show/1392861.Russell_Baker]]></link>
</author>
</authors>
</book>

          <book>
<id>434918</id>
<title><![CDATA[Brutal: The Untold Story of My Life Inside Whitey Bulger's Irish Mob]]></title>
<title_without_series><![CDATA[Brutal: The Untold Story of My Life Inside Whitey Bulger's Irish Mob]]></title_without_series>
<link><![CDATA[https://www.goodreads.com/book/show/434918.Brutal]]></link>
<small_image_url><![CDATA[https://s.gr-assets.com/assets/nophoto/book/50x75-a91bf249278a81aabab721ef782c4a74.png]]></small_image_url>
<image_url><![CDATA[https://s.gr-assets.com/assets/nophoto/book/111x148-bcc042a9c91a29c1d680899eff700a03.png]]></image_url>
<num_pages></num_pages>
<work>
<id>1504822</id>
</work>
<isbn>0061148067</isbn>
<isbn13>9780061148064</isbn13>
<average_rating>3.68</average_rating>
<ratings_count>1000</ratings_count>
<publication_year></publication_year>
<publication_month></publication_month>
<publication_day></publication_day>
<authors>
<author>
<id>245037</id>
<name>Kevin Weeks</name>
<link><![CDATA[https://www.goodreads.com/author/show/245037.Kevin_Weeks]]></link>
</author>
</authors>
</book>

          <book>
<id>79107</id>
<title>A Drinking Life: A Memoir</title>
<title_without_series>A Drinking Life: A Memoir</title_without_series>
<link><![CDATA[https://www.goodreads.com/book/show/79107.A_Drinking_Life]]></link>
<small_image_url><![CDATA[https://s.gr-assets.com/assets/nophoto/book/50x75-a91bf249278a81aabab721ef782c4a74.png]]></small_image_url>
<image_url><![CDATA[https://s.gr-assets.com/assets/nophoto/book/111x148-bcc042a9c91a29c1d680899eff700a03.png]]></image_url>
<num_pages></num_pages>
<work>
<id>76385</id>
</work>
<isbn>0316341029</isbn>
<isbn13>9780316341028</isbn13>
<average_rating>3.88</average_rating>
<ratings_count>2752</ratings_count>
<publication_year></publication_year>
<publication_month></publication_month>
<publication_day></publication_day>
<authors>
<author>
<id>44942</id>
<name>Pete Hamill</name>
<link><![CDATA[https://www.goodreads.com/author/show/44942.Pete_Hamill]]></link>
</author>
</authors>
</book>

          <book>
<id>2578107</id>
<title><![CDATA[Hats & Eyeglasses: A Family Love Affair with Gambling]]></title>
<title_without_series><![CDATA[Hats & Eyeglasses: A Family Love Affair with Gambling]]></title_without_series>
<link><![CDATA[https://www.goodreads.com/book/show/2578107-hats-eyeglasses]]></link>
<small_image_url><![CDATA[https://s.gr-assets.com/assets/nophoto/book/50x75-a91bf249278a81aabab721ef782c4a74.png]]></small_image_url>
<image_url><![CDATA[https://s.gr-assets.com/assets/nophoto/book/111x148-bcc042a9c91a29c1d680899eff700a03.png]]></image_url>
<num_pages>240</num_pages>
<work>
<id>2591891</id>
</work>
<isbn>1585425583</isbn>
<isbn13>9781585425587</isbn13>
<average_rating>3.63</average_rating>
<ratings_count>176</ratings_count>
<publication_year>2008</publication_year>
<publication_month>2</publication_month>
<publication_day>14</publication_day>
<authors>
<author>
<id>1139017</id>
<name>Martha Frankel</name>
<link><![CDATA[https://www.goodreads.com/author/show/1139017.Martha_Frankel]]></link>
</author>
</authors>
</book>

          <book>
<id>29391</id>
<title>A Death in Belmont</title>
<title_without_series>A Death in Belmont</title_without_series>
<link><![CDATA[https://www.goodreads.com/book/show/29391.A_Death_in_Belmont]]></link>
<small_image_url><![CDATA[https://images.gr-assets.com/books/1383229209s/29391.jpg]]></small_image_url>
<image_url><![CDATA[https://images.gr-assets.com/books/1383229209m/29391.jpg]]></image_url>
<num_pages></num_pages>
<work>
<id>21596603</id>
</work>
<isbn>0393059804</isbn>
<isbn13>9781127419395</isbn13>
<average_rating>3.52</average_rating>
<ratings_count>3947</ratings_count>
<publication_year>2006</publication_year>
<publication_month>4</publication_month>
<publication_day>13</publication_day>
<authors>
<author>
<id>16494</id>
<name>Sebastian Junger</name>
<link><![CDATA[https://www.goodreads.com/author/show/16494.Sebastian_Junger]]></link>
</author>
</authors>
</book>

          <book>
<id>18339304</id>
<title><![CDATA[More Than Conquerors: A Memoir of Lost Arguments]]></title>
<title_without_series><![CDATA[More Than Conquerors: A Memoir of Lost Arguments]]></title_without_series>
<link><![CDATA[https://www.goodreads.com/book/show/18339304-more-than-conquerors]]></link>
<small_image_url><![CDATA[https://images.gr-assets.com/books/1385661272s/18339304.jpg]]></small_image_url>
<image_url><![CDATA[https://images.gr-assets.com/books/1385661272m/18339304.jpg]]></image_url>
<num_pages>240</num_pages>
<work>
<id>25892433</id>
</work>
<isbn>0374711623</isbn>
<isbn13>9780374711627</isbn13>
<average_rating>3.30</average_rating>
<ratings_count>53</ratings_count>
<publication_year>2014</publication_year>
<publication_month>2</publication_month>
<publication_day>11</publication_day>
<authors>
<author>
<id>1288729</id>
<name>Megan Hustad</name>
<link><![CDATA[https://www.goodreads.com/author/show/1288729.Megan_Hustad]]></link>
</author>
</authors>
</book>

  </similar_books>
</book>

</GoodreadsResponse>