<?xml version="1.0" encoding="UTF-8"?>
<GoodreadsResponse>
  <Request>
    <authentication>true</authentication>
      <key><![CDATA[all_men_must_serve]]></key>
    <method><![CDATA[book_show]]></method>
  </Request>
  <book>
  <id>10577</id>
  <title>Roadwork</title>
  <isbn><![CDATA[0451197879]]></isbn>
  <isbn13><![CDATA[9780451197870]]></isbn13>
  <asin><![CDATA[]]></asin>
  <kindle_asin><![CDATA[]]></kindle_asin>
  <marketplace_id><![CDATA[]]></marketplace_id>
  <country_code><![CDATA[GB]]></country_code>
  <image_url>https://s.gr-assets.com/assets/nophoto/book/111x148-bcc042a9c91a29c1d680899eff700a03.png</image_url>
  <small_image_url>https://s.gr-assets.com/assets/nophoto/book/50x75-a91bf249278a81aabab721ef782c4a74.png</small_image_url>
  <publication_year></publication_year>
  <publication_month></publication_month>
  <publication_day></publication_day>
  <publisher></publisher>
  <language_code>en-US</language_code>
  <is_ebook>false</is_ebook>
  <description><![CDATA[They're tearing down Bart Dawes's home, leveling his memories, and destroying his past, all for a new highway extension. Funny what that kind of progress can do to a man. Scary, too.]]></description>
  <work>
  <id type="integer">515657</id>
  <books_count type="integer">7</books_count>
  <best_book_id type="integer">10577</best_book_id>
  <reviews_count type="integer">32106</reviews_count>
  <ratings_sum type="integer">71920</ratings_sum>
  <ratings_count type="integer">20036</ratings_count>
  <text_reviews_count type="integer">601</text_reviews_count>
  <original_publication_year type="integer">1981</original_publication_year>
  <original_publication_month type="integer">3</original_publication_month>
  <original_publication_day type="integer" nil="true"/>
  <original_title>Roadwork</original_title>
  <original_language_id type="integer" nil="true"/>
  <media_type>book</media_type>
  <rating_dist>5:4566|4:5831|3:6982|2:2163|1:494|total:20036</rating_dist>
  <desc_user_id type="integer">8273696</desc_user_id>
  <default_chaptering_book_id type="integer" nil="true"/>
  <default_description_language_code nil="true"/>
</work>
  <average_rating>3.59</average_rating>
  <num_pages><![CDATA[]]></num_pages>
  <format><![CDATA[]]></format>
  <edition_information><![CDATA[]]></edition_information>
  <ratings_count><![CDATA[18487]]></ratings_count>
  <text_reviews_count><![CDATA[448]]></text_reviews_count>
  <url><![CDATA[https://www.goodreads.com/book/show/10577.Roadwork]]></url>
  <link><![CDATA[https://www.goodreads.com/book/show/10577.Roadwork]]></link>
  <authors>
<author>
<id>5858</id>
<name>Richard Bachman</name>
<role>Pseudonym</role>
<image_url nophoto='false'>
<![CDATA[https://images.gr-assets.com/authors/1289702449p5/5858.jpg]]>
</image_url>
<small_image_url nophoto='false'>
<![CDATA[https://images.gr-assets.com/authors/1289702449p2/5858.jpg]]>
</small_image_url>
<link><![CDATA[https://www.goodreads.com/author/show/5858.Richard_Bachman]]></link>
<average_rating>3.81</average_rating>
<ratings_count>472436</ratings_count>
<text_reviews_count>12040</text_reviews_count>
</author>
<author>
<id>3389</id>
<name>Stephen King</name>
<role></role>
<image_url nophoto='false'>
<![CDATA[https://images.gr-assets.com/authors/1362814142p5/3389.jpg]]>
</image_url>
<small_image_url nophoto='false'>
<![CDATA[https://images.gr-assets.com/authors/1362814142p2/3389.jpg]]>
</small_image_url>
<link><![CDATA[https://www.goodreads.com/author/show/3389.Stephen_King]]></link>
<average_rating>4.01</average_rating>
<ratings_count>10357556</ratings_count>
<text_reviews_count>349199</text_reviews_count>
</author>
</authors>

    <reviews_widget>
      <![CDATA[
        <style>
  #goodreads-widget {
    font-family: georgia, serif;
    padding: 18px 0;
    width:565px;
  }
  #goodreads-widget h1 {
    font-weight:normal;
    font-size: 16px;
    border-bottom: 1px solid #BBB596;
    margin-bottom: 0;
  }
  #goodreads-widget a {
    text-decoration: none;
    color:#660;
  }
  iframe{
    background-color: #fff;
  }
  #goodreads-widget a:hover { text-decoration: underline; }
  #goodreads-widget a:active {
    color:#660;
  }
  #gr_footer {
    width: 100%;
    border-top: 1px solid #BBB596;
    text-align: right;
  }
  #goodreads-widget .gr_branding{
    color: #382110;
    font-size: 11px;
    text-decoration: none;
    font-family: "Helvetica Neue", Helvetica, Arial, sans-serif;
  }
</style>
<div id="goodreads-widget">
  <div id="gr_header"><h1><a rel="nofollow" href="https://www.goodreads.com/book/show/10577.Roadwork">Roadwork Reviews</a></h1></div>
  <iframe id="the_iframe" src="https://www.goodreads.com/api/reviews_widget_iframe?did=DEVELOPER_ID&amp;format=html&amp;isbn=0451197879&amp;links=660&amp;min_rating=&amp;review_back=fff&amp;stars=000&amp;text=000" width="565" height="400" frameborder="0"></iframe>
  <div id="gr_footer">
    <a class="gr_branding" target="_blank" rel="nofollow" href="https://www.goodreads.com/book/show/10577.Roadwork?utm_medium=api&amp;utm_source=reviews_widget">Reviews from Goodreads.com</a>
  </div>
</div>

      ]]>
    </reviews_widget>
  <popular_shelves>
      <shelf name="to-read" count="9025"/>
      <shelf name="stephen-king" count="554"/>
      <shelf name="horror" count="409"/>
      <shelf name="fiction" count="222"/>
      <shelf name="currently-reading" count="200"/>
      <shelf name="king" count="84"/>
      <shelf name="thriller" count="74"/>
      <shelf name="owned" count="58"/>
      <shelf name="books-i-own" count="49"/>
      <shelf name="default" count="47"/>
      <shelf name="suspense" count="38"/>
      <shelf name="mystery" count="31"/>
      <shelf name="american" count="30"/>
      <shelf name="owned-books" count="22"/>
      <shelf name="ebooks" count="21"/>
      <shelf name="kindle" count="20"/>
      <shelf name="general" count="20"/>
      <shelf name="ghost" count="20"/>
      <shelf name="ebook" count="20"/>
      <shelf name="favorites" count="19"/>
      <shelf name="library" count="19"/>
      <shelf name="tales" count="19"/>
      <shelf name="stories" count="19"/>
      <shelf name="persons" count="18"/>
      <shelf name="homeless" count="18"/>
      <shelf name="audiobook" count="17"/>
      <shelf name="violence" count="16"/>
      <shelf name="my-books" count="15"/>
      <shelf name="novels" count="15"/>
      <shelf name="to-buy" count="15"/>
      <shelf name="audiobooks" count="14"/>
      <shelf name="e-books" count="13"/>
      <shelf name="calibre" count="13"/>
      <shelf name="e-book" count="13"/>
      <shelf name="audio-books" count="12"/>
      <shelf name="my-library" count="12"/>
      <shelf name="king-stephen" count="12"/>
      <shelf name="the-king" count="11"/>
      <shelf name="novel" count="11"/>
      <shelf name="richard-bachman" count="11"/>
      <shelf name="own-it" count="11"/>
      <shelf name="stephen-king-read" count="10"/>
      <shelf name="mystery-thriller" count="10"/>
      <shelf name="i-own" count="10"/>
      <shelf name="drama" count="9"/>
      <shelf name="have" count="9"/>
      <shelf name="audio" count="9"/>
      <shelf name="wish-list" count="9"/>
      <shelf name="read-in-2015" count="8"/>
      <shelf name="read-in-2014" count="8"/>
      <shelf name="books" count="8"/>
      <shelf name="terror" count="8"/>
      <shelf name="stephen-king-to-read" count="8"/>
      <shelf name="other" count="8"/>
      <shelf name="read-in-2017" count="7"/>
      <shelf name="unread" count="7"/>
      <shelf name="s-king" count="7"/>
      <shelf name="adult" count="7"/>
      <shelf name="english" count="7"/>
      <shelf name="horror-thriller" count="7"/>
      <shelf name="science-fiction" count="7"/>
      <shelf name="stephen-king-books" count="7"/>
      <shelf name="short-stories" count="7"/>
      <shelf name="re-read" count="7"/>
      <shelf name="general-fiction" count="7"/>
      <shelf name="stephenking" count="6"/>
      <shelf name="sk" count="6"/>
      <shelf name="kindle-books" count="6"/>
      <shelf name="finished" count="6"/>
      <shelf name="audio-book" count="6"/>
      <shelf name="to-read-fiction" count="6"/>
      <shelf name="usa" count="6"/>
      <shelf name="american-literature" count="6"/>
      <shelf name="my-collection" count="6"/>
      <shelf name="home-library" count="6"/>
      <shelf name="thrillers" count="6"/>
      <shelf name="read-in-2016" count="5"/>
      <shelf name="home" count="5"/>
      <shelf name="sub" count="5"/>
      <shelf name="steven-king" count="5"/>
      <shelf name="own-to-read" count="5"/>
      <shelf name="horror-fiction" count="5"/>
      <shelf name="horror-suspense" count="5"/>
      <shelf name="novela" count="4"/>
      <shelf name="on-kindle" count="4"/>
      <shelf name="owned-unread" count="4"/>
      <shelf name="need-to-buy" count="4"/>
      <shelf name="abandoned" count="4"/>
      <shelf name="deutsch" count="4"/>
      <shelf name="crime" count="4"/>
      <shelf name="favorite-authors" count="4"/>
      <shelf name="fantasy" count="4"/>
      <shelf name="sci-fi" count="4"/>
      <shelf name="2017-reading-challenge" count="3"/>
      <shelf name="physical" count="3"/>
      <shelf name="tbr-pile" count="3"/>
      <shelf name="shelfari-wishlist" count="3"/>
      <shelf name="owned-not-read" count="3"/>
      <shelf name="author-stephen-king" count="3"/>
      <shelf name="supernatural" count="3"/>
  </popular_shelves>
  <book_links>
    <book_link>
  <id>8</id>
  <name>Libraries</name>
  <link>https://www.goodreads.com/book_link/follow/8</link>
</book_link>

  </book_links>
  <buy_links>
    <buy_link>
<id>1</id>
<name>Amazon</name>
<link>https://www.goodreads.com/book_link/follow/1</link>
</buy_link>
<buy_link>
<id>10</id>
<name>Audible</name>
<link>https://www.goodreads.com/book_link/follow/10</link>
</buy_link>
<buy_link>
<id>3</id>
<name>Barnes &amp; Noble</name>
<link>https://www.goodreads.com/book_link/follow/3</link>
</buy_link>
<buy_link>
<id>1027</id>
<name>Kobo</name>
<link>https://www.goodreads.com/book_link/follow/1027</link>
</buy_link>
<buy_link>
<id>2102</id>
<name>Apple iBooks</name>
<link>https://www.goodreads.com/book_link/follow/2102</link>
</buy_link>
<buy_link>
<id>8036</id>
<name>Google Play</name>
<link>https://www.goodreads.com/book_link/follow/8036</link>
</buy_link>
<buy_link>
<id>4</id>
<name>Abebooks</name>
<link>https://www.goodreads.com/book_link/follow/4</link>
</buy_link>
<buy_link>
<id>882</id>
<name>Book Depository</name>
<link>https://www.goodreads.com/book_link/follow/882</link>
</buy_link>
<buy_link>
<id>9</id>
<name>Indigo</name>
<link>https://www.goodreads.com/book_link/follow/9</link>
</buy_link>
<buy_link>
<id>2</id>
<name>Half.com</name>
<link>https://www.goodreads.com/book_link/follow/2</link>
</buy_link>
<buy_link>
<id>5</id>
<name>Alibris</name>
<link>https://www.goodreads.com/book_link/follow/5</link>
</buy_link>
<buy_link>
<id>107</id>
<name>Better World Books</name>
<link>https://www.goodreads.com/book_link/follow/107</link>
</buy_link>
<buy_link>
<id>7</id>
<name>IndieBound</name>
<link>https://www.goodreads.com/book_link/follow/7</link>
</buy_link>

  </buy_links>
  <series_works>
    
  </series_works>
  <similar_books>
          <book>
<id>11605</id>
<title>Riding the Bullet</title>
<title_without_series>Riding the Bullet</title_without_series>
<link><![CDATA[https://www.goodreads.com/book/show/11605.Riding_the_Bullet]]></link>
<small_image_url><![CDATA[https://s.gr-assets.com/assets/nophoto/book/50x75-a91bf249278a81aabab721ef782c4a74.png]]></small_image_url>
<image_url><![CDATA[https://s.gr-assets.com/assets/nophoto/book/111x148-bcc042a9c91a29c1d680899eff700a03.png]]></image_url>
<num_pages>66</num_pages>
<work>
<id>1396971</id>
</work>
<isbn>0743525876</isbn>
<isbn13>9780743525879</isbn13>
<average_rating>3.60</average_rating>
<ratings_count>11344</ratings_count>
<publication_year>2002</publication_year>
<publication_month>5</publication_month>
<publication_day>1</publication_day>
<authors>
<author>
<id>3389</id>
<name>Stephen King</name>
<link><![CDATA[https://www.goodreads.com/author/show/3389.Stephen_King]]></link>
</author>
</authors>
</book>

  </similar_books>
</book>

</GoodreadsResponse>