<?xml version="1.0" encoding="UTF-8"?>
<GoodreadsResponse>
  <Request>
    <authentication>true</authentication>
      <key><![CDATA[all_men_must_serve]]></key>
    <method><![CDATA[book_show]]></method>
  </Request>
  <book>
  <id>105760</id>
  <title>Zodiac</title>
  <isbn><![CDATA[0425098087]]></isbn>
  <isbn13><![CDATA[9780425098080]]></isbn13>
  <asin><![CDATA[]]></asin>
  <kindle_asin><![CDATA[]]></kindle_asin>
  <marketplace_id><![CDATA[]]></marketplace_id>
  <country_code><![CDATA[GB]]></country_code>
  <image_url>https://images.gr-assets.com/books/1297734691m/105760.jpg</image_url>
  <small_image_url>https://images.gr-assets.com/books/1297734691s/105760.jpg</small_image_url>
  <publication_year>1987</publication_year>
  <publication_month>4</publication_month>
  <publication_day>1</publication_day>
  <publisher>Berkley</publisher>
  <language_code></language_code>
  <is_ebook>false</is_ebook>
  <description><![CDATA[Who was Zodiac? A serial killer who claimed 37 dead. A sexual sadist who taunted police with anonymous notes. A madman who was never apprehended. This is the first, complete account of Zodiac's reign of terror. Is he still out there?]]></description>
  <work>
  <id type="integer">1258126</id>
  <books_count type="integer">27</books_count>
  <best_book_id type="integer">105760</best_book_id>
  <reviews_count type="integer">26817</reviews_count>
  <ratings_sum type="integer">54924</ratings_sum>
  <ratings_count type="integer">14129</ratings_count>
  <text_reviews_count type="integer">486</text_reviews_count>
  <original_publication_year type="integer">1986</original_publication_year>
  <original_publication_month type="integer">1</original_publication_month>
  <original_publication_day type="integer">1</original_publication_day>
  <original_title>Zodiac</original_title>
  <original_language_id type="integer" nil="true"/>
  <media_type>book</media_type>
  <rating_dist>5:4083|4:5381|3:3811|2:698|1:156|total:14129</rating_dist>
  <desc_user_id type="integer" nil="true"/>
  <default_chaptering_book_id type="integer" nil="true"/>
  <default_description_language_code nil="true"/>
</work>
  <average_rating>3.89</average_rating>
  <num_pages><![CDATA[337]]></num_pages>
  <format><![CDATA[Paperback]]></format>
  <edition_information><![CDATA[]]></edition_information>
  <ratings_count><![CDATA[13133]]></ratings_count>
  <text_reviews_count><![CDATA[369]]></text_reviews_count>
  <url><![CDATA[https://www.goodreads.com/book/show/105760.Zodiac]]></url>
  <link><![CDATA[https://www.goodreads.com/book/show/105760.Zodiac]]></link>
  <authors>
<author>
<id>61248</id>
<name>Robert Graysmith</name>
<role></role>
<image_url nophoto='false'>
<![CDATA[https://images.gr-assets.com/authors/1348593378p5/61248.jpg]]>
</image_url>
<small_image_url nophoto='false'>
<![CDATA[https://images.gr-assets.com/authors/1348593378p2/61248.jpg]]>
</small_image_url>
<link><![CDATA[https://www.goodreads.com/author/show/61248.Robert_Graysmith]]></link>
<average_rating>3.83</average_rating>
<ratings_count>16187</ratings_count>
<text_reviews_count>745</text_reviews_count>
</author>
</authors>

    <reviews_widget>
      <![CDATA[
        <style>
  #goodreads-widget {
    font-family: georgia, serif;
    padding: 18px 0;
    width:565px;
  }
  #goodreads-widget h1 {
    font-weight:normal;
    font-size: 16px;
    border-bottom: 1px solid #BBB596;
    margin-bottom: 0;
  }
  #goodreads-widget a {
    text-decoration: none;
    color:#660;
  }
  iframe{
    background-color: #fff;
  }
  #goodreads-widget a:hover { text-decoration: underline; }
  #goodreads-widget a:active {
    color:#660;
  }
  #gr_footer {
    width: 100%;
    border-top: 1px solid #BBB596;
    text-align: right;
  }
  #goodreads-widget .gr_branding{
    color: #382110;
    font-size: 11px;
    text-decoration: none;
    font-family: "Helvetica Neue", Helvetica, Arial, sans-serif;
  }
</style>
<div id="goodreads-widget">
  <div id="gr_header"><h1><a rel="nofollow" href="https://www.goodreads.com/book/show/105760.Zodiac">Zodiac Reviews</a></h1></div>
  <iframe id="the_iframe" src="https://www.goodreads.com/api/reviews_widget_iframe?did=DEVELOPER_ID&amp;format=html&amp;isbn=0425098087&amp;links=660&amp;min_rating=&amp;review_back=fff&amp;stars=000&amp;text=000" width="565" height="400" frameborder="0"></iframe>
  <div id="gr_footer">
    <a class="gr_branding" target="_blank" rel="nofollow" href="https://www.goodreads.com/book/show/105760.Zodiac?utm_medium=api&amp;utm_source=reviews_widget">Reviews from Goodreads.com</a>
  </div>
</div>

      ]]>
    </reviews_widget>
  <popular_shelves>
      <shelf name="to-read" count="11236"/>
      <shelf name="true-crime" count="514"/>
      <shelf name="non-fiction" count="367"/>
      <shelf name="currently-reading" count="228"/>
      <shelf name="crime" count="166"/>
      <shelf name="nonfiction" count="126"/>
      <shelf name="books-i-own" count="59"/>
      <shelf name="favorites" count="58"/>
      <shelf name="history" count="57"/>
      <shelf name="mystery" count="56"/>
      <shelf name="owned" count="50"/>
      <shelf name="serial-killers" count="30"/>
      <shelf name="audiobook" count="28"/>
      <shelf name="horror" count="27"/>
      <shelf name="audiobooks" count="25"/>
      <shelf name="audible" count="21"/>
      <shelf name="thriller" count="21"/>
      <shelf name="audio" count="17"/>
      <shelf name="to-buy" count="15"/>
      <shelf name="owned-books" count="14"/>
      <shelf name="biography" count="13"/>
      <shelf name="my-books" count="12"/>
      <shelf name="wish-list" count="12"/>
      <shelf name="suspense" count="11"/>
      <shelf name="default" count="11"/>
      <shelf name="audio-book" count="10"/>
      <shelf name="my-library" count="10"/>
      <shelf name="20th-century" count="9"/>
      <shelf name="adult" count="9"/>
      <shelf name="serial-killer" count="9"/>
      <shelf name="historical" count="9"/>
      <shelf name="to-read-non-fiction" count="9"/>
      <shelf name="movies" count="8"/>
      <shelf name="fiction" count="8"/>
      <shelf name="murder" count="8"/>
      <shelf name="biographies" count="7"/>
      <shelf name="non-fic" count="7"/>
      <shelf name="mystery-crime" count="7"/>
      <shelf name="truecrime" count="7"/>
      <shelf name="journalism" count="6"/>
      <shelf name="crime-thriller" count="6"/>
      <shelf name="read-2016" count="5"/>
      <shelf name="to-read-nonfiction" count="5"/>
      <shelf name="maybe" count="5"/>
      <shelf name="non-fiction-to-read" count="5"/>
      <shelf name="true-stories" count="5"/>
      <shelf name="true-story" count="5"/>
      <shelf name="paperback" count="5"/>
      <shelf name="movie" count="5"/>
      <shelf name="library" count="5"/>
      <shelf name="san-francisco" count="5"/>
      <shelf name="zodiac" count="5"/>
      <shelf name="i-own" count="5"/>
      <shelf name="psychology" count="5"/>
      <shelf name="crime-mystery" count="5"/>
      <shelf name="to-read-true-crime" count="4"/>
      <shelf name="books-i-have" count="4"/>
      <shelf name="read-in-2014" count="4"/>
      <shelf name="read-in-english" count="4"/>
      <shelf name="own-it" count="4"/>
      <shelf name="tbr" count="4"/>
      <shelf name="66-no-longer-own" count="4"/>
      <shelf name="memoirs" count="4"/>
      <shelf name="audio-books" count="4"/>
      <shelf name="mystery-thriller" count="4"/>
      <shelf name="memoir" count="4"/>
      <shelf name="american" count="4"/>
      <shelf name="true-crime-to-read" count="4"/>
      <shelf name="creepy" count="4"/>
      <shelf name="americana" count="4"/>
      <shelf name="audible-com" count="4"/>
      <shelf name="california" count="4"/>
      <shelf name="mystery-suspense" count="4"/>
      <shelf name="1986" count="4"/>
      <shelf name="true" count="4"/>
      <shelf name="1980s" count="4"/>
      <shelf name="2017-reading-challenge" count="3"/>
      <shelf name="catch-up-challenge" count="3"/>
      <shelf name="read-in-2016" count="3"/>
      <shelf name="mystery-thriller-crime" count="3"/>
      <shelf name="did-not-finish" count="3"/>
      <shelf name="dark" count="3"/>
      <shelf name="favourites" count="3"/>
      <shelf name="book-club" count="3"/>
      <shelf name="books-to-buy" count="3"/>
      <shelf name="real-crime" count="3"/>
      <shelf name="nf-crime" count="3"/>
      <shelf name="book-to-movie" count="3"/>
      <shelf name="need-to-buy" count="3"/>
      <shelf name="america" count="3"/>
      <shelf name="crime-non-fiction" count="3"/>
      <shelf name="bought" count="3"/>
      <shelf name="criminology" count="3"/>
      <shelf name="want" count="3"/>
      <shelf name="reviewed" count="3"/>
      <shelf name="abandoned" count="3"/>
      <shelf name="nonfic" count="3"/>
      <shelf name="psych" count="3"/>
      <shelf name="books-made-into-movies" count="3"/>
      <shelf name="english" count="3"/>
  </popular_shelves>
  <book_links>
    <book_link>
  <id>8</id>
  <name>Libraries</name>
  <link>https://www.goodreads.com/book_link/follow/8</link>
</book_link>

  </book_links>
  <buy_links>
    <buy_link>
<id>1</id>
<name>Amazon</name>
<link>https://www.goodreads.com/book_link/follow/1</link>
</buy_link>
<buy_link>
<id>10</id>
<name>Audible</name>
<link>https://www.goodreads.com/book_link/follow/10</link>
</buy_link>
<buy_link>
<id>3</id>
<name>Barnes &amp; Noble</name>
<link>https://www.goodreads.com/book_link/follow/3</link>
</buy_link>
<buy_link>
<id>1027</id>
<name>Kobo</name>
<link>https://www.goodreads.com/book_link/follow/1027</link>
</buy_link>
<buy_link>
<id>2102</id>
<name>Apple iBooks</name>
<link>https://www.goodreads.com/book_link/follow/2102</link>
</buy_link>
<buy_link>
<id>8036</id>
<name>Google Play</name>
<link>https://www.goodreads.com/book_link/follow/8036</link>
</buy_link>
<buy_link>
<id>4</id>
<name>Abebooks</name>
<link>https://www.goodreads.com/book_link/follow/4</link>
</buy_link>
<buy_link>
<id>882</id>
<name>Book Depository</name>
<link>https://www.goodreads.com/book_link/follow/882</link>
</buy_link>
<buy_link>
<id>9</id>
<name>Indigo</name>
<link>https://www.goodreads.com/book_link/follow/9</link>
</buy_link>
<buy_link>
<id>2</id>
<name>Half.com</name>
<link>https://www.goodreads.com/book_link/follow/2</link>
</buy_link>
<buy_link>
<id>5</id>
<name>Alibris</name>
<link>https://www.goodreads.com/book_link/follow/5</link>
</buy_link>
<buy_link>
<id>107</id>
<name>Better World Books</name>
<link>https://www.goodreads.com/book_link/follow/107</link>
</buy_link>
<buy_link>
<id>7</id>
<name>IndieBound</name>
<link>https://www.goodreads.com/book_link/follow/7</link>
</buy_link>

  </buy_links>
  <series_works>
    
  </series_works>
  <similar_books>
          <book>
<id>253193</id>
<title><![CDATA[Killer Clown: The John Wayne Gacy Murders]]></title>
<title_without_series><![CDATA[Killer Clown: The John Wayne Gacy Murders]]></title_without_series>
<link><![CDATA[https://www.goodreads.com/book/show/253193.Killer_Clown]]></link>
<small_image_url><![CDATA[https://s.gr-assets.com/assets/nophoto/book/50x75-a91bf249278a81aabab721ef782c4a74.png]]></small_image_url>
<image_url><![CDATA[https://s.gr-assets.com/assets/nophoto/book/111x148-bcc042a9c91a29c1d680899eff700a03.png]]></image_url>
<num_pages>400</num_pages>
<work>
<id>245354</id>
</work>
<isbn>0786014229</isbn>
<isbn13>9780786014224</isbn13>
<average_rating>3.90</average_rating>
<ratings_count>3450</ratings_count>
<publication_year>2000</publication_year>
<publication_month>11</publication_month>
<publication_day>1</publication_day>
<authors>
<author>
<id>48934</id>
<name>Terry Sullivan</name>
<link><![CDATA[https://www.goodreads.com/author/show/48934.Terry_Sullivan]]></link>
</author>
</authors>
</book>

          <book>
<id>428810</id>
<title><![CDATA[The Ultimate Evil: The Truth about the Cult Murders: Son of Sam and Beyond]]></title>
<title_without_series><![CDATA[The Ultimate Evil: The Truth about the Cult Murders: Son of Sam and Beyond]]></title_without_series>
<link><![CDATA[https://www.goodreads.com/book/show/428810.The_Ultimate_Evil]]></link>
<small_image_url><![CDATA[https://images.gr-assets.com/books/1465150074s/428810.jpg]]></small_image_url>
<image_url><![CDATA[https://images.gr-assets.com/books/1465150074m/428810.jpg]]></image_url>
<num_pages></num_pages>
<work>
<id>417813</id>
</work>
<isbn>0760761191</isbn>
<isbn13>9780760761199</isbn13>
<average_rating>4.05</average_rating>
<ratings_count>613</ratings_count>
<publication_year></publication_year>
<publication_month></publication_month>
<publication_day></publication_day>
<authors>
<author>
<id>241693</id>
<name>Maury Terry</name>
<link><![CDATA[https://www.goodreads.com/author/show/241693.Maury_Terry]]></link>
</author>
</authors>
</book>

          <book>
<id>391281</id>
<title><![CDATA[Deviant: The Shocking True Story of Ed Gein, the Original "Psycho"]]></title>
<title_without_series><![CDATA[Deviant: The Shocking True Story of Ed Gein, the Original "Psycho"]]></title_without_series>
<link><![CDATA[https://www.goodreads.com/book/show/391281.Deviant]]></link>
<small_image_url><![CDATA[https://s.gr-assets.com/assets/nophoto/book/50x75-a91bf249278a81aabab721ef782c4a74.png]]></small_image_url>
<image_url><![CDATA[https://s.gr-assets.com/assets/nophoto/book/111x148-bcc042a9c91a29c1d680899eff700a03.png]]></image_url>
<num_pages>242</num_pages>
<work>
<id>1921078</id>
</work>
<isbn>0671025465</isbn>
<isbn13>9780671025465</isbn13>
<average_rating>3.87</average_rating>
<ratings_count>4354</ratings_count>
<publication_year>1998</publication_year>
<publication_month>10</publication_month>
<publication_day>1</publication_day>
<authors>
<author>
<id>51490</id>
<name>Harold Schechter</name>
<link><![CDATA[https://www.goodreads.com/author/show/51490.Harold_Schechter]]></link>
</author>
</authors>
</book>

          <book>
<id>609337</id>
<title><![CDATA[The Jeffrey Dahmer Story: An American Nightmare]]></title>
<title_without_series><![CDATA[The Jeffrey Dahmer Story: An American Nightmare]]></title_without_series>
<link><![CDATA[https://www.goodreads.com/book/show/609337.The_Jeffrey_Dahmer_Story]]></link>
<small_image_url><![CDATA[https://images.gr-assets.com/books/1379151006s/609337.jpg]]></small_image_url>
<image_url><![CDATA[https://images.gr-assets.com/books/1379151006m/609337.jpg]]></image_url>
<num_pages>320</num_pages>
<work>
<id>595826</id>
</work>
<isbn>0312928408</isbn>
<isbn13>9780312928407</isbn13>
<average_rating>3.85</average_rating>
<ratings_count>2323</ratings_count>
<publication_year>1991</publication_year>
<publication_month>11</publication_month>
<publication_day>15</publication_day>
<authors>
<author>
<id>23335</id>
<name>Don Davis</name>
<link><![CDATA[https://www.goodreads.com/author/show/23335.Don_Davis]]></link>
</author>
</authors>
</book>

          <book>
<id>486050</id>
<title>The Night Stalker</title>
<title_without_series>The Night Stalker</title_without_series>
<link><![CDATA[https://www.goodreads.com/book/show/486050.The_Night_Stalker]]></link>
<small_image_url><![CDATA[https://s.gr-assets.com/assets/nophoto/book/50x75-a91bf249278a81aabab721ef782c4a74.png]]></small_image_url>
<image_url><![CDATA[https://s.gr-assets.com/assets/nophoto/book/111x148-bcc042a9c91a29c1d680899eff700a03.png]]></image_url>
<num_pages>592</num_pages>
<work>
<id>474336</id>
</work>
<isbn>0786018100</isbn>
<isbn13>9780786018109</isbn13>
<average_rating>3.95</average_rating>
<ratings_count>7594</ratings_count>
<publication_year>2006</publication_year>
<publication_month>5</publication_month>
<publication_day>1</publication_day>
<authors>
<author>
<id>45145</id>
<name>Philip Carlo</name>
<link><![CDATA[https://www.goodreads.com/author/show/45145.Philip_Carlo]]></link>
</author>
</authors>
</book>

          <book>
<id>113888</id>
<title><![CDATA[The Search for the Green River Killer]]></title>
<title_without_series><![CDATA[The Search for the Green River Killer]]></title_without_series>
<link><![CDATA[https://www.goodreads.com/book/show/113888.The_Search_for_the_Green_River_Killer]]></link>
<small_image_url><![CDATA[https://images.gr-assets.com/books/1309206871s/113888.jpg]]></small_image_url>
<image_url><![CDATA[https://images.gr-assets.com/books/1309206871m/113888.jpg]]></image_url>
<num_pages>544</num_pages>
<work>
<id>851208</id>
</work>
<isbn>045121238X</isbn>
<isbn13>9780451212382</isbn13>
<average_rating>4.01</average_rating>
<ratings_count>5348</ratings_count>
<publication_year>2004</publication_year>
<publication_month>6</publication_month>
<publication_day>1</publication_day>
<authors>
<author>
<id>42021</id>
<name>Carlton Smith</name>
<link><![CDATA[https://www.goodreads.com/author/show/42021.Carlton_Smith]]></link>
</author>
</authors>
</book>

          <book>
<id>62158</id>
<title><![CDATA[The Complete History of Jack the Ripper]]></title>
<title_without_series><![CDATA[The Complete History of Jack the Ripper]]></title_without_series>
<link><![CDATA[https://www.goodreads.com/book/show/62158.The_Complete_History_of_Jack_the_Ripper]]></link>
<small_image_url><![CDATA[https://images.gr-assets.com/books/1463778197s/62158.jpg]]></small_image_url>
<image_url><![CDATA[https://images.gr-assets.com/books/1463778197m/62158.jpg]]></image_url>
<num_pages>532</num_pages>
<work>
<id>60397</id>
</work>
<isbn>1841193976</isbn>
<isbn13>9781841193977</isbn13>
<average_rating>4.08</average_rating>
<ratings_count>2284</ratings_count>
<publication_year>2006</publication_year>
<publication_month></publication_month>
<publication_day></publication_day>
<authors>
<author>
<id>34946</id>
<name>Philip Sugden</name>
<link><![CDATA[https://www.goodreads.com/author/show/34946.Philip_Sugden]]></link>
</author>
</authors>
</book>

          <book>
<id>239848</id>
<title>The I-5 Killer</title>
<title_without_series>The I-5 Killer</title_without_series>
<link><![CDATA[https://www.goodreads.com/book/show/239848.The_I_5_Killer]]></link>
<small_image_url><![CDATA[https://s.gr-assets.com/assets/nophoto/book/50x75-a91bf249278a81aabab721ef782c4a74.png]]></small_image_url>
<image_url><![CDATA[https://s.gr-assets.com/assets/nophoto/book/111x148-bcc042a9c91a29c1d680899eff700a03.png]]></image_url>
<num_pages>296</num_pages>
<work>
<id>2511096</id>
</work>
<isbn>0451165594</isbn>
<isbn13>9780451165596</isbn13>
<average_rating>3.99</average_rating>
<ratings_count>4594</ratings_count>
<publication_year></publication_year>
<publication_month></publication_month>
<publication_day></publication_day>
<authors>
<author>
<id>9678</id>
<name>Ann Rule</name>
<link><![CDATA[https://www.goodreads.com/author/show/9678.Ann_Rule]]></link>
</author>
</authors>
</book>

          <book>
<id>205662</id>
<title><![CDATA[The Only Living Witness: The True Story of Serial Sex Killer Ted Bundy]]></title>
<title_without_series><![CDATA[The Only Living Witness: The True Story of Serial Sex Killer Ted Bundy]]></title_without_series>
<link><![CDATA[https://www.goodreads.com/book/show/205662.The_Only_Living_Witness]]></link>
<small_image_url><![CDATA[https://s.gr-assets.com/assets/nophoto/book/50x75-a91bf249278a81aabab721ef782c4a74.png]]></small_image_url>
<image_url><![CDATA[https://s.gr-assets.com/assets/nophoto/book/111x148-bcc042a9c91a29c1d680899eff700a03.png]]></image_url>
<num_pages></num_pages>
<work>
<id>199036</id>
</work>
<isbn>1928704115</isbn>
<isbn13>9781928704119</isbn13>
<average_rating>4.09</average_rating>
<ratings_count>2803</ratings_count>
<publication_year></publication_year>
<publication_month></publication_month>
<publication_day></publication_day>
<authors>
<author>
<id>48884</id>
<name>Stephen G. Michaud</name>
<link><![CDATA[https://www.goodreads.com/author/show/48884.Stephen_G_Michaud]]></link>
</author>
</authors>
</book>

          <book>
<id>94340</id>
<title><![CDATA[The Cases That Haunt Us (Lisa Drew Books)]]></title>
<title_without_series>The Cases That Haunt Us</title_without_series>
<link><![CDATA[https://www.goodreads.com/book/show/94340.The_Cases_That_Haunt_Us]]></link>
<small_image_url><![CDATA[https://s.gr-assets.com/assets/nophoto/book/50x75-a91bf249278a81aabab721ef782c4a74.png]]></small_image_url>
<image_url><![CDATA[https://s.gr-assets.com/assets/nophoto/book/111x148-bcc042a9c91a29c1d680899eff700a03.png]]></image_url>
<num_pages></num_pages>
<work>
<id>90944</id>
</work>
<isbn>0671017063</isbn>
<isbn13>9780671017064</isbn13>
<average_rating>4.00</average_rating>
<ratings_count>6848</ratings_count>
<publication_year></publication_year>
<publication_month></publication_month>
<publication_day></publication_day>
<authors>
<author>
<id>54208</id>
<name>John E. Douglas</name>
<link><![CDATA[https://www.goodreads.com/author/show/54208.John_E_Douglas]]></link>
</author>
</authors>
</book>

          <book>
<id>691023</id>
<title>Murder in Greenwich</title>
<title_without_series>Murder in Greenwich</title_without_series>
<link><![CDATA[https://www.goodreads.com/book/show/691023.Murder_in_Greenwich]]></link>
<small_image_url><![CDATA[https://s.gr-assets.com/assets/nophoto/book/50x75-a91bf249278a81aabab721ef782c4a74.png]]></small_image_url>
<image_url><![CDATA[https://s.gr-assets.com/assets/nophoto/book/111x148-bcc042a9c91a29c1d680899eff700a03.png]]></image_url>
<num_pages>432</num_pages>
<work>
<id>677367</id>
</work>
<isbn>006109692X</isbn>
<isbn13>9780061096921</isbn13>
<average_rating>3.90</average_rating>
<ratings_count>5070</ratings_count>
<publication_year>1999</publication_year>
<publication_month>1</publication_month>
<publication_day>6</publication_day>
<authors>
<author>
<id>241882</id>
<name>Mark Fuhrman</name>
<link><![CDATA[https://www.goodreads.com/author/show/241882.Mark_Fuhrman]]></link>
</author>
</authors>
</book>

          <book>
<id>348575</id>
<title><![CDATA[Till Death Us Do Part: A True Murder Mystery]]></title>
<title_without_series><![CDATA[Till Death Us Do Part: A True Murder Mystery]]></title_without_series>
<link><![CDATA[https://www.goodreads.com/book/show/348575.Till_Death_Us_Do_Part]]></link>
<small_image_url><![CDATA[https://s.gr-assets.com/assets/nophoto/book/50x75-a91bf249278a81aabab721ef782c4a74.png]]></small_image_url>
<image_url><![CDATA[https://s.gr-assets.com/assets/nophoto/book/111x148-bcc042a9c91a29c1d680899eff700a03.png]]></image_url>
<num_pages>448</num_pages>
<work>
<id>338854</id>
</work>
<isbn>039332544X</isbn>
<isbn13>9780393325447</isbn13>
<average_rating>4.03</average_rating>
<ratings_count>1930</ratings_count>
<publication_year>2004</publication_year>
<publication_month>5</publication_month>
<publication_day>17</publication_day>
<authors>
<author>
<id>28828</id>
<name>Vincent Bugliosi</name>
<link><![CDATA[https://www.goodreads.com/author/show/28828.Vincent_Bugliosi]]></link>
</author>
</authors>
</book>

          <book>
<id>21706</id>
<title><![CDATA[Black Dahlia Avenger: A Genius for Murder]]></title>
<title_without_series><![CDATA[Black Dahlia Avenger: A Genius for Murder]]></title_without_series>
<link><![CDATA[https://www.goodreads.com/book/show/21706.Black_Dahlia_Avenger]]></link>
<small_image_url><![CDATA[https://s.gr-assets.com/assets/nophoto/book/50x75-a91bf249278a81aabab721ef782c4a74.png]]></small_image_url>
<image_url><![CDATA[https://s.gr-assets.com/assets/nophoto/book/111x148-bcc042a9c91a29c1d680899eff700a03.png]]></image_url>
<num_pages>624</num_pages>
<work>
<id>22805</id>
</work>
<isbn></isbn>
<isbn13>9780061139611</isbn13>
<average_rating>3.66</average_rating>
<ratings_count>2204</ratings_count>
<publication_year>2006</publication_year>
<publication_month>7</publication_month>
<publication_day>25</publication_day>
<authors>
<author>
<id>12494</id>
<name>Steve Hodel</name>
<link><![CDATA[https://www.goodreads.com/author/show/12494.Steve_Hodel]]></link>
</author>
</authors>
</book>

          <book>
<id>865810</id>
<title><![CDATA[Chasing the Devil: My Twenty-Year Quest to Capture the Green River Killer]]></title>
<title_without_series><![CDATA[Chasing the Devil: My Twenty-Year Quest to Capture the Green River Killer]]></title_without_series>
<link><![CDATA[https://www.goodreads.com/book/show/865810.Chasing_the_Devil]]></link>
<small_image_url><![CDATA[https://images.gr-assets.com/books/1344268372s/865810.jpg]]></small_image_url>
<image_url><![CDATA[https://images.gr-assets.com/books/1344268372m/865810.jpg]]></image_url>
<num_pages>320</num_pages>
<work>
<id>851212</id>
</work>
<isbn>0316156329</isbn>
<isbn13>9780316156325</isbn13>
<average_rating>3.76</average_rating>
<ratings_count>1202</ratings_count>
<publication_year>2004</publication_year>
<publication_month>7</publication_month>
<publication_day>28</publication_day>
<authors>
<author>
<id>256998</id>
<name>David Reichert</name>
<link><![CDATA[https://www.goodreads.com/author/show/256998.David_Reichert]]></link>
</author>
</authors>
</book>

          <book>
<id>105752</id>
<title><![CDATA[The Riverman: Ted Bundy and I Hunt for the Green River Killer]]></title>
<title_without_series><![CDATA[The Riverman: Ted Bundy and I Hunt for the Green River Killer]]></title_without_series>
<link><![CDATA[https://www.goodreads.com/book/show/105752.The_Riverman]]></link>
<small_image_url><![CDATA[https://s.gr-assets.com/assets/nophoto/book/50x75-a91bf249278a81aabab721ef782c4a74.png]]></small_image_url>
<image_url><![CDATA[https://s.gr-assets.com/assets/nophoto/book/111x148-bcc042a9c91a29c1d680899eff700a03.png]]></image_url>
<num_pages>624</num_pages>
<work>
<id>101933</id>
</work>
<isbn>0743463951</isbn>
<isbn13>9780743463959</isbn13>
<average_rating>3.91</average_rating>
<ratings_count>2720</ratings_count>
<publication_year>2004</publication_year>
<publication_month>1</publication_month>
<publication_day>27</publication_day>
<authors>
<author>
<id>109224</id>
<name>Robert D. Keppel</name>
<link><![CDATA[https://www.goodreads.com/author/show/109224.Robert_D_Keppel]]></link>
</author>
</authors>
</book>

          <book>
<id>384687</id>
<title>The Hillside Stranglers</title>
<title_without_series>The Hillside Stranglers</title_without_series>
<link><![CDATA[https://www.goodreads.com/book/show/384687.The_Hillside_Stranglers]]></link>
<small_image_url><![CDATA[https://s.gr-assets.com/assets/nophoto/book/50x75-a91bf249278a81aabab721ef782c4a74.png]]></small_image_url>
<image_url><![CDATA[https://s.gr-assets.com/assets/nophoto/book/111x148-bcc042a9c91a29c1d680899eff700a03.png]]></image_url>
<num_pages>448</num_pages>
<work>
<id>374419</id>
</work>
<isbn>0786711582</isbn>
<isbn13>9780786711581</isbn13>
<average_rating>3.93</average_rating>
<ratings_count>3424</ratings_count>
<publication_year>2003</publication_year>
<publication_month>5</publication_month>
<publication_day>15</publication_day>
<authors>
<author>
<id>149339</id>
<name>Darcy O&apos;Brien</name>
<link><![CDATA[https://www.goodreads.com/author/show/149339.Darcy_O_Brien]]></link>
</author>
</authors>
</book>

          <book>
<id>75076</id>
<title>The Boston Strangler</title>
<title_without_series>The Boston Strangler</title_without_series>
<link><![CDATA[https://www.goodreads.com/book/show/75076.The_Boston_Strangler]]></link>
<small_image_url><![CDATA[https://s.gr-assets.com/assets/nophoto/book/50x75-a91bf249278a81aabab721ef782c4a74.png]]></small_image_url>
<image_url><![CDATA[https://s.gr-assets.com/assets/nophoto/book/111x148-bcc042a9c91a29c1d680899eff700a03.png]]></image_url>
<num_pages></num_pages>
<work>
<id>72616</id>
</work>
<isbn>0451032306</isbn>
<isbn13>9780451032300</isbn13>
<average_rating>3.75</average_rating>
<ratings_count>859</ratings_count>
<publication_year>1967</publication_year>
<publication_month>8</publication_month>
<publication_day>31</publication_day>
<authors>
<author>
<id>348142</id>
<name>Gerold Frank</name>
<link><![CDATA[https://www.goodreads.com/author/show/348142.Gerold_Frank]]></link>
</author>
</authors>
</book>

          <book>
<id>135892</id>
<title>The Family</title>
<title_without_series>The Family</title_without_series>
<link><![CDATA[https://www.goodreads.com/book/show/135892.The_Family]]></link>
<small_image_url><![CDATA[https://s.gr-assets.com/assets/nophoto/book/50x75-a91bf249278a81aabab721ef782c4a74.png]]></small_image_url>
<image_url><![CDATA[https://s.gr-assets.com/assets/nophoto/book/111x148-bcc042a9c91a29c1d680899eff700a03.png]]></image_url>
<num_pages>560</num_pages>
<work>
<id>130960</id>
</work>
<isbn>1560253967</isbn>
<isbn13>9781560253969</isbn13>
<average_rating>3.90</average_rating>
<ratings_count>1977</ratings_count>
<publication_year>2002</publication_year>
<publication_month>11</publication_month>
<publication_day>8</publication_day>
<authors>
<author>
<id>28353</id>
<name>Ed Sanders</name>
<link><![CDATA[https://www.goodreads.com/author/show/28353.Ed_Sanders]]></link>
</author>
</authors>
</book>

  </similar_books>
</book>

</GoodreadsResponse>