<?xml version="1.0" encoding="UTF-8"?>
<GoodreadsResponse>
  <Request>
    <authentication>true</authentication>
      <key><![CDATA[all_men_must_serve]]></key>
    <method><![CDATA[book_show]]></method>
  </Request>
  <book>
  <id>10579</id>
  <title><![CDATA[Everything's Eventual: 14 Dark Tales]]></title>
  <isbn><![CDATA[1416524355]]></isbn>
  <isbn13><![CDATA[9781416524359]]></isbn13>
  <asin><![CDATA[]]></asin>
  <kindle_asin><![CDATA[B003BKZW8G]]></kindle_asin>
  <marketplace_id><![CDATA[A1F83G8C2ARO7P]]></marketplace_id>
  <country_code><![CDATA[GB]]></country_code>
  <image_url>https://s.gr-assets.com/assets/nophoto/book/111x148-bcc042a9c91a29c1d680899eff700a03.png</image_url>
  <small_image_url>https://s.gr-assets.com/assets/nophoto/book/50x75-a91bf249278a81aabab721ef782c4a74.png</small_image_url>
  <publication_year>2005</publication_year>
  <publication_month>11</publication_month>
  <publication_day>1</publication_day>
  <publisher>Pocket Books</publisher>
  <language_code>eng</language_code>
  <is_ebook>false</is_ebook>
  <description><![CDATA[The first collection of stories Stephen King has published since <i>Nightmares &amp; Dreamscapes</i> nine years ago, <i>Everything's Eventual</i> includes one O. Henry Prize winner, two other award winners, four stories published by <i>The New Yorker,</i> and "Riding the Bullet," King's original e-book, which attracted over half a million online readers and became the most famous short story of the decade. <p> "Riding the Bullet," published here on paper for the first time, is the story of Alan Parker, who's hitchhiking to see his dying mother but takes the wrong ride, farther than he ever intended. In "Lunch at the Gotham Café," a sparring couple's contentious lunch turns very, very bloody when the maître d' gets out of sorts. "1408," the audio story in print for the first time, is about a successful writer whose specialty is "Ten Nights in Ten Haunted Graveyards" or "Ten Nights in Ten Haunted Houses," and though Room 1408 at the Dolphin Hotel doesn't kill him, he won't be writing about ghosts anymore. And in "That Feeling, You Can Only Say What It Is In French," terror is déjà vu at 16,000 feet. </p><p> Whether writing about encounters with the dead, the near dead, or about the mundane dreads of life, from quitting smoking to yard sales, Stephen King is at the top of his form in the fourteen dark tales assembled in <i>Everything's Eventual.</i> Intense, eerie, and instantly compelling, they announce the stunningly fertile imagination of perhaps the greatest storyteller of our time.</p>]]></description>
  <work>
  <id type="integer">2330175</id>
  <books_count type="integer">93</books_count>
  <best_book_id type="integer">10579</best_book_id>
  <reviews_count type="integer">105937</reviews_count>
  <ratings_sum type="integer">265329</ratings_sum>
  <ratings_count type="integer">67399</ratings_count>
  <text_reviews_count type="integer">1717</text_reviews_count>
  <original_publication_year type="integer">2002</original_publication_year>
  <original_publication_month type="integer">3</original_publication_month>
  <original_publication_day type="integer">19</original_publication_day>
  <original_title>Everything's Eventual: 14 Dark Tales</original_title>
  <original_language_id type="integer" nil="true"/>
  <media_type>book</media_type>
  <rating_dist>5:20209|4:26569|3:17258|2:2871|1:492|total:67399</rating_dist>
  <desc_user_id type="integer">32669562</desc_user_id>
  <default_chaptering_book_id type="integer" nil="true"/>
  <default_description_language_code nil="true"/>
</work>
  <average_rating>3.94</average_rating>
  <num_pages><![CDATA[583]]></num_pages>
  <format><![CDATA[Paperback]]></format>
  <edition_information><![CDATA[]]></edition_information>
  <ratings_count><![CDATA[60989]]></ratings_count>
  <text_reviews_count><![CDATA[1202]]></text_reviews_count>
  <url><![CDATA[https://www.goodreads.com/book/show/10579.Everything_s_Eventual]]></url>
  <link><![CDATA[https://www.goodreads.com/book/show/10579.Everything_s_Eventual]]></link>
  <authors>
<author>
<id>3389</id>
<name>Stephen King</name>
<role></role>
<image_url nophoto='false'>
<![CDATA[https://images.gr-assets.com/authors/1362814142p5/3389.jpg]]>
</image_url>
<small_image_url nophoto='false'>
<![CDATA[https://images.gr-assets.com/authors/1362814142p2/3389.jpg]]>
</small_image_url>
<link><![CDATA[https://www.goodreads.com/author/show/3389.Stephen_King]]></link>
<average_rating>4.01</average_rating>
<ratings_count>10357276</ratings_count>
<text_reviews_count>349176</text_reviews_count>
</author>
</authors>

    <reviews_widget>
      <![CDATA[
        <style>
  #goodreads-widget {
    font-family: georgia, serif;
    padding: 18px 0;
    width:565px;
  }
  #goodreads-widget h1 {
    font-weight:normal;
    font-size: 16px;
    border-bottom: 1px solid #BBB596;
    margin-bottom: 0;
  }
  #goodreads-widget a {
    text-decoration: none;
    color:#660;
  }
  iframe{
    background-color: #fff;
  }
  #goodreads-widget a:hover { text-decoration: underline; }
  #goodreads-widget a:active {
    color:#660;
  }
  #gr_footer {
    width: 100%;
    border-top: 1px solid #BBB596;
    text-align: right;
  }
  #goodreads-widget .gr_branding{
    color: #382110;
    font-size: 11px;
    text-decoration: none;
    font-family: "Helvetica Neue", Helvetica, Arial, sans-serif;
  }
</style>
<div id="goodreads-widget">
  <div id="gr_header"><h1><a rel="nofollow" href="https://www.goodreads.com/book/show/10579.Everything_s_Eventual">Everything&#39;s Eventual Reviews</a></h1></div>
  <iframe id="the_iframe" src="https://www.goodreads.com/api/reviews_widget_iframe?did=DEVELOPER_ID&amp;format=html&amp;isbn=1416524355&amp;links=660&amp;min_rating=&amp;review_back=fff&amp;stars=000&amp;text=000" width="565" height="400" frameborder="0"></iframe>
  <div id="gr_footer">
    <a class="gr_branding" target="_blank" rel="nofollow" href="https://www.goodreads.com/book/show/10579.Everything_s_Eventual?utm_medium=api&amp;utm_source=reviews_widget">Reviews from Goodreads.com</a>
  </div>
</div>

      ]]>
    </reviews_widget>
  <popular_shelves>
      <shelf name="to-read" count="2725"/>
      <shelf name="horror" count="2002"/>
      <shelf name="currently-reading" count="1633"/>
      <shelf name="short-stories" count="827"/>
      <shelf name="fiction" count="682"/>
      <shelf name="owned" count="357"/>
      <shelf name="books-i-own" count="290"/>
      <shelf name="favorites" count="222"/>
      <shelf name="king" count="218"/>
      <shelf name="default" count="202"/>
      <shelf name="fantasy" count="166"/>
      <shelf name="thriller" count="138"/>
      <shelf name="owned-books" count="115"/>
      <shelf name="anthology" count="70"/>
      <shelf name="stephen-king" count="65"/>
      <shelf name="my-library" count="60"/>
      <shelf name="short-story-collections" count="58"/>
      <shelf name="my-books" count="57"/>
      <shelf name="library" count="55"/>
      <shelf name="anthologies" count="54"/>
      <shelf name="supernatural" count="53"/>
      <shelf name="paranormal" count="52"/>
      <shelf name="stories" count="51"/>
      <shelf name="short" count="49"/>
      <shelf name="short-story" count="43"/>
      <shelf name="collection" count="43"/>
      <shelf name="i-own" count="43"/>
      <shelf name="suspense" count="41"/>
      <shelf name="american" count="41"/>
      <shelf name="horror-thriller" count="40"/>
      <shelf name="king-stephen" count="38"/>
      <shelf name="ebooks" count="36"/>
      <shelf name="kindle" count="36"/>
      <shelf name="dark-tower" count="36"/>
      <shelf name="ebook" count="35"/>
      <shelf name="mystery" count="33"/>
      <shelf name="horror-suspense" count="32"/>
      <shelf name="the-king" count="31"/>
      <shelf name="short-story-collection" count="31"/>
      <shelf name="short-fiction" count="31"/>
      <shelf name="own-it" count="31"/>
      <shelf name="science-fiction" count="30"/>
      <shelf name="home-library" count="29"/>
      <shelf name="adult" count="29"/>
      <shelf name="tales" count="27"/>
      <shelf name="general" count="27"/>
      <shelf name="to-buy" count="26"/>
      <shelf name="have" count="25"/>
      <shelf name="single" count="25"/>
      <shelf name="books" count="25"/>
      <shelf name="audiobooks" count="25"/>
      <shelf name="scary" count="25"/>
      <shelf name="author" count="24"/>
      <shelf name="ghost" count="24"/>
      <shelf name="adult-fiction" count="24"/>
      <shelf name="audiobook" count="23"/>
      <shelf name="modern" count="23"/>
      <shelf name="sci-fi" count="23"/>
      <shelf name="stephenking" count="23"/>
      <shelf name="unread" count="22"/>
      <shelf name="wish-list" count="22"/>
      <shelf name="literary" count="22"/>
      <shelf name="e-books" count="21"/>
      <shelf name="calibre" count="19"/>
      <shelf name="sk" count="19"/>
      <shelf name="collections" count="19"/>
      <shelf name="hardcover" count="18"/>
      <shelf name="re-read" count="18"/>
      <shelf name="personal-library" count="18"/>
      <shelf name="stephen-king-books" count="18"/>
      <shelf name="tbr" count="17"/>
      <shelf name="bookshelf" count="17"/>
      <shelf name="novels" count="17"/>
      <shelf name="the-dark-tower" count="16"/>
      <shelf name="creepy" count="16"/>
      <shelf name="contemporary" count="16"/>
      <shelf name="stephen" count="16"/>
      <shelf name="audio" count="15"/>
      <shelf name="stephen-king-to-read" count="15"/>
      <shelf name="paperback" count="15"/>
      <shelf name="finished" count="15"/>
      <shelf name="2002" count="15"/>
      <shelf name="terror" count="14"/>
      <shelf name="short-stories-novellas" count="14"/>
      <shelf name="my-collection" count="14"/>
      <shelf name="horror-supernatural" count="14"/>
      <shelf name="fiction-horror" count="14"/>
      <shelf name="dark-fantasy" count="13"/>
      <shelf name="s-king" count="13"/>
      <shelf name="favourites" count="13"/>
      <shelf name="english" count="13"/>
      <shelf name="general-fiction" count="13"/>
      <shelf name="horror-fiction" count="13"/>
      <shelf name="thriller-horror" count="13"/>
      <shelf name="contemporary-fiction" count="13"/>
      <shelf name="reviewed" count="12"/>
      <shelf name="stephen-king-collection" count="12"/>
      <shelf name="other" count="12"/>
      <shelf name="shorts" count="12"/>
      <shelf name="sci-fi-fantasy" count="12"/>
  </popular_shelves>
  <book_links>
    <book_link>
  <id>8</id>
  <name>Libraries</name>
  <link>https://www.goodreads.com/book_link/follow/8</link>
</book_link>

  </book_links>
  <buy_links>
    <buy_link>
<id>1</id>
<name>Amazon</name>
<link>https://www.goodreads.com/book_link/follow/1</link>
</buy_link>
<buy_link>
<id>10</id>
<name>Audible</name>
<link>https://www.goodreads.com/book_link/follow/10</link>
</buy_link>
<buy_link>
<id>3</id>
<name>Barnes &amp; Noble</name>
<link>https://www.goodreads.com/book_link/follow/3</link>
</buy_link>
<buy_link>
<id>1027</id>
<name>Kobo</name>
<link>https://www.goodreads.com/book_link/follow/1027</link>
</buy_link>
<buy_link>
<id>2102</id>
<name>Apple iBooks</name>
<link>https://www.goodreads.com/book_link/follow/2102</link>
</buy_link>
<buy_link>
<id>8036</id>
<name>Google Play</name>
<link>https://www.goodreads.com/book_link/follow/8036</link>
</buy_link>
<buy_link>
<id>4</id>
<name>Abebooks</name>
<link>https://www.goodreads.com/book_link/follow/4</link>
</buy_link>
<buy_link>
<id>882</id>
<name>Book Depository</name>
<link>https://www.goodreads.com/book_link/follow/882</link>
</buy_link>
<buy_link>
<id>9</id>
<name>Indigo</name>
<link>https://www.goodreads.com/book_link/follow/9</link>
</buy_link>
<buy_link>
<id>2</id>
<name>Half.com</name>
<link>https://www.goodreads.com/book_link/follow/2</link>
</buy_link>
<buy_link>
<id>5</id>
<name>Alibris</name>
<link>https://www.goodreads.com/book_link/follow/5</link>
</buy_link>
<buy_link>
<id>107</id>
<name>Better World Books</name>
<link>https://www.goodreads.com/book_link/follow/107</link>
</buy_link>
<buy_link>
<id>7</id>
<name>IndieBound</name>
<link>https://www.goodreads.com/book_link/follow/7</link>
</buy_link>

  </buy_links>
  <series_works>
    
  </series_works>
  <similar_books>
          <book>
<id>349473</id>
<title>Blaze</title>
<title_without_series>Blaze</title_without_series>
<link><![CDATA[https://www.goodreads.com/book/show/349473.Blaze]]></link>
<small_image_url><![CDATA[https://s.gr-assets.com/assets/nophoto/book/50x75-a91bf249278a81aabab721ef782c4a74.png]]></small_image_url>
<image_url><![CDATA[https://s.gr-assets.com/assets/nophoto/book/111x148-bcc042a9c91a29c1d680899eff700a03.png]]></image_url>
<num_pages>285</num_pages>
<work>
<id>1322982</id>
</work>
<isbn>141655484X</isbn>
<isbn13>9781416554844</isbn13>
<average_rating>3.66</average_rating>
<ratings_count>30161</ratings_count>
<publication_year></publication_year>
<publication_month></publication_month>
<publication_day></publication_day>
<authors>
<author>
<id>5858</id>
<name>Richard Bachman</name>
<link><![CDATA[https://www.goodreads.com/author/show/5858.Richard_Bachman]]></link>
</author>
</authors>
</book>

          <book>
<id>33554</id>
<title>Duel: Terror Stories</title>
<title_without_series>Duel: Terror Stories</title_without_series>
<link><![CDATA[https://www.goodreads.com/book/show/33554.Duel]]></link>
<small_image_url><![CDATA[https://s.gr-assets.com/assets/nophoto/book/50x75-a91bf249278a81aabab721ef782c4a74.png]]></small_image_url>
<image_url><![CDATA[https://s.gr-assets.com/assets/nophoto/book/111x148-bcc042a9c91a29c1d680899eff700a03.png]]></image_url>
<num_pages>400</num_pages>
<work>
<id>33616</id>
</work>
<isbn>0312878265</isbn>
<isbn13>9780312878269</isbn13>
<average_rating>4.06</average_rating>
<ratings_count>1584</ratings_count>
<publication_year>2003</publication_year>
<publication_month>1</publication_month>
<publication_day>4</publication_day>
<authors>
<author>
<id>8726</id>
<name>Richard Matheson</name>
<link><![CDATA[https://www.goodreads.com/author/show/8726.Richard_Matheson]]></link>
</author>
</authors>
</book>

          <book>
<id>11532</id>
<title>Night Visions 5</title>
<title_without_series>Night Visions 5</title_without_series>
<link><![CDATA[https://www.goodreads.com/book/show/11532.Night_Visions_5]]></link>
<small_image_url><![CDATA[https://images.gr-assets.com/books/1289330105s/11532.jpg]]></small_image_url>
<image_url><![CDATA[https://images.gr-assets.com/books/1289330105m/11532.jpg]]></image_url>
<num_pages>274</num_pages>
<work>
<id>88730</id>
</work>
<isbn>0913165328</isbn>
<isbn13>9780913165324</isbn13>
<average_rating>3.90</average_rating>
<ratings_count>1362</ratings_count>
<publication_year>1988</publication_year>
<publication_month>5</publication_month>
<publication_day></publication_day>
<authors>
<author>
<id>18351</id>
<name>Douglas E. Winter</name>
<link><![CDATA[https://www.goodreads.com/author/show/18351.Douglas_E_Winter]]></link>
</author>
</authors>
</book>

          <book>
<id>6539039</id>
<title><![CDATA[The Best Horror of the Year Volume One]]></title>
<title_without_series><![CDATA[The Best Horror of the Year Volume One]]></title_without_series>
<link><![CDATA[https://www.goodreads.com/book/show/6539039-the-best-horror-of-the-year-volume-one]]></link>
<small_image_url><![CDATA[https://s.gr-assets.com/assets/nophoto/book/50x75-a91bf249278a81aabab721ef782c4a74.png]]></small_image_url>
<image_url><![CDATA[https://s.gr-assets.com/assets/nophoto/book/111x148-bcc042a9c91a29c1d680899eff700a03.png]]></image_url>
<num_pages>350</num_pages>
<work>
<id>6731261</id>
</work>
<isbn>1597801615</isbn>
<isbn13>9781597801614</isbn13>
<average_rating>3.73</average_rating>
<ratings_count>536</ratings_count>
<publication_year>2009</publication_year>
<publication_month>10</publication_month>
<publication_day>1</publication_day>
<authors>
<author>
<id>46138</id>
<name>Ellen Datlow</name>
<link><![CDATA[https://www.goodreads.com/author/show/46138.Ellen_Datlow]]></link>
</author>
</authors>
</book>

          <book>
<id>2808929</id>
<title><![CDATA[Poe's Children: The New Horror]]></title>
<title_without_series><![CDATA[Poe's Children: The New Horror]]></title_without_series>
<link><![CDATA[https://www.goodreads.com/book/show/2808929-poe-s-children]]></link>
<small_image_url><![CDATA[https://s.gr-assets.com/assets/nophoto/book/50x75-a91bf249278a81aabab721ef782c4a74.png]]></small_image_url>
<image_url><![CDATA[https://s.gr-assets.com/assets/nophoto/book/111x148-bcc042a9c91a29c1d680899eff700a03.png]]></image_url>
<num_pages></num_pages>
<work>
<id>2834828</id>
</work>
<isbn>0385522835</isbn>
<isbn13>9780385522830</isbn13>
<average_rating>3.44</average_rating>
<ratings_count>1574</ratings_count>
<publication_year></publication_year>
<publication_month></publication_month>
<publication_day></publication_day>
<authors>
<author>
<id>6941</id>
<name>Peter Straub</name>
<link><![CDATA[https://www.goodreads.com/author/show/6941.Peter_Straub]]></link>
</author>
</authors>
</book>

          <book>
<id>52643</id>
<title><![CDATA[In the Flesh (Books of Blood #5)]]></title>
<title_without_series>In the Flesh</title_without_series>
<link><![CDATA[https://www.goodreads.com/book/show/52643.In_the_Flesh]]></link>
<small_image_url><![CDATA[https://s.gr-assets.com/assets/nophoto/book/50x75-a91bf249278a81aabab721ef782c4a74.png]]></small_image_url>
<image_url><![CDATA[https://s.gr-assets.com/assets/nophoto/book/111x148-bcc042a9c91a29c1d680899eff700a03.png]]></image_url>
<num_pages>192</num_pages>
<work>
<id>1135706</id>
</work>
<isbn>074341733X</isbn>
<isbn13>9780743417334</isbn13>
<average_rating>4.00</average_rating>
<ratings_count>5706</ratings_count>
<publication_year>2001</publication_year>
<publication_month>2</publication_month>
<publication_day>1</publication_day>
<authors>
<author>
<id>10366</id>
<name>Clive Barker</name>
<link><![CDATA[https://www.goodreads.com/author/show/10366.Clive_Barker]]></link>
</author>
</authors>
</book>

          <book>
<id>3547312</id>
<title><![CDATA[He Is Legend: An Anthology Celebrating Richard Matheson]]></title>
<title_without_series><![CDATA[He Is Legend: An Anthology Celebrating Richard Matheson]]></title_without_series>
<link><![CDATA[https://www.goodreads.com/book/show/3547312-he-is-legend]]></link>
<small_image_url><![CDATA[https://s.gr-assets.com/assets/nophoto/book/50x75-a91bf249278a81aabab721ef782c4a74.png]]></small_image_url>
<image_url><![CDATA[https://s.gr-assets.com/assets/nophoto/book/111x148-bcc042a9c91a29c1d680899eff700a03.png]]></image_url>
<num_pages>525</num_pages>
<work>
<id>3589351</id>
</work>
<isbn>1887368108</isbn>
<isbn13>9781887368100</isbn13>
<average_rating>3.84</average_rating>
<ratings_count>405</ratings_count>
<publication_year>2009</publication_year>
<publication_month>2</publication_month>
<publication_day>1</publication_day>
<authors>
<author>
<id>481134</id>
<name>Christopher Conlon</name>
<link><![CDATA[https://www.goodreads.com/author/show/481134.Christopher_Conlon]]></link>
</author>
</authors>
</book>

          <book>
<id>8728918</id>
<title><![CDATA[The Dark Tower: The Gunslinger - The Journey Begins]]></title>
<title_without_series><![CDATA[The Dark Tower: The Gunslinger - The Journey Begins]]></title_without_series>
<link><![CDATA[https://www.goodreads.com/book/show/8728918-the-dark-tower]]></link>
<small_image_url><![CDATA[https://images.gr-assets.com/books/1327977651s/8728918.jpg]]></small_image_url>
<image_url><![CDATA[https://images.gr-assets.com/books/1327977651m/8728918.jpg]]></image_url>
<num_pages></num_pages>
<work>
<id>13383675</id>
</work>
<isbn>0785147098</isbn>
<isbn13>9780785147091</isbn13>
<average_rating>4.30</average_rating>
<ratings_count>3926</ratings_count>
<publication_year></publication_year>
<publication_month></publication_month>
<publication_day></publication_day>
<authors>
<author>
<id>3470</id>
<name>Robin Furth</name>
<link><![CDATA[https://www.goodreads.com/author/show/3470.Robin_Furth]]></link>
</author>
</authors>
</book>

          <book>
<id>108565</id>
<title>The Collection</title>
<title_without_series>The Collection</title_without_series>
<link><![CDATA[https://www.goodreads.com/book/show/108565.The_Collection]]></link>
<small_image_url><![CDATA[https://images.gr-assets.com/books/1264732733s/108565.jpg]]></small_image_url>
<image_url><![CDATA[https://images.gr-assets.com/books/1264732733m/108565.jpg]]></image_url>
<num_pages></num_pages>
<work>
<id>104621</id>
</work>
<isbn>0451206096</isbn>
<isbn13>9780451206091</isbn13>
<average_rating>3.92</average_rating>
<ratings_count>2662</ratings_count>
<publication_year></publication_year>
<publication_month></publication_month>
<publication_day></publication_day>
<authors>
<author>
<id>2998</id>
<name>Bentley Little</name>
<link><![CDATA[https://www.goodreads.com/author/show/2998.Bentley_Little]]></link>
</author>
</authors>
</book>

          <book>
<id>1112010</id>
<title>My Favorite Horror Story</title>
<title_without_series>My Favorite Horror Story</title_without_series>
<link><![CDATA[https://www.goodreads.com/book/show/1112010.My_Favorite_Horror_Story]]></link>
<small_image_url><![CDATA[https://s.gr-assets.com/assets/nophoto/book/50x75-a91bf249278a81aabab721ef782c4a74.png]]></small_image_url>
<image_url><![CDATA[https://s.gr-assets.com/assets/nophoto/book/111x148-bcc042a9c91a29c1d680899eff700a03.png]]></image_url>
<num_pages>303</num_pages>
<work>
<id>1098986</id>
</work>
<isbn>0886779146</isbn>
<isbn13>9780886779146</isbn13>
<average_rating>3.88</average_rating>
<ratings_count>251</ratings_count>
<publication_year>2000</publication_year>
<publication_month>10</publication_month>
<publication_day>1</publication_day>
<authors>
<author>
<id>255580</id>
<name>Mike Baker</name>
<link><![CDATA[https://www.goodreads.com/author/show/255580.Mike_Baker]]></link>
</author>
</authors>
</book>

          <book>
<id>373915</id>
<title>20th Century Ghosts</title>
<title_without_series>20th Century Ghosts</title_without_series>
<link><![CDATA[https://www.goodreads.com/book/show/373915.20th_Century_Ghosts]]></link>
<small_image_url><![CDATA[https://images.gr-assets.com/books/1388224829s/373915.jpg]]></small_image_url>
<image_url><![CDATA[https://images.gr-assets.com/books/1388224829m/373915.jpg]]></image_url>
<num_pages>316</num_pages>
<work>
<id>1049073</id>
</work>
<isbn>0061147974</isbn>
<isbn13>9780061147975</isbn13>
<average_rating>3.95</average_rating>
<ratings_count>24803</ratings_count>
<publication_year>2007</publication_year>
<publication_month>10</publication_month>
<publication_day>16</publication_day>
<authors>
<author>
<id>88506</id>
<name>Joe Hill</name>
<link><![CDATA[https://www.goodreads.com/author/show/88506.Joe_Hill]]></link>
</author>
</authors>
</book>

          <book>
<id>293098</id>
<title><![CDATA[999: Twenty-nine Original Tales of Horror and Suspense]]></title>
<title_without_series><![CDATA[999: Twenty-nine Original Tales of Horror and Suspense]]></title_without_series>
<link><![CDATA[https://www.goodreads.com/book/show/293098.999]]></link>
<small_image_url><![CDATA[https://s.gr-assets.com/assets/nophoto/book/50x75-a91bf249278a81aabab721ef782c4a74.png]]></small_image_url>
<image_url><![CDATA[https://s.gr-assets.com/assets/nophoto/book/111x148-bcc042a9c91a29c1d680899eff700a03.png]]></image_url>
<num_pages>688</num_pages>
<work>
<id>952773</id>
</work>
<isbn>0380805189</isbn>
<isbn13>9780380805181</isbn13>
<average_rating>3.86</average_rating>
<ratings_count>2701</ratings_count>
<publication_year>2001</publication_year>
<publication_month>10</publication_month>
<publication_day>1</publication_day>
<authors>
<author>
<id>26813</id>
<name>Al Sarrantonio</name>
<link><![CDATA[https://www.goodreads.com/author/show/26813.Al_Sarrantonio]]></link>
</author>
</authors>
</book>

          <book>
<id>763498</id>
<title><![CDATA[October Dreams: A Celebration of Halloween]]></title>
<title_without_series><![CDATA[October Dreams: A Celebration of Halloween]]></title_without_series>
<link><![CDATA[https://www.goodreads.com/book/show/763498.October_Dreams]]></link>
<small_image_url><![CDATA[https://images.gr-assets.com/books/1309212929s/763498.jpg]]></small_image_url>
<image_url><![CDATA[https://images.gr-assets.com/books/1309212929m/763498.jpg]]></image_url>
<num_pages>656</num_pages>
<work>
<id>749583</id>
</work>
<isbn>0451458958</isbn>
<isbn13>9780451458957</isbn13>
<average_rating>4.04</average_rating>
<ratings_count>1053</ratings_count>
<publication_year>2002</publication_year>
<publication_month>9</publication_month>
<publication_day>3</publication_day>
<authors>
<author>
<id>14008944</id>
<name>Richard T. Chizmar</name>
<link><![CDATA[https://www.goodreads.com/author/show/14008944.Richard_T_Chizmar]]></link>
</author>
</authors>
</book>

  </similar_books>
</book>

</GoodreadsResponse>