<?xml version="1.0" encoding="UTF-8"?>
<GoodreadsResponse>
  <Request>
    <authentication>true</authentication>
      <key><![CDATA[all_men_must_serve]]></key>
    <method><![CDATA[book_show]]></method>
  </Request>
  <book>
  <id>10572</id>
  <title><![CDATA[A Clash of Kings  (A Song of Ice and Fire, #2)]]></title>
  <isbn><![CDATA[0553381695]]></isbn>
  <isbn13><![CDATA[9780553381696]]></isbn13>
  <asin><![CDATA[]]></asin>
  <kindle_asin><![CDATA[B004L9MFM2]]></kindle_asin>
  <marketplace_id><![CDATA[A1F83G8C2ARO7P]]></marketplace_id>
  <country_code><![CDATA[GB]]></country_code>
  <image_url>https://images.gr-assets.com/books/1358254974m/10572.jpg</image_url>
  <small_image_url>https://images.gr-assets.com/books/1358254974s/10572.jpg</small_image_url>
  <publication_year>2002</publication_year>
  <publication_month>5</publication_month>
  <publication_day>28</publication_day>
  <publisher>Bantam</publisher>
  <language_code>eng</language_code>
  <is_ebook>false</is_ebook>
  <description><![CDATA[Alternate cover edition can be found <a href="https://www.goodreads.com/book/show/6041689-a-clash-of-kings" rel="nofollow">here</a>. <br /><br /><br />Time is out of joint. The summer of peace and plenty, ten years long, is drawing to a close, and the harsh, chill winter approaches like an angry beast. Two great leaders—Lord Eddard Stark and Robert Baratheon—who held sway over an age of enforced peace are dead...victims of royal treachery. Now, from the ancient citadel of Dragonstone to the forbidding shores of Winterfell, chaos reigns, as pretenders to the Iron Throne of the Seven Kingdoms prepare to stake their claims through tempest, turmoil, and war. <br /><br />As a prophecy of doom cuts across the sky—a comet the color of blood and flame—six factions struggle for control of a divided land. Eddard's son Robb has declared himself King in the North. In the south, Joffrey, the heir apparent, rules in name only, victim of the scheming courtiers who teem over King's Landing. Robert's two brothers each seek their own dominion, while a disfavored house turns once more to conquest. And a continent away, an exiled queen, the Mother of Dragons, risks everything to lead her precious brood across a hard hot desert to win back the crown that is rightfully hers. <br /><br />A Clash of Kings transports us into a magnificent, forgotten land of revelry and revenge, wizardry and wartime. It is a tale in which maidens cavort with madmen, brother plots against brother, and the dead rise to walk in the night. Here a princess masquerades as an orphan boy; a knight of the mind prepares a poison for a treacherous sorceress; and wild men descend from the Mountains of the Moon to ravage the countryside. <br /><br />Against a backdrop of incest and fratricide, alchemy and murder, the price of glory may be measured in blood. And the spoils of victory may just go to the men and women possessed of the coldest steel...and the coldest hearts. For when rulers clash, all of the land feels the tremors. <br /><br />Audacious, inventive, brilliantly imagined, A Clash of Kings is a novel of dazzling beauty and boundless enchantment;a tale of pure excitement you will never forget.]]></description>
  <work>
  <id type="integer">3272005</id>
  <books_count type="integer">202</books_count>
  <best_book_id type="integer">10572</best_book_id>
  <reviews_count type="integer">847944</reviews_count>
  <ratings_sum type="integer">2674044</ratings_sum>
  <ratings_count type="integer">607369</ratings_count>
  <text_reviews_count type="integer">20341</text_reviews_count>
  <original_publication_year type="integer">1998</original_publication_year>
  <original_publication_month type="integer">11</original_publication_month>
  <original_publication_day type="integer">16</original_publication_day>
  <original_title>A Clash of Kings</original_title>
  <original_language_id type="integer" nil="true"/>
  <media_type>book</media_type>
  <rating_dist>5:320356|4:221914|3:56201|2:7107|1:1791|total:607369</rating_dist>
  <desc_user_id type="integer">1681746</desc_user_id>
  <default_chaptering_book_id type="integer">374855</default_chaptering_book_id>
  <default_description_language_code nil="true"/>
</work>
  <average_rating>4.40</average_rating>
  <num_pages><![CDATA[761]]></num_pages>
  <format><![CDATA[Paperback]]></format>
  <edition_information><![CDATA[]]></edition_information>
  <ratings_count><![CDATA[523783]]></ratings_count>
  <text_reviews_count><![CDATA[14833]]></text_reviews_count>
  <url><![CDATA[https://www.goodreads.com/book/show/10572.A_Clash_of_Kings]]></url>
  <link><![CDATA[https://www.goodreads.com/book/show/10572.A_Clash_of_Kings]]></link>
  <authors>
<author>
<id>346732</id>
<name>George R.R. Martin</name>
<role></role>
<image_url nophoto='false'>
<![CDATA[https://images.gr-assets.com/authors/1351944410p5/346732.jpg]]>
</image_url>
<small_image_url nophoto='false'>
<![CDATA[https://images.gr-assets.com/authors/1351944410p2/346732.jpg]]>
</small_image_url>
<link><![CDATA[https://www.goodreads.com/author/show/346732.George_R_R_Martin]]></link>
<average_rating>4.37</average_rating>
<ratings_count>4164508</ratings_count>
<text_reviews_count>161096</text_reviews_count>
</author>
</authors>

    <reviews_widget>
      <![CDATA[
        <style>
  #goodreads-widget {
    font-family: georgia, serif;
    padding: 18px 0;
    width:565px;
  }
  #goodreads-widget h1 {
    font-weight:normal;
    font-size: 16px;
    border-bottom: 1px solid #BBB596;
    margin-bottom: 0;
  }
  #goodreads-widget a {
    text-decoration: none;
    color:#660;
  }
  iframe{
    background-color: #fff;
  }
  #goodreads-widget a:hover { text-decoration: underline; }
  #goodreads-widget a:active {
    color:#660;
  }
  #gr_footer {
    width: 100%;
    border-top: 1px solid #BBB596;
    text-align: right;
  }
  #goodreads-widget .gr_branding{
    color: #382110;
    font-size: 11px;
    text-decoration: none;
    font-family: "Helvetica Neue", Helvetica, Arial, sans-serif;
  }
</style>
<div id="goodreads-widget">
  <div id="gr_header"><h1><a rel="nofollow" href="https://www.goodreads.com/book/show/10572.A_Clash_of_Kings">A Clash of Kings Reviews</a></h1></div>
  <iframe id="the_iframe" src="https://www.goodreads.com/api/reviews_widget_iframe?did=DEVELOPER_ID&amp;format=html&amp;isbn=0553381695&amp;links=660&amp;min_rating=&amp;review_back=fff&amp;stars=000&amp;text=000" width="565" height="400" frameborder="0"></iframe>
  <div id="gr_footer">
    <a class="gr_branding" target="_blank" rel="nofollow" href="https://www.goodreads.com/book/show/10572.A_Clash_of_Kings?utm_medium=api&amp;utm_source=reviews_widget">Reviews from Goodreads.com</a>
  </div>
</div>

      ]]>
    </reviews_widget>
  <popular_shelves>
      <shelf name="to-read" count="125170"/>
      <shelf name="currently-reading" count="30292"/>
      <shelf name="fantasy" count="26321"/>
      <shelf name="favorites" count="6690"/>
      <shelf name="fiction" count="5231"/>
      <shelf name="owned" count="2406"/>
      <shelf name="books-i-own" count="2214"/>
      <shelf name="series" count="1663"/>
      <shelf name="epic-fantasy" count="1257"/>
      <shelf name="sci-fi-fantasy" count="942"/>
      <shelf name="kindle" count="941"/>
      <shelf name="a-song-of-ice-and-fire" count="829"/>
      <shelf name="high-fantasy" count="778"/>
      <shelf name="adult" count="734"/>
      <shelf name="owned-books" count="730"/>
      <shelf name="adventure" count="677"/>
      <shelf name="favourites" count="664"/>
      <shelf name="dragons" count="636"/>
      <shelf name="game-of-thrones" count="622"/>
      <shelf name="epic" count="581"/>
      <shelf name="fantasy-sci-fi" count="564"/>
      <shelf name="default" count="560"/>
      <shelf name="george-r-r-martin" count="504"/>
      <shelf name="audiobook" count="490"/>
      <shelf name="ebook" count="464"/>
      <shelf name="audiobooks" count="426"/>
      <shelf name="novels" count="393"/>
      <shelf name="my-books" count="383"/>
      <shelf name="read-in-2012" count="364"/>
      <shelf name="scifi-fantasy" count="362"/>
      <shelf name="war" count="335"/>
      <shelf name="magic" count="331"/>
      <shelf name="adult-fiction" count="314"/>
      <shelf name="ebooks" count="313"/>
      <shelf name="library" count="300"/>
      <shelf name="read-in-2014" count="284"/>
      <shelf name="read-in-2013" count="280"/>
      <shelf name="english" count="267"/>
      <shelf name="re-read" count="265"/>
      <shelf name="audio" count="262"/>
      <shelf name="my-library" count="258"/>
      <shelf name="science-fiction-fantasy" count="257"/>
      <shelf name="i-own" count="256"/>
      <shelf name="science-fiction" count="256"/>
      <shelf name="books" count="246"/>
      <shelf name="read-in-2011" count="228"/>
      <shelf name="sci-fi" count="226"/>
      <shelf name="song-of-ice-and-fire" count="225"/>
      <shelf name="audible" count="217"/>
      <shelf name="on-hold" count="213"/>
      <shelf name="medieval" count="206"/>
      <shelf name="to-buy" count="205"/>
      <shelf name="fantasy-scifi" count="200"/>
      <shelf name="novel" count="191"/>
      <shelf name="historical-fiction" count="187"/>
      <shelf name="read-2012" count="178"/>
      <shelf name="read-in-2015" count="175"/>
      <shelf name="asoiaf" count="175"/>
      <shelf name="5-stars" count="170"/>
      <shelf name="abandoned" count="165"/>
      <shelf name="e-book" count="164"/>
      <shelf name="own-it" count="160"/>
      <shelf name="read-in-2016" count="159"/>
      <shelf name="fantasy-fiction" count="156"/>
      <shelf name="all-time-favorites" count="155"/>
      <shelf name="sci-fi-and-fantasy" count="154"/>
      <shelf name="read-2013" count="152"/>
      <shelf name="read-in-english" count="152"/>
      <shelf name="george-rr-martin" count="146"/>
      <shelf name="audio-books" count="146"/>
      <shelf name="fantasia" count="145"/>
      <shelf name="fiction-fantasy" count="142"/>
      <shelf name="american" count="142"/>
      <shelf name="e-books" count="140"/>
      <shelf name="historical" count="140"/>
      <shelf name="read-2014" count="138"/>
      <shelf name="favorite" count="133"/>
      <shelf name="bookshelf" count="127"/>
      <shelf name="drama" count="124"/>
      <shelf name="favorite-books" count="122"/>
      <shelf name="action" count="120"/>
      <shelf name="tbr" count="119"/>
      <shelf name="audio-book" count="116"/>
      <shelf name="dark-fantasy" count="111"/>
      <shelf name="have" count="108"/>
      <shelf name="on-my-shelf" count="105"/>
      <shelf name="fantasía" count="104"/>
      <shelf name="adult-fantasy" count="104"/>
      <shelf name="finished" count="103"/>
      <shelf name="did-not-finish" count="103"/>
      <shelf name="borrowed" count="102"/>
      <shelf name="paperback" count="102"/>
      <shelf name="my-bookshelf" count="102"/>
      <shelf name="kindle-books" count="101"/>
      <shelf name="speculative-fiction" count="101"/>
      <shelf name="shelfari-favorites" count="100"/>
      <shelf name="20th-century" count="99"/>
      <shelf name="nook" count="99"/>
      <shelf name="sf-fantasy" count="98"/>
      <shelf name="reread" count="97"/>
  </popular_shelves>
  <book_links>
    <book_link>
  <id>8</id>
  <name>Libraries</name>
  <link>https://www.goodreads.com/book_link/follow/8</link>
</book_link>

  </book_links>
  <buy_links>
    <buy_link>
<id>1</id>
<name>Amazon</name>
<link>https://www.goodreads.com/book_link/follow/1</link>
</buy_link>
<buy_link>
<id>10</id>
<name>Audible</name>
<link>https://www.goodreads.com/book_link/follow/10</link>
</buy_link>
<buy_link>
<id>3</id>
<name>Barnes &amp; Noble</name>
<link>https://www.goodreads.com/book_link/follow/3</link>
</buy_link>
<buy_link>
<id>1027</id>
<name>Kobo</name>
<link>https://www.goodreads.com/book_link/follow/1027</link>
</buy_link>
<buy_link>
<id>2102</id>
<name>Apple iBooks</name>
<link>https://www.goodreads.com/book_link/follow/2102</link>
</buy_link>
<buy_link>
<id>8036</id>
<name>Google Play</name>
<link>https://www.goodreads.com/book_link/follow/8036</link>
</buy_link>
<buy_link>
<id>4</id>
<name>Abebooks</name>
<link>https://www.goodreads.com/book_link/follow/4</link>
</buy_link>
<buy_link>
<id>882</id>
<name>Book Depository</name>
<link>https://www.goodreads.com/book_link/follow/882</link>
</buy_link>
<buy_link>
<id>9</id>
<name>Indigo</name>
<link>https://www.goodreads.com/book_link/follow/9</link>
</buy_link>
<buy_link>
<id>2</id>
<name>Half.com</name>
<link>https://www.goodreads.com/book_link/follow/2</link>
</buy_link>
<buy_link>
<id>5</id>
<name>Alibris</name>
<link>https://www.goodreads.com/book_link/follow/5</link>
</buy_link>
<buy_link>
<id>107</id>
<name>Better World Books</name>
<link>https://www.goodreads.com/book_link/follow/107</link>
</buy_link>
<buy_link>
<id>7</id>
<name>IndieBound</name>
<link>https://www.goodreads.com/book_link/follow/7</link>
</buy_link>

  </buy_links>
  <series_works>
    <series_work>
<id>165927</id>
<user_position>2</user_position>
<series>
<id>43790</id>
<title>
<![CDATA[
    A Song of Ice and Fire
]]>
</title>
<description>
<![CDATA[
    The whole series is comprised of one epic story that is still being written. It is intended to be complete in seven volumes, but the author has stated it could go on for longer.
    
    This series is also known as <a href="https://www.goodreads.com/series/105522-as-cr-nicas-de-gelo-e-fogo-das-lied-von-eis-und-feuer">As Crónicas de Gelo e Fogo</a> in Portuguese or "Das Lied von Eis und Feuer" in German, where the majority of the books are split into two parts and receive a separate numbering.
    This is also known as <a href="https://www.goodreads.com/series/104861-le-cronache-del-ghiaccio-e-del-fuoco">Le Cronache del Ghiaccio e del Fuoco</a> in Italian, where the books are split into two or more parts and receive a separate numbering.
    
    <i><a href="http://www.goodreads.com/series/49615-the-hedge-knight">Tales of Dunk and Egg</a></i> prequel novellas can be found in the following anthologies:
    "The Hedge Knight": <a href="http://www.goodreads.com/book/show/77232.Legends">Legends</a> &amp; <a href="http://www.goodreads.com/book/show/417730.Dreamsongs">Dreamsongs II</a>
    "The Sworn Sword": <a href="http://www.goodreads.com/book/show/77563.Legends_II">Legends II</a>
    "The Mystery Knight": <a href="http://www.goodreads.com/book/show/6714177-warriors">Warriors</a>
    
    A Song of Ice and Fire Graphic Novels series:
     <a href="http://www.goodreads.com/series/89481-a-song-of-ice-and-fire-graphic-novels">A Song of Ice and Fire Graphic Novels series</a>
]]>
</description>
<note>
<![CDATA[
    Please do not add translations, so as to not annoy or confuse people. This page is for the main series.
]]>
</note>
<series_works_count>26</series_works_count>
<primary_work_count>17</primary_work_count>
<numbered>true</numbered>
</series>

</series_work>

  </series_works>
  <similar_books>
          <book>
<id>55401</id>
<title><![CDATA[Deadhouse Gates (The Malazan Book of the Fallen, #2)]]></title>
<title_without_series>Deadhouse Gates</title_without_series>
<link><![CDATA[https://www.goodreads.com/book/show/55401.Deadhouse_Gates]]></link>
<small_image_url><![CDATA[https://s.gr-assets.com/assets/nophoto/book/50x75-a91bf249278a81aabab721ef782c4a74.png]]></small_image_url>
<image_url><![CDATA[https://s.gr-assets.com/assets/nophoto/book/111x148-bcc042a9c91a29c1d680899eff700a03.png]]></image_url>
<num_pages>604</num_pages>
<work>
<id>3898716</id>
</work>
<isbn>0765310023</isbn>
<isbn13>9780765310026</isbn13>
<average_rating>4.25</average_rating>
<ratings_count>39097</ratings_count>
<publication_year>2005</publication_year>
<publication_month>2</publication_month>
<publication_day>1</publication_day>
<authors>
<author>
<id>31232</id>
<name>Steven Erikson</name>
<link><![CDATA[https://www.goodreads.com/author/show/31232.Steven_Erikson]]></link>
</author>
</authors>
</book>

          <book>
<id>104091</id>
<title><![CDATA[Lord of Emperors (The Sarantine Mosaic, #2)]]></title>
<title_without_series>Lord of Emperors</title_without_series>
<link><![CDATA[https://www.goodreads.com/book/show/104091.Lord_of_Emperors]]></link>
<small_image_url><![CDATA[https://s.gr-assets.com/assets/nophoto/book/50x75-a91bf249278a81aabab721ef782c4a74.png]]></small_image_url>
<image_url><![CDATA[https://s.gr-assets.com/assets/nophoto/book/111x148-bcc042a9c91a29c1d680899eff700a03.png]]></image_url>
<num_pages>560</num_pages>
<work>
<id>2903660</id>
</work>
<isbn>0061020028</isbn>
<isbn13>9780061020025</isbn13>
<average_rating>4.24</average_rating>
<ratings_count>8635</ratings_count>
<publication_year>2001</publication_year>
<publication_month>2</publication_month>
<publication_day>6</publication_day>
<authors>
<author>
<id>60177</id>
<name>Guy Gavriel Kay</name>
<link><![CDATA[https://www.goodreads.com/author/show/60177.Guy_Gavriel_Kay]]></link>
</author>
</authors>
</book>

          <book>
<id>9832370</id>
<title><![CDATA[BookRags Summary:  A Storm of Swords]]></title>
<title_without_series><![CDATA[BookRags Summary:  A Storm of Swords]]></title_without_series>
<link><![CDATA[https://www.goodreads.com/book/show/9832370-bookrags-summary]]></link>
<small_image_url><![CDATA[https://images.gr-assets.com/books/1369340463s/9832370.jpg]]></small_image_url>
<image_url><![CDATA[https://images.gr-assets.com/books/1369340463m/9832370.jpg]]></image_url>
<num_pages>144</num_pages>
<work>
<id>27881851</id>
</work>
<isbn></isbn>
<isbn13></isbn13>
<average_rating>4.59</average_rating>
<ratings_count>18963</ratings_count>
<publication_year>2010</publication_year>
<publication_month>11</publication_month>
<publication_day>10</publication_day>
<authors>
<author>
<id>4819027</id>
<name>BookRags</name>
<link><![CDATA[https://www.goodreads.com/author/show/4819027.BookRags]]></link>
</author>
</authors>
</book>

          <book>
<id>25300956</id>
<title><![CDATA[Royal Assassin (Farseer Trilogy, #2)]]></title>
<title_without_series>Royal Assassin</title_without_series>
<link><![CDATA[https://www.goodreads.com/book/show/25300956-royal-assassin]]></link>
<small_image_url><![CDATA[https://images.gr-assets.com/books/1428234219s/25300956.jpg]]></small_image_url>
<image_url><![CDATA[https://images.gr-assets.com/books/1428234219m/25300956.jpg]]></image_url>
<num_pages>675</num_pages>
<work>
<id>4668002</id>
</work>
<isbn></isbn>
<isbn13></isbn13>
<average_rating>4.21</average_rating>
<ratings_count>102688</ratings_count>
<publication_year>2002</publication_year>
<publication_month>11</publication_month>
<publication_day>5</publication_day>
<authors>
<author>
<id>25307</id>
<name>Robin Hobb</name>
<link><![CDATA[https://www.goodreads.com/author/show/25307.Robin_Hobb]]></link>
</author>
</authors>
</book>

          <book>
<id>2029361</id>
<title><![CDATA[The Hedge Knight II: Sworn Sword (The Hedge Knight Graphic Novels, #2)]]></title>
<title_without_series><![CDATA[The Hedge Knight II: Sworn Sword]]></title_without_series>
<link><![CDATA[https://www.goodreads.com/book/show/2029361.The_Hedge_Knight_II]]></link>
<small_image_url><![CDATA[https://images.gr-assets.com/books/1345813381s/2029361.jpg]]></small_image_url>
<image_url><![CDATA[https://images.gr-assets.com/books/1345813381m/2029361.jpg]]></image_url>
<num_pages>152</num_pages>
<work>
<id>42827254</id>
</work>
<isbn>0785126503</isbn>
<isbn13>9780785126508</isbn13>
<average_rating>4.10</average_rating>
<ratings_count>5434</ratings_count>
<publication_year>2008</publication_year>
<publication_month>6</publication_month>
<publication_day>18</publication_day>
<authors>
<author>
<id>8454</id>
<name>Ben Avery</name>
<link><![CDATA[https://www.goodreads.com/author/show/8454.Ben_Avery]]></link>
</author>
</authors>
</book>

          <book>
<id>8253920</id>
<title><![CDATA[Towers of Midnight (Wheel of Time, #13)]]></title>
<title_without_series>Towers of Midnight</title_without_series>
<link><![CDATA[https://www.goodreads.com/book/show/8253920-towers-of-midnight]]></link>
<small_image_url><![CDATA[https://images.gr-assets.com/books/1358109459s/8253920.jpg]]></small_image_url>
<image_url><![CDATA[https://images.gr-assets.com/books/1358109459m/8253920.jpg]]></image_url>
<num_pages>863</num_pages>
<work>
<id>7338128</id>
</work>
<isbn>0765325942</isbn>
<isbn13>9780765325945</isbn13>
<average_rating>4.42</average_rating>
<ratings_count>98167</ratings_count>
<publication_year>2010</publication_year>
<publication_month>11</publication_month>
<publication_day>2</publication_day>
<authors>
<author>
<id>6252</id>
<name>Robert Jordan</name>
<link><![CDATA[https://www.goodreads.com/author/show/6252.Robert_Jordan]]></link>
</author>
</authors>
</book>

          <book>
<id>395962</id>
<title><![CDATA[Kushiel's Chosen (Phèdre's Trilogy, #2)]]></title>
<title_without_series>Kushiel&apos;s Chosen</title_without_series>
<link><![CDATA[https://www.goodreads.com/book/show/395962.Kushiel_s_Chosen]]></link>
<small_image_url><![CDATA[https://images.gr-assets.com/books/1395020871s/395962.jpg]]></small_image_url>
<image_url><![CDATA[https://images.gr-assets.com/books/1395020871m/395962.jpg]]></image_url>
<num_pages>678</num_pages>
<work>
<id>848910</id>
</work>
<isbn>0765345048</isbn>
<isbn13>9780765345042</isbn13>
<average_rating>4.31</average_rating>
<ratings_count>30521</ratings_count>
<publication_year>2003</publication_year>
<publication_month>3</publication_month>
<publication_day>14</publication_day>
<authors>
<author>
<id>9237</id>
<name>Jacqueline Carey</name>
<link><![CDATA[https://www.goodreads.com/author/show/9237.Jacqueline_Carey]]></link>
</author>
</authors>
</book>

          <book>
<id>9300768</id>
<title><![CDATA[The Heroes (First Law World, #5)]]></title>
<title_without_series>The Heroes</title_without_series>
<link><![CDATA[https://www.goodreads.com/book/show/9300768-the-heroes]]></link>
<small_image_url><![CDATA[https://images.gr-assets.com/books/1375671200s/9300768.jpg]]></small_image_url>
<image_url><![CDATA[https://images.gr-assets.com/books/1375671200m/9300768.jpg]]></image_url>
<num_pages>581</num_pages>
<work>
<id>12879765</id>
</work>
<isbn>0316123358</isbn>
<isbn13>9780316123358</isbn13>
<average_rating>4.26</average_rating>
<ratings_count>29504</ratings_count>
<publication_year>2011</publication_year>
<publication_month>2</publication_month>
<publication_day>7</publication_day>
<authors>
<author>
<id>276660</id>
<name>Joe Abercrombie</name>
<link><![CDATA[https://www.goodreads.com/author/show/276660.Joe_Abercrombie]]></link>
</author>
</authors>
</book>

          <book>
<id>133664</id>
<title><![CDATA[Academ's Fury (Codex Alera, #2)]]></title>
<title_without_series>Academ&apos;s Fury</title_without_series>
<link><![CDATA[https://www.goodreads.com/book/show/133664.Academ_s_Fury]]></link>
<small_image_url><![CDATA[https://images.gr-assets.com/books/1381026900s/133664.jpg]]></small_image_url>
<image_url><![CDATA[https://images.gr-assets.com/books/1381026900m/133664.jpg]]></image_url>
<num_pages>704</num_pages>
<work>
<id>6614430</id>
</work>
<isbn>0441013406</isbn>
<isbn13>9780441013401</isbn13>
<average_rating>4.27</average_rating>
<ratings_count>47711</ratings_count>
<publication_year>2006</publication_year>
<publication_month>11</publication_month>
<publication_day>28</publication_day>
<authors>
<author>
<id>10746</id>
<name>Jim Butcher</name>
<link><![CDATA[https://www.goodreads.com/author/show/10746.Jim_Butcher]]></link>
</author>
</authors>
</book>

          <book>
<id>93768</id>
<title><![CDATA[War of the Twins (Dragonlance: Legends, #2)]]></title>
<title_without_series>War of the Twins</title_without_series>
<link><![CDATA[https://www.goodreads.com/book/show/93768.War_of_the_Twins]]></link>
<small_image_url><![CDATA[https://images.gr-assets.com/books/1390667903s/93768.jpg]]></small_image_url>
<image_url><![CDATA[https://images.gr-assets.com/books/1390667903m/93768.jpg]]></image_url>
<num_pages>411</num_pages>
<work>
<id>857019</id>
</work>
<isbn>0786932171</isbn>
<isbn13>9780786932177</isbn13>
<average_rating>4.11</average_rating>
<ratings_count>23628</ratings_count>
<publication_year>2004</publication_year>
<publication_month>5</publication_month>
<publication_day>1</publication_day>
<authors>
<author>
<id>869</id>
<name>Margaret Weis</name>
<link><![CDATA[https://www.goodreads.com/author/show/869.Margaret_Weis]]></link>
</author>
</authors>
</book>

          <book>
<id>55443</id>
<title><![CDATA[Eye of the Labyrinth (Second Sons, #2)]]></title>
<title_without_series>Eye of the Labyrinth</title_without_series>
<link><![CDATA[https://www.goodreads.com/book/show/55443.Eye_of_the_Labyrinth]]></link>
<small_image_url><![CDATA[https://s.gr-assets.com/assets/nophoto/book/50x75-a91bf249278a81aabab721ef782c4a74.png]]></small_image_url>
<image_url><![CDATA[https://s.gr-assets.com/assets/nophoto/book/111x148-bcc042a9c91a29c1d680899eff700a03.png]]></image_url>
<num_pages>512</num_pages>
<work>
<id>54029</id>
</work>
<isbn>0553586696</isbn>
<isbn13>9780553586695</isbn13>
<average_rating>4.17</average_rating>
<ratings_count>1897</ratings_count>
<publication_year>2004</publication_year>
<publication_month>4</publication_month>
<publication_day>27</publication_day>
<authors>
<author>
<id>31247</id>
<name>Jennifer Fallon</name>
<link><![CDATA[https://www.goodreads.com/author/show/31247.Jennifer_Fallon]]></link>
</author>
</authors>
</book>

          <book>
<id>400354</id>
<title><![CDATA[Men at Arms (Discworld, #15; City Watch #2)]]></title>
<title_without_series>Men at Arms</title_without_series>
<link><![CDATA[https://www.goodreads.com/book/show/400354.Men_at_Arms]]></link>
<small_image_url><![CDATA[https://s.gr-assets.com/assets/nophoto/book/50x75-a91bf249278a81aabab721ef782c4a74.png]]></small_image_url>
<image_url><![CDATA[https://s.gr-assets.com/assets/nophoto/book/111x148-bcc042a9c91a29c1d680899eff700a03.png]]></image_url>
<num_pages>377</num_pages>
<work>
<id>819071</id>
</work>
<isbn>0061092193</isbn>
<isbn13>9780061092190</isbn13>
<average_rating>4.36</average_rating>
<ratings_count>62302</ratings_count>
<publication_year>2003</publication_year>
<publication_month>5</publication_month>
<publication_day>27</publication_day>
<authors>
<author>
<id>1654</id>
<name>Terry Pratchett</name>
<link><![CDATA[https://www.goodreads.com/author/show/1654.Terry_Pratchett]]></link>
</author>
</authors>
</book>

          <book>
<id>74274</id>
<title><![CDATA[Hidden Warrior (The Tamír Triad, #2)]]></title>
<title_without_series>Hidden Warrior</title_without_series>
<link><![CDATA[https://www.goodreads.com/book/show/74274.Hidden_Warrior]]></link>
<small_image_url><![CDATA[https://s.gr-assets.com/assets/nophoto/book/50x75-a91bf249278a81aabab721ef782c4a74.png]]></small_image_url>
<image_url><![CDATA[https://s.gr-assets.com/assets/nophoto/book/111x148-bcc042a9c91a29c1d680899eff700a03.png]]></image_url>
<num_pages>576</num_pages>
<work>
<id>2492</id>
</work>
<isbn>0007113102</isbn>
<isbn13>9780007113101</isbn13>
<average_rating>4.11</average_rating>
<ratings_count>6660</ratings_count>
<publication_year>2008</publication_year>
<publication_month>7</publication_month>
<publication_day>1</publication_day>
<authors>
<author>
<id>42110</id>
<name>Lynn Flewelling</name>
<link><![CDATA[https://www.goodreads.com/author/show/42110.Lynn_Flewelling]]></link>
</author>
</authors>
</book>

          <book>
<id>68452</id>
<title><![CDATA[Pani Jeziora (Saga o Wiedźminie, #7)]]></title>
<title_without_series>Pani Jeziora</title_without_series>
<link><![CDATA[https://www.goodreads.com/book/show/68452.Pani_Jeziora]]></link>
<small_image_url><![CDATA[https://s.gr-assets.com/assets/nophoto/book/50x75-a91bf249278a81aabab721ef782c4a74.png]]></small_image_url>
<image_url><![CDATA[https://s.gr-assets.com/assets/nophoto/book/111x148-bcc042a9c91a29c1d680899eff700a03.png]]></image_url>
<num_pages>520</num_pages>
<work>
<id>66346</id>
</work>
<isbn>8370541291</isbn>
<isbn13>9788370541293</isbn13>
<average_rating>4.28</average_rating>
<ratings_count>14017</ratings_count>
<publication_year>2001</publication_year>
<publication_month></publication_month>
<publication_day></publication_day>
<authors>
<author>
<id>38569</id>
<name>Andrzej Sapkowski</name>
<link><![CDATA[https://www.goodreads.com/author/show/38569.Andrzej_Sapkowski]]></link>
</author>
</authors>
</book>

  </similar_books>
</book>

</GoodreadsResponse>