<?xml version="1.0" encoding="UTF-8"?>
<GoodreadsResponse>
  <Request>
    <authentication>true</authentication>
      <key><![CDATA[all_men_must_serve]]></key>
    <method><![CDATA[book_show]]></method>
  </Request>
  <book>
  <id>10585</id>
  <title>Insomnia</title>
  <isbn><![CDATA[8497597729]]></isbn>
  <isbn13><![CDATA[9788497597722]]></isbn13>
  <asin><![CDATA[]]></asin>
  <kindle_asin><![CDATA[B009MBBY9Y]]></kindle_asin>
  <marketplace_id><![CDATA[A1F83G8C2ARO7P]]></marketplace_id>
  <country_code><![CDATA[GB]]></country_code>
  <image_url>https://images.gr-assets.com/books/1354355494m/10585.jpg</image_url>
  <small_image_url>https://images.gr-assets.com/books/1354355494s/10585.jpg</small_image_url>
  <publication_year></publication_year>
  <publication_month></publication_month>
  <publication_day></publication_day>
  <publisher>DEBOLS!LLO</publisher>
  <language_code>spa</language_code>
  <is_ebook>false</is_ebook>
  <description><![CDATA[Ralph Roberts, a sus setenta años y tras la muerte de su mujer, siente que su vida se acaba. ¿Es acaso posible que su reciente viudez, unida a un persistente insomnio, sea la causa de esa nueva sensibilidad visual que, poco a poco, le permite ver el más allá de las personas? A Ralph le preocupa este hecho, no menos que el súbito e inexplicable comportamiento, irracional y violento, de algunos de sus vecinos. Bajo la calma superficie de la pequeña ciudad de Derry, algo parece estar cambiando. Y no para bien. <br /><br />Con <i>Insomnia</i>, King vuelve a mostrarse como el gran maestro en revelar el lado oscuro de la realidad.]]></description>
  <work>
  <id type="integer">1590722</id>
  <books_count type="integer">125</books_count>
  <best_book_id type="integer">10585</best_book_id>
  <reviews_count type="integer">168991</reviews_count>
  <ratings_sum type="integer">415407</ratings_sum>
  <ratings_count type="integer">109534</ratings_count>
  <text_reviews_count type="integer">2301</text_reviews_count>
  <original_publication_year type="integer">1994</original_publication_year>
  <original_publication_month type="integer">9</original_publication_month>
  <original_publication_day type="integer">15</original_publication_day>
  <original_title>Insomnia</original_title>
  <original_language_id type="integer" nil="true"/>
  <media_type>book</media_type>
  <rating_dist>5:33260|4:35633|3:28431|2:9072|1:3138|total:109534</rating_dist>
  <desc_user_id type="integer">47504408</desc_user_id>
  <default_chaptering_book_id type="integer" nil="true"/>
  <default_description_language_code nil="true"/>
</work>
  <average_rating>3.79</average_rating>
  <num_pages><![CDATA[890]]></num_pages>
  <format><![CDATA[]]></format>
  <edition_information><![CDATA[]]></edition_information>
  <ratings_count><![CDATA[101048]]></ratings_count>
  <text_reviews_count><![CDATA[1540]]></text_reviews_count>
  <url><![CDATA[https://www.goodreads.com/book/show/10585.Insomnia]]></url>
  <link><![CDATA[https://www.goodreads.com/book/show/10585.Insomnia]]></link>
  <authors>
<author>
<id>3389</id>
<name>Stephen King</name>
<role></role>
<image_url nophoto='false'>
<![CDATA[https://images.gr-assets.com/authors/1362814142p5/3389.jpg]]>
</image_url>
<small_image_url nophoto='false'>
<![CDATA[https://images.gr-assets.com/authors/1362814142p2/3389.jpg]]>
</small_image_url>
<link><![CDATA[https://www.goodreads.com/author/show/3389.Stephen_King]]></link>
<average_rating>4.01</average_rating>
<ratings_count>10357276</ratings_count>
<text_reviews_count>349176</text_reviews_count>
</author>
<author>
<id>3097120</id>
<name>Bettina Blanch Tyroller</name>
<role>Translator</role>
<image_url nophoto='true'>
<![CDATA[https://s.gr-assets.com/assets/nophoto/user/u_200x266-e183445fd1a1b5cc7075bb1cf7043306.png]]>
</image_url>
<small_image_url nophoto='true'>
<![CDATA[https://s.gr-assets.com/assets/nophoto/user/u_50x66-632230dc9882b4352d753eedf9396530.png]]>
</small_image_url>
<link><![CDATA[https://www.goodreads.com/author/show/3097120.Bettina_Blanch_Tyroller]]></link>
<average_rating>3.79</average_rating>
<ratings_count>102788</ratings_count>
<text_reviews_count>1761</text_reviews_count>
</author>
</authors>

    <reviews_widget>
      <![CDATA[
        <style>
  #goodreads-widget {
    font-family: georgia, serif;
    padding: 18px 0;
    width:565px;
  }
  #goodreads-widget h1 {
    font-weight:normal;
    font-size: 16px;
    border-bottom: 1px solid #BBB596;
    margin-bottom: 0;
  }
  #goodreads-widget a {
    text-decoration: none;
    color:#660;
  }
  iframe{
    background-color: #fff;
  }
  #goodreads-widget a:hover { text-decoration: underline; }
  #goodreads-widget a:active {
    color:#660;
  }
  #gr_footer {
    width: 100%;
    border-top: 1px solid #BBB596;
    text-align: right;
  }
  #goodreads-widget .gr_branding{
    color: #382110;
    font-size: 11px;
    text-decoration: none;
    font-family: "Helvetica Neue", Helvetica, Arial, sans-serif;
  }
</style>
<div id="goodreads-widget">
  <div id="gr_header"><h1><a rel="nofollow" href="https://www.goodreads.com/book/show/10585.Insomnia">Insomnia Reviews</a></h1></div>
  <iframe id="the_iframe" src="https://www.goodreads.com/api/reviews_widget_iframe?did=DEVELOPER_ID&amp;format=html&amp;isbn=8497597729&amp;links=660&amp;min_rating=&amp;review_back=fff&amp;stars=000&amp;text=000" width="565" height="400" frameborder="0"></iframe>
  <div id="gr_footer">
    <a class="gr_branding" target="_blank" rel="nofollow" href="https://www.goodreads.com/book/show/10585.Insomnia?utm_medium=api&amp;utm_source=reviews_widget">Reviews from Goodreads.com</a>
  </div>
</div>

      ]]>
    </reviews_widget>
  <popular_shelves>
      <shelf name="to-read" count="20023"/>
      <shelf name="horror" count="2394"/>
      <shelf name="stephen-king" count="1739"/>
      <shelf name="fiction" count="885"/>
      <shelf name="currently-reading" count="673"/>
      <shelf name="favorites" count="397"/>
      <shelf name="owned" count="387"/>
      <shelf name="fantasy" count="373"/>
      <shelf name="books-i-own" count="294"/>
      <shelf name="king" count="280"/>
      <shelf name="default" count="230"/>
      <shelf name="thriller" count="218"/>
      <shelf name="owned-books" count="133"/>
      <shelf name="supernatural" count="99"/>
      <shelf name="mystery" count="79"/>
      <shelf name="library" count="76"/>
      <shelf name="suspense" count="76"/>
      <shelf name="my-books" count="71"/>
      <shelf name="paranormal" count="64"/>
      <shelf name="my-library" count="58"/>
      <shelf name="horror-thriller" count="57"/>
      <shelf name="sci-fi" count="55"/>
      <shelf name="novels" count="53"/>
      <shelf name="king-stephen" count="52"/>
      <shelf name="i-own" count="52"/>
      <shelf name="science-fiction" count="49"/>
      <shelf name="ebooks" count="43"/>
      <shelf name="dark-tower" count="41"/>
      <shelf name="novel" count="39"/>
      <shelf name="kindle" count="37"/>
      <shelf name="to-buy" count="33"/>
      <shelf name="have" count="32"/>
      <shelf name="maine" count="32"/>
      <shelf name="the-king" count="32"/>
      <shelf name="own-it" count="32"/>
      <shelf name="adult" count="32"/>
      <shelf name="ebook" count="32"/>
      <shelf name="insomnia" count="31"/>
      <shelf name="adult-fiction" count="30"/>
      <shelf name="horror-suspense" count="29"/>
      <shelf name="favourites" count="29"/>
      <shelf name="audio" count="28"/>
      <shelf name="stories" count="28"/>
      <shelf name="ghost" count="27"/>
      <shelf name="american" count="26"/>
      <shelf name="home-library" count="26"/>
      <shelf name="abandoned" count="25"/>
      <shelf name="stephenking" count="23"/>
      <shelf name="hardcover" count="23"/>
      <shelf name="audiobook" count="22"/>
      <shelf name="stephen-king-read" count="22"/>
      <shelf name="general" count="22"/>
      <shelf name="re-read" count="22"/>
      <shelf name="personal-library" count="21"/>
      <shelf name="audiobooks" count="20"/>
      <shelf name="books" count="20"/>
      <shelf name="the-dark-tower" count="20"/>
      <shelf name="thriller-horror" count="20"/>
      <shelf name="creepy" count="20"/>
      <shelf name="wish-list" count="20"/>
      <shelf name="sci-fi-fantasy" count="20"/>
      <shelf name="scary" count="20"/>
      <shelf name="calibre" count="19"/>
      <shelf name="finished" count="19"/>
      <shelf name="did-not-finish" count="19"/>
      <shelf name="sk" count="19"/>
      <shelf name="mystery-thriller" count="19"/>
      <shelf name="general-fiction" count="19"/>
      <shelf name="bookshelf" count="18"/>
      <shelf name="contemporary" count="18"/>
      <shelf name="stephen-king-books" count="18"/>
      <shelf name="fiction-horror" count="18"/>
      <shelf name="s-king" count="17"/>
      <shelf name="collection" count="17"/>
      <shelf name="paperback" count="17"/>
      <shelf name="tbr" count="16"/>
      <shelf name="audio-books" count="16"/>
      <shelf name="e-books" count="16"/>
      <shelf name="audible" count="16"/>
      <shelf name="english" count="16"/>
      <shelf name="stephen-king-to-read" count="16"/>
      <shelf name="terror" count="16"/>
      <shelf name="horror-fiction" count="16"/>
      <shelf name="contemporary-fiction" count="16"/>
      <shelf name="stephen-king-collection" count="14"/>
      <shelf name="psychological" count="14"/>
      <shelf name="books-owned" count="14"/>
      <shelf name="my-collection" count="14"/>
      <shelf name="to-read-own" count="14"/>
      <shelf name="unfinished" count="14"/>
      <shelf name="scifi-fantasy" count="14"/>
      <shelf name="20th-century" count="13"/>
      <shelf name="to-read-owned" count="13"/>
      <shelf name="horror-mystery" count="13"/>
      <shelf name="thrillers" count="13"/>
      <shelf name="suspense-thriller" count="13"/>
      <shelf name="dnf" count="12"/>
      <shelf name="owned-to-read" count="12"/>
      <shelf name="steven-king" count="12"/>
      <shelf name="hardback" count="12"/>
  </popular_shelves>
  <book_links>
    <book_link>
  <id>8</id>
  <name>Libraries</name>
  <link>https://www.goodreads.com/book_link/follow/8</link>
</book_link>

  </book_links>
  <buy_links>
    <buy_link>
<id>1</id>
<name>Amazon</name>
<link>https://www.goodreads.com/book_link/follow/1</link>
</buy_link>
<buy_link>
<id>10</id>
<name>Audible</name>
<link>https://www.goodreads.com/book_link/follow/10</link>
</buy_link>
<buy_link>
<id>3</id>
<name>Barnes &amp; Noble</name>
<link>https://www.goodreads.com/book_link/follow/3</link>
</buy_link>
<buy_link>
<id>1027</id>
<name>Kobo</name>
<link>https://www.goodreads.com/book_link/follow/1027</link>
</buy_link>
<buy_link>
<id>2102</id>
<name>Apple iBooks</name>
<link>https://www.goodreads.com/book_link/follow/2102</link>
</buy_link>
<buy_link>
<id>8036</id>
<name>Google Play</name>
<link>https://www.goodreads.com/book_link/follow/8036</link>
</buy_link>
<buy_link>
<id>4</id>
<name>Abebooks</name>
<link>https://www.goodreads.com/book_link/follow/4</link>
</buy_link>
<buy_link>
<id>882</id>
<name>Book Depository</name>
<link>https://www.goodreads.com/book_link/follow/882</link>
</buy_link>
<buy_link>
<id>9</id>
<name>Indigo</name>
<link>https://www.goodreads.com/book_link/follow/9</link>
</buy_link>
<buy_link>
<id>2</id>
<name>Half.com</name>
<link>https://www.goodreads.com/book_link/follow/2</link>
</buy_link>
<buy_link>
<id>5</id>
<name>Alibris</name>
<link>https://www.goodreads.com/book_link/follow/5</link>
</buy_link>
<buy_link>
<id>107</id>
<name>Better World Books</name>
<link>https://www.goodreads.com/book_link/follow/107</link>
</buy_link>
<buy_link>
<id>7</id>
<name>IndieBound</name>
<link>https://www.goodreads.com/book_link/follow/7</link>
</buy_link>

  </buy_links>
  <series_works>
    
  </series_works>
  <similar_books>
          <book>
<id>10596</id>
<title>The Regulators</title>
<title_without_series>The Regulators</title_without_series>
<link><![CDATA[https://www.goodreads.com/book/show/10596.The_Regulators]]></link>
<small_image_url><![CDATA[https://images.gr-assets.com/books/1364033309s/10596.jpg]]></small_image_url>
<image_url><![CDATA[https://images.gr-assets.com/books/1364033309m/10596.jpg]]></image_url>
<num_pages></num_pages>
<work>
<id>955346</id>
</work>
<isbn>0451191013</isbn>
<isbn13>9780451191014</isbn13>
<average_rating>3.63</average_rating>
<ratings_count>53340</ratings_count>
<publication_year></publication_year>
<publication_month></publication_month>
<publication_day></publication_day>
<authors>
<author>
<id>5858</id>
<name>Richard Bachman</name>
<link><![CDATA[https://www.goodreads.com/author/show/5858.Richard_Bachman]]></link>
</author>
</authors>
</book>

          <book>
<id>11532</id>
<title>Night Visions 5</title>
<title_without_series>Night Visions 5</title_without_series>
<link><![CDATA[https://www.goodreads.com/book/show/11532.Night_Visions_5]]></link>
<small_image_url><![CDATA[https://images.gr-assets.com/books/1289330105s/11532.jpg]]></small_image_url>
<image_url><![CDATA[https://images.gr-assets.com/books/1289330105m/11532.jpg]]></image_url>
<num_pages>274</num_pages>
<work>
<id>88730</id>
</work>
<isbn>0913165328</isbn>
<isbn13>9780913165324</isbn13>
<average_rating>3.90</average_rating>
<ratings_count>1362</ratings_count>
<publication_year>1988</publication_year>
<publication_month>5</publication_month>
<publication_day></publication_day>
<authors>
<author>
<id>18351</id>
<name>Douglas E. Winter</name>
<link><![CDATA[https://www.goodreads.com/author/show/18351.Douglas_E_Winter]]></link>
</author>
</authors>
</book>

          <book>
<id>32640</id>
<title><![CDATA[The Inhuman Condition (Books of Blood, #4)]]></title>
<title_without_series>The Inhuman Condition</title_without_series>
<link><![CDATA[https://www.goodreads.com/book/show/32640.The_Inhuman_Condition]]></link>
<small_image_url><![CDATA[https://s.gr-assets.com/assets/nophoto/book/50x75-a91bf249278a81aabab721ef782c4a74.png]]></small_image_url>
<image_url><![CDATA[https://s.gr-assets.com/assets/nophoto/book/111x148-bcc042a9c91a29c1d680899eff700a03.png]]></image_url>
<num_pages>180</num_pages>
<work>
<id>32799</id>
</work>
<isbn>0743417348</isbn>
<isbn13>9780743417341</isbn13>
<average_rating>3.97</average_rating>
<ratings_count>6173</ratings_count>
<publication_year></publication_year>
<publication_month></publication_month>
<publication_day></publication_day>
<authors>
<author>
<id>10366</id>
<name>Clive Barker</name>
<link><![CDATA[https://www.goodreads.com/author/show/10366.Clive_Barker]]></link>
</author>
</authors>
</book>

          <book>
<id>15676</id>
<title>Strangers</title>
<title_without_series>Strangers</title_without_series>
<link><![CDATA[https://www.goodreads.com/book/show/15676.Strangers]]></link>
<small_image_url><![CDATA[https://images.gr-assets.com/books/1308458895s/15676.jpg]]></small_image_url>
<image_url><![CDATA[https://images.gr-assets.com/books/1308458895m/15676.jpg]]></image_url>
<num_pages>704</num_pages>
<work>
<id>359553</id>
</work>
<isbn>0425181111</isbn>
<isbn13>9780425181119</isbn13>
<average_rating>3.98</average_rating>
<ratings_count>36282</ratings_count>
<publication_year>2002</publication_year>
<publication_month>10</publication_month>
<publication_day>1</publication_day>
<authors>
<author>
<id>9355</id>
<name>Dean Koontz</name>
<link><![CDATA[https://www.goodreads.com/author/show/9355.Dean_Koontz]]></link>
</author>
</authors>
</book>

          <book>
<id>348599</id>
<title><![CDATA[The Girl Who Loved Tom Gordon: A Pop-up Book]]></title>
<title_without_series><![CDATA[The Girl Who Loved Tom Gordon: A Pop-up Book]]></title_without_series>
<link><![CDATA[https://www.goodreads.com/book/show/348599.The_Girl_Who_Loved_Tom_Gordon]]></link>
<small_image_url><![CDATA[https://s.gr-assets.com/assets/nophoto/book/50x75-a91bf249278a81aabab721ef782c4a74.png]]></small_image_url>
<image_url><![CDATA[https://s.gr-assets.com/assets/nophoto/book/111x148-bcc042a9c91a29c1d680899eff700a03.png]]></image_url>
<num_pages>16</num_pages>
<work>
<id>49994379</id>
</work>
<isbn>0689862725</isbn>
<isbn13>9780689862724</isbn13>
<average_rating>4.00</average_rating>
<ratings_count>2694</ratings_count>
<publication_year>2004</publication_year>
<publication_month>10</publication_month>
<publication_day>12</publication_day>
<authors>
<author>
<id>607</id>
<name>Peter Abrahams</name>
<link><![CDATA[https://www.goodreads.com/author/show/607.Peter_Abrahams]]></link>
</author>
</authors>
</book>

          <book>
<id>43613</id>
<title><![CDATA[Stephen King's The Dark Tower: The Complete Concordance]]></title>
<title_without_series><![CDATA[Stephen King's The Dark Tower: The Complete Concordance]]></title_without_series>
<link><![CDATA[https://www.goodreads.com/book/show/43613.Stephen_King_s_The_Dark_Tower]]></link>
<small_image_url><![CDATA[https://s.gr-assets.com/assets/nophoto/book/50x75-a91bf249278a81aabab721ef782c4a74.png]]></small_image_url>
<image_url><![CDATA[https://s.gr-assets.com/assets/nophoto/book/111x148-bcc042a9c91a29c1d680899eff700a03.png]]></image_url>
<num_pages>609</num_pages>
<work>
<id>43037</id>
</work>
<isbn>0743297342</isbn>
<isbn13>9780743297349</isbn13>
<average_rating>4.32</average_rating>
<ratings_count>7686</ratings_count>
<publication_year>2006</publication_year>
<publication_month>12</publication_month>
<publication_day>5</publication_day>
<authors>
<author>
<id>3470</id>
<name>Robin Furth</name>
<link><![CDATA[https://www.goodreads.com/author/show/3470.Robin_Furth]]></link>
</author>
</authors>
</book>

          <book>
<id>65516</id>
<title>Mr. X</title>
<title_without_series>Mr. X</title_without_series>
<link><![CDATA[https://www.goodreads.com/book/show/65516.Mr_X]]></link>
<small_image_url><![CDATA[https://s.gr-assets.com/assets/nophoto/book/50x75-a91bf249278a81aabab721ef782c4a74.png]]></small_image_url>
<image_url><![CDATA[https://s.gr-assets.com/assets/nophoto/book/111x148-bcc042a9c91a29c1d680899eff700a03.png]]></image_url>
<num_pages>626</num_pages>
<work>
<id>926266</id>
</work>
<isbn>0006513751</isbn>
<isbn13>9780006513759</isbn13>
<average_rating>3.63</average_rating>
<ratings_count>3558</ratings_count>
<publication_year>2001</publication_year>
<publication_month>3</publication_month>
<publication_day>28</publication_day>
<authors>
<author>
<id>6941</id>
<name>Peter Straub</name>
<link><![CDATA[https://www.goodreads.com/author/show/6941.Peter_Straub]]></link>
</author>
</authors>
</book>

  </similar_books>
</book>

</GoodreadsResponse>