<?xml version="1.0" encoding="UTF-8"?>
<GoodreadsResponse>
  <Request>
    <authentication>true</authentication>
      <key><![CDATA[all_men_must_serve]]></key>
    <method><![CDATA[book_show]]></method>
  </Request>
  <book>
  <id>10589</id>
  <title>Bag of Bones</title>
  <isbn><![CDATA[067102423X]]></isbn>
  <isbn13><![CDATA[9780671024239]]></isbn13>
  <asin><![CDATA[]]></asin>
  <kindle_asin><![CDATA[B003BKZW5E]]></kindle_asin>
  <marketplace_id><![CDATA[A1F83G8C2ARO7P]]></marketplace_id>
  <country_code><![CDATA[GB]]></country_code>
  <image_url>https://images.gr-assets.com/books/1365592796m/10589.jpg</image_url>
  <small_image_url>https://images.gr-assets.com/books/1365592796s/10589.jpg</small_image_url>
  <publication_year>1999</publication_year>
  <publication_month>6</publication_month>
  <publication_day></publication_day>
  <publisher></publisher>
  <language_code>en-US</language_code>
  <is_ebook>false</is_ebook>
  <description><![CDATA[Four years after the sudden death of his wife, forty-year-old bestselling novelist Mike Noonan is still grieving. Unable to write, and plagued by vivid nightmares set at the western Maine summerhouse he calls Sara Laughs, Mike reluctantly returns to the lakeside getaway. There, he finds his beloved Yankee town held in the grip of a powerful millionaire, Max Devore, whose vindictive purpose is to take his three-year-old granddaughter, Kyra, away from her widowed young mother, Mattie. As Mike is drawn into Mattie and Kyra's struggle, as he falls in love with both of them, he is also drawn into the mystery of Sara Laughs, now the site of ghostly visitations and escalating terrors. What are the forces that have been unleashed here—and what do they want of Mike Noonan?<br /><br />It is no secret that King is one of our most mesmerizing storytellers. In <i>Bag of Bones,</i> he proves to be one of our most moving as well.]]></description>
  <work>
  <id type="integer">3254516</id>
  <books_count type="integer">134</books_count>
  <best_book_id type="integer">10589</best_book_id>
  <reviews_count type="integer">208366</reviews_count>
  <ratings_sum type="integer">534087</ratings_sum>
  <ratings_count type="integer">137952</ratings_count>
  <text_reviews_count type="integer">3087</text_reviews_count>
  <original_publication_year type="integer">1998</original_publication_year>
  <original_publication_month type="integer">9</original_publication_month>
  <original_publication_day type="integer">22</original_publication_day>
  <original_title>Bag of Bones</original_title>
  <original_language_id type="integer" nil="true"/>
  <media_type>book</media_type>
  <rating_dist>5:43788|4:46746|3:35704|2:9337|1:2377|total:137952</rating_dist>
  <desc_user_id type="integer">5147740</desc_user_id>
  <default_chaptering_book_id type="integer" nil="true"/>
  <default_description_language_code nil="true"/>
</work>
  <average_rating>3.87</average_rating>
  <num_pages><![CDATA[736]]></num_pages>
  <format><![CDATA[Mass Market Paperback]]></format>
  <edition_information><![CDATA[]]></edition_information>
  <ratings_count><![CDATA[131077]]></ratings_count>
  <text_reviews_count><![CDATA[2457]]></text_reviews_count>
  <url><![CDATA[https://www.goodreads.com/book/show/10589.Bag_of_Bones]]></url>
  <link><![CDATA[https://www.goodreads.com/book/show/10589.Bag_of_Bones]]></link>
  <authors>
<author>
<id>3389</id>
<name>Stephen King</name>
<role></role>
<image_url nophoto='false'>
<![CDATA[https://images.gr-assets.com/authors/1362814142p5/3389.jpg]]>
</image_url>
<small_image_url nophoto='false'>
<![CDATA[https://images.gr-assets.com/authors/1362814142p2/3389.jpg]]>
</small_image_url>
<link><![CDATA[https://www.goodreads.com/author/show/3389.Stephen_King]]></link>
<average_rating>4.01</average_rating>
<ratings_count>10357276</ratings_count>
<text_reviews_count>349176</text_reviews_count>
</author>
</authors>

    <reviews_widget>
      <![CDATA[
        <style>
  #goodreads-widget {
    font-family: georgia, serif;
    padding: 18px 0;
    width:565px;
  }
  #goodreads-widget h1 {
    font-weight:normal;
    font-size: 16px;
    border-bottom: 1px solid #BBB596;
    margin-bottom: 0;
  }
  #goodreads-widget a {
    text-decoration: none;
    color:#660;
  }
  iframe{
    background-color: #fff;
  }
  #goodreads-widget a:hover { text-decoration: underline; }
  #goodreads-widget a:active {
    color:#660;
  }
  #gr_footer {
    width: 100%;
    border-top: 1px solid #BBB596;
    text-align: right;
  }
  #goodreads-widget .gr_branding{
    color: #382110;
    font-size: 11px;
    text-decoration: none;
    font-family: "Helvetica Neue", Helvetica, Arial, sans-serif;
  }
</style>
<div id="goodreads-widget">
  <div id="gr_header"><h1><a rel="nofollow" href="https://www.goodreads.com/book/show/10589.Bag_of_Bones">Bag of Bones Reviews</a></h1></div>
  <iframe id="the_iframe" src="https://www.goodreads.com/api/reviews_widget_iframe?did=DEVELOPER_ID&amp;format=html&amp;isbn=067102423X&amp;links=660&amp;min_rating=&amp;review_back=fff&amp;stars=000&amp;text=000" width="565" height="400" frameborder="0"></iframe>
  <div id="gr_footer">
    <a class="gr_branding" target="_blank" rel="nofollow" href="https://www.goodreads.com/book/show/10589.Bag_of_Bones?utm_medium=api&amp;utm_source=reviews_widget">Reviews from Goodreads.com</a>
  </div>
</div>

      ]]>
    </reviews_widget>
  <popular_shelves>
      <shelf name="to-read" count="53386"/>
      <shelf name="horror" count="2639"/>
      <shelf name="stephen-king" count="1879"/>
      <shelf name="currently-reading" count="1414"/>
      <shelf name="fiction" count="947"/>
      <shelf name="favorites" count="526"/>
      <shelf name="owned" count="422"/>
      <shelf name="books-i-own" count="381"/>
      <shelf name="king" count="311"/>
      <shelf name="thriller" count="278"/>
      <shelf name="default" count="238"/>
      <shelf name="mystery" count="229"/>
      <shelf name="fantasy" count="162"/>
      <shelf name="paranormal" count="149"/>
      <shelf name="owned-books" count="129"/>
      <shelf name="suspense" count="119"/>
      <shelf name="supernatural" count="109"/>
      <shelf name="ghosts" count="103"/>
      <shelf name="my-library" count="79"/>
      <shelf name="my-books" count="72"/>
      <shelf name="library" count="71"/>
      <shelf name="audiobook" count="67"/>
      <shelf name="horror-thriller" count="66"/>
      <shelf name="king-stephen" count="62"/>
      <shelf name="i-own" count="59"/>
      <shelf name="adult" count="55"/>
      <shelf name="kindle" count="52"/>
      <shelf name="ghost" count="52"/>
      <shelf name="novels" count="51"/>
      <shelf name="romance" count="50"/>
      <shelf name="own-it" count="47"/>
      <shelf name="american" count="46"/>
      <shelf name="to-buy" count="44"/>
      <shelf name="the-king" count="44"/>
      <shelf name="ebooks" count="40"/>
      <shelf name="audiobooks" count="39"/>
      <shelf name="scary" count="38"/>
      <shelf name="ebook" count="38"/>
      <shelf name="novel" count="37"/>
      <shelf name="adult-fiction" count="37"/>
      <shelf name="audio" count="36"/>
      <shelf name="mystery-thriller" count="33"/>
      <shelf name="books" count="33"/>
      <shelf name="wish-list" count="33"/>
      <shelf name="favourites" count="32"/>
      <shelf name="maine" count="31"/>
      <shelf name="stephen" count="29"/>
      <shelf name="terror" count="29"/>
      <shelf name="have" count="28"/>
      <shelf name="abandoned" count="28"/>
      <shelf name="home-library" count="27"/>
      <shelf name="horror-suspense" count="27"/>
      <shelf name="of" count="26"/>
      <shelf name="stephenking" count="26"/>
      <shelf name="ghost-stories" count="26"/>
      <shelf name="bookshelf" count="25"/>
      <shelf name="authors" count="25"/>
      <shelf name="contemporary" count="25"/>
      <shelf name="widows" count="24"/>
      <shelf name="children" count="24"/>
      <shelf name="custody" count="24"/>
      <shelf name="grandfathers" count="24"/>
      <shelf name="stories" count="24"/>
      <shelf name="general" count="24"/>
      <shelf name="ghost-story" count="24"/>
      <shelf name="widowers" count="23"/>
      <shelf name="thrillers" count="23"/>
      <shelf name="e-books" count="22"/>
      <shelf name="horror-supernatural" count="22"/>
      <shelf name="thriller-horror" count="22"/>
      <shelf name="general-fiction" count="22"/>
      <shelf name="calibre" count="21"/>
      <shelf name="audible" count="21"/>
      <shelf name="prose" count="21"/>
      <shelf name="steven-king" count="21"/>
      <shelf name="paperback" count="21"/>
      <shelf name="sk" count="21"/>
      <shelf name="hardcover" count="21"/>
      <shelf name="dark-tower" count="20"/>
      <shelf name="stephen-king-books" count="20"/>
      <shelf name="personal-library" count="20"/>
      <shelf name="sci-fi-fantasy" count="20"/>
      <shelf name="s-king" count="19"/>
      <shelf name="favorite-authors" count="19"/>
      <shelf name="crime" count="19"/>
      <shelf name="finished" count="19"/>
      <shelf name="shelfari-favorites" count="18"/>
      <shelf name="e-book" count="18"/>
      <shelf name="own-to-read" count="18"/>
      <shelf name="stephen-king-read" count="17"/>
      <shelf name="english" count="17"/>
      <shelf name="block" count="17"/>
      <shelf name="writer-s" count="17"/>
      <shelf name="criticism" count="17"/>
      <shelf name="tales" count="17"/>
      <shelf name="audio-books" count="17"/>
      <shelf name="mystery-suspense" count="17"/>
      <shelf name="horror-fiction" count="17"/>
      <shelf name="fiction-horror" count="17"/>
      <shelf name="gothic" count="17"/>
  </popular_shelves>
  <book_links>
    <book_link>
  <id>8</id>
  <name>Libraries</name>
  <link>https://www.goodreads.com/book_link/follow/8</link>
</book_link>

  </book_links>
  <buy_links>
    <buy_link>
<id>1</id>
<name>Amazon</name>
<link>https://www.goodreads.com/book_link/follow/1</link>
</buy_link>
<buy_link>
<id>10</id>
<name>Audible</name>
<link>https://www.goodreads.com/book_link/follow/10</link>
</buy_link>
<buy_link>
<id>3</id>
<name>Barnes &amp; Noble</name>
<link>https://www.goodreads.com/book_link/follow/3</link>
</buy_link>
<buy_link>
<id>1027</id>
<name>Kobo</name>
<link>https://www.goodreads.com/book_link/follow/1027</link>
</buy_link>
<buy_link>
<id>2102</id>
<name>Apple iBooks</name>
<link>https://www.goodreads.com/book_link/follow/2102</link>
</buy_link>
<buy_link>
<id>8036</id>
<name>Google Play</name>
<link>https://www.goodreads.com/book_link/follow/8036</link>
</buy_link>
<buy_link>
<id>4</id>
<name>Abebooks</name>
<link>https://www.goodreads.com/book_link/follow/4</link>
</buy_link>
<buy_link>
<id>882</id>
<name>Book Depository</name>
<link>https://www.goodreads.com/book_link/follow/882</link>
</buy_link>
<buy_link>
<id>9</id>
<name>Indigo</name>
<link>https://www.goodreads.com/book_link/follow/9</link>
</buy_link>
<buy_link>
<id>2</id>
<name>Half.com</name>
<link>https://www.goodreads.com/book_link/follow/2</link>
</buy_link>
<buy_link>
<id>5</id>
<name>Alibris</name>
<link>https://www.goodreads.com/book_link/follow/5</link>
</buy_link>
<buy_link>
<id>107</id>
<name>Better World Books</name>
<link>https://www.goodreads.com/book_link/follow/107</link>
</buy_link>
<buy_link>
<id>7</id>
<name>IndieBound</name>
<link>https://www.goodreads.com/book_link/follow/7</link>
</buy_link>

  </buy_links>
  <series_works>
    
  </series_works>
  <similar_books>
          <book>
<id>10596</id>
<title>The Regulators</title>
<title_without_series>The Regulators</title_without_series>
<link><![CDATA[https://www.goodreads.com/book/show/10596.The_Regulators]]></link>
<small_image_url><![CDATA[https://images.gr-assets.com/books/1364033309s/10596.jpg]]></small_image_url>
<image_url><![CDATA[https://images.gr-assets.com/books/1364033309m/10596.jpg]]></image_url>
<num_pages></num_pages>
<work>
<id>955346</id>
</work>
<isbn>0451191013</isbn>
<isbn13>9780451191014</isbn13>
<average_rating>3.63</average_rating>
<ratings_count>53340</ratings_count>
<publication_year></publication_year>
<publication_month></publication_month>
<publication_day></publication_day>
<authors>
<author>
<id>5858</id>
<name>Richard Bachman</name>
<link><![CDATA[https://www.goodreads.com/author/show/5858.Richard_Bachman]]></link>
</author>
</authors>
</book>

          <book>
<id>43613</id>
<title><![CDATA[Stephen King's The Dark Tower: The Complete Concordance]]></title>
<title_without_series><![CDATA[Stephen King's The Dark Tower: The Complete Concordance]]></title_without_series>
<link><![CDATA[https://www.goodreads.com/book/show/43613.Stephen_King_s_The_Dark_Tower]]></link>
<small_image_url><![CDATA[https://s.gr-assets.com/assets/nophoto/book/50x75-a91bf249278a81aabab721ef782c4a74.png]]></small_image_url>
<image_url><![CDATA[https://s.gr-assets.com/assets/nophoto/book/111x148-bcc042a9c91a29c1d680899eff700a03.png]]></image_url>
<num_pages>609</num_pages>
<work>
<id>43037</id>
</work>
<isbn>0743297342</isbn>
<isbn13>9780743297349</isbn13>
<average_rating>4.32</average_rating>
<ratings_count>7686</ratings_count>
<publication_year>2006</publication_year>
<publication_month>12</publication_month>
<publication_day>5</publication_day>
<authors>
<author>
<id>3470</id>
<name>Robin Furth</name>
<link><![CDATA[https://www.goodreads.com/author/show/3470.Robin_Furth]]></link>
</author>
</authors>
</book>

          <book>
<id>348599</id>
<title><![CDATA[The Girl Who Loved Tom Gordon: A Pop-up Book]]></title>
<title_without_series><![CDATA[The Girl Who Loved Tom Gordon: A Pop-up Book]]></title_without_series>
<link><![CDATA[https://www.goodreads.com/book/show/348599.The_Girl_Who_Loved_Tom_Gordon]]></link>
<small_image_url><![CDATA[https://s.gr-assets.com/assets/nophoto/book/50x75-a91bf249278a81aabab721ef782c4a74.png]]></small_image_url>
<image_url><![CDATA[https://s.gr-assets.com/assets/nophoto/book/111x148-bcc042a9c91a29c1d680899eff700a03.png]]></image_url>
<num_pages>16</num_pages>
<work>
<id>49994379</id>
</work>
<isbn>0689862725</isbn>
<isbn13>9780689862724</isbn13>
<average_rating>4.00</average_rating>
<ratings_count>2694</ratings_count>
<publication_year>2004</publication_year>
<publication_month>10</publication_month>
<publication_day>12</publication_day>
<authors>
<author>
<id>607</id>
<name>Peter Abrahams</name>
<link><![CDATA[https://www.goodreads.com/author/show/607.Peter_Abrahams]]></link>
</author>
</authors>
</book>

          <book>
<id>906491</id>
<title>The Throat</title>
<title_without_series>The Throat</title_without_series>
<link><![CDATA[https://www.goodreads.com/book/show/906491.The_Throat]]></link>
<small_image_url><![CDATA[https://images.gr-assets.com/books/1309212454s/906491.jpg]]></small_image_url>
<image_url><![CDATA[https://images.gr-assets.com/books/1309212454m/906491.jpg]]></image_url>
<num_pages>704</num_pages>
<work>
<id>926265</id>
</work>
<isbn>0451179188</isbn>
<isbn13>9780451179180</isbn13>
<average_rating>3.94</average_rating>
<ratings_count>3095</ratings_count>
<publication_year>1994</publication_year>
<publication_month>3</publication_month>
<publication_day>1</publication_day>
<authors>
<author>
<id>6941</id>
<name>Peter Straub</name>
<link><![CDATA[https://www.goodreads.com/author/show/6941.Peter_Straub]]></link>
</author>
</authors>
</book>

          <book>
<id>373915</id>
<title>20th Century Ghosts</title>
<title_without_series>20th Century Ghosts</title_without_series>
<link><![CDATA[https://www.goodreads.com/book/show/373915.20th_Century_Ghosts]]></link>
<small_image_url><![CDATA[https://images.gr-assets.com/books/1388224829s/373915.jpg]]></small_image_url>
<image_url><![CDATA[https://images.gr-assets.com/books/1388224829m/373915.jpg]]></image_url>
<num_pages>316</num_pages>
<work>
<id>1049073</id>
</work>
<isbn>0061147974</isbn>
<isbn13>9780061147975</isbn13>
<average_rating>3.95</average_rating>
<ratings_count>24802</ratings_count>
<publication_year>2007</publication_year>
<publication_month>10</publication_month>
<publication_day>16</publication_day>
<authors>
<author>
<id>88506</id>
<name>Joe Hill</name>
<link><![CDATA[https://www.goodreads.com/author/show/88506.Joe_Hill]]></link>
</author>
</authors>
</book>

          <book>
<id>64948</id>
<title>Whispers</title>
<title_without_series>Whispers</title_without_series>
<link><![CDATA[https://www.goodreads.com/book/show/64948.Whispers]]></link>
<small_image_url><![CDATA[https://s.gr-assets.com/assets/nophoto/book/50x75-a91bf249278a81aabab721ef782c4a74.png]]></small_image_url>
<image_url><![CDATA[https://s.gr-assets.com/assets/nophoto/book/111x148-bcc042a9c91a29c1d680899eff700a03.png]]></image_url>
<num_pages>464</num_pages>
<work>
<id>442705</id>
</work>
<isbn>042520992X</isbn>
<isbn13>9780425209929</isbn13>
<average_rating>3.90</average_rating>
<ratings_count>27349</ratings_count>
<publication_year>2006</publication_year>
<publication_month>6</publication_month>
<publication_day>27</publication_day>
<authors>
<author>
<id>9355</id>
<name>Dean Koontz</name>
<link><![CDATA[https://www.goodreads.com/author/show/9355.Dean_Koontz]]></link>
</author>
</authors>
</book>

          <book>
<id>6980553</id>
<title><![CDATA[Stephen King Illustrated Companion Manuscripts, Correspondence, Drawings, and Memorabilia from the Master of Modern Horror]]></title>
<title_without_series><![CDATA[Stephen King Illustrated Companion Manuscripts, Correspondence, Drawings, and Memorabilia from the Master of Modern Horror]]></title_without_series>
<link><![CDATA[https://www.goodreads.com/book/show/6980553-stephen-king-illustrated-companion-manuscripts-correspondence-drawings]]></link>
<small_image_url><![CDATA[https://s.gr-assets.com/assets/nophoto/book/50x75-a91bf249278a81aabab721ef782c4a74.png]]></small_image_url>
<image_url><![CDATA[https://s.gr-assets.com/assets/nophoto/book/111x148-bcc042a9c91a29c1d680899eff700a03.png]]></image_url>
<num_pages></num_pages>
<work>
<id>7222310</id>
</work>
<isbn>1435117662</isbn>
<isbn13>9781435117662</isbn13>
<average_rating>4.28</average_rating>
<ratings_count>2325</ratings_count>
<publication_year></publication_year>
<publication_month></publication_month>
<publication_day></publication_day>
<authors>
<author>
<id>3469</id>
<name>Bev Vincent</name>
<link><![CDATA[https://www.goodreads.com/author/show/3469.Bev_Vincent]]></link>
</author>
</authors>
</book>

          <book>
<id>2783748</id>
<title>The Grin of the Dark</title>
<title_without_series>The Grin of the Dark</title_without_series>
<link><![CDATA[https://www.goodreads.com/book/show/2783748-the-grin-of-the-dark]]></link>
<small_image_url><![CDATA[https://images.gr-assets.com/books/1312062886s/2783748.jpg]]></small_image_url>
<image_url><![CDATA[https://images.gr-assets.com/books/1312062886m/2783748.jpg]]></image_url>
<num_pages>381</num_pages>
<work>
<id>2367365</id>
</work>
<isbn>076531939X</isbn>
<isbn13>9780765319395</isbn13>
<average_rating>3.40</average_rating>
<ratings_count>486</ratings_count>
<publication_year>2008</publication_year>
<publication_month>7</publication_month>
<publication_day>8</publication_day>
<authors>
<author>
<id>18253</id>
<name>Ramsey Campbell</name>
<link><![CDATA[https://www.goodreads.com/author/show/18253.Ramsey_Campbell]]></link>
</author>
</authors>
</book>

          <book>
<id>11532</id>
<title>Night Visions 5</title>
<title_without_series>Night Visions 5</title_without_series>
<link><![CDATA[https://www.goodreads.com/book/show/11532.Night_Visions_5]]></link>
<small_image_url><![CDATA[https://images.gr-assets.com/books/1289330105s/11532.jpg]]></small_image_url>
<image_url><![CDATA[https://images.gr-assets.com/books/1289330105m/11532.jpg]]></image_url>
<num_pages>274</num_pages>
<work>
<id>88730</id>
</work>
<isbn>0913165328</isbn>
<isbn13>9780913165324</isbn13>
<average_rating>3.90</average_rating>
<ratings_count>1362</ratings_count>
<publication_year>1988</publication_year>
<publication_month>5</publication_month>
<publication_day></publication_day>
<authors>
<author>
<id>18351</id>
<name>Douglas E. Winter</name>
<link><![CDATA[https://www.goodreads.com/author/show/18351.Douglas_E_Winter]]></link>
</author>
</authors>
</book>

          <book>
<id>11580</id>
<title>Creepshow</title>
<title_without_series>Creepshow</title_without_series>
<link><![CDATA[https://www.goodreads.com/book/show/11580.Creepshow]]></link>
<small_image_url><![CDATA[https://images.gr-assets.com/books/1332002598s/11580.jpg]]></small_image_url>
<image_url><![CDATA[https://images.gr-assets.com/books/1332002598m/11580.jpg]]></image_url>
<num_pages>66</num_pages>
<work>
<id>14011</id>
</work>
<isbn>0452253802</isbn>
<isbn13>9780452253803</isbn13>
<average_rating>4.06</average_rating>
<ratings_count>28469</ratings_count>
<publication_year>1982</publication_year>
<publication_month>8</publication_month>
<publication_day>1</publication_day>
<authors>
<author>
<id>3389</id>
<name>Stephen King</name>
<link><![CDATA[https://www.goodreads.com/author/show/3389.Stephen_King]]></link>
</author>
</authors>
</book>

          <book>
<id>1260417</id>
<title><![CDATA[Books of Blood: Volume Six (Books of Blood, #6)]]></title>
<title_without_series>Books of Blood: Volume Six</title_without_series>
<link><![CDATA[https://www.goodreads.com/book/show/1260417.Books_of_Blood]]></link>
<small_image_url><![CDATA[https://images.gr-assets.com/books/1315251475s/1260417.jpg]]></small_image_url>
<image_url><![CDATA[https://images.gr-assets.com/books/1315251475m/1260417.jpg]]></image_url>
<num_pages>152</num_pages>
<work>
<id>1249258</id>
</work>
<isbn>0722113757</isbn>
<isbn13>9780722113752</isbn13>
<average_rating>4.20</average_rating>
<ratings_count>1200</ratings_count>
<publication_year>1985</publication_year>
<publication_month></publication_month>
<publication_day></publication_day>
<authors>
<author>
<id>10366</id>
<name>Clive Barker</name>
<link><![CDATA[https://www.goodreads.com/author/show/10366.Clive_Barker]]></link>
</author>
</authors>
</book>

  </similar_books>
</book>

</GoodreadsResponse>