<?xml version="1.0" encoding="UTF-8"?>
<GoodreadsResponse>
  <Request>
    <authentication>true</authentication>
      <key><![CDATA[all_men_must_serve]]></key>
    <method><![CDATA[book_show]]></method>
  </Request>
  <book>
  <id>10594929</id>
  <title><![CDATA[Out of Oz (The Wicked Years, #4)]]></title>
  <isbn><![CDATA[0060548940]]></isbn>
  <isbn13><![CDATA[9780060548940]]></isbn13>
  <asin><![CDATA[]]></asin>
  <kindle_asin><![CDATA[B0050COHHK]]></kindle_asin>
  <marketplace_id><![CDATA[A1F83G8C2ARO7P]]></marketplace_id>
  <country_code><![CDATA[GB]]></country_code>
  <image_url>https://images.gr-assets.com/books/1370992585m/10594929.jpg</image_url>
  <small_image_url>https://images.gr-assets.com/books/1370992585s/10594929.jpg</small_image_url>
  <publication_year>2011</publication_year>
  <publication_month>11</publication_month>
  <publication_day>1</publication_day>
  <publisher>William Morrow</publisher>
  <language_code>en-US</language_code>
  <is_ebook>false</is_ebook>
  <description><![CDATA[Oz is knotted with social unrest: The Emerald City is mounting an invasion of Munchkinland, Glinda is under house arrest, the Cowardly Lion is on the run from the law, and Dorothy is back. Amid chaos and war, Elphaba’s green granddaughter born at the end of "Son of a Witch", comes of age. Rain will take up her broom, and bring the series to a close.]]></description>
  <work>
  <id type="integer">15502514</id>
  <books_count type="integer">16</books_count>
  <best_book_id type="integer">10594929</best_book_id>
  <reviews_count type="integer">43610</reviews_count>
  <ratings_sum type="integer">60287</ratings_sum>
  <ratings_count type="integer">15710</ratings_count>
  <text_reviews_count type="integer">1368</text_reviews_count>
  <original_publication_year type="integer">2011</original_publication_year>
  <original_publication_month type="integer">11</original_publication_month>
  <original_publication_day type="integer">1</original_publication_day>
  <original_title></original_title>
  <original_language_id type="integer" nil="true"/>
  <media_type>book</media_type>
  <rating_dist>5:4804|4:5406|3:3972|2:1199|1:329|total:15710</rating_dist>
  <desc_user_id type="integer">1798704</desc_user_id>
  <default_chaptering_book_id type="integer" nil="true"/>
  <default_description_language_code nil="true"/>
</work>
  <average_rating>3.84</average_rating>
  <num_pages><![CDATA[568]]></num_pages>
  <format><![CDATA[Hardcover]]></format>
  <edition_information><![CDATA[]]></edition_information>
  <ratings_count><![CDATA[14242]]></ratings_count>
  <text_reviews_count><![CDATA[1241]]></text_reviews_count>
  <url><![CDATA[https://www.goodreads.com/book/show/10594929-out-of-oz]]></url>
  <link><![CDATA[https://www.goodreads.com/book/show/10594929-out-of-oz]]></link>
  <authors>
<author>
<id>7025</id>
<name>Gregory Maguire</name>
<role></role>
<image_url nophoto='false'>
<![CDATA[https://images.gr-assets.com/authors/1319068553p5/7025.jpg]]>
</image_url>
<small_image_url nophoto='false'>
<![CDATA[https://images.gr-assets.com/authors/1319068553p2/7025.jpg]]>
</small_image_url>
<link><![CDATA[https://www.goodreads.com/author/show/7025.Gregory_Maguire]]></link>
<average_rating>3.51</average_rating>
<ratings_count>792915</ratings_count>
<text_reviews_count>43277</text_reviews_count>
</author>
<author>
<id>6543253</id>
<name>Douglas Smith</name>
<role>Illustrator</role>
<image_url nophoto='true'>
<![CDATA[https://s.gr-assets.com/assets/nophoto/user/u_200x266-e183445fd1a1b5cc7075bb1cf7043306.png]]>
</image_url>
<small_image_url nophoto='true'>
<![CDATA[https://s.gr-assets.com/assets/nophoto/user/u_50x66-632230dc9882b4352d753eedf9396530.png]]>
</small_image_url>
<link><![CDATA[https://www.goodreads.com/author/show/6543253.Douglas_Smith]]></link>
<average_rating>3.51</average_rating>
<ratings_count>618273</ratings_count>
<text_reviews_count>27804</text_reviews_count>
</author>
</authors>

    <reviews_widget>
      <![CDATA[
        <style>
  #goodreads-widget {
    font-family: georgia, serif;
    padding: 18px 0;
    width:565px;
  }
  #goodreads-widget h1 {
    font-weight:normal;
    font-size: 16px;
    border-bottom: 1px solid #BBB596;
    margin-bottom: 0;
  }
  #goodreads-widget a {
    text-decoration: none;
    color:#660;
  }
  iframe{
    background-color: #fff;
  }
  #goodreads-widget a:hover { text-decoration: underline; }
  #goodreads-widget a:active {
    color:#660;
  }
  #gr_footer {
    width: 100%;
    border-top: 1px solid #BBB596;
    text-align: right;
  }
  #goodreads-widget .gr_branding{
    color: #382110;
    font-size: 11px;
    text-decoration: none;
    font-family: "Helvetica Neue", Helvetica, Arial, sans-serif;
  }
</style>
<div id="goodreads-widget">
  <div id="gr_header"><h1><a rel="nofollow" href="https://www.goodreads.com/book/show/10594929-out-of-oz">Out of Oz Reviews</a></h1></div>
  <iframe id="the_iframe" src="https://www.goodreads.com/api/reviews_widget_iframe?did=DEVELOPER_ID&amp;format=html&amp;isbn=0060548940&amp;links=660&amp;min_rating=&amp;review_back=fff&amp;stars=000&amp;text=000" width="565" height="400" frameborder="0"></iframe>
  <div id="gr_footer">
    <a class="gr_branding" target="_blank" rel="nofollow" href="https://www.goodreads.com/book/show/10594929-out-of-oz?utm_medium=api&amp;utm_source=reviews_widget">Reviews from Goodreads.com</a>
  </div>
</div>

      ]]>
    </reviews_widget>
  <popular_shelves>
      <shelf name="to-read" count="24528"/>
      <shelf name="currently-reading" count="745"/>
      <shelf name="fantasy" count="626"/>
      <shelf name="fiction" count="322"/>
      <shelf name="series" count="132"/>
      <shelf name="books-i-own" count="117"/>
      <shelf name="owned" count="101"/>
      <shelf name="favorites" count="90"/>
      <shelf name="to-buy" count="71"/>
      <shelf name="gregory-maguire" count="59"/>
      <shelf name="kindle" count="53"/>
      <shelf name="default" count="39"/>
      <shelf name="wish-list" count="39"/>
      <shelf name="fairy-tales" count="38"/>
      <shelf name="retellings" count="36"/>
      <shelf name="library" count="34"/>
      <shelf name="adult" count="33"/>
      <shelf name="my-library" count="30"/>
      <shelf name="adult-fiction" count="29"/>
      <shelf name="oz" count="28"/>
      <shelf name="wicked" count="27"/>
      <shelf name="owned-books" count="26"/>
      <shelf name="sci-fi-fantasy" count="26"/>
      <shelf name="magic" count="22"/>
      <shelf name="ebooks" count="21"/>
      <shelf name="ebook" count="21"/>
      <shelf name="fantasy-sci-fi" count="20"/>
      <shelf name="adventure" count="19"/>
      <shelf name="my-books" count="18"/>
      <shelf name="need-to-buy" count="18"/>
      <shelf name="novels" count="16"/>
      <shelf name="want" count="16"/>
      <shelf name="wicked-years" count="15"/>
      <shelf name="audiobooks" count="14"/>
      <shelf name="witches" count="14"/>
      <shelf name="fairy-tale" count="14"/>
      <shelf name="the-wicked-years" count="13"/>
      <shelf name="books" count="13"/>
      <shelf name="wicked-series" count="12"/>
      <shelf name="scifi-fantasy" count="12"/>
      <shelf name="books-to-buy" count="12"/>
      <shelf name="books-i-have" count="11"/>
      <shelf name="audio" count="11"/>
      <shelf name="own-to-read" count="11"/>
      <shelf name="read-in-2012" count="11"/>
      <shelf name="sci-fi" count="11"/>
      <shelf name="own-it" count="11"/>
      <shelf name="first-reads" count="11"/>
      <shelf name="need" count="11"/>
      <shelf name="maguire-gregory" count="10"/>
      <shelf name="fantasy-scifi" count="10"/>
      <shelf name="literature" count="10"/>
      <shelf name="audiobook" count="10"/>
      <shelf name="contemporary" count="10"/>
      <shelf name="want-to-read" count="10"/>
      <shelf name="retelling" count="10"/>
      <shelf name="want-to-buy" count="10"/>
      <shelf name="read-in-2013" count="9"/>
      <shelf name="home-library" count="9"/>
      <shelf name="young-adult" count="9"/>
      <shelf name="i-own" count="9"/>
      <shelf name="wizard-of-oz" count="9"/>
      <shelf name="reviewed" count="9"/>
      <shelf name="nook" count="9"/>
      <shelf name="science-fiction-fantasy" count="9"/>
      <shelf name="read-in-2015" count="8"/>
      <shelf name="fairy-tale-retellings" count="8"/>
      <shelf name="abandoned" count="8"/>
      <shelf name="maguire" count="8"/>
      <shelf name="on-kindle" count="8"/>
      <shelf name="did-not-finish" count="8"/>
      <shelf name="ya" count="8"/>
      <shelf name="kindle-books" count="8"/>
      <shelf name="fairytales" count="8"/>
      <shelf name="classics" count="8"/>
      <shelf name="general-fiction" count="8"/>
      <shelf name="audio-book" count="7"/>
      <shelf name="owned-to-read" count="7"/>
      <shelf name="on-my-shelf" count="7"/>
      <shelf name="fairytale" count="7"/>
      <shelf name="have" count="7"/>
      <shelf name="unfinished" count="7"/>
      <shelf name="series-to-finish" count="7"/>
      <shelf name="e-books" count="7"/>
      <shelf name="read-in-2011" count="7"/>
      <shelf name="to-read-fantasy" count="7"/>
      <shelf name="to-purchase" count="7"/>
      <shelf name="series-books" count="6"/>
      <shelf name="speculative-fiction" count="6"/>
      <shelf name="book-series" count="6"/>
      <shelf name="e-book" count="6"/>
      <shelf name="read-2012" count="6"/>
      <shelf name="want-to-own" count="6"/>
      <shelf name="audio-books" count="6"/>
      <shelf name="literary-fiction" count="6"/>
      <shelf name="to-get" count="6"/>
      <shelf name="contemporary-fiction" count="6"/>
      <shelf name="high-fantasy" count="6"/>
      <shelf name="unread" count="5"/>
      <shelf name="classic" count="5"/>
  </popular_shelves>
  <book_links>
    <book_link>
  <id>8</id>
  <name>Libraries</name>
  <link>https://www.goodreads.com/book_link/follow/8</link>
</book_link>

  </book_links>
  <buy_links>
    <buy_link>
<id>1</id>
<name>Amazon</name>
<link>https://www.goodreads.com/book_link/follow/1</link>
</buy_link>
<buy_link>
<id>10</id>
<name>Audible</name>
<link>https://www.goodreads.com/book_link/follow/10</link>
</buy_link>
<buy_link>
<id>3</id>
<name>Barnes &amp; Noble</name>
<link>https://www.goodreads.com/book_link/follow/3</link>
</buy_link>
<buy_link>
<id>1027</id>
<name>Kobo</name>
<link>https://www.goodreads.com/book_link/follow/1027</link>
</buy_link>
<buy_link>
<id>2102</id>
<name>Apple iBooks</name>
<link>https://www.goodreads.com/book_link/follow/2102</link>
</buy_link>
<buy_link>
<id>8036</id>
<name>Google Play</name>
<link>https://www.goodreads.com/book_link/follow/8036</link>
</buy_link>
<buy_link>
<id>4</id>
<name>Abebooks</name>
<link>https://www.goodreads.com/book_link/follow/4</link>
</buy_link>
<buy_link>
<id>882</id>
<name>Book Depository</name>
<link>https://www.goodreads.com/book_link/follow/882</link>
</buy_link>
<buy_link>
<id>9</id>
<name>Indigo</name>
<link>https://www.goodreads.com/book_link/follow/9</link>
</buy_link>
<buy_link>
<id>2</id>
<name>Half.com</name>
<link>https://www.goodreads.com/book_link/follow/2</link>
</buy_link>
<buy_link>
<id>5</id>
<name>Alibris</name>
<link>https://www.goodreads.com/book_link/follow/5</link>
</buy_link>
<buy_link>
<id>107</id>
<name>Better World Books</name>
<link>https://www.goodreads.com/book_link/follow/107</link>
</buy_link>
<buy_link>
<id>7</id>
<name>IndieBound</name>
<link>https://www.goodreads.com/book_link/follow/7</link>
</buy_link>

  </buy_links>
  <series_works>
    <series_work>
<id>240725</id>
<user_position>4</user_position>
<series>
<id>43509</id>
<title>
<![CDATA[
    The Wicked Years
]]>
</title>
<description>
<![CDATA[
    Gregory Maguire's revisionist take on L. Frank Baum's classic "Oz" books. "Wicked", the first book in the series inspired the acclaimed Broadway musical of the same name. The novels follow the Wicked Witch of the West, her friends, relatives, and enemies, through several decades as they witness some of Oz's most turbulent times.
]]>
</description>
<note>
<![CDATA[
]]>
</note>
<series_works_count>6</series_works_count>
<primary_work_count>4</primary_work_count>
<numbered>true</numbered>
</series>

</series_work>

  </series_works>
  <similar_books>
          <book>
<id>11703967</id>
<title>Hatter</title>
<title_without_series>Hatter</title_without_series>
<link><![CDATA[https://www.goodreads.com/book/show/11703967-hatter]]></link>
<small_image_url><![CDATA[https://images.gr-assets.com/books/1308065639s/11703967.jpg]]></small_image_url>
<image_url><![CDATA[https://images.gr-assets.com/books/1308065639m/11703967.jpg]]></image_url>
<num_pages>201</num_pages>
<work>
<id>16651294</id>
</work>
<isbn></isbn>
<isbn13></isbn13>
<average_rating>3.95</average_rating>
<ratings_count>385</ratings_count>
<publication_year>2011</publication_year>
<publication_month>6</publication_month>
<publication_day>10</publication_day>
<authors>
<author>
<id>4765627</id>
<name>Daniel  Coleman</name>
<link><![CDATA[https://www.goodreads.com/author/show/4765627.Daniel_Coleman]]></link>
</author>
</authors>
</book>

          <book>
<id>135288</id>
<title>The Scarecrow of Oz (Oz, #9)</title>
<title_without_series>The Scarecrow of Oz</title_without_series>
<link><![CDATA[https://www.goodreads.com/book/show/135288.The_Scarecrow_of_Oz]]></link>
<small_image_url><![CDATA[https://s.gr-assets.com/assets/nophoto/book/50x75-a91bf249278a81aabab721ef782c4a74.png]]></small_image_url>
<image_url><![CDATA[https://s.gr-assets.com/assets/nophoto/book/111x148-bcc042a9c91a29c1d680899eff700a03.png]]></image_url>
<num_pages>208</num_pages>
<work>
<id>3004895</id>
</work>
<isbn>1421818906</isbn>
<isbn13>9781421818900</isbn13>
<average_rating>3.83</average_rating>
<ratings_count>4446</ratings_count>
<publication_year>2006</publication_year>
<publication_month>5</publication_month>
<publication_day>22</publication_day>
<authors>
<author>
<id>3242</id>
<name>L. Frank Baum</name>
<link><![CDATA[https://www.goodreads.com/author/show/3242.L_Frank_Baum]]></link>
</author>
</authors>
</book>

          <book>
<id>16108066</id>
<title><![CDATA[Oz Reimagined: New Tales from the Emerald City and Beyond]]></title>
<title_without_series><![CDATA[Oz Reimagined: New Tales from the Emerald City and Beyond]]></title_without_series>
<link><![CDATA[https://www.goodreads.com/book/show/16108066-oz-reimagined]]></link>
<small_image_url><![CDATA[https://images.gr-assets.com/books/1357052474s/16108066.jpg]]></small_image_url>
<image_url><![CDATA[https://images.gr-assets.com/books/1357052474m/16108066.jpg]]></image_url>
<num_pages>365</num_pages>
<work>
<id>21921493</id>
</work>
<isbn>1611099048</isbn>
<isbn13>9781611099041</isbn13>
<average_rating>3.66</average_rating>
<ratings_count>469</ratings_count>
<publication_year>2013</publication_year>
<publication_month>2</publication_month>
<publication_day>19</publication_day>
<authors>
<author>
<id>1161372</id>
<name>John Joseph Adams</name>
<link><![CDATA[https://www.goodreads.com/author/show/1161372.John_Joseph_Adams]]></link>
</author>
</authors>
</book>

          <book>
<id>237012</id>
<title>The 10th Kingdom</title>
<title_without_series>The 10th Kingdom</title_without_series>
<link><![CDATA[https://www.goodreads.com/book/show/237012.The_10th_Kingdom]]></link>
<small_image_url><![CDATA[https://s.gr-assets.com/assets/nophoto/book/50x75-a91bf249278a81aabab721ef782c4a74.png]]></small_image_url>
<image_url><![CDATA[https://s.gr-assets.com/assets/nophoto/book/111x148-bcc042a9c91a29c1d680899eff700a03.png]]></image_url>
<num_pages>479</num_pages>
<work>
<id>298997</id>
</work>
<isbn>1575665379</isbn>
<isbn13>9781575665375</isbn13>
<average_rating>4.18</average_rating>
<ratings_count>2796</ratings_count>
<publication_year>2000</publication_year>
<publication_month>5</publication_month>
<publication_day>2</publication_day>
<authors>
<author>
<id>133688</id>
<name>Kathryn Wesley</name>
<link><![CDATA[https://www.goodreads.com/author/show/133688.Kathryn_Wesley]]></link>
</author>
</authors>
</book>

          <book>
<id>5183168</id>
<title><![CDATA[National Geographic Essential Visual History of World Mythology]]></title>
<title_without_series><![CDATA[National Geographic Essential Visual History of World Mythology]]></title_without_series>
<link><![CDATA[https://www.goodreads.com/book/show/5183168-national-geographic-essential-visual-history-of-world-mythology]]></link>
<small_image_url><![CDATA[https://images.gr-assets.com/books/1320426707s/5183168.jpg]]></small_image_url>
<image_url><![CDATA[https://images.gr-assets.com/books/1320426707m/5183168.jpg]]></image_url>
<num_pages>480</num_pages>
<work>
<id>5250268</id>
</work>
<isbn>142620373X</isbn>
<isbn13>9781426203732</isbn13>
<average_rating>3.94</average_rating>
<ratings_count>117</ratings_count>
<publication_year>2008</publication_year>
<publication_month>11</publication_month>
<publication_day>4</publication_day>
<authors>
<author>
<id>698</id>
<name>National Geographic Society</name>
<link><![CDATA[https://www.goodreads.com/author/show/698.National_Geographic_Society]]></link>
</author>
</authors>
</book>

          <book>
<id>413467</id>
<title><![CDATA[The Cowardly Lion of Oz (Oz, #17)]]></title>
<title_without_series>The Cowardly Lion of Oz</title_without_series>
<link><![CDATA[https://www.goodreads.com/book/show/413467.The_Cowardly_Lion_of_Oz]]></link>
<small_image_url><![CDATA[https://images.gr-assets.com/books/1277960175s/413467.jpg]]></small_image_url>
<image_url><![CDATA[https://images.gr-assets.com/books/1277960175m/413467.jpg]]></image_url>
<num_pages>268</num_pages>
<work>
<id>402695</id>
</work>
<isbn>0345315863</isbn>
<isbn13>9780345315861</isbn13>
<average_rating>3.78</average_rating>
<ratings_count>220</ratings_count>
<publication_year>1985</publication_year>
<publication_month>5</publication_month>
<publication_day>12</publication_day>
<authors>
<author>
<id>33936</id>
<name>Ruth Plumly Thompson</name>
<link><![CDATA[https://www.goodreads.com/author/show/33936.Ruth_Plumly_Thompson]]></link>
</author>
</authors>
</book>

          <book>
<id>8498471</id>
<title><![CDATA[Oz. The Marvelous Land of Oz  (Marvel Classics)]]></title>
<title_without_series>Oz. The Marvelous Land of Oz</title_without_series>
<link><![CDATA[https://www.goodreads.com/book/show/8498471-oz-the-marvelous-land-of-oz]]></link>
<small_image_url><![CDATA[https://s.gr-assets.com/assets/nophoto/book/50x75-a91bf249278a81aabab721ef782c4a74.png]]></small_image_url>
<image_url><![CDATA[https://s.gr-assets.com/assets/nophoto/book/111x148-bcc042a9c91a29c1d680899eff700a03.png]]></image_url>
<num_pages></num_pages>
<work>
<id>27062355</id>
</work>
<isbn>078514028X</isbn>
<isbn13>9780785140283</isbn13>
<average_rating>4.19</average_rating>
<ratings_count>1950</ratings_count>
<publication_year></publication_year>
<publication_month></publication_month>
<publication_day></publication_day>
<authors>
<author>
<id>117884</id>
<name>Eric Shanower</name>
<link><![CDATA[https://www.goodreads.com/author/show/117884.Eric_Shanower]]></link>
</author>
</authors>
</book>

          <book>
<id>24937</id>
<title>Wicked: The Grimmerie</title>
<title_without_series>Wicked: The Grimmerie</title_without_series>
<link><![CDATA[https://www.goodreads.com/book/show/24937.Wicked]]></link>
<small_image_url><![CDATA[https://s.gr-assets.com/assets/nophoto/book/50x75-a91bf249278a81aabab721ef782c4a74.png]]></small_image_url>
<image_url><![CDATA[https://s.gr-assets.com/assets/nophoto/book/111x148-bcc042a9c91a29c1d680899eff700a03.png]]></image_url>
<num_pages></num_pages>
<work>
<id>25704</id>
</work>
<isbn>1401308201</isbn>
<isbn13>9781401308209</isbn13>
<average_rating>4.17</average_rating>
<ratings_count>47215</ratings_count>
<publication_year></publication_year>
<publication_month></publication_month>
<publication_day></publication_day>
<authors>
<author>
<id>14013</id>
<name>David Cote</name>
<link><![CDATA[https://www.goodreads.com/author/show/14013.David_Cote]]></link>
</author>
</authors>
</book>

          <book>
<id>10393851</id>
<title>Happily Ever After</title>
<title_without_series>Happily Ever After</title_without_series>
<link><![CDATA[https://www.goodreads.com/book/show/10393851-happily-ever-after]]></link>
<small_image_url><![CDATA[https://images.gr-assets.com/books/1305733936s/10393851.jpg]]></small_image_url>
<image_url><![CDATA[https://images.gr-assets.com/books/1305733936m/10393851.jpg]]></image_url>
<num_pages>473</num_pages>
<work>
<id>15297665</id>
</work>
<isbn>1597802204</isbn>
<isbn13>9781597802208</isbn13>
<average_rating>3.75</average_rating>
<ratings_count>804</ratings_count>
<publication_year>2011</publication_year>
<publication_month>6</publication_month>
<publication_day>1</publication_day>
<authors>
<author>
<id>472395</id>
<name>John Klima</name>
<link><![CDATA[https://www.goodreads.com/author/show/472395.John_Klima]]></link>
</author>
</authors>
</book>

          <book>
<id>12928700</id>
<title><![CDATA[Unnaturally Green: One Girl's Journey Along a Yellow Brick Road Less Traveled]]></title>
<title_without_series><![CDATA[Unnaturally Green: One Girl's Journey Along a Yellow Brick Road Less Traveled]]></title_without_series>
<link><![CDATA[https://www.goodreads.com/book/show/12928700-unnaturally-green]]></link>
<small_image_url><![CDATA[https://images.gr-assets.com/books/1418768357s/12928700.jpg]]></small_image_url>
<image_url><![CDATA[https://images.gr-assets.com/books/1418768357m/12928700.jpg]]></image_url>
<num_pages>286</num_pages>
<work>
<id>17936750</id>
</work>
<isbn>0615533337</isbn>
<isbn13>9780615533339</isbn13>
<average_rating>4.17</average_rating>
<ratings_count>568</ratings_count>
<publication_year>2011</publication_year>
<publication_month>9</publication_month>
<publication_day>20</publication_day>
<authors>
<author>
<id>5251327</id>
<name>Felicia Ricci</name>
<link><![CDATA[https://www.goodreads.com/author/show/5251327.Felicia_Ricci]]></link>
</author>
</authors>
</book>

          <book>
<id>141024</id>
<title>Snow White, Blood Red</title>
<title_without_series>Snow White, Blood Red</title_without_series>
<link><![CDATA[https://www.goodreads.com/book/show/141024.Snow_White_Blood_Red]]></link>
<small_image_url><![CDATA[https://s.gr-assets.com/assets/nophoto/book/50x75-a91bf249278a81aabab721ef782c4a74.png]]></small_image_url>
<image_url><![CDATA[https://s.gr-assets.com/assets/nophoto/book/111x148-bcc042a9c91a29c1d680899eff700a03.png]]></image_url>
<num_pages>414</num_pages>
<work>
<id>135922</id>
</work>
<isbn>0380718758</isbn>
<isbn13>9780380718757</isbn13>
<average_rating>3.73</average_rating>
<ratings_count>6062</ratings_count>
<publication_year>1993</publication_year>
<publication_month>12</publication_month>
<publication_day>1</publication_day>
<authors>
<author>
<id>46138</id>
<name>Ellen Datlow</name>
<link><![CDATA[https://www.goodreads.com/author/show/46138.Ellen_Datlow]]></link>
</author>
</authors>
</book>

          <book>
<id>334092</id>
<title>The Dark Crystal</title>
<title_without_series>The Dark Crystal</title_without_series>
<link><![CDATA[https://www.goodreads.com/book/show/334092.The_Dark_Crystal]]></link>
<small_image_url><![CDATA[https://images.gr-assets.com/books/1300668748s/334092.jpg]]></small_image_url>
<image_url><![CDATA[https://images.gr-assets.com/books/1300668748m/334092.jpg]]></image_url>
<num_pages></num_pages>
<work>
<id>324583</id>
</work>
<isbn>0030624363</isbn>
<isbn13>9780030624360</isbn13>
<average_rating>4.09</average_rating>
<ratings_count>664</ratings_count>
<publication_year></publication_year>
<publication_month></publication_month>
<publication_day></publication_day>
<authors>
<author>
<id>478745</id>
<name>A.C.H. Smith</name>
<link><![CDATA[https://www.goodreads.com/author/show/478745.A_C_H_Smith]]></link>
</author>
</authors>
</book>

          <book>
<id>17344119</id>
<title><![CDATA[Out of OZ: The final Volume of the Wicked Series]]></title>
<title_without_series><![CDATA[Out of OZ: The final Volume of the Wicked Series]]></title_without_series>
<link><![CDATA[https://www.goodreads.com/book/show/17344119-out-of-oz]]></link>
<small_image_url><![CDATA[https://s.gr-assets.com/assets/nophoto/book/50x75-a91bf249278a81aabab721ef782c4a74.png]]></small_image_url>
<image_url><![CDATA[https://s.gr-assets.com/assets/nophoto/book/111x148-bcc042a9c91a29c1d680899eff700a03.png]]></image_url>
<num_pages></num_pages>
<work>
<id>24082596</id>
</work>
<isbn></isbn>
<isbn13></isbn13>
<average_rating>3.96</average_rating>
<ratings_count>141</ratings_count>
<publication_year></publication_year>
<publication_month></publication_month>
<publication_day></publication_day>
<authors>
<author>
<id>6927070</id>
<name>Gregory McGuire</name>
<link><![CDATA[https://www.goodreads.com/author/show/6927070.Gregory_McGuire]]></link>
</author>
</authors>
</book>

          <book>
<id>478846</id>
<title><![CDATA[The Fall of Atlantis (The Fall of Atlantis, #1-2)]]></title>
<title_without_series>The Fall of Atlantis</title_without_series>
<link><![CDATA[https://www.goodreads.com/book/show/478846.The_Fall_of_Atlantis]]></link>
<small_image_url><![CDATA[https://images.gr-assets.com/books/1297101793s/478846.jpg]]></small_image_url>
<image_url><![CDATA[https://images.gr-assets.com/books/1297101793m/478846.jpg]]></image_url>
<num_pages>502</num_pages>
<work>
<id>3037741</id>
</work>
<isbn>0671656155</isbn>
<isbn13>9780671656157</isbn13>
<average_rating>3.74</average_rating>
<ratings_count>3400</ratings_count>
<publication_year>1987</publication_year>
<publication_month>2</publication_month>
<publication_day>1</publication_day>
<authors>
<author>
<id>4841825</id>
<name>Marion Zimmer Bradley</name>
<link><![CDATA[https://www.goodreads.com/author/show/4841825.Marion_Zimmer_Bradley]]></link>
</author>
</authors>
</book>

  </similar_books>
</book>

</GoodreadsResponse>