<?xml version="1.0" encoding="UTF-8"?>
<GoodreadsResponse>
  <Request>
    <authentication>true</authentication>
      <key><![CDATA[all_men_must_serve]]></key>
    <method><![CDATA[book_show]]></method>
  </Request>
  <book>
  <id>105992</id>
  <title><![CDATA[Helter Skelter: The True Story of the Manson Murders]]></title>
  <isbn><![CDATA[0393322238]]></isbn>
  <isbn13><![CDATA[9780393322231]]></isbn13>
  <asin><![CDATA[]]></asin>
  <kindle_asin><![CDATA[B00LI55EK2]]></kindle_asin>
  <marketplace_id><![CDATA[A1F83G8C2ARO7P]]></marketplace_id>
  <country_code><![CDATA[GB]]></country_code>
  <image_url>https://s.gr-assets.com/assets/nophoto/book/111x148-bcc042a9c91a29c1d680899eff700a03.png</image_url>
  <small_image_url>https://s.gr-assets.com/assets/nophoto/book/50x75-a91bf249278a81aabab721ef782c4a74.png</small_image_url>
  <publication_year>2001</publication_year>
  <publication_month>12</publication_month>
  <publication_day>17</publication_day>
  <publisher>W. W. Norton  Company</publisher>
  <language_code>en-GB</language_code>
  <is_ebook>false</is_ebook>
  <description><![CDATA[<b>A national bestseller—7 million copies sold.</b> <br /><br />Prosecuting attorney in the Manson trial, Vincent Bugliosi held a unique insider's position in one of the most baffling and horrifying cases of the twentieth century: the cold-blooded Tate-LaBianca murders carried out by Charles Manson and four of his followers. What motivated Manson in his seemingly mindless selection of victims, and what was his hold over the young women who obeyed his orders? Here is the gripping story of this famous and haunting crime. 50 pages of b/w photographs. <p>Both <i>Helter Skelter</i> and Vincent Bugliosi's subsequent <i>Till Death Us Do Part</i> won Edgar Allan Poe Awards for best true-crime book of the year. Bugliosi is also the author of <i>Outrage: The Five Reasons Why O. J. Simpson Got Away with Murder</i> (Norton, 1996) and other books. Curt Gentry, an Edgar winner, is the author of <i>J. Edgar Hoover: The Man and the Secrets</i> (available in Norton paperback) and <i>Frame-Up: The Incredible Case of Tom Mooney and Warren Billings.</i></p>]]></description>
  <work>
  <id type="integer">1077715</id>
  <books_count type="integer">52</books_count>
  <best_book_id type="integer">105992</best_book_id>
  <reviews_count type="integer">161882</reviews_count>
  <ratings_sum type="integer">379723</ratings_sum>
  <ratings_count type="integer">94985</ratings_count>
  <text_reviews_count type="integer">2513</text_reviews_count>
  <original_publication_year type="integer">1974</original_publication_year>
  <original_publication_month type="integer" nil="true"/>
  <original_publication_day type="integer" nil="true"/>
  <original_title>Helter Skelter: The True Story of The Manson Murders</original_title>
  <original_language_id type="integer" nil="true"/>
  <media_type>book</media_type>
  <rating_dist>5:33135|4:35055|3:21445|2:4143|1:1207|total:94985</rating_dist>
  <desc_user_id type="integer">974210</desc_user_id>
  <default_chaptering_book_id type="integer" nil="true"/>
  <default_description_language_code nil="true"/>
</work>
  <average_rating>4.00</average_rating>
  <num_pages><![CDATA[689]]></num_pages>
  <format><![CDATA[Paperback]]></format>
  <edition_information><![CDATA[]]></edition_information>
  <ratings_count><![CDATA[92221]]></ratings_count>
  <text_reviews_count><![CDATA[2268]]></text_reviews_count>
  <url><![CDATA[https://www.goodreads.com/book/show/105992.Helter_Skelter]]></url>
  <link><![CDATA[https://www.goodreads.com/book/show/105992.Helter_Skelter]]></link>
  <authors>
<author>
<id>28828</id>
<name>Vincent Bugliosi</name>
<role></role>
<image_url nophoto='false'>
<![CDATA[https://images.gr-assets.com/authors/1299068352p5/28828.jpg]]>
</image_url>
<small_image_url nophoto='false'>
<![CDATA[https://images.gr-assets.com/authors/1299068352p2/28828.jpg]]>
</small_image_url>
<link><![CDATA[https://www.goodreads.com/author/show/28828.Vincent_Bugliosi]]></link>
<average_rating>3.99</average_rating>
<ratings_count>109127</ratings_count>
<text_reviews_count>3589</text_reviews_count>
</author>
<author>
<id>61345</id>
<name>Curt Gentry</name>
<role></role>
<image_url nophoto='false'>
<![CDATA[https://images.gr-assets.com/authors/1357749454p5/61345.jpg]]>
</image_url>
<small_image_url nophoto='false'>
<![CDATA[https://images.gr-assets.com/authors/1357749454p2/61345.jpg]]>
</small_image_url>
<link><![CDATA[https://www.goodreads.com/author/show/61345.Curt_Gentry]]></link>
<average_rating>3.99</average_rating>
<ratings_count>94831</ratings_count>
<text_reviews_count>2604</text_reviews_count>
</author>
</authors>

    <reviews_widget>
      <![CDATA[
        <style>
  #goodreads-widget {
    font-family: georgia, serif;
    padding: 18px 0;
    width:565px;
  }
  #goodreads-widget h1 {
    font-weight:normal;
    font-size: 16px;
    border-bottom: 1px solid #BBB596;
    margin-bottom: 0;
  }
  #goodreads-widget a {
    text-decoration: none;
    color:#660;
  }
  iframe{
    background-color: #fff;
  }
  #goodreads-widget a:hover { text-decoration: underline; }
  #goodreads-widget a:active {
    color:#660;
  }
  #gr_footer {
    width: 100%;
    border-top: 1px solid #BBB596;
    text-align: right;
  }
  #goodreads-widget .gr_branding{
    color: #382110;
    font-size: 11px;
    text-decoration: none;
    font-family: "Helvetica Neue", Helvetica, Arial, sans-serif;
  }
</style>
<div id="goodreads-widget">
  <div id="gr_header"><h1><a rel="nofollow" href="https://www.goodreads.com/book/show/105992.Helter_Skelter">Helter Skelter Reviews</a></h1></div>
  <iframe id="the_iframe" src="https://www.goodreads.com/api/reviews_widget_iframe?did=DEVELOPER_ID&amp;format=html&amp;isbn=0393322238&amp;links=660&amp;min_rating=&amp;review_back=fff&amp;stars=000&amp;text=000" width="565" height="400" frameborder="0"></iframe>
  <div id="gr_footer">
    <a class="gr_branding" target="_blank" rel="nofollow" href="https://www.goodreads.com/book/show/105992.Helter_Skelter?utm_medium=api&amp;utm_source=reviews_widget">Reviews from Goodreads.com</a>
  </div>
</div>

      ]]>
    </reviews_widget>
  <popular_shelves>
      <shelf name="to-read" count="25169"/>
      <shelf name="non-fiction" count="1823"/>
      <shelf name="true-crime" count="1575"/>
      <shelf name="currently-reading" count="994"/>
      <shelf name="nonfiction" count="696"/>
      <shelf name="crime" count="523"/>
      <shelf name="history" count="388"/>
      <shelf name="favorites" count="385"/>
      <shelf name="horror" count="196"/>
      <shelf name="biography" count="157"/>
      <shelf name="rory-gilmore-reading-challenge" count="147"/>
      <shelf name="books-i-own" count="142"/>
      <shelf name="owned" count="119"/>
      <shelf name="mystery" count="85"/>
      <shelf name="to-buy" count="70"/>
      <shelf name="rory-gilmore-challenge" count="69"/>
      <shelf name="audiobook" count="68"/>
      <shelf name="audiobooks" count="67"/>
      <shelf name="audible" count="58"/>
      <shelf name="psychology" count="58"/>
      <shelf name="owned-books" count="56"/>
      <shelf name="library" count="48"/>
      <shelf name="serial-killers" count="47"/>
      <shelf name="adult" count="46"/>
      <shelf name="gilmore-girls" count="45"/>
      <shelf name="american-history" count="44"/>
      <shelf name="rory-gilmore-reading-list" count="42"/>
      <shelf name="cults" count="42"/>
      <shelf name="murder" count="41"/>
      <shelf name="kindle" count="40"/>
      <shelf name="historical" count="40"/>
      <shelf name="default" count="38"/>
      <shelf name="biographies" count="38"/>
      <shelf name="classics" count="36"/>
      <shelf name="audio" count="31"/>
      <shelf name="rory-gilmore" count="30"/>
      <shelf name="wish-list" count="30"/>
      <shelf name="my-books" count="29"/>
      <shelf name="law" count="27"/>
      <shelf name="book-club" count="27"/>
      <shelf name="truecrime" count="26"/>
      <shelf name="california" count="25"/>
      <shelf name="thriller" count="25"/>
      <shelf name="gilmore" count="23"/>
      <shelf name="american" count="22"/>
      <shelf name="read-in-2016" count="21"/>
      <shelf name="rory-gilmore-book-challenge" count="21"/>
      <shelf name="memoir" count="21"/>
      <shelf name="crime-mystery" count="21"/>
      <shelf name="to-read-nonfiction" count="20"/>
      <shelf name="audio-books" count="19"/>
      <shelf name="ebook" count="19"/>
      <shelf name="20th-century" count="19"/>
      <shelf name="own-it" count="19"/>
      <shelf name="gilmore-girls-reading-list" count="18"/>
      <shelf name="favourites" count="18"/>
      <shelf name="vincent-bugliosi" count="18"/>
      <shelf name="non-fic" count="18"/>
      <shelf name="my-library" count="18"/>
      <shelf name="true-story" count="18"/>
      <shelf name="unfinished" count="17"/>
      <shelf name="non-fiction-to-read" count="17"/>
      <shelf name="serial-killer" count="16"/>
      <shelf name="creepy" count="16"/>
      <shelf name="mystery-crime" count="16"/>
      <shelf name="to-read-non-fiction" count="16"/>
      <shelf name="fiction" count="16"/>
      <shelf name="read-in-2014" count="15"/>
      <shelf name="america" count="15"/>
      <shelf name="dark" count="15"/>
      <shelf name="abandoned" count="15"/>
      <shelf name="true" count="15"/>
      <shelf name="all-time-favorites" count="15"/>
      <shelf name="hist" count="14"/>
      <shelf name="dnf" count="14"/>
      <shelf name="suspense" count="14"/>
      <shelf name="mystery-thriller" count="14"/>
      <shelf name="memoir-biography" count="14"/>
      <shelf name="bio" count="14"/>
      <shelf name="gilmore-challenge" count="13"/>
      <shelf name="need-to-buy" count="13"/>
      <shelf name="1960s" count="13"/>
      <shelf name="true-stories" count="13"/>
      <shelf name="i-own-it" count="13"/>
      <shelf name="cult" count="13"/>
      <shelf name="read-in-2015" count="12"/>
      <shelf name="the-rory-gilmore-reading-challenge" count="12"/>
      <shelf name="charles-manson" count="12"/>
      <shelf name="journalism" count="12"/>
      <shelf name="did-not-finish" count="12"/>
      <shelf name="shelfari-wishlist" count="11"/>
      <shelf name="5-stars" count="11"/>
      <shelf name="audio-book" count="11"/>
      <shelf name="paperback" count="11"/>
      <shelf name="borrowed" count="11"/>
      <shelf name="criminology" count="11"/>
      <shelf name="1970s" count="11"/>
      <shelf name="classic" count="11"/>
      <shelf name="reviewed" count="11"/>
      <shelf name="i-own" count="11"/>
  </popular_shelves>
  <book_links>
    <book_link>
  <id>8</id>
  <name>Libraries</name>
  <link>https://www.goodreads.com/book_link/follow/8</link>
</book_link>

  </book_links>
  <buy_links>
    <buy_link>
<id>1</id>
<name>Amazon</name>
<link>https://www.goodreads.com/book_link/follow/1</link>
</buy_link>
<buy_link>
<id>10</id>
<name>Audible</name>
<link>https://www.goodreads.com/book_link/follow/10</link>
</buy_link>
<buy_link>
<id>3</id>
<name>Barnes &amp; Noble</name>
<link>https://www.goodreads.com/book_link/follow/3</link>
</buy_link>
<buy_link>
<id>1027</id>
<name>Kobo</name>
<link>https://www.goodreads.com/book_link/follow/1027</link>
</buy_link>
<buy_link>
<id>2102</id>
<name>Apple iBooks</name>
<link>https://www.goodreads.com/book_link/follow/2102</link>
</buy_link>
<buy_link>
<id>8036</id>
<name>Google Play</name>
<link>https://www.goodreads.com/book_link/follow/8036</link>
</buy_link>
<buy_link>
<id>4</id>
<name>Abebooks</name>
<link>https://www.goodreads.com/book_link/follow/4</link>
</buy_link>
<buy_link>
<id>882</id>
<name>Book Depository</name>
<link>https://www.goodreads.com/book_link/follow/882</link>
</buy_link>
<buy_link>
<id>9</id>
<name>Indigo</name>
<link>https://www.goodreads.com/book_link/follow/9</link>
</buy_link>
<buy_link>
<id>2</id>
<name>Half.com</name>
<link>https://www.goodreads.com/book_link/follow/2</link>
</buy_link>
<buy_link>
<id>5</id>
<name>Alibris</name>
<link>https://www.goodreads.com/book_link/follow/5</link>
</buy_link>
<buy_link>
<id>107</id>
<name>Better World Books</name>
<link>https://www.goodreads.com/book_link/follow/107</link>
</buy_link>
<buy_link>
<id>7</id>
<name>IndieBound</name>
<link>https://www.goodreads.com/book_link/follow/7</link>
</buy_link>

  </buy_links>
  <series_works>
    
  </series_works>
  <similar_books>
          <book>
<id>333907</id>
<title>Fatal Vision</title>
<title_without_series>Fatal Vision</title_without_series>
<link><![CDATA[https://www.goodreads.com/book/show/333907.Fatal_Vision]]></link>
<small_image_url><![CDATA[https://s.gr-assets.com/assets/nophoto/book/50x75-a91bf249278a81aabab721ef782c4a74.png]]></small_image_url>
<image_url><![CDATA[https://s.gr-assets.com/assets/nophoto/book/111x148-bcc042a9c91a29c1d680899eff700a03.png]]></image_url>
<num_pages>684</num_pages>
<work>
<id>1106205</id>
</work>
<isbn>0451165667</isbn>
<isbn13>9780451165664</isbn13>
<average_rating>4.10</average_rating>
<ratings_count>18819</ratings_count>
<publication_year>1984</publication_year>
<publication_month>8</publication_month>
<publication_day>1</publication_day>
<authors>
<author>
<id>151324</id>
<name>Joe McGinniss</name>
<link><![CDATA[https://www.goodreads.com/author/show/151324.Joe_McGinniss]]></link>
</author>
</authors>
</book>

          <book>
<id>487445</id>
<title>The Onion Field</title>
<title_without_series>The Onion Field</title_without_series>
<link><![CDATA[https://www.goodreads.com/book/show/487445.The_Onion_Field]]></link>
<small_image_url><![CDATA[https://images.gr-assets.com/books/1320511693s/487445.jpg]]></small_image_url>
<image_url><![CDATA[https://images.gr-assets.com/books/1320511693m/487445.jpg]]></image_url>
<num_pages>512</num_pages>
<work>
<id>475721</id>
</work>
<isbn>0385341598</isbn>
<isbn13>9780385341592</isbn13>
<average_rating>4.13</average_rating>
<ratings_count>16002</ratings_count>
<publication_year>2007</publication_year>
<publication_month>8</publication_month>
<publication_day>28</publication_day>
<authors>
<author>
<id>12465</id>
<name>Joseph Wambaugh</name>
<link><![CDATA[https://www.goodreads.com/author/show/12465.Joseph_Wambaugh]]></link>
</author>
</authors>
</book>

          <book>
<id>231585</id>
<title><![CDATA[Small Sacrifices: A True Story of Passion and Murder]]></title>
<title_without_series><![CDATA[Small Sacrifices: A True Story of Passion and Murder]]></title_without_series>
<link><![CDATA[https://www.goodreads.com/book/show/231585.Small_Sacrifices]]></link>
<small_image_url><![CDATA[https://s.gr-assets.com/assets/nophoto/book/50x75-a91bf249278a81aabab721ef782c4a74.png]]></small_image_url>
<image_url><![CDATA[https://s.gr-assets.com/assets/nophoto/book/111x148-bcc042a9c91a29c1d680899eff700a03.png]]></image_url>
<num_pages>496</num_pages>
<work>
<id>224309</id>
</work>
<isbn>0451166604</isbn>
<isbn13>9780451166609</isbn13>
<average_rating>4.20</average_rating>
<ratings_count>18282</ratings_count>
<publication_year>1988</publication_year>
<publication_month>7</publication_month>
<publication_day>5</publication_day>
<authors>
<author>
<id>9678</id>
<name>Ann Rule</name>
<link><![CDATA[https://www.goodreads.com/author/show/9678.Ann_Rule]]></link>
</author>
</authors>
</book>

          <book>
<id>691023</id>
<title>Murder in Greenwich</title>
<title_without_series>Murder in Greenwich</title_without_series>
<link><![CDATA[https://www.goodreads.com/book/show/691023.Murder_in_Greenwich]]></link>
<small_image_url><![CDATA[https://s.gr-assets.com/assets/nophoto/book/50x75-a91bf249278a81aabab721ef782c4a74.png]]></small_image_url>
<image_url><![CDATA[https://s.gr-assets.com/assets/nophoto/book/111x148-bcc042a9c91a29c1d680899eff700a03.png]]></image_url>
<num_pages>432</num_pages>
<work>
<id>677367</id>
</work>
<isbn>006109692X</isbn>
<isbn13>9780061096921</isbn13>
<average_rating>3.90</average_rating>
<ratings_count>5069</ratings_count>
<publication_year>1999</publication_year>
<publication_month>1</publication_month>
<publication_day>6</publication_day>
<authors>
<author>
<id>241882</id>
<name>Mark Fuhrman</name>
<link><![CDATA[https://www.goodreads.com/author/show/241882.Mark_Fuhrman]]></link>
</author>
</authors>
</book>

          <book>
<id>135892</id>
<title>The Family</title>
<title_without_series>The Family</title_without_series>
<link><![CDATA[https://www.goodreads.com/book/show/135892.The_Family]]></link>
<small_image_url><![CDATA[https://s.gr-assets.com/assets/nophoto/book/50x75-a91bf249278a81aabab721ef782c4a74.png]]></small_image_url>
<image_url><![CDATA[https://s.gr-assets.com/assets/nophoto/book/111x148-bcc042a9c91a29c1d680899eff700a03.png]]></image_url>
<num_pages>560</num_pages>
<work>
<id>130960</id>
</work>
<isbn>1560253967</isbn>
<isbn13>9781560253969</isbn13>
<average_rating>3.90</average_rating>
<ratings_count>1977</ratings_count>
<publication_year>2002</publication_year>
<publication_month>11</publication_month>
<publication_day>8</publication_day>
<authors>
<author>
<id>28353</id>
<name>Ed Sanders</name>
<link><![CDATA[https://www.goodreads.com/author/show/28353.Ed_Sanders]]></link>
</author>
</authors>
</book>

          <book>
<id>75076</id>
<title>The Boston Strangler</title>
<title_without_series>The Boston Strangler</title_without_series>
<link><![CDATA[https://www.goodreads.com/book/show/75076.The_Boston_Strangler]]></link>
<small_image_url><![CDATA[https://s.gr-assets.com/assets/nophoto/book/50x75-a91bf249278a81aabab721ef782c4a74.png]]></small_image_url>
<image_url><![CDATA[https://s.gr-assets.com/assets/nophoto/book/111x148-bcc042a9c91a29c1d680899eff700a03.png]]></image_url>
<num_pages></num_pages>
<work>
<id>72616</id>
</work>
<isbn>0451032306</isbn>
<isbn13>9780451032300</isbn13>
<average_rating>3.75</average_rating>
<ratings_count>859</ratings_count>
<publication_year>1967</publication_year>
<publication_month>8</publication_month>
<publication_day>31</publication_day>
<authors>
<author>
<id>348142</id>
<name>Gerold Frank</name>
<link><![CDATA[https://www.goodreads.com/author/show/348142.Gerold_Frank]]></link>
</author>
</authors>
</book>

          <book>
<id>105760</id>
<title>Zodiac</title>
<title_without_series>Zodiac</title_without_series>
<link><![CDATA[https://www.goodreads.com/book/show/105760.Zodiac]]></link>
<small_image_url><![CDATA[https://images.gr-assets.com/books/1297734691s/105760.jpg]]></small_image_url>
<image_url><![CDATA[https://images.gr-assets.com/books/1297734691m/105760.jpg]]></image_url>
<num_pages>337</num_pages>
<work>
<id>1258126</id>
</work>
<isbn>0425098087</isbn>
<isbn13>9780425098080</isbn13>
<average_rating>3.89</average_rating>
<ratings_count>14127</ratings_count>
<publication_year>1987</publication_year>
<publication_month>4</publication_month>
<publication_day>1</publication_day>
<authors>
<author>
<id>61248</id>
<name>Robert Graysmith</name>
<link><![CDATA[https://www.goodreads.com/author/show/61248.Robert_Graysmith]]></link>
</author>
</authors>
</book>

          <book>
<id>486050</id>
<title>The Night Stalker</title>
<title_without_series>The Night Stalker</title_without_series>
<link><![CDATA[https://www.goodreads.com/book/show/486050.The_Night_Stalker]]></link>
<small_image_url><![CDATA[https://s.gr-assets.com/assets/nophoto/book/50x75-a91bf249278a81aabab721ef782c4a74.png]]></small_image_url>
<image_url><![CDATA[https://s.gr-assets.com/assets/nophoto/book/111x148-bcc042a9c91a29c1d680899eff700a03.png]]></image_url>
<num_pages>592</num_pages>
<work>
<id>474336</id>
</work>
<isbn>0786018100</isbn>
<isbn13>9780786018109</isbn13>
<average_rating>3.95</average_rating>
<ratings_count>7594</ratings_count>
<publication_year>2006</publication_year>
<publication_month>5</publication_month>
<publication_day>1</publication_day>
<authors>
<author>
<id>45145</id>
<name>Philip Carlo</name>
<link><![CDATA[https://www.goodreads.com/author/show/45145.Philip_Carlo]]></link>
</author>
</authors>
</book>

          <book>
<id>391281</id>
<title><![CDATA[Deviant: The Shocking True Story of Ed Gein, the Original "Psycho"]]></title>
<title_without_series><![CDATA[Deviant: The Shocking True Story of Ed Gein, the Original "Psycho"]]></title_without_series>
<link><![CDATA[https://www.goodreads.com/book/show/391281.Deviant]]></link>
<small_image_url><![CDATA[https://s.gr-assets.com/assets/nophoto/book/50x75-a91bf249278a81aabab721ef782c4a74.png]]></small_image_url>
<image_url><![CDATA[https://s.gr-assets.com/assets/nophoto/book/111x148-bcc042a9c91a29c1d680899eff700a03.png]]></image_url>
<num_pages>242</num_pages>
<work>
<id>1921078</id>
</work>
<isbn>0671025465</isbn>
<isbn13>9780671025465</isbn13>
<average_rating>3.87</average_rating>
<ratings_count>4354</ratings_count>
<publication_year>1998</publication_year>
<publication_month>10</publication_month>
<publication_day>1</publication_day>
<authors>
<author>
<id>51490</id>
<name>Harold Schechter</name>
<link><![CDATA[https://www.goodreads.com/author/show/51490.Harold_Schechter]]></link>
</author>
</authors>
</book>

          <book>
<id>57491</id>
<title><![CDATA[Female Serial Killers: How and Why Women Become Monsters]]></title>
<title_without_series><![CDATA[Female Serial Killers: How and Why Women Become Monsters]]></title_without_series>
<link><![CDATA[https://www.goodreads.com/book/show/57491.Female_Serial_Killers]]></link>
<small_image_url><![CDATA[https://s.gr-assets.com/assets/nophoto/book/50x75-a91bf249278a81aabab721ef782c4a74.png]]></small_image_url>
<image_url><![CDATA[https://s.gr-assets.com/assets/nophoto/book/111x148-bcc042a9c91a29c1d680899eff700a03.png]]></image_url>
<num_pages></num_pages>
<work>
<id>56011</id>
</work>
<isbn>0425213900</isbn>
<isbn13>9780425213902</isbn13>
<average_rating>3.96</average_rating>
<ratings_count>1042</ratings_count>
<publication_year></publication_year>
<publication_month></publication_month>
<publication_day></publication_day>
<authors>
<author>
<id>32430</id>
<name>Peter Vronsky</name>
<link><![CDATA[https://www.goodreads.com/author/show/32430.Peter_Vronsky]]></link>
</author>
</authors>
</book>

          <book>
<id>205662</id>
<title><![CDATA[The Only Living Witness: The True Story of Serial Sex Killer Ted Bundy]]></title>
<title_without_series><![CDATA[The Only Living Witness: The True Story of Serial Sex Killer Ted Bundy]]></title_without_series>
<link><![CDATA[https://www.goodreads.com/book/show/205662.The_Only_Living_Witness]]></link>
<small_image_url><![CDATA[https://s.gr-assets.com/assets/nophoto/book/50x75-a91bf249278a81aabab721ef782c4a74.png]]></small_image_url>
<image_url><![CDATA[https://s.gr-assets.com/assets/nophoto/book/111x148-bcc042a9c91a29c1d680899eff700a03.png]]></image_url>
<num_pages></num_pages>
<work>
<id>199036</id>
</work>
<isbn>1928704115</isbn>
<isbn13>9781928704119</isbn13>
<average_rating>4.09</average_rating>
<ratings_count>2803</ratings_count>
<publication_year></publication_year>
<publication_month></publication_month>
<publication_day></publication_day>
<authors>
<author>
<id>48884</id>
<name>Stephen G. Michaud</name>
<link><![CDATA[https://www.goodreads.com/author/show/48884.Stephen_G_Michaud]]></link>
</author>
</authors>
</book>

          <book>
<id>805787</id>
<title><![CDATA[Bitter Blood: A True Story of Southern Family Pride, Madness, and Multiple Murder]]></title>
<title_without_series><![CDATA[Bitter Blood: A True Story of Southern Family Pride, Madness, and Multiple Murder]]></title_without_series>
<link><![CDATA[https://www.goodreads.com/book/show/805787.Bitter_Blood]]></link>
<small_image_url><![CDATA[https://images.gr-assets.com/books/1205028706s/805787.jpg]]></small_image_url>
<image_url><![CDATA[https://images.gr-assets.com/books/1205028706m/805787.jpg]]></image_url>
<num_pages>573</num_pages>
<work>
<id>1551603</id>
</work>
<isbn>0451401492</isbn>
<isbn13>9780451401496</isbn13>
<average_rating>4.02</average_rating>
<ratings_count>4573</ratings_count>
<publication_year>1989</publication_year>
<publication_month>4</publication_month>
<publication_day>4</publication_day>
<authors>
<author>
<id>81704</id>
<name>Jerry Bledsoe</name>
<link><![CDATA[https://www.goodreads.com/author/show/81704.Jerry_Bledsoe]]></link>
</author>
</authors>
</book>

          <book>
<id>238926</id>
<title><![CDATA[Perfect Murder, Perfect Town: The Uncensored Story Of The Jonbenet Murder And The Grand Jury's Search For The Truth]]></title>
<title_without_series><![CDATA[Perfect Murder, Perfect Town: The Uncensored Story Of The Jonbenet Murder And The Grand Jury's Search For The Truth]]></title_without_series>
<link><![CDATA[https://www.goodreads.com/book/show/238926.Perfect_Murder_Perfect_Town]]></link>
<small_image_url><![CDATA[https://images.gr-assets.com/books/1474485199s/238926.jpg]]></small_image_url>
<image_url><![CDATA[https://images.gr-assets.com/books/1474485199m/238926.jpg]]></image_url>
<num_pages></num_pages>
<work>
<id>1668989</id>
</work>
<isbn>0061096962</isbn>
<isbn13>9780061096969</isbn13>
<average_rating>3.68</average_rating>
<ratings_count>2563</ratings_count>
<publication_year>1999</publication_year>
<publication_month>10</publication_month>
<publication_day>18</publication_day>
<authors>
<author>
<id>21172</id>
<name>Lawrence Schiller</name>
<link><![CDATA[https://www.goodreads.com/author/show/21172.Lawrence_Schiller]]></link>
</author>
</authors>
</book>

          <book>
<id>651024</id>
<title><![CDATA[Manson in His Own Words: The Shocking Confessions of 'The Most Dangerous Man Alive']]></title>
<title_without_series><![CDATA[Manson in His Own Words: The Shocking Confessions of 'The Most Dangerous Man Alive']]></title_without_series>
<link><![CDATA[https://www.goodreads.com/book/show/651024.Manson_in_His_Own_Words]]></link>
<small_image_url><![CDATA[https://s.gr-assets.com/assets/nophoto/book/50x75-a91bf249278a81aabab721ef782c4a74.png]]></small_image_url>
<image_url><![CDATA[https://s.gr-assets.com/assets/nophoto/book/111x148-bcc042a9c91a29c1d680899eff700a03.png]]></image_url>
<num_pages></num_pages>
<work>
<id>637160</id>
</work>
<isbn>0802130240</isbn>
<isbn13>9780802130242</isbn13>
<average_rating>3.89</average_rating>
<ratings_count>1742</ratings_count>
<publication_year>1994</publication_year>
<publication_month>1</publication_month>
<publication_day>11</publication_day>
<authors>
<author>
<id>150550</id>
<name>Charles Manson</name>
<link><![CDATA[https://www.goodreads.com/author/show/150550.Charles_Manson]]></link>
</author>
</authors>
</book>

          <book>
<id>253193</id>
<title><![CDATA[Killer Clown: The John Wayne Gacy Murders]]></title>
<title_without_series><![CDATA[Killer Clown: The John Wayne Gacy Murders]]></title_without_series>
<link><![CDATA[https://www.goodreads.com/book/show/253193.Killer_Clown]]></link>
<small_image_url><![CDATA[https://s.gr-assets.com/assets/nophoto/book/50x75-a91bf249278a81aabab721ef782c4a74.png]]></small_image_url>
<image_url><![CDATA[https://s.gr-assets.com/assets/nophoto/book/111x148-bcc042a9c91a29c1d680899eff700a03.png]]></image_url>
<num_pages>400</num_pages>
<work>
<id>245354</id>
</work>
<isbn>0786014229</isbn>
<isbn13>9780786014224</isbn13>
<average_rating>3.90</average_rating>
<ratings_count>3450</ratings_count>
<publication_year>2000</publication_year>
<publication_month>11</publication_month>
<publication_day>1</publication_day>
<authors>
<author>
<id>48934</id>
<name>Terry Sullivan</name>
<link><![CDATA[https://www.goodreads.com/author/show/48934.Terry_Sullivan]]></link>
</author>
</authors>
</book>

          <book>
<id>4858915</id>
<title><![CDATA[Go Down Together: The True, Untold Story of Bonnie and Clyde]]></title>
<title_without_series><![CDATA[Go Down Together: The True, Untold Story of Bonnie and Clyde]]></title_without_series>
<link><![CDATA[https://www.goodreads.com/book/show/4858915-go-down-together]]></link>
<small_image_url><![CDATA[https://s.gr-assets.com/assets/nophoto/book/50x75-a91bf249278a81aabab721ef782c4a74.png]]></small_image_url>
<image_url><![CDATA[https://s.gr-assets.com/assets/nophoto/book/111x148-bcc042a9c91a29c1d680899eff700a03.png]]></image_url>
<num_pages>468</num_pages>
<work>
<id>4924203</id>
</work>
<isbn>1416557067</isbn>
<isbn13>9781416557067</isbn13>
<average_rating>4.12</average_rating>
<ratings_count>2266</ratings_count>
<publication_year>2009</publication_year>
<publication_month>3</publication_month>
<publication_day>10</publication_day>
<authors>
<author>
<id>149171</id>
<name>Jeff Guinn</name>
<link><![CDATA[https://www.goodreads.com/author/show/149171.Jeff_Guinn]]></link>
</author>
</authors>
</book>

          <book>
<id>79085</id>
<title><![CDATA[Whoever Fights Monsters: My Twenty Years Tracking Serial Killers for the FBI]]></title>
<title_without_series><![CDATA[Whoever Fights Monsters: My Twenty Years Tracking Serial Killers for the FBI]]></title_without_series>
<link><![CDATA[https://www.goodreads.com/book/show/79085.Whoever_Fights_Monsters]]></link>
<small_image_url><![CDATA[https://s.gr-assets.com/assets/nophoto/book/50x75-a91bf249278a81aabab721ef782c4a74.png]]></small_image_url>
<image_url><![CDATA[https://s.gr-assets.com/assets/nophoto/book/111x148-bcc042a9c91a29c1d680899eff700a03.png]]></image_url>
<num_pages>289</num_pages>
<work>
<id>76363</id>
</work>
<isbn>0312950446</isbn>
<isbn13>9780312950446</isbn13>
<average_rating>4.02</average_rating>
<ratings_count>3758</ratings_count>
<publication_year>1993</publication_year>
<publication_month>3</publication_month>
<publication_day>15</publication_day>
<authors>
<author>
<id>44924</id>
<name>Robert K. Ressler</name>
<link><![CDATA[https://www.goodreads.com/author/show/44924.Robert_K_Ressler]]></link>
</author>
</authors>
</book>

          <book>
<id>411171</id>
<title>Blood and Money</title>
<title_without_series>Blood and Money</title_without_series>
<link><![CDATA[https://www.goodreads.com/book/show/411171.Blood_and_Money]]></link>
<small_image_url><![CDATA[https://s.gr-assets.com/assets/nophoto/book/50x75-a91bf249278a81aabab721ef782c4a74.png]]></small_image_url>
<image_url><![CDATA[https://s.gr-assets.com/assets/nophoto/book/111x148-bcc042a9c91a29c1d680899eff700a03.png]]></image_url>
<num_pages></num_pages>
<work>
<id>400436</id>
</work>
<isbn>0786709472</isbn>
<isbn13>9780786709472</isbn13>
<average_rating>4.24</average_rating>
<ratings_count>1282</ratings_count>
<publication_year></publication_year>
<publication_month></publication_month>
<publication_day></publication_day>
<authors>
<author>
<id>232825</id>
<name>Thomas Thompson</name>
<link><![CDATA[https://www.goodreads.com/author/show/232825.Thomas_Thompson]]></link>
</author>
</authors>
</book>

  </similar_books>
</book>

</GoodreadsResponse>