<?xml version="1.0" encoding="UTF-8"?>
<GoodreadsResponse>
  <Request>
    <authentication>true</authentication>
      <key><![CDATA[all_men_must_serve]]></key>
    <method><![CDATA[book_show]]></method>
  </Request>
  <book>
  <id>1059680</id>
  <title><![CDATA[Veganomicon: The Ultimate Vegan Cookbook]]></title>
  <isbn><![CDATA[156924264X]]></isbn>
  <isbn13><![CDATA[9781569242643]]></isbn13>
  <asin><![CDATA[]]></asin>
  <kindle_asin><![CDATA[B06XD3G24G]]></kindle_asin>
  <marketplace_id><![CDATA[A1F83G8C2ARO7P]]></marketplace_id>
  <country_code><![CDATA[GB]]></country_code>
  <image_url>https://images.gr-assets.com/books/1328751476m/1059680.jpg</image_url>
  <small_image_url>https://images.gr-assets.com/books/1328751476s/1059680.jpg</small_image_url>
  <publication_year></publication_year>
  <publication_month></publication_month>
  <publication_day></publication_day>
  <publisher></publisher>
  <language_code></language_code>
  <is_ebook>false</is_ebook>
  <description><![CDATA[A guide to mastering the art of vegan cooking. It features 250 recipes for various occasions.]]></description>
  <work>
  <id type="integer">1046261</id>
  <books_count type="integer">10</books_count>
  <best_book_id type="integer">1059680</best_book_id>
  <reviews_count type="integer">42582</reviews_count>
  <ratings_sum type="integer">78106</ratings_sum>
  <ratings_count type="integer">19636</ratings_count>
  <text_reviews_count type="integer">602</text_reviews_count>
  <original_publication_year type="integer">2007</original_publication_year>
  <original_publication_month type="integer">1</original_publication_month>
  <original_publication_day type="integer">1</original_publication_day>
  <original_title>Veganomicon: The Ultimate Vegan Cookbook</original_title>
  <original_language_id type="integer" nil="true"/>
  <media_type>book</media_type>
  <rating_dist>5:8345|4:5773|3:3343|2:1085|1:1090|total:19636</rating_dist>
  <desc_user_id type="integer">-51</desc_user_id>
  <default_chaptering_book_id type="integer" nil="true"/>
  <default_description_language_code nil="true"/>
</work>
  <average_rating>3.98</average_rating>
  <num_pages><![CDATA[]]></num_pages>
  <format><![CDATA[]]></format>
  <edition_information><![CDATA[]]></edition_information>
  <ratings_count><![CDATA[19375]]></ratings_count>
  <text_reviews_count><![CDATA[594]]></text_reviews_count>
  <url><![CDATA[https://www.goodreads.com/book/show/1059680.Veganomicon]]></url>
  <link><![CDATA[https://www.goodreads.com/book/show/1059680.Veganomicon]]></link>
  <authors>
<author>
<id>27045</id>
<name>Isa Chandra Moskowitz</name>
<role></role>
<image_url nophoto='false'>
<![CDATA[https://images.gr-assets.com/authors/1183663274p5/27045.jpg]]>
</image_url>
<small_image_url nophoto='false'>
<![CDATA[https://images.gr-assets.com/authors/1183663274p2/27045.jpg]]>
</small_image_url>
<link><![CDATA[https://www.goodreads.com/author/show/27045.Isa_Chandra_Moskowitz]]></link>
<average_rating>4.07</average_rating>
<ratings_count>58397</ratings_count>
<text_reviews_count>2048</text_reviews_count>
</author>
<author>
<id>27046</id>
<name>Terry Hope Romero</name>
<role></role>
<image_url nophoto='false'>
<![CDATA[https://images.gr-assets.com/authors/1379121323p5/27046.jpg]]>
</image_url>
<small_image_url nophoto='false'>
<![CDATA[https://images.gr-assets.com/authors/1379121323p2/27046.jpg]]>
</small_image_url>
<link><![CDATA[https://www.goodreads.com/author/show/27046.Terry_Hope_Romero]]></link>
<average_rating>4.04</average_rating>
<ratings_count>39288</ratings_count>
<text_reviews_count>1243</text_reviews_count>
</author>
</authors>

    <reviews_widget>
      <![CDATA[
        <style>
  #goodreads-widget {
    font-family: georgia, serif;
    padding: 18px 0;
    width:565px;
  }
  #goodreads-widget h1 {
    font-weight:normal;
    font-size: 16px;
    border-bottom: 1px solid #BBB596;
    margin-bottom: 0;
  }
  #goodreads-widget a {
    text-decoration: none;
    color:#660;
  }
  iframe{
    background-color: #fff;
  }
  #goodreads-widget a:hover { text-decoration: underline; }
  #goodreads-widget a:active {
    color:#660;
  }
  #gr_footer {
    width: 100%;
    border-top: 1px solid #BBB596;
    text-align: right;
  }
  #goodreads-widget .gr_branding{
    color: #382110;
    font-size: 11px;
    text-decoration: none;
    font-family: "Helvetica Neue", Helvetica, Arial, sans-serif;
  }
</style>
<div id="goodreads-widget">
  <div id="gr_header"><h1><a rel="nofollow" href="https://www.goodreads.com/book/show/1059680.Veganomicon">Veganomicon Reviews</a></h1></div>
  <iframe id="the_iframe" src="https://www.goodreads.com/api/reviews_widget_iframe?did=DEVELOPER_ID&amp;format=html&amp;isbn=156924264X&amp;links=660&amp;min_rating=&amp;review_back=fff&amp;stars=000&amp;text=000" width="565" height="400" frameborder="0"></iframe>
  <div id="gr_footer">
    <a class="gr_branding" target="_blank" rel="nofollow" href="https://www.goodreads.com/book/show/1059680.Veganomicon?utm_medium=api&amp;utm_source=reviews_widget">Reviews from Goodreads.com</a>
  </div>
</div>

      ]]>
    </reviews_widget>
  <popular_shelves>
      <shelf name="to-read" count="22027"/>
      <shelf name="cookbooks" count="818"/>
      <shelf name="currently-reading" count="286"/>
      <shelf name="cooking" count="243"/>
      <shelf name="food" count="234"/>
      <shelf name="vegan" count="177"/>
      <shelf name="cookbook" count="142"/>
      <shelf name="non-fiction" count="131"/>
      <shelf name="nonfiction" count="59"/>
      <shelf name="reference" count="51"/>
      <shelf name="favorites" count="50"/>
      <shelf name="cook-books" count="49"/>
      <shelf name="vegan-cookbooks" count="34"/>
      <shelf name="veganism" count="31"/>
      <shelf name="owned" count="31"/>
      <shelf name="cookery" count="25"/>
      <shelf name="books-i-own" count="24"/>
      <shelf name="vegetarian" count="23"/>
      <shelf name="health" count="23"/>
      <shelf name="to-buy" count="23"/>
      <shelf name="recipes" count="16"/>
      <shelf name="wish-list" count="14"/>
      <shelf name="food-and-drink" count="13"/>
      <shelf name="veg" count="13"/>
      <shelf name="food-cooking" count="13"/>
      <shelf name="vegan-cooking" count="13"/>
      <shelf name="cook-book" count="12"/>
      <shelf name="vegetarian-vegan" count="12"/>
      <shelf name="recipe-books" count="12"/>
      <shelf name="library" count="9"/>
      <shelf name="owned-books" count="8"/>
      <shelf name="food-drink" count="7"/>
      <shelf name="cuisine" count="7"/>
      <shelf name="ebook" count="7"/>
      <shelf name="favorite-cookbooks" count="7"/>
      <shelf name="diet" count="7"/>
      <shelf name="nutrition" count="7"/>
      <shelf name="vegan-vegetarian" count="7"/>
      <shelf name="culinary" count="7"/>
      <shelf name="cooking-baking" count="6"/>
      <shelf name="own-it" count="6"/>
      <shelf name="my-library" count="6"/>
      <shelf name="cookbooks-food" count="6"/>
      <shelf name="foodie" count="6"/>
      <shelf name="food-and-cooking" count="6"/>
      <shelf name="ebooks" count="5"/>
      <shelf name="cook" count="5"/>
      <shelf name="want" count="5"/>
      <shelf name="to-read-cookbooks" count="5"/>
      <shelf name="cooking-food" count="5"/>
      <shelf name="food-cookbooks" count="5"/>
      <shelf name="cookbooks-i-own" count="5"/>
      <shelf name="my-cookbooks" count="5"/>
      <shelf name="animal-rights" count="5"/>
      <shelf name="i-own" count="5"/>
      <shelf name="vegetarianism" count="5"/>
      <shelf name="how-to" count="5"/>
      <shelf name="cookbooks-to-read" count="4"/>
      <shelf name="read-2013" count="4"/>
      <shelf name="cookbooks-health" count="4"/>
      <shelf name="wine" count="4"/>
      <shelf name="spirits" count="4"/>
      <shelf name="beverages" count="4"/>
      <shelf name="maybe" count="4"/>
      <shelf name="veg-vegan" count="4"/>
      <shelf name="vegan-cookbook" count="4"/>
      <shelf name="food-books" count="4"/>
      <shelf name="non-fic" count="4"/>
      <shelf name="read-in-2015" count="3"/>
      <shelf name="diy" count="3"/>
      <shelf name="female-author" count="3"/>
      <shelf name="cocina" count="3"/>
      <shelf name="kindle" count="3"/>
      <shelf name="cookbooks-to-try" count="3"/>
      <shelf name="want-to-buy" count="3"/>
      <shelf name="default" count="3"/>
      <shelf name="vegetables" count="3"/>
      <shelf name="milk-free" count="3"/>
      <shelf name="low-fat" count="3"/>
      <shelf name="gluten-free" count="3"/>
      <shelf name="general" count="3"/>
      <shelf name="veggie" count="3"/>
      <shelf name="read-in-2011" count="3"/>
      <shelf name="calibre" count="3"/>
      <shelf name="food-related" count="3"/>
      <shelf name="lifestyle" count="3"/>
      <shelf name="health-fitness" count="3"/>
      <shelf name="from-the-library" count="3"/>
      <shelf name="cookbooks-and-food" count="3"/>
      <shelf name="cooking-books" count="3"/>
      <shelf name="cookbook-vegan" count="3"/>
      <shelf name="want-to-read" count="3"/>
      <shelf name="vegan-books" count="3"/>
      <shelf name="kitchen" count="3"/>
      <shelf name="healthy-living" count="3"/>
      <shelf name="available" count="2"/>
      <shelf name="i-own-it" count="2"/>
      <shelf name="good-eats" count="2"/>
      <shelf name="cookbooks-vegan" count="2"/>
      <shelf name="cookbooks-recipes" count="2"/>
  </popular_shelves>
  <book_links>
    <book_link>
  <id>8</id>
  <name>Libraries</name>
  <link>https://www.goodreads.com/book_link/follow/8</link>
</book_link>

  </book_links>
  <buy_links>
    <buy_link>
<id>1</id>
<name>Amazon</name>
<link>https://www.goodreads.com/book_link/follow/1</link>
</buy_link>
<buy_link>
<id>10</id>
<name>Audible</name>
<link>https://www.goodreads.com/book_link/follow/10</link>
</buy_link>
<buy_link>
<id>3</id>
<name>Barnes &amp; Noble</name>
<link>https://www.goodreads.com/book_link/follow/3</link>
</buy_link>
<buy_link>
<id>1027</id>
<name>Kobo</name>
<link>https://www.goodreads.com/book_link/follow/1027</link>
</buy_link>
<buy_link>
<id>2102</id>
<name>Apple iBooks</name>
<link>https://www.goodreads.com/book_link/follow/2102</link>
</buy_link>
<buy_link>
<id>8036</id>
<name>Google Play</name>
<link>https://www.goodreads.com/book_link/follow/8036</link>
</buy_link>
<buy_link>
<id>4</id>
<name>Abebooks</name>
<link>https://www.goodreads.com/book_link/follow/4</link>
</buy_link>
<buy_link>
<id>882</id>
<name>Book Depository</name>
<link>https://www.goodreads.com/book_link/follow/882</link>
</buy_link>
<buy_link>
<id>9</id>
<name>Indigo</name>
<link>https://www.goodreads.com/book_link/follow/9</link>
</buy_link>
<buy_link>
<id>2</id>
<name>Half.com</name>
<link>https://www.goodreads.com/book_link/follow/2</link>
</buy_link>
<buy_link>
<id>5</id>
<name>Alibris</name>
<link>https://www.goodreads.com/book_link/follow/5</link>
</buy_link>
<buy_link>
<id>107</id>
<name>Better World Books</name>
<link>https://www.goodreads.com/book_link/follow/107</link>
</buy_link>
<buy_link>
<id>7</id>
<name>IndieBound</name>
<link>https://www.goodreads.com/book_link/follow/7</link>
</buy_link>

  </buy_links>
  <series_works>
    
  </series_works>
  <similar_books>
          <book>
<id>48308</id>
<title><![CDATA[Vegan Planet: 400 Irresistible Recipes with Fantastic Flavors from Home and Around the World]]></title>
<title_without_series><![CDATA[Vegan Planet: 400 Irresistible Recipes with Fantastic Flavors from Home and Around the World]]></title_without_series>
<link><![CDATA[https://www.goodreads.com/book/show/48308.Vegan_Planet]]></link>
<small_image_url><![CDATA[https://images.gr-assets.com/books/1403207104s/48308.jpg]]></small_image_url>
<image_url><![CDATA[https://images.gr-assets.com/books/1403207104m/48308.jpg]]></image_url>
<num_pages></num_pages>
<work>
<id>518260</id>
</work>
<isbn>1558322116</isbn>
<isbn13>9781558322110</isbn13>
<average_rating>3.94</average_rating>
<ratings_count>3189</ratings_count>
<publication_year></publication_year>
<publication_month></publication_month>
<publication_day></publication_day>
<authors>
<author>
<id>1844102</id>
<name>Robin G. Robertson</name>
<link><![CDATA[https://www.goodreads.com/author/show/1844102.Robin_G_Robertson]]></link>
</author>
</authors>
</book>

          <book>
<id>7130273</id>
<title><![CDATA[Viva Vegan! 200 Authentic and Fabulous Recipes for Latin Food Lovers]]></title>
<title_without_series><![CDATA[Viva Vegan! 200 Authentic and Fabulous Recipes for Latin Food Lovers]]></title_without_series>
<link><![CDATA[https://www.goodreads.com/book/show/7130273-viva-vegan-200-authentic-and-fabulous-recipes-for-latin-food-lovers]]></link>
<small_image_url><![CDATA[https://images.gr-assets.com/books/1328829394s/7130273.jpg]]></small_image_url>
<image_url><![CDATA[https://images.gr-assets.com/books/1328829394m/7130273.jpg]]></image_url>
<num_pages>285</num_pages>
<work>
<id>7392470</id>
</work>
<isbn>0738212733</isbn>
<isbn13>9780738212739</isbn13>
<average_rating>3.94</average_rating>
<ratings_count>2220</ratings_count>
<publication_year>2010</publication_year>
<publication_month>4</publication_month>
<publication_day>27</publication_day>
<authors>
<author>
<id>27046</id>
<name>Terry Hope Romero</name>
<link><![CDATA[https://www.goodreads.com/author/show/27046.Terry_Hope_Romero]]></link>
</author>
</authors>
</book>

          <book>
<id>8070043</id>
<title><![CDATA[Color Me Vegan: Maximize Your Nutrient Intake and Optimize Your Health by Eating Antioxidant-Rich, Fiber-Packed, Color-Intense Meals That Taste Great]]></title>
<title_without_series><![CDATA[Color Me Vegan: Maximize Your Nutrient Intake and Optimize Your Health by Eating Antioxidant-Rich, Fiber-Packed, Color-Intense Meals That Taste Great]]></title_without_series>
<link><![CDATA[https://www.goodreads.com/book/show/8070043-color-me-vegan]]></link>
<small_image_url><![CDATA[https://images.gr-assets.com/books/1328754324s/8070043.jpg]]></small_image_url>
<image_url><![CDATA[https://images.gr-assets.com/books/1328754324m/8070043.jpg]]></image_url>
<num_pages>271</num_pages>
<work>
<id>12771297</id>
</work>
<isbn>1592334393</isbn>
<isbn13>9781592334391</isbn13>
<average_rating>4.05</average_rating>
<ratings_count>1042</ratings_count>
<publication_year></publication_year>
<publication_month></publication_month>
<publication_day></publication_day>
<authors>
<author>
<id>421587</id>
<name>Colleen Patrick-Goudreau</name>
<link><![CDATA[https://www.goodreads.com/author/show/421587.Colleen_Patrick_Goudreau]]></link>
</author>
</authors>
</book>

          <book>
<id>48314</id>
<title><![CDATA[The Garden of Vegan: How It All Vegan Again!]]></title>
<title_without_series><![CDATA[The Garden of Vegan: How It All Vegan Again!]]></title_without_series>
<link><![CDATA[https://www.goodreads.com/book/show/48314.The_Garden_of_Vegan]]></link>
<small_image_url><![CDATA[https://images.gr-assets.com/books/1384949660s/48314.jpg]]></small_image_url>
<image_url><![CDATA[https://images.gr-assets.com/books/1384949660m/48314.jpg]]></image_url>
<num_pages>224</num_pages>
<work>
<id>47267</id>
</work>
<isbn>1551521288</isbn>
<isbn13>9781551521282</isbn13>
<average_rating>3.88</average_rating>
<ratings_count>2092</ratings_count>
<publication_year>2003</publication_year>
<publication_month>4</publication_month>
<publication_day>1</publication_day>
<authors>
<author>
<id>27053</id>
<name>Tanya Barnard</name>
<link><![CDATA[https://www.goodreads.com/author/show/27053.Tanya_Barnard]]></link>
</author>
</authors>
</book>

          <book>
<id>6496521</id>
<title><![CDATA[Vegan Yum Yum Decadent (But Doable) Animal-Free Recipes for Entertaining and Everyday]]></title>
<title_without_series><![CDATA[Vegan Yum Yum Decadent (But Doable) Animal-Free Recipes for Entertaining and Everyday]]></title_without_series>
<link><![CDATA[https://www.goodreads.com/book/show/6496521-vegan-yum-yum-decadent-but-doable-animal-free-recipes-for-entertaining]]></link>
<small_image_url><![CDATA[https://s.gr-assets.com/assets/nophoto/book/50x75-a91bf249278a81aabab721ef782c4a74.png]]></small_image_url>
<image_url><![CDATA[https://s.gr-assets.com/assets/nophoto/book/111x148-bcc042a9c91a29c1d680899eff700a03.png]]></image_url>
<num_pages>304</num_pages>
<work>
<id>6688003</id>
</work>
<isbn>0757313809</isbn>
<isbn13>9780757313806</isbn13>
<average_rating>3.95</average_rating>
<ratings_count>1932</ratings_count>
<publication_year>2009</publication_year>
<publication_month>9</publication_month>
<publication_day>1</publication_day>
<authors>
<author>
<id>2941765</id>
<name>Lauren Ulm</name>
<link><![CDATA[https://www.goodreads.com/author/show/2941765.Lauren_Ulm]]></link>
</author>
</authors>
</book>

          <book>
<id>10765560</id>
<title><![CDATA[The Vegan Slow Cooker: Simply Set It and Go with 150 Recipes for Intensely Flavorful, Fuss-Free Fare Everyone (Vegan or Not!) Will Devour]]></title>
<title_without_series><![CDATA[The Vegan Slow Cooker: Simply Set It and Go with 150 Recipes for Intensely Flavorful, Fuss-Free Fare Everyone (Vegan or Not!) Will Devour]]></title_without_series>
<link><![CDATA[https://www.goodreads.com/book/show/10765560-the-vegan-slow-cooker]]></link>
<small_image_url><![CDATA[https://images.gr-assets.com/books/1328754347s/10765560.jpg]]></small_image_url>
<image_url><![CDATA[https://images.gr-assets.com/books/1328754347m/10765560.jpg]]></image_url>
<num_pages>224</num_pages>
<work>
<id>15676985</id>
</work>
<isbn>1592334644</isbn>
<isbn13>9781592334643</isbn13>
<average_rating>3.88</average_rating>
<ratings_count>1621</ratings_count>
<publication_year>2011</publication_year>
<publication_month>10</publication_month>
<publication_day>1</publication_day>
<authors>
<author>
<id>4710360</id>
<name>Kathy Hester</name>
<link><![CDATA[https://www.goodreads.com/author/show/4710360.Kathy_Hester]]></link>
</author>
</authors>
</book>

          <book>
<id>890409</id>
<title><![CDATA[Eat, Drink and Be Vegan: Everyday Vegan Recipes Worth Celebrating]]></title>
<title_without_series><![CDATA[Eat, Drink and Be Vegan: Everyday Vegan Recipes Worth Celebrating]]></title_without_series>
<link><![CDATA[https://www.goodreads.com/book/show/890409.Eat_Drink_and_Be_Vegan]]></link>
<small_image_url><![CDATA[https://images.gr-assets.com/books/1384158818s/890409.jpg]]></small_image_url>
<image_url><![CDATA[https://images.gr-assets.com/books/1384158818m/890409.jpg]]></image_url>
<num_pages>176</num_pages>
<work>
<id>875655</id>
</work>
<isbn>1551522241</isbn>
<isbn13>9781551522241</isbn13>
<average_rating>3.94</average_rating>
<ratings_count>1511</ratings_count>
<publication_year>2007</publication_year>
<publication_month>10</publication_month>
<publication_day>1</publication_day>
<authors>
<author>
<id>218581</id>
<name>Dreena Burton</name>
<link><![CDATA[https://www.goodreads.com/author/show/218581.Dreena_Burton]]></link>
</author>
</authors>
</book>

          <book>
<id>8070024</id>
<title><![CDATA[The Complete Guide to Vegan Food Substitutions: Veganize It!  Foolproof Methods for Transforming Any Dish into a Delicious New Vegan Favorite]]></title>
<title_without_series><![CDATA[The Complete Guide to Vegan Food Substitutions: Veganize It!  Foolproof Methods for Transforming Any Dish into a Delicious New Vegan Favorite]]></title_without_series>
<link><![CDATA[https://www.goodreads.com/book/show/8070024-the-complete-guide-to-vegan-food-substitutions]]></link>
<small_image_url><![CDATA[https://images.gr-assets.com/books/1289868663s/8070024.jpg]]></small_image_url>
<image_url><![CDATA[https://images.gr-assets.com/books/1289868663m/8070024.jpg]]></image_url>
<num_pages>272</num_pages>
<work>
<id>12771240</id>
</work>
<isbn>1592334415</isbn>
<isbn13>9781592334414</isbn13>
<average_rating>4.08</average_rating>
<ratings_count>1187</ratings_count>
<publication_year>2010</publication_year>
<publication_month>12</publication_month>
<publication_day>1</publication_day>
<authors>
<author>
<id>2874468</id>
<name>Celine Steen</name>
<link><![CDATA[https://www.goodreads.com/author/show/2874468.Celine_Steen]]></link>
</author>
</authors>
</book>

          <book>
<id>48313</id>
<title><![CDATA[La Dolce Vegan!: Vegan Livin' Made Easy]]></title>
<title_without_series><![CDATA[La Dolce Vegan!: Vegan Livin' Made Easy]]></title_without_series>
<link><![CDATA[https://www.goodreads.com/book/show/48313.La_Dolce_Vegan_]]></link>
<small_image_url><![CDATA[https://images.gr-assets.com/books/1384949670s/48313.jpg]]></small_image_url>
<image_url><![CDATA[https://images.gr-assets.com/books/1384949670m/48313.jpg]]></image_url>
<num_pages></num_pages>
<work>
<id>47266</id>
</work>
<isbn>1551521873</isbn>
<isbn13>9781551521879</isbn13>
<average_rating>3.90</average_rating>
<ratings_count>2843</ratings_count>
<publication_year></publication_year>
<publication_month></publication_month>
<publication_day></publication_day>
<authors>
<author>
<id>27054</id>
<name>Sarah Kramer</name>
<link><![CDATA[https://www.goodreads.com/author/show/27054.Sarah_Kramer]]></link>
</author>
</authors>
</book>

          <book>
<id>8073215</id>
<title><![CDATA[The Inspired Vegan: Seasonal Ingredients, Creative Recipes, Mouthwatering Menus]]></title>
<title_without_series><![CDATA[The Inspired Vegan: Seasonal Ingredients, Creative Recipes, Mouthwatering Menus]]></title_without_series>
<link><![CDATA[https://www.goodreads.com/book/show/8073215-the-inspired-vegan]]></link>
<small_image_url><![CDATA[https://images.gr-assets.com/books/1320030049s/8073215.jpg]]></small_image_url>
<image_url><![CDATA[https://images.gr-assets.com/books/1320030049m/8073215.jpg]]></image_url>
<num_pages>240</num_pages>
<work>
<id>12781348</id>
</work>
<isbn>0738213756</isbn>
<isbn13>9780738213750</isbn13>
<average_rating>3.92</average_rating>
<ratings_count>483</ratings_count>
<publication_year>2012</publication_year>
<publication_month>1</publication_month>
<publication_day>24</publication_day>
<authors>
<author>
<id>261666</id>
<name>Bryant Terry</name>
<link><![CDATA[https://www.goodreads.com/author/show/261666.Bryant_Terry]]></link>
</author>
</authors>
</book>

          <book>
<id>9708605</id>
<title><![CDATA[Vegan Diner: Classic Comfort Food for the Body and Soul]]></title>
<title_without_series><![CDATA[Vegan Diner: Classic Comfort Food for the Body and Soul]]></title_without_series>
<link><![CDATA[https://www.goodreads.com/book/show/9708605-vegan-diner]]></link>
<small_image_url><![CDATA[https://images.gr-assets.com/books/1328815609s/9708605.jpg]]></small_image_url>
<image_url><![CDATA[https://images.gr-assets.com/books/1328815609m/9708605.jpg]]></image_url>
<num_pages>192</num_pages>
<work>
<id>14596857</id>
</work>
<isbn>0762437847</isbn>
<isbn13>9780762437849</isbn13>
<average_rating>3.98</average_rating>
<ratings_count>1313</ratings_count>
<publication_year>2011</publication_year>
<publication_month>3</publication_month>
<publication_day>8</publication_day>
<authors>
<author>
<id>227339</id>
<name>Julie Hasson</name>
<link><![CDATA[https://www.goodreads.com/author/show/227339.Julie_Hasson]]></link>
</author>
</authors>
</book>

          <book>
<id>835272</id>
<title><![CDATA[The Ultimate Uncheese Cookbook: Delicious Dairy-Free Cheeses and Classic "Uncheese" Dishes]]></title>
<title_without_series><![CDATA[The Ultimate Uncheese Cookbook: Delicious Dairy-Free Cheeses and Classic "Uncheese" Dishes]]></title_without_series>
<link><![CDATA[https://www.goodreads.com/book/show/835272.The_Ultimate_Uncheese_Cookbook]]></link>
<small_image_url><![CDATA[https://s.gr-assets.com/assets/nophoto/book/50x75-a91bf249278a81aabab721ef782c4a74.png]]></small_image_url>
<image_url><![CDATA[https://s.gr-assets.com/assets/nophoto/book/111x148-bcc042a9c91a29c1d680899eff700a03.png]]></image_url>
<num_pages>191</num_pages>
<work>
<id>515250</id>
</work>
<isbn>1570671516</isbn>
<isbn13>9781570671517</isbn13>
<average_rating>3.78</average_rating>
<ratings_count>631</ratings_count>
<publication_year>2003</publication_year>
<publication_month>9</publication_month>
<publication_day>15</publication_day>
<authors>
<author>
<id>38086</id>
<name>Joanne Stepaniak</name>
<link><![CDATA[https://www.goodreads.com/author/show/38086.Joanne_Stepaniak]]></link>
</author>
</authors>
</book>

          <book>
<id>48306</id>
<title><![CDATA[Vegan World Fusion Cuisine: Over 200 award-winning recipes]]></title>
<title_without_series><![CDATA[Vegan World Fusion Cuisine: Over 200 award-winning recipes]]></title_without_series>
<link><![CDATA[https://www.goodreads.com/book/show/48306.Vegan_World_Fusion_Cuisine]]></link>
<small_image_url><![CDATA[https://s.gr-assets.com/assets/nophoto/book/50x75-a91bf249278a81aabab721ef782c4a74.png]]></small_image_url>
<image_url><![CDATA[https://s.gr-assets.com/assets/nophoto/book/111x148-bcc042a9c91a29c1d680899eff700a03.png]]></image_url>
<num_pages>243</num_pages>
<work>
<id>47259</id>
</work>
<isbn>0975283723</isbn>
<isbn13>9780975283721</isbn13>
<average_rating>3.89</average_rating>
<ratings_count>293</ratings_count>
<publication_year>2005</publication_year>
<publication_month>11</publication_month>
<publication_day>1</publication_day>
<authors>
<author>
<id>27049</id>
<name>Mark Reinfeld</name>
<link><![CDATA[https://www.goodreads.com/author/show/27049.Mark_Reinfeld]]></link>
</author>
</authors>
</book>

          <book>
<id>2319059</id>
<title>Yellow Rose Recipes</title>
<title_without_series>Yellow Rose Recipes</title_without_series>
<link><![CDATA[https://www.goodreads.com/book/show/2319059.Yellow_Rose_Recipes]]></link>
<small_image_url><![CDATA[https://images.gr-assets.com/books/1330581968s/2319059.jpg]]></small_image_url>
<image_url><![CDATA[https://images.gr-assets.com/books/1330581968m/2319059.jpg]]></image_url>
<num_pages>208</num_pages>
<work>
<id>2325579</id>
</work>
<isbn>0980144000</isbn>
<isbn13>9780980144000</isbn13>
<average_rating>4.06</average_rating>
<ratings_count>391</ratings_count>
<publication_year>2007</publication_year>
<publication_month></publication_month>
<publication_day></publication_day>
<authors>
<author>
<id>1042402</id>
<name>Joanna Vaught</name>
<link><![CDATA[https://www.goodreads.com/author/show/1042402.Joanna_Vaught]]></link>
</author>
</authors>
</book>

          <book>
<id>48305</id>
<title><![CDATA[The Mediterranean Vegan Kitchen]]></title>
<title_without_series><![CDATA[The Mediterranean Vegan Kitchen]]></title_without_series>
<link><![CDATA[https://www.goodreads.com/book/show/48305.The_Mediterranean_Vegan_Kitchen]]></link>
<small_image_url><![CDATA[https://images.gr-assets.com/books/1318192876s/48305.jpg]]></small_image_url>
<image_url><![CDATA[https://images.gr-assets.com/books/1318192876m/48305.jpg]]></image_url>
<num_pages>272</num_pages>
<work>
<id>47258</id>
</work>
<isbn>1557883599</isbn>
<isbn13>9781557883599</isbn13>
<average_rating>3.92</average_rating>
<ratings_count>1331</ratings_count>
<publication_year>2001</publication_year>
<publication_month>5</publication_month>
<publication_day>1</publication_day>
<authors>
<author>
<id>27047</id>
<name>Donna Klein</name>
<link><![CDATA[https://www.goodreads.com/author/show/27047.Donna_Klein]]></link>
</author>
</authors>
</book>

  </similar_books>
</book>

</GoodreadsResponse>