<?xml version="1.0" encoding="UTF-8"?>
<GoodreadsResponse>
  <Request>
    <authentication>true</authentication>
      <key><![CDATA[all_men_must_serve]]></key>
    <method><![CDATA[book_show]]></method>
  </Request>
  <book>
  <id>10599302</id>
  <title><![CDATA[Head Over Heels (Lucky Harbor, #3)]]></title>
  <isbn><![CDATA[]]></isbn>
  <isbn13><![CDATA[]]></isbn13>
  <asin><![CDATA[B004RCNGQW]]></asin>
  <kindle_asin><![CDATA[B00KDBA0UG]]></kindle_asin>
  <marketplace_id><![CDATA[A1F83G8C2ARO7P]]></marketplace_id>
  <country_code><![CDATA[GB]]></country_code>
  <image_url>https://images.gr-assets.com/books/1302052809m/10599302.jpg</image_url>
  <small_image_url>https://images.gr-assets.com/books/1302052809s/10599302.jpg</small_image_url>
  <publication_year>2011</publication_year>
  <publication_month>12</publication_month>
  <publication_day>1</publication_day>
  <publisher>Forever</publisher>
  <language_code>eng</language_code>
  <is_ebook>true</is_ebook>
  <description><![CDATA[Breaking rules and breaking hearts. <br /><br />Free-spirited Chloe lives life on the edge. Unlike her soon-to-be married sisters, she isn't ready to settle into a quiet life running their family's newly renovated inn. But soon her love of trouble — and trouble with love — draws the attention of the very stern, very sexy sheriff who'd like nothing better than to tame her wild ways. <br /><br />Suddenly, Chloe can't take a misstep without the sheriff hot on her heels. His rugged swagger and his enigmatic smile are enough to make a girl beg to be handcuffed. For the first time, instead of avoiding the law, Chloe dreams of surrender. Can this rebel find a way to keep the peace with the straitlaced sheriff? Or will Chloe's colorful past keep her from a love that lasts... and the safe haven she truly wants in a town called Lucky Harbor?]]></description>
  <work>
  <id type="integer">15506975</id>
  <books_count type="integer">20</books_count>
  <best_book_id type="integer">10599302</best_book_id>
  <reviews_count type="integer">25376</reviews_count>
  <ratings_sum type="integer">72663</ratings_sum>
  <ratings_count type="integer">17478</ratings_count>
  <text_reviews_count type="integer">1019</text_reviews_count>
  <original_publication_year type="integer">2011</original_publication_year>
  <original_publication_month type="integer" nil="true"/>
  <original_publication_day type="integer" nil="true"/>
  <original_title>Head Over Heels (Lucky Harbor, #3)</original_title>
  <original_language_id type="integer" nil="true"/>
  <media_type>book</media_type>
  <rating_dist>5:6933|4:6996|3:3016|2:433|1:100|total:17478</rating_dist>
  <desc_user_id type="integer">4876540</desc_user_id>
  <default_chaptering_book_id type="integer" nil="true"/>
  <default_description_language_code nil="true"/>
</work>
  <average_rating>4.16</average_rating>
  <num_pages><![CDATA[328]]></num_pages>
  <format><![CDATA[Kindle Edition]]></format>
  <edition_information><![CDATA[]]></edition_information>
  <ratings_count><![CDATA[16566]]></ratings_count>
  <text_reviews_count><![CDATA[836]]></text_reviews_count>
  <url><![CDATA[https://www.goodreads.com/book/show/10599302-head-over-heels]]></url>
  <link><![CDATA[https://www.goodreads.com/book/show/10599302-head-over-heels]]></link>
  <authors>
<author>
<id>22370</id>
<name>Jill Shalvis</name>
<role></role>
<image_url nophoto='false'>
<![CDATA[https://images.gr-assets.com/authors/1339512543p5/22370.jpg]]>
</image_url>
<small_image_url nophoto='false'>
<![CDATA[https://images.gr-assets.com/authors/1339512543p2/22370.jpg]]>
</small_image_url>
<link><![CDATA[https://www.goodreads.com/author/show/22370.Jill_Shalvis]]></link>
<average_rating>4.03</average_rating>
<ratings_count>315675</ratings_count>
<text_reviews_count>25845</text_reviews_count>
</author>
</authors>

    <reviews_widget>
      <![CDATA[
        <style>
  #goodreads-widget {
    font-family: georgia, serif;
    padding: 18px 0;
    width:565px;
  }
  #goodreads-widget h1 {
    font-weight:normal;
    font-size: 16px;
    border-bottom: 1px solid #BBB596;
    margin-bottom: 0;
  }
  #goodreads-widget a {
    text-decoration: none;
    color:#660;
  }
  iframe{
    background-color: #fff;
  }
  #goodreads-widget a:hover { text-decoration: underline; }
  #goodreads-widget a:active {
    color:#660;
  }
  #gr_footer {
    width: 100%;
    border-top: 1px solid #BBB596;
    text-align: right;
  }
  #goodreads-widget .gr_branding{
    color: #382110;
    font-size: 11px;
    text-decoration: none;
    font-family: "Helvetica Neue", Helvetica, Arial, sans-serif;
  }
</style>
<div id="goodreads-widget">
  <div id="gr_header"><h1><a rel="nofollow" href="https://www.goodreads.com/book/show/10599302-head-over-heels">Head Over Heels Reviews</a></h1></div>
  <iframe id="the_iframe" src="https://www.goodreads.com/api/reviews_widget_iframe?did=DEVELOPER_ID&amp;format=html&amp;isbn=B004RCNGQW&amp;links=660&amp;min_rating=&amp;review_back=fff&amp;stars=000&amp;text=000" width="565" height="400" frameborder="0"></iframe>
  <div id="gr_footer">
    <a class="gr_branding" target="_blank" rel="nofollow" href="https://www.goodreads.com/book/show/10599302-head-over-heels?utm_medium=api&amp;utm_source=reviews_widget">Reviews from Goodreads.com</a>
  </div>
</div>

      ]]>
    </reviews_widget>
  <popular_shelves>
      <shelf name="to-read" count="1959"/>
      <shelf name="romance" count="663"/>
      <shelf name="contemporary-romance" count="458"/>
      <shelf name="contemporary" count="285"/>
      <shelf name="favorites" count="193"/>
      <shelf name="jill-shalvis" count="160"/>
      <shelf name="series" count="157"/>
      <shelf name="chick-lit" count="138"/>
      <shelf name="currently-reading" count="104"/>
      <shelf name="kindle" count="89"/>
      <shelf name="adult" count="68"/>
      <shelf name="small-town" count="60"/>
      <shelf name="ebook" count="52"/>
      <shelf name="fiction" count="49"/>
      <shelf name="romance-contemporary" count="47"/>
      <shelf name="lucky-harbor" count="44"/>
      <shelf name="read-in-2012" count="43"/>
      <shelf name="books-i-own" count="39"/>
      <shelf name="library" count="32"/>
      <shelf name="ebooks" count="31"/>
      <shelf name="funny" count="27"/>
      <shelf name="e-book" count="26"/>
      <shelf name="part-of-a-series" count="25"/>
      <shelf name="small-town-romance" count="24"/>
      <shelf name="family" count="24"/>
      <shelf name="read-in-2013" count="22"/>
      <shelf name="4-stars" count="21"/>
      <shelf name="humor" count="20"/>
      <shelf name="e-books" count="20"/>
      <shelf name="read-2013" count="19"/>
      <shelf name="read-2012" count="19"/>
      <shelf name="2012-reads" count="19"/>
      <shelf name="owned" count="19"/>
      <shelf name="audiobook" count="17"/>
      <shelf name="read-in-2014" count="16"/>
      <shelf name="shalvis-jill" count="16"/>
      <shelf name="5-stars" count="16"/>
      <shelf name="law-enforcement" count="15"/>
      <shelf name="default" count="14"/>
      <shelf name="nook" count="14"/>
      <shelf name="favourites" count="14"/>
      <shelf name="netgalley" count="14"/>
      <shelf name="lucky-harbor-series" count="14"/>
      <shelf name="read-in-2011" count="14"/>
      <shelf name="adult-romance" count="13"/>
      <shelf name="opposites-attract" count="13"/>
      <shelf name="adult-fiction" count="12"/>
      <shelf name="favorite-series" count="12"/>
      <shelf name="kindle-books" count="12"/>
      <shelf name="2014-read" count="11"/>
      <shelf name="2014-reads" count="11"/>
      <shelf name="author-jill-shalvis" count="11"/>
      <shelf name="2011-reads" count="11"/>
      <shelf name="reviewed" count="11"/>
      <shelf name="contemp-romance" count="11"/>
      <shelf name="series-lucky-harbor" count="11"/>
      <shelf name="read-2014" count="10"/>
      <shelf name="2013-reads" count="10"/>
      <shelf name="reread" count="10"/>
      <shelf name="kobo" count="9"/>
      <shelf name="chic-lit" count="9"/>
      <shelf name="audiobooks" count="9"/>
      <shelf name="calibre" count="9"/>
      <shelf name="have" count="9"/>
      <shelf name="modern-romance" count="9"/>
      <shelf name="cops" count="9"/>
      <shelf name="contemporary-fiction" count="9"/>
      <shelf name="part-of-series" count="9"/>
      <shelf name="read-in-2017" count="8"/>
      <shelf name="read-in-2015" count="8"/>
      <shelf name="new-adult" count="8"/>
      <shelf name="owned-books" count="8"/>
      <shelf name="favorite-authors" count="8"/>
      <shelf name="dnf" count="8"/>
      <shelf name="alpha-male" count="8"/>
      <shelf name="keeper" count="8"/>
      <shelf name="chicklit" count="8"/>
      <shelf name="i-own" count="8"/>
      <shelf name="sweet" count="8"/>
      <shelf name="read-in-2016" count="7"/>
      <shelf name="2016-reads" count="7"/>
      <shelf name="library-book" count="7"/>
      <shelf name="on-kindle" count="7"/>
      <shelf name="romance-series" count="7"/>
      <shelf name="maybe" count="7"/>
      <shelf name="romantic-comedy" count="7"/>
      <shelf name="2012-read" count="7"/>
      <shelf name="hot" count="7"/>
      <shelf name="humour" count="7"/>
      <shelf name="shalvis" count="7"/>
      <shelf name="steamy" count="7"/>
      <shelf name="humorous" count="7"/>
      <shelf name="for-review" count="7"/>
      <shelf name="to-buy" count="7"/>
      <shelf name="my-books" count="6"/>
      <shelf name="re-read" count="6"/>
      <shelf name="romances" count="6"/>
      <shelf name="2013-read" count="6"/>
      <shelf name="sweet-romance" count="6"/>
      <shelf name="ebooks-i-own" count="6"/>
  </popular_shelves>
  <book_links>
    <book_link>
  <id>8</id>
  <name>Libraries</name>
  <link>https://www.goodreads.com/book_link/follow/8</link>
</book_link>

  </book_links>
  <buy_links>
    <buy_link>
<id>1</id>
<name>Amazon</name>
<link>https://www.goodreads.com/book_link/follow/1</link>
</buy_link>
<buy_link>
<id>10</id>
<name>Audible</name>
<link>https://www.goodreads.com/book_link/follow/10</link>
</buy_link>
<buy_link>
<id>3</id>
<name>Barnes &amp; Noble</name>
<link>https://www.goodreads.com/book_link/follow/3</link>
</buy_link>
<buy_link>
<id>1027</id>
<name>Kobo</name>
<link>https://www.goodreads.com/book_link/follow/1027</link>
</buy_link>
<buy_link>
<id>2102</id>
<name>Apple iBooks</name>
<link>https://www.goodreads.com/book_link/follow/2102</link>
</buy_link>
<buy_link>
<id>8036</id>
<name>Google Play</name>
<link>https://www.goodreads.com/book_link/follow/8036</link>
</buy_link>
<buy_link>
<id>4</id>
<name>Abebooks</name>
<link>https://www.goodreads.com/book_link/follow/4</link>
</buy_link>
<buy_link>
<id>882</id>
<name>Book Depository</name>
<link>https://www.goodreads.com/book_link/follow/882</link>
</buy_link>
<buy_link>
<id>9</id>
<name>Indigo</name>
<link>https://www.goodreads.com/book_link/follow/9</link>
</buy_link>
<buy_link>
<id>2</id>
<name>Half.com</name>
<link>https://www.goodreads.com/book_link/follow/2</link>
</buy_link>
<buy_link>
<id>5</id>
<name>Alibris</name>
<link>https://www.goodreads.com/book_link/follow/5</link>
</buy_link>
<buy_link>
<id>107</id>
<name>Better World Books</name>
<link>https://www.goodreads.com/book_link/follow/107</link>
</buy_link>
<buy_link>
<id>7</id>
<name>IndieBound</name>
<link>https://www.goodreads.com/book_link/follow/7</link>
</buy_link>

  </buy_links>
  <series_works>
    <series_work>
<id>236332</id>
<user_position>3</user_position>
<series>
<id>50414</id>
<title>
<![CDATA[
    Lucky Harbor
]]>
</title>
<description>
<![CDATA[
]]>
</description>
<note>
<![CDATA[
]]>
</note>
<series_works_count>23</series_works_count>
<primary_work_count>12</primary_work_count>
<numbered>true</numbered>
</series>

</series_work>

  </series_works>
  <similar_books>
          <book>
<id>10852689</id>
<title><![CDATA[Bad Boys Do (Donovan Brothers Brewery, #2)]]></title>
<title_without_series>Bad Boys Do</title_without_series>
<link><![CDATA[https://www.goodreads.com/book/show/10852689-bad-boys-do]]></link>
<small_image_url><![CDATA[https://images.gr-assets.com/books/1367917301s/10852689.jpg]]></small_image_url>
<image_url><![CDATA[https://images.gr-assets.com/books/1367917301m/10852689.jpg]]></image_url>
<num_pages>384</num_pages>
<work>
<id>15767454</id>
</work>
<isbn>0373776020</isbn>
<isbn13>9780373776023</isbn13>
<average_rating>3.96</average_rating>
<ratings_count>7611</ratings_count>
<publication_year>2011</publication_year>
<publication_month>9</publication_month>
<publication_day>27</publication_day>
<authors>
<author>
<id>124727</id>
<name>Victoria Dahl</name>
<link><![CDATA[https://www.goodreads.com/author/show/124727.Victoria_Dahl]]></link>
</author>
</authors>
</book>

          <book>
<id>15800727</id>
<title><![CDATA[Suddenly You (Porter Siblings, #2)]]></title>
<title_without_series>Suddenly You</title_without_series>
<link><![CDATA[https://www.goodreads.com/book/show/15800727-suddenly-you]]></link>
<small_image_url><![CDATA[https://images.gr-assets.com/books/1344663953s/15800727.jpg]]></small_image_url>
<image_url><![CDATA[https://images.gr-assets.com/books/1344663953m/15800727.jpg]]></image_url>
<num_pages>288</num_pages>
<work>
<id>21524059</id>
</work>
<isbn>0373718128</isbn>
<isbn13>9780373718122</isbn13>
<average_rating>3.84</average_rating>
<ratings_count>719</ratings_count>
<publication_year>2012</publication_year>
<publication_month>10</publication_month>
<publication_day>30</publication_day>
<authors>
<author>
<id>19909</id>
<name>Sarah Mayberry</name>
<link><![CDATA[https://www.goodreads.com/author/show/19909.Sarah_Mayberry]]></link>
</author>
</authors>
</book>

          <book>
<id>11530122</id>
<title><![CDATA[Yours to Keep (Kowalski Family, #3)]]></title>
<title_without_series>Yours to Keep</title_without_series>
<link><![CDATA[https://www.goodreads.com/book/show/11530122-yours-to-keep]]></link>
<small_image_url><![CDATA[https://s.gr-assets.com/assets/nophoto/book/50x75-a91bf249278a81aabab721ef782c4a74.png]]></small_image_url>
<image_url><![CDATA[https://s.gr-assets.com/assets/nophoto/book/111x148-bcc042a9c91a29c1d680899eff700a03.png]]></image_url>
<num_pages>201</num_pages>
<work>
<id>15666798</id>
</work>
<isbn>1426891725</isbn>
<isbn13>9781426891724</isbn13>
<average_rating>4.07</average_rating>
<ratings_count>12905</ratings_count>
<publication_year>2011</publication_year>
<publication_month>6</publication_month>
<publication_day>6</publication_day>
<authors>
<author>
<id>149808</id>
<name>Shannon Stacey</name>
<link><![CDATA[https://www.goodreads.com/author/show/149808.Shannon_Stacey]]></link>
</author>
</authors>
</book>

          <book>
<id>6966230</id>
<title>Sugar Creek (Destiny, #2)</title>
<title_without_series>Sugar Creek</title_without_series>
<link><![CDATA[https://www.goodreads.com/book/show/6966230-sugar-creek]]></link>
<small_image_url><![CDATA[https://images.gr-assets.com/books/1265121852s/6966230.jpg]]></small_image_url>
<image_url><![CDATA[https://images.gr-assets.com/books/1265121852m/6966230.jpg]]></image_url>
<num_pages>372</num_pages>
<work>
<id>7204690</id>
</work>
<isbn>0061765791</isbn>
<isbn13>9780061765797</isbn13>
<average_rating>4.03</average_rating>
<ratings_count>2737</ratings_count>
<publication_year></publication_year>
<publication_month></publication_month>
<publication_day></publication_day>
<authors>
<author>
<id>402788</id>
<name>Toni Blake</name>
<link><![CDATA[https://www.goodreads.com/author/show/402788.Toni_Blake]]></link>
</author>
</authors>
</book>

          <book>
<id>11130658</id>
<title><![CDATA[Heartstrings and Diamond Rings (Playboys, #4)]]></title>
<title_without_series><![CDATA[Heartstrings and Diamond Rings]]></title_without_series>
<link><![CDATA[https://www.goodreads.com/book/show/11130658-heartstrings-and-diamond-rings]]></link>
<small_image_url><![CDATA[https://images.gr-assets.com/books/1311267138s/11130658.jpg]]></small_image_url>
<image_url><![CDATA[https://images.gr-assets.com/books/1311267138m/11130658.jpg]]></image_url>
<num_pages>448</num_pages>
<work>
<id>16053861</id>
</work>
<isbn>0446568481</isbn>
<isbn13>9780446568487</isbn13>
<average_rating>3.80</average_rating>
<ratings_count>1107</ratings_count>
<publication_year>2011</publication_year>
<publication_month>10</publication_month>
<publication_day>1</publication_day>
<authors>
<author>
<id>132509</id>
<name>Jane Graves</name>
<link><![CDATA[https://www.goodreads.com/author/show/132509.Jane_Graves]]></link>
</author>
</authors>
</book>

          <book>
<id>12929918</id>
<title><![CDATA[Somebody to Love (Gideon's Cove, #3)]]></title>
<title_without_series>Somebody to Love</title_without_series>
<link><![CDATA[https://www.goodreads.com/book/show/12929918-somebody-to-love]]></link>
<small_image_url><![CDATA[https://images.gr-assets.com/books/1328979422s/12929918.jpg]]></small_image_url>
<image_url><![CDATA[https://images.gr-assets.com/books/1328979422m/12929918.jpg]]></image_url>
<num_pages>425</num_pages>
<work>
<id>18085671</id>
</work>
<isbn>0373776586</isbn>
<isbn13>9780373776580</isbn13>
<average_rating>4.05</average_rating>
<ratings_count>10130</ratings_count>
<publication_year></publication_year>
<publication_month></publication_month>
<publication_day></publication_day>
<authors>
<author>
<id>317354</id>
<name>Kristan Higgins</name>
<link><![CDATA[https://www.goodreads.com/author/show/317354.Kristan_Higgins]]></link>
</author>
</authors>
</book>

          <book>
<id>12405416</id>
<title>Kiss Me, I&apos;m Irish</title>
<title_without_series>Kiss Me, I&apos;m Irish</title_without_series>
<link><![CDATA[https://www.goodreads.com/book/show/12405416-kiss-me-i-m-irish]]></link>
<small_image_url><![CDATA[https://images.gr-assets.com/books/1327025675s/12405416.jpg]]></small_image_url>
<image_url><![CDATA[https://images.gr-assets.com/books/1327025675m/12405416.jpg]]></image_url>
<num_pages>505</num_pages>
<work>
<id>17386947</id>
</work>
<isbn>0373776543</isbn>
<isbn13>9780373776542</isbn13>
<average_rating>3.79</average_rating>
<ratings_count>1023</ratings_count>
<publication_year>2012</publication_year>
<publication_month>2</publication_month>
<publication_day>21</publication_day>
<authors>
<author>
<id>97088</id>
<name>Roxanne St. Claire</name>
<link><![CDATA[https://www.goodreads.com/author/show/97088.Roxanne_St_Claire]]></link>
</author>
</authors>
</book>

          <book>
<id>11235783</id>
<title><![CDATA[About That Night (FBI/US Attorney, #3)]]></title>
<title_without_series>About That Night</title_without_series>
<link><![CDATA[https://www.goodreads.com/book/show/11235783-about-that-night]]></link>
<small_image_url><![CDATA[https://images.gr-assets.com/books/1342553249s/11235783.jpg]]></small_image_url>
<image_url><![CDATA[https://images.gr-assets.com/books/1342553249m/11235783.jpg]]></image_url>
<num_pages>284</num_pages>
<work>
<id>16161897</id>
</work>
<isbn>0425246957</isbn>
<isbn13>9780425246955</isbn13>
<average_rating>4.07</average_rating>
<ratings_count>19375</ratings_count>
<publication_year>2012</publication_year>
<publication_month>4</publication_month>
<publication_day>3</publication_day>
<authors>
<author>
<id>1647762</id>
<name>Julie James</name>
<link><![CDATA[https://www.goodreads.com/author/show/1647762.Julie_James]]></link>
</author>
</authors>
</book>

          <book>
<id>13494236</id>
<title><![CDATA[A Very Sinful Valentine (Addicted, #2.2)]]></title>
<title_without_series>A Very Sinful Valentine</title_without_series>
<link><![CDATA[https://www.goodreads.com/book/show/13494236-a-very-sinful-valentine]]></link>
<small_image_url><![CDATA[https://images.gr-assets.com/books/1343541957s/13494236.jpg]]></small_image_url>
<image_url><![CDATA[https://images.gr-assets.com/books/1343541957m/13494236.jpg]]></image_url>
<num_pages>30</num_pages>
<work>
<id>19035873</id>
</work>
<isbn></isbn>
<isbn13></isbn13>
<average_rating>4.06</average_rating>
<ratings_count>392</ratings_count>
<publication_year>2012</publication_year>
<publication_month>2</publication_month>
<publication_day></publication_day>
<authors>
<author>
<id>76342</id>
<name>Charlotte Featherstone</name>
<link><![CDATA[https://www.goodreads.com/author/show/76342.Charlotte_Featherstone]]></link>
</author>
</authors>
</book>

          <book>
<id>9285100</id>
<title><![CDATA[Dream Lake (Friday Harbor, #3)]]></title>
<title_without_series>Dream Lake</title_without_series>
<link><![CDATA[https://www.goodreads.com/book/show/9285100-dream-lake]]></link>
<small_image_url><![CDATA[https://images.gr-assets.com/books/1342464043s/9285100.jpg]]></small_image_url>
<image_url><![CDATA[https://images.gr-assets.com/books/1342464043m/9285100.jpg]]></image_url>
<num_pages>336</num_pages>
<work>
<id>14167526</id>
</work>
<isbn>0749953985</isbn>
<isbn13>9780749953980</isbn13>
<average_rating>3.93</average_rating>
<ratings_count>10153</ratings_count>
<publication_year>2012</publication_year>
<publication_month>8</publication_month>
<publication_day>7</publication_day>
<authors>
<author>
<id>27847</id>
<name>Lisa Kleypas</name>
<link><![CDATA[https://www.goodreads.com/author/show/27847.Lisa_Kleypas]]></link>
</author>
</authors>
</book>

          <book>
<id>12991105</id>
<title>Ride with Me</title>
<title_without_series>Ride with Me</title_without_series>
<link><![CDATA[https://www.goodreads.com/book/show/12991105-ride-with-me]]></link>
<small_image_url><![CDATA[https://images.gr-assets.com/books/1327953797s/12991105.jpg]]></small_image_url>
<image_url><![CDATA[https://images.gr-assets.com/books/1327953797m/12991105.jpg]]></image_url>
<num_pages>216</num_pages>
<work>
<id>18151138</id>
</work>
<isbn></isbn>
<isbn13></isbn13>
<average_rating>3.87</average_rating>
<ratings_count>3428</ratings_count>
<publication_year>2012</publication_year>
<publication_month>2</publication_month>
<publication_day>13</publication_day>
<authors>
<author>
<id>5308032</id>
<name>Ruthie Knox</name>
<link><![CDATA[https://www.goodreads.com/author/show/5308032.Ruthie_Knox]]></link>
</author>
</authors>
</book>

          <book>
<id>13545634</id>
<title><![CDATA[All Summer Long (Fool's Gold, #9)]]></title>
<title_without_series>All Summer Long</title_without_series>
<link><![CDATA[https://www.goodreads.com/book/show/13545634-all-summer-long]]></link>
<small_image_url><![CDATA[https://images.gr-assets.com/books/1334244169s/13545634.jpg]]></small_image_url>
<image_url><![CDATA[https://images.gr-assets.com/books/1334244169m/13545634.jpg]]></image_url>
<num_pages></num_pages>
<work>
<id>17796908</id>
</work>
<isbn>0373776942</isbn>
<isbn13>9780373776948</isbn13>
<average_rating>4.16</average_rating>
<ratings_count>9013</ratings_count>
<publication_year></publication_year>
<publication_month></publication_month>
<publication_day></publication_day>
<authors>
<author>
<id>8716</id>
<name>Susan Mallery</name>
<link><![CDATA[https://www.goodreads.com/author/show/8716.Susan_Mallery]]></link>
</author>
</authors>
</book>

          <book>
<id>11725779</id>
<title><![CDATA[Defiant (MacKinnon's Rangers, #3)]]></title>
<title_without_series>Defiant</title_without_series>
<link><![CDATA[https://www.goodreads.com/book/show/11725779-defiant]]></link>
<small_image_url><![CDATA[https://images.gr-assets.com/books/1311221817s/11725779.jpg]]></small_image_url>
<image_url><![CDATA[https://images.gr-assets.com/books/1311221817m/11725779.jpg]]></image_url>
<num_pages>364</num_pages>
<work>
<id>16104328</id>
</work>
<isbn>0425246116</isbn>
<isbn13>9780425246115</isbn13>
<average_rating>4.34</average_rating>
<ratings_count>2699</ratings_count>
<publication_year>2012</publication_year>
<publication_month>7</publication_month>
<publication_day>3</publication_day>
<authors>
<author>
<id>92650</id>
<name>Pamela Clare</name>
<link><![CDATA[https://www.goodreads.com/author/show/92650.Pamela_Clare]]></link>
</author>
</authors>
</book>

  </similar_books>
</book>

</GoodreadsResponse>