<?xml version="1.0" encoding="UTF-8"?>
<GoodreadsResponse>
  <Request>
    <authentication>true</authentication>
      <key><![CDATA[all_men_must_serve]]></key>
    <method><![CDATA[book_show]]></method>
  </Request>
  <book>
  <id>105973</id>
  <title>House of M</title>
  <isbn><![CDATA[0785117210]]></isbn>
  <isbn13><![CDATA[9780785117216]]></isbn13>
  <asin><![CDATA[]]></asin>
  <kindle_asin><![CDATA[B00AAJR06S]]></kindle_asin>
  <marketplace_id><![CDATA[A1F83G8C2ARO7P]]></marketplace_id>
  <country_code><![CDATA[GB]]></country_code>
  <image_url>https://images.gr-assets.com/books/1409502209m/105973.jpg</image_url>
  <small_image_url>https://images.gr-assets.com/books/1409502209s/105973.jpg</small_image_url>
  <publication_year></publication_year>
  <publication_month></publication_month>
  <publication_day></publication_day>
  <publisher></publisher>
  <language_code>eng</language_code>
  <is_ebook>false</is_ebook>
  <description><![CDATA[The Marvel event of the decade is here! The Avengers and the X-Men are faced with a common foe that becomes their greatest threat: Wanda Maximoff! The Scarlet Witch is out of control, and the fate of the entire world is in her hands. Will Magneto help his daughter or use her powers to his own benefit? Starring the Astonishing X-Men and the New Avengers! You know how sometimes you hear the phrase: and nothing will ever be the same again? Well, this time believe it, buster! Nothing will ever be the same again!<br /><br /><b>Collecting</b>: <i>House of M</i> 1-8 &amp; <i>Pulse</i>: <i>House of M</i> Special Edition Newspaper]]></description>
  <work>
  <id type="integer">102154</id>
  <books_count type="integer">30</books_count>
  <best_book_id type="integer">105973</best_book_id>
  <reviews_count type="integer">24756</reviews_count>
  <ratings_sum type="integer">62151</ratings_sum>
  <ratings_count type="integer">15640</ratings_count>
  <text_reviews_count type="integer">429</text_reviews_count>
  <original_publication_year type="integer">2006</original_publication_year>
  <original_publication_month type="integer">2</original_publication_month>
  <original_publication_day type="integer">1</original_publication_day>
  <original_title>House of M</original_title>
  <original_language_id type="integer" nil="true"/>
  <media_type>book</media_type>
  <rating_dist>5:5624|4:5459|3:3357|2:924|1:276|total:15640</rating_dist>
  <desc_user_id type="integer">7548830</desc_user_id>
  <default_chaptering_book_id type="integer" nil="true"/>
  <default_description_language_code nil="true"/>
</work>
  <average_rating>3.97</average_rating>
  <num_pages><![CDATA[]]></num_pages>
  <format><![CDATA[]]></format>
  <edition_information><![CDATA[First]]></edition_information>
  <ratings_count><![CDATA[14964]]></ratings_count>
  <text_reviews_count><![CDATA[381]]></text_reviews_count>
  <url><![CDATA[https://www.goodreads.com/book/show/105973.House_of_M]]></url>
  <link><![CDATA[https://www.goodreads.com/book/show/105973.House_of_M]]></link>
  <authors>
<author>
<id>12424</id>
<name>Brian Michael Bendis</name>
<role>Writer</role>
<image_url nophoto='false'>
<![CDATA[https://images.gr-assets.com/authors/1239763230p5/12424.jpg]]>
</image_url>
<small_image_url nophoto='false'>
<![CDATA[https://images.gr-assets.com/authors/1239763230p2/12424.jpg]]>
</small_image_url>
<link><![CDATA[https://www.goodreads.com/author/show/12424.Brian_Michael_Bendis]]></link>
<average_rating>3.92</average_rating>
<ratings_count>343092</ratings_count>
<text_reviews_count>19689</text_reviews_count>
</author>
<author>
<id>61314</id>
<name>Olivier Coipel</name>
<role>Penciler</role>
<image_url nophoto='true'>
<![CDATA[https://s.gr-assets.com/assets/nophoto/user/u_200x266-e183445fd1a1b5cc7075bb1cf7043306.png]]>
</image_url>
<small_image_url nophoto='true'>
<![CDATA[https://s.gr-assets.com/assets/nophoto/user/u_50x66-632230dc9882b4352d753eedf9396530.png]]>
</small_image_url>
<link><![CDATA[https://www.goodreads.com/author/show/61314.Olivier_Coipel]]></link>
<average_rating>3.92</average_rating>
<ratings_count>47482</ratings_count>
<text_reviews_count>2113</text_reviews_count>
</author>
<author>
<id>8503442</id>
<name>Tim Townsend</name>
<role>Inker</role>
<image_url nophoto='true'>
<![CDATA[https://s.gr-assets.com/assets/nophoto/user/m_200x266-d279b33f8eec0f27b7272477f09806be.png]]>
</image_url>
<small_image_url nophoto='true'>
<![CDATA[https://s.gr-assets.com/assets/nophoto/user/m_50x66-82093808bca726cb3249a493fbd3bd0f.png]]>
</small_image_url>
<link><![CDATA[https://www.goodreads.com/author/show/8503442.Tim_Townsend]]></link>
<average_rating>3.92</average_rating>
<ratings_count>37075</ratings_count>
<text_reviews_count>1610</text_reviews_count>
</author>
<author>
<id>55804</id>
<name>Rick Magyar</name>
<role>Inker</role>
<image_url nophoto='true'>
<![CDATA[https://s.gr-assets.com/assets/nophoto/user/u_200x266-e183445fd1a1b5cc7075bb1cf7043306.png]]>
</image_url>
<small_image_url nophoto='true'>
<![CDATA[https://s.gr-assets.com/assets/nophoto/user/u_50x66-632230dc9882b4352d753eedf9396530.png]]>
</small_image_url>
<link><![CDATA[https://www.goodreads.com/author/show/55804.Rick_Magyar]]></link>
<average_rating>3.93</average_rating>
<ratings_count>28173</ratings_count>
<text_reviews_count>1098</text_reviews_count>
</author>
<author>
<id>89366</id>
<name>John Dell</name>
<role>Inker</role>
<image_url nophoto='true'>
<![CDATA[https://s.gr-assets.com/assets/nophoto/user/u_200x266-e183445fd1a1b5cc7075bb1cf7043306.png]]>
</image_url>
<small_image_url nophoto='true'>
<![CDATA[https://s.gr-assets.com/assets/nophoto/user/u_50x66-632230dc9882b4352d753eedf9396530.png]]>
</small_image_url>
<link><![CDATA[https://www.goodreads.com/author/show/89366.John_Dell]]></link>
<average_rating>3.92</average_rating>
<ratings_count>33750</ratings_count>
<text_reviews_count>1124</text_reviews_count>
</author>
<author>
<id>286007</id>
<name>Scott Hanna</name>
<role>Inker</role>
<image_url nophoto='true'>
<![CDATA[https://s.gr-assets.com/assets/nophoto/user/m_200x266-d279b33f8eec0f27b7272477f09806be.png]]>
</image_url>
<small_image_url nophoto='true'>
<![CDATA[https://s.gr-assets.com/assets/nophoto/user/m_50x66-82093808bca726cb3249a493fbd3bd0f.png]]>
</small_image_url>
<link><![CDATA[https://www.goodreads.com/author/show/286007.Scott_Hanna]]></link>
<average_rating>3.96</average_rating>
<ratings_count>52564</ratings_count>
<text_reviews_count>2461</text_reviews_count>
</author>
<author>
<id>3874180</id>
<name>Frank D&apos;Armata</name>
<role>Colourist</role>
<image_url nophoto='true'>
<![CDATA[https://s.gr-assets.com/assets/nophoto/user/u_200x266-e183445fd1a1b5cc7075bb1cf7043306.png]]>
</image_url>
<small_image_url nophoto='true'>
<![CDATA[https://s.gr-assets.com/assets/nophoto/user/u_50x66-632230dc9882b4352d753eedf9396530.png]]>
</small_image_url>
<link><![CDATA[https://www.goodreads.com/author/show/3874180.Frank_D_Armata]]></link>
<average_rating>4.14</average_rating>
<ratings_count>104499</ratings_count>
<text_reviews_count>2840</text_reviews_count>
</author>
<author>
<id>92897</id>
<name>Chris Eliopoulos</name>
<role>Letterer</role>
<image_url nophoto='true'>
<![CDATA[https://s.gr-assets.com/assets/nophoto/user/u_200x266-e183445fd1a1b5cc7075bb1cf7043306.png]]>
</image_url>
<small_image_url nophoto='true'>
<![CDATA[https://s.gr-assets.com/assets/nophoto/user/u_50x66-632230dc9882b4352d753eedf9396530.png]]>
</small_image_url>
<link><![CDATA[https://www.goodreads.com/author/show/92897.Chris_Eliopoulos]]></link>
<average_rating>4.06</average_rating>
<ratings_count>106607</ratings_count>
<text_reviews_count>5910</text_reviews_count>
</author>
<author>
<id>15550777</id>
<name>James Taveras</name>
<role>Production</role>
<image_url nophoto='true'>
<![CDATA[https://s.gr-assets.com/assets/nophoto/user/u_200x266-e183445fd1a1b5cc7075bb1cf7043306.png]]>
</image_url>
<small_image_url nophoto='true'>
<![CDATA[https://s.gr-assets.com/assets/nophoto/user/u_50x66-632230dc9882b4352d753eedf9396530.png]]>
</small_image_url>
<link><![CDATA[https://www.goodreads.com/author/show/15550777.James_Taveras]]></link>
<average_rating>3.92</average_rating>
<ratings_count>17433</ratings_count>
<text_reviews_count>456</text_reviews_count>
</author>
<author>
<id>15553102</id>
<name>Omar Otieku</name>
<role>Production</role>
<image_url nophoto='true'>
<![CDATA[https://s.gr-assets.com/assets/nophoto/user/u_200x266-e183445fd1a1b5cc7075bb1cf7043306.png]]>
</image_url>
<small_image_url nophoto='true'>
<![CDATA[https://s.gr-assets.com/assets/nophoto/user/u_50x66-632230dc9882b4352d753eedf9396530.png]]>
</small_image_url>
<link><![CDATA[https://www.goodreads.com/author/show/15553102.Omar_Otieku]]></link>
<average_rating>3.94</average_rating>
<ratings_count>17174</ratings_count>
<text_reviews_count>440</text_reviews_count>
</author>
<author>
<id>15554080</id>
<name>Tom Valente</name>
<role>Production</role>
<image_url nophoto='true'>
<![CDATA[https://s.gr-assets.com/assets/nophoto/user/u_200x266-e183445fd1a1b5cc7075bb1cf7043306.png]]>
</image_url>
<small_image_url nophoto='true'>
<![CDATA[https://s.gr-assets.com/assets/nophoto/user/u_50x66-632230dc9882b4352d753eedf9396530.png]]>
</small_image_url>
<link><![CDATA[https://www.goodreads.com/author/show/15554080.Tom_Valente]]></link>
<average_rating>3.97</average_rating>
<ratings_count>14964</ratings_count>
<text_reviews_count>381</text_reviews_count>
</author>
<author>
<id>414057</id>
<name>Esad Ribic</name>
<role>Cover Artist</role>
<image_url nophoto='true'>
<![CDATA[https://s.gr-assets.com/assets/nophoto/user/u_200x266-e183445fd1a1b5cc7075bb1cf7043306.png]]>
</image_url>
<small_image_url nophoto='true'>
<![CDATA[https://s.gr-assets.com/assets/nophoto/user/u_50x66-632230dc9882b4352d753eedf9396530.png]]>
</small_image_url>
<link><![CDATA[https://www.goodreads.com/author/show/414057.Esad_Ribic]]></link>
<average_rating>4.00</average_rating>
<ratings_count>42627</ratings_count>
<text_reviews_count>2532</text_reviews_count>
</author>
</authors>

    <reviews_widget>
      <![CDATA[
        <style>
  #goodreads-widget {
    font-family: georgia, serif;
    padding: 18px 0;
    width:565px;
  }
  #goodreads-widget h1 {
    font-weight:normal;
    font-size: 16px;
    border-bottom: 1px solid #BBB596;
    margin-bottom: 0;
  }
  #goodreads-widget a {
    text-decoration: none;
    color:#660;
  }
  iframe{
    background-color: #fff;
  }
  #goodreads-widget a:hover { text-decoration: underline; }
  #goodreads-widget a:active {
    color:#660;
  }
  #gr_footer {
    width: 100%;
    border-top: 1px solid #BBB596;
    text-align: right;
  }
  #goodreads-widget .gr_branding{
    color: #382110;
    font-size: 11px;
    text-decoration: none;
    font-family: "Helvetica Neue", Helvetica, Arial, sans-serif;
  }
</style>
<div id="goodreads-widget">
  <div id="gr_header"><h1><a rel="nofollow" href="https://www.goodreads.com/book/show/105973.House_of_M">House of M Reviews</a></h1></div>
  <iframe id="the_iframe" src="https://www.goodreads.com/api/reviews_widget_iframe?did=DEVELOPER_ID&amp;format=html&amp;isbn=0785117210&amp;links=660&amp;min_rating=&amp;review_back=fff&amp;stars=000&amp;text=000" width="565" height="400" frameborder="0"></iframe>
  <div id="gr_footer">
    <a class="gr_branding" target="_blank" rel="nofollow" href="https://www.goodreads.com/book/show/105973.House_of_M?utm_medium=api&amp;utm_source=reviews_widget">Reviews from Goodreads.com</a>
  </div>
</div>

      ]]>
    </reviews_widget>
  <popular_shelves>
      <shelf name="to-read" count="1119"/>
      <shelf name="comics" count="852"/>
      <shelf name="graphic-novels" count="466"/>
      <shelf name="marvel" count="202"/>
      <shelf name="graphic-novel" count="110"/>
      <shelf name="currently-reading" count="96"/>
      <shelf name="comic-books" count="82"/>
      <shelf name="favorites" count="74"/>
      <shelf name="comics-graphic-novels" count="74"/>
      <shelf name="superheroes" count="67"/>
      <shelf name="marvel-comics" count="66"/>
      <shelf name="comic" count="61"/>
      <shelf name="x-men" count="57"/>
      <shelf name="fiction" count="57"/>
      <shelf name="owned" count="52"/>
      <shelf name="graphic-novels-comics" count="37"/>
      <shelf name="superhero" count="37"/>
      <shelf name="comics-and-graphic-novels" count="26"/>
      <shelf name="comics-read" count="23"/>
      <shelf name="books-i-own" count="22"/>
      <shelf name="fantasy" count="21"/>
      <shelf name="avengers" count="16"/>
      <shelf name="science-fiction" count="16"/>
      <shelf name="default" count="15"/>
      <shelf name="read-comics" count="13"/>
      <shelf name="to-buy" count="12"/>
      <shelf name="comic-book" count="12"/>
      <shelf name="read-in-2015" count="11"/>
      <shelf name="house-of-m" count="11"/>
      <shelf name="library" count="11"/>
      <shelf name="super-heroes" count="10"/>
      <shelf name="comics-to-read" count="10"/>
      <shelf name="sci-fi" count="10"/>
      <shelf name="borrowed" count="10"/>
      <shelf name="graphic" count="10"/>
      <shelf name="graphic-novels-and-comics" count="10"/>
      <shelf name="digital" count="9"/>
      <shelf name="marvel-events" count="9"/>
      <shelf name="favourites" count="9"/>
      <shelf name="superhero-comics" count="9"/>
      <shelf name="comics-marvel" count="9"/>
      <shelf name="sequential-art" count="8"/>
      <shelf name="comix" count="8"/>
      <shelf name="graphic-novels-to-read" count="8"/>
      <shelf name="owned-books" count="7"/>
      <shelf name="graphic-novels-read" count="7"/>
      <shelf name="super-hero" count="7"/>
      <shelf name="magic" count="6"/>
      <shelf name="read-in-2014" count="6"/>
      <shelf name="comics-i-own" count="6"/>
      <shelf name="to-read-comics" count="6"/>
      <shelf name="brian-michael-bendis" count="6"/>
      <shelf name="comics-manga" count="6"/>
      <shelf name="kindle" count="5"/>
      <shelf name="marvel-unlimited" count="5"/>
      <shelf name="my-books" count="5"/>
      <shelf name="american" count="5"/>
      <shelf name="bd" count="5"/>
      <shelf name="ebooks" count="5"/>
      <shelf name="alternate-history" count="5"/>
      <shelf name="library-books" count="5"/>
      <shelf name="marvel-universe" count="5"/>
      <shelf name="series" count="5"/>
      <shelf name="superheros" count="5"/>
      <shelf name="comics-graphicnovels" count="5"/>
      <shelf name="read-2016" count="4"/>
      <shelf name="read-in-2016" count="4"/>
      <shelf name="2015-reads" count="4"/>
      <shelf name="4-stars" count="4"/>
      <shelf name="drama" count="4"/>
      <shelf name="çizgi-roman" count="4"/>
      <shelf name="to-read-graphic-novels" count="4"/>
      <shelf name="comic-books-graphic-novels" count="4"/>
      <shelf name="re-read" count="4"/>
      <shelf name="read-graphic-novels" count="4"/>
      <shelf name="dystopia" count="4"/>
      <shelf name="2000s" count="4"/>
      <shelf name="e-book" count="4"/>
      <shelf name="action" count="4"/>
      <shelf name="comicbooks" count="4"/>
      <shelf name="bendis" count="4"/>
      <shelf name="xmen" count="4"/>
      <shelf name="graphic-novels-manga" count="4"/>
      <shelf name="graphicnovels" count="4"/>
      <shelf name="read-in-2017" count="3"/>
      <shelf name="wish-list" count="3"/>
      <shelf name="comic-books-read" count="3"/>
      <shelf name="hq" count="3"/>
      <shelf name="read-in-english" count="3"/>
      <shelf name="favorite-comics" count="3"/>
      <shelf name="ebook" count="3"/>
      <shelf name="superpowers" count="3"/>
      <shelf name="read-2015" count="3"/>
      <shelf name="owned-comics" count="3"/>
      <shelf name="young-adult" count="3"/>
      <shelf name="english" count="3"/>
      <shelf name="five-star" count="3"/>
      <shelf name="quadrinhos" count="3"/>
      <shelf name="2014-reads" count="3"/>
      <shelf name="fantasy-scifi" count="3"/>
  </popular_shelves>
  <book_links>
    <book_link>
  <id>8</id>
  <name>Libraries</name>
  <link>https://www.goodreads.com/book_link/follow/8</link>
</book_link>

  </book_links>
  <buy_links>
    <buy_link>
<id>1</id>
<name>Amazon</name>
<link>https://www.goodreads.com/book_link/follow/1</link>
</buy_link>
<buy_link>
<id>10</id>
<name>Audible</name>
<link>https://www.goodreads.com/book_link/follow/10</link>
</buy_link>
<buy_link>
<id>3</id>
<name>Barnes &amp; Noble</name>
<link>https://www.goodreads.com/book_link/follow/3</link>
</buy_link>
<buy_link>
<id>1027</id>
<name>Kobo</name>
<link>https://www.goodreads.com/book_link/follow/1027</link>
</buy_link>
<buy_link>
<id>2102</id>
<name>Apple iBooks</name>
<link>https://www.goodreads.com/book_link/follow/2102</link>
</buy_link>
<buy_link>
<id>8036</id>
<name>Google Play</name>
<link>https://www.goodreads.com/book_link/follow/8036</link>
</buy_link>
<buy_link>
<id>4</id>
<name>Abebooks</name>
<link>https://www.goodreads.com/book_link/follow/4</link>
</buy_link>
<buy_link>
<id>882</id>
<name>Book Depository</name>
<link>https://www.goodreads.com/book_link/follow/882</link>
</buy_link>
<buy_link>
<id>9</id>
<name>Indigo</name>
<link>https://www.goodreads.com/book_link/follow/9</link>
</buy_link>
<buy_link>
<id>2</id>
<name>Half.com</name>
<link>https://www.goodreads.com/book_link/follow/2</link>
</buy_link>
<buy_link>
<id>5</id>
<name>Alibris</name>
<link>https://www.goodreads.com/book_link/follow/5</link>
</buy_link>
<buy_link>
<id>107</id>
<name>Better World Books</name>
<link>https://www.goodreads.com/book_link/follow/107</link>
</buy_link>
<buy_link>
<id>7</id>
<name>IndieBound</name>
<link>https://www.goodreads.com/book_link/follow/7</link>
</buy_link>

  </buy_links>
  <series_works>
    <series_work>
<id>813167</id>
<user_position></user_position>
<series>
<id>160962</id>
<title>
<![CDATA[
    House Of M
]]>
</title>
<description>
<![CDATA[
]]>
</description>
<note>
<![CDATA[
]]>
</note>
<series_works_count>16</series_works_count>
<primary_work_count>16</primary_work_count>
<numbered>true</numbered>
</series>

</series_work>
<series_work>
<id>382103</id>
<user_position>0</user_position>
<series>
<id>80543</id>
<title>
<![CDATA[
    Decimation
]]>
</title>
<description>
<![CDATA[
]]>
</description>
<note>
<![CDATA[
]]>
</note>
<series_works_count>6</series_works_count>
<primary_work_count>5</primary_work_count>
<numbered>true</numbered>
</series>

</series_work>
<series_work>
<id>871123</id>
<user_position>33</user_position>
<series>
<id>171983</id>
<title>
<![CDATA[
    Marvel Universe Events
]]>
</title>
<description>
<![CDATA[
    The defining moments of Marvel's history!
    
    Throughout its history of its publication, Marvel Comics has produced many crossover stories combining characters from different series of comics. The following is a list of events in the Marvel Universe. An event which is defined as book where the main story starts and ends in a core limited series and side stories run in multiple books.
    
    Events are placed in chronological order and are based on the following list from Wikipedia: https://en.wikipedia.org/wiki/Publication_history_of_Marvel_Comics_crossover_events
    
    Side stories and limited series are not included in this list. Only the collected editions containing a main event series are included.
]]>
</description>
<note>
<![CDATA[
]]>
</note>
<series_works_count>103</series_works_count>
<primary_work_count>68</primary_work_count>
<numbered>true</numbered>
</series>

</series_work>
<series_work>
<id>945460</id>
<user_position></user_position>
<series>
<id>185554</id>
<title>
<![CDATA[
    Avengers, by Brian Michael Bendis
]]>
</title>
<description>
<![CDATA[
]]>
</description>
<note>
<![CDATA[
    Am working on ordering into reading order.
]]>
</note>
<series_works_count>41</series_works_count>
<primary_work_count>41</primary_work_count>
<numbered>true</numbered>
</series>

</series_work>

  </series_works>
  <similar_books>
          <book>
<id>2350837</id>
<title>X-Men: Messiah CompleX</title>
<title_without_series>X-Men: Messiah CompleX</title_without_series>
<link><![CDATA[https://www.goodreads.com/book/show/2350837.X_Men]]></link>
<small_image_url><![CDATA[https://images.gr-assets.com/books/1472487787s/2350837.jpg]]></small_image_url>
<image_url><![CDATA[https://images.gr-assets.com/books/1472487787m/2350837.jpg]]></image_url>
<num_pages>352</num_pages>
<work>
<id>2357548</id>
</work>
<isbn>0785128999</isbn>
<isbn13>9780785128991</isbn13>
<average_rating>4.06</average_rating>
<ratings_count>6487</ratings_count>
<publication_year>2008</publication_year>
<publication_month>5</publication_month>
<publication_day>14</publication_day>
<authors>
<author>
<id>37450</id>
<name>Ed Brubaker</name>
<link><![CDATA[https://www.goodreads.com/author/show/37450.Ed_Brubaker]]></link>
</author>
</authors>
</book>

          <book>
<id>8651048</id>
<title>X-Men: Second Coming</title>
<title_without_series>X-Men: Second Coming</title_without_series>
<link><![CDATA[https://www.goodreads.com/book/show/8651048-x-men]]></link>
<small_image_url><![CDATA[https://images.gr-assets.com/books/1409504479s/8651048.jpg]]></small_image_url>
<image_url><![CDATA[https://images.gr-assets.com/books/1409504479m/8651048.jpg]]></image_url>
<num_pages>392</num_pages>
<work>
<id>13522259</id>
</work>
<isbn>0785146784</isbn>
<isbn13>9780785146780</isbn13>
<average_rating>4.10</average_rating>
<ratings_count>4721</ratings_count>
<publication_year>2010</publication_year>
<publication_month>10</publication_month>
<publication_day>13</publication_day>
<authors>
<author>
<id>9018</id>
<name>Mike Carey</name>
<link><![CDATA[https://www.goodreads.com/author/show/9018.Mike_Carey]]></link>
</author>
</authors>
</book>

          <book>
<id>1870129</id>
<title><![CDATA[Astonishing X-Men, Volume 4: Unstoppable]]></title>
<title_without_series><![CDATA[Astonishing X-Men, Volume 4: Unstoppable]]></title_without_series>
<link><![CDATA[https://www.goodreads.com/book/show/1870129.Astonishing_X_Men_Volume_4]]></link>
<small_image_url><![CDATA[https://images.gr-assets.com/books/1295572797s/1870129.jpg]]></small_image_url>
<image_url><![CDATA[https://images.gr-assets.com/books/1295572797m/1870129.jpg]]></image_url>
<num_pages></num_pages>
<work>
<id>2956618</id>
</work>
<isbn>0785122540</isbn>
<isbn13>9780785122548</isbn13>
<average_rating>4.34</average_rating>
<ratings_count>7296</ratings_count>
<publication_year></publication_year>
<publication_month></publication_month>
<publication_day></publication_day>
<authors>
<author>
<id>18015</id>
<name>Joss Whedon</name>
<link><![CDATA[https://www.goodreads.com/author/show/18015.Joss_Whedon]]></link>
</author>
</authors>
</book>

          <book>
<id>269369</id>
<title>House of M: Spider-Man</title>
<title_without_series>House of M: Spider-Man</title_without_series>
<link><![CDATA[https://www.goodreads.com/book/show/269369.House_of_M]]></link>
<small_image_url><![CDATA[https://images.gr-assets.com/books/1379102978s/269369.jpg]]></small_image_url>
<image_url><![CDATA[https://images.gr-assets.com/books/1379102978m/269369.jpg]]></image_url>
<num_pages>120</num_pages>
<work>
<id>261125</id>
</work>
<isbn>0785117539</isbn>
<isbn13>9780785117537</isbn13>
<average_rating>3.76</average_rating>
<ratings_count>1064</ratings_count>
<publication_year>2006</publication_year>
<publication_month>3</publication_month>
<publication_day>1</publication_day>
<authors>
<author>
<id>5363</id>
<name>Mark Waid</name>
<link><![CDATA[https://www.goodreads.com/author/show/5363.Mark_Waid]]></link>
</author>
</authors>
</book>

          <book>
<id>105876</id>
<title><![CDATA[House of M: World of M, Featuring Wolverine]]></title>
<title_without_series><![CDATA[House of M: World of M, Featuring Wolverine]]></title_without_series>
<link><![CDATA[https://www.goodreads.com/book/show/105876.House_of_M]]></link>
<small_image_url><![CDATA[https://images.gr-assets.com/books/1388420744s/105876.jpg]]></small_image_url>
<image_url><![CDATA[https://images.gr-assets.com/books/1388420744m/105876.jpg]]></image_url>
<num_pages>152</num_pages>
<work>
<id>102057</id>
</work>
<isbn>0785119221</isbn>
<isbn13>9780785119227</isbn13>
<average_rating>3.79</average_rating>
<ratings_count>914</ratings_count>
<publication_year>2006</publication_year>
<publication_month>3</publication_month>
<publication_day>1</publication_day>
<authors>
<author>
<id>33530</id>
<name>Daniel Way</name>
<link><![CDATA[https://www.goodreads.com/author/show/33530.Daniel_Way]]></link>
</author>
</authors>
</book>

          <book>
<id>6373528</id>
<title>House of M: Civil War</title>
<title_without_series>House of M: Civil War</title_without_series>
<link><![CDATA[https://www.goodreads.com/book/show/6373528-house-of-m]]></link>
<small_image_url><![CDATA[https://s.gr-assets.com/assets/nophoto/book/50x75-a91bf249278a81aabab721ef782c4a74.png]]></small_image_url>
<image_url><![CDATA[https://s.gr-assets.com/assets/nophoto/book/111x148-bcc042a9c91a29c1d680899eff700a03.png]]></image_url>
<num_pages>120</num_pages>
<work>
<id>6561157</id>
</work>
<isbn>0785133801</isbn>
<isbn13>9780785133803</isbn13>
<average_rating>3.88</average_rating>
<ratings_count>358</ratings_count>
<publication_year>2009</publication_year>
<publication_month>5</publication_month>
<publication_day>13</publication_day>
<authors>
<author>
<id>467693</id>
<name>Christos Gage</name>
<link><![CDATA[https://www.goodreads.com/author/show/467693.Christos_Gage]]></link>
</author>
</authors>
</book>

          <book>
<id>751806</id>
<title>Decimation: Generation M</title>
<title_without_series>Decimation: Generation M</title_without_series>
<link><![CDATA[https://www.goodreads.com/book/show/751806.Decimation]]></link>
<small_image_url><![CDATA[https://images.gr-assets.com/books/1379100353s/751806.jpg]]></small_image_url>
<image_url><![CDATA[https://images.gr-assets.com/books/1379100353m/751806.jpg]]></image_url>
<num_pages>120</num_pages>
<work>
<id>737938</id>
</work>
<isbn>0785119582</isbn>
<isbn13>9780785119586</isbn13>
<average_rating>3.64</average_rating>
<ratings_count>393</ratings_count>
<publication_year>2006</publication_year>
<publication_month>7</publication_month>
<publication_day>12</publication_day>
<authors>
<author>
<id>12803</id>
<name>Paul Jenkins</name>
<link><![CDATA[https://www.goodreads.com/author/show/12803.Paul_Jenkins]]></link>
</author>
</authors>
</book>

          <book>
<id>10593913</id>
<title><![CDATA[Avengers: The Children's Crusade]]></title>
<title_without_series><![CDATA[Avengers: The Children's Crusade]]></title_without_series>
<link><![CDATA[https://www.goodreads.com/book/show/10593913-avengers]]></link>
<small_image_url><![CDATA[https://images.gr-assets.com/books/1392210125s/10593913.jpg]]></small_image_url>
<image_url><![CDATA[https://images.gr-assets.com/books/1392210125m/10593913.jpg]]></image_url>
<num_pages>248</num_pages>
<work>
<id>15501465</id>
</work>
<isbn>1846534852</isbn>
<isbn13>9781846534850</isbn13>
<average_rating>4.24</average_rating>
<ratings_count>4574</ratings_count>
<publication_year></publication_year>
<publication_month></publication_month>
<publication_day></publication_day>
<authors>
<author>
<id>89367</id>
<name>Allan Heinberg</name>
<link><![CDATA[https://www.goodreads.com/author/show/89367.Allan_Heinberg]]></link>
</author>
</authors>
</book>

          <book>
<id>3463792</id>
<title><![CDATA[X-Force, Volume 1: Angels And Demons]]></title>
<title_without_series><![CDATA[X-Force, Volume 1: Angels And Demons]]></title_without_series>
<link><![CDATA[https://www.goodreads.com/book/show/3463792-x-force-volume-1]]></link>
<small_image_url><![CDATA[https://images.gr-assets.com/books/1438460466s/3463792.jpg]]></small_image_url>
<image_url><![CDATA[https://images.gr-assets.com/books/1438460466m/3463792.jpg]]></image_url>
<num_pages>144</num_pages>
<work>
<id>3505077</id>
</work>
<isbn>0785129766</isbn>
<isbn13>9780785129769</isbn13>
<average_rating>4.05</average_rating>
<ratings_count>3571</ratings_count>
<publication_year>2009</publication_year>
<publication_month>1</publication_month>
<publication_day>28</publication_day>
<authors>
<author>
<id>38492</id>
<name>Craig Kyle</name>
<link><![CDATA[https://www.goodreads.com/author/show/38492.Craig_Kyle]]></link>
</author>
</authors>
</book>

          <book>
<id>10626496</id>
<title>X-Men: Schism</title>
<title_without_series>X-Men: Schism</title_without_series>
<link><![CDATA[https://www.goodreads.com/book/show/10626496-x-men]]></link>
<small_image_url><![CDATA[https://images.gr-assets.com/books/1409501621s/10626496.jpg]]></small_image_url>
<image_url><![CDATA[https://images.gr-assets.com/books/1409501621m/10626496.jpg]]></image_url>
<num_pages>224</num_pages>
<work>
<id>15534957</id>
</work>
<isbn>0785156682</isbn>
<isbn13>9780785156680</isbn13>
<average_rating>3.73</average_rating>
<ratings_count>2184</ratings_count>
<publication_year>2012</publication_year>
<publication_month>1</publication_month>
<publication_day>11</publication_day>
<authors>
<author>
<id>580494</id>
<name>Jason Aaron</name>
<link><![CDATA[https://www.goodreads.com/author/show/580494.Jason_Aaron]]></link>
</author>
</authors>
</book>

          <book>
<id>751805</id>
<title>Decimation: Son of M</title>
<title_without_series>Decimation: Son of M</title_without_series>
<link><![CDATA[https://www.goodreads.com/book/show/751805.Decimation]]></link>
<small_image_url><![CDATA[https://images.gr-assets.com/books/1409502214s/751805.jpg]]></small_image_url>
<image_url><![CDATA[https://images.gr-assets.com/books/1409502214m/751805.jpg]]></image_url>
<num_pages>144</num_pages>
<work>
<id>737937</id>
</work>
<isbn>0785119701</isbn>
<isbn13>9780785119708</isbn13>
<average_rating>3.56</average_rating>
<ratings_count>939</ratings_count>
<publication_year>2006</publication_year>
<publication_month>8</publication_month>
<publication_day>30</publication_day>
<authors>
<author>
<id>114282</id>
<name>David Hine</name>
<link><![CDATA[https://www.goodreads.com/author/show/114282.David_Hine]]></link>
</author>
</authors>
</book>

          <book>
<id>370247</id>
<title><![CDATA[X-Factor, Vol. 1: The Longest Night]]></title>
<title_without_series><![CDATA[X-Factor, Vol. 1: The Longest Night]]></title_without_series>
<link><![CDATA[https://www.goodreads.com/book/show/370247.X_Factor_Vol_1]]></link>
<small_image_url><![CDATA[https://images.gr-assets.com/books/1483135347s/370247.jpg]]></small_image_url>
<image_url><![CDATA[https://images.gr-assets.com/books/1483135347m/370247.jpg]]></image_url>
<num_pages>144</num_pages>
<work>
<id>2038939</id>
</work>
<isbn>0785118179</isbn>
<isbn13>9780785118176</isbn13>
<average_rating>4.20</average_rating>
<ratings_count>2561</ratings_count>
<publication_year>2007</publication_year>
<publication_month>3</publication_month>
<publication_day>7</publication_day>
<authors>
<author>
<id>13681</id>
<name>Peter David</name>
<link><![CDATA[https://www.goodreads.com/author/show/13681.Peter_David]]></link>
</author>
</authors>
</book>

          <book>
<id>9918278</id>
<title><![CDATA[Uncanny X-Force, Volume 2: Deathlok Nation]]></title>
<title_without_series><![CDATA[Uncanny X-Force, Volume 2: Deathlok Nation]]></title_without_series>
<link><![CDATA[https://www.goodreads.com/book/show/9918278-uncanny-x-force-volume-2]]></link>
<small_image_url><![CDATA[https://images.gr-assets.com/books/1500470306s/9918278.jpg]]></small_image_url>
<image_url><![CDATA[https://images.gr-assets.com/books/1500470306m/9918278.jpg]]></image_url>
<num_pages>112</num_pages>
<work>
<id>14810960</id>
</work>
<isbn>0785148566</isbn>
<isbn13>9780785148562</isbn13>
<average_rating>3.93</average_rating>
<ratings_count>1810</ratings_count>
<publication_year>2011</publication_year>
<publication_month>6</publication_month>
<publication_day>29</publication_day>
<authors>
<author>
<id>52980</id>
<name>Rick Remender</name>
<link><![CDATA[https://www.goodreads.com/author/show/52980.Rick_Remender]]></link>
</author>
</authors>
</book>

          <book>
<id>580541</id>
<title>X-Men: Phoenix - Endsong</title>
<title_without_series>X-Men: Phoenix - Endsong</title_without_series>
<link><![CDATA[https://www.goodreads.com/book/show/580541.X_Men]]></link>
<small_image_url><![CDATA[https://s.gr-assets.com/assets/nophoto/book/50x75-a91bf249278a81aabab721ef782c4a74.png]]></small_image_url>
<image_url><![CDATA[https://s.gr-assets.com/assets/nophoto/book/111x148-bcc042a9c91a29c1d680899eff700a03.png]]></image_url>
<num_pages>128</num_pages>
<work>
<id>3095646</id>
</work>
<isbn>0785119248</isbn>
<isbn13>9780785119241</isbn13>
<average_rating>3.85</average_rating>
<ratings_count>2928</ratings_count>
<publication_year>2006</publication_year>
<publication_month>5</publication_month>
<publication_day>31</publication_day>
<authors>
<author>
<id>89393</id>
<name>Greg Pak</name>
<link><![CDATA[https://www.goodreads.com/author/show/89393.Greg_Pak]]></link>
</author>
</authors>
</book>

          <book>
<id>211461</id>
<title><![CDATA[Civil War: The Amazing Spider-Man]]></title>
<title_without_series><![CDATA[Civil War: The Amazing Spider-Man]]></title_without_series>
<link><![CDATA[https://www.goodreads.com/book/show/211461.Civil_War]]></link>
<small_image_url><![CDATA[https://images.gr-assets.com/books/1336759301s/211461.jpg]]></small_image_url>
<image_url><![CDATA[https://images.gr-assets.com/books/1336759301m/211461.jpg]]></image_url>
<num_pages>168</num_pages>
<work>
<id>204674</id>
</work>
<isbn></isbn>
<isbn13>9780785122371</isbn13>
<average_rating>4.18</average_rating>
<ratings_count>5944</ratings_count>
<publication_year>2007</publication_year>
<publication_month>5</publication_month>
<publication_day>2</publication_day>
<authors>
<author>
<id>2689</id>
<name>J. Michael Straczynski</name>
<link><![CDATA[https://www.goodreads.com/author/show/2689.J_Michael_Straczynski]]></link>
</author>
</authors>
</book>

  </similar_books>
</book>

</GoodreadsResponse>