<?xml version="1.0" encoding="UTF-8"?>
<GoodreadsResponse>
  <Request>
    <authentication>true</authentication>
      <key><![CDATA[all_men_must_serve]]></key>
    <method><![CDATA[book_show]]></method>
  </Request>
  <book>
  <id>10600242</id>
  <title>How to Be a Woman</title>
  <isbn><![CDATA[0091940737]]></isbn>
  <isbn13><![CDATA[9780091940737]]></isbn13>
  <asin><![CDATA[]]></asin>
  <kindle_asin><![CDATA[B0052CK5PQ]]></kindle_asin>
  <marketplace_id><![CDATA[A1F83G8C2ARO7P]]></marketplace_id>
  <country_code><![CDATA[GB]]></country_code>
  <image_url>https://images.gr-assets.com/books/1405909800m/10600242.jpg</image_url>
  <small_image_url>https://images.gr-assets.com/books/1405909800s/10600242.jpg</small_image_url>
  <publication_year>2011</publication_year>
  <publication_month>6</publication_month>
  <publication_day>16</publication_day>
  <publisher>Ebury Press</publisher>
  <language_code>eng</language_code>
  <is_ebook>false</is_ebook>
  <description><![CDATA[Though they have the vote and the Pill and haven't been burned as witches since 1727, life isn't exactly a stroll down the catwalk for modern women. They are beset by uncertainties and questions: Why are they supposed to get Brazilians? Why do bras hurt? Why the incessant talk about babies? And do men secretly hate them? Caitlin Moran interweaves provocative observations on women's lives with laugh-out-loud funny scenes from her own, from adolescence to her development as a writer, wife, and mother.]]></description>
  <work>
  <id type="integer">15507935</id>
  <books_count type="integer">56</books_count>
  <best_book_id type="integer">10600242</best_book_id>
  <reviews_count type="integer">198527</reviews_count>
  <ratings_sum type="integer">295017</ratings_sum>
  <ratings_count type="integer">79099</ratings_count>
  <text_reviews_count type="integer">7368</text_reviews_count>
  <original_publication_year type="integer">2011</original_publication_year>
  <original_publication_month type="integer">6</original_publication_month>
  <original_publication_day type="integer">16</original_publication_day>
  <original_title>How to Be a Woman</original_title>
  <original_language_id type="integer" nil="true"/>
  <media_type>book</media_type>
  <rating_dist>5:22911|4:26732|3:18516|2:7046|1:3894|total:79099</rating_dist>
  <desc_user_id type="integer">7311271</desc_user_id>
  <default_chaptering_book_id type="integer">12853720</default_chaptering_book_id>
  <default_description_language_code nil="true"/>
</work>
  <average_rating>3.73</average_rating>
  <num_pages><![CDATA[312]]></num_pages>
  <format><![CDATA[Paperback]]></format>
  <edition_information><![CDATA[]]></edition_information>
  <ratings_count><![CDATA[70505]]></ratings_count>
  <text_reviews_count><![CDATA[6366]]></text_reviews_count>
  <url><![CDATA[https://www.goodreads.com/book/show/10600242-how-to-be-a-woman]]></url>
  <link><![CDATA[https://www.goodreads.com/book/show/10600242-how-to-be-a-woman]]></link>
  <authors>
<author>
<id>939363</id>
<name>Caitlin Moran</name>
<role></role>
<image_url nophoto='false'>
<![CDATA[https://images.gr-assets.com/authors/1340897771p5/939363.jpg]]>
</image_url>
<small_image_url nophoto='false'>
<![CDATA[https://images.gr-assets.com/authors/1340897771p2/939363.jpg]]>
</small_image_url>
<link><![CDATA[https://www.goodreads.com/author/show/939363.Caitlin_Moran]]></link>
<average_rating>3.73</average_rating>
<ratings_count>111811</ratings_count>
<text_reviews_count>11186</text_reviews_count>
</author>
</authors>

    <reviews_widget>
      <![CDATA[
        <style>
  #goodreads-widget {
    font-family: georgia, serif;
    padding: 18px 0;
    width:565px;
  }
  #goodreads-widget h1 {
    font-weight:normal;
    font-size: 16px;
    border-bottom: 1px solid #BBB596;
    margin-bottom: 0;
  }
  #goodreads-widget a {
    text-decoration: none;
    color:#660;
  }
  iframe{
    background-color: #fff;
  }
  #goodreads-widget a:hover { text-decoration: underline; }
  #goodreads-widget a:active {
    color:#660;
  }
  #gr_footer {
    width: 100%;
    border-top: 1px solid #BBB596;
    text-align: right;
  }
  #goodreads-widget .gr_branding{
    color: #382110;
    font-size: 11px;
    text-decoration: none;
    font-family: "Helvetica Neue", Helvetica, Arial, sans-serif;
  }
</style>
<div id="goodreads-widget">
  <div id="gr_header"><h1><a rel="nofollow" href="https://www.goodreads.com/book/show/10600242-how-to-be-a-woman">How to Be a Woman Reviews</a></h1></div>
  <iframe id="the_iframe" src="https://www.goodreads.com/api/reviews_widget_iframe?did=DEVELOPER_ID&amp;format=html&amp;isbn=0091940737&amp;links=660&amp;min_rating=&amp;review_back=fff&amp;stars=000&amp;text=000" width="565" height="400" frameborder="0"></iframe>
  <div id="gr_footer">
    <a class="gr_branding" target="_blank" rel="nofollow" href="https://www.goodreads.com/book/show/10600242-how-to-be-a-woman?utm_medium=api&amp;utm_source=reviews_widget">Reviews from Goodreads.com</a>
  </div>
</div>

      ]]>
    </reviews_widget>
  <popular_shelves>
      <shelf name="to-read" count="12173"/>
      <shelf name="non-fiction" count="2575"/>
      <shelf name="feminism" count="1498"/>
      <shelf name="currently-reading" count="1332"/>
      <shelf name="memoir" count="849"/>
      <shelf name="nonfiction" count="784"/>
      <shelf name="favorites" count="640"/>
      <shelf name="humor" count="606"/>
      <shelf name="biography" count="419"/>
      <shelf name="our-shared-shelf" count="294"/>
      <shelf name="book-club" count="277"/>
      <shelf name="memoirs" count="275"/>
      <shelf name="humour" count="264"/>
      <shelf name="books-i-own" count="261"/>
      <shelf name="feminist" count="211"/>
      <shelf name="kindle" count="196"/>
      <shelf name="owned" count="170"/>
      <shelf name="women" count="163"/>
      <shelf name="autobiography" count="149"/>
      <shelf name="funny" count="147"/>
      <shelf name="audiobooks" count="145"/>
      <shelf name="essays" count="127"/>
      <shelf name="audiobook" count="125"/>
      <shelf name="biography-memoir" count="119"/>
      <shelf name="to-buy" count="115"/>
      <shelf name="library" count="112"/>
      <shelf name="adult" count="109"/>
      <shelf name="favourites" count="109"/>
      <shelf name="comedy" count="106"/>
      <shelf name="abandoned" count="98"/>
      <shelf name="ebook" count="89"/>
      <shelf name="read-in-2016" count="86"/>
      <shelf name="read-in-2015" count="82"/>
      <shelf name="read-in-2013" count="78"/>
      <shelf name="british" count="78"/>
      <shelf name="biographies" count="78"/>
      <shelf name="read-in-2012" count="77"/>
      <shelf name="did-not-finish" count="70"/>
      <shelf name="audio" count="69"/>
      <shelf name="contemporary" count="66"/>
      <shelf name="read-in-2014" count="63"/>
      <shelf name="owned-books" count="63"/>
      <shelf name="memoir-biography" count="60"/>
      <shelf name="gender" count="59"/>
      <shelf name="english" count="58"/>
      <shelf name="feminismo" count="52"/>
      <shelf name="didn-t-finish" count="52"/>
      <shelf name="read-2013" count="50"/>
      <shelf name="ebooks" count="50"/>
      <shelf name="bookclub" count="48"/>
      <shelf name="wish-list" count="48"/>
      <shelf name="unfinished" count="46"/>
      <shelf name="england" count="46"/>
      <shelf name="girl-power" count="44"/>
      <shelf name="chick-lit" count="44"/>
      <shelf name="female-author" count="41"/>
      <shelf name="read-2016" count="40"/>
      <shelf name="audio-books" count="39"/>
      <shelf name="gender-studies" count="39"/>
      <shelf name="read-2012" count="39"/>
      <shelf name="non-fic" count="37"/>
      <shelf name="female-authors" count="36"/>
      <shelf name="dnf" count="36"/>
      <shelf name="read-2015" count="35"/>
      <shelf name="read-2014" count="35"/>
      <shelf name="biographical" count="34"/>
      <shelf name="bio-memoir" count="34"/>
      <shelf name="politics" count="32"/>
      <shelf name="read-in-2017" count="31"/>
      <shelf name="library-books" count="31"/>
      <shelf name="bio" count="31"/>
      <shelf name="e-book" count="30"/>
      <shelf name="audible" count="30"/>
      <shelf name="gave-up" count="30"/>
      <shelf name="feminist-book-club" count="29"/>
      <shelf name="women-s-studies" count="29"/>
      <shelf name="audio-book" count="28"/>
      <shelf name="couldn-t-finish" count="28"/>
      <shelf name="autobiography-memoir" count="28"/>
      <shelf name="feminist-books" count="28"/>
      <shelf name="to-read-nonfiction" count="28"/>
      <shelf name="my-books" count="28"/>
      <shelf name="gave-up-on" count="27"/>
      <shelf name="women-authors" count="27"/>
      <shelf name="2016-reads" count="26"/>
      <shelf name="to-read-non-fiction" count="26"/>
      <shelf name="coming-of-age" count="26"/>
      <shelf name="women-writers" count="26"/>
      <shelf name="i-own" count="26"/>
      <shelf name="e-books" count="26"/>
      <shelf name="21st-century" count="26"/>
      <shelf name="default" count="25"/>
      <shelf name="memoirs-biographies" count="25"/>
      <shelf name="adult-non-fiction" count="24"/>
      <shelf name="on-hold" count="23"/>
      <shelf name="self-help" count="23"/>
      <shelf name="fiction" count="23"/>
      <shelf name="oursharedshelf" count="22"/>
      <shelf name="2013-reads" count="22"/>
      <shelf name="recommended" count="22"/>
  </popular_shelves>
  <book_links>
    <book_link>
  <id>8</id>
  <name>Libraries</name>
  <link>https://www.goodreads.com/book_link/follow/8</link>
</book_link>

  </book_links>
  <buy_links>
    <buy_link>
<id>1</id>
<name>Amazon</name>
<link>https://www.goodreads.com/book_link/follow/1</link>
</buy_link>
<buy_link>
<id>10</id>
<name>Audible</name>
<link>https://www.goodreads.com/book_link/follow/10</link>
</buy_link>
<buy_link>
<id>3</id>
<name>Barnes &amp; Noble</name>
<link>https://www.goodreads.com/book_link/follow/3</link>
</buy_link>
<buy_link>
<id>1027</id>
<name>Kobo</name>
<link>https://www.goodreads.com/book_link/follow/1027</link>
</buy_link>
<buy_link>
<id>2102</id>
<name>Apple iBooks</name>
<link>https://www.goodreads.com/book_link/follow/2102</link>
</buy_link>
<buy_link>
<id>8036</id>
<name>Google Play</name>
<link>https://www.goodreads.com/book_link/follow/8036</link>
</buy_link>
<buy_link>
<id>4</id>
<name>Abebooks</name>
<link>https://www.goodreads.com/book_link/follow/4</link>
</buy_link>
<buy_link>
<id>882</id>
<name>Book Depository</name>
<link>https://www.goodreads.com/book_link/follow/882</link>
</buy_link>
<buy_link>
<id>9</id>
<name>Indigo</name>
<link>https://www.goodreads.com/book_link/follow/9</link>
</buy_link>
<buy_link>
<id>2</id>
<name>Half.com</name>
<link>https://www.goodreads.com/book_link/follow/2</link>
</buy_link>
<buy_link>
<id>5</id>
<name>Alibris</name>
<link>https://www.goodreads.com/book_link/follow/5</link>
</buy_link>
<buy_link>
<id>107</id>
<name>Better World Books</name>
<link>https://www.goodreads.com/book_link/follow/107</link>
</buy_link>
<buy_link>
<id>7</id>
<name>IndieBound</name>
<link>https://www.goodreads.com/book_link/follow/7</link>
</buy_link>

  </buy_links>
  <series_works>
    
  </series_works>
  <similar_books>
          <book>
<id>1426241</id>
<title><![CDATA[How's Your Drink?: Cocktails, Culture, and the Art of Drinking Well]]></title>
<title_without_series><![CDATA[How's Your Drink?: Cocktails, Culture, and the Art of Drinking Well]]></title_without_series>
<link><![CDATA[https://www.goodreads.com/book/show/1426241.How_s_Your_Drink_]]></link>
<small_image_url><![CDATA[https://images.gr-assets.com/books/1328748077s/1426241.jpg]]></small_image_url>
<image_url><![CDATA[https://images.gr-assets.com/books/1328748077m/1426241.jpg]]></image_url>
<num_pages>200</num_pages>
<work>
<id>1416707</id>
</work>
<isbn>1572840897</isbn>
<isbn13>9781572840898</isbn13>
<average_rating>3.74</average_rating>
<ratings_count>490</ratings_count>
<publication_year>2007</publication_year>
<publication_month>10</publication_month>
<publication_day>28</publication_day>
<authors>
<author>
<id>671456</id>
<name>Eric Felten</name>
<link><![CDATA[https://www.goodreads.com/author/show/671456.Eric_Felten]]></link>
</author>
</authors>
</book>

          <book>
<id>217207</id>
<title>Dear Diary</title>
<title_without_series>Dear Diary</title_without_series>
<link><![CDATA[https://www.goodreads.com/book/show/217207.Dear_Diary]]></link>
<small_image_url><![CDATA[https://s.gr-assets.com/assets/nophoto/book/50x75-a91bf249278a81aabab721ef782c4a74.png]]></small_image_url>
<image_url><![CDATA[https://s.gr-assets.com/assets/nophoto/book/111x148-bcc042a9c91a29c1d680899eff700a03.png]]></image_url>
<num_pages></num_pages>
<work>
<id>210292</id>
</work>
<isbn>1576873838</isbn>
<isbn13>9781576873830</isbn13>
<average_rating>3.38</average_rating>
<ratings_count>1851</ratings_count>
<publication_year></publication_year>
<publication_month></publication_month>
<publication_day></publication_day>
<authors>
<author>
<id>127301</id>
<name>Lesley Arfin</name>
<link><![CDATA[https://www.goodreads.com/author/show/127301.Lesley_Arfin]]></link>
</author>
</authors>
</book>

          <book>
<id>11737010</id>
<title>Alien vs. Predator</title>
<title_without_series>Alien vs. Predator</title_without_series>
<link><![CDATA[https://www.goodreads.com/book/show/11737010-alien-vs-predator]]></link>
<small_image_url><![CDATA[https://images.gr-assets.com/books/1336000197s/11737010.jpg]]></small_image_url>
<image_url><![CDATA[https://images.gr-assets.com/books/1336000197m/11737010.jpg]]></image_url>
<num_pages>88</num_pages>
<work>
<id>16686193</id>
</work>
<isbn>0143120352</isbn>
<isbn13>9780143120353</isbn13>
<average_rating>3.50</average_rating>
<ratings_count>993</ratings_count>
<publication_year>2012</publication_year>
<publication_month>3</publication_month>
<publication_day>27</publication_day>
<authors>
<author>
<id>4953499</id>
<name>Michael  Robbins</name>
<link><![CDATA[https://www.goodreads.com/author/show/4953499.Michael_Robbins]]></link>
</author>
</authors>
</book>

          <book>
<id>6378897</id>
<title><![CDATA[Living Dolls: The Return of Sexism]]></title>
<title_without_series><![CDATA[Living Dolls: The Return of Sexism]]></title_without_series>
<link><![CDATA[https://www.goodreads.com/book/show/6378897-living-dolls]]></link>
<small_image_url><![CDATA[https://images.gr-assets.com/books/1415589903s/6378897.jpg]]></small_image_url>
<image_url><![CDATA[https://images.gr-assets.com/books/1415589903m/6378897.jpg]]></image_url>
<num_pages>273</num_pages>
<work>
<id>6566695</id>
</work>
<isbn>1844084841</isbn>
<isbn13>9781844084845</isbn13>
<average_rating>3.87</average_rating>
<ratings_count>1952</ratings_count>
<publication_year>2008</publication_year>
<publication_month>6</publication_month>
<publication_day>1</publication_day>
<authors>
<author>
<id>2890812</id>
<name>Natasha Walter</name>
<link><![CDATA[https://www.goodreads.com/author/show/2890812.Natasha_Walter]]></link>
</author>
</authors>
</book>

          <book>
<id>129228</id>
<title>My Misspent Youth: Essays</title>
<title_without_series>My Misspent Youth: Essays</title_without_series>
<link><![CDATA[https://www.goodreads.com/book/show/129228.My_Misspent_Youth]]></link>
<small_image_url><![CDATA[https://s.gr-assets.com/assets/nophoto/book/50x75-a91bf249278a81aabab721ef782c4a74.png]]></small_image_url>
<image_url><![CDATA[https://s.gr-assets.com/assets/nophoto/book/111x148-bcc042a9c91a29c1d680899eff700a03.png]]></image_url>
<num_pages>200</num_pages>
<work>
<id>124462</id>
</work>
<isbn>1890447269</isbn>
<isbn13>9781890447267</isbn13>
<average_rating>3.54</average_rating>
<ratings_count>1888</ratings_count>
<publication_year>2001</publication_year>
<publication_month>3</publication_month>
<publication_day>2</publication_day>
<authors>
<author>
<id>74253</id>
<name>Meghan Daum</name>
<link><![CDATA[https://www.goodreads.com/author/show/74253.Meghan_Daum]]></link>
</author>
</authors>
</book>

          <book>
<id>105778</id>
<title>What She Saw...</title>
<title_without_series>What She Saw...</title_without_series>
<link><![CDATA[https://www.goodreads.com/book/show/105778.What_She_Saw_]]></link>
<small_image_url><![CDATA[https://images.gr-assets.com/books/1320548416s/105778.jpg]]></small_image_url>
<image_url><![CDATA[https://images.gr-assets.com/books/1320548416m/105778.jpg]]></image_url>
<num_pages>304</num_pages>
<work>
<id>344098</id>
</work>
<isbn>0385498233</isbn>
<isbn13>9780385498234</isbn13>
<average_rating>3.12</average_rating>
<ratings_count>1272</ratings_count>
<publication_year>2001</publication_year>
<publication_month>9</publication_month>
<publication_day>4</publication_day>
<authors>
<author>
<id>61259</id>
<name>Lucinda Rosenfeld</name>
<link><![CDATA[https://www.goodreads.com/author/show/61259.Lucinda_Rosenfeld]]></link>
</author>
</authors>
</book>

          <book>
<id>208063</id>
<title>Quicksand and Passing</title>
<title_without_series>Quicksand and Passing</title_without_series>
<link><![CDATA[https://www.goodreads.com/book/show/208063.Quicksand_and_Passing]]></link>
<small_image_url><![CDATA[https://images.gr-assets.com/books/1421140088s/208063.jpg]]></small_image_url>
<image_url><![CDATA[https://images.gr-assets.com/books/1421140088m/208063.jpg]]></image_url>
<num_pages>246</num_pages>
<work>
<id>201386</id>
</work>
<isbn>0813511704</isbn>
<isbn13>9780813511702</isbn13>
<average_rating>3.90</average_rating>
<ratings_count>3274</ratings_count>
<publication_year>1986</publication_year>
<publication_month>4</publication_month>
<publication_day>1</publication_day>
<authors>
<author>
<id>7894</id>
<name>Nella Larsen</name>
<link><![CDATA[https://www.goodreads.com/author/show/7894.Nella_Larsen]]></link>
</author>
</authors>
</book>

          <book>
<id>503150</id>
<title>Letters to a Young Contrarian</title>
<title_without_series>Letters to a Young Contrarian</title_without_series>
<link><![CDATA[https://www.goodreads.com/book/show/503150.Letters_to_a_Young_Contrarian]]></link>
<small_image_url><![CDATA[https://images.gr-assets.com/books/1327870079s/503150.jpg]]></small_image_url>
<image_url><![CDATA[https://images.gr-assets.com/books/1327870079m/503150.jpg]]></image_url>
<num_pages>141</num_pages>
<work>
<id>42824</id>
</work>
<isbn>0465030335</isbn>
<isbn13>9780465030330</isbn13>
<average_rating>4.14</average_rating>
<ratings_count>7229</ratings_count>
<publication_year>2005</publication_year>
<publication_month>4</publication_month>
<publication_day>13</publication_day>
<authors>
<author>
<id>3956</id>
<name>Christopher Hitchens</name>
<link><![CDATA[https://www.goodreads.com/author/show/3956.Christopher_Hitchens]]></link>
</author>
</authors>
</book>

          <book>
<id>50680</id>
<title>The Collected Poems</title>
<title_without_series>The Collected Poems</title_without_series>
<link><![CDATA[https://www.goodreads.com/book/show/50680.The_Collected_Poems]]></link>
<small_image_url><![CDATA[https://s.gr-assets.com/assets/nophoto/book/50x75-a91bf249278a81aabab721ef782c4a74.png]]></small_image_url>
<image_url><![CDATA[https://s.gr-assets.com/assets/nophoto/book/111x148-bcc042a9c91a29c1d680899eff700a03.png]]></image_url>
<num_pages></num_pages>
<work>
<id>49494</id>
</work>
<isbn>0393319725</isbn>
<isbn13>9780393319729</isbn13>
<average_rating>4.35</average_rating>
<ratings_count>1944</ratings_count>
<publication_year></publication_year>
<publication_month></publication_month>
<publication_day></publication_day>
<authors>
<author>
<id>18486</id>
<name>Audre Lorde</name>
<link><![CDATA[https://www.goodreads.com/author/show/18486.Audre_Lorde]]></link>
</author>
</authors>
</book>

          <book>
<id>150354</id>
<title>The Collected Poems</title>
<title_without_series>The Collected Poems</title_without_series>
<link><![CDATA[https://www.goodreads.com/book/show/150354.The_Collected_Poems]]></link>
<small_image_url><![CDATA[https://images.gr-assets.com/books/1320392685s/150354.jpg]]></small_image_url>
<image_url><![CDATA[https://images.gr-assets.com/books/1320392685m/150354.jpg]]></image_url>
<num_pages>784</num_pages>
<work>
<id>145117</id>
</work>
<isbn>1400044995</isbn>
<isbn13>9781400044993</isbn13>
<average_rating>3.98</average_rating>
<ratings_count>778</ratings_count>
<publication_year>2005</publication_year>
<publication_month>11</publication_month>
<publication_day>1</publication_day>
<authors>
<author>
<id>71439</id>
<name>Kenneth Koch</name>
<link><![CDATA[https://www.goodreads.com/author/show/71439.Kenneth_Koch]]></link>
</author>
</authors>
</book>

          <book>
<id>210783</id>
<title>Up in the Old Hotel</title>
<title_without_series>Up in the Old Hotel</title_without_series>
<link><![CDATA[https://www.goodreads.com/book/show/210783.Up_in_the_Old_Hotel]]></link>
<small_image_url><![CDATA[https://s.gr-assets.com/assets/nophoto/book/50x75-a91bf249278a81aabab721ef782c4a74.png]]></small_image_url>
<image_url><![CDATA[https://s.gr-assets.com/assets/nophoto/book/111x148-bcc042a9c91a29c1d680899eff700a03.png]]></image_url>
<num_pages>716</num_pages>
<work>
<id>1135707</id>
</work>
<isbn>0679746315</isbn>
<isbn13>9780679746317</isbn13>
<average_rating>4.34</average_rating>
<ratings_count>2792</ratings_count>
<publication_year>1993</publication_year>
<publication_month>6</publication_month>
<publication_day>1</publication_day>
<authors>
<author>
<id>123376</id>
<name>Joseph Mitchell</name>
<link><![CDATA[https://www.goodreads.com/author/show/123376.Joseph_Mitchell]]></link>
</author>
</authors>
</book>

          <book>
<id>213746</id>
<title><![CDATA[The Meaning of Wife: A Provocative Look at Women and Marriage in the Twenty-First Century]]></title>
<title_without_series><![CDATA[The Meaning of Wife: A Provocative Look at Women and Marriage in the Twenty-First Century]]></title_without_series>
<link><![CDATA[https://www.goodreads.com/book/show/213746.The_Meaning_of_Wife]]></link>
<small_image_url><![CDATA[https://s.gr-assets.com/assets/nophoto/book/50x75-a91bf249278a81aabab721ef782c4a74.png]]></small_image_url>
<image_url><![CDATA[https://s.gr-assets.com/assets/nophoto/book/111x148-bcc042a9c91a29c1d680899eff700a03.png]]></image_url>
<num_pages></num_pages>
<work>
<id>1311519</id>
</work>
<isbn>0312425007</isbn>
<isbn13>9780312425005</isbn13>
<average_rating>3.65</average_rating>
<ratings_count>942</ratings_count>
<publication_year></publication_year>
<publication_month></publication_month>
<publication_day></publication_day>
<authors>
<author>
<id>125365</id>
<name>Anne Kingston</name>
<link><![CDATA[https://www.goodreads.com/author/show/125365.Anne_Kingston]]></link>
</author>
</authors>
</book>

          <book>
<id>160653</id>
<title>Actual Air</title>
<title_without_series>Actual Air</title_without_series>
<link><![CDATA[https://www.goodreads.com/book/show/160653.Actual_Air]]></link>
<small_image_url><![CDATA[https://s.gr-assets.com/assets/nophoto/book/50x75-a91bf249278a81aabab721ef782c4a74.png]]></small_image_url>
<image_url><![CDATA[https://s.gr-assets.com/assets/nophoto/book/111x148-bcc042a9c91a29c1d680899eff700a03.png]]></image_url>
<num_pages>106</num_pages>
<work>
<id>1039252</id>
</work>
<isbn>1890447048</isbn>
<isbn13>9781890447045</isbn13>
<average_rating>4.26</average_rating>
<ratings_count>2094</ratings_count>
<publication_year>2000</publication_year>
<publication_month>2</publication_month>
<publication_day>22</publication_day>
<authors>
<author>
<id>93141</id>
<name>David Berman</name>
<link><![CDATA[https://www.goodreads.com/author/show/93141.David_Berman]]></link>
</author>
</authors>
</book>

          <book>
<id>390778</id>
<title>Full Frontal Feminism</title>
<title_without_series>Full Frontal Feminism</title_without_series>
<link><![CDATA[https://www.goodreads.com/book/show/390778.Full_Frontal_Feminism]]></link>
<small_image_url><![CDATA[https://images.gr-assets.com/books/1372984021s/390778.jpg]]></small_image_url>
<image_url><![CDATA[https://images.gr-assets.com/books/1372984021m/390778.jpg]]></image_url>
<num_pages>271</num_pages>
<work>
<id>380389</id>
</work>
<isbn>1580052010</isbn>
<isbn13>9781580052016</isbn13>
<average_rating>3.85</average_rating>
<ratings_count>6907</ratings_count>
<publication_year>2007</publication_year>
<publication_month>4</publication_month>
<publication_day>17</publication_day>
<authors>
<author>
<id>222118</id>
<name>Jessica Valenti</name>
<link><![CDATA[https://www.goodreads.com/author/show/222118.Jessica_Valenti]]></link>
</author>
</authors>
</book>

          <book>
<id>8538501</id>
<title>How I Escaped My Certain Fate</title>
<title_without_series>How I Escaped My Certain Fate</title_without_series>
<link><![CDATA[https://www.goodreads.com/book/show/8538501-how-i-escaped-my-certain-fate]]></link>
<small_image_url><![CDATA[https://images.gr-assets.com/books/1327175398s/8538501.jpg]]></small_image_url>
<image_url><![CDATA[https://images.gr-assets.com/books/1327175398m/8538501.jpg]]></image_url>
<num_pages>378</num_pages>
<work>
<id>13406028</id>
</work>
<isbn>0571254802</isbn>
<isbn13>9780571254804</isbn13>
<average_rating>4.29</average_rating>
<ratings_count>2933</ratings_count>
<publication_year>2010</publication_year>
<publication_month>8</publication_month>
<publication_day>5</publication_day>
<authors>
<author>
<id>752154</id>
<name>Stewart Lee</name>
<link><![CDATA[https://www.goodreads.com/author/show/752154.Stewart_Lee]]></link>
</author>
</authors>
</book>

          <book>
<id>118106</id>
<title>The Whole Woman</title>
<title_without_series>The Whole Woman</title_without_series>
<link><![CDATA[https://www.goodreads.com/book/show/118106.The_Whole_Woman]]></link>
<small_image_url><![CDATA[https://images.gr-assets.com/books/1320406461s/118106.jpg]]></small_image_url>
<image_url><![CDATA[https://images.gr-assets.com/books/1320406461m/118106.jpg]]></image_url>
<num_pages>384</num_pages>
<work>
<id>2211542</id>
</work>
<isbn>0385720033</isbn>
<isbn13>9780385720038</isbn13>
<average_rating>3.73</average_rating>
<ratings_count>746</ratings_count>
<publication_year>2000</publication_year>
<publication_month>8</publication_month>
<publication_day>8</publication_day>
<authors>
<author>
<id>56667</id>
<name>Germaine Greer</name>
<link><![CDATA[https://www.goodreads.com/author/show/56667.Germaine_Greer]]></link>
</author>
</authors>
</book>

          <book>
<id>12511117</id>
<title><![CDATA[You're Not Doing It Right: Tales of Marriage, Sex, Death, and Other Humiliations]]></title>
<title_without_series><![CDATA[You're Not Doing It Right: Tales of Marriage, Sex, Death, and Other Humiliations]]></title_without_series>
<link><![CDATA[https://www.goodreads.com/book/show/12511117-you-re-not-doing-it-right]]></link>
<small_image_url><![CDATA[https://images.gr-assets.com/books/1326168351s/12511117.jpg]]></small_image_url>
<image_url><![CDATA[https://images.gr-assets.com/books/1326168351m/12511117.jpg]]></image_url>
<num_pages>245</num_pages>
<work>
<id>17496863</id>
</work>
<isbn>1439167850</isbn>
<isbn13>9781439167854</isbn13>
<average_rating>3.76</average_rating>
<ratings_count>6678</ratings_count>
<publication_year>2012</publication_year>
<publication_month>2</publication_month>
<publication_day>28</publication_day>
<authors>
<author>
<id>1233745</id>
<name>Michael Ian Black</name>
<link><![CDATA[https://www.goodreads.com/author/show/1233745.Michael_Ian_Black]]></link>
</author>
</authors>
</book>

          <book>
<id>98521</id>
<title><![CDATA[Manifesta: Young Women, Feminism, and the Future]]></title>
<title_without_series><![CDATA[Manifesta: Young Women, Feminism, and the Future]]></title_without_series>
<link><![CDATA[https://www.goodreads.com/book/show/98521.Manifesta]]></link>
<small_image_url><![CDATA[https://images.gr-assets.com/books/1311983118s/98521.jpg]]></small_image_url>
<image_url><![CDATA[https://images.gr-assets.com/books/1311983118m/98521.jpg]]></image_url>
<num_pages>448</num_pages>
<work>
<id>94974</id>
</work>
<isbn>0374526222</isbn>
<isbn13>9780374526221</isbn13>
<average_rating>3.70</average_rating>
<ratings_count>2835</ratings_count>
<publication_year>2000</publication_year>
<publication_month>10</publication_month>
<publication_day>4</publication_day>
<authors>
<author>
<id>56655</id>
<name>Jennifer Baumgardner</name>
<link><![CDATA[https://www.goodreads.com/author/show/56655.Jennifer_Baumgardner]]></link>
</author>
</authors>
</book>

  </similar_books>
</book>

</GoodreadsResponse>