<?xml version="1.0" encoding="UTF-8"?>
<GoodreadsResponse>
  <Request>
    <authentication>true</authentication>
      <key><![CDATA[all_men_must_serve]]></key>
    <method><![CDATA[book_show]]></method>
  </Request>
  <book>
  <id>10605</id>
  <title>Thinner</title>
  <isbn><![CDATA[0451190750]]></isbn>
  <isbn13><![CDATA[9780451190758]]></isbn13>
  <asin><![CDATA[]]></asin>
  <kindle_asin><![CDATA[B003BVFZ5U]]></kindle_asin>
  <marketplace_id><![CDATA[A1F83G8C2ARO7P]]></marketplace_id>
  <country_code><![CDATA[GB]]></country_code>
  <image_url>https://images.gr-assets.com/books/1346947063m/10605.jpg</image_url>
  <small_image_url>https://images.gr-assets.com/books/1346947063s/10605.jpg</small_image_url>
  <publication_year>1996</publication_year>
  <publication_month>9</publication_month>
  <publication_day>1</publication_day>
  <publisher>Signet</publisher>
  <language_code>en-GB</language_code>
  <is_ebook>false</is_ebook>
  <description><![CDATA[Billy Halleck, good husband and loving father, is both beneficiary and victim of the American good life: He has an expensive home, a nice family, and a rewarding career as a lawyer...but he is also fifty pounds overweight and edging into heart attack country.]]></description>
  <work>
  <id type="integer">2791999</id>
  <books_count type="integer">132</books_count>
  <best_book_id type="integer">10605</best_book_id>
  <reviews_count type="integer">186391</reviews_count>
  <ratings_sum type="integer">500583</ratings_sum>
  <ratings_count type="integer">136596</ratings_count>
  <text_reviews_count type="integer">1644</text_reviews_count>
  <original_publication_year type="integer">1984</original_publication_year>
  <original_publication_month type="integer">11</original_publication_month>
  <original_publication_day type="integer">19</original_publication_day>
  <original_title>Thinner</original_title>
  <original_language_id type="integer" nil="true"/>
  <media_type>book</media_type>
  <rating_dist>5:34028|4:41655|3:44807|2:13296|1:2810|total:136596</rating_dist>
  <desc_user_id type="integer">31857334</desc_user_id>
  <default_chaptering_book_id type="integer" nil="true"/>
  <default_description_language_code nil="true"/>
</work>
  <average_rating>3.66</average_rating>
  <num_pages><![CDATA[320]]></num_pages>
  <format><![CDATA[Mass Market Paperback]]></format>
  <edition_information><![CDATA[]]></edition_information>
  <ratings_count><![CDATA[130336]]></ratings_count>
  <text_reviews_count><![CDATA[1148]]></text_reviews_count>
  <url><![CDATA[https://www.goodreads.com/book/show/10605.Thinner]]></url>
  <link><![CDATA[https://www.goodreads.com/book/show/10605.Thinner]]></link>
  <authors>
<author>
<id>5858</id>
<name>Richard Bachman</name>
<role>Pseudonym</role>
<image_url nophoto='false'>
<![CDATA[https://images.gr-assets.com/authors/1289702449p5/5858.jpg]]>
</image_url>
<small_image_url nophoto='false'>
<![CDATA[https://images.gr-assets.com/authors/1289702449p2/5858.jpg]]>
</small_image_url>
<link><![CDATA[https://www.goodreads.com/author/show/5858.Richard_Bachman]]></link>
<average_rating>3.81</average_rating>
<ratings_count>472426</ratings_count>
<text_reviews_count>12040</text_reviews_count>
</author>
<author>
<id>3389</id>
<name>Stephen King</name>
<role></role>
<image_url nophoto='false'>
<![CDATA[https://images.gr-assets.com/authors/1362814142p5/3389.jpg]]>
</image_url>
<small_image_url nophoto='false'>
<![CDATA[https://images.gr-assets.com/authors/1362814142p2/3389.jpg]]>
</small_image_url>
<link><![CDATA[https://www.goodreads.com/author/show/3389.Stephen_King]]></link>
<average_rating>4.01</average_rating>
<ratings_count>10357276</ratings_count>
<text_reviews_count>349176</text_reviews_count>
</author>
</authors>

    <reviews_widget>
      <![CDATA[
        <style>
  #goodreads-widget {
    font-family: georgia, serif;
    padding: 18px 0;
    width:565px;
  }
  #goodreads-widget h1 {
    font-weight:normal;
    font-size: 16px;
    border-bottom: 1px solid #BBB596;
    margin-bottom: 0;
  }
  #goodreads-widget a {
    text-decoration: none;
    color:#660;
  }
  iframe{
    background-color: #fff;
  }
  #goodreads-widget a:hover { text-decoration: underline; }
  #goodreads-widget a:active {
    color:#660;
  }
  #gr_footer {
    width: 100%;
    border-top: 1px solid #BBB596;
    text-align: right;
  }
  #goodreads-widget .gr_branding{
    color: #382110;
    font-size: 11px;
    text-decoration: none;
    font-family: "Helvetica Neue", Helvetica, Arial, sans-serif;
  }
</style>
<div id="goodreads-widget">
  <div id="gr_header"><h1><a rel="nofollow" href="https://www.goodreads.com/book/show/10605.Thinner">Thinner Reviews</a></h1></div>
  <iframe id="the_iframe" src="https://www.goodreads.com/api/reviews_widget_iframe?did=DEVELOPER_ID&amp;format=html&amp;isbn=0451190750&amp;links=660&amp;min_rating=&amp;review_back=fff&amp;stars=000&amp;text=000" width="565" height="400" frameborder="0"></iframe>
  <div id="gr_footer">
    <a class="gr_branding" target="_blank" rel="nofollow" href="https://www.goodreads.com/book/show/10605.Thinner?utm_medium=api&amp;utm_source=reviews_widget">Reviews from Goodreads.com</a>
  </div>
</div>

      ]]>
    </reviews_widget>
  <popular_shelves>
      <shelf name="horror" count="2687"/>
      <shelf name="to-read" count="2316"/>
      <shelf name="fiction" count="845"/>
      <shelf name="thriller" count="235"/>
      <shelf name="books-i-own" count="170"/>
      <shelf name="favorites" count="150"/>
      <shelf name="fantasy" count="116"/>
      <shelf name="currently-reading" count="99"/>
      <shelf name="stephen-king" count="91"/>
      <shelf name="supernatural" count="85"/>
      <shelf name="paranormal" count="71"/>
      <shelf name="mystery" count="69"/>
      <shelf name="suspense" count="67"/>
      <shelf name="horror-thriller" count="65"/>
      <shelf name="novels" count="51"/>
      <shelf name="my-books" count="47"/>
      <shelf name="king-stephen" count="45"/>
      <shelf name="adult-fiction" count="42"/>
      <shelf name="ebooks" count="40"/>
      <shelf name="library" count="38"/>
      <shelf name="default" count="35"/>
      <shelf name="my-library" count="35"/>
      <shelf name="ebook" count="34"/>
      <shelf name="adult" count="34"/>
      <shelf name="american" count="32"/>
      <shelf name="books" count="31"/>
      <shelf name="sci-fi" count="29"/>
      <shelf name="kindle" count="28"/>
      <shelf name="audiobook" count="27"/>
      <shelf name="the-king" count="27"/>
      <shelf name="thriller-horror" count="26"/>
      <shelf name="stephen" count="25"/>
      <shelf name="terror" count="25"/>
      <shelf name="scary" count="25"/>
      <shelf name="i-own" count="25"/>
      <shelf name="have" count="24"/>
      <shelf name="horror-suspense" count="24"/>
      <shelf name="wish-list" count="24"/>
      <shelf name="owned" count="23"/>
      <shelf name="audiobooks" count="23"/>
      <shelf name="legal" count="23"/>
      <shelf name="novel" count="23"/>
      <shelf name="thrillers" count="23"/>
      <shelf name="science-fiction" count="22"/>
      <shelf name="s-king" count="21"/>
      <shelf name="prose" count="21"/>
      <shelf name="general" count="21"/>
      <shelf name="stephen-king-read" count="21"/>
      <shelf name="calibre" count="20"/>
      <shelf name="criticism" count="20"/>
      <shelf name="stories" count="20"/>
      <shelf name="king" count="19"/>
      <shelf name="own-it" count="19"/>
      <shelf name="stephenking" count="19"/>
      <shelf name="ghost" count="18"/>
      <shelf name="tales" count="17"/>
      <shelf name="mystery-thriller" count="17"/>
      <shelf name="home-library" count="17"/>
      <shelf name="general-fiction" count="17"/>
      <shelf name="allegories" count="16"/>
      <shelf name="fiction-horror" count="16"/>
      <shelf name="e-books" count="15"/>
      <shelf name="horror-supernatural" count="15"/>
      <shelf name="finished" count="15"/>
      <shelf name="20th-century" count="15"/>
      <shelf name="richard-bachman" count="15"/>
      <shelf name="horror-fiction" count="15"/>
      <shelf name="stephen-king-books" count="14"/>
      <shelf name="contemporary" count="14"/>
      <shelf name="creepy" count="14"/>
      <shelf name="stephen-king-to-read" count="13"/>
      <shelf name="unread" count="13"/>
      <shelf name="borrowed" count="13"/>
      <shelf name="audio" count="13"/>
      <shelf name="steven-king" count="13"/>
      <shelf name="read-in-2016" count="12"/>
      <shelf name="hardcover" count="12"/>
      <shelf name="other" count="12"/>
      <shelf name="suspense-thriller" count="12"/>
      <shelf name="gypsies" count="12"/>
      <shelf name="e-book" count="11"/>
      <shelf name="4-stars" count="11"/>
      <shelf name="favourites" count="11"/>
      <shelf name="abandoned" count="11"/>
      <shelf name="spooky" count="11"/>
      <shelf name="horror-paranormal" count="11"/>
      <shelf name="1980s" count="11"/>
      <shelf name="read-in-2017" count="10"/>
      <shelf name="english" count="10"/>
      <shelf name="books-owned" count="10"/>
      <shelf name="usa" count="10"/>
      <shelf name="stand-alone" count="10"/>
      <shelf name="favorite" count="10"/>
      <shelf name="magic" count="10"/>
      <shelf name="modern" count="10"/>
      <shelf name="paperback" count="10"/>
      <shelf name="sci-fi-fantasy" count="10"/>
      <shelf name="re-read" count="10"/>
      <shelf name="favorite-authors" count="10"/>
      <shelf name="horror-mystery" count="10"/>
  </popular_shelves>
  <book_links>
    <book_link>
  <id>8</id>
  <name>Libraries</name>
  <link>https://www.goodreads.com/book_link/follow/8</link>
</book_link>

  </book_links>
  <buy_links>
    <buy_link>
<id>1</id>
<name>Amazon</name>
<link>https://www.goodreads.com/book_link/follow/1</link>
</buy_link>
<buy_link>
<id>10</id>
<name>Audible</name>
<link>https://www.goodreads.com/book_link/follow/10</link>
</buy_link>
<buy_link>
<id>3</id>
<name>Barnes &amp; Noble</name>
<link>https://www.goodreads.com/book_link/follow/3</link>
</buy_link>
<buy_link>
<id>1027</id>
<name>Kobo</name>
<link>https://www.goodreads.com/book_link/follow/1027</link>
</buy_link>
<buy_link>
<id>2102</id>
<name>Apple iBooks</name>
<link>https://www.goodreads.com/book_link/follow/2102</link>
</buy_link>
<buy_link>
<id>8036</id>
<name>Google Play</name>
<link>https://www.goodreads.com/book_link/follow/8036</link>
</buy_link>
<buy_link>
<id>4</id>
<name>Abebooks</name>
<link>https://www.goodreads.com/book_link/follow/4</link>
</buy_link>
<buy_link>
<id>882</id>
<name>Book Depository</name>
<link>https://www.goodreads.com/book_link/follow/882</link>
</buy_link>
<buy_link>
<id>9</id>
<name>Indigo</name>
<link>https://www.goodreads.com/book_link/follow/9</link>
</buy_link>
<buy_link>
<id>2</id>
<name>Half.com</name>
<link>https://www.goodreads.com/book_link/follow/2</link>
</buy_link>
<buy_link>
<id>5</id>
<name>Alibris</name>
<link>https://www.goodreads.com/book_link/follow/5</link>
</buy_link>
<buy_link>
<id>107</id>
<name>Better World Books</name>
<link>https://www.goodreads.com/book_link/follow/107</link>
</buy_link>
<buy_link>
<id>7</id>
<name>IndieBound</name>
<link>https://www.goodreads.com/book_link/follow/7</link>
</buy_link>

  </buy_links>
  <series_works>
    
  </series_works>
  <similar_books>
          <book>
<id>228198</id>
<title><![CDATA[The Green Mile, Part 3: Coffey's Hands]]></title>
<title_without_series><![CDATA[The Green Mile, Part 3: Coffey's Hands]]></title_without_series>
<link><![CDATA[https://www.goodreads.com/book/show/228198.The_Green_Mile_Part_3]]></link>
<small_image_url><![CDATA[https://s.gr-assets.com/assets/nophoto/book/50x75-a91bf249278a81aabab721ef782c4a74.png]]></small_image_url>
<image_url><![CDATA[https://s.gr-assets.com/assets/nophoto/book/111x148-bcc042a9c91a29c1d680899eff700a03.png]]></image_url>
<num_pages>90</num_pages>
<work>
<id>9813531</id>
</work>
<isbn>0451190548</isbn>
<isbn13>9780451190543</isbn13>
<average_rating>4.50</average_rating>
<ratings_count>12704</ratings_count>
<publication_year>1996</publication_year>
<publication_month>5</publication_month>
<publication_day>1</publication_day>
<authors>
<author>
<id>3389</id>
<name>Stephen King</name>
<link><![CDATA[https://www.goodreads.com/author/show/3389.Stephen_King]]></link>
</author>
</authors>
</book>

  </similar_books>
</book>

</GoodreadsResponse>