<?xml version="1.0" encoding="UTF-8"?>
<GoodreadsResponse>
  <Request>
    <authentication>true</authentication>
      <key><![CDATA[all_men_must_serve]]></key>
    <method><![CDATA[book_show]]></method>
  </Request>
  <book>
  <id>10617</id>
  <title>The Bachman Books</title>
  <isbn><![CDATA[0452277752]]></isbn>
  <isbn13><![CDATA[9780452277755]]></isbn13>
  <asin><![CDATA[]]></asin>
  <kindle_asin><![CDATA[B003BKZW40]]></kindle_asin>
  <marketplace_id><![CDATA[A1F83G8C2ARO7P]]></marketplace_id>
  <country_code><![CDATA[GB]]></country_code>
  <image_url>https://images.gr-assets.com/books/1374049003m/10617.jpg</image_url>
  <small_image_url>https://images.gr-assets.com/books/1374049003s/10617.jpg</small_image_url>
  <publication_year>1996</publication_year>
  <publication_month>10</publication_month>
  <publication_day>1</publication_day>
  <publisher>Plume</publisher>
  <language_code>eng</language_code>
  <is_ebook>false</is_ebook>
  <description><![CDATA[Written under the nom de plume "Richard Bachman", here are four early novels by bestselling author Stephen King: RAGE, a story of stunning psychological horror; THE LONG WALK, the tale of a macabre marathon; ROADWORK, a variation on the theme of "Home Sweet Home"; and THE RUNNING MAN, a nightmare vision of a ghoulish game show in which you bet your life--literally.]]></description>
  <work>
  <id type="integer">1412598</id>
  <books_count type="integer">24</books_count>
  <best_book_id type="integer">10617</best_book_id>
  <reviews_count type="integer">78243</reviews_count>
  <ratings_sum type="integer">230682</ratings_sum>
  <ratings_count type="integer">56243</ratings_count>
  <text_reviews_count type="integer">651</text_reviews_count>
  <original_publication_year type="integer">1985</original_publication_year>
  <original_publication_month type="integer">1</original_publication_month>
  <original_publication_day type="integer">1</original_publication_day>
  <original_title>The Bachman Books</original_title>
  <original_language_id type="integer" nil="true"/>
  <media_type>book</media_type>
  <rating_dist>5:22008|4:20841|3:11045|2:1794|1:555|total:56243</rating_dist>
  <desc_user_id type="integer">11269948</desc_user_id>
  <default_chaptering_book_id type="integer" nil="true"/>
  <default_description_language_code nil="true"/>
</work>
  <average_rating>4.10</average_rating>
  <num_pages><![CDATA[704]]></num_pages>
  <format><![CDATA[Paperback]]></format>
  <edition_information><![CDATA[]]></edition_information>
  <ratings_count><![CDATA[52849]]></ratings_count>
  <text_reviews_count><![CDATA[416]]></text_reviews_count>
  <url><![CDATA[https://www.goodreads.com/book/show/10617.The_Bachman_Books]]></url>
  <link><![CDATA[https://www.goodreads.com/book/show/10617.The_Bachman_Books]]></link>
  <authors>
<author>
<id>5858</id>
<name>Richard Bachman</name>
<role>Pseudonym</role>
<image_url nophoto='false'>
<![CDATA[https://images.gr-assets.com/authors/1289702449p5/5858.jpg]]>
</image_url>
<small_image_url nophoto='false'>
<![CDATA[https://images.gr-assets.com/authors/1289702449p2/5858.jpg]]>
</small_image_url>
<link><![CDATA[https://www.goodreads.com/author/show/5858.Richard_Bachman]]></link>
<average_rating>3.81</average_rating>
<ratings_count>472428</ratings_count>
<text_reviews_count>12040</text_reviews_count>
</author>
<author>
<id>3389</id>
<name>Stephen King</name>
<role></role>
<image_url nophoto='false'>
<![CDATA[https://images.gr-assets.com/authors/1362814142p5/3389.jpg]]>
</image_url>
<small_image_url nophoto='false'>
<![CDATA[https://images.gr-assets.com/authors/1362814142p2/3389.jpg]]>
</small_image_url>
<link><![CDATA[https://www.goodreads.com/author/show/3389.Stephen_King]]></link>
<average_rating>4.01</average_rating>
<ratings_count>10357276</ratings_count>
<text_reviews_count>349176</text_reviews_count>
</author>
</authors>

    <reviews_widget>
      <![CDATA[
        <style>
  #goodreads-widget {
    font-family: georgia, serif;
    padding: 18px 0;
    width:565px;
  }
  #goodreads-widget h1 {
    font-weight:normal;
    font-size: 16px;
    border-bottom: 1px solid #BBB596;
    margin-bottom: 0;
  }
  #goodreads-widget a {
    text-decoration: none;
    color:#660;
  }
  iframe{
    background-color: #fff;
  }
  #goodreads-widget a:hover { text-decoration: underline; }
  #goodreads-widget a:active {
    color:#660;
  }
  #gr_footer {
    width: 100%;
    border-top: 1px solid #BBB596;
    text-align: right;
  }
  #goodreads-widget .gr_branding{
    color: #382110;
    font-size: 11px;
    text-decoration: none;
    font-family: "Helvetica Neue", Helvetica, Arial, sans-serif;
  }
</style>
<div id="goodreads-widget">
  <div id="gr_header"><h1><a rel="nofollow" href="https://www.goodreads.com/book/show/10617.The_Bachman_Books">The Bachman Books Reviews</a></h1></div>
  <iframe id="the_iframe" src="https://www.goodreads.com/api/reviews_widget_iframe?did=DEVELOPER_ID&amp;format=html&amp;isbn=0452277752&amp;links=660&amp;min_rating=&amp;review_back=fff&amp;stars=000&amp;text=000" width="565" height="400" frameborder="0"></iframe>
  <div id="gr_footer">
    <a class="gr_branding" target="_blank" rel="nofollow" href="https://www.goodreads.com/book/show/10617.The_Bachman_Books?utm_medium=api&amp;utm_source=reviews_widget">Reviews from Goodreads.com</a>
  </div>
</div>

      ]]>
    </reviews_widget>
  <popular_shelves>
      <shelf name="to-read" count="17237"/>
      <shelf name="horror" count="1030"/>
      <shelf name="stephen-king" count="642"/>
      <shelf name="fiction" count="460"/>
      <shelf name="currently-reading" count="344"/>
      <shelf name="owned" count="175"/>
      <shelf name="favorites" count="131"/>
      <shelf name="short-stories" count="125"/>
      <shelf name="default" count="116"/>
      <shelf name="books-i-own" count="108"/>
      <shelf name="king" count="98"/>
      <shelf name="thriller" count="80"/>
      <shelf name="science-fiction" count="63"/>
      <shelf name="owned-books" count="44"/>
      <shelf name="fantasy" count="38"/>
      <shelf name="sci-fi" count="38"/>
      <shelf name="suspense" count="33"/>
      <shelf name="collection" count="25"/>
      <shelf name="anthology" count="24"/>
      <shelf name="king-stephen" count="24"/>
      <shelf name="own-it" count="24"/>
      <shelf name="my-library" count="23"/>
      <shelf name="my-books" count="22"/>
      <shelf name="to-buy" count="20"/>
      <shelf name="paperback" count="20"/>
      <shelf name="library" count="19"/>
      <shelf name="mystery" count="19"/>
      <shelf name="general-fiction" count="17"/>
      <shelf name="horror-suspense" count="17"/>
      <shelf name="horror-thriller" count="16"/>
      <shelf name="dystopia" count="16"/>
      <shelf name="anthologies" count="16"/>
      <shelf name="dystopian" count="16"/>
      <shelf name="i-own" count="15"/>
      <shelf name="collections" count="15"/>
      <shelf name="home-library" count="13"/>
      <shelf name="horror-supernatural" count="12"/>
      <shelf name="short-story-collections" count="12"/>
      <shelf name="stephenking" count="12"/>
      <shelf name="hardcover" count="11"/>
      <shelf name="wish-list" count="11"/>
      <shelf name="novellas" count="11"/>
      <shelf name="supernatural" count="11"/>
      <shelf name="have" count="11"/>
      <shelf name="thrillers" count="11"/>
      <shelf name="scary" count="11"/>
      <shelf name="the-king" count="11"/>
      <shelf name="suspense-thriller" count="11"/>
      <shelf name="adult-fiction" count="11"/>
      <shelf name="paper" count="10"/>
      <shelf name="favourites" count="10"/>
      <shelf name="adult" count="10"/>
      <shelf name="richard-bachman" count="9"/>
      <shelf name="sk" count="9"/>
      <shelf name="novels" count="9"/>
      <shelf name="novel" count="9"/>
      <shelf name="unread" count="9"/>
      <shelf name="horror-sci-fi" count="9"/>
      <shelf name="personal-library" count="8"/>
      <shelf name="crime" count="8"/>
      <shelf name="ebooks" count="8"/>
      <shelf name="steven-king" count="8"/>
      <shelf name="sf" count="8"/>
      <shelf name="literature" count="8"/>
      <shelf name="stephen-king-collection" count="7"/>
      <shelf name="books" count="7"/>
      <shelf name="home" count="7"/>
      <shelf name="stephen-king-to-read" count="7"/>
      <shelf name="stephen-king-books" count="7"/>
      <shelf name="dark" count="7"/>
      <shelf name="scifi" count="7"/>
      <shelf name="american" count="7"/>
      <shelf name="suspense-horror" count="7"/>
      <shelf name="mine" count="7"/>
      <shelf name="physical-books" count="6"/>
      <shelf name="owned-unread" count="6"/>
      <shelf name="owned-to-read" count="6"/>
      <shelf name="favorite-authors" count="6"/>
      <shelf name="ebook" count="6"/>
      <shelf name="stephen" count="6"/>
      <shelf name="other" count="6"/>
      <shelf name="stephen-king-read" count="6"/>
      <shelf name="speculative-fiction" count="6"/>
      <shelf name="read-a-long-time-ago" count="6"/>
      <shelf name="short-fiction" count="6"/>
      <shelf name="contemporary" count="6"/>
      <shelf name="own-a-copy" count="6"/>
      <shelf name="shelfari-favorites" count="5"/>
      <shelf name="favorite" count="5"/>
      <shelf name="read-more-than-once" count="5"/>
      <shelf name="paranormal" count="5"/>
      <shelf name="genre-horror" count="5"/>
      <shelf name="psychological-thriller" count="5"/>
      <shelf name="stories" count="5"/>
      <shelf name="favorite-author" count="5"/>
      <shelf name="omnibus" count="5"/>
      <shelf name="drama" count="5"/>
      <shelf name="my-collection" count="5"/>
      <shelf name="pop-fiction" count="5"/>
      <shelf name="re-read" count="5"/>
  </popular_shelves>
  <book_links>
    <book_link>
  <id>8</id>
  <name>Libraries</name>
  <link>https://www.goodreads.com/book_link/follow/8</link>
</book_link>

  </book_links>
  <buy_links>
    <buy_link>
<id>1</id>
<name>Amazon</name>
<link>https://www.goodreads.com/book_link/follow/1</link>
</buy_link>
<buy_link>
<id>10</id>
<name>Audible</name>
<link>https://www.goodreads.com/book_link/follow/10</link>
</buy_link>
<buy_link>
<id>3</id>
<name>Barnes &amp; Noble</name>
<link>https://www.goodreads.com/book_link/follow/3</link>
</buy_link>
<buy_link>
<id>1027</id>
<name>Kobo</name>
<link>https://www.goodreads.com/book_link/follow/1027</link>
</buy_link>
<buy_link>
<id>2102</id>
<name>Apple iBooks</name>
<link>https://www.goodreads.com/book_link/follow/2102</link>
</buy_link>
<buy_link>
<id>8036</id>
<name>Google Play</name>
<link>https://www.goodreads.com/book_link/follow/8036</link>
</buy_link>
<buy_link>
<id>4</id>
<name>Abebooks</name>
<link>https://www.goodreads.com/book_link/follow/4</link>
</buy_link>
<buy_link>
<id>882</id>
<name>Book Depository</name>
<link>https://www.goodreads.com/book_link/follow/882</link>
</buy_link>
<buy_link>
<id>9</id>
<name>Indigo</name>
<link>https://www.goodreads.com/book_link/follow/9</link>
</buy_link>
<buy_link>
<id>2</id>
<name>Half.com</name>
<link>https://www.goodreads.com/book_link/follow/2</link>
</buy_link>
<buy_link>
<id>5</id>
<name>Alibris</name>
<link>https://www.goodreads.com/book_link/follow/5</link>
</buy_link>
<buy_link>
<id>107</id>
<name>Better World Books</name>
<link>https://www.goodreads.com/book_link/follow/107</link>
</buy_link>
<buy_link>
<id>7</id>
<name>IndieBound</name>
<link>https://www.goodreads.com/book_link/follow/7</link>
</buy_link>

  </buy_links>
  <series_works>
    
  </series_works>
  <similar_books>
          <book>
<id>71823</id>
<title><![CDATA[The Green Mile, Part 6: Coffey on the Mile]]></title>
<title_without_series><![CDATA[The Green Mile, Part 6: Coffey on the Mile]]></title_without_series>
<link><![CDATA[https://www.goodreads.com/book/show/71823.The_Green_Mile_Part_6]]></link>
<small_image_url><![CDATA[https://s.gr-assets.com/assets/nophoto/book/50x75-a91bf249278a81aabab721ef782c4a74.png]]></small_image_url>
<image_url><![CDATA[https://s.gr-assets.com/assets/nophoto/book/111x148-bcc042a9c91a29c1d680899eff700a03.png]]></image_url>
<num_pages>144</num_pages>
<work>
<id>9813536</id>
</work>
<isbn>0140258612</isbn>
<isbn13>9780140258615</isbn13>
<average_rating>4.55</average_rating>
<ratings_count>12574</ratings_count>
<publication_year>1996</publication_year>
<publication_month>8</publication_month>
<publication_day>29</publication_day>
<authors>
<author>
<id>3389</id>
<name>Stephen King</name>
<link><![CDATA[https://www.goodreads.com/author/show/3389.Stephen_King]]></link>
</author>
</authors>
</book>

  </similar_books>
</book>

</GoodreadsResponse>