<?xml version="1.0" encoding="UTF-8"?>
<GoodreadsResponse>
  <Request>
    <authentication>true</authentication>
      <key><![CDATA[all_men_must_serve]]></key>
    <method><![CDATA[book_show]]></method>
  </Request>
  <book>
  <id>10611</id>
  <title>The Eyes of the Dragon</title>
  <isbn><![CDATA[0751504572]]></isbn>
  <isbn13><![CDATA[9780751504576]]></isbn13>
  <asin><![CDATA[]]></asin>
  <kindle_asin><![CDATA[]]></kindle_asin>
  <marketplace_id><![CDATA[]]></marketplace_id>
  <country_code><![CDATA[GB]]></country_code>
  <image_url>https://images.gr-assets.com/books/1430121758m/10611.jpg</image_url>
  <small_image_url>https://images.gr-assets.com/books/1430121758s/10611.jpg</small_image_url>
  <publication_year></publication_year>
  <publication_month></publication_month>
  <publication_day></publication_day>
  <publisher>Time Warner Paperbacks</publisher>
  <language_code>eng</language_code>
  <is_ebook>false</is_ebook>
  <description><![CDATA[A kingdom is in turmoil after old King Roland dies and his worthy successor, Prince Peter, is imprisoned by the evil Flagg and his pawn, young Prince Thomas. But Flagg's evil plot is not perfect, for he knows naught of Thomas's terrible secret - or Prince Peter's daring plan to escape to claim what is rightfully his. <br /><br />A tale of archetypal heroes and sweeping adventures, of dragons and princes and evil wizards, here is epic fantasy as only Stephen King could envision it. Stephen King has taken the classic fairy tale and transformed it into a masterpiece of fiction for the ages.]]></description>
  <work>
  <id type="integer">3083085</id>
  <books_count type="integer">142</books_count>
  <best_book_id type="integer">10611</best_book_id>
  <reviews_count type="integer">117419</reviews_count>
  <ratings_sum type="integer">320624</ratings_sum>
  <ratings_count type="integer">81698</ratings_count>
  <text_reviews_count type="integer">3049</text_reviews_count>
  <original_publication_year type="integer">1987</original_publication_year>
  <original_publication_month type="integer">2</original_publication_month>
  <original_publication_day type="integer">2</original_publication_day>
  <original_title>Eyes of the Dragon</original_title>
  <original_language_id type="integer" nil="true"/>
  <media_type>book</media_type>
  <rating_dist>5:27083|4:28802|3:19614|2:4960|1:1239|total:81698</rating_dist>
  <desc_user_id type="integer">4391094</desc_user_id>
  <default_chaptering_book_id type="integer" nil="true"/>
  <default_description_language_code nil="true"/>
</work>
  <average_rating>3.92</average_rating>
  <num_pages><![CDATA[427]]></num_pages>
  <format><![CDATA[]]></format>
  <edition_information><![CDATA[]]></edition_information>
  <ratings_count><![CDATA[72752]]></ratings_count>
  <text_reviews_count><![CDATA[2145]]></text_reviews_count>
  <url><![CDATA[https://www.goodreads.com/book/show/10611.The_Eyes_of_the_Dragon]]></url>
  <link><![CDATA[https://www.goodreads.com/book/show/10611.The_Eyes_of_the_Dragon]]></link>
  <authors>
<author>
<id>3389</id>
<name>Stephen King</name>
<role></role>
<image_url nophoto='false'>
<![CDATA[https://images.gr-assets.com/authors/1362814142p5/3389.jpg]]>
</image_url>
<small_image_url nophoto='false'>
<![CDATA[https://images.gr-assets.com/authors/1362814142p2/3389.jpg]]>
</small_image_url>
<link><![CDATA[https://www.goodreads.com/author/show/3389.Stephen_King]]></link>
<average_rating>4.01</average_rating>
<ratings_count>10357276</ratings_count>
<text_reviews_count>349176</text_reviews_count>
</author>
</authors>

    <reviews_widget>
      <![CDATA[
        <style>
  #goodreads-widget {
    font-family: georgia, serif;
    padding: 18px 0;
    width:565px;
  }
  #goodreads-widget h1 {
    font-weight:normal;
    font-size: 16px;
    border-bottom: 1px solid #BBB596;
    margin-bottom: 0;
  }
  #goodreads-widget a {
    text-decoration: none;
    color:#660;
  }
  iframe{
    background-color: #fff;
  }
  #goodreads-widget a:hover { text-decoration: underline; }
  #goodreads-widget a:active {
    color:#660;
  }
  #gr_footer {
    width: 100%;
    border-top: 1px solid #BBB596;
    text-align: right;
  }
  #goodreads-widget .gr_branding{
    color: #382110;
    font-size: 11px;
    text-decoration: none;
    font-family: "Helvetica Neue", Helvetica, Arial, sans-serif;
  }
</style>
<div id="goodreads-widget">
  <div id="gr_header"><h1><a rel="nofollow" href="https://www.goodreads.com/book/show/10611.The_Eyes_of_the_Dragon">The Eyes of the Dragon Reviews</a></h1></div>
  <iframe id="the_iframe" src="https://www.goodreads.com/api/reviews_widget_iframe?did=DEVELOPER_ID&amp;format=html&amp;isbn=0751504572&amp;links=660&amp;min_rating=&amp;review_back=fff&amp;stars=000&amp;text=000" width="565" height="400" frameborder="0"></iframe>
  <div id="gr_footer">
    <a class="gr_branding" target="_blank" rel="nofollow" href="https://www.goodreads.com/book/show/10611.The_Eyes_of_the_Dragon?utm_medium=api&amp;utm_source=reviews_widget">Reviews from Goodreads.com</a>
  </div>
</div>

      ]]>
    </reviews_widget>
  <popular_shelves>
      <shelf name="to-read" count="5401"/>
      <shelf name="fantasy" count="751"/>
      <shelf name="stephen-king" count="422"/>
      <shelf name="fiction" count="213"/>
      <shelf name="owned" count="166"/>
      <shelf name="currently-reading" count="158"/>
      <shelf name="favorites" count="158"/>
      <shelf name="horror" count="153"/>
      <shelf name="default" count="140"/>
      <shelf name="books-i-own" count="74"/>
      <shelf name="king" count="73"/>
      <shelf name="owned-books" count="43"/>
      <shelf name="ebooks" count="38"/>
      <shelf name="audiobooks" count="35"/>
      <shelf name="audiobook" count="34"/>
      <shelf name="novel" count="34"/>
      <shelf name="dragons" count="32"/>
      <shelf name="ebook" count="32"/>
      <shelf name="my-library" count="31"/>
      <shelf name="audio" count="31"/>
      <shelf name="the-king" count="31"/>
      <shelf name="sci-fi" count="30"/>
      <shelf name="young-adult" count="29"/>
      <shelf name="thrillers" count="29"/>
      <shelf name="stories" count="28"/>
      <shelf name="paperback" count="28"/>
      <shelf name="ghost" count="27"/>
      <shelf name="kindle" count="27"/>
      <shelf name="epic-fantasy" count="25"/>
      <shelf name="library" count="24"/>
      <shelf name="fantastic" count="23"/>
      <shelf name="general" count="22"/>
      <shelf name="my-books" count="21"/>
      <shelf name="book-club" count="21"/>
      <shelf name="thriller" count="19"/>
      <shelf name="calibre" count="19"/>
      <shelf name="stand-alone" count="19"/>
      <shelf name="to-buy" count="18"/>
      <shelf name="magic" count="18"/>
      <shelf name="high-fantasy" count="18"/>
      <shelf name="bookshelf" count="18"/>
      <shelf name="shelfari-favorites" count="17"/>
      <shelf name="adult" count="16"/>
      <shelf name="stephen-king-to-read" count="16"/>
      <shelf name="audio-books" count="16"/>
      <shelf name="books" count="15"/>
      <shelf name="novels" count="15"/>
      <shelf name="adventure" count="15"/>
      <shelf name="e-book" count="15"/>
      <shelf name="fantasia" count="15"/>
      <shelf name="horror-suspense" count="15"/>
      <shelf name="general-fiction" count="15"/>
      <shelf name="have" count="14"/>
      <shelf name="scifi-fantasy" count="14"/>
      <shelf name="i-own" count="14"/>
      <shelf name="fantasía" count="14"/>
      <shelf name="steven-king" count="14"/>
      <shelf name="favorite-authors" count="14"/>
      <shelf name="abandoned" count="14"/>
      <shelf name="speculative-fiction" count="14"/>
      <shelf name="mystery" count="13"/>
      <shelf name="dark-tower" count="13"/>
      <shelf name="read-in-2015" count="13"/>
      <shelf name="fiction-horror" count="13"/>
      <shelf name="fairy-tale" count="13"/>
      <shelf name="read-in-2016" count="12"/>
      <shelf name="tbr" count="12"/>
      <shelf name="paper" count="12"/>
      <shelf name="e-books" count="12"/>
      <shelf name="20th-century" count="12"/>
      <shelf name="childhood" count="12"/>
      <shelf name="4-stars" count="12"/>
      <shelf name="stephen" count="12"/>
      <shelf name="audio-book" count="12"/>
      <shelf name="mine" count="12"/>
      <shelf name="dark-fantasy" count="11"/>
      <shelf name="re-read" count="11"/>
      <shelf name="fairy-tales" count="11"/>
      <shelf name="recommended" count="11"/>
      <shelf name="english" count="11"/>
      <shelf name="sk" count="11"/>
      <shelf name="childrens" count="11"/>
      <shelf name="other" count="11"/>
      <shelf name="sci-fi-fantasy" count="10"/>
      <shelf name="suspense" count="10"/>
      <shelf name="home-library" count="10"/>
      <shelf name="science-fiction" count="10"/>
      <shelf name="contemporary" count="10"/>
      <shelf name="1980s" count="10"/>
      <shelf name="dragon" count="10"/>
      <shelf name="fiction-fantasy" count="10"/>
      <shelf name="read-in-2017" count="9"/>
      <shelf name="ya" count="9"/>
      <shelf name="american" count="9"/>
      <shelf name="hardcover" count="9"/>
      <shelf name="read-again" count="9"/>
      <shelf name="fantasy-sci-fi" count="9"/>
      <shelf name="terror" count="9"/>
      <shelf name="classics" count="9"/>
      <shelf name="to-read-owned" count="9"/>
  </popular_shelves>
  <book_links>
    <book_link>
  <id>8</id>
  <name>Libraries</name>
  <link>https://www.goodreads.com/book_link/follow/8</link>
</book_link>

  </book_links>
  <buy_links>
    <buy_link>
<id>1</id>
<name>Amazon</name>
<link>https://www.goodreads.com/book_link/follow/1</link>
</buy_link>
<buy_link>
<id>10</id>
<name>Audible</name>
<link>https://www.goodreads.com/book_link/follow/10</link>
</buy_link>
<buy_link>
<id>3</id>
<name>Barnes &amp; Noble</name>
<link>https://www.goodreads.com/book_link/follow/3</link>
</buy_link>
<buy_link>
<id>1027</id>
<name>Kobo</name>
<link>https://www.goodreads.com/book_link/follow/1027</link>
</buy_link>
<buy_link>
<id>2102</id>
<name>Apple iBooks</name>
<link>https://www.goodreads.com/book_link/follow/2102</link>
</buy_link>
<buy_link>
<id>8036</id>
<name>Google Play</name>
<link>https://www.goodreads.com/book_link/follow/8036</link>
</buy_link>
<buy_link>
<id>4</id>
<name>Abebooks</name>
<link>https://www.goodreads.com/book_link/follow/4</link>
</buy_link>
<buy_link>
<id>882</id>
<name>Book Depository</name>
<link>https://www.goodreads.com/book_link/follow/882</link>
</buy_link>
<buy_link>
<id>9</id>
<name>Indigo</name>
<link>https://www.goodreads.com/book_link/follow/9</link>
</buy_link>
<buy_link>
<id>2</id>
<name>Half.com</name>
<link>https://www.goodreads.com/book_link/follow/2</link>
</buy_link>
<buy_link>
<id>5</id>
<name>Alibris</name>
<link>https://www.goodreads.com/book_link/follow/5</link>
</buy_link>
<buy_link>
<id>107</id>
<name>Better World Books</name>
<link>https://www.goodreads.com/book_link/follow/107</link>
</buy_link>
<buy_link>
<id>7</id>
<name>IndieBound</name>
<link>https://www.goodreads.com/book_link/follow/7</link>
</buy_link>

  </buy_links>
  <series_works>
    
  </series_works>
  <similar_books>
          <book>
<id>10596</id>
<title>The Regulators</title>
<title_without_series>The Regulators</title_without_series>
<link><![CDATA[https://www.goodreads.com/book/show/10596.The_Regulators]]></link>
<small_image_url><![CDATA[https://images.gr-assets.com/books/1364033309s/10596.jpg]]></small_image_url>
<image_url><![CDATA[https://images.gr-assets.com/books/1364033309m/10596.jpg]]></image_url>
<num_pages></num_pages>
<work>
<id>955346</id>
</work>
<isbn>0451191013</isbn>
<isbn13>9780451191014</isbn13>
<average_rating>3.63</average_rating>
<ratings_count>53340</ratings_count>
<publication_year></publication_year>
<publication_month></publication_month>
<publication_day></publication_day>
<authors>
<author>
<id>5858</id>
<name>Richard Bachman</name>
<link><![CDATA[https://www.goodreads.com/author/show/5858.Richard_Bachman]]></link>
</author>
</authors>
</book>

          <book>
<id>6215832</id>
<title>The Dark Tower: Treachery</title>
<title_without_series>The Dark Tower: Treachery</title_without_series>
<link><![CDATA[https://www.goodreads.com/book/show/6215832-the-dark-tower]]></link>
<small_image_url><![CDATA[https://images.gr-assets.com/books/1327977889s/6215832.jpg]]></small_image_url>
<image_url><![CDATA[https://images.gr-assets.com/books/1327977889m/6215832.jpg]]></image_url>
<num_pages></num_pages>
<work>
<id>6396466</id>
</work>
<isbn>078513574X</isbn>
<isbn13>9780785135746</isbn13>
<average_rating>4.21</average_rating>
<ratings_count>6838</ratings_count>
<publication_year></publication_year>
<publication_month></publication_month>
<publication_day></publication_day>
<authors>
<author>
<id>3470</id>
<name>Robin Furth</name>
<link><![CDATA[https://www.goodreads.com/author/show/3470.Robin_Furth]]></link>
</author>
</authors>
</book>

          <book>
<id>11532</id>
<title>Night Visions 5</title>
<title_without_series>Night Visions 5</title_without_series>
<link><![CDATA[https://www.goodreads.com/book/show/11532.Night_Visions_5]]></link>
<small_image_url><![CDATA[https://images.gr-assets.com/books/1289330105s/11532.jpg]]></small_image_url>
<image_url><![CDATA[https://images.gr-assets.com/books/1289330105m/11532.jpg]]></image_url>
<num_pages>274</num_pages>
<work>
<id>88730</id>
</work>
<isbn>0913165328</isbn>
<isbn13>9780913165324</isbn13>
<average_rating>3.90</average_rating>
<ratings_count>1362</ratings_count>
<publication_year>1988</publication_year>
<publication_month>5</publication_month>
<publication_day></publication_day>
<authors>
<author>
<id>18351</id>
<name>Douglas E. Winter</name>
<link><![CDATA[https://www.goodreads.com/author/show/18351.Douglas_E_Winter]]></link>
</author>
</authors>
</book>

          <book>
<id>32429</id>
<title>Dragon Tears</title>
<title_without_series>Dragon Tears</title_without_series>
<link><![CDATA[https://www.goodreads.com/book/show/32429.Dragon_Tears]]></link>
<small_image_url><![CDATA[https://images.gr-assets.com/books/1308458435s/32429.jpg]]></small_image_url>
<image_url><![CDATA[https://images.gr-assets.com/books/1308458435m/32429.jpg]]></image_url>
<num_pages>432</num_pages>
<work>
<id>2771826</id>
</work>
<isbn>0425208435</isbn>
<isbn13>9780425208434</isbn13>
<average_rating>3.72</average_rating>
<ratings_count>18461</ratings_count>
<publication_year>2006</publication_year>
<publication_month>2</publication_month>
<publication_day>7</publication_day>
<authors>
<author>
<id>9355</id>
<name>Dean Koontz</name>
<link><![CDATA[https://www.goodreads.com/author/show/9355.Dean_Koontz]]></link>
</author>
</authors>
</book>

          <book>
<id>52640</id>
<title>Weaveworld</title>
<title_without_series>Weaveworld</title_without_series>
<link><![CDATA[https://www.goodreads.com/book/show/52640.Weaveworld]]></link>
<small_image_url><![CDATA[https://images.gr-assets.com/books/1329374451s/52640.jpg]]></small_image_url>
<image_url><![CDATA[https://images.gr-assets.com/books/1329374451m/52640.jpg]]></image_url>
<num_pages>721</num_pages>
<work>
<id>942564</id>
</work>
<isbn>0007117140</isbn>
<isbn13>9780007117147</isbn13>
<average_rating>4.13</average_rating>
<ratings_count>22550</ratings_count>
<publication_year>2001</publication_year>
<publication_month>8</publication_month>
<publication_day>20</publication_day>
<authors>
<author>
<id>10366</id>
<name>Clive Barker</name>
<link><![CDATA[https://www.goodreads.com/author/show/10366.Clive_Barker]]></link>
</author>
</authors>
</book>

          <book>
<id>19580</id>
<title>Shadowland</title>
<title_without_series>Shadowland</title_without_series>
<link><![CDATA[https://www.goodreads.com/book/show/19580.Shadowland]]></link>
<small_image_url><![CDATA[https://s.gr-assets.com/assets/nophoto/book/50x75-a91bf249278a81aabab721ef782c4a74.png]]></small_image_url>
<image_url><![CDATA[https://s.gr-assets.com/assets/nophoto/book/111x148-bcc042a9c91a29c1d680899eff700a03.png]]></image_url>
<num_pages>468</num_pages>
<work>
<id>926255</id>
</work>
<isbn>0425188221</isbn>
<isbn13>9780425188224</isbn13>
<average_rating>3.90</average_rating>
<ratings_count>9399</ratings_count>
<publication_year>2003</publication_year>
<publication_month>3</publication_month>
<publication_day>4</publication_day>
<authors>
<author>
<id>6941</id>
<name>Peter Straub</name>
<link><![CDATA[https://www.goodreads.com/author/show/6941.Peter_Straub]]></link>
</author>
</authors>
</book>

          <book>
<id>348599</id>
<title><![CDATA[The Girl Who Loved Tom Gordon: A Pop-up Book]]></title>
<title_without_series><![CDATA[The Girl Who Loved Tom Gordon: A Pop-up Book]]></title_without_series>
<link><![CDATA[https://www.goodreads.com/book/show/348599.The_Girl_Who_Loved_Tom_Gordon]]></link>
<small_image_url><![CDATA[https://s.gr-assets.com/assets/nophoto/book/50x75-a91bf249278a81aabab721ef782c4a74.png]]></small_image_url>
<image_url><![CDATA[https://s.gr-assets.com/assets/nophoto/book/111x148-bcc042a9c91a29c1d680899eff700a03.png]]></image_url>
<num_pages>16</num_pages>
<work>
<id>49994379</id>
</work>
<isbn>0689862725</isbn>
<isbn13>9780689862724</isbn13>
<average_rating>4.00</average_rating>
<ratings_count>2695</ratings_count>
<publication_year>2004</publication_year>
<publication_month>10</publication_month>
<publication_day>12</publication_day>
<authors>
<author>
<id>607</id>
<name>Peter Abrahams</name>
<link><![CDATA[https://www.goodreads.com/author/show/607.Peter_Abrahams]]></link>
</author>
</authors>
</book>

          <book>
<id>760321</id>
<title>Guardian</title>
<title_without_series>Guardian</title_without_series>
<link><![CDATA[https://www.goodreads.com/book/show/760321.Guardian]]></link>
<small_image_url><![CDATA[https://images.gr-assets.com/books/1320489574s/760321.jpg]]></small_image_url>
<image_url><![CDATA[https://images.gr-assets.com/books/1320489574m/760321.jpg]]></image_url>
<num_pages></num_pages>
<work>
<id>2091094</id>
</work>
<isbn>0449223043</isbn>
<isbn13>9780449223048</isbn13>
<average_rating>3.85</average_rating>
<ratings_count>4480</ratings_count>
<publication_year></publication_year>
<publication_month></publication_month>
<publication_day></publication_day>
<authors>
<author>
<id>4387</id>
<name>John Saul</name>
<link><![CDATA[https://www.goodreads.com/author/show/4387.John_Saul]]></link>
</author>
</authors>
</book>

          <book>
<id>636742</id>
<title>The Source (Necroscope, #3)</title>
<title_without_series>The Source</title_without_series>
<link><![CDATA[https://www.goodreads.com/book/show/636742.The_Source]]></link>
<small_image_url><![CDATA[https://s.gr-assets.com/assets/nophoto/book/50x75-a91bf249278a81aabab721ef782c4a74.png]]></small_image_url>
<image_url><![CDATA[https://s.gr-assets.com/assets/nophoto/book/111x148-bcc042a9c91a29c1d680899eff700a03.png]]></image_url>
<num_pages>505</num_pages>
<work>
<id>59169</id>
</work>
<isbn>0812521277</isbn>
<isbn13>9780812521276</isbn13>
<average_rating>4.11</average_rating>
<ratings_count>4989</ratings_count>
<publication_year>1989</publication_year>
<publication_month>9</publication_month>
<publication_day>15</publication_day>
<authors>
<author>
<id>20602</id>
<name>Brian Lumley</name>
<link><![CDATA[https://www.goodreads.com/author/show/20602.Brian_Lumley]]></link>
</author>
</authors>
</book>

  </similar_books>
</book>

</GoodreadsResponse>