<?xml version="1.0" encoding="UTF-8"?>
<GoodreadsResponse>
  <Request>
    <authentication>true</authentication>
      <key><![CDATA[all_men_must_serve]]></key>
    <method><![CDATA[book_show]]></method>
  </Request>
  <book>
  <id>106129</id>
  <title><![CDATA[Charlie Bone and the Invisible Boy (The Children of the Red King, #3)]]></title>
  <isbn><![CDATA[0439545269]]></isbn>
  <isbn13><![CDATA[9780439545266]]></isbn13>
  <asin><![CDATA[]]></asin>
  <kindle_asin><![CDATA[]]></kindle_asin>
  <marketplace_id><![CDATA[]]></marketplace_id>
  <country_code><![CDATA[GB]]></country_code>
  <image_url>https://images.gr-assets.com/books/1328867540m/106129.jpg</image_url>
  <small_image_url>https://images.gr-assets.com/books/1328867540s/106129.jpg</small_image_url>
  <publication_year>2004</publication_year>
  <publication_month>7</publication_month>
  <publication_day>1</publication_day>
  <publisher>Orchard</publisher>
  <language_code>eng</language_code>
  <is_ebook>false</is_ebook>
  <description><![CDATA[The third book in the Children of the Red King series, CHARLIE BONE AND THE INVISIBLE BOY offers more magical fantasy that is fast paced and easy to read. <br />This semester at Bloor's Academy brings a few changes. There is a new art teacher, Mr. Boldova, and a new student named Belle, who lives with the Yewbeam aunts and seems to have strange power over them. Emma and Charlie soon discover Mr. Boldova's secret identity: He is the older brother of Ollie Sparks, the boy who lives in the attic of Bloor's Academy. Ollie had always been prying into matters that didn't concern him, so Ezekiel Bloor had made him invisible. When Charlie and his friends find him, Ollie is alone and hungry, so they promise to help him become visible again.]]></description>
  <work>
  <id type="integer">847798</id>
  <books_count type="integer">33</books_count>
  <best_book_id type="integer">106129</best_book_id>
  <reviews_count type="integer">25607</reviews_count>
  <ratings_sum type="integer">77219</ratings_sum>
  <ratings_count type="integer">19836</ratings_count>
  <text_reviews_count type="integer">372</text_reviews_count>
  <original_publication_year type="integer">2004</original_publication_year>
  <original_publication_month type="integer">1</original_publication_month>
  <original_publication_day type="integer">1</original_publication_day>
  <original_title>Charlie Bone and the Invisible Boy (The Children of the Red King, # 3)</original_title>
  <original_language_id type="integer" nil="true"/>
  <media_type>book</media_type>
  <rating_dist>5:6338|4:6734|3:5346|2:1137|1:281|total:19836</rating_dist>
  <desc_user_id type="integer">17290119</desc_user_id>
  <default_chaptering_book_id type="integer" nil="true"/>
  <default_description_language_code nil="true"/>
</work>
  <average_rating>3.89</average_rating>
  <num_pages><![CDATA[408]]></num_pages>
  <format><![CDATA[Hardcover]]></format>
  <edition_information><![CDATA[]]></edition_information>
  <ratings_count><![CDATA[19082]]></ratings_count>
  <text_reviews_count><![CDATA[332]]></text_reviews_count>
  <url><![CDATA[https://www.goodreads.com/book/show/106129.Charlie_Bone_and_the_Invisible_Boy]]></url>
  <link><![CDATA[https://www.goodreads.com/book/show/106129.Charlie_Bone_and_the_Invisible_Boy]]></link>
  <authors>
<author>
<id>6206</id>
<name>Jenny Nimmo</name>
<role></role>
<image_url nophoto='false'>
<![CDATA[https://images.gr-assets.com/authors/1227046107p5/6206.jpg]]>
</image_url>
<small_image_url nophoto='false'>
<![CDATA[https://images.gr-assets.com/authors/1227046107p2/6206.jpg]]>
</small_image_url>
<link><![CDATA[https://www.goodreads.com/author/show/6206.Jenny_Nimmo]]></link>
<average_rating>3.90</average_rating>
<ratings_count>162912</ratings_count>
<text_reviews_count>5082</text_reviews_count>
</author>
</authors>

    <reviews_widget>
      <![CDATA[
        <style>
  #goodreads-widget {
    font-family: georgia, serif;
    padding: 18px 0;
    width:565px;
  }
  #goodreads-widget h1 {
    font-weight:normal;
    font-size: 16px;
    border-bottom: 1px solid #BBB596;
    margin-bottom: 0;
  }
  #goodreads-widget a {
    text-decoration: none;
    color:#660;
  }
  iframe{
    background-color: #fff;
  }
  #goodreads-widget a:hover { text-decoration: underline; }
  #goodreads-widget a:active {
    color:#660;
  }
  #gr_footer {
    width: 100%;
    border-top: 1px solid #BBB596;
    text-align: right;
  }
  #goodreads-widget .gr_branding{
    color: #382110;
    font-size: 11px;
    text-decoration: none;
    font-family: "Helvetica Neue", Helvetica, Arial, sans-serif;
  }
</style>
<div id="goodreads-widget">
  <div id="gr_header"><h1><a rel="nofollow" href="https://www.goodreads.com/book/show/106129.Charlie_Bone_and_the_Invisible_Boy">Charlie Bone and the Invisible Boy Reviews</a></h1></div>
  <iframe id="the_iframe" src="https://www.goodreads.com/api/reviews_widget_iframe?did=DEVELOPER_ID&amp;format=html&amp;isbn=0439545269&amp;links=660&amp;min_rating=&amp;review_back=fff&amp;stars=000&amp;text=000" width="565" height="400" frameborder="0"></iframe>
  <div id="gr_footer">
    <a class="gr_branding" target="_blank" rel="nofollow" href="https://www.goodreads.com/book/show/106129.Charlie_Bone_and_the_Invisible_Boy?utm_medium=api&amp;utm_source=reviews_widget">Reviews from Goodreads.com</a>
  </div>
</div>

      ]]>
    </reviews_widget>
  <popular_shelves>
      <shelf name="to-read" count="1358"/>
      <shelf name="fantasy" count="539"/>
      <shelf name="young-adult" count="131"/>
      <shelf name="childrens" count="94"/>
      <shelf name="fiction" count="92"/>
      <shelf name="owned" count="91"/>
      <shelf name="books-i-own" count="88"/>
      <shelf name="currently-reading" count="85"/>
      <shelf name="favorites" count="82"/>
      <shelf name="series" count="76"/>
      <shelf name="magic" count="71"/>
      <shelf name="children" count="68"/>
      <shelf name="charlie-bone" count="61"/>
      <shelf name="middle-grade" count="60"/>
      <shelf name="children-s" count="60"/>
      <shelf name="ya" count="50"/>
      <shelf name="childhood" count="40"/>
      <shelf name="adventure" count="40"/>
      <shelf name="juvenile" count="36"/>
      <shelf name="owned-books" count="30"/>
      <shelf name="default" count="29"/>
      <shelf name="kids" count="27"/>
      <shelf name="children-s-books" count="26"/>
      <shelf name="jenny-nimmo" count="25"/>
      <shelf name="my-library" count="22"/>
      <shelf name="library" count="21"/>
      <shelf name="mystery" count="21"/>
      <shelf name="juvenile-fiction" count="21"/>
      <shelf name="middle-school" count="17"/>
      <shelf name="my-books" count="16"/>
      <shelf name="ya-fantasy" count="16"/>
      <shelf name="i-own" count="15"/>
      <shelf name="school" count="14"/>
      <shelf name="childhood-favorites" count="14"/>
      <shelf name="paranormal" count="13"/>
      <shelf name="sci-fi-fantasy" count="13"/>
      <shelf name="childhood-books" count="12"/>
      <shelf name="audio" count="12"/>
      <shelf name="childrens-books" count="11"/>
      <shelf name="kids-books" count="10"/>
      <shelf name="teen" count="10"/>
      <shelf name="boarding-school" count="9"/>
      <shelf name="classroom-library" count="9"/>
      <shelf name="books" count="9"/>
      <shelf name="audio-book" count="9"/>
      <shelf name="3-stars" count="9"/>
      <shelf name="re-read" count="9"/>
      <shelf name="charlie-bone-series" count="9"/>
      <shelf name="audiobooks" count="9"/>
      <shelf name="youth" count="9"/>
      <shelf name="novels" count="8"/>
      <shelf name="supernatural" count="8"/>
      <shelf name="children-s-literature" count="8"/>
      <shelf name="elementary" count="7"/>
      <shelf name="science-fiction-fantasy" count="7"/>
      <shelf name="own-it" count="7"/>
      <shelf name="the-children-of-the-red-king" count="7"/>
      <shelf name="books-i-have" count="7"/>
      <shelf name="childhood-reads" count="7"/>
      <shelf name="chapter-books" count="7"/>
      <shelf name="audiobook" count="7"/>
      <shelf name="british" count="7"/>
      <shelf name="children-s-fantasy" count="6"/>
      <shelf name="england" count="6"/>
      <shelf name="kindle" count="6"/>
      <shelf name="modern-fantasy" count="6"/>
      <shelf name="mg" count="6"/>
      <shelf name="childrens-fiction" count="6"/>
      <shelf name="favourites" count="6"/>
      <shelf name="own-to-read" count="6"/>
      <shelf name="part-of-a-series" count="6"/>
      <shelf name="young-readers" count="6"/>
      <shelf name="have" count="6"/>
      <shelf name="children-of-the-red-king" count="6"/>
      <shelf name="action-adventure" count="6"/>
      <shelf name="urban-fantasy" count="6"/>
      <shelf name="young-adults" count="6"/>
      <shelf name="childrens-fantasy" count="6"/>
      <shelf name="young-adult-fiction" count="6"/>
      <shelf name="4-stars" count="5"/>
      <shelf name="library-books" count="5"/>
      <shelf name="read-in-2012" count="5"/>
      <shelf name="coming-of-age" count="5"/>
      <shelf name="ebooks" count="5"/>
      <shelf name="my-childhood" count="5"/>
      <shelf name="children-s-fiction" count="5"/>
      <shelf name="and" count="5"/>
      <shelf name="juvenile-fantasy" count="5"/>
      <shelf name="favorite-series" count="5"/>
      <shelf name="scifi-fantasy" count="5"/>
      <shelf name="home-library" count="5"/>
      <shelf name="fantasy-sci-fi" count="5"/>
      <shelf name="read-in-2016" count="4"/>
      <shelf name="shelfari-favorites" count="4"/>
      <shelf name="childhood-faves" count="4"/>
      <shelf name="read-as-a-kid" count="4"/>
      <shelf name="reread" count="4"/>
      <shelf name="book" count="4"/>
      <shelf name="english" count="4"/>
      <shelf name="read-as-a-child" count="4"/>
  </popular_shelves>
  <book_links>
    <book_link>
  <id>8</id>
  <name>Libraries</name>
  <link>https://www.goodreads.com/book_link/follow/8</link>
</book_link>

  </book_links>
  <buy_links>
    <buy_link>
<id>1</id>
<name>Amazon</name>
<link>https://www.goodreads.com/book_link/follow/1</link>
</buy_link>
<buy_link>
<id>10</id>
<name>Audible</name>
<link>https://www.goodreads.com/book_link/follow/10</link>
</buy_link>
<buy_link>
<id>3</id>
<name>Barnes &amp; Noble</name>
<link>https://www.goodreads.com/book_link/follow/3</link>
</buy_link>
<buy_link>
<id>1027</id>
<name>Kobo</name>
<link>https://www.goodreads.com/book_link/follow/1027</link>
</buy_link>
<buy_link>
<id>2102</id>
<name>Apple iBooks</name>
<link>https://www.goodreads.com/book_link/follow/2102</link>
</buy_link>
<buy_link>
<id>8036</id>
<name>Google Play</name>
<link>https://www.goodreads.com/book_link/follow/8036</link>
</buy_link>
<buy_link>
<id>4</id>
<name>Abebooks</name>
<link>https://www.goodreads.com/book_link/follow/4</link>
</buy_link>
<buy_link>
<id>882</id>
<name>Book Depository</name>
<link>https://www.goodreads.com/book_link/follow/882</link>
</buy_link>
<buy_link>
<id>9</id>
<name>Indigo</name>
<link>https://www.goodreads.com/book_link/follow/9</link>
</buy_link>
<buy_link>
<id>2</id>
<name>Half.com</name>
<link>https://www.goodreads.com/book_link/follow/2</link>
</buy_link>
<buy_link>
<id>5</id>
<name>Alibris</name>
<link>https://www.goodreads.com/book_link/follow/5</link>
</buy_link>
<buy_link>
<id>107</id>
<name>Better World Books</name>
<link>https://www.goodreads.com/book_link/follow/107</link>
</buy_link>
<buy_link>
<id>7</id>
<name>IndieBound</name>
<link>https://www.goodreads.com/book_link/follow/7</link>
</buy_link>

  </buy_links>
  <series_works>
    <series_work>
<id>153074</id>
<user_position>3</user_position>
<series>
<id>42479</id>
<title>
<![CDATA[
    The Children of the Red King
]]>
</title>
<description>
<![CDATA[
    Also known as:
    * Charlie Bone
    * Charli Bon
    * Medianoche Para Charlie Bone
    * Charlie-Bone-Abenteuer
    * Die Kinder des roten Königs
    
    This series tells the story of Charlie Bone and other magical descendants of the Red King and of the magical school, Bloor Academy, which they attend.
    
    The story of the Red King, the ancestor of Charlie Bone, is told in the series <a href="http://www.goodreads.com/series/53026-chronicles-of-the-red-king">Chronicles of the Red King</a>.
]]>
</description>
<note>
<![CDATA[
]]>
</note>
<series_works_count>15</series_works_count>
<primary_work_count>8</primary_work_count>
<numbered>true</numbered>
</series>

</series_work>

  </series_works>
  <similar_books>
          <book>
<id>549870</id>
<title>Sophie&apos;s Secret (Sophie, #2)</title>
<title_without_series>Sophie&apos;s Secret</title_without_series>
<link><![CDATA[https://www.goodreads.com/book/show/549870.Sophie_s_Secret]]></link>
<small_image_url><![CDATA[https://s.gr-assets.com/assets/nophoto/book/50x75-a91bf249278a81aabab721ef782c4a74.png]]></small_image_url>
<image_url><![CDATA[https://s.gr-assets.com/assets/nophoto/book/111x148-bcc042a9c91a29c1d680899eff700a03.png]]></image_url>
<num_pages>128</num_pages>
<work>
<id>537117</id>
</work>
<isbn>0310707579</isbn>
<isbn13>9780310707578</isbn13>
<average_rating>3.88</average_rating>
<ratings_count>341</ratings_count>
<publication_year>2004</publication_year>
<publication_month>8</publication_month>
<publication_day>29</publication_day>
<authors>
<author>
<id>83430</id>
<name>Nancy N. Rue</name>
<link><![CDATA[https://www.goodreads.com/author/show/83430.Nancy_N_Rue]]></link>
</author>
</authors>
</book>

          <book>
<id>6745760</id>
<title><![CDATA[The Dragon in the Driveway (Dragon Keepers, #2)]]></title>
<title_without_series>The Dragon in the Driveway</title_without_series>
<link><![CDATA[https://www.goodreads.com/book/show/6745760-the-dragon-in-the-driveway]]></link>
<small_image_url><![CDATA[https://s.gr-assets.com/assets/nophoto/book/50x75-a91bf249278a81aabab721ef782c4a74.png]]></small_image_url>
<image_url><![CDATA[https://s.gr-assets.com/assets/nophoto/book/111x148-bcc042a9c91a29c1d680899eff700a03.png]]></image_url>
<num_pages></num_pages>
<work>
<id>6942154</id>
</work>
<isbn>0375855890</isbn>
<isbn13>9780375855894</isbn13>
<average_rating>4.04</average_rating>
<ratings_count>776</ratings_count>
<publication_year></publication_year>
<publication_month></publication_month>
<publication_day></publication_day>
<authors>
<author>
<id>73154</id>
<name>Kate Klimo</name>
<link><![CDATA[https://www.goodreads.com/author/show/73154.Kate_Klimo]]></link>
</author>
</authors>
</book>

          <book>
<id>7091314</id>
<title><![CDATA[The Basilisk’s Lair (Nathaniel Fludd, Beastologist, #2)]]></title>
<title_without_series>The Basilisk’s Lair</title_without_series>
<link><![CDATA[https://www.goodreads.com/book/show/7091314-the-basilisk-s-lair]]></link>
<small_image_url><![CDATA[https://s.gr-assets.com/assets/nophoto/book/50x75-a91bf249278a81aabab721ef782c4a74.png]]></small_image_url>
<image_url><![CDATA[https://s.gr-assets.com/assets/nophoto/book/111x148-bcc042a9c91a29c1d680899eff700a03.png]]></image_url>
<num_pages>150</num_pages>
<work>
<id>7347558</id>
</work>
<isbn>0547238673</isbn>
<isbn13>9780547238678</isbn13>
<average_rating>3.95</average_rating>
<ratings_count>873</ratings_count>
<publication_year>2010</publication_year>
<publication_month>6</publication_month>
<publication_day>7</publication_day>
<authors>
<author>
<id>180392</id>
<name>R.L. LaFevers</name>
<link><![CDATA[https://www.goodreads.com/author/show/180392.R_L_LaFevers]]></link>
</author>
</authors>
</book>

          <book>
<id>2576986</id>
<title>The Other Book</title>
<title_without_series>The Other Book</title_without_series>
<link><![CDATA[https://www.goodreads.com/book/show/2576986-the-other-book]]></link>
<small_image_url><![CDATA[https://s.gr-assets.com/assets/nophoto/book/50x75-a91bf249278a81aabab721ef782c4a74.png]]></small_image_url>
<image_url><![CDATA[https://s.gr-assets.com/assets/nophoto/book/111x148-bcc042a9c91a29c1d680899eff700a03.png]]></image_url>
<num_pages>272</num_pages>
<work>
<id>2590365</id>
</work>
<isbn>159990201X</isbn>
<isbn13>9781599902012</isbn13>
<average_rating>2.84</average_rating>
<ratings_count>148</ratings_count>
<publication_year>2008</publication_year>
<publication_month>2</publication_month>
<publication_day>19</publication_day>
<authors>
<author>
<id>1138560</id>
<name>Philip Womack</name>
<link><![CDATA[https://www.goodreads.com/author/show/1138560.Philip_Womack]]></link>
</author>
</authors>
</book>

          <book>
<id>187315</id>
<title><![CDATA[The Cobra King of Kathmandu (Children of the Lamp, #3)]]></title>
<title_without_series>The Cobra King of Kathmandu</title_without_series>
<link><![CDATA[https://www.goodreads.com/book/show/187315.The_Cobra_King_of_Kathmandu]]></link>
<small_image_url><![CDATA[https://s.gr-assets.com/assets/nophoto/book/50x75-a91bf249278a81aabab721ef782c4a74.png]]></small_image_url>
<image_url><![CDATA[https://s.gr-assets.com/assets/nophoto/book/111x148-bcc042a9c91a29c1d680899eff700a03.png]]></image_url>
<num_pages></num_pages>
<work>
<id>2452022</id>
</work>
<isbn>0439670233</isbn>
<isbn13>9780439670234</isbn13>
<average_rating>3.87</average_rating>
<ratings_count>8976</ratings_count>
<publication_year></publication_year>
<publication_month></publication_month>
<publication_day></publication_day>
<authors>
<author>
<id>3155347</id>
<name>P.B. Kerr</name>
<link><![CDATA[https://www.goodreads.com/author/show/3155347.P_B_Kerr]]></link>
</author>
</authors>
</book>

          <book>
<id>6923472</id>
<title><![CDATA[Jeff Corwin: A Wild Life: The Authorized Biography]]></title>
<title_without_series><![CDATA[Jeff Corwin: A Wild Life: The Authorized Biography]]></title_without_series>
<link><![CDATA[https://www.goodreads.com/book/show/6923472-jeff-corwin]]></link>
<small_image_url><![CDATA[https://s.gr-assets.com/assets/nophoto/book/50x75-a91bf249278a81aabab721ef782c4a74.png]]></small_image_url>
<image_url><![CDATA[https://s.gr-assets.com/assets/nophoto/book/111x148-bcc042a9c91a29c1d680899eff700a03.png]]></image_url>
<num_pages></num_pages>
<work>
<id>7152468</id>
</work>
<isbn>0142414034</isbn>
<isbn13>9780142414033</isbn13>
<average_rating>3.56</average_rating>
<ratings_count>141</ratings_count>
<publication_year></publication_year>
<publication_month></publication_month>
<publication_day></publication_day>
<authors>
<author>
<id>64383</id>
<name>Jeff Corwin</name>
<link><![CDATA[https://www.goodreads.com/author/show/64383.Jeff_Corwin]]></link>
</author>
</authors>
</book>

          <book>
<id>7106816</id>
<title><![CDATA[The Brimstone Key (Grey Griffins: The Clockwork Chronicles, #1)]]></title>
<title_without_series>The Brimstone Key</title_without_series>
<link><![CDATA[https://www.goodreads.com/book/show/7106816-the-brimstone-key]]></link>
<small_image_url><![CDATA[https://images.gr-assets.com/books/1344269965s/7106816.jpg]]></small_image_url>
<image_url><![CDATA[https://images.gr-assets.com/books/1344269965m/7106816.jpg]]></image_url>
<num_pages></num_pages>
<work>
<id>7365519</id>
</work>
<isbn>0316045225</isbn>
<isbn13>9780316045223</isbn13>
<average_rating>3.86</average_rating>
<ratings_count>1361</ratings_count>
<publication_year></publication_year>
<publication_month></publication_month>
<publication_day></publication_day>
<authors>
<author>
<id>118848</id>
<name>Derek Benz</name>
<link><![CDATA[https://www.goodreads.com/author/show/118848.Derek_Benz]]></link>
</author>
</authors>
</book>

          <book>
<id>47910</id>
<title><![CDATA[Winter Door (The Gateway Trilogy, #2)]]></title>
<title_without_series>Winter Door</title_without_series>
<link><![CDATA[https://www.goodreads.com/book/show/47910.Winter_Door]]></link>
<small_image_url><![CDATA[https://images.gr-assets.com/books/1320398796s/47910.jpg]]></small_image_url>
<image_url><![CDATA[https://images.gr-assets.com/books/1320398796m/47910.jpg]]></image_url>
<num_pages>336</num_pages>
<work>
<id>1821184</id>
</work>
<isbn>0375830189</isbn>
<isbn13>9780375830181</isbn13>
<average_rating>3.85</average_rating>
<ratings_count>420</ratings_count>
<publication_year>2006</publication_year>
<publication_month>5</publication_month>
<publication_day>23</publication_day>
<authors>
<author>
<id>26878</id>
<name>Isobelle Carmody</name>
<link><![CDATA[https://www.goodreads.com/author/show/26878.Isobelle_Carmody]]></link>
</author>
</authors>
</book>

          <book>
<id>6918087</id>
<title><![CDATA[Mostly Sunny with a Chance of Storms]]></title>
<title_without_series><![CDATA[Mostly Sunny with a Chance of Storms]]></title_without_series>
<link><![CDATA[https://www.goodreads.com/book/show/6918087-mostly-sunny-with-a-chance-of-storms]]></link>
<small_image_url><![CDATA[https://images.gr-assets.com/books/1328732748s/6918087.jpg]]></small_image_url>
<image_url><![CDATA[https://images.gr-assets.com/books/1328732748m/6918087.jpg]]></image_url>
<num_pages>288</num_pages>
<work>
<id>7145603</id>
</work>
<isbn>1741758599</isbn>
<isbn13>9781741758597</isbn13>
<average_rating>3.67</average_rating>
<ratings_count>222</ratings_count>
<publication_year>2010</publication_year>
<publication_month>7</publication_month>
<publication_day>20</publication_day>
<authors>
<author>
<id>417046</id>
<name>Marion Roberts</name>
<link><![CDATA[https://www.goodreads.com/author/show/417046.Marion_Roberts]]></link>
</author>
</authors>
</book>

          <book>
<id>227903</id>
<title><![CDATA[Jinx On The Divide (The Divide, #3)]]></title>
<title_without_series>Jinx On The Divide</title_without_series>
<link><![CDATA[https://www.goodreads.com/book/show/227903.Jinx_On_The_Divide]]></link>
<small_image_url><![CDATA[https://images.gr-assets.com/books/1364589764s/227903.jpg]]></small_image_url>
<image_url><![CDATA[https://images.gr-assets.com/books/1364589764m/227903.jpg]]></image_url>
<num_pages>368</num_pages>
<work>
<id>220737</id>
</work>
<isbn>0439724554</isbn>
<isbn13>9780439724555</isbn13>
<average_rating>3.86</average_rating>
<ratings_count>1174</ratings_count>
<publication_year></publication_year>
<publication_month></publication_month>
<publication_day></publication_day>
<authors>
<author>
<id>133364</id>
<name>Elizabeth Kay</name>
<link><![CDATA[https://www.goodreads.com/author/show/133364.Elizabeth_Kay]]></link>
</author>
</authors>
</book>

          <book>
<id>8875620</id>
<title><![CDATA[The Three Furies (Erec Rex, #4)]]></title>
<title_without_series>The Three Furies</title_without_series>
<link><![CDATA[https://www.goodreads.com/book/show/8875620-the-three-furies]]></link>
<small_image_url><![CDATA[https://s.gr-assets.com/assets/nophoto/book/50x75-a91bf249278a81aabab721ef782c4a74.png]]></small_image_url>
<image_url><![CDATA[https://s.gr-assets.com/assets/nophoto/book/111x148-bcc042a9c91a29c1d680899eff700a03.png]]></image_url>
<num_pages>576</num_pages>
<work>
<id>6914913</id>
</work>
<isbn>141698559X</isbn>
<isbn13>9781416985594</isbn13>
<average_rating>4.22</average_rating>
<ratings_count>1667</ratings_count>
<publication_year>2010</publication_year>
<publication_month>8</publication_month>
<publication_day>10</publication_day>
<authors>
<author>
<id>3624</id>
<name>Kaza Kingsley</name>
<link><![CDATA[https://www.goodreads.com/author/show/3624.Kaza_Kingsley]]></link>
</author>
</authors>
</book>

          <book>
<id>2363608</id>
<title>Shadows in the Twilight</title>
<title_without_series>Shadows in the Twilight</title_without_series>
<link><![CDATA[https://www.goodreads.com/book/show/2363608.Shadows_in_the_Twilight]]></link>
<small_image_url><![CDATA[https://images.gr-assets.com/books/1320472597s/2363608.jpg]]></small_image_url>
<image_url><![CDATA[https://images.gr-assets.com/books/1320472597m/2363608.jpg]]></image_url>
<num_pages></num_pages>
<work>
<id>2370375</id>
</work>
<isbn>0385734964</isbn>
<isbn13>9780385734967</isbn13>
<average_rating>3.56</average_rating>
<ratings_count>287</ratings_count>
<publication_year></publication_year>
<publication_month></publication_month>
<publication_day></publication_day>
<authors>
<author>
<id>22339</id>
<name>Henning Mankell</name>
<link><![CDATA[https://www.goodreads.com/author/show/22339.Henning_Mankell]]></link>
</author>
</authors>
</book>

          <book>
<id>333953</id>
<title><![CDATA[The Tenth City (The Land of Elyon, #3)]]></title>
<title_without_series>The Tenth City</title_without_series>
<link><![CDATA[https://www.goodreads.com/book/show/333953.The_Tenth_City]]></link>
<small_image_url><![CDATA[https://images.gr-assets.com/books/1359309406s/333953.jpg]]></small_image_url>
<image_url><![CDATA[https://images.gr-assets.com/books/1359309406m/333953.jpg]]></image_url>
<num_pages>186</num_pages>
<work>
<id>3028943</id>
</work>
<isbn>0439700957</isbn>
<isbn13>9780439700955</isbn13>
<average_rating>3.98</average_rating>
<ratings_count>8080</ratings_count>
<publication_year>2006</publication_year>
<publication_month>5</publication_month>
<publication_day>1</publication_day>
<authors>
<author>
<id>46474</id>
<name>Patrick Carman</name>
<link><![CDATA[https://www.goodreads.com/author/show/46474.Patrick_Carman]]></link>
</author>
</authors>
</book>

          <book>
<id>6412843</id>
<title><![CDATA[Voices in the Dark (The Last Descendants, #2)]]></title>
<title_without_series>Voices in the Dark</title_without_series>
<link><![CDATA[https://www.goodreads.com/book/show/6412843-voices-in-the-dark]]></link>
<small_image_url><![CDATA[https://images.gr-assets.com/books/1320519707s/6412843.jpg]]></small_image_url>
<image_url><![CDATA[https://images.gr-assets.com/books/1320519707m/6412843.jpg]]></image_url>
<num_pages>464</num_pages>
<work>
<id>6601811</id>
</work>
<isbn>0375838775</isbn>
<isbn13>9780375838774</isbn13>
<average_rating>3.49</average_rating>
<ratings_count>181</ratings_count>
<publication_year>2009</publication_year>
<publication_month>9</publication_month>
<publication_day>22</publication_day>
<authors>
<author>
<id>1346062</id>
<name>Catherine Banner</name>
<link><![CDATA[https://www.goodreads.com/author/show/1346062.Catherine_Banner]]></link>
</author>
</authors>
</book>

          <book>
<id>2181092</id>
<title><![CDATA[City of Time (The Navigator Trilogy, #2)]]></title>
<title_without_series>City of Time</title_without_series>
<link><![CDATA[https://www.goodreads.com/book/show/2181092.City_of_Time]]></link>
<small_image_url><![CDATA[https://images.gr-assets.com/books/1320552850s/2181092.jpg]]></small_image_url>
<image_url><![CDATA[https://images.gr-assets.com/books/1320552850m/2181092.jpg]]></image_url>
<num_pages>336</num_pages>
<work>
<id>2186773</id>
</work>
<isbn>0375839127</isbn>
<isbn13>9780375839122</isbn13>
<average_rating>3.75</average_rating>
<ratings_count>342</ratings_count>
<publication_year>2008</publication_year>
<publication_month>6</publication_month>
<publication_day>24</publication_day>
<authors>
<author>
<id>344067</id>
<name>Eoin McNamee</name>
<link><![CDATA[https://www.goodreads.com/author/show/344067.Eoin_McNamee]]></link>
</author>
</authors>
</book>

          <book>
<id>363425</id>
<title><![CDATA[The Skull of Truth (Magic Shop, #4)]]></title>
<title_without_series>The Skull of Truth</title_without_series>
<link><![CDATA[https://www.goodreads.com/book/show/363425.The_Skull_of_Truth]]></link>
<small_image_url><![CDATA[https://images.gr-assets.com/books/1328876097s/363425.jpg]]></small_image_url>
<image_url><![CDATA[https://images.gr-assets.com/books/1328876097m/363425.jpg]]></image_url>
<num_pages>208</num_pages>
<work>
<id>1177187</id>
</work>
<isbn>0152060847</isbn>
<isbn13>9780152060848</isbn13>
<average_rating>3.81</average_rating>
<ratings_count>1116</ratings_count>
<publication_year>2007</publication_year>
<publication_month>3</publication_month>
<publication_day>1</publication_day>
<authors>
<author>
<id>10087</id>
<name>Bruce Coville</name>
<link><![CDATA[https://www.goodreads.com/author/show/10087.Bruce_Coville]]></link>
</author>
</authors>
</book>

  </similar_books>
</book>

</GoodreadsResponse>