<?xml version="1.0" encoding="UTF-8"?>
<GoodreadsResponse>
  <Request>
    <authentication>true</authentication>
      <key><![CDATA[all_men_must_serve]]></key>
    <method><![CDATA[book_show]]></method>
  </Request>
  <book>
  <id>10628</id>
  <title>Night Shift</title>
  <isbn><![CDATA[0450042685]]></isbn>
  <isbn13><![CDATA[9780450042683]]></isbn13>
  <asin><![CDATA[]]></asin>
  <kindle_asin><![CDATA[B0037TPMOK]]></kindle_asin>
  <marketplace_id><![CDATA[A1F83G8C2ARO7P]]></marketplace_id>
  <country_code><![CDATA[GB]]></country_code>
  <image_url>https://images.gr-assets.com/books/1342215309m/10628.jpg</image_url>
  <small_image_url>https://images.gr-assets.com/books/1342215309s/10628.jpg</small_image_url>
  <publication_year>1979</publication_year>
  <publication_month>4</publication_month>
  <publication_day></publication_day>
  <publisher>New English Library</publisher>
  <language_code>en-GB</language_code>
  <is_ebook>false</is_ebook>
  <description><![CDATA[Never trust your heart to the New York Times bestselling master of suspense, Stephen King. Especially with an anthology that features the classic stories "Children of the Corn," "The Lawnmower Man," "Graveyard Shift," "The Mangler," and "Sometimes They Come Back"-which were all made into hit horror films.<br /><br />"Unbearable suspense." (Dallas Morning News)<br /><br />From the depths of darkness, where hideous rats defend their empire, to dizzying heights, where a beautiful girl hangs by a hair above a hellish fate, this chilling collection of twenty short stories will plunge readers into the subterranean labyrinth of the most spine-tingling, eerie imagination of our time.<br /><br />Contents:<br /><br />· Introduction · John D. MacDonald · in <br />· Foreword · fw <br />· Jerusalem’s Lot · nv Night Shift, Garden City, NY: Doubleday, 1978 <br />· Graveyard Shift · ss Cavalier Oct ’70 <br />· Night Surf · ss Cavalier Aug ’74 <br />· I Am the Doorway · ss Cavalier Mar ’71 <br />· The Mangler · nv Cavalier Dec ’72 <br />· The Boogeyman · ss Cavalier Mar ’73 <br />· Gray Matter · ss Cavalier Oct ’73 <br />· Battleground · ss Cavalier Sep ’72 <br />· Trucks · ss Cavalier Jun ’73 <br />· Sometimes They Come Back · nv Cavalier Mar ’74 <br />· Strawberry Spring · ss Ubris Fll ’68; Cavalier Nov ’75 <br />· The Ledge · ss Penthouse Jul ’76 <br />· The Lawnmower Man · ss Cavalier May ’75 <br />· Quitters, Inc. · ss Night Shift, Garden City, NY: Doubleday, 1978 <br />· I Know What You Need · nv Cosmopolitan Sep ’76 <br />· Children of the Corn · nv Penthouse Mar ’77 <br />· The Last Rung on the Ladder · ss Night Shift, Garden City, NY: Doubleday, 1978 <br />· The Man Who Loved Flowers · ss Gallery Aug ’77 <br />· One for the Road · ss Maine Mar ’77 <br />· The Woman in the Room · ss Night Shift, Garden City, NY: Doubleday, 1978]]></description>
  <work>
  <id type="integer">2454497</id>
  <books_count type="integer">119</books_count>
  <best_book_id type="integer">10628</best_book_id>
  <reviews_count type="integer">167754</reviews_count>
  <ratings_sum type="integer">445464</ratings_sum>
  <ratings_count type="integer">112419</ratings_count>
  <text_reviews_count type="integer">2039</text_reviews_count>
  <original_publication_year type="integer">1978</original_publication_year>
  <original_publication_month type="integer" nil="true"/>
  <original_publication_day type="integer" nil="true"/>
  <original_title>Night Shift</original_title>
  <original_language_id type="integer" nil="true"/>
  <media_type>book</media_type>
  <rating_dist>5:36577|4:41730|3:28420|2:4707|1:985|total:112419</rating_dist>
  <desc_user_id type="integer">5382135</desc_user_id>
  <default_chaptering_book_id type="integer" nil="true"/>
  <default_description_language_code nil="true"/>
</work>
  <average_rating>3.96</average_rating>
  <num_pages><![CDATA[409]]></num_pages>
  <format><![CDATA[Paperback]]></format>
  <edition_information><![CDATA[]]></edition_information>
  <ratings_count><![CDATA[104300]]></ratings_count>
  <text_reviews_count><![CDATA[1268]]></text_reviews_count>
  <url><![CDATA[https://www.goodreads.com/book/show/10628.Night_Shift]]></url>
  <link><![CDATA[https://www.goodreads.com/book/show/10628.Night_Shift]]></link>
  <authors>
<author>
<id>3389</id>
<name>Stephen King</name>
<role></role>
<image_url nophoto='false'>
<![CDATA[https://images.gr-assets.com/authors/1362814142p5/3389.jpg]]>
</image_url>
<small_image_url nophoto='false'>
<![CDATA[https://images.gr-assets.com/authors/1362814142p2/3389.jpg]]>
</small_image_url>
<link><![CDATA[https://www.goodreads.com/author/show/3389.Stephen_King]]></link>
<average_rating>4.01</average_rating>
<ratings_count>10357276</ratings_count>
<text_reviews_count>349176</text_reviews_count>
</author>
<author>
<id>24690</id>
<name>John D. MacDonald</name>
<role>Introduction</role>
<image_url nophoto='false'>
<![CDATA[https://images.gr-assets.com/authors/1225553045p5/24690.jpg]]>
</image_url>
<small_image_url nophoto='false'>
<![CDATA[https://images.gr-assets.com/authors/1225553045p2/24690.jpg]]>
</small_image_url>
<link><![CDATA[https://www.goodreads.com/author/show/24690.John_D_MacDonald]]></link>
<average_rating>3.99</average_rating>
<ratings_count>199120</ratings_count>
<text_reviews_count>5692</text_reviews_count>
</author>
</authors>

    <reviews_widget>
      <![CDATA[
        <style>
  #goodreads-widget {
    font-family: georgia, serif;
    padding: 18px 0;
    width:565px;
  }
  #goodreads-widget h1 {
    font-weight:normal;
    font-size: 16px;
    border-bottom: 1px solid #BBB596;
    margin-bottom: 0;
  }
  #goodreads-widget a {
    text-decoration: none;
    color:#660;
  }
  iframe{
    background-color: #fff;
  }
  #goodreads-widget a:hover { text-decoration: underline; }
  #goodreads-widget a:active {
    color:#660;
  }
  #gr_footer {
    width: 100%;
    border-top: 1px solid #BBB596;
    text-align: right;
  }
  #goodreads-widget .gr_branding{
    color: #382110;
    font-size: 11px;
    text-decoration: none;
    font-family: "Helvetica Neue", Helvetica, Arial, sans-serif;
  }
</style>
<div id="goodreads-widget">
  <div id="gr_header"><h1><a rel="nofollow" href="https://www.goodreads.com/book/show/10628.Night_Shift">Night Shift Reviews</a></h1></div>
  <iframe id="the_iframe" src="https://www.goodreads.com/api/reviews_widget_iframe?did=DEVELOPER_ID&amp;format=html&amp;isbn=0450042685&amp;links=660&amp;min_rating=&amp;review_back=fff&amp;stars=000&amp;text=000" width="565" height="400" frameborder="0"></iframe>
  <div id="gr_footer">
    <a class="gr_branding" target="_blank" rel="nofollow" href="https://www.goodreads.com/book/show/10628.Night_Shift?utm_medium=api&amp;utm_source=reviews_widget">Reviews from Goodreads.com</a>
  </div>
</div>

      ]]>
    </reviews_widget>
  <popular_shelves>
      <shelf name="to-read" count="41018"/>
      <shelf name="horror" count="2990"/>
      <shelf name="stephen-king" count="1575"/>
      <shelf name="currently-reading" count="1272"/>
      <shelf name="fiction" count="862"/>
      <shelf name="short-stories" count="833"/>
      <shelf name="favorites" count="310"/>
      <shelf name="owned" count="273"/>
      <shelf name="books-i-own" count="239"/>
      <shelf name="king" count="220"/>
      <shelf name="thriller" count="188"/>
      <shelf name="default" count="137"/>
      <shelf name="fantasy" count="132"/>
      <shelf name="mystery" count="99"/>
      <shelf name="owned-books" count="96"/>
      <shelf name="anthology" count="74"/>
      <shelf name="suspense" count="65"/>
      <shelf name="supernatural" count="63"/>
      <shelf name="library" count="61"/>
      <shelf name="short-story-collections" count="58"/>
      <shelf name="king-stephen" count="54"/>
      <shelf name="paranormal" count="52"/>
      <shelf name="short-story" count="51"/>
      <shelf name="american" count="50"/>
      <shelf name="stories" count="50"/>
      <shelf name="anthologies" count="50"/>
      <shelf name="ebook" count="49"/>
      <shelf name="horror-thriller" count="47"/>
      <shelf name="to-buy" count="47"/>
      <shelf name="science-fiction" count="45"/>
      <shelf name="collection" count="45"/>
      <shelf name="my-library" count="43"/>
      <shelf name="my-books" count="43"/>
      <shelf name="kindle" count="42"/>
      <shelf name="ebooks" count="38"/>
      <shelf name="sci-fi" count="37"/>
      <shelf name="short" count="36"/>
      <shelf name="adult" count="35"/>
      <shelf name="the-king" count="34"/>
      <shelf name="novels" count="31"/>
      <shelf name="short-fiction" count="31"/>
      <shelf name="wish-list" count="30"/>
      <shelf name="scary" count="29"/>
      <shelf name="books" count="29"/>
      <shelf name="horror-suspense" count="28"/>
      <shelf name="fiction-horror" count="28"/>
      <shelf name="terror" count="28"/>
      <shelf name="collections" count="27"/>
      <shelf name="i-own" count="26"/>
      <shelf name="stephen-king-read" count="25"/>
      <shelf name="re-read" count="25"/>
      <shelf name="ghost" count="24"/>
      <shelf name="favourites" count="24"/>
      <shelf name="short-story-collection" count="24"/>
      <shelf name="adult-fiction" count="24"/>
      <shelf name="movie" count="23"/>
      <shelf name="detective" count="23"/>
      <shelf name="general-fiction" count="23"/>
      <shelf name="own-it" count="23"/>
      <shelf name="e-books" count="22"/>
      <shelf name="stephen-king-books" count="22"/>
      <shelf name="home-library" count="22"/>
      <shelf name="media" count="21"/>
      <shelf name="horror-fiction" count="21"/>
      <shelf name="single" count="20"/>
      <shelf name="calibre" count="20"/>
      <shelf name="tv" count="20"/>
      <shelf name="tie-in" count="20"/>
      <shelf name="tales" count="20"/>
      <shelf name="general" count="20"/>
      <shelf name="paperback" count="20"/>
      <shelf name="mystery-thriller" count="20"/>
      <shelf name="thriller-horror" count="20"/>
      <shelf name="audiobooks" count="19"/>
      <shelf name="author" count="19"/>
      <shelf name="tie-ins" count="19"/>
      <shelf name="my-collection" count="19"/>
      <shelf name="audiobook" count="18"/>
      <shelf name="stephenking" count="18"/>
      <shelf name="creepy" count="18"/>
      <shelf name="finished" count="18"/>
      <shelf name="english" count="17"/>
      <shelf name="have" count="17"/>
      <shelf name="short-stories-novellas" count="17"/>
      <shelf name="sk" count="17"/>
      <shelf name="20th-century" count="17"/>
      <shelf name="e-book" count="16"/>
      <shelf name="read-in-2016" count="16"/>
      <shelf name="contemporary" count="15"/>
      <shelf name="read-in-2013" count="15"/>
      <shelf name="usa" count="15"/>
      <shelf name="s-king" count="15"/>
      <shelf name="genre-horror" count="15"/>
      <shelf name="stephen-king-to-read" count="15"/>
      <shelf name="shorts" count="13"/>
      <shelf name="read-in-2014" count="13"/>
      <shelf name="1970s" count="13"/>
      <shelf name="thrillers" count="13"/>
      <shelf name="author-stephen-king" count="13"/>
      <shelf name="steven-king" count="13"/>
  </popular_shelves>
  <book_links>
    <book_link>
  <id>8</id>
  <name>Libraries</name>
  <link>https://www.goodreads.com/book_link/follow/8</link>
</book_link>

  </book_links>
  <buy_links>
    <buy_link>
<id>1</id>
<name>Amazon</name>
<link>https://www.goodreads.com/book_link/follow/1</link>
</buy_link>
<buy_link>
<id>10</id>
<name>Audible</name>
<link>https://www.goodreads.com/book_link/follow/10</link>
</buy_link>
<buy_link>
<id>3</id>
<name>Barnes &amp; Noble</name>
<link>https://www.goodreads.com/book_link/follow/3</link>
</buy_link>
<buy_link>
<id>1027</id>
<name>Kobo</name>
<link>https://www.goodreads.com/book_link/follow/1027</link>
</buy_link>
<buy_link>
<id>2102</id>
<name>Apple iBooks</name>
<link>https://www.goodreads.com/book_link/follow/2102</link>
</buy_link>
<buy_link>
<id>8036</id>
<name>Google Play</name>
<link>https://www.goodreads.com/book_link/follow/8036</link>
</buy_link>
<buy_link>
<id>4</id>
<name>Abebooks</name>
<link>https://www.goodreads.com/book_link/follow/4</link>
</buy_link>
<buy_link>
<id>882</id>
<name>Book Depository</name>
<link>https://www.goodreads.com/book_link/follow/882</link>
</buy_link>
<buy_link>
<id>9</id>
<name>Indigo</name>
<link>https://www.goodreads.com/book_link/follow/9</link>
</buy_link>
<buy_link>
<id>2</id>
<name>Half.com</name>
<link>https://www.goodreads.com/book_link/follow/2</link>
</buy_link>
<buy_link>
<id>5</id>
<name>Alibris</name>
<link>https://www.goodreads.com/book_link/follow/5</link>
</buy_link>
<buy_link>
<id>107</id>
<name>Better World Books</name>
<link>https://www.goodreads.com/book_link/follow/107</link>
</buy_link>
<buy_link>
<id>7</id>
<name>IndieBound</name>
<link>https://www.goodreads.com/book_link/follow/7</link>
</buy_link>

  </buy_links>
  <series_works>
    <series_work>
<id>901600</id>
<user_position>1-20</user_position>
<series>
<id>177389</id>
<title>
<![CDATA[
    Night Shift
]]>
</title>
<description>
<![CDATA[
    Stories which are collected in [book:Night Shift|10628]
]]>
</description>
<note>
<![CDATA[
]]>
</note>
<series_works_count>26</series_works_count>
<primary_work_count>15</primary_work_count>
<numbered>true</numbered>
</series>

</series_work>

  </series_works>
  <similar_books>
          <book>
<id>10596</id>
<title>The Regulators</title>
<title_without_series>The Regulators</title_without_series>
<link><![CDATA[https://www.goodreads.com/book/show/10596.The_Regulators]]></link>
<small_image_url><![CDATA[https://images.gr-assets.com/books/1364033309s/10596.jpg]]></small_image_url>
<image_url><![CDATA[https://images.gr-assets.com/books/1364033309m/10596.jpg]]></image_url>
<num_pages></num_pages>
<work>
<id>955346</id>
</work>
<isbn>0451191013</isbn>
<isbn13>9780451191014</isbn13>
<average_rating>3.63</average_rating>
<ratings_count>53340</ratings_count>
<publication_year></publication_year>
<publication_month></publication_month>
<publication_day></publication_day>
<authors>
<author>
<id>5858</id>
<name>Richard Bachman</name>
<link><![CDATA[https://www.goodreads.com/author/show/5858.Richard_Bachman]]></link>
</author>
</authors>
</book>

          <book>
<id>291950</id>
<title><![CDATA[Books of Blood: Volume Two (Books of Blood #2)]]></title>
<title_without_series>Books of Blood: Volume Two</title_without_series>
<link><![CDATA[https://www.goodreads.com/book/show/291950.Books_of_Blood]]></link>
<small_image_url><![CDATA[https://s.gr-assets.com/assets/nophoto/book/50x75-a91bf249278a81aabab721ef782c4a74.png]]></small_image_url>
<image_url><![CDATA[https://s.gr-assets.com/assets/nophoto/book/111x148-bcc042a9c91a29c1d680899eff700a03.png]]></image_url>
<num_pages>193</num_pages>
<work>
<id>2156257</id>
</work>
<isbn></isbn>
<isbn13></isbn13>
<average_rating>4.12</average_rating>
<ratings_count>8252</ratings_count>
<publication_year>1986</publication_year>
<publication_month>9</publication_month>
<publication_day></publication_day>
<authors>
<author>
<id>10366</id>
<name>Clive Barker</name>
<link><![CDATA[https://www.goodreads.com/author/show/10366.Clive_Barker]]></link>
</author>
</authors>
</book>

          <book>
<id>564317</id>
<title><![CDATA[The Lurking Fear and Other Stories]]></title>
<title_without_series><![CDATA[The Lurking Fear and Other Stories]]></title_without_series>
<link><![CDATA[https://www.goodreads.com/book/show/564317.The_Lurking_Fear_and_Other_Stories]]></link>
<small_image_url><![CDATA[https://s.gr-assets.com/assets/nophoto/book/50x75-a91bf249278a81aabab721ef782c4a74.png]]></small_image_url>
<image_url><![CDATA[https://s.gr-assets.com/assets/nophoto/book/111x148-bcc042a9c91a29c1d680899eff700a03.png]]></image_url>
<num_pages>182</num_pages>
<work>
<id>551434</id>
</work>
<isbn>0345326040</isbn>
<isbn13>9780345326041</isbn13>
<average_rating>4.20</average_rating>
<ratings_count>2199</ratings_count>
<publication_year>1987</publication_year>
<publication_month>5</publication_month>
<publication_day>12</publication_day>
<authors>
<author>
<id>9494</id>
<name>H.P. Lovecraft</name>
<link><![CDATA[https://www.goodreads.com/author/show/9494.H_P_Lovecraft]]></link>
</author>
</authors>
</book>

          <book>
<id>11555</id>
<title>Blue World</title>
<title_without_series>Blue World</title_without_series>
<link><![CDATA[https://www.goodreads.com/book/show/11555.Blue_World]]></link>
<small_image_url><![CDATA[https://images.gr-assets.com/books/1459352272s/11555.jpg]]></small_image_url>
<image_url><![CDATA[https://images.gr-assets.com/books/1459352272m/11555.jpg]]></image_url>
<num_pages>435</num_pages>
<work>
<id>16692687</id>
</work>
<isbn>0671695185</isbn>
<isbn13>9780671695187</isbn13>
<average_rating>3.91</average_rating>
<ratings_count>4024</ratings_count>
<publication_year>1990</publication_year>
<publication_month>4</publication_month>
<publication_day></publication_day>
<authors>
<author>
<id>5244478</id>
<name>Robert McCammon</name>
<link><![CDATA[https://www.goodreads.com/author/show/5244478.Robert_McCammon]]></link>
</author>
</authors>
</book>

          <book>
<id>19585</id>
<title>Houses Without Doors</title>
<title_without_series>Houses Without Doors</title_without_series>
<link><![CDATA[https://www.goodreads.com/book/show/19585.Houses_Without_Doors]]></link>
<small_image_url><![CDATA[https://s.gr-assets.com/assets/nophoto/book/50x75-a91bf249278a81aabab721ef782c4a74.png]]></small_image_url>
<image_url><![CDATA[https://s.gr-assets.com/assets/nophoto/book/111x148-bcc042a9c91a29c1d680899eff700a03.png]]></image_url>
<num_pages></num_pages>
<work>
<id>398833</id>
</work>
<isbn>0451170822</isbn>
<isbn13>9780451170828</isbn13>
<average_rating>3.76</average_rating>
<ratings_count>1899</ratings_count>
<publication_year></publication_year>
<publication_month></publication_month>
<publication_day></publication_day>
<authors>
<author>
<id>6941</id>
<name>Peter Straub</name>
<link><![CDATA[https://www.goodreads.com/author/show/6941.Peter_Straub]]></link>
</author>
</authors>
</book>

          <book>
<id>47722</id>
<title>Midnight Graffiti</title>
<title_without_series>Midnight Graffiti</title_without_series>
<link><![CDATA[https://www.goodreads.com/book/show/47722.Midnight_Graffiti]]></link>
<small_image_url><![CDATA[https://s.gr-assets.com/assets/nophoto/book/50x75-a91bf249278a81aabab721ef782c4a74.png]]></small_image_url>
<image_url><![CDATA[https://s.gr-assets.com/assets/nophoto/book/111x148-bcc042a9c91a29c1d680899eff700a03.png]]></image_url>
<num_pages></num_pages>
<work>
<id>46715</id>
</work>
<isbn></isbn>
<isbn13>9780446363075</isbn13>
<average_rating>4.00</average_rating>
<ratings_count>939</ratings_count>
<publication_year></publication_year>
<publication_month></publication_month>
<publication_day></publication_day>
<authors>
<author>
<id>963787</id>
<name>Jessica Horsting</name>
<link><![CDATA[https://www.goodreads.com/author/show/963787.Jessica_Horsting]]></link>
</author>
</authors>
</book>

          <book>
<id>179739</id>
<title>Peaceable Kingdom</title>
<title_without_series>Peaceable Kingdom</title_without_series>
<link><![CDATA[https://www.goodreads.com/book/show/179739.Peaceable_Kingdom]]></link>
<small_image_url><![CDATA[https://s.gr-assets.com/assets/nophoto/book/50x75-a91bf249278a81aabab721ef782c4a74.png]]></small_image_url>
<image_url><![CDATA[https://s.gr-assets.com/assets/nophoto/book/111x148-bcc042a9c91a29c1d680899eff700a03.png]]></image_url>
<num_pages>416</num_pages>
<work>
<id>173656</id>
</work>
<isbn>0843952164</isbn>
<isbn13>9780843952162</isbn13>
<average_rating>3.87</average_rating>
<ratings_count>1344</ratings_count>
<publication_year></publication_year>
<publication_month></publication_month>
<publication_day></publication_day>
<authors>
<author>
<id>90070</id>
<name>Jack Ketchum</name>
<link><![CDATA[https://www.goodreads.com/author/show/90070.Jack_Ketchum]]></link>
</author>
</authors>
</book>

          <book>
<id>32445</id>
<title>Strange Highways</title>
<title_without_series>Strange Highways</title_without_series>
<link><![CDATA[https://www.goodreads.com/book/show/32445.Strange_Highways]]></link>
<small_image_url><![CDATA[https://s.gr-assets.com/assets/nophoto/book/50x75-a91bf249278a81aabab721ef782c4a74.png]]></small_image_url>
<image_url><![CDATA[https://s.gr-assets.com/assets/nophoto/book/111x148-bcc042a9c91a29c1d680899eff700a03.png]]></image_url>
<num_pages>576</num_pages>
<work>
<id>22522</id>
</work>
<isbn>0446531383</isbn>
<isbn13>9780446531382</isbn13>
<average_rating>3.83</average_rating>
<ratings_count>15888</ratings_count>
<publication_year>2002</publication_year>
<publication_month>9</publication_month>
<publication_day>29</publication_day>
<authors>
<author>
<id>9355</id>
<name>Dean Koontz</name>
<link><![CDATA[https://www.goodreads.com/author/show/9355.Dean_Koontz]]></link>
</author>
</authors>
</book>

          <book>
<id>33544</id>
<title><![CDATA[Nightmare At 20,000 Feet: Horror Stories]]></title>
<title_without_series><![CDATA[Nightmare At 20,000 Feet: Horror Stories]]></title_without_series>
<link><![CDATA[https://www.goodreads.com/book/show/33544.Nightmare_At_20_000_Feet]]></link>
<small_image_url><![CDATA[https://s.gr-assets.com/assets/nophoto/book/50x75-a91bf249278a81aabab721ef782c4a74.png]]></small_image_url>
<image_url><![CDATA[https://s.gr-assets.com/assets/nophoto/book/111x148-bcc042a9c91a29c1d680899eff700a03.png]]></image_url>
<num_pages>336</num_pages>
<work>
<id>33606</id>
</work>
<isbn>0312878273</isbn>
<isbn13>9780312878276</isbn13>
<average_rating>4.09</average_rating>
<ratings_count>5993</ratings_count>
<publication_year>2002</publication_year>
<publication_month>1</publication_month>
<publication_day>5</publication_day>
<authors>
<author>
<id>8726</id>
<name>Richard Matheson</name>
<link><![CDATA[https://www.goodreads.com/author/show/8726.Richard_Matheson]]></link>
</author>
</authors>
</book>

          <book>
<id>11532</id>
<title>Night Visions 5</title>
<title_without_series>Night Visions 5</title_without_series>
<link><![CDATA[https://www.goodreads.com/book/show/11532.Night_Visions_5]]></link>
<small_image_url><![CDATA[https://images.gr-assets.com/books/1289330105s/11532.jpg]]></small_image_url>
<image_url><![CDATA[https://images.gr-assets.com/books/1289330105m/11532.jpg]]></image_url>
<num_pages>274</num_pages>
<work>
<id>88730</id>
</work>
<isbn>0913165328</isbn>
<isbn13>9780913165324</isbn13>
<average_rating>3.90</average_rating>
<ratings_count>1362</ratings_count>
<publication_year>1988</publication_year>
<publication_month>5</publication_month>
<publication_day></publication_day>
<authors>
<author>
<id>18351</id>
<name>Douglas E. Winter</name>
<link><![CDATA[https://www.goodreads.com/author/show/18351.Douglas_E_Winter]]></link>
</author>
</authors>
</book>

          <book>
<id>816085</id>
<title>Harvest Home</title>
<title_without_series>Harvest Home</title_without_series>
<link><![CDATA[https://www.goodreads.com/book/show/816085.Harvest_Home]]></link>
<small_image_url><![CDATA[https://images.gr-assets.com/books/1328585596s/816085.jpg]]></small_image_url>
<image_url><![CDATA[https://images.gr-assets.com/books/1328585596m/816085.jpg]]></image_url>
<num_pages>401</num_pages>
<work>
<id>915361</id>
</work>
<isbn>0394485289</isbn>
<isbn13>9780394485287</isbn13>
<average_rating>3.90</average_rating>
<ratings_count>5042</ratings_count>
<publication_year>1973</publication_year>
<publication_month>5</publication_month>
<publication_day>12</publication_day>
<authors>
<author>
<id>128447</id>
<name>Thomas Tryon</name>
<link><![CDATA[https://www.goodreads.com/author/show/128447.Thomas_Tryon]]></link>
</author>
</authors>
</book>

          <book>
<id>32461</id>
<title>Ghosts and Grisly Things</title>
<title_without_series>Ghosts and Grisly Things</title_without_series>
<link><![CDATA[https://www.goodreads.com/book/show/32461.Ghosts_and_Grisly_Things]]></link>
<small_image_url><![CDATA[https://images.gr-assets.com/books/1409416740s/32461.jpg]]></small_image_url>
<image_url><![CDATA[https://images.gr-assets.com/books/1409416740m/32461.jpg]]></image_url>
<num_pages>300</num_pages>
<work>
<id>32626</id>
</work>
<isbn>0312867573</isbn>
<isbn13>9780312867577</isbn13>
<average_rating>3.70</average_rating>
<ratings_count>180</ratings_count>
<publication_year>2001</publication_year>
<publication_month>10</publication_month>
<publication_day>11</publication_day>
<authors>
<author>
<id>18253</id>
<name>Ramsey Campbell</name>
<link><![CDATA[https://www.goodreads.com/author/show/18253.Ramsey_Campbell]]></link>
</author>
</authors>
</book>

  </similar_books>
</book>

</GoodreadsResponse>