<?xml version="1.0" encoding="UTF-8"?>
<GoodreadsResponse>
  <Request>
    <authentication>true</authentication>
      <key><![CDATA[all_men_must_serve]]></key>
    <method><![CDATA[book_show]]></method>
  </Request>
  <book>
  <id>106312</id>
  <title><![CDATA[The Twelfth Card (Lincoln Rhyme, #6)]]></title>
  <isbn><![CDATA[0739455834]]></isbn>
  <isbn13><![CDATA[9780739455838]]></isbn13>
  <asin><![CDATA[]]></asin>
  <kindle_asin><![CDATA[B002VHI8K4]]></kindle_asin>
  <marketplace_id><![CDATA[A1F83G8C2ARO7P]]></marketplace_id>
  <country_code><![CDATA[GB]]></country_code>
  <image_url>https://images.gr-assets.com/books/1328407138m/106312.jpg</image_url>
  <small_image_url>https://images.gr-assets.com/books/1328407138s/106312.jpg</small_image_url>
  <publication_year>2005</publication_year>
  <publication_month></publication_month>
  <publication_day></publication_day>
  <publisher>Simon &amp; Schuster</publisher>
  <language_code>eng</language_code>
  <is_ebook>false</is_ebook>
  <description><![CDATA[A high-school girl in Harlem, Geneva Settle, is the target of a ruthless professional killer—Thompson Boyd—who has been hired to murder her for reasons unknown. His first attempt, in a deserted museum early one morning, is a failure but it’s clear to Lincoln Rhyme that he’s going to strike again, from clues the killer leaves behind, one of which is the twelfth card in the tarot deck, The Hanged Man, whose meaning resonates eerily throughout the story.<br /><br />Assisted by Fred Dellray, Mel Cooper and Lon Sellitto (suffering from a severe case of shattered nerves due to a near miss by the killer), Rhyme and partner Amelia Sachs work frantically to learn who the hit man and his partner are and when they will strike next, all the while trying to crack a very “cold” case: Rhyme believes that Geneva may have been targeted because of a paper she’s writing about her ancestor, Charles Singleton, a former slave who was instrumental in the civil rights movement in the 1860s, but who was arrested for theft and disgraced.<br /><br />In his correspondence Charles wrote about a “secret,” that could have tragic consequences if revealed. This secret, which Rhyme is convinced will provide the key to why Geneva is in danger, revolves around some mysterious doings in the area known as Gallows Heights, a neighborhood on the Upper West Side of Manhattan that in the 1860s was a tense mix of wealthy financiers, civil rights leaders, political crooks like Boss Tweed, and working-class laborers and thugs. What was the truth behind the crime Charles was accused of? And what was his secret? Does it have to do with stolen gold? Or does it have a far broader implications?<br /><br />Other complications keep the pot boiling: Rhyme is struggling through extensive therapy; will it have any effect on his quadriplegic conditions? And fiercely independent Geneva Settle battles both the killers and her protectors to maintain order in her life so that she can escape from Harlem to college and Europe as soon as possible.<br /><br />Page Numbers Source ISBN: 0340960620]]></description>
  <work>
  <id type="integer">29083</id>
  <books_count type="integer">58</books_count>
  <best_book_id type="integer">106312</best_book_id>
  <reviews_count type="integer">19777</reviews_count>
  <ratings_sum type="integer">48363</ratings_sum>
  <ratings_count type="integer">12147</ratings_count>
  <text_reviews_count type="integer">497</text_reviews_count>
  <original_publication_year type="integer">2005</original_publication_year>
  <original_publication_month type="integer" nil="true"/>
  <original_publication_day type="integer" nil="true"/>
  <original_title>The Twelfth Card</original_title>
  <original_language_id type="integer" nil="true"/>
  <media_type>book</media_type>
  <rating_dist>5:3649|4:5159|3:2876|2:391|1:72|total:12147</rating_dist>
  <desc_user_id type="integer">27354016</desc_user_id>
  <default_chaptering_book_id type="integer" nil="true"/>
  <default_description_language_code nil="true"/>
</work>
  <average_rating>3.98</average_rating>
  <num_pages><![CDATA[816]]></num_pages>
  <format><![CDATA[Hardcover]]></format>
  <edition_information><![CDATA[Large print edition]]></edition_information>
  <ratings_count><![CDATA[10195]]></ratings_count>
  <text_reviews_count><![CDATA[357]]></text_reviews_count>
  <url><![CDATA[https://www.goodreads.com/book/show/106312.The_Twelfth_Card]]></url>
  <link><![CDATA[https://www.goodreads.com/book/show/106312.The_Twelfth_Card]]></link>
  <authors>
<author>
<id>1612</id>
<name>Jeffery Deaver</name>
<role></role>
<image_url nophoto='false'>
<![CDATA[https://images.gr-assets.com/authors/1305944481p5/1612.jpg]]>
</image_url>
<small_image_url nophoto='false'>
<![CDATA[https://images.gr-assets.com/authors/1305944481p2/1612.jpg]]>
</small_image_url>
<link><![CDATA[https://www.goodreads.com/author/show/1612.Jeffery_Deaver]]></link>
<average_rating>4.00</average_rating>
<ratings_count>431659</ratings_count>
<text_reviews_count>22783</text_reviews_count>
</author>
</authors>

    <reviews_widget>
      <![CDATA[
        <style>
  #goodreads-widget {
    font-family: georgia, serif;
    padding: 18px 0;
    width:565px;
  }
  #goodreads-widget h1 {
    font-weight:normal;
    font-size: 16px;
    border-bottom: 1px solid #BBB596;
    margin-bottom: 0;
  }
  #goodreads-widget a {
    text-decoration: none;
    color:#660;
  }
  iframe{
    background-color: #fff;
  }
  #goodreads-widget a:hover { text-decoration: underline; }
  #goodreads-widget a:active {
    color:#660;
  }
  #gr_footer {
    width: 100%;
    border-top: 1px solid #BBB596;
    text-align: right;
  }
  #goodreads-widget .gr_branding{
    color: #382110;
    font-size: 11px;
    text-decoration: none;
    font-family: "Helvetica Neue", Helvetica, Arial, sans-serif;
  }
</style>
<div id="goodreads-widget">
  <div id="gr_header"><h1><a rel="nofollow" href="https://www.goodreads.com/book/show/106312.The_Twelfth_Card">The Twelfth Card Reviews</a></h1></div>
  <iframe id="the_iframe" src="https://www.goodreads.com/api/reviews_widget_iframe?did=DEVELOPER_ID&amp;format=html&amp;isbn=0739455834&amp;links=660&amp;min_rating=&amp;review_back=fff&amp;stars=000&amp;text=000" width="565" height="400" frameborder="0"></iframe>
  <div id="gr_footer">
    <a class="gr_branding" target="_blank" rel="nofollow" href="https://www.goodreads.com/book/show/106312.The_Twelfth_Card?utm_medium=api&amp;utm_source=reviews_widget">Reviews from Goodreads.com</a>
  </div>
</div>

      ]]>
    </reviews_widget>
  <popular_shelves>
      <shelf name="to-read" count="2154"/>
      <shelf name="currently-reading" count="145"/>
      <shelf name="mystery" count="78"/>
      <shelf name="jeffery-deaver" count="60"/>
      <shelf name="thriller" count="49"/>
      <shelf name="default" count="45"/>
      <shelf name="fiction" count="39"/>
      <shelf name="crime" count="33"/>
      <shelf name="favorites" count="28"/>
      <shelf name="lincoln-rhyme" count="25"/>
      <shelf name="owned" count="25"/>
      <shelf name="deaver" count="23"/>
      <shelf name="owned-books" count="20"/>
      <shelf name="crime-thriller" count="20"/>
      <shelf name="kindle" count="19"/>
      <shelf name="books-i-own" count="17"/>
      <shelf name="mystery-thriller" count="14"/>
      <shelf name="series" count="13"/>
      <shelf name="mysteries" count="12"/>
      <shelf name="audiobook" count="12"/>
      <shelf name="suspense" count="11"/>
      <shelf name="audiobooks" count="11"/>
      <shelf name="audio" count="11"/>
      <shelf name="deaver-jeffery" count="10"/>
      <shelf name="2005" count="9"/>
      <shelf name="english" count="9"/>
      <shelf name="wish-list" count="9"/>
      <shelf name="library" count="8"/>
      <shelf name="jeffrey-deaver" count="8"/>
      <shelf name="paperback" count="8"/>
      <shelf name="to-buy" count="8"/>
      <shelf name="read-in-2016" count="7"/>
      <shelf name="thrillers" count="7"/>
      <shelf name="detective" count="7"/>
      <shelf name="deaver-jeffrey" count="7"/>
      <shelf name="audio-books" count="7"/>
      <shelf name="lincoln-rhyme-series" count="6"/>
      <shelf name="need-to-buy" count="6"/>
      <shelf name="finished" count="6"/>
      <shelf name="mystery-thriller-suspense" count="6"/>
      <shelf name="have" count="6"/>
      <shelf name="crime-mystery-thriller" count="6"/>
      <shelf name="e-book" count="5"/>
      <shelf name="on-kindle" count="5"/>
      <shelf name="mystery-suspense-thriller" count="5"/>
      <shelf name="thriller-crime" count="5"/>
      <shelf name="jeffery-deaver-lincoln-rhyme" count="5"/>
      <shelf name="borrowed" count="5"/>
      <shelf name="mystery-thrillers" count="5"/>
      <shelf name="mystery-crime" count="4"/>
      <shelf name="books" count="4"/>
      <shelf name="unread" count="4"/>
      <shelf name="crime-mystery" count="4"/>
      <shelf name="forensic-thriller" count="4"/>
      <shelf name="read-in-2014" count="4"/>
      <shelf name="serial-killers" count="4"/>
      <shelf name="krimi" count="4"/>
      <shelf name="audible" count="4"/>
      <shelf name="have-book" count="4"/>
      <shelf name="novel" count="4"/>
      <shelf name="novels" count="3"/>
      <shelf name="read-2016" count="3"/>
      <shelf name="home-library" count="3"/>
      <shelf name="drama" count="3"/>
      <shelf name="mysteries-thrillers" count="3"/>
      <shelf name="contemporary" count="3"/>
      <shelf name="books-read" count="3"/>
      <shelf name="ebooks" count="3"/>
      <shelf name="read-2014" count="3"/>
      <shelf name="amelia-sachs" count="3"/>
      <shelf name="law-enforcement" count="3"/>
      <shelf name="usa" count="3"/>
      <shelf name="library-book" count="3"/>
      <shelf name="gialli-e-thriller" count="3"/>
      <shelf name="mystery-detective" count="3"/>
      <shelf name="bought" count="3"/>
      <shelf name="1" count="3"/>
      <shelf name="krimis" count="3"/>
      <shelf name="listened-to" count="3"/>
      <shelf name="purchased" count="3"/>
      <shelf name="hardback" count="3"/>
      <shelf name="on-the-shelf" count="3"/>
      <shelf name="read-in-2012" count="3"/>
      <shelf name="detective-mystery" count="3"/>
      <shelf name="d" count="3"/>
      <shelf name="detective-fiction" count="3"/>
      <shelf name="incipitinwikiquote" count="3"/>
      <shelf name="have-read" count="3"/>
      <shelf name="hardcover" count="3"/>
      <shelf name="contemporary-fiction" count="3"/>
      <shelf name="audio-book" count="3"/>
      <shelf name="buy" count="3"/>
      <shelf name="suspense-mystery" count="3"/>
      <shelf name="pop-fiction" count="3"/>
      <shelf name="general-fiction" count="3"/>
      <shelf name="own-to-read" count="2"/>
      <shelf name="read-in-2017" count="2"/>
      <shelf name="series-in-progress" count="2"/>
      <shelf name="jefferey-deaver" count="2"/>
      <shelf name="jeffery-deavers" count="2"/>
  </popular_shelves>
  <book_links>
    <book_link>
  <id>8</id>
  <name>Libraries</name>
  <link>https://www.goodreads.com/book_link/follow/8</link>
</book_link>

  </book_links>
  <buy_links>
    <buy_link>
<id>1</id>
<name>Amazon</name>
<link>https://www.goodreads.com/book_link/follow/1</link>
</buy_link>
<buy_link>
<id>10</id>
<name>Audible</name>
<link>https://www.goodreads.com/book_link/follow/10</link>
</buy_link>
<buy_link>
<id>3</id>
<name>Barnes &amp; Noble</name>
<link>https://www.goodreads.com/book_link/follow/3</link>
</buy_link>
<buy_link>
<id>1027</id>
<name>Kobo</name>
<link>https://www.goodreads.com/book_link/follow/1027</link>
</buy_link>
<buy_link>
<id>2102</id>
<name>Apple iBooks</name>
<link>https://www.goodreads.com/book_link/follow/2102</link>
</buy_link>
<buy_link>
<id>8036</id>
<name>Google Play</name>
<link>https://www.goodreads.com/book_link/follow/8036</link>
</buy_link>
<buy_link>
<id>4</id>
<name>Abebooks</name>
<link>https://www.goodreads.com/book_link/follow/4</link>
</buy_link>
<buy_link>
<id>882</id>
<name>Book Depository</name>
<link>https://www.goodreads.com/book_link/follow/882</link>
</buy_link>
<buy_link>
<id>9</id>
<name>Indigo</name>
<link>https://www.goodreads.com/book_link/follow/9</link>
</buy_link>
<buy_link>
<id>2</id>
<name>Half.com</name>
<link>https://www.goodreads.com/book_link/follow/2</link>
</buy_link>
<buy_link>
<id>5</id>
<name>Alibris</name>
<link>https://www.goodreads.com/book_link/follow/5</link>
</buy_link>
<buy_link>
<id>107</id>
<name>Better World Books</name>
<link>https://www.goodreads.com/book_link/follow/107</link>
</buy_link>
<buy_link>
<id>7</id>
<name>IndieBound</name>
<link>https://www.goodreads.com/book_link/follow/7</link>
</buy_link>

  </buy_links>
  <series_works>
    <series_work>
<id>144806</id>
<user_position>6</user_position>
<series>
<id>40606</id>
<title>
<![CDATA[
    Lincoln Rhyme
]]>
</title>
<description>
<![CDATA[
    Lincoln Rhyme is a former NYPD Homicide Detective who is now a Forensic Consultant with the Dept. since he became a quadriplegic. He is partnered with Amelia Sachs who acts as his eyes as she walks crime scenes.
]]>
</description>
<note>
<![CDATA[
    changed paraplegic to quadriplegic
]]>
</note>
<series_works_count>21</series_works_count>
<primary_work_count>13</primary_work_count>
<numbered>true</numbered>
</series>

</series_work>
<series_work>
<id>1033261</id>
<user_position>6</user_position>
<series>
<id>201487</id>
<title>
<![CDATA[
    Lincoln Rhyme & Kathryn Dance
]]>
</title>
<description>
<![CDATA[
    Reading order for those following both series since Kathryn Dance appears in both.
]]>
</description>
<note>
<![CDATA[
]]>
</note>
<series_works_count>17</series_works_count>
<primary_work_count>17</primary_work_count>
<numbered>true</numbered>
</series>

</series_work>

  </series_works>
  <similar_books>
          <book>
<id>264428</id>
<title><![CDATA[A Killing Night (Max Freeman, #4)]]></title>
<title_without_series>A Killing Night</title_without_series>
<link><![CDATA[https://www.goodreads.com/book/show/264428.A_Killing_Night]]></link>
<small_image_url><![CDATA[https://images.gr-assets.com/books/1309199826s/264428.jpg]]></small_image_url>
<image_url><![CDATA[https://images.gr-assets.com/books/1309199826m/264428.jpg]]></image_url>
<num_pages>283</num_pages>
<work>
<id>2338843</id>
</work>
<isbn>0451218167</isbn>
<isbn13>9780451218162</isbn13>
<average_rating>3.86</average_rating>
<ratings_count>305</ratings_count>
<publication_year>2006</publication_year>
<publication_month>4</publication_month>
<publication_day></publication_day>
<authors>
<author>
<id>145506</id>
<name>Jonathon King</name>
<link><![CDATA[https://www.goodreads.com/author/show/145506.Jonathon_King]]></link>
</author>
</authors>
</book>

          <book>
<id>964993</id>
<title>Buried (Tom Thorne, #6)</title>
<title_without_series>Buried</title_without_series>
<link><![CDATA[https://www.goodreads.com/book/show/964993.Buried]]></link>
<small_image_url><![CDATA[https://images.gr-assets.com/books/1351815593s/964993.jpg]]></small_image_url>
<image_url><![CDATA[https://images.gr-assets.com/books/1351815593m/964993.jpg]]></image_url>
<num_pages></num_pages>
<work>
<id>1963215</id>
</work>
<isbn>0751537241</isbn>
<isbn13>9780751537246</isbn13>
<average_rating>3.92</average_rating>
<ratings_count>2553</ratings_count>
<publication_year></publication_year>
<publication_month></publication_month>
<publication_day></publication_day>
<authors>
<author>
<id>142411</id>
<name>Mark Billingham</name>
<link><![CDATA[https://www.goodreads.com/author/show/142411.Mark_Billingham]]></link>
</author>
</authors>
</book>

          <book>
<id>172918</id>
<title><![CDATA[A Cold Heart (Alex Delaware, #17)]]></title>
<title_without_series>A Cold Heart</title_without_series>
<link><![CDATA[https://www.goodreads.com/book/show/172918.A_Cold_Heart]]></link>
<small_image_url><![CDATA[https://images.gr-assets.com/books/1334496152s/172918.jpg]]></small_image_url>
<image_url><![CDATA[https://images.gr-assets.com/books/1334496152m/172918.jpg]]></image_url>
<num_pages>413</num_pages>
<work>
<id>2514084</id>
</work>
<isbn>0345452569</isbn>
<isbn13>9780345452566</isbn13>
<average_rating>3.85</average_rating>
<ratings_count>7320</ratings_count>
<publication_year></publication_year>
<publication_month></publication_month>
<publication_day></publication_day>
<authors>
<author>
<id>43626</id>
<name>Jonathan Kellerman</name>
<link><![CDATA[https://www.goodreads.com/author/show/43626.Jonathan_Kellerman]]></link>
</author>
</authors>
</book>

          <book>
<id>179107</id>
<title><![CDATA[Dead Secret (Diane Fallon Forensic Investigation, #3)]]></title>
<title_without_series>Dead Secret</title_without_series>
<link><![CDATA[https://www.goodreads.com/book/show/179107.Dead_Secret]]></link>
<small_image_url><![CDATA[https://images.gr-assets.com/books/1309209953s/179107.jpg]]></small_image_url>
<image_url><![CDATA[https://images.gr-assets.com/books/1309209953m/179107.jpg]]></image_url>
<num_pages></num_pages>
<work>
<id>173034</id>
</work>
<isbn>0451411927</isbn>
<isbn13>9780451411921</isbn13>
<average_rating>4.06</average_rating>
<ratings_count>997</ratings_count>
<publication_year></publication_year>
<publication_month></publication_month>
<publication_day></publication_day>
<authors>
<author>
<id>104356</id>
<name>Beverly Connor</name>
<link><![CDATA[https://www.goodreads.com/author/show/104356.Beverly_Connor]]></link>
</author>
</authors>
</book>

          <book>
<id>246273</id>
<title><![CDATA[Death Dance (Alexandra Cooper, #8)]]></title>
<title_without_series>Death Dance</title_without_series>
<link><![CDATA[https://www.goodreads.com/book/show/246273.Death_Dance]]></link>
<small_image_url><![CDATA[https://s.gr-assets.com/assets/nophoto/book/50x75-a91bf249278a81aabab721ef782c4a74.png]]></small_image_url>
<image_url><![CDATA[https://s.gr-assets.com/assets/nophoto/book/111x148-bcc042a9c91a29c1d680899eff700a03.png]]></image_url>
<num_pages></num_pages>
<work>
<id>2563687</id>
</work>
<isbn>074348228X</isbn>
<isbn13>9780743482288</isbn13>
<average_rating>3.84</average_rating>
<ratings_count>3228</ratings_count>
<publication_year></publication_year>
<publication_month></publication_month>
<publication_day></publication_day>
<authors>
<author>
<id>48895</id>
<name>Linda Fairstein</name>
<link><![CDATA[https://www.goodreads.com/author/show/48895.Linda_Fairstein]]></link>
</author>
</authors>
</book>

          <book>
<id>269240</id>
<title>Flight (Irene Kelly, #8)</title>
<title_without_series>Flight</title_without_series>
<link><![CDATA[https://www.goodreads.com/book/show/269240.Flight]]></link>
<small_image_url><![CDATA[https://s.gr-assets.com/assets/nophoto/book/50x75-a91bf249278a81aabab721ef782c4a74.png]]></small_image_url>
<image_url><![CDATA[https://s.gr-assets.com/assets/nophoto/book/111x148-bcc042a9c91a29c1d680899eff700a03.png]]></image_url>
<num_pages>560</num_pages>
<work>
<id>260996</id>
</work>
<isbn>0743439775</isbn>
<isbn13>9780743439770</isbn13>
<average_rating>3.97</average_rating>
<ratings_count>993</ratings_count>
<publication_year>2002</publication_year>
<publication_month>4</publication_month>
<publication_day>1</publication_day>
<authors>
<author>
<id>44540</id>
<name>Jan Burke</name>
<link><![CDATA[https://www.goodreads.com/author/show/44540.Jan_Burke]]></link>
</author>
</authors>
</book>

          <book>
<id>239150</id>
<title><![CDATA[Find Me (Kathleen Mallory, #9)]]></title>
<title_without_series>Find Me</title_without_series>
<link><![CDATA[https://www.goodreads.com/book/show/239150.Find_Me]]></link>
<small_image_url><![CDATA[https://s.gr-assets.com/assets/nophoto/book/50x75-a91bf249278a81aabab721ef782c4a74.png]]></small_image_url>
<image_url><![CDATA[https://s.gr-assets.com/assets/nophoto/book/111x148-bcc042a9c91a29c1d680899eff700a03.png]]></image_url>
<num_pages></num_pages>
<work>
<id>3752940</id>
</work>
<isbn>0399153950</isbn>
<isbn13>9780399153952</isbn13>
<average_rating>4.10</average_rating>
<ratings_count>2134</ratings_count>
<publication_year></publication_year>
<publication_month></publication_month>
<publication_day></publication_day>
<authors>
<author>
<id>42353</id>
<name>Carol O&apos;Connell</name>
<link><![CDATA[https://www.goodreads.com/author/show/42353.Carol_O_Connell]]></link>
</author>
</authors>
</book>

          <book>
<id>5957702</id>
<title><![CDATA[206 Bones (Temperance Brennan, #12)]]></title>
<title_without_series>206 Bones</title_without_series>
<link><![CDATA[https://www.goodreads.com/book/show/5957702-206-bones]]></link>
<small_image_url><![CDATA[https://s.gr-assets.com/assets/nophoto/book/50x75-a91bf249278a81aabab721ef782c4a74.png]]></small_image_url>
<image_url><![CDATA[https://s.gr-assets.com/assets/nophoto/book/111x148-bcc042a9c91a29c1d680899eff700a03.png]]></image_url>
<num_pages>308</num_pages>
<work>
<id>6130410</id>
</work>
<isbn>0743294394</isbn>
<isbn13>9780743294393</isbn13>
<average_rating>3.92</average_rating>
<ratings_count>19527</ratings_count>
<publication_year></publication_year>
<publication_month></publication_month>
<publication_day></publication_day>
<authors>
<author>
<id>26372</id>
<name>Kathy Reichs</name>
<link><![CDATA[https://www.goodreads.com/author/show/26372.Kathy_Reichs]]></link>
</author>
</authors>
</book>

          <book>
<id>6740219</id>
<title><![CDATA[The Bone Thief (Body Farm, #5)]]></title>
<title_without_series>The Bone Thief</title_without_series>
<link><![CDATA[https://www.goodreads.com/book/show/6740219-the-bone-thief]]></link>
<small_image_url><![CDATA[https://images.gr-assets.com/books/1366336577s/6740219.jpg]]></small_image_url>
<image_url><![CDATA[https://images.gr-assets.com/books/1366336577m/6740219.jpg]]></image_url>
<num_pages>356</num_pages>
<work>
<id>6936542</id>
</work>
<isbn>0061284769</isbn>
<isbn13>9780061284762</isbn13>
<average_rating>4.03</average_rating>
<ratings_count>3964</ratings_count>
<publication_year>2010</publication_year>
<publication_month>3</publication_month>
<publication_day>23</publication_day>
<authors>
<author>
<id>2747568</id>
<name>Jefferson Bass</name>
<link><![CDATA[https://www.goodreads.com/author/show/2747568.Jefferson_Bass]]></link>
</author>
</authors>
</book>

          <book>
<id>7927358</id>
<title><![CDATA[The Calling of the Grave (David Hunter, #4)]]></title>
<title_without_series>The Calling of the Grave</title_without_series>
<link><![CDATA[https://www.goodreads.com/book/show/7927358-the-calling-of-the-grave]]></link>
<small_image_url><![CDATA[https://s.gr-assets.com/assets/nophoto/book/50x75-a91bf249278a81aabab721ef782c4a74.png]]></small_image_url>
<image_url><![CDATA[https://s.gr-assets.com/assets/nophoto/book/111x148-bcc042a9c91a29c1d680899eff700a03.png]]></image_url>
<num_pages>327</num_pages>
<work>
<id>11243745</id>
</work>
<isbn>0593063457</isbn>
<isbn13>9780593063453</isbn13>
<average_rating>3.91</average_rating>
<ratings_count>4605</ratings_count>
<publication_year>2011</publication_year>
<publication_month>2</publication_month>
<publication_day>3</publication_day>
<authors>
<author>
<id>26024</id>
<name>Simon Beckett</name>
<link><![CDATA[https://www.goodreads.com/author/show/26024.Simon_Beckett]]></link>
</author>
</authors>
</book>

          <book>
<id>2515832</id>
<title><![CDATA[The Reapers (Charlie Parker, #7)]]></title>
<title_without_series>The Reapers</title_without_series>
<link><![CDATA[https://www.goodreads.com/book/show/2515832.The_Reapers]]></link>
<small_image_url><![CDATA[https://images.gr-assets.com/books/1408927170s/2515832.jpg]]></small_image_url>
<image_url><![CDATA[https://images.gr-assets.com/books/1408927170m/2515832.jpg]]></image_url>
<num_pages>453</num_pages>
<work>
<id>2425284</id>
</work>
<isbn>0340936657</isbn>
<isbn13>9780340936658</isbn13>
<average_rating>4.05</average_rating>
<ratings_count>5081</ratings_count>
<publication_year>2008</publication_year>
<publication_month>5</publication_month>
<publication_day>1</publication_day>
<authors>
<author>
<id>38951</id>
<name>John Connolly</name>
<link><![CDATA[https://www.goodreads.com/author/show/38951.John_Connolly]]></link>
</author>
</authors>
</book>

          <book>
<id>6878614</id>
<title><![CDATA[Storm Prey (Lucas Davenport, #20)]]></title>
<title_without_series>Storm Prey</title_without_series>
<link><![CDATA[https://www.goodreads.com/book/show/6878614-storm-prey]]></link>
<small_image_url><![CDATA[https://images.gr-assets.com/books/1272913373s/6878614.jpg]]></small_image_url>
<image_url><![CDATA[https://images.gr-assets.com/books/1272913373m/6878614.jpg]]></image_url>
<num_pages></num_pages>
<work>
<id>7096036</id>
</work>
<isbn>1847376177</isbn>
<isbn13>9781847376176</isbn13>
<average_rating>4.15</average_rating>
<ratings_count>13974</ratings_count>
<publication_year></publication_year>
<publication_month></publication_month>
<publication_day></publication_day>
<authors>
<author>
<id>4610</id>
<name>John Sandford</name>
<link><![CDATA[https://www.goodreads.com/author/show/4610.John_Sandford]]></link>
</author>
</authors>
</book>

          <book>
<id>545838</id>
<title>Call After Midnight</title>
<title_without_series>Call After Midnight</title_without_series>
<link><![CDATA[https://www.goodreads.com/book/show/545838.Call_After_Midnight]]></link>
<small_image_url><![CDATA[https://s.gr-assets.com/assets/nophoto/book/50x75-a91bf249278a81aabab721ef782c4a74.png]]></small_image_url>
<image_url><![CDATA[https://s.gr-assets.com/assets/nophoto/book/111x148-bcc042a9c91a29c1d680899eff700a03.png]]></image_url>
<num_pages>256</num_pages>
<work>
<id>1012475</id>
</work>
<isbn>1551668343</isbn>
<isbn13>9781551668345</isbn13>
<average_rating>3.62</average_rating>
<ratings_count>3002</ratings_count>
<publication_year>2001</publication_year>
<publication_month>7</publication_month>
<publication_day>1</publication_day>
<authors>
<author>
<id>18149</id>
<name>Tess Gerritsen</name>
<link><![CDATA[https://www.goodreads.com/author/show/18149.Tess_Gerritsen]]></link>
</author>
</authors>
</book>

  </similar_books>
</book>

</GoodreadsResponse>