<?xml version="1.0" encoding="UTF-8"?>
<GoodreadsResponse>
  <Request>
    <authentication>true</authentication>
      <key><![CDATA[all_men_must_serve]]></key>
    <method><![CDATA[book_show]]></method>
  </Request>
  <book>
  <id>10637748</id>
  <title>The Pledge (The Pledge, #1)</title>
  <isbn><![CDATA[1442422017]]></isbn>
  <isbn13><![CDATA[9781442422018]]></isbn13>
  <asin><![CDATA[]]></asin>
  <kindle_asin><![CDATA[B0077RQSKA]]></kindle_asin>
  <marketplace_id><![CDATA[A1F83G8C2ARO7P]]></marketplace_id>
  <country_code><![CDATA[GB]]></country_code>
  <image_url>https://images.gr-assets.com/books/1327878861m/10637748.jpg</image_url>
  <small_image_url>https://images.gr-assets.com/books/1327878861s/10637748.jpg</small_image_url>
  <publication_year>2011</publication_year>
  <publication_month>11</publication_month>
  <publication_day>15</publication_day>
  <publisher>Margaret K. McElderry</publisher>
  <language_code>eng</language_code>
  <is_ebook>false</is_ebook>
  <description><![CDATA[In the violent country of Ludania, the classes are strictly divided by the language they speak. The smallest transgression, like looking a member of a higher class in the eye while they are speaking their native tongue, results in immediate execution. Seventeen-year-old Charlaina has always been able to understand the languages of all classes, and she's spent her life trying to hide her secret. The only place she can really be free is the drug-fueled underground clubs where people go to shake off the oppressive rules of the world they live in. It's there that she meets a beautiful and mysterious boy named Max who speaks a language she's never heard before . . . and her secret is almost exposed.<br /><br />Charlie is intensely attracted to Max, even though she can't be sure where his real loyalties lie. As the emergency drills give way to real crisis and the violence escalates, it becomes clear that Charlie is the key to something much bigger: her country's only chance for freedom from the terrible power of a deadly regime.]]></description>
  <work>
  <id type="integer">15367524</id>
  <books_count type="integer">22</books_count>
  <best_book_id type="integer">10637748</best_book_id>
  <reviews_count type="integer">83251</reviews_count>
  <ratings_sum type="integer">101358</ratings_sum>
  <ratings_count type="integer">26656</ratings_count>
  <text_reviews_count type="integer">2420</text_reviews_count>
  <original_publication_year type="integer">2011</original_publication_year>
  <original_publication_month type="integer">10</original_publication_month>
  <original_publication_day type="integer">1</original_publication_day>
  <original_title>The Pledge</original_title>
  <original_language_id type="integer" nil="true"/>
  <media_type>book</media_type>
  <rating_dist>5:7758|4:9377|3:6699|2:2141|1:681|total:26656</rating_dist>
  <desc_user_id type="integer">17220196</desc_user_id>
  <default_chaptering_book_id type="integer" nil="true"/>
  <default_description_language_code nil="true"/>
</work>
  <average_rating>3.80</average_rating>
  <num_pages><![CDATA[323]]></num_pages>
  <format><![CDATA[Hardcover]]></format>
  <edition_information><![CDATA[]]></edition_information>
  <ratings_count><![CDATA[25333]]></ratings_count>
  <text_reviews_count><![CDATA[2151]]></text_reviews_count>
  <url><![CDATA[https://www.goodreads.com/book/show/10637748-the-pledge]]></url>
  <link><![CDATA[https://www.goodreads.com/book/show/10637748-the-pledge]]></link>
  <authors>
<author>
<id>2755160</id>
<name>Kimberly Derting</name>
<role></role>
<image_url nophoto='false'>
<![CDATA[https://images.gr-assets.com/authors/1364234579p5/2755160.jpg]]>
</image_url>
<small_image_url nophoto='false'>
<![CDATA[https://images.gr-assets.com/authors/1364234579p2/2755160.jpg]]>
</small_image_url>
<link><![CDATA[https://www.goodreads.com/author/show/2755160.Kimberly_Derting]]></link>
<average_rating>3.93</average_rating>
<ratings_count>135715</ratings_count>
<text_reviews_count>12674</text_reviews_count>
</author>
</authors>

    <reviews_widget>
      <![CDATA[
        <style>
  #goodreads-widget {
    font-family: georgia, serif;
    padding: 18px 0;
    width:565px;
  }
  #goodreads-widget h1 {
    font-weight:normal;
    font-size: 16px;
    border-bottom: 1px solid #BBB596;
    margin-bottom: 0;
  }
  #goodreads-widget a {
    text-decoration: none;
    color:#660;
  }
  iframe{
    background-color: #fff;
  }
  #goodreads-widget a:hover { text-decoration: underline; }
  #goodreads-widget a:active {
    color:#660;
  }
  #gr_footer {
    width: 100%;
    border-top: 1px solid #BBB596;
    text-align: right;
  }
  #goodreads-widget .gr_branding{
    color: #382110;
    font-size: 11px;
    text-decoration: none;
    font-family: "Helvetica Neue", Helvetica, Arial, sans-serif;
  }
</style>
<div id="goodreads-widget">
  <div id="gr_header"><h1><a rel="nofollow" href="https://www.goodreads.com/book/show/10637748-the-pledge">The Pledge Reviews</a></h1></div>
  <iframe id="the_iframe" src="https://www.goodreads.com/api/reviews_widget_iframe?did=DEVELOPER_ID&amp;format=html&amp;isbn=1442422017&amp;links=660&amp;min_rating=&amp;review_back=fff&amp;stars=000&amp;text=000" width="565" height="400" frameborder="0"></iframe>
  <div id="gr_footer">
    <a class="gr_branding" target="_blank" rel="nofollow" href="https://www.goodreads.com/book/show/10637748-the-pledge?utm_medium=api&amp;utm_source=reviews_widget">Reviews from Goodreads.com</a>
  </div>
</div>

      ]]>
    </reviews_widget>
  <popular_shelves>
      <shelf name="to-read" count="19865"/>
      <shelf name="dystopian" count="822"/>
      <shelf name="young-adult" count="777"/>
      <shelf name="fantasy" count="642"/>
      <shelf name="dystopia" count="593"/>
      <shelf name="favorites" count="437"/>
      <shelf name="ya" count="420"/>
      <shelf name="currently-reading" count="339"/>
      <shelf name="romance" count="293"/>
      <shelf name="series" count="285"/>
      <shelf name="books-i-own" count="176"/>
      <shelf name="paranormal" count="174"/>
      <shelf name="magic" count="162"/>
      <shelf name="science-fiction" count="109"/>
      <shelf name="fiction" count="99"/>
      <shelf name="to-buy" count="88"/>
      <shelf name="wish-list" count="86"/>
      <shelf name="sci-fi" count="85"/>
      <shelf name="owned" count="83"/>
      <shelf name="maybe" count="76"/>
      <shelf name="library" count="67"/>
      <shelf name="read-in-2012" count="65"/>
      <shelf name="supernatural" count="61"/>
      <shelf name="ebook" count="60"/>
      <shelf name="teen" count="58"/>
      <shelf name="kindle" count="57"/>
      <shelf name="the-pledge" count="48"/>
      <shelf name="first-in-series" count="48"/>
      <shelf name="dnf" count="39"/>
      <shelf name="ebooks" count="39"/>
      <shelf name="read-in-2013" count="37"/>
      <shelf name="reviewed" count="36"/>
      <shelf name="read-2012" count="33"/>
      <shelf name="urban-fantasy" count="32"/>
      <shelf name="arc" count="31"/>
      <shelf name="read-in-2011" count="31"/>
      <shelf name="ya-dystopian" count="30"/>
      <shelf name="want-to-read" count="30"/>
      <shelf name="owned-books" count="29"/>
      <shelf name="ya-fiction" count="29"/>
      <shelf name="royalty" count="28"/>
      <shelf name="ya-fantasy" count="28"/>
      <shelf name="have" count="27"/>
      <shelf name="kimberly-derting" count="27"/>
      <shelf name="must-read" count="27"/>
      <shelf name="meh" count="26"/>
      <shelf name="young-adult-fiction" count="26"/>
      <shelf name="read-in-2014" count="25"/>
      <shelf name="trilogy" count="25"/>
      <shelf name="paranormal-romance" count="25"/>
      <shelf name="i-own" count="24"/>
      <shelf name="series-to-read" count="24"/>
      <shelf name="did-not-finish" count="23"/>
      <shelf name="e-book" count="23"/>
      <shelf name="favourites" count="23"/>
      <shelf name="2012-reads" count="21"/>
      <shelf name="audiobook" count="21"/>
      <shelf name="want" count="21"/>
      <shelf name="my-books" count="20"/>
      <shelf name="signed" count="20"/>
      <shelf name="high-fantasy" count="20"/>
      <shelf name="cover-love" count="20"/>
      <shelf name="need-to-buy" count="20"/>
      <shelf name="dystopian-post-apocalyptic" count="20"/>
      <shelf name="read-2014" count="19"/>
      <shelf name="read-2013" count="19"/>
      <shelf name="distopian" count="19"/>
      <shelf name="to-read-series" count="19"/>
      <shelf name="dystopian-fiction" count="19"/>
      <shelf name="mystery" count="19"/>
      <shelf name="favorite-books" count="19"/>
      <shelf name="adventure" count="19"/>
      <shelf name="ya-dystopia" count="18"/>
      <shelf name="part-of-a-series" count="18"/>
      <shelf name="maybe-read" count="18"/>
      <shelf name="ya-to-read" count="18"/>
      <shelf name="might-read" count="18"/>
      <shelf name="2011-releases" count="18"/>
      <shelf name="future" count="17"/>
      <shelf name="post-apocalyptic" count="17"/>
      <shelf name="library-books" count="16"/>
      <shelf name="e-books" count="16"/>
      <shelf name="ya-romance" count="16"/>
      <shelf name="reread" count="15"/>
      <shelf name="first-in-a-series" count="15"/>
      <shelf name="books-i-want" count="15"/>
      <shelf name="books-to-buy" count="15"/>
      <shelf name="dystopias" count="15"/>
      <shelf name="to-get" count="15"/>
      <shelf name="new-series" count="14"/>
      <shelf name="4-star" count="14"/>
      <shelf name="series-to-start" count="14"/>
      <shelf name="english" count="14"/>
      <shelf name="boring" count="14"/>
      <shelf name="really-want-to-read" count="14"/>
      <shelf name="abandoned" count="14"/>
      <shelf name="lost-interest" count="14"/>
      <shelf name="ya-books" count="14"/>
      <shelf name="to-review" count="14"/>
      <shelf name="for-review" count="14"/>
  </popular_shelves>
  <book_links>
    <book_link>
  <id>8</id>
  <name>Libraries</name>
  <link>https://www.goodreads.com/book_link/follow/8</link>
</book_link>

  </book_links>
  <buy_links>
    <buy_link>
<id>1</id>
<name>Amazon</name>
<link>https://www.goodreads.com/book_link/follow/1</link>
</buy_link>
<buy_link>
<id>10</id>
<name>Audible</name>
<link>https://www.goodreads.com/book_link/follow/10</link>
</buy_link>
<buy_link>
<id>3</id>
<name>Barnes &amp; Noble</name>
<link>https://www.goodreads.com/book_link/follow/3</link>
</buy_link>
<buy_link>
<id>1027</id>
<name>Kobo</name>
<link>https://www.goodreads.com/book_link/follow/1027</link>
</buy_link>
<buy_link>
<id>2102</id>
<name>Apple iBooks</name>
<link>https://www.goodreads.com/book_link/follow/2102</link>
</buy_link>
<buy_link>
<id>8036</id>
<name>Google Play</name>
<link>https://www.goodreads.com/book_link/follow/8036</link>
</buy_link>
<buy_link>
<id>4</id>
<name>Abebooks</name>
<link>https://www.goodreads.com/book_link/follow/4</link>
</buy_link>
<buy_link>
<id>882</id>
<name>Book Depository</name>
<link>https://www.goodreads.com/book_link/follow/882</link>
</buy_link>
<buy_link>
<id>9</id>
<name>Indigo</name>
<link>https://www.goodreads.com/book_link/follow/9</link>
</buy_link>
<buy_link>
<id>2</id>
<name>Half.com</name>
<link>https://www.goodreads.com/book_link/follow/2</link>
</buy_link>
<buy_link>
<id>5</id>
<name>Alibris</name>
<link>https://www.goodreads.com/book_link/follow/5</link>
</buy_link>
<buy_link>
<id>107</id>
<name>Better World Books</name>
<link>https://www.goodreads.com/book_link/follow/107</link>
</buy_link>
<buy_link>
<id>7</id>
<name>IndieBound</name>
<link>https://www.goodreads.com/book_link/follow/7</link>
</buy_link>

  </buy_links>
  <series_works>
    <series_work>
<id>292890</id>
<user_position>1</user_position>
<series>
<id>66354</id>
<title>
<![CDATA[
    The Pledge
]]>
</title>
<description>
<![CDATA[
]]>
</description>
<note>
<![CDATA[
]]>
</note>
<series_works_count>4</series_works_count>
<primary_work_count>3</primary_work_count>
<numbered>true</numbered>
</series>

</series_work>

  </series_works>
  <similar_books>
          <book>
<id>18159085</id>
<title><![CDATA[The Bane (The Eden Trilogy, #1)]]></title>
<title_without_series>The Bane</title_without_series>
<link><![CDATA[https://www.goodreads.com/book/show/18159085-the-bane]]></link>
<small_image_url><![CDATA[https://images.gr-assets.com/books/1373207347s/18159085.jpg]]></small_image_url>
<image_url><![CDATA[https://images.gr-assets.com/books/1373207347m/18159085.jpg]]></image_url>
<num_pages>352</num_pages>
<work>
<id>14522684</id>
</work>
<isbn></isbn>
<isbn13></isbn13>
<average_rating>3.87</average_rating>
<ratings_count>4734</ratings_count>
<publication_year>2013</publication_year>
<publication_month>3</publication_month>
<publication_day>4</publication_day>
<authors>
<author>
<id>3420702</id>
<name>Keary Taylor</name>
<link><![CDATA[https://www.goodreads.com/author/show/3420702.Keary_Taylor]]></link>
</author>
</authors>
</book>

          <book>
<id>9749291</id>
<title>Neva</title>
<title_without_series>Neva</title_without_series>
<link><![CDATA[https://www.goodreads.com/book/show/9749291-neva]]></link>
<small_image_url><![CDATA[https://images.gr-assets.com/books/1327440614s/9749291.jpg]]></small_image_url>
<image_url><![CDATA[https://images.gr-assets.com/books/1327440614m/9749291.jpg]]></image_url>
<num_pages>349</num_pages>
<work>
<id>11244543</id>
</work>
<isbn>3426283484</isbn>
<isbn13>9783426283486</isbn13>
<average_rating>3.50</average_rating>
<ratings_count>1962</ratings_count>
<publication_year>2011</publication_year>
<publication_month>3</publication_month>
<publication_day>14</publication_day>
<authors>
<author>
<id>1320312</id>
<name>Sara Grant</name>
<link><![CDATA[https://www.goodreads.com/author/show/1320312.Sara_Grant]]></link>
</author>
</authors>
</book>

          <book>
<id>6933141</id>
<title>XVI (XVI, #1)</title>
<title_without_series>XVI</title_without_series>
<link><![CDATA[https://www.goodreads.com/book/show/6933141-xvi]]></link>
<small_image_url><![CDATA[https://images.gr-assets.com/books/1277846885s/6933141.jpg]]></small_image_url>
<image_url><![CDATA[https://images.gr-assets.com/books/1277846885m/6933141.jpg]]></image_url>
<num_pages>325</num_pages>
<work>
<id>7164525</id>
</work>
<isbn>0142417718</isbn>
<isbn13>9780142417713</isbn13>
<average_rating>3.45</average_rating>
<ratings_count>7369</ratings_count>
<publication_year>2011</publication_year>
<publication_month>1</publication_month>
<publication_day>6</publication_day>
<authors>
<author>
<id>3100203</id>
<name>Julia Karr</name>
<link><![CDATA[https://www.goodreads.com/author/show/3100203.Julia_Karr]]></link>
</author>
</authors>
</book>

          <book>
<id>9182478</id>
<title>Hourglass (Hourglass, #1)</title>
<title_without_series>Hourglass</title_without_series>
<link><![CDATA[https://www.goodreads.com/book/show/9182478-hourglass]]></link>
<small_image_url><![CDATA[https://images.gr-assets.com/books/1360175970s/9182478.jpg]]></small_image_url>
<image_url><![CDATA[https://images.gr-assets.com/books/1360175970m/9182478.jpg]]></image_url>
<num_pages>390</num_pages>
<work>
<id>8767007</id>
</work>
<isbn>1606841440</isbn>
<isbn13>9781606841440</isbn13>
<average_rating>3.80</average_rating>
<ratings_count>18443</ratings_count>
<publication_year>2011</publication_year>
<publication_month>6</publication_month>
<publication_day>14</publication_day>
<authors>
<author>
<id>3228055</id>
<name>Myra McEntire</name>
<link><![CDATA[https://www.goodreads.com/author/show/3228055.Myra_McEntire]]></link>
</author>
</authors>
</book>

          <book>
<id>12792988</id>
<title><![CDATA[Chosen Ones (The Lost Souls, #1)]]></title>
<title_without_series>Chosen Ones</title_without_series>
<link><![CDATA[https://www.goodreads.com/book/show/12792988-chosen-ones]]></link>
<small_image_url><![CDATA[https://images.gr-assets.com/books/1324530042s/12792988.jpg]]></small_image_url>
<image_url><![CDATA[https://images.gr-assets.com/books/1324530042m/12792988.jpg]]></image_url>
<num_pages>298</num_pages>
<work>
<id>17940933</id>
</work>
<isbn>1620610000</isbn>
<isbn13>9781620610008</isbn13>
<average_rating>3.71</average_rating>
<ratings_count>2955</ratings_count>
<publication_year>2012</publication_year>
<publication_month>6</publication_month>
<publication_day>12</publication_day>
<authors>
<author>
<id>5252348</id>
<name>Tiffany Truitt</name>
<link><![CDATA[https://www.goodreads.com/author/show/5252348.Tiffany_Truitt]]></link>
</author>
</authors>
</book>

          <book>
<id>13644322</id>
<title>Solstice</title>
<title_without_series>Solstice</title_without_series>
<link><![CDATA[https://www.goodreads.com/book/show/13644322-solstice]]></link>
<small_image_url><![CDATA[https://images.gr-assets.com/books/1347897058s/13644322.jpg]]></small_image_url>
<image_url><![CDATA[https://images.gr-assets.com/books/1347897058m/13644322.jpg]]></image_url>
<num_pages>384</num_pages>
<work>
<id>16225694</id>
</work>
<isbn>0765334690</isbn>
<isbn13>9780765334695</isbn13>
<average_rating>3.65</average_rating>
<ratings_count>1027</ratings_count>
<publication_year>2013</publication_year>
<publication_month>6</publication_month>
<publication_day>18</publication_day>
<authors>
<author>
<id>965908</id>
<name>P.J. Hoover</name>
<link><![CDATA[https://www.goodreads.com/author/show/965908.P_J_Hoover]]></link>
</author>
</authors>
</book>

          <book>
<id>12924275</id>
<title><![CDATA[Masque of the Red Death (Masque of the Red Death, #1)]]></title>
<title_without_series>Masque of the Red Death</title_without_series>
<link><![CDATA[https://www.goodreads.com/book/show/12924275-masque-of-the-red-death]]></link>
<small_image_url><![CDATA[https://images.gr-assets.com/books/1341716702s/12924275.jpg]]></small_image_url>
<image_url><![CDATA[https://images.gr-assets.com/books/1341716702m/12924275.jpg]]></image_url>
<num_pages>319</num_pages>
<work>
<id>15605716</id>
</work>
<isbn>0062107798</isbn>
<isbn13>9780062107794</isbn13>
<average_rating>3.70</average_rating>
<ratings_count>12985</ratings_count>
<publication_year>2012</publication_year>
<publication_month>4</publication_month>
<publication_day>24</publication_day>
<authors>
<author>
<id>1356979</id>
<name>Bethany Griffin</name>
<link><![CDATA[https://www.goodreads.com/author/show/1356979.Bethany_Griffin]]></link>
</author>
</authors>
</book>

          <book>
<id>9433912</id>
<title><![CDATA[Burn Bright (Night Creatures, #1)]]></title>
<title_without_series>Burn Bright</title_without_series>
<link><![CDATA[https://www.goodreads.com/book/show/9433912-burn-bright]]></link>
<small_image_url><![CDATA[https://images.gr-assets.com/books/1312805103s/9433912.jpg]]></small_image_url>
<image_url><![CDATA[https://images.gr-assets.com/books/1312805103m/9433912.jpg]]></image_url>
<num_pages>316</num_pages>
<work>
<id>14318452</id>
</work>
<isbn>1864719885</isbn>
<isbn13>9781864719888</isbn13>
<average_rating>3.68</average_rating>
<ratings_count>1970</ratings_count>
<publication_year>2011</publication_year>
<publication_month>3</publication_month>
<publication_day>1</publication_day>
<authors>
<author>
<id>287923</id>
<name>Marianne de Pierres</name>
<link><![CDATA[https://www.goodreads.com/author/show/287923.Marianne_de_Pierres]]></link>
</author>
</authors>
</book>

          <book>
<id>9554790</id>
<title><![CDATA[The Other Life (The Other Life, #1)]]></title>
<title_without_series>The Other Life</title_without_series>
<link><![CDATA[https://www.goodreads.com/book/show/9554790-the-other-life]]></link>
<small_image_url><![CDATA[https://images.gr-assets.com/books/1312798029s/9554790.jpg]]></small_image_url>
<image_url><![CDATA[https://images.gr-assets.com/books/1312798029m/9554790.jpg]]></image_url>
<num_pages>315</num_pages>
<work>
<id>14441337</id>
</work>
<isbn>1409536084</isbn>
<isbn13>9781409536086</isbn13>
<average_rating>3.66</average_rating>
<ratings_count>2728</ratings_count>
<publication_year>2012</publication_year>
<publication_month>2</publication_month>
<publication_day>1</publication_day>
<authors>
<author>
<id>91168</id>
<name>Susanne Winnacker</name>
<link><![CDATA[https://www.goodreads.com/author/show/91168.Susanne_Winnacker]]></link>
</author>
</authors>
</book>

          <book>
<id>10429025</id>
<title><![CDATA[A Beautiful Dark (A Beautiful Dark, #1)]]></title>
<title_without_series>A Beautiful Dark</title_without_series>
<link><![CDATA[https://www.goodreads.com/book/show/10429025-a-beautiful-dark]]></link>
<small_image_url><![CDATA[https://images.gr-assets.com/books/1327916579s/10429025.jpg]]></small_image_url>
<image_url><![CDATA[https://images.gr-assets.com/books/1327916579m/10429025.jpg]]></image_url>
<num_pages>390</num_pages>
<work>
<id>7790670</id>
</work>
<isbn>0061990655</isbn>
<isbn13>9780061990656</isbn13>
<average_rating>3.90</average_rating>
<ratings_count>16911</ratings_count>
<publication_year>2011</publication_year>
<publication_month>9</publication_month>
<publication_day>27</publication_day>
<authors>
<author>
<id>2313312</id>
<name>Jocelyn Davies</name>
<link><![CDATA[https://www.goodreads.com/author/show/2313312.Jocelyn_Davies]]></link>
</author>
</authors>
</book>

          <book>
<id>10048874</id>
<title><![CDATA[Dearly, Departed (Gone With the Respiration, #1)]]></title>
<title_without_series>Dearly, Departed</title_without_series>
<link><![CDATA[https://www.goodreads.com/book/show/10048874-dearly-departed]]></link>
<small_image_url><![CDATA[https://images.gr-assets.com/books/1358273477s/10048874.jpg]]></small_image_url>
<image_url><![CDATA[https://images.gr-assets.com/books/1358273477m/10048874.jpg]]></image_url>
<num_pages>470</num_pages>
<work>
<id>10281793</id>
</work>
<isbn>0345523318</isbn>
<isbn13>9780345523310</isbn13>
<average_rating>3.84</average_rating>
<ratings_count>9654</ratings_count>
<publication_year>2011</publication_year>
<publication_month>10</publication_month>
<publication_day>18</publication_day>
<authors>
<author>
<id>3353667</id>
<name>Lia Habel</name>
<link><![CDATA[https://www.goodreads.com/author/show/3353667.Lia_Habel]]></link>
</author>
</authors>
</book>

          <book>
<id>9370766</id>
<title><![CDATA[Memento Nora (Memento Nora, #1)]]></title>
<title_without_series>Memento Nora</title_without_series>
<link><![CDATA[https://www.goodreads.com/book/show/9370766-memento-nora]]></link>
<small_image_url><![CDATA[https://images.gr-assets.com/books/1286151957s/9370766.jpg]]></small_image_url>
<image_url><![CDATA[https://images.gr-assets.com/books/1286151957m/9370766.jpg]]></image_url>
<num_pages>184</num_pages>
<work>
<id>10786173</id>
</work>
<isbn>0761458298</isbn>
<isbn13>9780761458296</isbn13>
<average_rating>3.47</average_rating>
<ratings_count>992</ratings_count>
<publication_year>2011</publication_year>
<publication_month>4</publication_month>
<publication_day>1</publication_day>
<authors>
<author>
<id>3399621</id>
<name>Angie Smibert</name>
<link><![CDATA[https://www.goodreads.com/author/show/3399621.Angie_Smibert]]></link>
</author>
</authors>
</book>

          <book>
<id>11250671</id>
<title>Above</title>
<title_without_series>Above</title_without_series>
<link><![CDATA[https://www.goodreads.com/book/show/11250671-above]]></link>
<small_image_url><![CDATA[https://images.gr-assets.com/books/1334007434s/11250671.jpg]]></small_image_url>
<image_url><![CDATA[https://images.gr-assets.com/books/1334007434m/11250671.jpg]]></image_url>
<num_pages>363</num_pages>
<work>
<id>16177154</id>
</work>
<isbn>0545296706</isbn>
<isbn13>9780545296700</isbn13>
<average_rating>3.07</average_rating>
<ratings_count>2688</ratings_count>
<publication_year>2012</publication_year>
<publication_month>4</publication_month>
<publication_day>1</publication_day>
<authors>
<author>
<id>4025590</id>
<name>Leah Bobet</name>
<link><![CDATA[https://www.goodreads.com/author/show/4025590.Leah_Bobet]]></link>
</author>
</authors>
</book>

          <book>
<id>10535458</id>
<title>Glitch (Glitch, #1)</title>
<title_without_series>Glitch</title_without_series>
<link><![CDATA[https://www.goodreads.com/book/show/10535458-glitch]]></link>
<small_image_url><![CDATA[https://images.gr-assets.com/books/1326131169s/10535458.jpg]]></small_image_url>
<image_url><![CDATA[https://images.gr-assets.com/books/1326131169m/10535458.jpg]]></image_url>
<num_pages>308</num_pages>
<work>
<id>15441796</id>
</work>
<isbn>1250002990</isbn>
<isbn13>9781250002990</isbn13>
<average_rating>3.72</average_rating>
<ratings_count>7434</ratings_count>
<publication_year>2012</publication_year>
<publication_month>8</publication_month>
<publication_day>7</publication_day>
<authors>
<author>
<id>4662744</id>
<name>Heather Anastasiu</name>
<link><![CDATA[https://www.goodreads.com/author/show/4662744.Heather_Anastasiu]]></link>
</author>
</authors>
</book>

          <book>
<id>12393223</id>
<title>Middle Ground (Awaken, #2)</title>
<title_without_series>Middle Ground</title_without_series>
<link><![CDATA[https://www.goodreads.com/book/show/12393223-middle-ground]]></link>
<small_image_url><![CDATA[https://images.gr-assets.com/books/1337186047s/12393223.jpg]]></small_image_url>
<image_url><![CDATA[https://images.gr-assets.com/books/1337186047m/12393223.jpg]]></image_url>
<num_pages>321</num_pages>
<work>
<id>17374340</id>
</work>
<isbn>0547863365</isbn>
<isbn13>9780547863368</isbn13>
<average_rating>4.18</average_rating>
<ratings_count>4221</ratings_count>
<publication_year>2012</publication_year>
<publication_month>11</publication_month>
<publication_day>20</publication_day>
<authors>
<author>
<id>4143266</id>
<name>Katie Kacvinsky</name>
<link><![CDATA[https://www.goodreads.com/author/show/4143266.Katie_Kacvinsky]]></link>
</author>
</authors>
</book>

          <book>
<id>12367267</id>
<title>The Glimpse (The Glimpse, #1)</title>
<title_without_series>The Glimpse</title_without_series>
<link><![CDATA[https://www.goodreads.com/book/show/12367267-the-glimpse]]></link>
<small_image_url><![CDATA[https://images.gr-assets.com/books/1331650611s/12367267.jpg]]></small_image_url>
<image_url><![CDATA[https://images.gr-assets.com/books/1331650611m/12367267.jpg]]></image_url>
<num_pages>411</num_pages>
<work>
<id>17347490</id>
</work>
<isbn>0571280536</isbn>
<isbn13>9780571280537</isbn13>
<average_rating>3.49</average_rating>
<ratings_count>2030</ratings_count>
<publication_year>2012</publication_year>
<publication_month>6</publication_month>
<publication_day>7</publication_day>
<authors>
<author>
<id>5130544</id>
<name>Claire Merle</name>
<link><![CDATA[https://www.goodreads.com/author/show/5130544.Claire_Merle]]></link>
</author>
</authors>
</book>

          <book>
<id>12157365</id>
<title>Unraveling (Unraveling, #1)</title>
<title_without_series>Unraveling</title_without_series>
<link><![CDATA[https://www.goodreads.com/book/show/12157365-unraveling]]></link>
<small_image_url><![CDATA[https://images.gr-assets.com/books/1337474732s/12157365.jpg]]></small_image_url>
<image_url><![CDATA[https://images.gr-assets.com/books/1337474732m/12157365.jpg]]></image_url>
<num_pages>464</num_pages>
<work>
<id>17128227</id>
</work>
<isbn>0062103733</isbn>
<isbn13>9780062103734</isbn13>
<average_rating>3.84</average_rating>
<ratings_count>17468</ratings_count>
<publication_year>2012</publication_year>
<publication_month>4</publication_month>
<publication_day>24</publication_day>
<authors>
<author>
<id>5073459</id>
<name>Elizabeth Norris</name>
<link><![CDATA[https://www.goodreads.com/author/show/5073459.Elizabeth_Norris]]></link>
</author>
</authors>
</book>

          <book>
<id>11948601</id>
<title>Hollow</title>
<title_without_series>Hollow</title_without_series>
<link><![CDATA[https://www.goodreads.com/book/show/11948601-hollow]]></link>
<small_image_url><![CDATA[https://images.gr-assets.com/books/1360448812s/11948601.jpg]]></small_image_url>
<image_url><![CDATA[https://images.gr-assets.com/books/1360448812m/11948601.jpg]]></image_url>
<num_pages>107</num_pages>
<work>
<id>16910290</id>
</work>
<isbn>9090909095</isbn>
<isbn13>9789090909097</isbn13>
<average_rating>3.65</average_rating>
<ratings_count>216</ratings_count>
<publication_year>2012</publication_year>
<publication_month></publication_month>
<publication_day></publication_day>
<authors>
<author>
<id>93526</id>
<name>Richard P. Denney</name>
<link><![CDATA[https://www.goodreads.com/author/show/93526.Richard_P_Denney]]></link>
</author>
</authors>
</book>

  </similar_books>
</book>

</GoodreadsResponse>