<?xml version="1.0" encoding="UTF-8"?>
<GoodreadsResponse>
  <Request>
    <authentication>true</authentication>
      <key><![CDATA[all_men_must_serve]]></key>
    <method><![CDATA[book_show]]></method>
  </Request>
  <book>
  <id>10644930</id>
  <title>11/22/63</title>
  <isbn><![CDATA[1451627289]]></isbn>
  <isbn13><![CDATA[9781451627282]]></isbn13>
  <asin><![CDATA[]]></asin>
  <kindle_asin><![CDATA[B005LCYR7Y]]></kindle_asin>
  <marketplace_id><![CDATA[A1F83G8C2ARO7P]]></marketplace_id>
  <country_code><![CDATA[GB]]></country_code>
  <image_url>https://images.gr-assets.com/books/1327876792m/10644930.jpg</image_url>
  <small_image_url>https://images.gr-assets.com/books/1327876792s/10644930.jpg</small_image_url>
  <publication_year>2011</publication_year>
  <publication_month>11</publication_month>
  <publication_day>8</publication_day>
  <publisher>Scribner</publisher>
  <language_code>eng</language_code>
  <is_ebook>false</is_ebook>
  <description><![CDATA[Life can turn on a dime—or stumble into the extraordinary, as it does for Jake Epping, a high school English teacher in Lisbon Falls, Maine. While grading essays by his GED students, Jake reads a gruesome, enthralling piece penned by janitor Harry Dunning: fifty years ago, Harry somehow survived his father’s sledgehammer slaughter of his entire family. Jake is blown away...but an even more bizarre secret comes to light when Jake’s friend Al, owner of the local diner, enlists Jake to take over the mission that has become his obsession—to prevent the Kennedy assassination. How? By stepping through a portal in the diner’s storeroom, and into the era of Ike and Elvis, of big American cars, sock hops, and cigarette smoke... Finding himself in warmhearted Jodie, Texas, Jake begins a new life. But all turns in the road lead to a troubled loner named Lee Harvey Oswald. The course of history is about to be rewritten...and become heart-stoppingly suspenseful.]]></description>
  <work>
  <id type="integer">15553789</id>
  <books_count type="integer">19</books_count>
  <best_book_id type="integer">10644930</best_book_id>
  <reviews_count type="integer">551661</reviews_count>
  <ratings_sum type="integer">1301494</ratings_sum>
  <ratings_count type="integer">303349</ratings_count>
  <text_reviews_count type="integer">30672</text_reviews_count>
  <original_publication_year type="integer">2011</original_publication_year>
  <original_publication_month type="integer">11</original_publication_month>
  <original_publication_day type="integer">8</original_publication_day>
  <original_title>11/22/63</original_title>
  <original_language_id type="integer" nil="true"/>
  <media_type>book</media_type>
  <rating_dist>5:147729|4:109504|3:35531|2:7655|1:2930|total:303349</rating_dist>
  <desc_user_id type="integer">13276554</desc_user_id>
  <default_chaptering_book_id type="integer">10644930</default_chaptering_book_id>
  <default_description_language_code nil="true"/>
</work>
  <average_rating>4.29</average_rating>
  <num_pages><![CDATA[849]]></num_pages>
  <format><![CDATA[Hardcover]]></format>
  <edition_information><![CDATA[]]></edition_information>
  <ratings_count><![CDATA[258706]]></ratings_count>
  <text_reviews_count><![CDATA[25415]]></text_reviews_count>
  <url><![CDATA[https://www.goodreads.com/book/show/10644930-11-22-63]]></url>
  <link><![CDATA[https://www.goodreads.com/book/show/10644930-11-22-63]]></link>
  <authors>
<author>
<id>3389</id>
<name>Stephen King</name>
<role></role>
<image_url nophoto='false'>
<![CDATA[https://images.gr-assets.com/authors/1362814142p5/3389.jpg]]>
</image_url>
<small_image_url nophoto='false'>
<![CDATA[https://images.gr-assets.com/authors/1362814142p2/3389.jpg]]>
</small_image_url>
<link><![CDATA[https://www.goodreads.com/author/show/3389.Stephen_King]]></link>
<average_rating>4.01</average_rating>
<ratings_count>10357138</ratings_count>
<text_reviews_count>349174</text_reviews_count>
</author>
</authors>

    <reviews_widget>
      <![CDATA[
        <style>
  #goodreads-widget {
    font-family: georgia, serif;
    padding: 18px 0;
    width:565px;
  }
  #goodreads-widget h1 {
    font-weight:normal;
    font-size: 16px;
    border-bottom: 1px solid #BBB596;
    margin-bottom: 0;
  }
  #goodreads-widget a {
    text-decoration: none;
    color:#660;
  }
  iframe{
    background-color: #fff;
  }
  #goodreads-widget a:hover { text-decoration: underline; }
  #goodreads-widget a:active {
    color:#660;
  }
  #gr_footer {
    width: 100%;
    border-top: 1px solid #BBB596;
    text-align: right;
  }
  #goodreads-widget .gr_branding{
    color: #382110;
    font-size: 11px;
    text-decoration: none;
    font-family: "Helvetica Neue", Helvetica, Arial, sans-serif;
  }
</style>
<div id="goodreads-widget">
  <div id="gr_header"><h1><a rel="nofollow" href="https://www.goodreads.com/book/show/10644930-11-22-63">11/22/63 Reviews</a></h1></div>
  <iframe id="the_iframe" src="https://www.goodreads.com/api/reviews_widget_iframe?did=DEVELOPER_ID&amp;format=html&amp;isbn=1451627289&amp;links=660&amp;min_rating=&amp;review_back=fff&amp;stars=000&amp;text=000" width="565" height="400" frameborder="0"></iframe>
  <div id="gr_footer">
    <a class="gr_branding" target="_blank" rel="nofollow" href="https://www.goodreads.com/book/show/10644930-11-22-63?utm_medium=api&amp;utm_source=reviews_widget">Reviews from Goodreads.com</a>
  </div>
</div>

      ]]>
    </reviews_widget>
  <popular_shelves>
      <shelf name="to-read" count="206727"/>
      <shelf name="currently-reading" count="15401"/>
      <shelf name="fiction" count="3553"/>
      <shelf name="favorites" count="3293"/>
      <shelf name="historical-fiction" count="2482"/>
      <shelf name="stephen-king" count="2098"/>
      <shelf name="science-fiction" count="1631"/>
      <shelf name="time-travel" count="1394"/>
      <shelf name="sci-fi" count="1105"/>
      <shelf name="fantasy" count="968"/>
      <shelf name="horror" count="893"/>
      <shelf name="book-club" count="694"/>
      <shelf name="thriller" count="666"/>
      <shelf name="owned" count="640"/>
      <shelf name="books-i-own" count="588"/>
      <shelf name="kindle" count="552"/>
      <shelf name="audiobook" count="495"/>
      <shelf name="historical" count="491"/>
      <shelf name="audiobooks" count="450"/>
      <shelf name="mystery" count="375"/>
      <shelf name="history" count="338"/>
      <shelf name="audio" count="331"/>
      <shelf name="king" count="326"/>
      <shelf name="alternate-history" count="281"/>
      <shelf name="read-in-2012" count="269"/>
      <shelf name="audible" count="255"/>
      <shelf name="ebook" count="239"/>
      <shelf name="adult" count="236"/>
      <shelf name="library" count="232"/>
      <shelf name="default" count="216"/>
      <shelf name="owned-books" count="212"/>
      <shelf name="suspense" count="208"/>
      <shelf name="adult-fiction" count="208"/>
      <shelf name="novels" count="198"/>
      <shelf name="to-buy" count="194"/>
      <shelf name="sci-fi-fantasy" count="190"/>
      <shelf name="favourites" count="181"/>
      <shelf name="alternative-history" count="180"/>
      <shelf name="scifi" count="162"/>
      <shelf name="audio-books" count="160"/>
      <shelf name="romance" count="155"/>
      <shelf name="read-in-2016" count="153"/>
      <shelf name="ebooks" count="146"/>
      <shelf name="abandoned" count="141"/>
      <shelf name="audio-book" count="136"/>
      <shelf name="mystery-thriller" count="121"/>
      <shelf name="read-2012" count="119"/>
      <shelf name="wish-list" count="117"/>
      <shelf name="read-in-2013" count="116"/>
      <shelf name="my-books" count="108"/>
      <shelf name="nook" count="102"/>
      <shelf name="general-fiction" count="102"/>
      <shelf name="did-not-finish" count="99"/>
      <shelf name="bookclub" count="98"/>
      <shelf name="my-library" count="96"/>
      <shelf name="read-2016" count="95"/>
      <shelf name="e-book" count="90"/>
      <shelf name="adventure" count="89"/>
      <shelf name="contemporary" count="88"/>
      <shelf name="read-in-2014" count="88"/>
      <shelf name="novel" count="87"/>
      <shelf name="thrillers" count="84"/>
      <shelf name="contemporary-fiction" count="84"/>
      <shelf name="crime" count="83"/>
      <shelf name="all-time-favorites" count="83"/>
      <shelf name="supernatural" count="82"/>
      <shelf name="read-in-2015" count="80"/>
      <shelf name="read-2013" count="79"/>
      <shelf name="i-own" count="79"/>
      <shelf name="speculative-fiction" count="78"/>
      <shelf name="american" count="76"/>
      <shelf name="didn-t-finish" count="76"/>
      <shelf name="favorite-books" count="76"/>
      <shelf name="drama" count="76"/>
      <shelf name="fantasy-sci-fi" count="76"/>
      <shelf name="paranormal" count="74"/>
      <shelf name="e-books" count="71"/>
      <shelf name="to-read-fiction" count="69"/>
      <shelf name="on-hold" count="68"/>
      <shelf name="maybe" count="67"/>
      <shelf name="finished" count="66"/>
      <shelf name="kindle-books" count="66"/>
      <shelf name="king-stephen" count="63"/>
      <shelf name="read-in-2011" count="63"/>
      <shelf name="favorite" count="62"/>
      <shelf name="jfk-assassination" count="62"/>
      <shelf name="2012-reads" count="61"/>
      <shelf name="my-favorites" count="61"/>
      <shelf name="read-in-2017" count="59"/>
      <shelf name="english" count="59"/>
      <shelf name="science-fiction-fantasy" count="59"/>
      <shelf name="scifi-fantasy" count="59"/>
      <shelf name="own-it" count="59"/>
      <shelf name="dnf" count="59"/>
      <shelf name="5-stars" count="59"/>
      <shelf name="shelfari-favorites" count="58"/>
      <shelf name="book-club-books" count="58"/>
      <shelf name="sf" count="58"/>
      <shelf name="books" count="58"/>
      <shelf name="2012-books" count="57"/>
  </popular_shelves>
  <book_links>
    <book_link>
  <id>8</id>
  <name>Libraries</name>
  <link>https://www.goodreads.com/book_link/follow/8</link>
</book_link>

  </book_links>
  <buy_links>
    <buy_link>
<id>1</id>
<name>Amazon</name>
<link>https://www.goodreads.com/book_link/follow/1</link>
</buy_link>
<buy_link>
<id>10</id>
<name>Audible</name>
<link>https://www.goodreads.com/book_link/follow/10</link>
</buy_link>
<buy_link>
<id>3</id>
<name>Barnes &amp; Noble</name>
<link>https://www.goodreads.com/book_link/follow/3</link>
</buy_link>
<buy_link>
<id>1027</id>
<name>Kobo</name>
<link>https://www.goodreads.com/book_link/follow/1027</link>
</buy_link>
<buy_link>
<id>2102</id>
<name>Apple iBooks</name>
<link>https://www.goodreads.com/book_link/follow/2102</link>
</buy_link>
<buy_link>
<id>8036</id>
<name>Google Play</name>
<link>https://www.goodreads.com/book_link/follow/8036</link>
</buy_link>
<buy_link>
<id>4</id>
<name>Abebooks</name>
<link>https://www.goodreads.com/book_link/follow/4</link>
</buy_link>
<buy_link>
<id>882</id>
<name>Book Depository</name>
<link>https://www.goodreads.com/book_link/follow/882</link>
</buy_link>
<buy_link>
<id>9</id>
<name>Indigo</name>
<link>https://www.goodreads.com/book_link/follow/9</link>
</buy_link>
<buy_link>
<id>2</id>
<name>Half.com</name>
<link>https://www.goodreads.com/book_link/follow/2</link>
</buy_link>
<buy_link>
<id>5</id>
<name>Alibris</name>
<link>https://www.goodreads.com/book_link/follow/5</link>
</buy_link>
<buy_link>
<id>107</id>
<name>Better World Books</name>
<link>https://www.goodreads.com/book_link/follow/107</link>
</buy_link>
<buy_link>
<id>7</id>
<name>IndieBound</name>
<link>https://www.goodreads.com/book_link/follow/7</link>
</buy_link>

  </buy_links>
  <series_works>
    
  </series_works>
  <similar_books>
          <book>
<id>40526</id>
<title>Time and Again (Time, #1)</title>
<title_without_series>Time and Again</title_without_series>
<link><![CDATA[https://www.goodreads.com/book/show/40526.Time_and_Again]]></link>
<small_image_url><![CDATA[https://images.gr-assets.com/books/1393198563s/40526.jpg]]></small_image_url>
<image_url><![CDATA[https://images.gr-assets.com/books/1393198563m/40526.jpg]]></image_url>
<num_pages>399</num_pages>
<work>
<id>6887879</id>
</work>
<isbn>0575073608</isbn>
<isbn13>9780575073609</isbn13>
<average_rating>3.98</average_rating>
<ratings_count>14391</ratings_count>
<publication_year>2012</publication_year>
<publication_month>5</publication_month>
<publication_day>1</publication_day>
<authors>
<author>
<id>6944</id>
<name>Jack Finney</name>
<link><![CDATA[https://www.goodreads.com/author/show/6944.Jack_Finney]]></link>
</author>
</authors>
</book>

          <book>
<id>437627</id>
<title><![CDATA[The Queen of Bedlam (Matthew Corbett, #2)]]></title>
<title_without_series>The Queen of Bedlam</title_without_series>
<link><![CDATA[https://www.goodreads.com/book/show/437627.The_Queen_of_Bedlam]]></link>
<small_image_url><![CDATA[https://s.gr-assets.com/assets/nophoto/book/50x75-a91bf249278a81aabab721ef782c4a74.png]]></small_image_url>
<image_url><![CDATA[https://s.gr-assets.com/assets/nophoto/book/111x148-bcc042a9c91a29c1d680899eff700a03.png]]></image_url>
<num_pages>645</num_pages>
<work>
<id>16695860</id>
</work>
<isbn>1416552618</isbn>
<isbn13>9781416552611</isbn13>
<average_rating>4.23</average_rating>
<ratings_count>3399</ratings_count>
<publication_year>2007</publication_year>
<publication_month>10</publication_month>
<publication_day>23</publication_day>
<authors>
<author>
<id>5244478</id>
<name>Robert McCammon</name>
<link><![CDATA[https://www.goodreads.com/author/show/5244478.Robert_McCammon]]></link>
</author>
</authors>
</book>

          <book>
<id>373915</id>
<title>20th Century Ghosts</title>
<title_without_series>20th Century Ghosts</title_without_series>
<link><![CDATA[https://www.goodreads.com/book/show/373915.20th_Century_Ghosts]]></link>
<small_image_url><![CDATA[https://images.gr-assets.com/books/1388224829s/373915.jpg]]></small_image_url>
<image_url><![CDATA[https://images.gr-assets.com/books/1388224829m/373915.jpg]]></image_url>
<num_pages>316</num_pages>
<work>
<id>1049073</id>
</work>
<isbn>0061147974</isbn>
<isbn13>9780061147975</isbn13>
<average_rating>3.95</average_rating>
<ratings_count>24802</ratings_count>
<publication_year>2007</publication_year>
<publication_month>10</publication_month>
<publication_day>16</publication_day>
<authors>
<author>
<id>88506</id>
<name>Joe Hill</name>
<link><![CDATA[https://www.goodreads.com/author/show/88506.Joe_Hill]]></link>
</author>
</authors>
</book>

          <book>
<id>6506307</id>
<title>Blackout (All Clear, #1)</title>
<title_without_series>Blackout</title_without_series>
<link><![CDATA[https://www.goodreads.com/book/show/6506307-blackout]]></link>
<small_image_url><![CDATA[https://s.gr-assets.com/assets/nophoto/book/50x75-a91bf249278a81aabab721ef782c4a74.png]]></small_image_url>
<image_url><![CDATA[https://s.gr-assets.com/assets/nophoto/book/111x148-bcc042a9c91a29c1d680899eff700a03.png]]></image_url>
<num_pages>610</num_pages>
<work>
<id>6697901</id>
</work>
<isbn>0553803190</isbn>
<isbn13>9780553803198</isbn13>
<average_rating>3.83</average_rating>
<ratings_count>16717</ratings_count>
<publication_year>2010</publication_year>
<publication_month>2</publication_month>
<publication_day>11</publication_day>
<authors>
<author>
<id>14032</id>
<name>Connie Willis</name>
<link><![CDATA[https://www.goodreads.com/author/show/14032.Connie_Willis]]></link>
</author>
</authors>
</book>

          <book>
<id>6352501</id>
<title>Time Travelers Never Die</title>
<title_without_series>Time Travelers Never Die</title_without_series>
<link><![CDATA[https://www.goodreads.com/book/show/6352501-time-travelers-never-die]]></link>
<small_image_url><![CDATA[https://s.gr-assets.com/assets/nophoto/book/50x75-a91bf249278a81aabab721ef782c4a74.png]]></small_image_url>
<image_url><![CDATA[https://s.gr-assets.com/assets/nophoto/book/111x148-bcc042a9c91a29c1d680899eff700a03.png]]></image_url>
<num_pages>371</num_pages>
<work>
<id>6539089</id>
</work>
<isbn>0441017630</isbn>
<isbn13>9780441017638</isbn13>
<average_rating>3.65</average_rating>
<ratings_count>2693</ratings_count>
<publication_year>2009</publication_year>
<publication_month>11</publication_month>
<publication_day>3</publication_day>
<authors>
<author>
<id>73812</id>
<name>Jack McDevitt</name>
<link><![CDATA[https://www.goodreads.com/author/show/73812.Jack_McDevitt]]></link>
</author>
</authors>
</book>

          <book>
<id>101588</id>
<title><![CDATA[The Best Time Travel Stories of the 20th Century]]></title>
<title_without_series><![CDATA[The Best Time Travel Stories of the 20th Century]]></title_without_series>
<link><![CDATA[https://www.goodreads.com/book/show/101588.The_Best_Time_Travel_Stories_of_the_20th_Century]]></link>
<small_image_url><![CDATA[https://s.gr-assets.com/assets/nophoto/book/50x75-a91bf249278a81aabab721ef782c4a74.png]]></small_image_url>
<image_url><![CDATA[https://s.gr-assets.com/assets/nophoto/book/111x148-bcc042a9c91a29c1d680899eff700a03.png]]></image_url>
<num_pages>448</num_pages>
<work>
<id>97943</id>
</work>
<isbn>0345460944</isbn>
<isbn13>9780345460943</isbn13>
<average_rating>3.80</average_rating>
<ratings_count>750</ratings_count>
<publication_year>2004</publication_year>
<publication_month>12</publication_month>
<publication_day>28</publication_day>
<authors>
<author>
<id>29479</id>
<name>Harry Turtledove</name>
<link><![CDATA[https://www.goodreads.com/author/show/29479.Harry_Turtledove]]></link>
</author>
</authors>
</book>

          <book>
<id>341735</id>
<title>Replay</title>
<title_without_series>Replay</title_without_series>
<link><![CDATA[https://www.goodreads.com/book/show/341735.Replay]]></link>
<small_image_url><![CDATA[https://s.gr-assets.com/assets/nophoto/book/50x75-a91bf249278a81aabab721ef782c4a74.png]]></small_image_url>
<image_url><![CDATA[https://s.gr-assets.com/assets/nophoto/book/111x148-bcc042a9c91a29c1d680899eff700a03.png]]></image_url>
<num_pages>311</num_pages>
<work>
<id>1804797</id>
</work>
<isbn>068816112X</isbn>
<isbn13>9780688161125</isbn13>
<average_rating>4.16</average_rating>
<ratings_count>20599</ratings_count>
<publication_year>1998</publication_year>
<publication_month>7</publication_month>
<publication_day>22</publication_day>
<authors>
<author>
<id>19651</id>
<name>Ken Grimwood</name>
<link><![CDATA[https://www.goodreads.com/author/show/19651.Ken_Grimwood]]></link>
</author>
</authors>
</book>

          <book>
<id>2048336</id>
<title>Will You Die for Me?</title>
<title_without_series>Will You Die for Me?</title_without_series>
<link><![CDATA[https://www.goodreads.com/book/show/2048336.Will_You_Die_for_Me_]]></link>
<small_image_url><![CDATA[https://images.gr-assets.com/books/1425550202s/2048336.jpg]]></small_image_url>
<image_url><![CDATA[https://images.gr-assets.com/books/1425550202m/2048336.jpg]]></image_url>
<num_pages>216</num_pages>
<work>
<id>2053272</id>
</work>
<isbn>0800783611</isbn>
<isbn13>9780800783617</isbn13>
<average_rating>3.49</average_rating>
<ratings_count>276</ratings_count>
<publication_year></publication_year>
<publication_month></publication_month>
<publication_day></publication_day>
<authors>
<author>
<id>950812</id>
<name>Charles &quot;Tex&quot; Watson</name>
<link><![CDATA[https://www.goodreads.com/author/show/950812.Charles_Tex_Watson]]></link>
</author>
</authors>
</book>

          <book>
<id>10364994</id>
<title>The Submission</title>
<title_without_series>The Submission</title_without_series>
<link><![CDATA[https://www.goodreads.com/book/show/10364994-the-submission]]></link>
<small_image_url><![CDATA[https://s.gr-assets.com/assets/nophoto/book/50x75-a91bf249278a81aabab721ef782c4a74.png]]></small_image_url>
<image_url><![CDATA[https://s.gr-assets.com/assets/nophoto/book/111x148-bcc042a9c91a29c1d680899eff700a03.png]]></image_url>
<num_pages>300</num_pages>
<work>
<id>15268147</id>
</work>
<isbn>0374271569</isbn>
<isbn13>9780374271565</isbn13>
<average_rating>3.66</average_rating>
<ratings_count>11170</ratings_count>
<publication_year>2011</publication_year>
<publication_month>8</publication_month>
<publication_day>16</publication_day>
<authors>
<author>
<id>4619232</id>
<name>Amy Waldman</name>
<link><![CDATA[https://www.goodreads.com/author/show/4619232.Amy_Waldman]]></link>
</author>
</authors>
</book>

          <book>
<id>9466865</id>
<title>Raising Stony Mayhall</title>
<title_without_series>Raising Stony Mayhall</title_without_series>
<link><![CDATA[https://www.goodreads.com/book/show/9466865-raising-stony-mayhall]]></link>
<small_image_url><![CDATA[https://images.gr-assets.com/books/1326125621s/9466865.jpg]]></small_image_url>
<image_url><![CDATA[https://images.gr-assets.com/books/1326125621m/9466865.jpg]]></image_url>
<num_pages>422</num_pages>
<work>
<id>14351915</id>
</work>
<isbn>0345522370</isbn>
<isbn13>9780345522375</isbn13>
<average_rating>3.83</average_rating>
<ratings_count>2795</ratings_count>
<publication_year>2011</publication_year>
<publication_month>6</publication_month>
<publication_day>28</publication_day>
<authors>
<author>
<id>1343790</id>
<name>Daryl Gregory</name>
<link><![CDATA[https://www.goodreads.com/author/show/1343790.Daryl_Gregory]]></link>
</author>
</authors>
</book>

          <book>
<id>66370</id>
<title>Rage</title>
<title_without_series>Rage</title_without_series>
<link><![CDATA[https://www.goodreads.com/book/show/66370.Rage]]></link>
<small_image_url><![CDATA[https://images.gr-assets.com/books/1299003176s/66370.jpg]]></small_image_url>
<image_url><![CDATA[https://images.gr-assets.com/books/1299003176m/66370.jpg]]></image_url>
<num_pages>131</num_pages>
<work>
<id>1657128</id>
</work>
<isbn>0451076451</isbn>
<isbn13>9780451076458</isbn13>
<average_rating>3.80</average_rating>
<ratings_count>23266</ratings_count>
<publication_year>1977</publication_year>
<publication_month>9</publication_month>
<publication_day>6</publication_day>
<authors>
<author>
<id>5858</id>
<name>Richard Bachman</name>
<link><![CDATA[https://www.goodreads.com/author/show/5858.Richard_Bachman]]></link>
</author>
</authors>
</book>

          <book>
<id>21805681</id>
<title><![CDATA[Unlocked: An Oral History of Haden's Syndrome]]></title>
<title_without_series><![CDATA[Unlocked: An Oral History of Haden's Syndrome]]></title_without_series>
<link><![CDATA[https://www.goodreads.com/book/show/21805681-unlocked]]></link>
<small_image_url><![CDATA[https://images.gr-assets.com/books/1397572655s/21805681.jpg]]></small_image_url>
<image_url><![CDATA[https://images.gr-assets.com/books/1397572655m/21805681.jpg]]></image_url>
<num_pages>63</num_pages>
<work>
<id>41068587</id>
</work>
<isbn>1466871792</isbn>
<isbn13>9781466871793</isbn13>
<average_rating>3.96</average_rating>
<ratings_count>4407</ratings_count>
<publication_year>2014</publication_year>
<publication_month>5</publication_month>
<publication_day>7</publication_day>
<authors>
<author>
<id>4763</id>
<name>John Scalzi</name>
<link><![CDATA[https://www.goodreads.com/author/show/4763.John_Scalzi]]></link>
</author>
</authors>
</book>

          <book>
<id>9855388</id>
<title><![CDATA[Then Everything Changed: Stunning Alternate Histories of American Politics: JFK, RFK, Carter, Ford, Reagan]]></title>
<title_without_series><![CDATA[Then Everything Changed: Stunning Alternate Histories of American Politics: JFK, RFK, Carter, Ford, Reagan]]></title_without_series>
<link><![CDATA[https://www.goodreads.com/book/show/9855388-then-everything-changed]]></link>
<small_image_url><![CDATA[https://s.gr-assets.com/assets/nophoto/book/50x75-a91bf249278a81aabab721ef782c4a74.png]]></small_image_url>
<image_url><![CDATA[https://s.gr-assets.com/assets/nophoto/book/111x148-bcc042a9c91a29c1d680899eff700a03.png]]></image_url>
<num_pages>434</num_pages>
<work>
<id>14746524</id>
</work>
<isbn>0399157069</isbn>
<isbn13>9780399157066</isbn13>
<average_rating>3.62</average_rating>
<ratings_count>681</ratings_count>
<publication_year>2011</publication_year>
<publication_month>3</publication_month>
<publication_day>8</publication_day>
<authors>
<author>
<id>10973</id>
<name>Jeff Greenfield</name>
<link><![CDATA[https://www.goodreads.com/author/show/10973.Jeff_Greenfield]]></link>
</author>
</authors>
</book>

          <book>
<id>9484793</id>
<title><![CDATA[Two Kisses for Maddy: A Memoir of Loss and Love]]></title>
<title_without_series><![CDATA[Two Kisses for Maddy: A Memoir of Loss and Love]]></title_without_series>
<link><![CDATA[https://www.goodreads.com/book/show/9484793-two-kisses-for-maddy]]></link>
<small_image_url><![CDATA[https://images.gr-assets.com/books/1327983096s/9484793.jpg]]></small_image_url>
<image_url><![CDATA[https://images.gr-assets.com/books/1327983096m/9484793.jpg]]></image_url>
<num_pages>272</num_pages>
<work>
<id>13441870</id>
</work>
<isbn>0446564303</isbn>
<isbn13>9780446564304</isbn13>
<average_rating>4.04</average_rating>
<ratings_count>6869</ratings_count>
<publication_year></publication_year>
<publication_month></publication_month>
<publication_day></publication_day>
<authors>
<author>
<id>4116304</id>
<name>Matthew Logelin</name>
<link><![CDATA[https://www.goodreads.com/author/show/4116304.Matthew_Logelin]]></link>
</author>
</authors>
</book>

          <book>
<id>458451</id>
<title><![CDATA[Stephen King's The Dark Tower: A Concordance, #1]]></title>
<title_without_series><![CDATA[Stephen King's The Dark Tower: A Concordance, #1]]></title_without_series>
<link><![CDATA[https://www.goodreads.com/book/show/458451.Stephen_King_s_The_Dark_Tower]]></link>
<small_image_url><![CDATA[https://s.gr-assets.com/assets/nophoto/book/50x75-a91bf249278a81aabab721ef782c4a74.png]]></small_image_url>
<image_url><![CDATA[https://s.gr-assets.com/assets/nophoto/book/111x148-bcc042a9c91a29c1d680899eff700a03.png]]></image_url>
<num_pages></num_pages>
<work>
<id>6170229</id>
</work>
<isbn>0743252071</isbn>
<isbn13>9780743252072</isbn13>
<average_rating>4.07</average_rating>
<ratings_count>3885</ratings_count>
<publication_year></publication_year>
<publication_month></publication_month>
<publication_day></publication_day>
<authors>
<author>
<id>3470</id>
<name>Robin Furth</name>
<link><![CDATA[https://www.goodreads.com/author/show/3470.Robin_Furth]]></link>
</author>
</authors>
</book>

          <book>
<id>49838</id>
<title>Titan (Gaea, #1)</title>
<title_without_series>Titan</title_without_series>
<link><![CDATA[https://www.goodreads.com/book/show/49838.Titan]]></link>
<small_image_url><![CDATA[https://s.gr-assets.com/assets/nophoto/book/50x75-a91bf249278a81aabab721ef782c4a74.png]]></small_image_url>
<image_url><![CDATA[https://s.gr-assets.com/assets/nophoto/book/111x148-bcc042a9c91a29c1d680899eff700a03.png]]></image_url>
<num_pages>309</num_pages>
<work>
<id>2777504</id>
</work>
<isbn>0441813046</isbn>
<isbn13>9780441813049</isbn13>
<average_rating>3.94</average_rating>
<ratings_count>6670</ratings_count>
<publication_year>1987</publication_year>
<publication_month>4</publication_month>
<publication_day>15</publication_day>
<authors>
<author>
<id>27341</id>
<name>John Varley</name>
<link><![CDATA[https://www.goodreads.com/author/show/27341.John_Varley]]></link>
</author>
</authors>
</book>

          <book>
<id>133738</id>
<title>The Mirror</title>
<title_without_series>The Mirror</title_without_series>
<link><![CDATA[https://www.goodreads.com/book/show/133738.The_Mirror]]></link>
<small_image_url><![CDATA[https://s.gr-assets.com/assets/nophoto/book/50x75-a91bf249278a81aabab721ef782c4a74.png]]></small_image_url>
<image_url><![CDATA[https://s.gr-assets.com/assets/nophoto/book/111x148-bcc042a9c91a29c1d680899eff700a03.png]]></image_url>
<num_pages>303</num_pages>
<work>
<id>2077062</id>
</work>
<isbn>0915230151</isbn>
<isbn13>9780915230150</isbn13>
<average_rating>4.08</average_rating>
<ratings_count>3321</ratings_count>
<publication_year>1997</publication_year>
<publication_month>11</publication_month>
<publication_day>1</publication_day>
<authors>
<author>
<id>77170</id>
<name>Marlys Millhiser</name>
<link><![CDATA[https://www.goodreads.com/author/show/77170.Marlys_Millhiser]]></link>
</author>
</authors>
</book>

          <book>
<id>624122</id>
<title>The Man Who Folded Himself</title>
<title_without_series>The Man Who Folded Himself</title_without_series>
<link><![CDATA[https://www.goodreads.com/book/show/624122.The_Man_Who_Folded_Himself]]></link>
<small_image_url><![CDATA[https://images.gr-assets.com/books/1344701884s/624122.jpg]]></small_image_url>
<image_url><![CDATA[https://images.gr-assets.com/books/1344701884m/624122.jpg]]></image_url>
<num_pages>127</num_pages>
<work>
<id>610483</id>
</work>
<isbn>1932100040</isbn>
<isbn13>9781932100044</isbn13>
<average_rating>3.80</average_rating>
<ratings_count>3525</ratings_count>
<publication_year>2003</publication_year>
<publication_month>7</publication_month>
<publication_day>1</publication_day>
<authors>
<author>
<id>5786</id>
<name>David Gerrold</name>
<link><![CDATA[https://www.goodreads.com/author/show/5786.David_Gerrold]]></link>
</author>
</authors>
</book>

  </similar_books>
</book>

</GoodreadsResponse>