<?xml version="1.0" encoding="UTF-8"?>
<GoodreadsResponse>
  <Request>
    <authentication>true</authentication>
      <key><![CDATA[all_men_must_serve]]></key>
    <method><![CDATA[book_show]]></method>
  </Request>
  <book>
  <id>106882</id>
  <title><![CDATA[French Women Don't Get Fat: The Secret of Eating for Pleasure]]></title>
  <isbn><![CDATA[0375435484]]></isbn>
  <isbn13><![CDATA[9780375435485]]></isbn13>
  <asin><![CDATA[]]></asin>
  <kindle_asin><![CDATA[B00CLWLR8E]]></kindle_asin>
  <marketplace_id><![CDATA[A1F83G8C2ARO7P]]></marketplace_id>
  <country_code><![CDATA[GB]]></country_code>
  <image_url>https://s.gr-assets.com/assets/nophoto/book/111x148-bcc042a9c91a29c1d680899eff700a03.png</image_url>
  <small_image_url>https://s.gr-assets.com/assets/nophoto/book/50x75-a91bf249278a81aabab721ef782c4a74.png</small_image_url>
  <publication_year></publication_year>
  <publication_month></publication_month>
  <publication_day></publication_day>
  <publisher></publisher>
  <language_code>eng</language_code>
  <is_ebook>false</is_ebook>
  <description><![CDATA[The million copy, ultimate #1 bestseller that is changing the way Americans eat and live<br /><br />Don't <b>Diet</b><br />Eat <b>Chocolate</b><br />Drink <b>Wine</b><br />Take <b>Long Walks</b><br />Enjoy <b>Life</b><br />Stay <b>Slim</b> the <b>French</b> way <br /><br />Experience the <i>joie de vivre</i> of <i>French Women Don't Get Fat</i> by Mireille Guiliano.]]></description>
  <work>
  <id type="integer">1770059</id>
  <books_count type="integer">55</books_count>
  <best_book_id type="integer">106882</best_book_id>
  <reviews_count type="integer">22225</reviews_count>
  <ratings_sum type="integer">45656</ratings_sum>
  <ratings_count type="integer">13115</ratings_count>
  <text_reviews_count type="integer">1574</text_reviews_count>
  <original_publication_year type="integer">2004</original_publication_year>
  <original_publication_month type="integer">1</original_publication_month>
  <original_publication_day type="integer">1</original_publication_day>
  <original_title>French Women Don't Get Fat</original_title>
  <original_language_id type="integer" nil="true"/>
  <media_type>book</media_type>
  <rating_dist>5:2236|4:4226|3:4654|2:1611|1:388|total:13115</rating_dist>
  <desc_user_id type="integer">17092697</desc_user_id>
  <default_chaptering_book_id type="integer" nil="true"/>
  <default_description_language_code nil="true"/>
</work>
  <average_rating>3.48</average_rating>
  <num_pages><![CDATA[263]]></num_pages>
  <format><![CDATA[]]></format>
  <edition_information><![CDATA[Large Print]]></edition_information>
  <ratings_count><![CDATA[10588]]></ratings_count>
  <text_reviews_count><![CDATA[1277]]></text_reviews_count>
  <url><![CDATA[https://www.goodreads.com/book/show/106882.French_Women_Don_t_Get_Fat]]></url>
  <link><![CDATA[https://www.goodreads.com/book/show/106882.French_Women_Don_t_Get_Fat]]></link>
  <authors>
<author>
<id>44523</id>
<name>Mireille Guiliano</name>
<role></role>
<image_url nophoto='false'>
<![CDATA[https://images.gr-assets.com/authors/1249057247p5/44523.jpg]]>
</image_url>
<small_image_url nophoto='false'>
<![CDATA[https://images.gr-assets.com/authors/1249057247p2/44523.jpg]]>
</small_image_url>
<link><![CDATA[https://www.goodreads.com/author/show/44523.Mireille_Guiliano]]></link>
<average_rating>3.49</average_rating>
<ratings_count>17907</ratings_count>
<text_reviews_count>2146</text_reviews_count>
</author>
</authors>

    <reviews_widget>
      <![CDATA[
        <style>
  #goodreads-widget {
    font-family: georgia, serif;
    padding: 18px 0;
    width:565px;
  }
  #goodreads-widget h1 {
    font-weight:normal;
    font-size: 16px;
    border-bottom: 1px solid #BBB596;
    margin-bottom: 0;
  }
  #goodreads-widget a {
    text-decoration: none;
    color:#660;
  }
  iframe{
    background-color: #fff;
  }
  #goodreads-widget a:hover { text-decoration: underline; }
  #goodreads-widget a:active {
    color:#660;
  }
  #gr_footer {
    width: 100%;
    border-top: 1px solid #BBB596;
    text-align: right;
  }
  #goodreads-widget .gr_branding{
    color: #382110;
    font-size: 11px;
    text-decoration: none;
    font-family: "Helvetica Neue", Helvetica, Arial, sans-serif;
  }
</style>
<div id="goodreads-widget">
  <div id="gr_header"><h1><a rel="nofollow" href="https://www.goodreads.com/book/show/106882.French_Women_Don_t_Get_Fat">French Women Don&#39;t Get Fat Reviews</a></h1></div>
  <iframe id="the_iframe" src="https://www.goodreads.com/api/reviews_widget_iframe?did=DEVELOPER_ID&amp;format=html&amp;isbn=0375435484&amp;links=660&amp;min_rating=&amp;review_back=fff&amp;stars=000&amp;text=000" width="565" height="400" frameborder="0"></iframe>
  <div id="gr_footer">
    <a class="gr_branding" target="_blank" rel="nofollow" href="https://www.goodreads.com/book/show/106882.French_Women_Don_t_Get_Fat?utm_medium=api&amp;utm_source=reviews_widget">Reviews from Goodreads.com</a>
  </div>
</div>

      ]]>
    </reviews_widget>
  <popular_shelves>
      <shelf name="to-read" count="1974"/>
      <shelf name="currently-reading" count="188"/>
      <shelf name="nonfiction" count="161"/>
      <shelf name="non-fiction" count="141"/>
      <shelf name="cookbooks" count="90"/>
      <shelf name="france" count="72"/>
      <shelf name="cooking" count="65"/>
      <shelf name="food" count="63"/>
      <shelf name="favorites" count="55"/>
      <shelf name="health" count="49"/>
      <shelf name="books-i-own" count="45"/>
      <shelf name="diet" count="36"/>
      <shelf name="memoir" count="33"/>
      <shelf name="owned" count="32"/>
      <shelf name="lifestyle" count="27"/>
      <shelf name="foodie" count="22"/>
      <shelf name="self-improvement" count="22"/>
      <shelf name="cookbook" count="19"/>
      <shelf name="self-help" count="18"/>
      <shelf name="audiobook" count="18"/>
      <shelf name="default" count="17"/>
      <shelf name="french" count="15"/>
      <shelf name="owned-books" count="15"/>
      <shelf name="travel" count="15"/>
      <shelf name="library" count="15"/>
      <shelf name="health-fitness" count="14"/>
      <shelf name="food-writing" count="14"/>
      <shelf name="women" count="13"/>
      <shelf name="adult" count="13"/>
      <shelf name="nutrition" count="12"/>
      <shelf name="to-buy" count="12"/>
      <shelf name="2006" count="12"/>
      <shelf name="read-in-2014" count="11"/>
      <shelf name="kindle" count="11"/>
      <shelf name="paris" count="11"/>
      <shelf name="culture" count="11"/>
      <shelf name="reference" count="11"/>
      <shelf name="food-books" count="11"/>
      <shelf name="abandoned" count="10"/>
      <shelf name="audio" count="10"/>
      <shelf name="healthy-living" count="10"/>
      <shelf name="culinary" count="10"/>
      <shelf name="book-club" count="10"/>
      <shelf name="personal-development" count="10"/>
      <shelf name="memoirs" count="10"/>
      <shelf name="cook-books" count="10"/>
      <shelf name="food-and-drink" count="9"/>
      <shelf name="did-not-finish" count="9"/>
      <shelf name="i-own" count="9"/>
      <shelf name="biography" count="9"/>
      <shelf name="recipes" count="9"/>
      <shelf name="how-to" count="9"/>
      <shelf name="my-library" count="8"/>
      <shelf name="non-fic" count="8"/>
      <shelf name="2005" count="8"/>
      <shelf name="wellness" count="8"/>
      <shelf name="fitness" count="8"/>
      <shelf name="health-and-fitness" count="8"/>
      <shelf name="food-health" count="8"/>
      <shelf name="chick-lit" count="8"/>
      <shelf name="read-in-2013" count="7"/>
      <shelf name="read-in-2010" count="7"/>
      <shelf name="health-and-wellness" count="7"/>
      <shelf name="style" count="7"/>
      <shelf name="francophilia" count="7"/>
      <shelf name="food-and-cooking" count="7"/>
      <shelf name="autobiography" count="6"/>
      <shelf name="french-culture" count="6"/>
      <shelf name="didn-t-finish" count="6"/>
      <shelf name="my-books" count="6"/>
      <shelf name="food-cooking" count="6"/>
      <shelf name="healthy" count="6"/>
      <shelf name="adult-nonfiction" count="6"/>
      <shelf name="cooking-food" count="6"/>
      <shelf name="library-books" count="6"/>
      <shelf name="unfinished" count="6"/>
      <shelf name="read-2016" count="5"/>
      <shelf name="read-in-2016" count="5"/>
      <shelf name="read-2015" count="5"/>
      <shelf name="audiobooks" count="5"/>
      <shelf name="audio-book" count="5"/>
      <shelf name="english" count="5"/>
      <shelf name="dieting" count="5"/>
      <shelf name="food-related" count="5"/>
      <shelf name="contemporary" count="5"/>
      <shelf name="on-hold" count="5"/>
      <shelf name="in-my-library" count="5"/>
      <shelf name="humor" count="5"/>
      <shelf name="health-nutrition" count="5"/>
      <shelf name="read-in-2009" count="5"/>
      <shelf name="biography-memoir" count="5"/>
      <shelf name="francophile" count="5"/>
      <shelf name="read-2017" count="4"/>
      <shelf name="books-i-have" count="4"/>
      <shelf name="home-library" count="4"/>
      <shelf name="to-read-non-fiction" count="4"/>
      <shelf name="2014-reads" count="4"/>
      <shelf name="sociology" count="4"/>
      <shelf name="to-read-own" count="4"/>
      <shelf name="have" count="4"/>
  </popular_shelves>
  <book_links>
    <book_link>
  <id>8</id>
  <name>Libraries</name>
  <link>https://www.goodreads.com/book_link/follow/8</link>
</book_link>

  </book_links>
  <buy_links>
    <buy_link>
<id>1</id>
<name>Amazon</name>
<link>https://www.goodreads.com/book_link/follow/1</link>
</buy_link>
<buy_link>
<id>10</id>
<name>Audible</name>
<link>https://www.goodreads.com/book_link/follow/10</link>
</buy_link>
<buy_link>
<id>3</id>
<name>Barnes &amp; Noble</name>
<link>https://www.goodreads.com/book_link/follow/3</link>
</buy_link>
<buy_link>
<id>1027</id>
<name>Kobo</name>
<link>https://www.goodreads.com/book_link/follow/1027</link>
</buy_link>
<buy_link>
<id>2102</id>
<name>Apple iBooks</name>
<link>https://www.goodreads.com/book_link/follow/2102</link>
</buy_link>
<buy_link>
<id>8036</id>
<name>Google Play</name>
<link>https://www.goodreads.com/book_link/follow/8036</link>
</buy_link>
<buy_link>
<id>4</id>
<name>Abebooks</name>
<link>https://www.goodreads.com/book_link/follow/4</link>
</buy_link>
<buy_link>
<id>882</id>
<name>Book Depository</name>
<link>https://www.goodreads.com/book_link/follow/882</link>
</buy_link>
<buy_link>
<id>9</id>
<name>Indigo</name>
<link>https://www.goodreads.com/book_link/follow/9</link>
</buy_link>
<buy_link>
<id>2</id>
<name>Half.com</name>
<link>https://www.goodreads.com/book_link/follow/2</link>
</buy_link>
<buy_link>
<id>5</id>
<name>Alibris</name>
<link>https://www.goodreads.com/book_link/follow/5</link>
</buy_link>
<buy_link>
<id>107</id>
<name>Better World Books</name>
<link>https://www.goodreads.com/book_link/follow/107</link>
</buy_link>
<buy_link>
<id>7</id>
<name>IndieBound</name>
<link>https://www.goodreads.com/book_link/follow/7</link>
</buy_link>

  </buy_links>
  <series_works>
    
  </series_works>
  <similar_books>
          <book>
<id>211478</id>
<title><![CDATA[Japanese Women Don't Get Old or Fat: Secrets of My Mother's Tokyo Kitchen]]></title>
<title_without_series><![CDATA[Japanese Women Don't Get Old or Fat: Secrets of My Mother's Tokyo Kitchen]]></title_without_series>
<link><![CDATA[https://www.goodreads.com/book/show/211478.Japanese_Women_Don_t_Get_Old_or_Fat]]></link>
<small_image_url><![CDATA[https://s.gr-assets.com/assets/nophoto/book/50x75-a91bf249278a81aabab721ef782c4a74.png]]></small_image_url>
<image_url><![CDATA[https://s.gr-assets.com/assets/nophoto/book/111x148-bcc042a9c91a29c1d680899eff700a03.png]]></image_url>
<num_pages>288</num_pages>
<work>
<id>204691</id>
</work>
<isbn>0385339984</isbn>
<isbn13>9780385339988</isbn13>
<average_rating>3.47</average_rating>
<ratings_count>909</ratings_count>
<publication_year>2006</publication_year>
<publication_month>12</publication_month>
<publication_day>26</publication_day>
<authors>
<author>
<id>123800</id>
<name>Naomi Moriyama</name>
<link><![CDATA[https://www.goodreads.com/author/show/123800.Naomi_Moriyama]]></link>
</author>
</authors>
</book>

          <book>
<id>166045</id>
<title><![CDATA[Entre Nous: A Woman's Guide To Finding Her Inner French Girl]]></title>
<title_without_series><![CDATA[Entre Nous: A Woman's Guide To Finding Her Inner French Girl]]></title_without_series>
<link><![CDATA[https://www.goodreads.com/book/show/166045.Entre_Nous]]></link>
<small_image_url><![CDATA[https://images.gr-assets.com/books/1311996279s/166045.jpg]]></small_image_url>
<image_url><![CDATA[https://images.gr-assets.com/books/1311996279m/166045.jpg]]></image_url>
<num_pages>242</num_pages>
<work>
<id>160335</id>
</work>
<isbn>0312308779</isbn>
<isbn13>9780312308773</isbn13>
<average_rating>3.74</average_rating>
<ratings_count>2037</ratings_count>
<publication_year></publication_year>
<publication_month></publication_month>
<publication_day></publication_day>
<authors>
<author>
<id>96486</id>
<name>Debra Ollivier</name>
<link><![CDATA[https://www.goodreads.com/author/show/96486.Debra_Ollivier]]></link>
</author>
</authors>
</book>

          <book>
<id>139381</id>
<title><![CDATA[All You Need to Be Impossibly French: A Witty Investigation into the Lives, Lusts, and Little Secrets of French Women]]></title>
<title_without_series><![CDATA[All You Need to Be Impossibly French: A Witty Investigation into the Lives, Lusts, and Little Secrets of French Women]]></title_without_series>
<link><![CDATA[https://www.goodreads.com/book/show/139381.All_You_Need_to_Be_Impossibly_French]]></link>
<small_image_url><![CDATA[https://s.gr-assets.com/assets/nophoto/book/50x75-a91bf249278a81aabab721ef782c4a74.png]]></small_image_url>
<image_url><![CDATA[https://s.gr-assets.com/assets/nophoto/book/111x148-bcc042a9c91a29c1d680899eff700a03.png]]></image_url>
<num_pages>240</num_pages>
<work>
<id>134358</id>
</work>
<isbn>0452287782</isbn>
<isbn13>9780452287785</isbn13>
<average_rating>3.63</average_rating>
<ratings_count>1179</ratings_count>
<publication_year>2006</publication_year>
<publication_month>11</publication_month>
<publication_day>28</publication_day>
<authors>
<author>
<id>317403</id>
<name>Helena Frith Powell</name>
<link><![CDATA[https://www.goodreads.com/author/show/317403.Helena_Frith_Powell]]></link>
</author>
</authors>
</book>

          <book>
<id>4810164</id>
<title><![CDATA[French Women Don't Sleep Alone: Pleasurable Secrets to Finding Love]]></title>
<title_without_series><![CDATA[French Women Don't Sleep Alone: Pleasurable Secrets to Finding Love]]></title_without_series>
<link><![CDATA[https://www.goodreads.com/book/show/4810164-french-women-don-t-sleep-alone]]></link>
<small_image_url><![CDATA[https://s.gr-assets.com/assets/nophoto/book/50x75-a91bf249278a81aabab721ef782c4a74.png]]></small_image_url>
<image_url><![CDATA[https://s.gr-assets.com/assets/nophoto/book/111x148-bcc042a9c91a29c1d680899eff700a03.png]]></image_url>
<num_pages>224</num_pages>
<work>
<id>4875284</id>
</work>
<isbn>0806530693</isbn>
<isbn13>9780806530697</isbn13>
<average_rating>3.55</average_rating>
<ratings_count>408</ratings_count>
<publication_year>2009</publication_year>
<publication_month>3</publication_month>
<publication_day>1</publication_day>
<authors>
<author>
<id>478805</id>
<name>Jamie Cat Callan</name>
<link><![CDATA[https://www.goodreads.com/author/show/478805.Jamie_Cat_Callan]]></link>
</author>
</authors>
</book>

          <book>
<id>1007812</id>
<title>The Paris Cookbook</title>
<title_without_series>The Paris Cookbook</title_without_series>
<link><![CDATA[https://www.goodreads.com/book/show/1007812.The_Paris_Cookbook]]></link>
<small_image_url><![CDATA[https://s.gr-assets.com/assets/nophoto/book/50x75-a91bf249278a81aabab721ef782c4a74.png]]></small_image_url>
<image_url><![CDATA[https://s.gr-assets.com/assets/nophoto/book/111x148-bcc042a9c91a29c1d680899eff700a03.png]]></image_url>
<num_pages></num_pages>
<work>
<id>993938</id>
</work>
<isbn>0060184698</isbn>
<isbn13>9780060184698</isbn13>
<average_rating>4.02</average_rating>
<ratings_count>198</ratings_count>
<publication_year></publication_year>
<publication_month></publication_month>
<publication_day></publication_day>
<authors>
<author>
<id>42842</id>
<name>Patricia Wells</name>
<link><![CDATA[https://www.goodreads.com/author/show/42842.Patricia_Wells]]></link>
</author>
</authors>
</book>

          <book>
<id>32171</id>
<title>The Quick Recipe</title>
<title_without_series>The Quick Recipe</title_without_series>
<link><![CDATA[https://www.goodreads.com/book/show/32171.The_Quick_Recipe]]></link>
<small_image_url><![CDATA[https://s.gr-assets.com/assets/nophoto/book/50x75-a91bf249278a81aabab721ef782c4a74.png]]></small_image_url>
<image_url><![CDATA[https://s.gr-assets.com/assets/nophoto/book/111x148-bcc042a9c91a29c1d680899eff700a03.png]]></image_url>
<num_pages>400</num_pages>
<work>
<id>32371</id>
</work>
<isbn>0936184663</isbn>
<isbn13>9780936184661</isbn13>
<average_rating>4.06</average_rating>
<ratings_count>101</ratings_count>
<publication_year>2003</publication_year>
<publication_month>3</publication_month>
<publication_day>1</publication_day>
<authors>
<author>
<id>7417657</id>
<name>Cook&apos;s Illustrated Magazine</name>
<link><![CDATA[https://www.goodreads.com/author/show/7417657.Cook_s_Illustrated_Magazine]]></link>
</author>
</authors>
</book>

          <book>
<id>10216052</id>
<title><![CDATA[Stuff Parisians Like: Discovering the Quoi in the Je Ne Sais Quoi]]></title>
<title_without_series><![CDATA[Stuff Parisians Like: Discovering the Quoi in the Je Ne Sais Quoi]]></title_without_series>
<link><![CDATA[https://www.goodreads.com/book/show/10216052-stuff-parisians-like]]></link>
<small_image_url><![CDATA[https://images.gr-assets.com/books/1311280019s/10216052.jpg]]></small_image_url>
<image_url><![CDATA[https://images.gr-assets.com/books/1311280019m/10216052.jpg]]></image_url>
<num_pages>280</num_pages>
<work>
<id>15115618</id>
</work>
<isbn>0425241181</isbn>
<isbn13>9780425241189</isbn13>
<average_rating>3.58</average_rating>
<ratings_count>833</ratings_count>
<publication_year>2011</publication_year>
<publication_month>7</publication_month>
<publication_day>5</publication_day>
<authors>
<author>
<id>4545869</id>
<name>Olivier Magny</name>
<link><![CDATA[https://www.goodreads.com/author/show/4545869.Olivier_Magny]]></link>
</author>
</authors>
</book>

          <book>
<id>185320</id>
<title><![CDATA[The Eat-Clean Diet: Fast Fat-Loss that lasts Forever!]]></title>
<title_without_series><![CDATA[The Eat-Clean Diet: Fast Fat-Loss that lasts Forever!]]></title_without_series>
<link><![CDATA[https://www.goodreads.com/book/show/185320.The_Eat_Clean_Diet]]></link>
<small_image_url><![CDATA[https://s.gr-assets.com/assets/nophoto/book/50x75-a91bf249278a81aabab721ef782c4a74.png]]></small_image_url>
<image_url><![CDATA[https://s.gr-assets.com/assets/nophoto/book/111x148-bcc042a9c91a29c1d680899eff700a03.png]]></image_url>
<num_pages></num_pages>
<work>
<id>179129</id>
</work>
<isbn>1552100383</isbn>
<isbn13>9781552100387</isbn13>
<average_rating>3.93</average_rating>
<ratings_count>1635</ratings_count>
<publication_year></publication_year>
<publication_month></publication_month>
<publication_day></publication_day>
<authors>
<author>
<id>107988</id>
<name>Tosca Reno</name>
<link><![CDATA[https://www.goodreads.com/author/show/107988.Tosca_Reno]]></link>
</author>
</authors>
</book>

          <book>
<id>8192141</id>
<title><![CDATA[Savvy Chic: The Art of More for Less]]></title>
<title_without_series><![CDATA[Savvy Chic: The Art of More for Less]]></title_without_series>
<link><![CDATA[https://www.goodreads.com/book/show/8192141-savvy-chic]]></link>
<small_image_url><![CDATA[https://s.gr-assets.com/assets/nophoto/book/50x75-a91bf249278a81aabab721ef782c4a74.png]]></small_image_url>
<image_url><![CDATA[https://s.gr-assets.com/assets/nophoto/book/111x148-bcc042a9c91a29c1d680899eff700a03.png]]></image_url>
<num_pages>336</num_pages>
<work>
<id>13038932</id>
</work>
<isbn>0061715069</isbn>
<isbn13>9780061715068</isbn13>
<average_rating>3.71</average_rating>
<ratings_count>261</ratings_count>
<publication_year>2010</publication_year>
<publication_month>10</publication_month>
<publication_day>26</publication_day>
<authors>
<author>
<id>147754</id>
<name>Anna Johnson</name>
<link><![CDATA[https://www.goodreads.com/author/show/147754.Anna_Johnson]]></link>
</author>
</authors>
</book>

          <book>
<id>149775</id>
<title><![CDATA[French or Foe?: Getting the Most Out of Visiting, Living and Working in France]]></title>
<title_without_series><![CDATA[French or Foe?: Getting the Most Out of Visiting, Living and Working in France]]></title_without_series>
<link><![CDATA[https://www.goodreads.com/book/show/149775.French_or_Foe_]]></link>
<small_image_url><![CDATA[https://s.gr-assets.com/assets/nophoto/book/50x75-a91bf249278a81aabab721ef782c4a74.png]]></small_image_url>
<image_url><![CDATA[https://s.gr-assets.com/assets/nophoto/book/111x148-bcc042a9c91a29c1d680899eff700a03.png]]></image_url>
<num_pages></num_pages>
<work>
<id>144562</id>
</work>
<isbn>0964668424</isbn>
<isbn13>9780964668423</isbn13>
<average_rating>3.78</average_rating>
<ratings_count>614</ratings_count>
<publication_year></publication_year>
<publication_month></publication_month>
<publication_day></publication_day>
<authors>
<author>
<id>86571</id>
<name>Polly Platt</name>
<link><![CDATA[https://www.goodreads.com/author/show/86571.Polly_Platt]]></link>
</author>
</authors>
</book>

          <book>
<id>129731</id>
<title><![CDATA[Mindless Eating: Why We Eat More Than We Think]]></title>
<title_without_series><![CDATA[Mindless Eating: Why We Eat More Than We Think]]></title_without_series>
<link><![CDATA[https://www.goodreads.com/book/show/129731.Mindless_Eating]]></link>
<small_image_url><![CDATA[https://images.gr-assets.com/books/1320482034s/129731.jpg]]></small_image_url>
<image_url><![CDATA[https://images.gr-assets.com/books/1320482034m/129731.jpg]]></image_url>
<num_pages>276</num_pages>
<work>
<id>124953</id>
</work>
<isbn>0553804340</isbn>
<isbn13>9780553804348</isbn13>
<average_rating>3.95</average_rating>
<ratings_count>8468</ratings_count>
<publication_year>2006</publication_year>
<publication_month>12</publication_month>
<publication_day>19</publication_day>
<authors>
<author>
<id>74610</id>
<name>Brian Wansink</name>
<link><![CDATA[https://www.goodreads.com/author/show/74610.Brian_Wansink]]></link>
</author>
</authors>
</book>

          <book>
<id>71461</id>
<title><![CDATA[A Corner in the Marais: Memoir of a Paris Neighborhood]]></title>
<title_without_series><![CDATA[A Corner in the Marais: Memoir of a Paris Neighborhood]]></title_without_series>
<link><![CDATA[https://www.goodreads.com/book/show/71461.A_Corner_in_the_Marais]]></link>
<small_image_url><![CDATA[https://s.gr-assets.com/assets/nophoto/book/50x75-a91bf249278a81aabab721ef782c4a74.png]]></small_image_url>
<image_url><![CDATA[https://s.gr-assets.com/assets/nophoto/book/111x148-bcc042a9c91a29c1d680899eff700a03.png]]></image_url>
<num_pages>149</num_pages>
<work>
<id>69205</id>
</work>
<isbn>1567921981</isbn>
<isbn13>9781567921984</isbn13>
<average_rating>3.51</average_rating>
<ratings_count>156</ratings_count>
<publication_year>2003</publication_year>
<publication_month>3</publication_month>
<publication_day>1</publication_day>
<authors>
<author>
<id>40418</id>
<name>Alex Karmel</name>
<link><![CDATA[https://www.goodreads.com/author/show/40418.Alex_Karmel]]></link>
</author>
</authors>
</book>

          <book>
<id>45398</id>
<title><![CDATA[The Skinny: How to Fit Into Your Little Black Dress Forever]]></title>
<title_without_series><![CDATA[The Skinny: How to Fit Into Your Little Black Dress Forever]]></title_without_series>
<link><![CDATA[https://www.goodreads.com/book/show/45398.The_Skinny]]></link>
<small_image_url><![CDATA[https://s.gr-assets.com/assets/nophoto/book/50x75-a91bf249278a81aabab721ef782c4a74.png]]></small_image_url>
<image_url><![CDATA[https://s.gr-assets.com/assets/nophoto/book/111x148-bcc042a9c91a29c1d680899eff700a03.png]]></image_url>
<num_pages></num_pages>
<work>
<id>44639</id>
</work>
<isbn>0696232421</isbn>
<isbn13>9780696232428</isbn13>
<average_rating>3.50</average_rating>
<ratings_count>157</ratings_count>
<publication_year>2006</publication_year>
<publication_month>12</publication_month>
<publication_day>1</publication_day>
<authors>
<author>
<id>25439</id>
<name>Melissa Clark</name>
<link><![CDATA[https://www.goodreads.com/author/show/25439.Melissa_Clark]]></link>
</author>
</authors>
</book>

          <book>
<id>43141</id>
<title><![CDATA[The Essence of Style: How the French Invented High Fashion, Fine Food, Chic Cafes, Style, Sophistication, and Glamour]]></title>
<title_without_series><![CDATA[The Essence of Style: How the French Invented High Fashion, Fine Food, Chic Cafes, Style, Sophistication, and Glamour]]></title_without_series>
<link><![CDATA[https://www.goodreads.com/book/show/43141.The_Essence_of_Style]]></link>
<small_image_url><![CDATA[https://s.gr-assets.com/assets/nophoto/book/50x75-a91bf249278a81aabab721ef782c4a74.png]]></small_image_url>
<image_url><![CDATA[https://s.gr-assets.com/assets/nophoto/book/111x148-bcc042a9c91a29c1d680899eff700a03.png]]></image_url>
<num_pages>302</num_pages>
<work>
<id>42579</id>
</work>
<isbn>0743264134</isbn>
<isbn13>9780743264136</isbn13>
<average_rating>3.82</average_rating>
<ratings_count>281</ratings_count>
<publication_year>2005</publication_year>
<publication_month>7</publication_month>
<publication_day>5</publication_day>
<authors>
<author>
<id>24272</id>
<name>Joan DeJean</name>
<link><![CDATA[https://www.goodreads.com/author/show/24272.Joan_DeJean]]></link>
</author>
</authors>
</book>

          <book>
<id>7103842</id>
<title><![CDATA[The Art of Eating In: How I Learned to Stop Spending and Love the Stove]]></title>
<title_without_series><![CDATA[The Art of Eating In: How I Learned to Stop Spending and Love the Stove]]></title_without_series>
<link><![CDATA[https://www.goodreads.com/book/show/7103842-the-art-of-eating-in]]></link>
<small_image_url><![CDATA[https://images.gr-assets.com/books/1318878292s/7103842.jpg]]></small_image_url>
<image_url><![CDATA[https://images.gr-assets.com/books/1318878292m/7103842.jpg]]></image_url>
<num_pages>322</num_pages>
<work>
<id>7362215</id>
</work>
<isbn>1592405258</isbn>
<isbn13>9781592405251</isbn13>
<average_rating>3.30</average_rating>
<ratings_count>1384</ratings_count>
<publication_year></publication_year>
<publication_month></publication_month>
<publication_day></publication_day>
<authors>
<author>
<id>3156842</id>
<name>Cathy Erway</name>
<link><![CDATA[https://www.goodreads.com/author/show/3156842.Cathy_Erway]]></link>
</author>
</authors>
</book>

          <book>
<id>2918285</id>
<title><![CDATA[Immoveable Feast: A Paris Christmas]]></title>
<title_without_series><![CDATA[Immoveable Feast: A Paris Christmas]]></title_without_series>
<link><![CDATA[https://www.goodreads.com/book/show/2918285-immoveable-feast]]></link>
<small_image_url><![CDATA[https://s.gr-assets.com/assets/nophoto/book/50x75-a91bf249278a81aabab721ef782c4a74.png]]></small_image_url>
<image_url><![CDATA[https://s.gr-assets.com/assets/nophoto/book/111x148-bcc042a9c91a29c1d680899eff700a03.png]]></image_url>
<num_pages>270</num_pages>
<work>
<id>2945512</id>
</work>
<isbn>0061562335</isbn>
<isbn13>9780061562334</isbn13>
<average_rating>3.56</average_rating>
<ratings_count>688</ratings_count>
<publication_year></publication_year>
<publication_month></publication_month>
<publication_day></publication_day>
<authors>
<author>
<id>16354</id>
<name>John Baxter</name>
<link><![CDATA[https://www.goodreads.com/author/show/16354.John_Baxter]]></link>
</author>
</authors>
</book>

          <book>
<id>6623</id>
<title>Real Simple: Meals Made Easy</title>
<title_without_series>Real Simple: Meals Made Easy</title_without_series>
<link><![CDATA[https://www.goodreads.com/book/show/6623.Real_Simple]]></link>
<small_image_url><![CDATA[https://images.gr-assets.com/books/1344269031s/6623.jpg]]></small_image_url>
<image_url><![CDATA[https://images.gr-assets.com/books/1344269031m/6623.jpg]]></image_url>
<num_pages>192</num_pages>
<work>
<id>9880</id>
</work>
<isbn>1933405031</isbn>
<isbn13>9781933405032</isbn13>
<average_rating>3.86</average_rating>
<ratings_count>361</ratings_count>
<publication_year>2006</publication_year>
<publication_month>4</publication_month>
<publication_day>11</publication_day>
<authors>
<author>
<id>3979374</id>
<name>Real Simple</name>
<link><![CDATA[https://www.goodreads.com/author/show/3979374.Real_Simple]]></link>
</author>
</authors>
</book>

          <book>
<id>168468</id>
<title><![CDATA[Paris: The Biography of a City]]></title>
<title_without_series><![CDATA[Paris: The Biography of a City]]></title_without_series>
<link><![CDATA[https://www.goodreads.com/book/show/168468.Paris]]></link>
<small_image_url><![CDATA[https://images.gr-assets.com/books/1309288306s/168468.jpg]]></small_image_url>
<image_url><![CDATA[https://images.gr-assets.com/books/1309288306m/168468.jpg]]></image_url>
<num_pages>566</num_pages>
<work>
<id>929925</id>
</work>
<isbn>0143036718</isbn>
<isbn13>9780143036715</isbn13>
<average_rating>3.77</average_rating>
<ratings_count>358</ratings_count>
<publication_year>2006</publication_year>
<publication_month>4</publication_month>
<publication_day>4</publication_day>
<authors>
<author>
<id>55838</id>
<name>Colin Jones</name>
<link><![CDATA[https://www.goodreads.com/author/show/55838.Colin_Jones]]></link>
</author>
</authors>
</book>

  </similar_books>
</book>

</GoodreadsResponse>