<?xml version="1.0" encoding="UTF-8"?>
<GoodreadsResponse>
  <Request>
    <authentication>true</authentication>
      <key><![CDATA[all_men_must_serve]]></key>
    <method><![CDATA[book_show]]></method>
  </Request>
  <book>
  <id>106859</id>
  <title>Superman for All Seasons</title>
  <isbn><![CDATA[1563895285]]></isbn>
  <isbn13><![CDATA[9781563895289]]></isbn13>
  <asin><![CDATA[]]></asin>
  <kindle_asin><![CDATA[B0064W646C]]></kindle_asin>
  <marketplace_id><![CDATA[A1F83G8C2ARO7P]]></marketplace_id>
  <country_code><![CDATA[GB]]></country_code>
  <image_url>https://images.gr-assets.com/books/1343797123m/106859.jpg</image_url>
  <small_image_url>https://images.gr-assets.com/books/1343797123s/106859.jpg</small_image_url>
  <publication_year>2002</publication_year>
  <publication_month>9</publication_month>
  <publication_day>25</publication_day>
  <publisher>DC Comics</publisher>
  <language_code>en-US</language_code>
  <is_ebook>false</is_ebook>
  <description><![CDATA[Similar to the premise of the Smallville television series, this hardcover book takes a look at the life of a young Clark Kent as he begins to develop strange powers. Living in a small Kansas town, the boy who would grow to be the Man of Steel must come to terms with his true origin and his uncanny abilities. In this mythic tale, we witness the experiences and adventures that transform a simple country boy into the world's greatest hero.]]></description>
  <work>
  <id type="integer">102997</id>
  <books_count type="integer">14</books_count>
  <best_book_id type="integer">106859</best_book_id>
  <reviews_count type="integer">13919</reviews_count>
  <ratings_sum type="integer">44025</ratings_sum>
  <ratings_count type="integer">10796</ratings_count>
  <text_reviews_count type="integer">316</text_reviews_count>
  <original_publication_year type="integer">2001</original_publication_year>
  <original_publication_month type="integer">12</original_publication_month>
  <original_publication_day type="integer">8</original_publication_day>
  <original_title>Superman for All Seasons</original_title>
  <original_language_id type="integer" nil="true"/>
  <media_type>book</media_type>
  <rating_dist>5:4418|4:3602|3:2129|2:493|1:154|total:10796</rating_dist>
  <desc_user_id type="integer">5010871</desc_user_id>
  <default_chaptering_book_id type="integer" nil="true"/>
  <default_description_language_code nil="true"/>
</work>
  <average_rating>4.08</average_rating>
  <num_pages><![CDATA[206]]></num_pages>
  <format><![CDATA[Hardcover]]></format>
  <edition_information><![CDATA[]]></edition_information>
  <ratings_count><![CDATA[10335]]></ratings_count>
  <text_reviews_count><![CDATA[241]]></text_reviews_count>
  <url><![CDATA[https://www.goodreads.com/book/show/106859.Superman_for_All_Seasons]]></url>
  <link><![CDATA[https://www.goodreads.com/book/show/106859.Superman_for_All_Seasons]]></link>
  <authors>
<author>
<id>32594</id>
<name>Jeph Loeb</name>
<role>Writer</role>
<image_url nophoto='false'>
<![CDATA[https://images.gr-assets.com/authors/1214852516p5/32594.jpg]]>
</image_url>
<small_image_url nophoto='false'>
<![CDATA[https://images.gr-assets.com/authors/1214852516p2/32594.jpg]]>
</small_image_url>
<link><![CDATA[https://www.goodreads.com/author/show/32594.Jeph_Loeb]]></link>
<average_rating>4.09</average_rating>
<ratings_count>249155</ratings_count>
<text_reviews_count>8553</text_reviews_count>
</author>
<author>
<id>61388</id>
<name>Tim Sale</name>
<role>Artist</role>
<image_url nophoto='true'>
<![CDATA[https://s.gr-assets.com/assets/nophoto/user/u_200x266-e183445fd1a1b5cc7075bb1cf7043306.png]]>
</image_url>
<small_image_url nophoto='true'>
<![CDATA[https://s.gr-assets.com/assets/nophoto/user/u_50x66-632230dc9882b4352d753eedf9396530.png]]>
</small_image_url>
<link><![CDATA[https://www.goodreads.com/author/show/61388.Tim_Sale]]></link>
<average_rating>4.24</average_rating>
<ratings_count>254348</ratings_count>
<text_reviews_count>8224</text_reviews_count>
</author>
<author>
<id>661532</id>
<name>Bjarne Hansen</name>
<role>Artist</role>
<image_url nophoto='true'>
<![CDATA[https://s.gr-assets.com/assets/nophoto/user/u_200x266-e183445fd1a1b5cc7075bb1cf7043306.png]]>
</image_url>
<small_image_url nophoto='true'>
<![CDATA[https://s.gr-assets.com/assets/nophoto/user/u_50x66-632230dc9882b4352d753eedf9396530.png]]>
</small_image_url>
<link><![CDATA[https://www.goodreads.com/author/show/661532.Bjarne_Hansen]]></link>
<average_rating>4.06</average_rating>
<ratings_count>10951</ratings_count>
<text_reviews_count>326</text_reviews_count>
</author>
</authors>

    <reviews_widget>
      <![CDATA[
        <style>
  #goodreads-widget {
    font-family: georgia, serif;
    padding: 18px 0;
    width:565px;
  }
  #goodreads-widget h1 {
    font-weight:normal;
    font-size: 16px;
    border-bottom: 1px solid #BBB596;
    margin-bottom: 0;
  }
  #goodreads-widget a {
    text-decoration: none;
    color:#660;
  }
  iframe{
    background-color: #fff;
  }
  #goodreads-widget a:hover { text-decoration: underline; }
  #goodreads-widget a:active {
    color:#660;
  }
  #gr_footer {
    width: 100%;
    border-top: 1px solid #BBB596;
    text-align: right;
  }
  #goodreads-widget .gr_branding{
    color: #382110;
    font-size: 11px;
    text-decoration: none;
    font-family: "Helvetica Neue", Helvetica, Arial, sans-serif;
  }
</style>
<div id="goodreads-widget">
  <div id="gr_header"><h1><a rel="nofollow" href="https://www.goodreads.com/book/show/106859.Superman_for_All_Seasons">Superman for All Seasons Reviews</a></h1></div>
  <iframe id="the_iframe" src="https://www.goodreads.com/api/reviews_widget_iframe?did=DEVELOPER_ID&amp;format=html&amp;isbn=1563895285&amp;links=660&amp;min_rating=&amp;review_back=fff&amp;stars=000&amp;text=000" width="565" height="400" frameborder="0"></iframe>
  <div id="gr_footer">
    <a class="gr_branding" target="_blank" rel="nofollow" href="https://www.goodreads.com/book/show/106859.Superman_for_All_Seasons?utm_medium=api&amp;utm_source=reviews_widget">Reviews from Goodreads.com</a>
  </div>
</div>

      ]]>
    </reviews_widget>
  <popular_shelves>
      <shelf name="to-read" count="2867"/>
      <shelf name="graphic-novels" count="295"/>
      <shelf name="comics" count="291"/>
      <shelf name="graphic-novel" count="82"/>
      <shelf name="superman" count="80"/>
      <shelf name="dc" count="71"/>
      <shelf name="favorites" count="60"/>
      <shelf name="superheroes" count="48"/>
      <shelf name="dc-comics" count="44"/>
      <shelf name="comic" count="38"/>
      <shelf name="superhero" count="38"/>
      <shelf name="comic-books" count="34"/>
      <shelf name="fiction" count="32"/>
      <shelf name="comics-graphic-novels" count="31"/>
      <shelf name="owned" count="18"/>
      <shelf name="comics-read" count="13"/>
      <shelf name="currently-reading" count="13"/>
      <shelf name="graphic-novels-comics" count="12"/>
      <shelf name="comics-to-read" count="11"/>
      <shelf name="comics-and-graphic-novels" count="9"/>
      <shelf name="library" count="8"/>
      <shelf name="to-read-comics" count="7"/>
      <shelf name="graphic-novels-read" count="7"/>
      <shelf name="super-hero" count="6"/>
      <shelf name="comix" count="6"/>
      <shelf name="superhero-comics" count="6"/>
      <shelf name="science-fiction" count="6"/>
      <shelf name="graphic" count="6"/>
      <shelf name="comics-dc" count="5"/>
      <shelf name="sequential-art" count="5"/>
      <shelf name="jeph-loeb" count="5"/>
      <shelf name="sci-fi" count="5"/>
      <shelf name="super-heroes" count="5"/>
      <shelf name="graphic-novels-and-comics" count="5"/>
      <shelf name="owned-comics" count="4"/>
      <shelf name="to-buy" count="4"/>
      <shelf name="default" count="4"/>
      <shelf name="to-read-graphic-novels" count="4"/>
      <shelf name="teen" count="4"/>
      <shelf name="adventure" count="4"/>
      <shelf name="young-adult" count="4"/>
      <shelf name="loeb" count="4"/>
      <shelf name="graphicnovels" count="4"/>
      <shelf name="favourites" count="3"/>
      <shelf name="read-in-2016" count="3"/>
      <shelf name="read-in-2015" count="3"/>
      <shelf name="read-in-2014" count="3"/>
      <shelf name="sci-fi-fantasy" count="3"/>
      <shelf name="comic-books-graphic-novels" count="3"/>
      <shelf name="1990s" count="3"/>
      <shelf name="science-fiction-fantasy" count="3"/>
      <shelf name="wish-list" count="3"/>
      <shelf name="my-library" count="3"/>
      <shelf name="borrowed-from-library" count="3"/>
      <shelf name="graphic_novel" count="3"/>
      <shelf name="fantasy" count="3"/>
      <shelf name="read-2016" count="2"/>
      <shelf name="gn" count="2"/>
      <shelf name="to-reread" count="2"/>
      <shelf name="own-it" count="2"/>
      <shelf name="comixology" count="2"/>
      <shelf name="comic-books-read" count="2"/>
      <shelf name="superheroics" count="2"/>
      <shelf name="drama" count="2"/>
      <shelf name="hq" count="2"/>
      <shelf name="physical-comics" count="2"/>
      <shelf name="read-2015" count="2"/>
      <shelf name="reviewed" count="2"/>
      <shelf name="comic-graphic-novel" count="2"/>
      <shelf name="my-books" count="2"/>
      <shelf name="read-in-2012" count="2"/>
      <shelf name="super" count="2"/>
      <shelf name="komiksy" count="2"/>
      <shelf name="sale" count="2"/>
      <shelf name="american" count="2"/>
      <shelf name="çizgi-roman" count="2"/>
      <shelf name="read-graphic" count="2"/>
      <shelf name="library-books" count="2"/>
      <shelf name="5-star" count="2"/>
      <shelf name="action" count="2"/>
      <shelf name="read-dc" count="2"/>
      <shelf name="ebook" count="2"/>
      <shelf name="batman" count="2"/>
      <shelf name="20th-century" count="2"/>
      <shelf name="read-comics" count="2"/>
      <shelf name="owned-books" count="2"/>
      <shelf name="read-2013" count="2"/>
      <shelf name="graphic-novels-to-read" count="2"/>
      <shelf name="favorite-graphic-novels" count="2"/>
      <shelf name="manga-graphic-novels" count="2"/>
      <shelf name="keepers" count="2"/>
      <shelf name="comics-bd" count="2"/>
      <shelf name="graphic-novel-comic-book" count="2"/>
      <shelf name="aliens" count="2"/>
      <shelf name="finished" count="2"/>
      <shelf name="read-2012" count="2"/>
      <shelf name="comics-manga" count="2"/>
      <shelf name="comic-book-graphic-novel" count="2"/>
      <shelf name="recommended" count="2"/>
      <shelf name="comic-book" count="2"/>
  </popular_shelves>
  <book_links>
    <book_link>
  <id>8</id>
  <name>Libraries</name>
  <link>https://www.goodreads.com/book_link/follow/8</link>
</book_link>

  </book_links>
  <buy_links>
    <buy_link>
<id>1</id>
<name>Amazon</name>
<link>https://www.goodreads.com/book_link/follow/1</link>
</buy_link>
<buy_link>
<id>10</id>
<name>Audible</name>
<link>https://www.goodreads.com/book_link/follow/10</link>
</buy_link>
<buy_link>
<id>3</id>
<name>Barnes &amp; Noble</name>
<link>https://www.goodreads.com/book_link/follow/3</link>
</buy_link>
<buy_link>
<id>1027</id>
<name>Kobo</name>
<link>https://www.goodreads.com/book_link/follow/1027</link>
</buy_link>
<buy_link>
<id>2102</id>
<name>Apple iBooks</name>
<link>https://www.goodreads.com/book_link/follow/2102</link>
</buy_link>
<buy_link>
<id>8036</id>
<name>Google Play</name>
<link>https://www.goodreads.com/book_link/follow/8036</link>
</buy_link>
<buy_link>
<id>4</id>
<name>Abebooks</name>
<link>https://www.goodreads.com/book_link/follow/4</link>
</buy_link>
<buy_link>
<id>882</id>
<name>Book Depository</name>
<link>https://www.goodreads.com/book_link/follow/882</link>
</buy_link>
<buy_link>
<id>9</id>
<name>Indigo</name>
<link>https://www.goodreads.com/book_link/follow/9</link>
</buy_link>
<buy_link>
<id>2</id>
<name>Half.com</name>
<link>https://www.goodreads.com/book_link/follow/2</link>
</buy_link>
<buy_link>
<id>5</id>
<name>Alibris</name>
<link>https://www.goodreads.com/book_link/follow/5</link>
</buy_link>
<buy_link>
<id>107</id>
<name>Better World Books</name>
<link>https://www.goodreads.com/book_link/follow/107</link>
</buy_link>
<buy_link>
<id>7</id>
<name>IndieBound</name>
<link>https://www.goodreads.com/book_link/follow/7</link>
</buy_link>

  </buy_links>
  <series_works>
    <series_work>
<id>685865</id>
<user_position></user_position>
<series>
<id>137045</id>
<title>
<![CDATA[
    Post-Crisis Superman Chronology
]]>
</title>
<description>
<![CDATA[
]]>
</description>
<note>
<![CDATA[
]]>
</note>
<series_works_count>37</series_works_count>
<primary_work_count>37</primary_work_count>
<numbered>true</numbered>
</series>

</series_work>

  </series_works>
  <similar_books>
          <book>
<id>26088</id>
<title>Superman: Secret Identity</title>
<title_without_series>Superman: Secret Identity</title_without_series>
<link><![CDATA[https://www.goodreads.com/book/show/26088.Superman]]></link>
<small_image_url><![CDATA[https://s.gr-assets.com/assets/nophoto/book/50x75-a91bf249278a81aabab721ef782c4a74.png]]></small_image_url>
<image_url><![CDATA[https://s.gr-assets.com/assets/nophoto/book/111x148-bcc042a9c91a29c1d680899eff700a03.png]]></image_url>
<num_pages>208</num_pages>
<work>
<id>1100913</id>
</work>
<isbn>1401204511</isbn>
<isbn13>9781401204518</isbn13>
<average_rating>4.22</average_rating>
<ratings_count>5759</ratings_count>
<publication_year>2013</publication_year>
<publication_month>4</publication_month>
<publication_day>9</publication_day>
<authors>
<author>
<id>7338</id>
<name>Kurt Busiek</name>
<link><![CDATA[https://www.goodreads.com/author/show/7338.Kurt_Busiek]]></link>
</author>
</authors>
</book>

          <book>
<id>8172</id>
<title>Superman: Birthright</title>
<title_without_series>Superman: Birthright</title_without_series>
<link><![CDATA[https://www.goodreads.com/book/show/8172.Superman]]></link>
<small_image_url><![CDATA[https://images.gr-assets.com/books/1343584198s/8172.jpg]]></small_image_url>
<image_url><![CDATA[https://images.gr-assets.com/books/1343584198m/8172.jpg]]></image_url>
<num_pages>287</num_pages>
<work>
<id>11126</id>
</work>
<isbn>1401202527</isbn>
<isbn13>9781401202521</isbn13>
<average_rating>4.12</average_rating>
<ratings_count>9367</ratings_count>
<publication_year>2005</publication_year>
<publication_month>10</publication_month>
<publication_day></publication_day>
<authors>
<author>
<id>5363</id>
<name>Mark Waid</name>
<link><![CDATA[https://www.goodreads.com/author/show/5363.Mark_Waid]]></link>
</author>
</authors>
</book>

          <book>
<id>838933</id>
<title>Superman: Last Son </title>
<title_without_series>Superman: Last Son</title_without_series>
<link><![CDATA[https://www.goodreads.com/book/show/838933.Superman]]></link>
<small_image_url><![CDATA[https://s.gr-assets.com/assets/nophoto/book/50x75-a91bf249278a81aabab721ef782c4a74.png]]></small_image_url>
<image_url><![CDATA[https://s.gr-assets.com/assets/nophoto/book/111x148-bcc042a9c91a29c1d680899eff700a03.png]]></image_url>
<num_pages>160</num_pages>
<work>
<id>824503</id>
</work>
<isbn>140121343X</isbn>
<isbn13>9781401213435</isbn13>
<average_rating>3.88</average_rating>
<ratings_count>3059</ratings_count>
<publication_year>2008</publication_year>
<publication_month>7</publication_month>
<publication_day>15</publication_day>
<authors>
<author>
<id>10305</id>
<name>Geoff Johns</name>
<link><![CDATA[https://www.goodreads.com/author/show/10305.Geoff_Johns]]></link>
</author>
</authors>
</book>

          <book>
<id>161275</id>
<title><![CDATA[Superman: Whatever Happened to the Man of Tomorrow?]]></title>
<title_without_series><![CDATA[Superman: Whatever Happened to the Man of Tomorrow?]]></title_without_series>
<link><![CDATA[https://www.goodreads.com/book/show/161275.Superman]]></link>
<small_image_url><![CDATA[https://images.gr-assets.com/books/1308365122s/161275.jpg]]></small_image_url>
<image_url><![CDATA[https://images.gr-assets.com/books/1308365122m/161275.jpg]]></image_url>
<num_pages>47</num_pages>
<work>
<id>155647</id>
</work>
<isbn>1563893150</isbn>
<isbn13>9781563893155</isbn13>
<average_rating>4.14</average_rating>
<ratings_count>10504</ratings_count>
<publication_year>1997</publication_year>
<publication_month>12</publication_month>
<publication_day>31</publication_day>
<authors>
<author>
<id>3961</id>
<name>Alan Moore</name>
<link><![CDATA[https://www.goodreads.com/author/show/3961.Alan_Moore]]></link>
</author>
</authors>
</book>

          <book>
<id>2249196</id>
<title>All-Star Superman, Vol. 2</title>
<title_without_series>All-Star Superman, Vol. 2</title_without_series>
<link><![CDATA[https://www.goodreads.com/book/show/2249196.All_Star_Superman_Vol_2]]></link>
<small_image_url><![CDATA[https://images.gr-assets.com/books/1320477944s/2249196.jpg]]></small_image_url>
<image_url><![CDATA[https://images.gr-assets.com/books/1320477944m/2249196.jpg]]></image_url>
<num_pages>154</num_pages>
<work>
<id>18442054</id>
</work>
<isbn>1401218377</isbn>
<isbn13>9781401218379</isbn13>
<average_rating>4.33</average_rating>
<ratings_count>12773</ratings_count>
<publication_year>2009</publication_year>
<publication_month>2</publication_month>
<publication_day>17</publication_day>
<authors>
<author>
<id>12732</id>
<name>Grant Morrison</name>
<link><![CDATA[https://www.goodreads.com/author/show/12732.Grant_Morrison]]></link>
</author>
</authors>
</book>

          <book>
<id>472238</id>
<title>Superman: Peace on Earth</title>
<title_without_series>Superman: Peace on Earth</title_without_series>
<link><![CDATA[https://www.goodreads.com/book/show/472238.Superman]]></link>
<small_image_url><![CDATA[https://images.gr-assets.com/books/1298557647s/472238.jpg]]></small_image_url>
<image_url><![CDATA[https://images.gr-assets.com/books/1298557647m/472238.jpg]]></image_url>
<num_pages>64</num_pages>
<work>
<id>460513</id>
</work>
<isbn>1563894645</isbn>
<isbn13>9781563894640</isbn13>
<average_rating>4.06</average_rating>
<ratings_count>3028</ratings_count>
<publication_year>1998</publication_year>
<publication_month>11</publication_month>
<publication_day>1</publication_day>
<authors>
<author>
<id>61935</id>
<name>Paul Dini</name>
<link><![CDATA[https://www.goodreads.com/author/show/61935.Paul_Dini]]></link>
</author>
</authors>
</book>

          <book>
<id>107173</id>
<title><![CDATA[DC: The New Frontier, Volume 2]]></title>
<title_without_series><![CDATA[DC: The New Frontier, Volume 2]]></title_without_series>
<link><![CDATA[https://www.goodreads.com/book/show/107173.DC]]></link>
<small_image_url><![CDATA[https://s.gr-assets.com/assets/nophoto/book/50x75-a91bf249278a81aabab721ef782c4a74.png]]></small_image_url>
<image_url><![CDATA[https://s.gr-assets.com/assets/nophoto/book/111x148-bcc042a9c91a29c1d680899eff700a03.png]]></image_url>
<num_pages>208</num_pages>
<work>
<id>2732009</id>
</work>
<isbn>1401204619</isbn>
<isbn13>9781401204617</isbn13>
<average_rating>4.30</average_rating>
<ratings_count>6151</ratings_count>
<publication_year>2005</publication_year>
<publication_month>5</publication_month>
<publication_day>1</publication_day>
<authors>
<author>
<id>61386</id>
<name>Darwyn Cooke</name>
<link><![CDATA[https://www.goodreads.com/author/show/61386.Darwyn_Cooke]]></link>
</author>
</authors>
</book>

          <book>
<id>1119718</id>
<title>Justice, Volume 3</title>
<title_without_series>Justice, Volume 3</title_without_series>
<link><![CDATA[https://www.goodreads.com/book/show/1119718.Justice_Volume_3]]></link>
<small_image_url><![CDATA[https://images.gr-assets.com/books/1381438551s/1119718.jpg]]></small_image_url>
<image_url><![CDATA[https://images.gr-assets.com/books/1381438551m/1119718.jpg]]></image_url>
<num_pages>160</num_pages>
<work>
<id>1106787</id>
</work>
<isbn>1401214673</isbn>
<isbn13>9781401214678</isbn13>
<average_rating>4.18</average_rating>
<ratings_count>2873</ratings_count>
<publication_year>2007</publication_year>
<publication_month>10</publication_month>
<publication_day>10</publication_day>
<authors>
<author>
<id>57952</id>
<name>Jim Krueger</name>
<link><![CDATA[https://www.goodreads.com/author/show/57952.Jim_Krueger]]></link>
</author>
</authors>
</book>

          <book>
<id>236557</id>
<title><![CDATA[Invincible: Ultimate Collection, Vol. 1]]></title>
<title_without_series><![CDATA[Invincible: Ultimate Collection, Vol. 1]]></title_without_series>
<link><![CDATA[https://www.goodreads.com/book/show/236557.Invincible]]></link>
<small_image_url><![CDATA[https://images.gr-assets.com/books/1318609346s/236557.jpg]]></small_image_url>
<image_url><![CDATA[https://images.gr-assets.com/books/1318609346m/236557.jpg]]></image_url>
<num_pages>400</num_pages>
<work>
<id>208010</id>
</work>
<isbn>158240500X</isbn>
<isbn13>9781582405001</isbn13>
<average_rating>4.25</average_rating>
<ratings_count>6932</ratings_count>
<publication_year>2005</publication_year>
<publication_month>8</publication_month>
<publication_day>2</publication_day>
<authors>
<author>
<id>12425</id>
<name>Robert Kirkman</name>
<link><![CDATA[https://www.goodreads.com/author/show/12425.Robert_Kirkman]]></link>
</author>
</authors>
</book>

          <book>
<id>401200</id>
<title>Lex Luthor: Man of Steel</title>
<title_without_series>Lex Luthor: Man of Steel</title_without_series>
<link><![CDATA[https://www.goodreads.com/book/show/401200.Lex_Luthor]]></link>
<small_image_url><![CDATA[https://s.gr-assets.com/assets/nophoto/book/50x75-a91bf249278a81aabab721ef782c4a74.png]]></small_image_url>
<image_url><![CDATA[https://s.gr-assets.com/assets/nophoto/book/111x148-bcc042a9c91a29c1d680899eff700a03.png]]></image_url>
<num_pages>144</num_pages>
<work>
<id>390608</id>
</work>
<isbn>1401204546</isbn>
<isbn13>9781401204549</isbn13>
<average_rating>3.91</average_rating>
<ratings_count>3364</ratings_count>
<publication_year>2006</publication_year>
<publication_month>1</publication_month>
<publication_day>1</publication_day>
<authors>
<author>
<id>17029</id>
<name>Brian Azzarello</name>
<link><![CDATA[https://www.goodreads.com/author/show/17029.Brian_Azzarello]]></link>
</author>
</authors>
</book>

          <book>
<id>2325142</id>
<title><![CDATA[Blue Beetle, Vol. 3: Reach for the Stars ]]></title>
<title_without_series><![CDATA[Blue Beetle, Vol. 3: Reach for the Stars]]></title_without_series>
<link><![CDATA[https://www.goodreads.com/book/show/2325142.Blue_Beetle_Vol_3]]></link>
<small_image_url><![CDATA[https://s.gr-assets.com/assets/nophoto/book/50x75-a91bf249278a81aabab721ef782c4a74.png]]></small_image_url>
<image_url><![CDATA[https://s.gr-assets.com/assets/nophoto/book/111x148-bcc042a9c91a29c1d680899eff700a03.png]]></image_url>
<num_pages>168</num_pages>
<work>
<id>2331701</id>
</work>
<isbn>1401216420</isbn>
<isbn13>9781401216429</isbn13>
<average_rating>3.96</average_rating>
<ratings_count>711</ratings_count>
<publication_year>2008</publication_year>
<publication_month>2</publication_month>
<publication_day>27</publication_day>
<authors>
<author>
<id>264571</id>
<name>John Rogers</name>
<link><![CDATA[https://www.goodreads.com/author/show/264571.John_Rogers]]></link>
</author>
</authors>
</book>

          <book>
<id>728919</id>
<title><![CDATA[Blue Beetle, Vol. 2: Road Trip ]]></title>
<title_without_series><![CDATA[Blue Beetle, Vol. 2: Road Trip]]></title_without_series>
<link><![CDATA[https://www.goodreads.com/book/show/728919.Blue_Beetle_Vol_2]]></link>
<small_image_url><![CDATA[https://images.gr-assets.com/books/1305691509s/728919.jpg]]></small_image_url>
<image_url><![CDATA[https://images.gr-assets.com/books/1305691509m/728919.jpg]]></image_url>
<num_pages>144</num_pages>
<work>
<id>715119</id>
</work>
<isbn>1401213618</isbn>
<isbn13>9781401213619</isbn13>
<average_rating>3.98</average_rating>
<ratings_count>976</ratings_count>
<publication_year>2007</publication_year>
<publication_month>6</publication_month>
<publication_day>6</publication_day>
<authors>
<author>
<id>32598</id>
<name>Keith Giffen</name>
<link><![CDATA[https://www.goodreads.com/author/show/32598.Keith_Giffen]]></link>
</author>
</authors>
</book>

          <book>
<id>160706</id>
<title><![CDATA[Secret Six: Six Degrees of Devastation]]></title>
<title_without_series><![CDATA[Secret Six: Six Degrees of Devastation]]></title_without_series>
<link><![CDATA[https://www.goodreads.com/book/show/160706.Secret_Six]]></link>
<small_image_url><![CDATA[https://s.gr-assets.com/assets/nophoto/book/50x75-a91bf249278a81aabab721ef782c4a74.png]]></small_image_url>
<image_url><![CDATA[https://s.gr-assets.com/assets/nophoto/book/111x148-bcc042a9c91a29c1d680899eff700a03.png]]></image_url>
<num_pages>144</num_pages>
<work>
<id>155108</id>
</work>
<isbn>140121231X</isbn>
<isbn13>9781401212315</isbn13>
<average_rating>3.98</average_rating>
<ratings_count>1253</ratings_count>
<publication_year>2007</publication_year>
<publication_month>3</publication_month>
<publication_day>28</publication_day>
<authors>
<author>
<id>45103</id>
<name>Gail Simone</name>
<link><![CDATA[https://www.goodreads.com/author/show/45103.Gail_Simone]]></link>
</author>
</authors>
</book>

  </similar_books>
</book>

</GoodreadsResponse>