<?xml version="1.0" encoding="UTF-8"?>
<GoodreadsResponse>
  <Request>
    <authentication>true</authentication>
      <key><![CDATA[all_men_must_serve]]></key>
    <method><![CDATA[book_show]]></method>
  </Request>
  <book>
  <id>10680329</id>
  <title><![CDATA[A Trick of the Light (Chief Inspector Armand Gamache, #7)]]></title>
  <isbn><![CDATA[0312655452]]></isbn>
  <isbn13><![CDATA[9780312655457]]></isbn13>
  <asin><![CDATA[]]></asin>
  <kindle_asin><![CDATA[B0065JMS64]]></kindle_asin>
  <marketplace_id><![CDATA[A1F83G8C2ARO7P]]></marketplace_id>
  <country_code><![CDATA[GB]]></country_code>
  <image_url>https://images.gr-assets.com/books/1327900478m/10680329.jpg</image_url>
  <small_image_url>https://images.gr-assets.com/books/1327900478s/10680329.jpg</small_image_url>
  <publication_year>2011</publication_year>
  <publication_month>8</publication_month>
  <publication_day>30</publication_day>
  <publisher>Minotaur Books</publisher>
  <language_code>eng</language_code>
  <is_ebook>false</is_ebook>
  <description><![CDATA["Hearts are broken," Lillian Dyson carefully underlined in a book. "Sweet relationships are dead."<br /><br />But now Lillian herself is dead. Found among the bleeding hearts and lilacs of Clara Morrow's garden in Three Pines, shattering the celebrations of Clara's solo show at the famed Musée in Montreal. Chief Inspector Gamache, the head of homicide at the Sûreté du Québec, is called to the tiny Quebec village and there he finds the art world gathered, and with it a world of shading and nuance, a world of shadow and light. Where nothing is as it seems. Behind every smile there lurks a sneer. Inside every sweet relationship there hides a broken heart. And even when facts are slowly exposed, it is no longer clear to Gamache and his team if what they've found is the truth, or simply a trick of the light.]]></description>
  <work>
  <id type="integer">15590102</id>
  <books_count type="integer">32</books_count>
  <best_book_id type="integer">10680329</best_book_id>
  <reviews_count type="integer">37980</reviews_count>
  <ratings_sum type="integer">105436</ratings_sum>
  <ratings_count type="integer">24572</ratings_count>
  <text_reviews_count type="integer">2242</text_reviews_count>
  <original_publication_year type="integer">2011</original_publication_year>
  <original_publication_month type="integer">1</original_publication_month>
  <original_publication_day type="integer">1</original_publication_day>
  <original_title>A Trick of the Light</original_title>
  <original_language_id type="integer" nil="true"/>
  <media_type>book</media_type>
  <rating_dist>5:10971|4:10350|3:2779|2:372|1:100|total:24572</rating_dist>
  <desc_user_id type="integer">39228227</desc_user_id>
  <default_chaptering_book_id type="integer" nil="true"/>
  <default_description_language_code nil="true"/>
</work>
  <average_rating>4.29</average_rating>
  <num_pages><![CDATA[352]]></num_pages>
  <format><![CDATA[Hardcover]]></format>
  <edition_information><![CDATA[]]></edition_information>
  <ratings_count><![CDATA[20971]]></ratings_count>
  <text_reviews_count><![CDATA[2008]]></text_reviews_count>
  <url><![CDATA[https://www.goodreads.com/book/show/10680329-a-trick-of-the-light]]></url>
  <link><![CDATA[https://www.goodreads.com/book/show/10680329-a-trick-of-the-light]]></link>
  <authors>
<author>
<id>194243</id>
<name>Louise Penny</name>
<role></role>
<image_url nophoto='false'>
<![CDATA[https://images.gr-assets.com/authors/1257567070p5/194243.jpg]]>
</image_url>
<small_image_url nophoto='false'>
<![CDATA[https://images.gr-assets.com/authors/1257567070p2/194243.jpg]]>
</small_image_url>
<link><![CDATA[https://www.goodreads.com/author/show/194243.Louise_Penny]]></link>
<average_rating>4.16</average_rating>
<ratings_count>360602</ratings_count>
<text_reviews_count>37947</text_reviews_count>
</author>
</authors>

    <reviews_widget>
      <![CDATA[
        <style>
  #goodreads-widget {
    font-family: georgia, serif;
    padding: 18px 0;
    width:565px;
  }
  #goodreads-widget h1 {
    font-weight:normal;
    font-size: 16px;
    border-bottom: 1px solid #BBB596;
    margin-bottom: 0;
  }
  #goodreads-widget a {
    text-decoration: none;
    color:#660;
  }
  iframe{
    background-color: #fff;
  }
  #goodreads-widget a:hover { text-decoration: underline; }
  #goodreads-widget a:active {
    color:#660;
  }
  #gr_footer {
    width: 100%;
    border-top: 1px solid #BBB596;
    text-align: right;
  }
  #goodreads-widget .gr_branding{
    color: #382110;
    font-size: 11px;
    text-decoration: none;
    font-family: "Helvetica Neue", Helvetica, Arial, sans-serif;
  }
</style>
<div id="goodreads-widget">
  <div id="gr_header"><h1><a rel="nofollow" href="https://www.goodreads.com/book/show/10680329-a-trick-of-the-light">A Trick of the Light Reviews</a></h1></div>
  <iframe id="the_iframe" src="https://www.goodreads.com/api/reviews_widget_iframe?did=DEVELOPER_ID&amp;format=html&amp;isbn=0312655452&amp;links=660&amp;min_rating=&amp;review_back=fff&amp;stars=000&amp;text=000" width="565" height="400" frameborder="0"></iframe>
  <div id="gr_footer">
    <a class="gr_branding" target="_blank" rel="nofollow" href="https://www.goodreads.com/book/show/10680329-a-trick-of-the-light?utm_medium=api&amp;utm_source=reviews_widget">Reviews from Goodreads.com</a>
  </div>
</div>

      ]]>
    </reviews_widget>
  <popular_shelves>
      <shelf name="mystery" count="1115"/>
      <shelf name="to-read" count="595"/>
      <shelf name="currently-reading" count="356"/>
      <shelf name="fiction" count="249"/>
      <shelf name="mysteries" count="226"/>
      <shelf name="series" count="123"/>
      <shelf name="louise-penny" count="120"/>
      <shelf name="canada" count="107"/>
      <shelf name="favorites" count="106"/>
      <shelf name="crime" count="106"/>
      <shelf name="audio" count="97"/>
      <shelf name="canadian" count="88"/>
      <shelf name="audiobook" count="85"/>
      <shelf name="audiobooks" count="71"/>
      <shelf name="kindle" count="62"/>
      <shelf name="mystery-thriller" count="55"/>
      <shelf name="library" count="52"/>
      <shelf name="mystery-suspense" count="41"/>
      <shelf name="audio-book" count="37"/>
      <shelf name="detective" count="36"/>
      <shelf name="audio-books" count="34"/>
      <shelf name="adult" count="32"/>
      <shelf name="adult-fiction" count="31"/>
      <shelf name="mystery-crime" count="30"/>
      <shelf name="cozy-mystery" count="29"/>
      <shelf name="murder-mystery" count="28"/>
      <shelf name="armand-gamache-series" count="27"/>
      <shelf name="read-in-2016" count="26"/>
      <shelf name="art" count="25"/>
      <shelf name="crime-fiction" count="25"/>
      <shelf name="inspector-gamache" count="21"/>
      <shelf name="audible" count="21"/>
      <shelf name="police-procedural" count="20"/>
      <shelf name="penny" count="20"/>
      <shelf name="owned" count="19"/>
      <shelf name="gamache" count="19"/>
      <shelf name="armand-gamache" count="19"/>
      <shelf name="penny-louise" count="19"/>
      <shelf name="ebook" count="18"/>
      <shelf name="contemporary" count="18"/>
      <shelf name="suspense" count="18"/>
      <shelf name="read-in-2015" count="17"/>
      <shelf name="mystery-series" count="17"/>
      <shelf name="first-reads" count="17"/>
      <shelf name="read-in-2013" count="16"/>
      <shelf name="alcoholism" count="16"/>
      <shelf name="murder" count="16"/>
      <shelf name="read-2016" count="15"/>
      <shelf name="listened-to" count="15"/>
      <shelf name="canadian-authors" count="15"/>
      <shelf name="thriller" count="15"/>
      <shelf name="read-2017" count="14"/>
      <shelf name="art-world" count="14"/>
      <shelf name="read-2014" count="14"/>
      <shelf name="library-book" count="14"/>
      <shelf name="canadian-author" count="14"/>
      <shelf name="mystery-detective" count="14"/>
      <shelf name="books-i-own" count="13"/>
      <shelf name="favorite-authors" count="13"/>
      <shelf name="to-buy" count="12"/>
      <shelf name="cozy" count="12"/>
      <shelf name="read-in-2012" count="12"/>
      <shelf name="read-in-2017" count="11"/>
      <shelf name="québec" count="11"/>
      <shelf name="three-pines-mystery" count="11"/>
      <shelf name="owned-books" count="11"/>
      <shelf name="quebec" count="11"/>
      <shelf name="crime-mystery" count="11"/>
      <shelf name="canadian-mystery" count="11"/>
      <shelf name="ebooks" count="11"/>
      <shelf name="mystery-thriller-suspense" count="11"/>
      <shelf name="read-in-2014" count="10"/>
      <shelf name="artists" count="10"/>
      <shelf name="default" count="10"/>
      <shelf name="overdrive" count="10"/>
      <shelf name="book-club" count="10"/>
      <shelf name="novels" count="10"/>
      <shelf name="read-2015" count="9"/>
      <shelf name="fiction-mystery" count="9"/>
      <shelf name="chief-inspector-armand-gamache" count="9"/>
      <shelf name="contemporary-fiction" count="9"/>
      <shelf name="police" count="9"/>
      <shelf name="friendship" count="9"/>
      <shelf name="novel" count="9"/>
      <shelf name="relationships" count="9"/>
      <shelf name="favorite-author" count="9"/>
      <shelf name="read-in-2011" count="9"/>
      <shelf name="7" count="8"/>
      <shelf name="2016-books" count="8"/>
      <shelf name="favorite-series" count="8"/>
      <shelf name="e-book" count="8"/>
      <shelf name="forgiveness" count="8"/>
      <shelf name="2016-reads" count="7"/>
      <shelf name="shelfari-favorites" count="7"/>
      <shelf name="2015-books" count="7"/>
      <shelf name="mystery-crime-thriller" count="7"/>
      <shelf name="library-books" count="7"/>
      <shelf name="chief-inspector-gamache" count="7"/>
      <shelf name="part-of-a-series" count="7"/>
      <shelf name="my-library" count="7"/>
  </popular_shelves>
  <book_links>
    <book_link>
  <id>8</id>
  <name>Libraries</name>
  <link>https://www.goodreads.com/book_link/follow/8</link>
</book_link>

  </book_links>
  <buy_links>
    <buy_link>
<id>1</id>
<name>Amazon</name>
<link>https://www.goodreads.com/book_link/follow/1</link>
</buy_link>
<buy_link>
<id>10</id>
<name>Audible</name>
<link>https://www.goodreads.com/book_link/follow/10</link>
</buy_link>
<buy_link>
<id>3</id>
<name>Barnes &amp; Noble</name>
<link>https://www.goodreads.com/book_link/follow/3</link>
</buy_link>
<buy_link>
<id>1027</id>
<name>Kobo</name>
<link>https://www.goodreads.com/book_link/follow/1027</link>
</buy_link>
<buy_link>
<id>2102</id>
<name>Apple iBooks</name>
<link>https://www.goodreads.com/book_link/follow/2102</link>
</buy_link>
<buy_link>
<id>8036</id>
<name>Google Play</name>
<link>https://www.goodreads.com/book_link/follow/8036</link>
</buy_link>
<buy_link>
<id>4</id>
<name>Abebooks</name>
<link>https://www.goodreads.com/book_link/follow/4</link>
</buy_link>
<buy_link>
<id>882</id>
<name>Book Depository</name>
<link>https://www.goodreads.com/book_link/follow/882</link>
</buy_link>
<buy_link>
<id>9</id>
<name>Indigo</name>
<link>https://www.goodreads.com/book_link/follow/9</link>
</buy_link>
<buy_link>
<id>2</id>
<name>Half.com</name>
<link>https://www.goodreads.com/book_link/follow/2</link>
</buy_link>
<buy_link>
<id>5</id>
<name>Alibris</name>
<link>https://www.goodreads.com/book_link/follow/5</link>
</buy_link>
<buy_link>
<id>107</id>
<name>Better World Books</name>
<link>https://www.goodreads.com/book_link/follow/107</link>
</buy_link>
<buy_link>
<id>7</id>
<name>IndieBound</name>
<link>https://www.goodreads.com/book_link/follow/7</link>
</buy_link>

  </buy_links>
  <series_works>
    <series_work>
<id>256465</id>
<user_position>7</user_position>
<series>
<id>42154</id>
<title>
<![CDATA[
    Chief Inspector Armand Gamache
]]>
</title>
<description>
<![CDATA[
    Chief Inspector Armand Gamache of the Sûreté du Québec digs beneath the idyllic surface of village life in Three Pines, finding long buried secrets--and facing a few of his own ghosts. Louise Penny's highly acclaimed, New York Times bestselling mystery series has won the New Blood Dagger as well as multiple Agatha, Anthony, Dilys, Arthur Ellis, and other prestigious awards. In 2010 the first book, Still Life, was cited as one of the five Mystery/Crime Novels of the Decade by Deadly Pleasures magazine. 
    
    http://us.macmillan.com/series/ChiefInspectorGamacheNovel
    
    " I wouldn't hesitate to start someone with say, Louise Penny's The Beautiful Mystery, despite the long back story. It hints at past stories that will intrigue the reader and indirectly impact the actions of the characters, but one could read it and enjoy/understand the current story without having the history. "
    
    While one could read these stories in any order, it is recommended reading them in publication order.
]]>
</description>
<note>
<![CDATA[
]]>
</note>
<series_works_count>18</series_works_count>
<primary_work_count>13</primary_work_count>
<numbered>true</numbered>
</series>

</series_work>

  </series_works>
      <public_document>
        <id>23512</id>
        <document_url>
          https://s3.amazonaws.com/compressed.photo.goodreads.com/documents/1340398618books/10680329.pdf
        </document_url>
      </public_document>
  <similar_books>
          <book>
<id>10330150</id>
<title><![CDATA[No Mark Upon Her (Duncan Kincaid & Gemma James, #14)]]></title>
<title_without_series>No Mark Upon Her</title_without_series>
<link><![CDATA[https://www.goodreads.com/book/show/10330150-no-mark-upon-her]]></link>
<small_image_url><![CDATA[https://images.gr-assets.com/books/1327955717s/10330150.jpg]]></small_image_url>
<image_url><![CDATA[https://images.gr-assets.com/books/1327955717m/10330150.jpg]]></image_url>
<num_pages></num_pages>
<work>
<id>15232652</id>
</work>
<isbn>023075063X</isbn>
<isbn13>9780230750630</isbn13>
<average_rating>4.13</average_rating>
<ratings_count>6003</ratings_count>
<publication_year>2011</publication_year>
<publication_month>8</publication_month>
<publication_day>1</publication_day>
<authors>
<author>
<id>43691</id>
<name>Deborah Crombie</name>
<link><![CDATA[https://www.goodreads.com/author/show/43691.Deborah_Crombie]]></link>
</author>
</authors>
</book>

          <book>
<id>138097</id>
<title><![CDATA[Out of the Deep I Cry (Rev. Clare Fergusson & Russ Van Alstyne Mysteries, #3)]]></title>
<title_without_series>Out of the Deep I Cry</title_without_series>
<link><![CDATA[https://www.goodreads.com/book/show/138097.Out_of_the_Deep_I_Cry]]></link>
<small_image_url><![CDATA[https://s.gr-assets.com/assets/nophoto/book/50x75-a91bf249278a81aabab721ef782c4a74.png]]></small_image_url>
<image_url><![CDATA[https://s.gr-assets.com/assets/nophoto/book/111x148-bcc042a9c91a29c1d680899eff700a03.png]]></image_url>
<num_pages>388</num_pages>
<work>
<id>133113</id>
</work>
<isbn>0312988885</isbn>
<isbn13>9780312988883</isbn13>
<average_rating>4.14</average_rating>
<ratings_count>4479</ratings_count>
<publication_year>2005</publication_year>
<publication_month>5</publication_month>
<publication_day>3</publication_day>
<authors>
<author>
<id>33986</id>
<name>Julia Spencer-Fleming</name>
<link><![CDATA[https://www.goodreads.com/author/show/33986.Julia_Spencer_Fleming]]></link>
</author>
</authors>
</book>

          <book>
<id>6665040</id>
<title><![CDATA[The Dark Vineyard (Bruno, Chief of Police #2)]]></title>
<title_without_series>The Dark Vineyard</title_without_series>
<link><![CDATA[https://www.goodreads.com/book/show/6665040-the-dark-vineyard]]></link>
<small_image_url><![CDATA[https://s.gr-assets.com/assets/nophoto/book/50x75-a91bf249278a81aabab721ef782c4a74.png]]></small_image_url>
<image_url><![CDATA[https://s.gr-assets.com/assets/nophoto/book/111x148-bcc042a9c91a29c1d680899eff700a03.png]]></image_url>
<num_pages>309</num_pages>
<work>
<id>6859902</id>
</work>
<isbn>1847249159</isbn>
<isbn13>9781847249159</isbn13>
<average_rating>3.90</average_rating>
<ratings_count>3484</ratings_count>
<publication_year>2009</publication_year>
<publication_month></publication_month>
<publication_day></publication_day>
<authors>
<author>
<id>90593</id>
<name>Martin  Walker</name>
<link><![CDATA[https://www.goodreads.com/author/show/90593.Martin_Walker]]></link>
</author>
</authors>
</book>

          <book>
<id>8639187</id>
<title><![CDATA[A Lonely Death (Inspector Ian Rutledge, #13)]]></title>
<title_without_series>A Lonely Death</title_without_series>
<link><![CDATA[https://www.goodreads.com/book/show/8639187-a-lonely-death]]></link>
<small_image_url><![CDATA[https://s.gr-assets.com/assets/nophoto/book/50x75-a91bf249278a81aabab721ef782c4a74.png]]></small_image_url>
<image_url><![CDATA[https://s.gr-assets.com/assets/nophoto/book/111x148-bcc042a9c91a29c1d680899eff700a03.png]]></image_url>
<num_pages>343</num_pages>
<work>
<id>13510170</id>
</work>
<isbn>0061726192</isbn>
<isbn13>9780061726194</isbn13>
<average_rating>4.06</average_rating>
<ratings_count>3695</ratings_count>
<publication_year></publication_year>
<publication_month></publication_month>
<publication_day></publication_day>
<authors>
<author>
<id>131</id>
<name>Charles Todd</name>
<link><![CDATA[https://www.goodreads.com/author/show/131.Charles_Todd]]></link>
</author>
</authors>
</book>

          <book>
<id>12340713</id>
<title><![CDATA[Elegy for Eddie (Maisie Dobbs, #9)]]></title>
<title_without_series>Elegy for Eddie</title_without_series>
<link><![CDATA[https://www.goodreads.com/book/show/12340713-elegy-for-eddie]]></link>
<small_image_url><![CDATA[https://s.gr-assets.com/assets/nophoto/book/50x75-a91bf249278a81aabab721ef782c4a74.png]]></small_image_url>
<image_url><![CDATA[https://s.gr-assets.com/assets/nophoto/book/111x148-bcc042a9c91a29c1d680899eff700a03.png]]></image_url>
<num_pages>335</num_pages>
<work>
<id>17319966</id>
</work>
<isbn>0062049577</isbn>
<isbn13>9780062049575</isbn13>
<average_rating>4.00</average_rating>
<ratings_count>11510</ratings_count>
<publication_year></publication_year>
<publication_month></publication_month>
<publication_day></publication_day>
<authors>
<author>
<id>5023</id>
<name>Jacqueline Winspear</name>
<link><![CDATA[https://www.goodreads.com/author/show/5023.Jacqueline_Winspear]]></link>
</author>
</authors>
</book>

          <book>
<id>9130129</id>
<title><![CDATA[The House at Sea's End (Ruth Galloway, #3)]]></title>
<title_without_series>The House at Sea&apos;s End</title_without_series>
<link><![CDATA[https://www.goodreads.com/book/show/9130129-the-house-at-sea-s-end]]></link>
<small_image_url><![CDATA[https://images.gr-assets.com/books/1327187907s/9130129.jpg]]></small_image_url>
<image_url><![CDATA[https://images.gr-assets.com/books/1327187907m/9130129.jpg]]></image_url>
<num_pages>352</num_pages>
<work>
<id>13716913</id>
</work>
<isbn>1849163677</isbn>
<isbn13>9781849163675</isbn13>
<average_rating>3.92</average_rating>
<ratings_count>9126</ratings_count>
<publication_year>2011</publication_year>
<publication_month>1</publication_month>
<publication_day>6</publication_day>
<authors>
<author>
<id>2541526</id>
<name>Elly Griffiths</name>
<link><![CDATA[https://www.goodreads.com/author/show/2541526.Elly_Griffiths]]></link>
</author>
</authors>
</book>

  </similar_books>
</book>

</GoodreadsResponse>