<?xml version="1.0" encoding="UTF-8"?>
<GoodreadsResponse>
  <Request>
    <authentication>true</authentication>
      <key><![CDATA[all_men_must_serve]]></key>
    <method><![CDATA[book_show]]></method>
  </Request>
  <book>
  <id>107007</id>
  <title><![CDATA[The League of Extraordinary Gentlemen, Vol. 2]]></title>
  <isbn><![CDATA[1401201180]]></isbn>
  <isbn13><![CDATA[9781401201180]]></isbn13>
  <asin><![CDATA[]]></asin>
  <kindle_asin><![CDATA[B0064W641W]]></kindle_asin>
  <marketplace_id><![CDATA[A1F83G8C2ARO7P]]></marketplace_id>
  <country_code><![CDATA[GB]]></country_code>
  <image_url>https://images.gr-assets.com/books/1327904678m/107007.jpg</image_url>
  <small_image_url>https://images.gr-assets.com/books/1327904678s/107007.jpg</small_image_url>
  <publication_year>2004</publication_year>
  <publication_month>9</publication_month>
  <publication_day>1</publication_day>
  <publisher>WildStorm</publisher>
  <language_code>eng</language_code>
  <is_ebook>false</is_ebook>
  <description><![CDATA[Written by Alan Moore; Art and cover by Kevin O'Neill. <br /><br />It's one month after the events in League of Extraordinary Gentlemen Vol. 1, and the skies over England are filled with flaming rockets as Mars launches the first salvo of an invasion. Only our stalwart adventurers Allan Quatermain, Mina Harker, Captain Nemo, Hawley Griffin, and Mr. Edward Hyde can save mother England and the very Earth itself. But there are many startling revelations along the way, including the blossoming of love and the uncovering of a traitor in their midst!]]></description>
  <work>
  <id type="integer">6156668</id>
  <books_count type="integer">24</books_count>
  <best_book_id type="integer">107007</best_book_id>
  <reviews_count type="integer">24183</reviews_count>
  <ratings_sum type="integer">70412</ratings_sum>
  <ratings_count type="integer">17885</ratings_count>
  <text_reviews_count type="integer">536</text_reviews_count>
  <original_publication_year type="integer">2003</original_publication_year>
  <original_publication_month type="integer" nil="true"/>
  <original_publication_day type="integer" nil="true"/>
  <original_title>The League of Extraordinary Gentlemen, Vol. 2</original_title>
  <original_language_id type="integer" nil="true"/>
  <media_type>book</media_type>
  <rating_dist>5:5668|4:6866|3:4149|2:959|1:243|total:17885</rating_dist>
  <desc_user_id type="integer">4483727</desc_user_id>
  <default_chaptering_book_id type="integer" nil="true"/>
  <default_description_language_code nil="true"/>
</work>
  <average_rating>3.94</average_rating>
  <num_pages><![CDATA[228]]></num_pages>
  <format><![CDATA[Paperback]]></format>
  <edition_information><![CDATA[]]></edition_information>
  <ratings_count><![CDATA[17040]]></ratings_count>
  <text_reviews_count><![CDATA[489]]></text_reviews_count>
  <url><![CDATA[https://www.goodreads.com/book/show/107007.The_League_of_Extraordinary_Gentlemen_Vol_2]]></url>
  <link><![CDATA[https://www.goodreads.com/book/show/107007.The_League_of_Extraordinary_Gentlemen_Vol_2]]></link>
  <authors>
<author>
<id>3961</id>
<name>Alan Moore</name>
<role></role>
<image_url nophoto='false'>
<![CDATA[https://images.gr-assets.com/authors/1304944713p5/3961.jpg]]>
</image_url>
<small_image_url nophoto='false'>
<![CDATA[https://images.gr-assets.com/authors/1304944713p2/3961.jpg]]>
</small_image_url>
<link><![CDATA[https://www.goodreads.com/author/show/3961.Alan_Moore]]></link>
<average_rating>4.23</average_rating>
<ratings_count>1055988</ratings_count>
<text_reviews_count>32294</text_reviews_count>
</author>
<author>
<id>61919</id>
<name>Kevin O&apos;Neill</name>
<role>Illustrator</role>
<image_url nophoto='true'>
<![CDATA[https://s.gr-assets.com/assets/nophoto/user/m_200x266-d279b33f8eec0f27b7272477f09806be.png]]>
</image_url>
<small_image_url nophoto='true'>
<![CDATA[https://s.gr-assets.com/assets/nophoto/user/m_50x66-82093808bca726cb3249a493fbd3bd0f.png]]>
</small_image_url>
<link><![CDATA[https://www.goodreads.com/author/show/61919.Kevin_O_Neill]]></link>
<average_rating>3.81</average_rating>
<ratings_count>90686</ratings_count>
<text_reviews_count>3690</text_reviews_count>
</author>
</authors>

    <reviews_widget>
      <![CDATA[
        <style>
  #goodreads-widget {
    font-family: georgia, serif;
    padding: 18px 0;
    width:565px;
  }
  #goodreads-widget h1 {
    font-weight:normal;
    font-size: 16px;
    border-bottom: 1px solid #BBB596;
    margin-bottom: 0;
  }
  #goodreads-widget a {
    text-decoration: none;
    color:#660;
  }
  iframe{
    background-color: #fff;
  }
  #goodreads-widget a:hover { text-decoration: underline; }
  #goodreads-widget a:active {
    color:#660;
  }
  #gr_footer {
    width: 100%;
    border-top: 1px solid #BBB596;
    text-align: right;
  }
  #goodreads-widget .gr_branding{
    color: #382110;
    font-size: 11px;
    text-decoration: none;
    font-family: "Helvetica Neue", Helvetica, Arial, sans-serif;
  }
</style>
<div id="goodreads-widget">
  <div id="gr_header"><h1><a rel="nofollow" href="https://www.goodreads.com/book/show/107007.The_League_of_Extraordinary_Gentlemen_Vol_2">The League of Extraordinary Gentlemen, Vol. 2 Reviews</a></h1></div>
  <iframe id="the_iframe" src="https://www.goodreads.com/api/reviews_widget_iframe?did=DEVELOPER_ID&amp;format=html&amp;isbn=1401201180&amp;links=660&amp;min_rating=&amp;review_back=fff&amp;stars=000&amp;text=000" width="565" height="400" frameborder="0"></iframe>
  <div id="gr_footer">
    <a class="gr_branding" target="_blank" rel="nofollow" href="https://www.goodreads.com/book/show/107007.The_League_of_Extraordinary_Gentlemen_Vol_2?utm_medium=api&amp;utm_source=reviews_widget">Reviews from Goodreads.com</a>
  </div>
</div>

      ]]>
    </reviews_widget>
  <popular_shelves>
      <shelf name="graphic-novels" count="966"/>
      <shelf name="comics" count="925"/>
      <shelf name="graphic-novel" count="351"/>
      <shelf name="fiction" count="158"/>
      <shelf name="comic-books" count="81"/>
      <shelf name="fantasy" count="78"/>
      <shelf name="owned" count="74"/>
      <shelf name="comics-graphic-novels" count="72"/>
      <shelf name="historical-fiction" count="65"/>
      <shelf name="favorites" count="64"/>
      <shelf name="graphic-novels-comics" count="58"/>
      <shelf name="sci-fi" count="57"/>
      <shelf name="alan-moore" count="46"/>
      <shelf name="comic" count="40"/>
      <shelf name="cómic" count="39"/>
      <shelf name="steampunk" count="37"/>
      <shelf name="graphic" count="37"/>
      <shelf name="comics-and-graphic-novels" count="34"/>
      <shelf name="default" count="32"/>
      <shelf name="horror" count="30"/>
      <shelf name="alternate-history" count="30"/>
      <shelf name="library" count="29"/>
      <shelf name="series" count="29"/>
      <shelf name="science-fiction" count="28"/>
      <shelf name="books-i-own" count="28"/>
      <shelf name="comix" count="24"/>
      <shelf name="graphic-novels-and-comics" count="22"/>
      <shelf name="superheroes" count="20"/>
      <shelf name="comic-book" count="19"/>
      <shelf name="historical" count="19"/>
      <shelf name="fumetti" count="18"/>
      <shelf name="currently-reading" count="17"/>
      <shelf name="victorian" count="15"/>
      <shelf name="read-comics" count="14"/>
      <shelf name="sci-fi-fantasy" count="13"/>
      <shelf name="graphicnovels" count="13"/>
      <shelf name="to-read" count="12"/>
      <shelf name="supernatural" count="12"/>
      <shelf name="sf" count="12"/>
      <shelf name="classics" count="12"/>
      <shelf name="british" count="12"/>
      <shelf name="2000s" count="12"/>
      <shelf name="league-of-extraordinary-gentlemen" count="11"/>
      <shelf name="read-in-2012" count="11"/>
      <shelf name="comic-graphic-novel" count="11"/>
      <shelf name="comics-read" count="11"/>
      <shelf name="speculative-fiction" count="11"/>
      <shelf name="adventure" count="10"/>
      <shelf name="owned-books" count="10"/>
      <shelf name="metafiction" count="10"/>
      <shelf name="super-heroes" count="10"/>
      <shelf name="mystery" count="10"/>
      <shelf name="scifi" count="10"/>
      <shelf name="paranormal" count="9"/>
      <shelf name="my-library" count="9"/>
      <shelf name="comic-books-graphic-novels" count="9"/>
      <shelf name="graphic-novels-read" count="9"/>
      <shelf name="victoriana" count="9"/>
      <shelf name="to-buy" count="9"/>
      <shelf name="scifi-fantasy" count="9"/>
      <shelf name="graphic_novels" count="9"/>
      <shelf name="graphicnovel" count="9"/>
      <shelf name="novel" count="9"/>
      <shelf name="aliens" count="8"/>
      <shelf name="bd" count="8"/>
      <shelf name="quadrinhos" count="8"/>
      <shelf name="read-in-2009" count="8"/>
      <shelf name="read-in-2016" count="7"/>
      <shelf name="london" count="7"/>
      <shelf name="favourites" count="7"/>
      <shelf name="english" count="7"/>
      <shelf name="superhero" count="7"/>
      <shelf name="sequential-art" count="7"/>
      <shelf name="graphic-novels-comic-books" count="7"/>
      <shelf name="2004" count="7"/>
      <shelf name="moore" count="7"/>
      <shelf name="finished" count="6"/>
      <shelf name="literature" count="6"/>
      <shelf name="england" count="6"/>
      <shelf name="crime" count="6"/>
      <shelf name="literary" count="6"/>
      <shelf name="adult" count="6"/>
      <shelf name="gothic" count="6"/>
      <shelf name="thriller" count="6"/>
      <shelf name="dc" count="6"/>
      <shelf name="steam-punk" count="6"/>
      <shelf name="historical-fantasy" count="6"/>
      <shelf name="read-2015" count="5"/>
      <shelf name="read-in-english" count="5"/>
      <shelf name="graphic-novels-to-read" count="5"/>
      <shelf name="vertigo" count="5"/>
      <shelf name="graphics" count="5"/>
      <shelf name="20th-century" count="5"/>
      <shelf name="graphic-novel-comic" count="5"/>
      <shelf name="wildstorm" count="5"/>
      <shelf name="other-comics" count="5"/>
      <shelf name="graphic-novel-comics" count="5"/>
      <shelf name="my-books" count="5"/>
      <shelf name="illustrated" count="5"/>
      <shelf name="own-it" count="5"/>
  </popular_shelves>
  <book_links>
    <book_link>
  <id>8</id>
  <name>Libraries</name>
  <link>https://www.goodreads.com/book_link/follow/8</link>
</book_link>

  </book_links>
  <buy_links>
    <buy_link>
<id>1</id>
<name>Amazon</name>
<link>https://www.goodreads.com/book_link/follow/1</link>
</buy_link>
<buy_link>
<id>10</id>
<name>Audible</name>
<link>https://www.goodreads.com/book_link/follow/10</link>
</buy_link>
<buy_link>
<id>3</id>
<name>Barnes &amp; Noble</name>
<link>https://www.goodreads.com/book_link/follow/3</link>
</buy_link>
<buy_link>
<id>1027</id>
<name>Kobo</name>
<link>https://www.goodreads.com/book_link/follow/1027</link>
</buy_link>
<buy_link>
<id>2102</id>
<name>Apple iBooks</name>
<link>https://www.goodreads.com/book_link/follow/2102</link>
</buy_link>
<buy_link>
<id>8036</id>
<name>Google Play</name>
<link>https://www.goodreads.com/book_link/follow/8036</link>
</buy_link>
<buy_link>
<id>4</id>
<name>Abebooks</name>
<link>https://www.goodreads.com/book_link/follow/4</link>
</buy_link>
<buy_link>
<id>882</id>
<name>Book Depository</name>
<link>https://www.goodreads.com/book_link/follow/882</link>
</buy_link>
<buy_link>
<id>9</id>
<name>Indigo</name>
<link>https://www.goodreads.com/book_link/follow/9</link>
</buy_link>
<buy_link>
<id>2</id>
<name>Half.com</name>
<link>https://www.goodreads.com/book_link/follow/2</link>
</buy_link>
<buy_link>
<id>5</id>
<name>Alibris</name>
<link>https://www.goodreads.com/book_link/follow/5</link>
</buy_link>
<buy_link>
<id>107</id>
<name>Better World Books</name>
<link>https://www.goodreads.com/book_link/follow/107</link>
</buy_link>
<buy_link>
<id>7</id>
<name>IndieBound</name>
<link>https://www.goodreads.com/book_link/follow/7</link>
</buy_link>

  </buy_links>
  <series_works>
    <series_work>
<id>185614</id>
<user_position>2</user_position>
<series>
<id>49952</id>
<title>
<![CDATA[
    The League of Extraordinary Gentlemen
]]>
</title>
<description>
<![CDATA[
    The League of Extraordinary Gentlemen is a comic book series written by Alan Moore and illustrated by Kevin O'Neill, which started in 1999. The series spans two six-issue limited series and a graphic novel from the America's Best Comics imprint of Wildstorm/DC, and a third miniseries published by Top Shelf and Knockabout Comics. According to Moore, the concept behind the series was initially a "Justice League of Victorian England" but quickly grew into an opportunity to merge several works of fiction into one world.
    Also known as:
    ·La Liga de Hombres Extraordinarios (Spanish).
    ·La Lega degli Straordinari Gentlemen (Italian).
    ·<a href="http://www.goodreads.com/series/94812-la-ligue-des-gentlemen-extraordinaires/">La Ligue Des Gentlemen Extraordinaires</a> (French).
    ·Liga výjimečných (Czech).
    ·Kerrassaan merkillisten herrasmiesten liiga(Finnish).
    ·A Liga Extraordinária (Portuguese).
    ·Liga Izuzetnih Džentlmena (Serbian).
]]>
</description>
<note>
<![CDATA[
    DO NOT COMBINE different content editions.
]]>
</note>
<series_works_count>13</series_works_count>
<primary_work_count>6</primary_work_count>
<numbered>true</numbered>
</series>

</series_work>
<series_work>
<id>458202</id>
<user_position>3-4</user_position>
<series>
<id>94812</id>
<title>
<![CDATA[
    La Ligue des Gentlemen Extraordinaires
]]>
</title>
<description>
<![CDATA[
    French edition of <a href="http://www.goodreads.com/series/49952-the-league-of-extraordinary-gentlemen">The League of Extraordinary Gentlemen</a>.
    First edition was published in shorter books. Later editions were collected in complete and absolutes editions.
]]>
</description>
<note>
<![CDATA[
]]>
</note>
<series_works_count>8</series_works_count>
<primary_work_count>5</primary_work_count>
<numbered>true</numbered>
</series>

</series_work>

  </series_works>
  <similar_books>
          <book>
<id>209968</id>
<title><![CDATA[Planetary, Volume 2: The Fourth Man]]></title>
<title_without_series><![CDATA[Planetary, Volume 2: The Fourth Man]]></title_without_series>
<link><![CDATA[https://www.goodreads.com/book/show/209968.Planetary_Volume_2]]></link>
<small_image_url><![CDATA[https://s.gr-assets.com/assets/nophoto/book/50x75-a91bf249278a81aabab721ef782c4a74.png]]></small_image_url>
<image_url><![CDATA[https://s.gr-assets.com/assets/nophoto/book/111x148-bcc042a9c91a29c1d680899eff700a03.png]]></image_url>
<num_pages>144</num_pages>
<work>
<id>891589</id>
</work>
<isbn>1563897644</isbn>
<isbn13>9781563897641</isbn13>
<average_rating>4.37</average_rating>
<ratings_count>8887</ratings_count>
<publication_year>2001</publication_year>
<publication_month>12</publication_month>
<publication_day>1</publication_day>
<authors>
<author>
<id>12772</id>
<name>Warren Ellis</name>
<link><![CDATA[https://www.goodreads.com/author/show/12772.Warren_Ellis]]></link>
</author>
</authors>
</book>

          <book>
<id>356343</id>
<title><![CDATA[B.P.R.D., Vol. 4: The Dead (B.P.R.D., #4)]]></title>
<title_without_series>B.P.R.D., Vol. 4: The Dead</title_without_series>
<link><![CDATA[https://www.goodreads.com/book/show/356343.B_P_R_D_Vol_4]]></link>
<small_image_url><![CDATA[https://images.gr-assets.com/books/1403208842s/356343.jpg]]></small_image_url>
<image_url><![CDATA[https://images.gr-assets.com/books/1403208842m/356343.jpg]]></image_url>
<num_pages>160</num_pages>
<work>
<id>346514</id>
</work>
<isbn>1593073801</isbn>
<isbn13>9781593073800</isbn13>
<average_rating>4.17</average_rating>
<ratings_count>1480</ratings_count>
<publication_year>2005</publication_year>
<publication_month>10</publication_month>
<publication_day>11</publication_day>
<authors>
<author>
<id>10182</id>
<name>Mike Mignola</name>
<link><![CDATA[https://www.goodreads.com/author/show/10182.Mike_Mignola]]></link>
</author>
</authors>
</book>

          <book>
<id>419103</id>
<title><![CDATA[Sin City, Vol. 3: The Big Fat Kill (Sin City, #3)]]></title>
<title_without_series><![CDATA[Sin City, Vol. 3: The Big Fat Kill]]></title_without_series>
<link><![CDATA[https://www.goodreads.com/book/show/419103.Sin_City_Vol_3]]></link>
<small_image_url><![CDATA[https://images.gr-assets.com/books/1470924869s/419103.jpg]]></small_image_url>
<image_url><![CDATA[https://images.gr-assets.com/books/1470924869m/419103.jpg]]></image_url>
<num_pages></num_pages>
<work>
<id>272557</id>
</work>
<isbn>1593072953</isbn>
<isbn13>9781593072957</isbn13>
<average_rating>4.10</average_rating>
<ratings_count>13660</ratings_count>
<publication_year>2010</publication_year>
<publication_month>10</publication_month>
<publication_day>27</publication_day>
<authors>
<author>
<id>15085</id>
<name>Frank Miller</name>
<link><![CDATA[https://www.goodreads.com/author/show/15085.Frank_Miller]]></link>
</author>
</authors>
</book>

          <book>
<id>1166728</id>
<title><![CDATA[Ex Machina, Vol. 6: Power Down (Ex Machina, #6)]]></title>
<title_without_series><![CDATA[Ex Machina, Vol. 6: Power Down]]></title_without_series>
<link><![CDATA[https://www.goodreads.com/book/show/1166728.Ex_Machina_Vol_6]]></link>
<small_image_url><![CDATA[https://s.gr-assets.com/assets/nophoto/book/50x75-a91bf249278a81aabab721ef782c4a74.png]]></small_image_url>
<image_url><![CDATA[https://s.gr-assets.com/assets/nophoto/book/111x148-bcc042a9c91a29c1d680899eff700a03.png]]></image_url>
<num_pages>144</num_pages>
<work>
<id>2090414</id>
</work>
<isbn>1401214983</isbn>
<isbn13>9781401214982</isbn13>
<average_rating>3.96</average_rating>
<ratings_count>2930</ratings_count>
<publication_year>2007</publication_year>
<publication_month>11</publication_month>
<publication_day>14</publication_day>
<authors>
<author>
<id>24514</id>
<name>Brian K. Vaughan</name>
<link><![CDATA[https://www.goodreads.com/author/show/24514.Brian_K_Vaughan]]></link>
</author>
</authors>
</book>

          <book>
<id>22398</id>
<title><![CDATA[The Invisibles, Vol. 3: Entropy in the U.K.]]></title>
<title_without_series><![CDATA[The Invisibles, Vol. 3: Entropy in the U.K.]]></title_without_series>
<link><![CDATA[https://www.goodreads.com/book/show/22398.The_Invisibles_Vol_3]]></link>
<small_image_url><![CDATA[https://images.gr-assets.com/books/1309399965s/22398.jpg]]></small_image_url>
<image_url><![CDATA[https://images.gr-assets.com/books/1309399965m/22398.jpg]]></image_url>
<num_pages>232</num_pages>
<work>
<id>1414863</id>
</work>
<isbn>1563897288</isbn>
<isbn13>9781563897283</isbn13>
<average_rating>4.23</average_rating>
<ratings_count>3724</ratings_count>
<publication_year>2001</publication_year>
<publication_month>8</publication_month>
<publication_day>1</publication_day>
<authors>
<author>
<id>12732</id>
<name>Grant Morrison</name>
<link><![CDATA[https://www.goodreads.com/author/show/12732.Grant_Morrison]]></link>
</author>
</authors>
</book>

  </similar_books>
</book>

</GoodreadsResponse>