<?xml version="1.0" encoding="UTF-8"?>
<GoodreadsResponse>
  <Request>
    <authentication>true</authentication>
      <key><![CDATA[all_men_must_serve]]></key>
    <method><![CDATA[book_show]]></method>
  </Request>
  <book>
  <id>1070527</id>
  <title><![CDATA[Avatar Volume 1: The Last Airbender (Avatar #1)]]></title>
  <isbn><![CDATA[1595328912]]></isbn>
  <isbn13><![CDATA[9781595328915]]></isbn13>
  <asin><![CDATA[]]></asin>
  <kindle_asin><![CDATA[]]></kindle_asin>
  <marketplace_id><![CDATA[]]></marketplace_id>
  <country_code><![CDATA[GB]]></country_code>
  <image_url>https://s.gr-assets.com/assets/nophoto/book/111x148-bcc042a9c91a29c1d680899eff700a03.png</image_url>
  <small_image_url>https://s.gr-assets.com/assets/nophoto/book/50x75-a91bf249278a81aabab721ef782c4a74.png</small_image_url>
  <publication_year></publication_year>
  <publication_month></publication_month>
  <publication_day></publication_day>
  <publisher></publisher>
  <language_code>eng</language_code>
  <is_ebook>false</is_ebook>
  <description><![CDATA[In the perilous environment of the South Pole, a tribal village struggles to eke out its survival. When young Katara and her warrior brother Sokka rescue a young boy named Aang, they have no inkling that this mysterious stranger can save them -- and the entire world.]]></description>
  <work>
  <id type="integer">1057213</id>
  <books_count type="integer">8</books_count>
  <best_book_id type="integer">1070527</best_book_id>
  <reviews_count type="integer">11817</reviews_count>
  <ratings_sum type="integer">37894</ratings_sum>
  <ratings_count type="integer">8387</ratings_count>
  <text_reviews_count type="integer">62</text_reviews_count>
  <original_publication_year type="integer">2006</original_publication_year>
  <original_publication_month type="integer">2</original_publication_month>
  <original_publication_day type="integer">1</original_publication_day>
  <original_title>Avatar: Last Airbender v. 1 (Avatar (Graphic Novels))</original_title>
  <original_language_id type="integer" nil="true"/>
  <media_type>book</media_type>
  <rating_dist>5:5745|4:1520|3:898|2:171|1:53|total:8387</rating_dist>
  <desc_user_id type="integer">4027979</desc_user_id>
  <default_chaptering_book_id type="integer" nil="true"/>
  <default_description_language_code nil="true"/>
</work>
  <average_rating>4.52</average_rating>
  <num_pages><![CDATA[]]></num_pages>
  <format><![CDATA[Paperback]]></format>
  <edition_information><![CDATA[Graphic Novels]]></edition_information>
  <ratings_count><![CDATA[8266]]></ratings_count>
  <text_reviews_count><![CDATA[49]]></text_reviews_count>
  <url><![CDATA[https://www.goodreads.com/book/show/1070527.Avatar_Volume_1]]></url>
  <link><![CDATA[https://www.goodreads.com/book/show/1070527.Avatar_Volume_1]]></link>
  <authors>
<author>
<id>90808</id>
<name>Michael Dante DiMartino</name>
<role>Creator</role>
<image_url nophoto='false'>
<![CDATA[https://images.gr-assets.com/authors/1374989938p5/90808.jpg]]>
</image_url>
<small_image_url nophoto='false'>
<![CDATA[https://images.gr-assets.com/authors/1374989938p2/90808.jpg]]>
</small_image_url>
<link><![CDATA[https://www.goodreads.com/author/show/90808.Michael_Dante_DiMartino]]></link>
<average_rating>4.38</average_rating>
<ratings_count>133524</ratings_count>
<text_reviews_count>4029</text_reviews_count>
</author>
<author>
<id>1160825</id>
<name>Bryan Konietzko</name>
<role>Creator</role>
<image_url nophoto='false'>
<![CDATA[https://images.gr-assets.com/authors/1297784468p5/1160825.jpg]]>
</image_url>
<small_image_url nophoto='false'>
<![CDATA[https://images.gr-assets.com/authors/1297784468p2/1160825.jpg]]>
</small_image_url>
<link><![CDATA[https://www.goodreads.com/author/show/1160825.Bryan_Konietzko]]></link>
<average_rating>4.38</average_rating>
<ratings_count>132120</ratings_count>
<text_reviews_count>3790</text_reviews_count>
</author>
</authors>

    <reviews_widget>
      <![CDATA[
        <style>
  #goodreads-widget {
    font-family: georgia, serif;
    padding: 18px 0;
    width:565px;
  }
  #goodreads-widget h1 {
    font-weight:normal;
    font-size: 16px;
    border-bottom: 1px solid #BBB596;
    margin-bottom: 0;
  }
  #goodreads-widget a {
    text-decoration: none;
    color:#660;
  }
  iframe{
    background-color: #fff;
  }
  #goodreads-widget a:hover { text-decoration: underline; }
  #goodreads-widget a:active {
    color:#660;
  }
  #gr_footer {
    width: 100%;
    border-top: 1px solid #BBB596;
    text-align: right;
  }
  #goodreads-widget .gr_branding{
    color: #382110;
    font-size: 11px;
    text-decoration: none;
    font-family: "Helvetica Neue", Helvetica, Arial, sans-serif;
  }
</style>
<div id="goodreads-widget">
  <div id="gr_header"><h1><a rel="nofollow" href="https://www.goodreads.com/book/show/1070527.Avatar_Volume_1">Avatar Volume 1 Reviews</a></h1></div>
  <iframe id="the_iframe" src="https://www.goodreads.com/api/reviews_widget_iframe?did=DEVELOPER_ID&amp;format=html&amp;isbn=1595328912&amp;links=660&amp;min_rating=&amp;review_back=fff&amp;stars=000&amp;text=000" width="565" height="400" frameborder="0"></iframe>
  <div id="gr_footer">
    <a class="gr_branding" target="_blank" rel="nofollow" href="https://www.goodreads.com/book/show/1070527.Avatar_Volume_1?utm_medium=api&amp;utm_source=reviews_widget">Reviews from Goodreads.com</a>
  </div>
</div>

      ]]>
    </reviews_widget>
  <popular_shelves>
      <shelf name="to-read" count="3559"/>
      <shelf name="currently-reading" count="71"/>
      <shelf name="manga" count="48"/>
      <shelf name="graphic-novels" count="45"/>
      <shelf name="comics" count="36"/>
      <shelf name="fantasy" count="32"/>
      <shelf name="avatar" count="18"/>
      <shelf name="graphic-novel" count="17"/>
      <shelf name="young-adult" count="12"/>
      <shelf name="favorites" count="8"/>
      <shelf name="fiction" count="8"/>
      <shelf name="avatar-the-last-airbender" count="7"/>
      <shelf name="books-i-own" count="7"/>
      <shelf name="comic" count="7"/>
      <shelf name="owned" count="6"/>
      <shelf name="kids" count="6"/>
      <shelf name="owned-books" count="5"/>
      <shelf name="series" count="5"/>
      <shelf name="childrens" count="5"/>
      <shelf name="children" count="5"/>
      <shelf name="adventure" count="4"/>
      <shelf name="sequential-art" count="4"/>
      <shelf name="to-buy" count="4"/>
      <shelf name="first-in-series" count="4"/>
      <shelf name="read-manga" count="4"/>
      <shelf name="comics-manga" count="3"/>
      <shelf name="library" count="3"/>
      <shelf name="anime" count="3"/>
      <shelf name="comics-graphic-novels" count="3"/>
      <shelf name="humor" count="3"/>
      <shelf name="toread" count="2"/>
      <shelf name="comic-books" count="2"/>
      <shelf name="bryan-konietzko" count="2"/>
      <shelf name="graphic-novel-comics" count="2"/>
      <shelf name="part-of-a-series" count="2"/>
      <shelf name="to-read-graphic-novels" count="2"/>
      <shelf name="tv" count="2"/>
      <shelf name="kids-books" count="2"/>
      <shelf name="tv-show" count="2"/>
      <shelf name="aang" count="2"/>
      <shelf name="ya-lit" count="2"/>
      <shelf name="classroom-library" count="2"/>
      <shelf name="graphic-novels-and-comics" count="2"/>
      <shelf name="on-my-shelf" count="2"/>
      <shelf name="childhood" count="2"/>
      <shelf name="juvenile" count="2"/>
      <shelf name="narrative" count="2"/>
      <shelf name="read-in-2013" count="2"/>
      <shelf name="ghost" count="2"/>
      <shelf name="polly-s-shelf" count="2"/>
      <shelf name="manga-to-read" count="2"/>
      <shelf name="magic" count="2"/>
      <shelf name="manga-graphic-novel☺" count="2"/>
      <shelf name="2011-reads" count="2"/>
      <shelf name="more-than-words" count="2"/>
      <shelf name="when-we-were-very-young" count="2"/>
      <shelf name="also-r-tv-show-movie-both" count="2"/>
      <shelf name="find-in-nypl" count="1"/>
      <shelf name="plan-to-read-again" count="1"/>
      <shelf name="kids-read-it-alone" count="1"/>
      <shelf name="graphic-novels-comics-manga" count="1"/>
      <shelf name="pre-2010" count="1"/>
      <shelf name="childrens-and-middle-grade" count="1"/>
      <shelf name="adaptations" count="1"/>
      <shelf name="ya-fantasy" count="1"/>
      <shelf name="east-asian" count="1"/>
      <shelf name="start-here" count="1"/>
      <shelf name="hogwarts-reading-list" count="1"/>
      <shelf name="other-comics" count="1"/>
      <shelf name="comics-and-graphic-novels-to-read" count="1"/>
      <shelf name="to-read-graphic-novel" count="1"/>
      <shelf name="to-read-fantasy-ya" count="1"/>
      <shelf name="to-read-fantasy" count="1"/>
      <shelf name="1-the-best-to-read" count="1"/>
      <shelf name="1" count="1"/>
      <shelf name="to-read-manga-comic" count="1"/>
      <shelf name="books-with-series" count="1"/>
      <shelf name="i-need-this-rn" count="1"/>
      <shelf name="016-sam-j-miller" count="1"/>
      <shelf name="memoirs-and-autobiographies" count="1"/>
      <shelf name="poc-mc" count="1"/>
      <shelf name="mangas-i-own" count="1"/>
      <shelf name="interested" count="1"/>
      <shelf name="comics-and-manga" count="1"/>
      <shelf name="priority-over-want-to-own" count="1"/>
      <shelf name="wishlist-series" count="1"/>
      <shelf name="1-manga-manhwa-manhua-series-done" count="1"/>
      <shelf name="ref-comics-manga-manhwa-manhua" count="1"/>
      <shelf name="plethora-japanese-korean-chinese" count="1"/>
      <shelf name="b_comics" count="1"/>
      <shelf name="a_fiction" count="1"/>
      <shelf name="own-paperback" count="1"/>
      <shelf name="grades-4-6" count="1"/>
      <shelf name="young_adult" count="1"/>
      <shelf name="comics-and-graphic-novels" count="1"/>
      <shelf name="need-to-buy-asap" count="1"/>
      <shelf name="fic-readworthy" count="1"/>
      <shelf name="2006" count="1"/>
      <shelf name="comic-graphic-novel-and-manga" count="1"/>
      <shelf name="not-in-sno" count="1"/>
  </popular_shelves>
  <book_links>
    <book_link>
  <id>8</id>
  <name>Libraries</name>
  <link>https://www.goodreads.com/book_link/follow/8</link>
</book_link>

  </book_links>
  <buy_links>
    <buy_link>
<id>1</id>
<name>Amazon</name>
<link>https://www.goodreads.com/book_link/follow/1</link>
</buy_link>
<buy_link>
<id>10</id>
<name>Audible</name>
<link>https://www.goodreads.com/book_link/follow/10</link>
</buy_link>
<buy_link>
<id>3</id>
<name>Barnes &amp; Noble</name>
<link>https://www.goodreads.com/book_link/follow/3</link>
</buy_link>
<buy_link>
<id>1027</id>
<name>Kobo</name>
<link>https://www.goodreads.com/book_link/follow/1027</link>
</buy_link>
<buy_link>
<id>2102</id>
<name>Apple iBooks</name>
<link>https://www.goodreads.com/book_link/follow/2102</link>
</buy_link>
<buy_link>
<id>8036</id>
<name>Google Play</name>
<link>https://www.goodreads.com/book_link/follow/8036</link>
</buy_link>
<buy_link>
<id>4</id>
<name>Abebooks</name>
<link>https://www.goodreads.com/book_link/follow/4</link>
</buy_link>
<buy_link>
<id>882</id>
<name>Book Depository</name>
<link>https://www.goodreads.com/book_link/follow/882</link>
</buy_link>
<buy_link>
<id>9</id>
<name>Indigo</name>
<link>https://www.goodreads.com/book_link/follow/9</link>
</buy_link>
<buy_link>
<id>2</id>
<name>Half.com</name>
<link>https://www.goodreads.com/book_link/follow/2</link>
</buy_link>
<buy_link>
<id>5</id>
<name>Alibris</name>
<link>https://www.goodreads.com/book_link/follow/5</link>
</buy_link>
<buy_link>
<id>107</id>
<name>Better World Books</name>
<link>https://www.goodreads.com/book_link/follow/107</link>
</buy_link>
<buy_link>
<id>7</id>
<name>IndieBound</name>
<link>https://www.goodreads.com/book_link/follow/7</link>
</buy_link>

  </buy_links>
  <series_works>
    <series_work>
<id>288065</id>
<user_position>1</user_position>
<series>
<id>65527</id>
<title>
<![CDATA[
    Avatar: The Last Airbender Comics
]]>
</title>
<description>
<![CDATA[
    Comics based on the hit series <i>Avatar: The Last Airbender</i>, also known as <i>The Legend of Aang</i>.
]]>
</description>
<note>
<![CDATA[
]]>
</note>
<series_works_count>9</series_works_count>
<primary_work_count>8</primary_work_count>
<numbered>true</numbered>
</series>

</series_work>
<series_work>
<id>720157</id>
<user_position></user_position>
<series>
<id>143444</id>
<title>
<![CDATA[
    Avatar: The Last Airbender Books
]]>
</title>
<description>
<![CDATA[
    Artbooks, databooks and comics based on the hit series: <i>Avatar: The Last Airbender</i>, also known as <i>The Legend of Aang</i>.
]]>
</description>
<note>
<![CDATA[
]]>
</note>
<series_works_count>79</series_works_count>
<primary_work_count>79</primary_work_count>
<numbered>true</numbered>
</series>

</series_work>

  </series_works>
  <similar_books>
          <book>
<id>10450750</id>
<title><![CDATA[Avatar: The Last Airbender: The Lost Adventures]]></title>
<title_without_series><![CDATA[Avatar: The Last Airbender: The Lost Adventures]]></title_without_series>
<link><![CDATA[https://www.goodreads.com/book/show/10450750-avatar]]></link>
<small_image_url><![CDATA[https://images.gr-assets.com/books/1297596036s/10450750.jpg]]></small_image_url>
<image_url><![CDATA[https://images.gr-assets.com/books/1297596036m/10450750.jpg]]></image_url>
<num_pages>240</num_pages>
<work>
<id>17450242</id>
</work>
<isbn>159582748X</isbn>
<isbn13>9781595827487</isbn13>
<average_rating>4.41</average_rating>
<ratings_count>14411</ratings_count>
<publication_year>2011</publication_year>
<publication_month>6</publication_month>
<publication_day>15</publication_day>
<authors>
<author>
<id>1160825</id>
<name>Bryan Konietzko</name>
<link><![CDATA[https://www.goodreads.com/author/show/1160825.Bryan_Konietzko]]></link>
</author>
</authors>
</book>

          <book>
<id>13096848</id>
<title><![CDATA[Avatar: The Last Airbender (The Promise, #2)]]></title>
<title_without_series>Avatar: The Last Airbender</title_without_series>
<link><![CDATA[https://www.goodreads.com/book/show/13096848-avatar]]></link>
<small_image_url><![CDATA[https://images.gr-assets.com/books/1335027722s/13096848.jpg]]></small_image_url>
<image_url><![CDATA[https://images.gr-assets.com/books/1335027722m/13096848.jpg]]></image_url>
<num_pages>76</num_pages>
<work>
<id>18268999</id>
</work>
<isbn>1595828753</isbn>
<isbn13>9781595828750</isbn13>
<average_rating>4.43</average_rating>
<ratings_count>12413</ratings_count>
<publication_year>2012</publication_year>
<publication_month>5</publication_month>
<publication_day>30</publication_day>
<authors>
<author>
<id>68959</id>
<name>Gene Luen Yang</name>
<link><![CDATA[https://www.goodreads.com/author/show/68959.Gene_Luen_Yang]]></link>
</author>
</authors>
</book>

          <book>
<id>7061696</id>
<title><![CDATA[The Last Airbender: Prequel - Zuko's Story]]></title>
<title_without_series><![CDATA[The Last Airbender: Prequel - Zuko's Story]]></title_without_series>
<link><![CDATA[https://www.goodreads.com/book/show/7061696-the-last-airbender]]></link>
<small_image_url><![CDATA[https://images.gr-assets.com/books/1320449700s/7061696.jpg]]></small_image_url>
<image_url><![CDATA[https://images.gr-assets.com/books/1320449700m/7061696.jpg]]></image_url>
<num_pages>144</num_pages>
<work>
<id>7313743</id>
</work>
<isbn>0345518543</isbn>
<isbn13>9780345518545</isbn13>
<average_rating>4.43</average_rating>
<ratings_count>3518</ratings_count>
<publication_year>2010</publication_year>
<publication_month>5</publication_month>
<publication_day>18</publication_day>
<authors>
<author>
<id>266715</id>
<name>Dave Roman</name>
<link><![CDATA[https://www.goodreads.com/author/show/266715.Dave_Roman]]></link>
</author>
</authors>
</book>

          <book>
<id>1390331</id>
<title><![CDATA[Avatar the Last Airbender: The New Master (Avatar, the Last Airbender)]]></title>
<title_without_series><![CDATA[Avatar the Last Airbender: The New Master]]></title_without_series>
<link><![CDATA[https://www.goodreads.com/book/show/1390331.Avatar_the_Last_Airbender]]></link>
<small_image_url><![CDATA[https://images.gr-assets.com/books/1320554005s/1390331.jpg]]></small_image_url>
<image_url><![CDATA[https://images.gr-assets.com/books/1320554005m/1390331.jpg]]></image_url>
<num_pages>96</num_pages>
<work>
<id>1380429</id>
</work>
<isbn>0375841431</isbn>
<isbn13>9780375841439</isbn13>
<average_rating>4.57</average_rating>
<ratings_count>87</ratings_count>
<publication_year>2007</publication_year>
<publication_month>6</publication_month>
<publication_day>12</publication_day>
<authors>
<author>
<id>658261</id>
<name>Taesoo Kim</name>
<link><![CDATA[https://www.goodreads.com/author/show/658261.Taesoo_Kim]]></link>
</author>
</authors>
</book>

          <book>
<id>2487696</id>
<title><![CDATA[Rosario+Vampire, Vol. 2 (Rosario+Vampire, #2)]]></title>
<title_without_series>Rosario+Vampire, Vol. 2</title_without_series>
<link><![CDATA[https://www.goodreads.com/book/show/2487696.Rosario_Vampire_Vol_2]]></link>
<small_image_url><![CDATA[https://s.gr-assets.com/assets/nophoto/book/50x75-a91bf249278a81aabab721ef782c4a74.png]]></small_image_url>
<image_url><![CDATA[https://s.gr-assets.com/assets/nophoto/book/111x148-bcc042a9c91a29c1d680899eff700a03.png]]></image_url>
<num_pages>200</num_pages>
<work>
<id>2494911</id>
</work>
<isbn>1421519046</isbn>
<isbn13>9781421519043</isbn13>
<average_rating>4.25</average_rating>
<ratings_count>2489</ratings_count>
<publication_year>2008</publication_year>
<publication_month>8</publication_month>
<publication_day>5</publication_day>
<authors>
<author>
<id>826097</id>
<name>Akihisa Ikeda</name>
<link><![CDATA[https://www.goodreads.com/author/show/826097.Akihisa_Ikeda]]></link>
</author>
</authors>
</book>

          <book>
<id>9220325</id>
<title><![CDATA[Avatar: The Last Airbender: Journeys Through the Earth Kingdom (The Tale of Aang / The Tale of Azula / The Tale of Toph / The Tale of Sokka)]]></title>
<title_without_series><![CDATA[Avatar: The Last Airbender: Journeys Through the Earth Kingdom]]></title_without_series>
<link><![CDATA[https://www.goodreads.com/book/show/9220325-avatar]]></link>
<small_image_url><![CDATA[https://images.gr-assets.com/books/1335143309s/9220325.jpg]]></small_image_url>
<image_url><![CDATA[https://images.gr-assets.com/books/1335143309m/9220325.jpg]]></image_url>
<num_pages>384</num_pages>
<work>
<id>14100283</id>
</work>
<isbn>1416979859</isbn>
<isbn13>9781416979852</isbn13>
<average_rating>4.45</average_rating>
<ratings_count>219</ratings_count>
<publication_year>2007</publication_year>
<publication_month></publication_month>
<publication_day></publication_day>
<authors>
<author>
<id>2673</id>
<name>Michael Teitelbaum</name>
<link><![CDATA[https://www.goodreads.com/author/show/2673.Michael_Teitelbaum]]></link>
</author>
</authors>
</book>

          <book>
<id>34427</id>
<title><![CDATA[Howl's Moving Castle Picture Book (Howl's Moving Castle Film Comics, #1)]]></title>
<title_without_series><![CDATA[Howl's Moving Castle Picture Book]]></title_without_series>
<link><![CDATA[https://www.goodreads.com/book/show/34427.Howl_s_Moving_Castle_Picture_Book]]></link>
<small_image_url><![CDATA[https://s.gr-assets.com/assets/nophoto/book/50x75-a91bf249278a81aabab721ef782c4a74.png]]></small_image_url>
<image_url><![CDATA[https://s.gr-assets.com/assets/nophoto/book/111x148-bcc042a9c91a29c1d680899eff700a03.png]]></image_url>
<num_pages>184</num_pages>
<work>
<id>34402</id>
</work>
<isbn>1421500906</isbn>
<isbn13>9781421500904</isbn13>
<average_rating>4.39</average_rating>
<ratings_count>2320</ratings_count>
<publication_year>2005</publication_year>
<publication_month>9</publication_month>
<publication_day>1</publication_day>
<authors>
<author>
<id>4263</id>
<name>Hayao Miyazaki</name>
<link><![CDATA[https://www.goodreads.com/author/show/4263.Hayao_Miyazaki]]></link>
</author>
</authors>
</book>

          <book>
<id>8708083</id>
<title>The Art of Tangled</title>
<title_without_series>The Art of Tangled</title_without_series>
<link><![CDATA[https://www.goodreads.com/book/show/8708083-the-art-of-tangled]]></link>
<small_image_url><![CDATA[https://s.gr-assets.com/assets/nophoto/book/50x75-a91bf249278a81aabab721ef782c4a74.png]]></small_image_url>
<image_url><![CDATA[https://s.gr-assets.com/assets/nophoto/book/111x148-bcc042a9c91a29c1d680899eff700a03.png]]></image_url>
<num_pages>160</num_pages>
<work>
<id>13580922</id>
</work>
<isbn>0811875555</isbn>
<isbn13>9780811875554</isbn13>
<average_rating>4.35</average_rating>
<ratings_count>5499</ratings_count>
<publication_year>2010</publication_year>
<publication_month>11</publication_month>
<publication_day>17</publication_day>
<authors>
<author>
<id>181623</id>
<name>Jeff Kurtti</name>
<link><![CDATA[https://www.goodreads.com/author/show/181623.Jeff_Kurtti]]></link>
</author>
</authors>
</book>

          <book>
<id>156989</id>
<title><![CDATA[How to Draw Avatar: The Last Airbender]]></title>
<title_without_series><![CDATA[How to Draw Avatar: The Last Airbender]]></title_without_series>
<link><![CDATA[https://www.goodreads.com/book/show/156989.How_to_Draw_Avatar]]></link>
<small_image_url><![CDATA[https://images.gr-assets.com/books/1328753999s/156989.jpg]]></small_image_url>
<image_url><![CDATA[https://images.gr-assets.com/books/1328753999m/156989.jpg]]></image_url>
<num_pages>32</num_pages>
<work>
<id>151499</id>
</work>
<isbn>1560107839</isbn>
<isbn13>9781560107835</isbn13>
<average_rating>4.68</average_rating>
<ratings_count>365</ratings_count>
<publication_year>2007</publication_year>
<publication_month>3</publication_month>
<publication_day>1</publication_day>
<authors>
<author>
<id>90810</id>
<name>Shane Johnson</name>
<link><![CDATA[https://www.goodreads.com/author/show/90810.Shane_Johnson]]></link>
</author>
</authors>
</book>

          <book>
<id>77173</id>
<title><![CDATA[The Adventures of Tintin, Vol. 3: The Crab With the Golden Claws / The Shooting Star / The Secret of the Unicorn]]></title>
<title_without_series><![CDATA[The Adventures of Tintin, Vol. 3: The Crab With the Golden Claws / The Shooting Star / The Secret of the Unicorn]]></title_without_series>
<link><![CDATA[https://www.goodreads.com/book/show/77173.The_Adventures_of_Tintin_Vol_3]]></link>
<small_image_url><![CDATA[https://s.gr-assets.com/assets/nophoto/book/50x75-a91bf249278a81aabab721ef782c4a74.png]]></small_image_url>
<image_url><![CDATA[https://s.gr-assets.com/assets/nophoto/book/111x148-bcc042a9c91a29c1d680899eff700a03.png]]></image_url>
<num_pages>192</num_pages>
<work>
<id>74601</id>
</work>
<isbn>0316359440</isbn>
<isbn13>9780316359443</isbn13>
<average_rating>4.29</average_rating>
<ratings_count>1646</ratings_count>
<publication_year>1994</publication_year>
<publication_month>5</publication_month>
<publication_day>2</publication_day>
<authors>
<author>
<id>2802356</id>
<name>Hergé</name>
<link><![CDATA[https://www.goodreads.com/author/show/2802356.Herg_]]></link>
</author>
</authors>
</book>

          <book>
<id>8062063</id>
<title><![CDATA[Fullmetal Alchemist, Vol. 24 (Fullmetal Alchemist, #24)]]></title>
<title_without_series>Fullmetal Alchemist, Vol. 24</title_without_series>
<link><![CDATA[https://www.goodreads.com/book/show/8062063-fullmetal-alchemist-vol-24]]></link>
<small_image_url><![CDATA[https://s.gr-assets.com/assets/nophoto/book/50x75-a91bf249278a81aabab721ef782c4a74.png]]></small_image_url>
<image_url><![CDATA[https://s.gr-assets.com/assets/nophoto/book/111x148-bcc042a9c91a29c1d680899eff700a03.png]]></image_url>
<num_pages>192</num_pages>
<work>
<id>12744575</id>
</work>
<isbn>1421538121</isbn>
<isbn13>9781421538129</isbn13>
<average_rating>4.63</average_rating>
<ratings_count>5459</ratings_count>
<publication_year>2011</publication_year>
<publication_month>1</publication_month>
<publication_day>18</publication_day>
<authors>
<author>
<id>4698899</id>
<name>Hiromu Arakawa</name>
<link><![CDATA[https://www.goodreads.com/author/show/4698899.Hiromu_Arakawa]]></link>
</author>
</authors>
</book>

          <book>
<id>11192820</id>
<title><![CDATA[Bleach―ブリーチ― 49 [Burīchi 49] (Bleach, #49)]]></title>
<title_without_series>Bleach―ブリーチ― 49 [Burīchi 49]</title_without_series>
<link><![CDATA[https://www.goodreads.com/book/show/11192820-bleach-49-bur-chi-49]]></link>
<small_image_url><![CDATA[https://images.gr-assets.com/books/1426103464s/11192820.jpg]]></small_image_url>
<image_url><![CDATA[https://images.gr-assets.com/books/1426103464m/11192820.jpg]]></image_url>
<num_pages>192</num_pages>
<work>
<id>16117675</id>
</work>
<isbn>4088701860</isbn>
<isbn13>9784088701868</isbn13>
<average_rating>4.23</average_rating>
<ratings_count>2436</ratings_count>
<publication_year>2011</publication_year>
<publication_month>4</publication_month>
<publication_day>21</publication_day>
<authors>
<author>
<id>1977</id>
<name>Tite Kubo</name>
<link><![CDATA[https://www.goodreads.com/author/show/1977.Tite_Kubo]]></link>
</author>
</authors>
</book>

          <book>
<id>36024</id>
<title><![CDATA[Tim Burton's Nightmare Before Christmas: The Film, the Art, the Vision]]></title>
<title_without_series><![CDATA[Tim Burton's Nightmare Before Christmas: The Film, the Art, the Vision]]></title_without_series>
<link><![CDATA[https://www.goodreads.com/book/show/36024.Tim_Burton_s_Nightmare_Before_Christmas]]></link>
<small_image_url><![CDATA[https://s.gr-assets.com/assets/nophoto/book/50x75-a91bf249278a81aabab721ef782c4a74.png]]></small_image_url>
<image_url><![CDATA[https://s.gr-assets.com/assets/nophoto/book/111x148-bcc042a9c91a29c1d680899eff700a03.png]]></image_url>
<num_pages>192</num_pages>
<work>
<id>2116565</id>
</work>
<isbn>0786853786</isbn>
<isbn13>9780786853786</isbn13>
<average_rating>4.42</average_rating>
<ratings_count>4953</ratings_count>
<publication_year>2002</publication_year>
<publication_month>7</publication_month>
<publication_day>29</publication_day>
<authors>
<author>
<id>54125</id>
<name>Frank T. Thompson</name>
<link><![CDATA[https://www.goodreads.com/author/show/54125.Frank_T_Thompson]]></link>
</author>
</authors>
</book>

          <book>
<id>1366033</id>
<title>The Art of Naruto: Uzumaki</title>
<title_without_series>The Art of Naruto: Uzumaki</title_without_series>
<link><![CDATA[https://www.goodreads.com/book/show/1366033.The_Art_of_Naruto]]></link>
<small_image_url><![CDATA[https://s.gr-assets.com/assets/nophoto/book/50x75-a91bf249278a81aabab721ef782c4a74.png]]></small_image_url>
<image_url><![CDATA[https://s.gr-assets.com/assets/nophoto/book/111x148-bcc042a9c91a29c1d680899eff700a03.png]]></image_url>
<num_pages>148</num_pages>
<work>
<id>1355857</id>
</work>
<isbn>1421514079</isbn>
<isbn13>9781421514079</isbn13>
<average_rating>4.50</average_rating>
<ratings_count>1743</ratings_count>
<publication_year>2007</publication_year>
<publication_month>10</publication_month>
<publication_day>25</publication_day>
<authors>
<author>
<id>11047</id>
<name>Masashi Kishimoto</name>
<link><![CDATA[https://www.goodreads.com/author/show/11047.Masashi_Kishimoto]]></link>
</author>
</authors>
</book>

          <book>
<id>156985</id>
<title>The Lost Scrolls: Air</title>
<title_without_series>The Lost Scrolls: Air</title_without_series>
<link><![CDATA[https://www.goodreads.com/book/show/156985.The_Lost_Scrolls]]></link>
<small_image_url><![CDATA[https://s.gr-assets.com/assets/nophoto/book/50x75-a91bf249278a81aabab721ef782c4a74.png]]></small_image_url>
<image_url><![CDATA[https://s.gr-assets.com/assets/nophoto/book/111x148-bcc042a9c91a29c1d680899eff700a03.png]]></image_url>
<num_pages>64</num_pages>
<work>
<id>151495</id>
</work>
<isbn>1416918795</isbn>
<isbn13>9781416918790</isbn13>
<average_rating>4.45</average_rating>
<ratings_count>645</ratings_count>
<publication_year>2007</publication_year>
<publication_month>1</publication_month>
<publication_day>23</publication_day>
<authors>
<author>
<id>27459</id>
<name>Tom Mason</name>
<link><![CDATA[https://www.goodreads.com/author/show/27459.Tom_Mason]]></link>
</author>
</authors>
</book>

  </similar_books>
</book>

</GoodreadsResponse>