<?xml version="1.0" encoding="UTF-8"?>
<GoodreadsResponse>
  <Request>
    <authentication>true</authentication>
      <key><![CDATA[all_men_must_serve]]></key>
    <method><![CDATA[book_show]]></method>
  </Request>
  <book>
  <id>107195</id>
  <title>I Kissed Dating Goodbye</title>
  <isbn><![CDATA[1590521358]]></isbn>
  <isbn13><![CDATA[9781590521359]]></isbn13>
  <asin><![CDATA[]]></asin>
  <kindle_asin><![CDATA[B006NKKT5C]]></kindle_asin>
  <marketplace_id><![CDATA[A1F83G8C2ARO7P]]></marketplace_id>
  <country_code><![CDATA[GB]]></country_code>
  <image_url>https://images.gr-assets.com/books/1320506446m/107195.jpg</image_url>
  <small_image_url>https://images.gr-assets.com/books/1320506446s/107195.jpg</small_image_url>
  <publication_year></publication_year>
  <publication_month></publication_month>
  <publication_day></publication_day>
  <publisher></publisher>
  <language_code></language_code>
  <is_ebook>false</is_ebook>
  <description></description>
  <work>
  <id type="integer">230027</id>
  <books_count type="integer">21</books_count>
  <best_book_id type="integer">107195</best_book_id>
  <reviews_count type="integer">29413</reviews_count>
  <ratings_sum type="integer">64829</ratings_sum>
  <ratings_count type="integer">17958</ratings_count>
  <text_reviews_count type="integer">814</text_reviews_count>
  <original_publication_year type="integer">1996</original_publication_year>
  <original_publication_month type="integer">5</original_publication_month>
  <original_publication_day type="integer" nil="true"/>
  <original_title>I Kissed Dating Goodbye: New Attitude Toward Romance and Relationship</original_title>
  <original_language_id type="integer" nil="true"/>
  <media_type>book</media_type>
  <rating_dist>5:5744|4:4595|3:4043|2:2024|1:1552|total:17958</rating_dist>
  <desc_user_id type="integer" nil="true"/>
  <default_chaptering_book_id type="integer" nil="true"/>
  <default_description_language_code nil="true"/>
</work>
  <average_rating>3.61</average_rating>
  <num_pages><![CDATA[221]]></num_pages>
  <format><![CDATA[]]></format>
  <edition_information><![CDATA[]]></edition_information>
  <ratings_count><![CDATA[17127]]></ratings_count>
  <text_reviews_count><![CDATA[733]]></text_reviews_count>
  <url><![CDATA[https://www.goodreads.com/book/show/107195.I_Kissed_Dating_Goodbye]]></url>
  <link><![CDATA[https://www.goodreads.com/book/show/107195.I_Kissed_Dating_Goodbye]]></link>
  <authors>
<author>
<id>27398</id>
<name>Joshua Harris</name>
<role></role>
<image_url nophoto='false'>
<![CDATA[https://images.gr-assets.com/authors/1251820147p5/27398.jpg]]>
</image_url>
<small_image_url nophoto='false'>
<![CDATA[https://images.gr-assets.com/authors/1251820147p2/27398.jpg]]>
</small_image_url>
<link><![CDATA[https://www.goodreads.com/author/show/27398.Joshua_Harris]]></link>
<average_rating>3.77</average_rating>
<ratings_count>39955</ratings_count>
<text_reviews_count>1850</text_reviews_count>
</author>
</authors>

    <reviews_widget>
      <![CDATA[
        <style>
  #goodreads-widget {
    font-family: georgia, serif;
    padding: 18px 0;
    width:565px;
  }
  #goodreads-widget h1 {
    font-weight:normal;
    font-size: 16px;
    border-bottom: 1px solid #BBB596;
    margin-bottom: 0;
  }
  #goodreads-widget a {
    text-decoration: none;
    color:#660;
  }
  iframe{
    background-color: #fff;
  }
  #goodreads-widget a:hover { text-decoration: underline; }
  #goodreads-widget a:active {
    color:#660;
  }
  #gr_footer {
    width: 100%;
    border-top: 1px solid #BBB596;
    text-align: right;
  }
  #goodreads-widget .gr_branding{
    color: #382110;
    font-size: 11px;
    text-decoration: none;
    font-family: "Helvetica Neue", Helvetica, Arial, sans-serif;
  }
</style>
<div id="goodreads-widget">
  <div id="gr_header"><h1><a rel="nofollow" href="https://www.goodreads.com/book/show/107195.I_Kissed_Dating_Goodbye">I Kissed Dating Goodbye Reviews</a></h1></div>
  <iframe id="the_iframe" src="https://www.goodreads.com/api/reviews_widget_iframe?did=DEVELOPER_ID&amp;format=html&amp;isbn=1590521358&amp;links=660&amp;min_rating=&amp;review_back=fff&amp;stars=000&amp;text=000" width="565" height="400" frameborder="0"></iframe>
  <div id="gr_footer">
    <a class="gr_branding" target="_blank" rel="nofollow" href="https://www.goodreads.com/book/show/107195.I_Kissed_Dating_Goodbye?utm_medium=api&amp;utm_source=reviews_widget">Reviews from Goodreads.com</a>
  </div>
</div>

      ]]>
    </reviews_widget>
  <popular_shelves>
      <shelf name="to-read" count="2307"/>
      <shelf name="currently-reading" count="177"/>
      <shelf name="christianity" count="83"/>
      <shelf name="non-fiction" count="69"/>
      <shelf name="christian" count="69"/>
      <shelf name="christian-living" count="58"/>
      <shelf name="religion" count="50"/>
      <shelf name="christian-books" count="46"/>
      <shelf name="christian-non-fiction" count="38"/>
      <shelf name="marriage" count="36"/>
      <shelf name="religious" count="34"/>
      <shelf name="relationships" count="29"/>
      <shelf name="inspirational" count="27"/>
      <shelf name="default" count="23"/>
      <shelf name="faith" count="23"/>
      <shelf name="nonfiction" count="22"/>
      <shelf name="christian-life" count="22"/>
      <shelf name="dating" count="21"/>
      <shelf name="owned-books" count="19"/>
      <shelf name="christian-nonfiction" count="19"/>
      <shelf name="romance" count="18"/>
      <shelf name="theology" count="17"/>
      <shelf name="family" count="16"/>
      <shelf name="owned" count="15"/>
      <shelf name="joshua-harris" count="15"/>
      <shelf name="parenting" count="15"/>
      <shelf name="my-library" count="12"/>
      <shelf name="spirituality" count="12"/>
      <shelf name="relationship" count="12"/>
      <shelf name="books-i-own" count="11"/>
      <shelf name="library" count="10"/>
      <shelf name="courtship" count="10"/>
      <shelf name="christian-lit" count="10"/>
      <shelf name="self-help" count="9"/>
      <shelf name="young-adult" count="9"/>
      <shelf name="spiritual-growth" count="9"/>
      <shelf name="philosophy" count="8"/>
      <shelf name="devotional" count="8"/>
      <shelf name="adult" count="8"/>
      <shelf name="teen" count="8"/>
      <shelf name="high-school" count="7"/>
      <shelf name="self-improvement" count="7"/>
      <shelf name="own-it" count="7"/>
      <shelf name="life" count="7"/>
      <shelf name="biography" count="7"/>
      <shelf name="borrowed" count="7"/>
      <shelf name="my-books" count="6"/>
      <shelf name="i-kissed-dating-goodbye" count="6"/>
      <shelf name="christian-reading" count="6"/>
      <shelf name="christian-literature" count="6"/>
      <shelf name="sexuality" count="6"/>
      <shelf name="did-not-finish" count="5"/>
      <shelf name="spiritual" count="5"/>
      <shelf name="christian-dating" count="5"/>
      <shelf name="home" count="5"/>
      <shelf name="done-reading" count="5"/>
      <shelf name="personal-library" count="5"/>
      <shelf name="read-in-2012" count="5"/>
      <shelf name="1" count="5"/>
      <shelf name="youth" count="5"/>
      <shelf name="homeschool" count="5"/>
      <shelf name="books" count="5"/>
      <shelf name="inspiring" count="5"/>
      <shelf name="purity" count="5"/>
      <shelf name="marriage-family" count="5"/>
      <shelf name="christian-inspirational" count="5"/>
      <shelf name="non-fic" count="4"/>
      <shelf name="sex" count="4"/>
      <shelf name="home-library" count="4"/>
      <shelf name="recommended" count="4"/>
      <shelf name="books-owned" count="4"/>
      <shelf name="jesus" count="4"/>
      <shelf name="teens" count="4"/>
      <shelf name="scanned" count="3"/>
      <shelf name="read-in-2015" count="3"/>
      <shelf name="love" count="3"/>
      <shelf name="kindle" count="3"/>
      <shelf name="outread-aubrey-2014" count="3"/>
      <shelf name="on-hold" count="3"/>
      <shelf name="christian-singles" count="3"/>
      <shelf name="advice" count="3"/>
      <shelf name="spiritual-formation" count="3"/>
      <shelf name="read-in-2013" count="3"/>
      <shelf name="psychology" count="3"/>
      <shelf name="favorite-books" count="3"/>
      <shelf name="christian-growth" count="3"/>
      <shelf name="christian-book" count="3"/>
      <shelf name="ya" count="3"/>
      <shelf name="unfinished" count="3"/>
      <shelf name="christian-inspiration" count="3"/>
      <shelf name="non-fiction-read" count="3"/>
      <shelf name="my-favorite-books" count="3"/>
      <shelf name="must-read" count="3"/>
      <shelf name="education" count="3"/>
      <shelf name="christian-resource" count="3"/>
      <shelf name="favorite" count="3"/>
      <shelf name="book-i-own" count="3"/>
      <shelf name="ministry" count="3"/>
      <shelf name="reference" count="3"/>
      <shelf name="memoirs" count="3"/>
  </popular_shelves>
  <book_links>
    <book_link>
  <id>8</id>
  <name>Libraries</name>
  <link>https://www.goodreads.com/book_link/follow/8</link>
</book_link>

  </book_links>
  <buy_links>
    <buy_link>
<id>1</id>
<name>Amazon</name>
<link>https://www.goodreads.com/book_link/follow/1</link>
</buy_link>
<buy_link>
<id>10</id>
<name>Audible</name>
<link>https://www.goodreads.com/book_link/follow/10</link>
</buy_link>
<buy_link>
<id>3</id>
<name>Barnes &amp; Noble</name>
<link>https://www.goodreads.com/book_link/follow/3</link>
</buy_link>
<buy_link>
<id>1027</id>
<name>Kobo</name>
<link>https://www.goodreads.com/book_link/follow/1027</link>
</buy_link>
<buy_link>
<id>2102</id>
<name>Apple iBooks</name>
<link>https://www.goodreads.com/book_link/follow/2102</link>
</buy_link>
<buy_link>
<id>8036</id>
<name>Google Play</name>
<link>https://www.goodreads.com/book_link/follow/8036</link>
</buy_link>
<buy_link>
<id>4</id>
<name>Abebooks</name>
<link>https://www.goodreads.com/book_link/follow/4</link>
</buy_link>
<buy_link>
<id>882</id>
<name>Book Depository</name>
<link>https://www.goodreads.com/book_link/follow/882</link>
</buy_link>
<buy_link>
<id>9</id>
<name>Indigo</name>
<link>https://www.goodreads.com/book_link/follow/9</link>
</buy_link>
<buy_link>
<id>2</id>
<name>Half.com</name>
<link>https://www.goodreads.com/book_link/follow/2</link>
</buy_link>
<buy_link>
<id>5</id>
<name>Alibris</name>
<link>https://www.goodreads.com/book_link/follow/5</link>
</buy_link>
<buy_link>
<id>107</id>
<name>Better World Books</name>
<link>https://www.goodreads.com/book_link/follow/107</link>
</buy_link>
<buy_link>
<id>7</id>
<name>IndieBound</name>
<link>https://www.goodreads.com/book_link/follow/7</link>
</buy_link>

  </buy_links>
  <series_works>
    
  </series_works>
  <similar_books>
          <book>
<id>817548</id>
<title><![CDATA[When Dreams Come True: A Love Story Only God Could Write]]></title>
<title_without_series><![CDATA[When Dreams Come True: A Love Story Only God Could Write]]></title_without_series>
<link><![CDATA[https://www.goodreads.com/book/show/817548.When_Dreams_Come_True]]></link>
<small_image_url><![CDATA[https://images.gr-assets.com/books/1320563113s/817548.jpg]]></small_image_url>
<image_url><![CDATA[https://images.gr-assets.com/books/1320563113m/817548.jpg]]></image_url>
<num_pages>272</num_pages>
<work>
<id>803435</id>
</work>
<isbn>1590523539</isbn>
<isbn13>9781590523537</isbn13>
<average_rating>4.25</average_rating>
<ratings_count>1003</ratings_count>
<publication_year>2004</publication_year>
<publication_month>1</publication_month>
<publication_day>8</publication_day>
<authors>
<author>
<id>1052288</id>
<name>Eric Ludy</name>
<link><![CDATA[https://www.goodreads.com/author/show/1052288.Eric_Ludy]]></link>
</author>
</authors>
</book>

          <book>
<id>671856</id>
<title><![CDATA[Before You Meet Prince Charming: A Guide to Radiant Purity]]></title>
<title_without_series><![CDATA[Before You Meet Prince Charming: A Guide to Radiant Purity]]></title_without_series>
<link><![CDATA[https://www.goodreads.com/book/show/671856.Before_You_Meet_Prince_Charming]]></link>
<small_image_url><![CDATA[https://s.gr-assets.com/assets/nophoto/book/50x75-a91bf249278a81aabab721ef782c4a74.png]]></small_image_url>
<image_url><![CDATA[https://s.gr-assets.com/assets/nophoto/book/111x148-bcc042a9c91a29c1d680899eff700a03.png]]></image_url>
<num_pages>259</num_pages>
<work>
<id>657886</id>
</work>
<isbn>0971940541</isbn>
<isbn13>9780971940543</isbn13>
<average_rating>4.03</average_rating>
<ratings_count>1824</ratings_count>
<publication_year>2006</publication_year>
<publication_month>4</publication_month>
<publication_day>28</publication_day>
<authors>
<author>
<id>28384</id>
<name>Sarah Mally</name>
<link><![CDATA[https://www.goodreads.com/author/show/28384.Sarah_Mally]]></link>
</author>
</authors>
</book>

          <book>
<id>898063</id>
<title><![CDATA[Authentic Beauty: The Shaping of a Set-Apart Young Woman]]></title>
<title_without_series><![CDATA[Authentic Beauty: The Shaping of a Set-Apart Young Woman]]></title_without_series>
<link><![CDATA[https://www.goodreads.com/book/show/898063.Authentic_Beauty]]></link>
<small_image_url><![CDATA[https://s.gr-assets.com/assets/nophoto/book/50x75-a91bf249278a81aabab721ef782c4a74.png]]></small_image_url>
<image_url><![CDATA[https://s.gr-assets.com/assets/nophoto/book/111x148-bcc042a9c91a29c1d680899eff700a03.png]]></image_url>
<num_pages>256</num_pages>
<work>
<id>573014</id>
</work>
<isbn>1590522680</isbn>
<isbn13>9781590522684</isbn13>
<average_rating>4.14</average_rating>
<ratings_count>2576</ratings_count>
<publication_year>2007</publication_year>
<publication_month>5</publication_month>
<publication_day>15</publication_day>
<authors>
<author>
<id>41896</id>
<name>Leslie Ludy</name>
<link><![CDATA[https://www.goodreads.com/author/show/41896.Leslie_Ludy]]></link>
</author>
</authors>
</book>

          <book>
<id>88373</id>
<title><![CDATA[And the Bride Wore White: Seven Secrets to Sexual Purity]]></title>
<title_without_series><![CDATA[And the Bride Wore White: Seven Secrets to Sexual Purity]]></title_without_series>
<link><![CDATA[https://www.goodreads.com/book/show/88373.And_the_Bride_Wore_White]]></link>
<small_image_url><![CDATA[https://images.gr-assets.com/books/1425765830s/88373.jpg]]></small_image_url>
<image_url><![CDATA[https://images.gr-assets.com/books/1425765830m/88373.jpg]]></image_url>
<num_pages>192</num_pages>
<work>
<id>1907818</id>
</work>
<isbn>0802483445</isbn>
<isbn13>9780802483447</isbn13>
<average_rating>4.05</average_rating>
<ratings_count>1545</ratings_count>
<publication_year>2004</publication_year>
<publication_month>1</publication_month>
<publication_day>1</publication_day>
<authors>
<author>
<id>5809830</id>
<name>Dannah Gresh</name>
<link><![CDATA[https://www.goodreads.com/author/show/5809830.Dannah_Gresh]]></link>
</author>
</authors>
</book>

          <book>
<id>12927216</id>
<title><![CDATA[It’s (Not That) Complicated: How to Relate to Guys in a Healthy, Sane, and Biblical Way]]></title>
<title_without_series><![CDATA[It’s (Not That) Complicated: How to Relate to Guys in a Healthy, Sane, and Biblical Way]]></title_without_series>
<link><![CDATA[https://www.goodreads.com/book/show/12927216-it-s-not-that-complicated]]></link>
<small_image_url><![CDATA[https://images.gr-assets.com/books/1319158244s/12927216.jpg]]></small_image_url>
<image_url><![CDATA[https://images.gr-assets.com/books/1319158244m/12927216.jpg]]></image_url>
<num_pages>259</num_pages>
<work>
<id>18082826</id>
</work>
<isbn>1935877127</isbn>
<isbn13>9781935877127</isbn13>
<average_rating>4.32</average_rating>
<ratings_count>468</ratings_count>
<publication_year>2011</publication_year>
<publication_month>11</publication_month>
<publication_day>1</publication_day>
<authors>
<author>
<id>1235547</id>
<name>Anna Sofia Botkin</name>
<link><![CDATA[https://www.goodreads.com/author/show/1235547.Anna_Sofia_Botkin]]></link>
</author>
</authors>
</book>

          <book>
<id>56480</id>
<title><![CDATA[Passion and Purity: Learning to Bring Your Love Life Under Christ's Control]]></title>
<title_without_series><![CDATA[Passion and Purity: Learning to Bring Your Love Life Under Christ's Control]]></title_without_series>
<link><![CDATA[https://www.goodreads.com/book/show/56480.Passion_and_Purity]]></link>
<small_image_url><![CDATA[https://s.gr-assets.com/assets/nophoto/book/50x75-a91bf249278a81aabab721ef782c4a74.png]]></small_image_url>
<image_url><![CDATA[https://s.gr-assets.com/assets/nophoto/book/111x148-bcc042a9c91a29c1d680899eff700a03.png]]></image_url>
<num_pages></num_pages>
<work>
<id>55040</id>
</work>
<isbn>0800758188</isbn>
<isbn13>9780800758189</isbn13>
<average_rating>4.15</average_rating>
<ratings_count>14352</ratings_count>
<publication_year></publication_year>
<publication_month></publication_month>
<publication_day></publication_day>
<authors>
<author>
<id>6264</id>
<name>Elisabeth Elliot</name>
<link><![CDATA[https://www.goodreads.com/author/show/6264.Elisabeth_Elliot]]></link>
</author>
</authors>
</book>

          <book>
<id>132708</id>
<title><![CDATA[Every Young Woman's Battle: Guarding Your Mind, Heart, and Body in a Sex-Saturated World]]></title>
<title_without_series><![CDATA[Every Young Woman's Battle: Guarding Your Mind, Heart, and Body in a Sex-Saturated World]]></title_without_series>
<link><![CDATA[https://www.goodreads.com/book/show/132708.Every_Young_Woman_s_Battle]]></link>
<small_image_url><![CDATA[https://s.gr-assets.com/assets/nophoto/book/50x75-a91bf249278a81aabab721ef782c4a74.png]]></small_image_url>
<image_url><![CDATA[https://s.gr-assets.com/assets/nophoto/book/111x148-bcc042a9c91a29c1d680899eff700a03.png]]></image_url>
<num_pages>240</num_pages>
<work>
<id>127836</id>
</work>
<isbn>1578568560</isbn>
<isbn13>9781578568567</isbn13>
<average_rating>3.98</average_rating>
<ratings_count>2528</ratings_count>
<publication_year>2004</publication_year>
<publication_month>7</publication_month>
<publication_day>20</publication_day>
<authors>
<author>
<id>15493</id>
<name>Shannon Ethridge</name>
<link><![CDATA[https://www.goodreads.com/author/show/15493.Shannon_Ethridge]]></link>
</author>
</authors>
</book>

          <book>
<id>1958785</id>
<title><![CDATA[Do Hard Things: A Teenage Rebellion Against Low Expectations]]></title>
<title_without_series><![CDATA[Do Hard Things: A Teenage Rebellion Against Low Expectations]]></title_without_series>
<link><![CDATA[https://www.goodreads.com/book/show/1958785.Do_Hard_Things]]></link>
<small_image_url><![CDATA[https://s.gr-assets.com/assets/nophoto/book/50x75-a91bf249278a81aabab721ef782c4a74.png]]></small_image_url>
<image_url><![CDATA[https://s.gr-assets.com/assets/nophoto/book/111x148-bcc042a9c91a29c1d680899eff700a03.png]]></image_url>
<num_pages></num_pages>
<work>
<id>1961794</id>
</work>
<isbn>1601421125</isbn>
<isbn13>9781601421128</isbn13>
<average_rating>4.08</average_rating>
<ratings_count>9497</ratings_count>
<publication_year></publication_year>
<publication_month></publication_month>
<publication_day></publication_day>
<authors>
<author>
<id>1398188</id>
<name>Alex  Harris</name>
<link><![CDATA[https://www.goodreads.com/author/show/1398188.Alex_Harris]]></link>
</author>
</authors>
</book>

          <book>
<id>49160</id>
<title><![CDATA[For Young Women Only: What You Need to Know About How Guys Think]]></title>
<title_without_series><![CDATA[For Young Women Only: What You Need to Know About How Guys Think]]></title_without_series>
<link><![CDATA[https://www.goodreads.com/book/show/49160.For_Young_Women_Only]]></link>
<small_image_url><![CDATA[https://s.gr-assets.com/assets/nophoto/book/50x75-a91bf249278a81aabab721ef782c4a74.png]]></small_image_url>
<image_url><![CDATA[https://s.gr-assets.com/assets/nophoto/book/111x148-bcc042a9c91a29c1d680899eff700a03.png]]></image_url>
<num_pages></num_pages>
<work>
<id>48093</id>
</work>
<isbn>1590526503</isbn>
<isbn13>9781590526507</isbn13>
<average_rating>4.04</average_rating>
<ratings_count>1306</ratings_count>
<publication_year></publication_year>
<publication_month></publication_month>
<publication_day></publication_day>
<authors>
<author>
<id>27604</id>
<name>Shaunti Feldhahn</name>
<link><![CDATA[https://www.goodreads.com/author/show/27604.Shaunti_Feldhahn]]></link>
</author>
</authors>
</book>

          <book>
<id>9546050</id>
<title><![CDATA[Joyfully at Home: A Book for Young Ladies on Vision and Hope]]></title>
<title_without_series><![CDATA[Joyfully at Home: A Book for Young Ladies on Vision and Hope]]></title_without_series>
<link><![CDATA[https://www.goodreads.com/book/show/9546050-joyfully-at-home]]></link>
<small_image_url><![CDATA[https://images.gr-assets.com/books/1287637178s/9546050.jpg]]></small_image_url>
<image_url><![CDATA[https://images.gr-assets.com/books/1287637178m/9546050.jpg]]></image_url>
<num_pages>245</num_pages>
<work>
<id>14432471</id>
</work>
<isbn>1934554502</isbn>
<isbn13>9781934554500</isbn13>
<average_rating>4.22</average_rating>
<ratings_count>365</ratings_count>
<publication_year>2010</publication_year>
<publication_month>9</publication_month>
<publication_day>2</publication_day>
<authors>
<author>
<id>4417262</id>
<name>Jasmine Baucham</name>
<link><![CDATA[https://www.goodreads.com/author/show/4417262.Jasmine_Baucham]]></link>
</author>
</authors>
</book>

          <book>
<id>6161568</id>
<title><![CDATA[What He Must Be …If He Wants to Marry My Daughter]]></title>
<title_without_series><![CDATA[What He Must Be …If He Wants to Marry My Daughter]]></title_without_series>
<link><![CDATA[https://www.goodreads.com/book/show/6161568-what-he-must-be-if-he-wants-to-marry-my-daughter]]></link>
<small_image_url><![CDATA[https://images.gr-assets.com/books/1369821008s/6161568.jpg]]></small_image_url>
<image_url><![CDATA[https://images.gr-assets.com/books/1369821008m/6161568.jpg]]></image_url>
<num_pages>213</num_pages>
<work>
<id>6340757</id>
</work>
<isbn>1581349300</isbn>
<isbn13>9781581349306</isbn13>
<average_rating>4.23</average_rating>
<ratings_count>1055</ratings_count>
<publication_year>2009</publication_year>
<publication_month>1</publication_month>
<publication_day>30</publication_day>
<authors>
<author>
<id>522076</id>
<name>Voddie T. Baucham Jr.</name>
<link><![CDATA[https://www.goodreads.com/author/show/522076.Voddie_T_Baucham_Jr_]]></link>
</author>
</authors>
</book>

          <book>
<id>667204</id>
<title><![CDATA[Emotional Purity: An Affair of the Heart]]></title>
<title_without_series><![CDATA[Emotional Purity: An Affair of the Heart]]></title_without_series>
<link><![CDATA[https://www.goodreads.com/book/show/667204.Emotional_Purity]]></link>
<small_image_url><![CDATA[https://s.gr-assets.com/assets/nophoto/book/50x75-a91bf249278a81aabab721ef782c4a74.png]]></small_image_url>
<image_url><![CDATA[https://s.gr-assets.com/assets/nophoto/book/111x148-bcc042a9c91a29c1d680899eff700a03.png]]></image_url>
<num_pages>179</num_pages>
<work>
<id>653253</id>
</work>
<isbn>1579213405</isbn>
<isbn13>9781579213404</isbn13>
<average_rating>3.99</average_rating>
<ratings_count>522</ratings_count>
<publication_year>2012</publication_year>
<publication_month>1</publication_month>
<publication_day>11</publication_day>
<authors>
<author>
<id>358057</id>
<name>Heather Arnel Paulsen</name>
<link><![CDATA[https://www.goodreads.com/author/show/358057.Heather_Arnel_Paulsen]]></link>
</author>
</authors>
</book>

          <book>
<id>3034490</id>
<title><![CDATA[Lies Young Women Believe: And the Truth that Sets Them Free, Companion Guide]]></title>
<title_without_series><![CDATA[Lies Young Women Believe: And the Truth that Sets Them Free, Companion Guide]]></title_without_series>
<link><![CDATA[https://www.goodreads.com/book/show/3034490-lies-young-women-believe]]></link>
<small_image_url><![CDATA[https://images.gr-assets.com/books/1328823108s/3034490.jpg]]></small_image_url>
<image_url><![CDATA[https://images.gr-assets.com/books/1328823108m/3034490.jpg]]></image_url>
<num_pages>160</num_pages>
<work>
<id>3065087</id>
</work>
<isbn>0802472915</isbn>
<isbn13>9780802472915</isbn13>
<average_rating>4.14</average_rating>
<ratings_count>1560</ratings_count>
<publication_year>2008</publication_year>
<publication_month>10</publication_month>
<publication_day>1</publication_day>
<authors>
<author>
<id>63345</id>
<name>Nancy Leigh DeMoss</name>
<link><![CDATA[https://www.goodreads.com/author/show/63345.Nancy_Leigh_DeMoss]]></link>
</author>
</authors>
</book>

          <book>
<id>547276</id>
<title>Her Hand in Marriage</title>
<title_without_series>Her Hand in Marriage</title_without_series>
<link><![CDATA[https://www.goodreads.com/book/show/547276.Her_Hand_in_Marriage]]></link>
<small_image_url><![CDATA[https://s.gr-assets.com/assets/nophoto/book/50x75-a91bf249278a81aabab721ef782c4a74.png]]></small_image_url>
<image_url><![CDATA[https://s.gr-assets.com/assets/nophoto/book/111x148-bcc042a9c91a29c1d680899eff700a03.png]]></image_url>
<num_pages>95</num_pages>
<work>
<id>534541</id>
</work>
<isbn>1885767269</isbn>
<isbn13>9781885767264</isbn13>
<average_rating>3.95</average_rating>
<ratings_count>782</ratings_count>
<publication_year>1999</publication_year>
<publication_month>11</publication_month>
<publication_day>30</publication_day>
<authors>
<author>
<id>30465</id>
<name>Douglas Wilson</name>
<link><![CDATA[https://www.goodreads.com/author/show/30465.Douglas_Wilson]]></link>
</author>
</authors>
</book>

          <book>
<id>69948</id>
<title><![CDATA[Lady in Waiting: Becoming God's Best While Waiting for Mr. Right]]></title>
<title_without_series><![CDATA[Lady in Waiting: Becoming God's Best While Waiting for Mr. Right]]></title_without_series>
<link><![CDATA[https://www.goodreads.com/book/show/69948.Lady_in_Waiting]]></link>
<small_image_url><![CDATA[https://s.gr-assets.com/assets/nophoto/book/50x75-a91bf249278a81aabab721ef782c4a74.png]]></small_image_url>
<image_url><![CDATA[https://s.gr-assets.com/assets/nophoto/book/111x148-bcc042a9c91a29c1d680899eff700a03.png]]></image_url>
<num_pages></num_pages>
<work>
<id>67770</id>
</work>
<isbn>0768423104</isbn>
<isbn13>9780768423105</isbn13>
<average_rating>4.05</average_rating>
<ratings_count>4548</ratings_count>
<publication_year></publication_year>
<publication_month></publication_month>
<publication_day></publication_day>
<authors>
<author>
<id>39365</id>
<name>Jackie Kendall</name>
<link><![CDATA[https://www.goodreads.com/author/show/39365.Jackie_Kendall]]></link>
</author>
</authors>
</book>

          <book>
<id>1861600</id>
<title><![CDATA[Raising Maidens of Virtue: A Study of Feminine Loveliness for Mothers and Daughters]]></title>
<title_without_series><![CDATA[Raising Maidens of Virtue: A Study of Feminine Loveliness for Mothers and Daughters]]></title_without_series>
<link><![CDATA[https://www.goodreads.com/book/show/1861600.Raising_Maidens_of_Virtue]]></link>
<small_image_url><![CDATA[https://s.gr-assets.com/assets/nophoto/book/50x75-a91bf249278a81aabab721ef782c4a74.png]]></small_image_url>
<image_url><![CDATA[https://s.gr-assets.com/assets/nophoto/book/111x148-bcc042a9c91a29c1d680899eff700a03.png]]></image_url>
<num_pages></num_pages>
<work>
<id>1862286</id>
</work>
<isbn>0974339016</isbn>
<isbn13>9780974339016</isbn13>
<average_rating>4.01</average_rating>
<ratings_count>348</ratings_count>
<publication_year></publication_year>
<publication_month></publication_month>
<publication_day></publication_day>
<authors>
<author>
<id>849211</id>
<name>Stacy McDonald</name>
<link><![CDATA[https://www.goodreads.com/author/show/849211.Stacy_McDonald]]></link>
</author>
</authors>
</book>

          <book>
<id>255799</id>
<title>Beautiful Girlhood</title>
<title_without_series>Beautiful Girlhood</title_without_series>
<link><![CDATA[https://www.goodreads.com/book/show/255799.Beautiful_Girlhood]]></link>
<small_image_url><![CDATA[https://s.gr-assets.com/assets/nophoto/book/50x75-a91bf249278a81aabab721ef782c4a74.png]]></small_image_url>
<image_url><![CDATA[https://s.gr-assets.com/assets/nophoto/book/111x148-bcc042a9c91a29c1d680899eff700a03.png]]></image_url>
<num_pages>205</num_pages>
<work>
<id>247917</id>
</work>
<isbn>1883934028</isbn>
<isbn13>9781883934026</isbn13>
<average_rating>3.91</average_rating>
<ratings_count>1763</ratings_count>
<publication_year>1999</publication_year>
<publication_month>5</publication_month>
<publication_day>3</publication_day>
<authors>
<author>
<id>62267</id>
<name>Karen Andreola</name>
<link><![CDATA[https://www.goodreads.com/author/show/62267.Karen_Andreola]]></link>
</author>
</authors>
</book>

  </similar_books>
</book>

</GoodreadsResponse>