<?xml version="1.0" encoding="UTF-8"?>
<GoodreadsResponse>
  <Request>
    <authentication>true</authentication>
      <key><![CDATA[all_men_must_serve]]></key>
    <method><![CDATA[book_show]]></method>
  </Request>
  <book>
  <id>107291</id>
  <title>Needful Things</title>
  <isbn><![CDATA[045057458X]]></isbn>
  <isbn13><![CDATA[9780450574580]]></isbn13>
  <asin><![CDATA[]]></asin>
  <kindle_asin><![CDATA[B003BKZW86]]></kindle_asin>
  <marketplace_id><![CDATA[A1F83G8C2ARO7P]]></marketplace_id>
  <country_code><![CDATA[GB]]></country_code>
  <image_url>https://images.gr-assets.com/books/1315767817m/107291.jpg</image_url>
  <small_image_url>https://images.gr-assets.com/books/1315767817s/107291.jpg</small_image_url>
  <publication_year>1992</publication_year>
  <publication_month></publication_month>
  <publication_day></publication_day>
  <publisher>Hodder &amp; Stoughton Ltd</publisher>
  <language_code></language_code>
  <is_ebook>false</is_ebook>
  <description><![CDATA[Leland Gaunt opens a new shop in Castle Rock called Needful Things. Anyone who enters his store finds the object of his or her lifelong dreams and desires: a prized baseball card, a healing amulet. In addition to a token payment, Gaunt requests that each person perform a little "deed," usually a seemingly innocent prank played on someone else from town. These practical jokes cascade out of control and soon the entire town is doing battle with itself. Only Sheriff Alan Pangborn suspects that Gaunt is behind the population's increasingly violent behavior.]]></description>
  <work>
  <id type="integer">1812101</id>
  <books_count type="integer">135</books_count>
  <best_book_id type="integer">107291</best_book_id>
  <reviews_count type="integer">220426</reviews_count>
  <ratings_sum type="integer">626840</ratings_sum>
  <ratings_count type="integer">161843</ratings_count>
  <text_reviews_count type="integer">2451</text_reviews_count>
  <original_publication_year type="integer">1991</original_publication_year>
  <original_publication_month type="integer">10</original_publication_month>
  <original_publication_day type="integer" nil="true"/>
  <original_title>Needful Things</original_title>
  <original_language_id type="integer" nil="true"/>
  <media_type>book</media_type>
  <rating_dist>5:49433|4:57061|3:42910|2:10262|1:2177|total:161843</rating_dist>
  <desc_user_id type="integer">7293939</desc_user_id>
  <default_chaptering_book_id type="integer" nil="true"/>
  <default_description_language_code nil="true"/>
</work>
  <average_rating>3.87</average_rating>
  <num_pages><![CDATA[790]]></num_pages>
  <format><![CDATA[Paperback]]></format>
  <edition_information><![CDATA[]]></edition_information>
  <ratings_count><![CDATA[153892]]></ratings_count>
  <text_reviews_count><![CDATA[1778]]></text_reviews_count>
  <url><![CDATA[https://www.goodreads.com/book/show/107291.Needful_Things]]></url>
  <link><![CDATA[https://www.goodreads.com/book/show/107291.Needful_Things]]></link>
  <authors>
<author>
<id>3389</id>
<name>Stephen King</name>
<role></role>
<image_url nophoto='false'>
<![CDATA[https://images.gr-assets.com/authors/1362814142p5/3389.jpg]]>
</image_url>
<small_image_url nophoto='false'>
<![CDATA[https://images.gr-assets.com/authors/1362814142p2/3389.jpg]]>
</small_image_url>
<link><![CDATA[https://www.goodreads.com/author/show/3389.Stephen_King]]></link>
<average_rating>4.01</average_rating>
<ratings_count>10357276</ratings_count>
<text_reviews_count>349176</text_reviews_count>
</author>
</authors>

    <reviews_widget>
      <![CDATA[
        <style>
  #goodreads-widget {
    font-family: georgia, serif;
    padding: 18px 0;
    width:565px;
  }
  #goodreads-widget h1 {
    font-weight:normal;
    font-size: 16px;
    border-bottom: 1px solid #BBB596;
    margin-bottom: 0;
  }
  #goodreads-widget a {
    text-decoration: none;
    color:#660;
  }
  iframe{
    background-color: #fff;
  }
  #goodreads-widget a:hover { text-decoration: underline; }
  #goodreads-widget a:active {
    color:#660;
  }
  #gr_footer {
    width: 100%;
    border-top: 1px solid #BBB596;
    text-align: right;
  }
  #goodreads-widget .gr_branding{
    color: #382110;
    font-size: 11px;
    text-decoration: none;
    font-family: "Helvetica Neue", Helvetica, Arial, sans-serif;
  }
</style>
<div id="goodreads-widget">
  <div id="gr_header"><h1><a rel="nofollow" href="https://www.goodreads.com/book/show/107291.Needful_Things">Needful Things Reviews</a></h1></div>
  <iframe id="the_iframe" src="https://www.goodreads.com/api/reviews_widget_iframe?did=DEVELOPER_ID&amp;format=html&amp;isbn=045057458X&amp;links=660&amp;min_rating=&amp;review_back=fff&amp;stars=000&amp;text=000" width="565" height="400" frameborder="0"></iframe>
  <div id="gr_footer">
    <a class="gr_branding" target="_blank" rel="nofollow" href="https://www.goodreads.com/book/show/107291.Needful_Things?utm_medium=api&amp;utm_source=reviews_widget">Reviews from Goodreads.com</a>
  </div>
</div>

      ]]>
    </reviews_widget>
  <popular_shelves>
      <shelf name="to-read" count="5384"/>
      <shelf name="fiction" count="1104"/>
      <shelf name="currently-reading" count="469"/>
      <shelf name="owned" count="387"/>
      <shelf name="horror" count="335"/>
      <shelf name="books-i-own" count="329"/>
      <shelf name="king" count="328"/>
      <shelf name="stephen-king" count="278"/>
      <shelf name="thriller" count="277"/>
      <shelf name="fantasy" count="236"/>
      <shelf name="owned-books" count="147"/>
      <shelf name="supernatural" count="123"/>
      <shelf name="paranormal" count="95"/>
      <shelf name="horror-thriller" count="85"/>
      <shelf name="suspense" count="83"/>
      <shelf name="my-books" count="77"/>
      <shelf name="library" count="76"/>
      <shelf name="favorites" count="72"/>
      <shelf name="default" count="71"/>
      <shelf name="king-stephen" count="64"/>
      <shelf name="adult" count="62"/>
      <shelf name="my-library" count="60"/>
      <shelf name="novels" count="58"/>
      <shelf name="books" count="47"/>
      <shelf name="the-king" count="41"/>
      <shelf name="american" count="41"/>
      <shelf name="favourites" count="38"/>
      <shelf name="to-buy" count="37"/>
      <shelf name="horror-suspense" count="37"/>
      <shelf name="scary" count="36"/>
      <shelf name="wish-list" count="35"/>
      <shelf name="thriller-horror" count="34"/>
      <shelf name="adult-fiction" count="34"/>
      <shelf name="audiobook" count="33"/>
      <shelf name="i-own" count="32"/>
      <shelf name="thrillers" count="31"/>
      <shelf name="audiobooks" count="30"/>
      <shelf name="kindle" count="30"/>
      <shelf name="own-it" count="30"/>
      <shelf name="science-fiction" count="29"/>
      <shelf name="sci-fi" count="29"/>
      <shelf name="fiction-horror" count="28"/>
      <shelf name="stephenking" count="28"/>
      <shelf name="ebooks" count="27"/>
      <shelf name="home-library" count="27"/>
      <shelf name="audio" count="25"/>
      <shelf name="novel" count="25"/>
      <shelf name="horror-supernatural" count="25"/>
      <shelf name="have" count="24"/>
      <shelf name="terror" count="24"/>
      <shelf name="stephen-king-read" count="23"/>
      <shelf name="stephen-king-books" count="23"/>
      <shelf name="general-fiction" count="23"/>
      <shelf name="ebook" count="22"/>
      <shelf name="s-king" count="22"/>
      <shelf name="20th-century" count="22"/>
      <shelf name="re-read" count="22"/>
      <shelf name="hardcover" count="22"/>
      <shelf name="favorite-authors" count="21"/>
      <shelf name="sci-fi-fantasy" count="21"/>
      <shelf name="horror-fiction" count="21"/>
      <shelf name="sk" count="20"/>
      <shelf name="finished" count="19"/>
      <shelf name="paperback" count="19"/>
      <shelf name="read-in-2015" count="18"/>
      <shelf name="audible" count="18"/>
      <shelf name="dark" count="18"/>
      <shelf name="stephen-king-to-read" count="18"/>
      <shelf name="mystery-thriller" count="18"/>
      <shelf name="calibre" count="17"/>
      <shelf name="e-books" count="17"/>
      <shelf name="abandoned" count="17"/>
      <shelf name="steven-king" count="17"/>
      <shelf name="drama" count="17"/>
      <shelf name="creepy" count="17"/>
      <shelf name="contemporary" count="17"/>
      <shelf name="bookshelf" count="17"/>
      <shelf name="stephen-king-collection" count="16"/>
      <shelf name="favorite" count="16"/>
      <shelf name="audio-books" count="15"/>
      <shelf name="suspense-thriller" count="15"/>
      <shelf name="books-owned" count="14"/>
      <shelf name="unread" count="14"/>
      <shelf name="suspense-horror" count="14"/>
      <shelf name="scifi-fantasy" count="14"/>
      <shelf name="horror-fantasy" count="14"/>
      <shelf name="author-stephen-king" count="13"/>
      <shelf name="read-in-2016" count="13"/>
      <shelf name="castle-rock" count="13"/>
      <shelf name="american-literature" count="13"/>
      <shelf name="favorite-books" count="13"/>
      <shelf name="e-book" count="13"/>
      <shelf name="collection" count="13"/>
      <shelf name="paper" count="13"/>
      <shelf name="borrowed" count="13"/>
      <shelf name="spooky" count="13"/>
      <shelf name="fantasy-horror" count="13"/>
      <shelf name="read-in-2017" count="12"/>
      <shelf name="horror-paranormal" count="12"/>
      <shelf name="fantasy-sci-fi" count="12"/>
  </popular_shelves>
  <book_links>
    <book_link>
  <id>8</id>
  <name>Libraries</name>
  <link>https://www.goodreads.com/book_link/follow/8</link>
</book_link>

  </book_links>
  <buy_links>
    <buy_link>
<id>1</id>
<name>Amazon</name>
<link>https://www.goodreads.com/book_link/follow/1</link>
</buy_link>
<buy_link>
<id>10</id>
<name>Audible</name>
<link>https://www.goodreads.com/book_link/follow/10</link>
</buy_link>
<buy_link>
<id>3</id>
<name>Barnes &amp; Noble</name>
<link>https://www.goodreads.com/book_link/follow/3</link>
</buy_link>
<buy_link>
<id>1027</id>
<name>Kobo</name>
<link>https://www.goodreads.com/book_link/follow/1027</link>
</buy_link>
<buy_link>
<id>2102</id>
<name>Apple iBooks</name>
<link>https://www.goodreads.com/book_link/follow/2102</link>
</buy_link>
<buy_link>
<id>8036</id>
<name>Google Play</name>
<link>https://www.goodreads.com/book_link/follow/8036</link>
</buy_link>
<buy_link>
<id>4</id>
<name>Abebooks</name>
<link>https://www.goodreads.com/book_link/follow/4</link>
</buy_link>
<buy_link>
<id>882</id>
<name>Book Depository</name>
<link>https://www.goodreads.com/book_link/follow/882</link>
</buy_link>
<buy_link>
<id>9</id>
<name>Indigo</name>
<link>https://www.goodreads.com/book_link/follow/9</link>
</buy_link>
<buy_link>
<id>2</id>
<name>Half.com</name>
<link>https://www.goodreads.com/book_link/follow/2</link>
</buy_link>
<buy_link>
<id>5</id>
<name>Alibris</name>
<link>https://www.goodreads.com/book_link/follow/5</link>
</buy_link>
<buy_link>
<id>107</id>
<name>Better World Books</name>
<link>https://www.goodreads.com/book_link/follow/107</link>
</buy_link>
<buy_link>
<id>7</id>
<name>IndieBound</name>
<link>https://www.goodreads.com/book_link/follow/7</link>
</buy_link>

  </buy_links>
  <series_works>
    
  </series_works>
  <similar_books>
          <book>
<id>10596</id>
<title>The Regulators</title>
<title_without_series>The Regulators</title_without_series>
<link><![CDATA[https://www.goodreads.com/book/show/10596.The_Regulators]]></link>
<small_image_url><![CDATA[https://images.gr-assets.com/books/1364033309s/10596.jpg]]></small_image_url>
<image_url><![CDATA[https://images.gr-assets.com/books/1364033309m/10596.jpg]]></image_url>
<num_pages></num_pages>
<work>
<id>955346</id>
</work>
<isbn>0451191013</isbn>
<isbn13>9780451191014</isbn13>
<average_rating>3.63</average_rating>
<ratings_count>53340</ratings_count>
<publication_year></publication_year>
<publication_month></publication_month>
<publication_day></publication_day>
<authors>
<author>
<id>5858</id>
<name>Richard Bachman</name>
<link><![CDATA[https://www.goodreads.com/author/show/5858.Richard_Bachman]]></link>
</author>
</authors>
</book>

          <book>
<id>11532</id>
<title>Night Visions 5</title>
<title_without_series>Night Visions 5</title_without_series>
<link><![CDATA[https://www.goodreads.com/book/show/11532.Night_Visions_5]]></link>
<small_image_url><![CDATA[https://images.gr-assets.com/books/1289330105s/11532.jpg]]></small_image_url>
<image_url><![CDATA[https://images.gr-assets.com/books/1289330105m/11532.jpg]]></image_url>
<num_pages>274</num_pages>
<work>
<id>88730</id>
</work>
<isbn>0913165328</isbn>
<isbn13>9780913165324</isbn13>
<average_rating>3.90</average_rating>
<ratings_count>1362</ratings_count>
<publication_year>1988</publication_year>
<publication_month>5</publication_month>
<publication_day></publication_day>
<authors>
<author>
<id>18351</id>
<name>Douglas E. Winter</name>
<link><![CDATA[https://www.goodreads.com/author/show/18351.Douglas_E_Winter]]></link>
</author>
</authors>
</book>

          <book>
<id>32627</id>
<title><![CDATA[Everville (Book of the Art #2)]]></title>
<title_without_series>Everville</title_without_series>
<link><![CDATA[https://www.goodreads.com/book/show/32627.Everville]]></link>
<small_image_url><![CDATA[https://images.gr-assets.com/books/1407712149s/32627.jpg]]></small_image_url>
<image_url><![CDATA[https://images.gr-assets.com/books/1407712149m/32627.jpg]]></image_url>
<num_pages>697</num_pages>
<work>
<id>942616</id>
</work>
<isbn>0060933151</isbn>
<isbn13>9780060933159</isbn13>
<average_rating>4.02</average_rating>
<ratings_count>8428</ratings_count>
<publication_year>1999</publication_year>
<publication_month>11</publication_month>
<publication_day>3</publication_day>
<authors>
<author>
<id>10366</id>
<name>Clive Barker</name>
<link><![CDATA[https://www.goodreads.com/author/show/10366.Clive_Barker]]></link>
</author>
</authors>
</book>

          <book>
<id>6554</id>
<title>Darkness</title>
<title_without_series>Darkness</title_without_series>
<link><![CDATA[https://www.goodreads.com/book/show/6554.Darkness]]></link>
<small_image_url><![CDATA[https://s.gr-assets.com/assets/nophoto/book/50x75-a91bf249278a81aabab721ef782c4a74.png]]></small_image_url>
<image_url><![CDATA[https://s.gr-assets.com/assets/nophoto/book/111x148-bcc042a9c91a29c1d680899eff700a03.png]]></image_url>
<num_pages>373</num_pages>
<work>
<id>2796366</id>
</work>
<isbn>0553297260</isbn>
<isbn13>9780553297263</isbn13>
<average_rating>3.92</average_rating>
<ratings_count>17472</ratings_count>
<publication_year>1992</publication_year>
<publication_month>11</publication_month>
<publication_day>10</publication_day>
<authors>
<author>
<id>4387</id>
<name>John Saul</name>
<link><![CDATA[https://www.goodreads.com/author/show/4387.John_Saul]]></link>
</author>
</authors>
</book>

          <book>
<id>32430</id>
<title>The Bad Place</title>
<title_without_series>The Bad Place</title_without_series>
<link><![CDATA[https://www.goodreads.com/book/show/32430.The_Bad_Place]]></link>
<small_image_url><![CDATA[https://s.gr-assets.com/assets/nophoto/book/50x75-a91bf249278a81aabab721ef782c4a74.png]]></small_image_url>
<image_url><![CDATA[https://s.gr-assets.com/assets/nophoto/book/111x148-bcc042a9c91a29c1d680899eff700a03.png]]></image_url>
<num_pages>427</num_pages>
<work>
<id>260358</id>
</work>
<isbn>0425195481</isbn>
<isbn13>9780425195482</isbn13>
<average_rating>3.86</average_rating>
<ratings_count>28145</ratings_count>
<publication_year>2004</publication_year>
<publication_month>7</publication_month>
<publication_day>6</publication_day>
<authors>
<author>
<id>9355</id>
<name>Dean Koontz</name>
<link><![CDATA[https://www.goodreads.com/author/show/9355.Dean_Koontz]]></link>
</author>
</authors>
</book>

          <book>
<id>7746259</id>
<title>The Stand: Soul Survivors</title>
<title_without_series>The Stand: Soul Survivors</title_without_series>
<link><![CDATA[https://www.goodreads.com/book/show/7746259-the-stand]]></link>
<small_image_url><![CDATA[https://images.gr-assets.com/books/1313267746s/7746259.jpg]]></small_image_url>
<image_url><![CDATA[https://images.gr-assets.com/books/1313267746m/7746259.jpg]]></image_url>
<num_pages>136</num_pages>
<work>
<id>10572064</id>
</work>
<isbn>0785136223</isbn>
<isbn13>9780785136224</isbn13>
<average_rating>4.52</average_rating>
<ratings_count>40761</ratings_count>
<publication_year>2010</publication_year>
<publication_month>7</publication_month>
<publication_day>21</publication_day>
<authors>
<author>
<id>55794</id>
<name>Roberto Aguirre-Sacasa</name>
<link><![CDATA[https://www.goodreads.com/author/show/55794.Roberto_Aguirre_Sacasa]]></link>
</author>
</authors>
</book>

          <book>
<id>201643</id>
<title>Night in the Lonesome October</title>
<title_without_series>Night in the Lonesome October</title_without_series>
<link><![CDATA[https://www.goodreads.com/book/show/201643.Night_in_the_Lonesome_October]]></link>
<small_image_url><![CDATA[https://s.gr-assets.com/assets/nophoto/book/50x75-a91bf249278a81aabab721ef782c4a74.png]]></small_image_url>
<image_url><![CDATA[https://s.gr-assets.com/assets/nophoto/book/111x148-bcc042a9c91a29c1d680899eff700a03.png]]></image_url>
<num_pages>346</num_pages>
<work>
<id>890918</id>
</work>
<isbn>0843950463</isbn>
<isbn13>9780843950465</isbn13>
<average_rating>3.89</average_rating>
<ratings_count>2478</ratings_count>
<publication_year>2002</publication_year>
<publication_month>9</publication_month>
<publication_day>1</publication_day>
<authors>
<author>
<id>83937</id>
<name>Richard Laymon</name>
<link><![CDATA[https://www.goodreads.com/author/show/83937.Richard_Laymon]]></link>
</author>
</authors>
</book>

          <book>
<id>65516</id>
<title>Mr. X</title>
<title_without_series>Mr. X</title_without_series>
<link><![CDATA[https://www.goodreads.com/book/show/65516.Mr_X]]></link>
<small_image_url><![CDATA[https://s.gr-assets.com/assets/nophoto/book/50x75-a91bf249278a81aabab721ef782c4a74.png]]></small_image_url>
<image_url><![CDATA[https://s.gr-assets.com/assets/nophoto/book/111x148-bcc042a9c91a29c1d680899eff700a03.png]]></image_url>
<num_pages>626</num_pages>
<work>
<id>926266</id>
</work>
<isbn>0006513751</isbn>
<isbn13>9780006513759</isbn13>
<average_rating>3.63</average_rating>
<ratings_count>3558</ratings_count>
<publication_year>2001</publication_year>
<publication_month>3</publication_month>
<publication_day>28</publication_day>
<authors>
<author>
<id>6941</id>
<name>Peter Straub</name>
<link><![CDATA[https://www.goodreads.com/author/show/6941.Peter_Straub]]></link>
</author>
</authors>
</book>

          <book>
<id>498108</id>
<title>The Mailman</title>
<title_without_series>The Mailman</title_without_series>
<link><![CDATA[https://www.goodreads.com/book/show/498108.The_Mailman]]></link>
<small_image_url><![CDATA[https://s.gr-assets.com/assets/nophoto/book/50x75-a91bf249278a81aabab721ef782c4a74.png]]></small_image_url>
<image_url><![CDATA[https://s.gr-assets.com/assets/nophoto/book/111x148-bcc042a9c91a29c1d680899eff700a03.png]]></image_url>
<num_pages>411</num_pages>
<work>
<id>486251</id>
</work>
<isbn>0747208905</isbn>
<isbn13>9780747208907</isbn13>
<average_rating>3.88</average_rating>
<ratings_count>2110</ratings_count>
<publication_year>1994</publication_year>
<publication_month>2</publication_month>
<publication_day>3</publication_day>
<authors>
<author>
<id>2998</id>
<name>Bentley Little</name>
<link><![CDATA[https://www.goodreads.com/author/show/2998.Bentley_Little]]></link>
</author>
</authors>
</book>

          <book>
<id>459828</id>
<title>The Survivor</title>
<title_without_series>The Survivor</title_without_series>
<link><![CDATA[https://www.goodreads.com/book/show/459828.The_Survivor]]></link>
<small_image_url><![CDATA[https://s.gr-assets.com/assets/nophoto/book/50x75-a91bf249278a81aabab721ef782c4a74.png]]></small_image_url>
<image_url><![CDATA[https://s.gr-assets.com/assets/nophoto/book/111x148-bcc042a9c91a29c1d680899eff700a03.png]]></image_url>
<num_pages></num_pages>
<work>
<id>448312</id>
</work>
<isbn>0451073932</isbn>
<isbn13>9780451073938</isbn13>
<average_rating>3.66</average_rating>
<ratings_count>2138</ratings_count>
<publication_year>1977</publication_year>
<publication_month>3</publication_month>
<publication_day>1</publication_day>
<authors>
<author>
<id>80984</id>
<name>James Herbert</name>
<link><![CDATA[https://www.goodreads.com/author/show/80984.James_Herbert]]></link>
</author>
</authors>
</book>

          <book>
<id>11580</id>
<title>Creepshow</title>
<title_without_series>Creepshow</title_without_series>
<link><![CDATA[https://www.goodreads.com/book/show/11580.Creepshow]]></link>
<small_image_url><![CDATA[https://images.gr-assets.com/books/1332002598s/11580.jpg]]></small_image_url>
<image_url><![CDATA[https://images.gr-assets.com/books/1332002598m/11580.jpg]]></image_url>
<num_pages>66</num_pages>
<work>
<id>14011</id>
</work>
<isbn>0452253802</isbn>
<isbn13>9780452253803</isbn13>
<average_rating>4.06</average_rating>
<ratings_count>28469</ratings_count>
<publication_year>1982</publication_year>
<publication_month>8</publication_month>
<publication_day>1</publication_day>
<authors>
<author>
<id>3389</id>
<name>Stephen King</name>
<link><![CDATA[https://www.goodreads.com/author/show/3389.Stephen_King]]></link>
</author>
</authors>
</book>

  </similar_books>
</book>

</GoodreadsResponse>