<?xml version="1.0" encoding="UTF-8"?>
<GoodreadsResponse>
  <Request>
    <authentication>true</authentication>
      <key><![CDATA[all_men_must_serve]]></key>
    <method><![CDATA[book_show]]></method>
  </Request>
  <book>
  <id>10739</id>
  <title>The Moviegoer</title>
  <isbn><![CDATA[0375701966]]></isbn>
  <isbn13><![CDATA[9780375701962]]></isbn13>
  <asin><![CDATA[]]></asin>
  <kindle_asin><![CDATA[B004TLVNH0]]></kindle_asin>
  <marketplace_id><![CDATA[A1F83G8C2ARO7P]]></marketplace_id>
  <country_code><![CDATA[GB]]></country_code>
  <image_url>https://images.gr-assets.com/books/1437668043m/10739.jpg</image_url>
  <small_image_url>https://images.gr-assets.com/books/1437668043s/10739.jpg</small_image_url>
  <publication_year></publication_year>
  <publication_month></publication_month>
  <publication_day></publication_day>
  <publisher></publisher>
  <language_code>en-CA</language_code>
  <is_ebook>false</is_ebook>
  <description><![CDATA[<b>Winner of the 1961 National Book Award</b><br /><br />The dazzling novel that established Walker Percy as one of the major voices in Southern literature is now available for the first time in Vintage paperback.<br /><br /><i>The Moviegoer</i> is Binx Bolling, a young New Orleans stockbroker who surveys the world with the detached gaze of a Bourbon Street dandy even as he yearns for a spiritual redemption he cannot bring himself to believe in. On the eve of his thirtieth birthday, he occupies himself dallying with his secretaries and going to movies, which provide him with the "treasurable moments" absent from his real life. But one fateful Mardi Gras, Binx embarks on a hare-brained quest that outrages his family, endangers his fragile cousin Kate, and sends him reeling through the chaos of New Orleans' French Quarter. Wry and wrenching, rich in irony and romance, <i>The Moviegoer</i> is a genuine American classic.]]></description>
  <work>
  <id type="integer">1209450</id>
  <books_count type="integer">54</books_count>
  <best_book_id type="integer">10739</best_book_id>
  <reviews_count type="integer">43648</reviews_count>
  <ratings_sum type="integer">74340</ratings_sum>
  <ratings_count type="integer">20111</ratings_count>
  <text_reviews_count type="integer">1580</text_reviews_count>
  <original_publication_year type="integer">1961</original_publication_year>
  <original_publication_month type="integer" nil="true"/>
  <original_publication_day type="integer" nil="true"/>
  <original_title>The Moviegoer</original_title>
  <original_language_id type="integer" nil="true"/>
  <media_type>book</media_type>
  <rating_dist>5:5122|4:7088|3:5232|2:2013|1:656|total:20111</rating_dist>
  <desc_user_id type="integer" nil="true"/>
  <default_chaptering_book_id type="integer" nil="true"/>
  <default_description_language_code nil="true"/>
</work>
  <average_rating>3.70</average_rating>
  <num_pages><![CDATA[242]]></num_pages>
  <format><![CDATA[]]></format>
  <edition_information><![CDATA[]]></edition_information>
  <ratings_count><![CDATA[18670]]></ratings_count>
  <text_reviews_count><![CDATA[1407]]></text_reviews_count>
  <url><![CDATA[https://www.goodreads.com/book/show/10739.The_Moviegoer]]></url>
  <link><![CDATA[https://www.goodreads.com/book/show/10739.The_Moviegoer]]></link>
  <authors>
<author>
<id>337</id>
<name>Walker Percy</name>
<role></role>
<image_url nophoto='false'>
<![CDATA[https://images.gr-assets.com/authors/1343321970p5/337.jpg]]>
</image_url>
<small_image_url nophoto='false'>
<![CDATA[https://images.gr-assets.com/authors/1343321970p2/337.jpg]]>
</small_image_url>
<link><![CDATA[https://www.goodreads.com/author/show/337.Walker_Percy]]></link>
<average_rating>3.87</average_rating>
<ratings_count>211149</ratings_count>
<text_reviews_count>13481</text_reviews_count>
</author>
</authors>

    <reviews_widget>
      <![CDATA[
        <style>
  #goodreads-widget {
    font-family: georgia, serif;
    padding: 18px 0;
    width:565px;
  }
  #goodreads-widget h1 {
    font-weight:normal;
    font-size: 16px;
    border-bottom: 1px solid #BBB596;
    margin-bottom: 0;
  }
  #goodreads-widget a {
    text-decoration: none;
    color:#660;
  }
  iframe{
    background-color: #fff;
  }
  #goodreads-widget a:hover { text-decoration: underline; }
  #goodreads-widget a:active {
    color:#660;
  }
  #gr_footer {
    width: 100%;
    border-top: 1px solid #BBB596;
    text-align: right;
  }
  #goodreads-widget .gr_branding{
    color: #382110;
    font-size: 11px;
    text-decoration: none;
    font-family: "Helvetica Neue", Helvetica, Arial, sans-serif;
  }
</style>
<div id="goodreads-widget">
  <div id="gr_header"><h1><a rel="nofollow" href="https://www.goodreads.com/book/show/10739.The_Moviegoer">The Moviegoer Reviews</a></h1></div>
  <iframe id="the_iframe" src="https://www.goodreads.com/api/reviews_widget_iframe?did=DEVELOPER_ID&amp;format=html&amp;isbn=0375701966&amp;links=660&amp;min_rating=&amp;review_back=fff&amp;stars=000&amp;text=000" width="565" height="400" frameborder="0"></iframe>
  <div id="gr_footer">
    <a class="gr_branding" target="_blank" rel="nofollow" href="https://www.goodreads.com/book/show/10739.The_Moviegoer?utm_medium=api&amp;utm_source=reviews_widget">Reviews from Goodreads.com</a>
  </div>
</div>

      ]]>
    </reviews_widget>
  <popular_shelves>
      <shelf name="to-read" count="20233"/>
      <shelf name="fiction" count="870"/>
      <shelf name="currently-reading" count="652"/>
      <shelf name="classics" count="246"/>
      <shelf name="favorites" count="208"/>
      <shelf name="literature" count="105"/>
      <shelf name="novels" count="93"/>
      <shelf name="national-book-award" count="83"/>
      <shelf name="book-club" count="75"/>
      <shelf name="owned" count="64"/>
      <shelf name="southern" count="62"/>
      <shelf name="new-orleans" count="56"/>
      <shelf name="time-100" count="50"/>
      <shelf name="american" count="50"/>
      <shelf name="literary-fiction" count="50"/>
      <shelf name="classic" count="44"/>
      <shelf name="southern-lit" count="42"/>
      <shelf name="20th-century" count="41"/>
      <shelf name="southern-literature" count="41"/>
      <shelf name="books-i-own" count="41"/>
      <shelf name="american-literature" count="40"/>
      <shelf name="modern-library-100" count="39"/>
      <shelf name="modern-library-top-100" count="38"/>
      <shelf name="novel" count="38"/>
      <shelf name="kindle" count="34"/>
      <shelf name="abandoned" count="33"/>
      <shelf name="philosophy" count="32"/>
      <shelf name="american-lit" count="31"/>
      <shelf name="to-buy" count="31"/>
      <shelf name="modern-library-100-best-novels" count="30"/>
      <shelf name="library" count="30"/>
      <shelf name="to-read-fiction" count="27"/>
      <shelf name="books-to-read-in-your-20s" count="26"/>
      <shelf name="65-books-to-read-in-your-20s" count="26"/>
      <shelf name="literary" count="26"/>
      <shelf name="louisiana" count="25"/>
      <shelf name="wish-list" count="25"/>
      <shelf name="existentialism" count="23"/>
      <shelf name="time-top-100" count="20"/>
      <shelf name="the-south" count="18"/>
      <shelf name="general-fiction" count="18"/>
      <shelf name="southern-fiction" count="17"/>
      <shelf name="top-100" count="17"/>
      <shelf name="contemporary" count="17"/>
      <shelf name="fiction-to-read" count="16"/>
      <shelf name="all-time-100-novels" count="16"/>
      <shelf name="owned-books" count="16"/>
      <shelf name="20s" count="15"/>
      <shelf name="american-south" count="15"/>
      <shelf name="adult-fiction" count="15"/>
      <shelf name="bookclub" count="15"/>
      <shelf name="ebook" count="14"/>
      <shelf name="modern-library" count="14"/>
      <shelf name="audiobooks" count="14"/>
      <shelf name="1960s" count="14"/>
      <shelf name="contemporary-fiction" count="14"/>
      <shelf name="default" count="13"/>
      <shelf name="book-group" count="13"/>
      <shelf name="did-not-finish" count="13"/>
      <shelf name="usa" count="13"/>
      <shelf name="recommended" count="13"/>
      <shelf name="times-100" count="12"/>
      <shelf name="national-book-award-winners" count="12"/>
      <shelf name="catholic" count="12"/>
      <shelf name="unfinished" count="12"/>
      <shelf name="american-fiction" count="12"/>
      <shelf name="re-read" count="12"/>
      <shelf name="historical-fiction" count="12"/>
      <shelf name="read-in-2013" count="11"/>
      <shelf name="audiobook" count="11"/>
      <shelf name="couldn-t-finish" count="11"/>
      <shelf name="modern-fiction" count="11"/>
      <shelf name="all-time-favorites" count="11"/>
      <shelf name="read-in-2014" count="10"/>
      <shelf name="maybe" count="10"/>
      <shelf name="modern-classics" count="10"/>
      <shelf name="audio" count="10"/>
      <shelf name="modern" count="10"/>
      <shelf name="time-100-novels" count="10"/>
      <shelf name="catholic-fiction" count="10"/>
      <shelf name="read-in-2016" count="9"/>
      <shelf name="read-in-2015" count="9"/>
      <shelf name="southern-writers" count="9"/>
      <shelf name="ebooks" count="9"/>
      <shelf name="my-library" count="9"/>
      <shelf name="film" count="9"/>
      <shelf name="lit" count="9"/>
      <shelf name="classic-literature" count="9"/>
      <shelf name="guardian-1000" count="9"/>
      <shelf name="award-winners" count="9"/>
      <shelf name="100-best-novels" count="9"/>
      <shelf name="barthelme-syllabus" count="9"/>
      <shelf name="adult" count="9"/>
      <shelf name="south" count="9"/>
      <shelf name="ryan-holiday" count="8"/>
      <shelf name="65-books-you-need-to-read-in-your-2" count="8"/>
      <shelf name="americana" count="8"/>
      <shelf name="time" count="8"/>
      <shelf name="national-book-award-fiction" count="8"/>
      <shelf name="didn-t-finish" count="8"/>
  </popular_shelves>
  <book_links>
    <book_link>
  <id>8</id>
  <name>Libraries</name>
  <link>https://www.goodreads.com/book_link/follow/8</link>
</book_link>

  </book_links>
  <buy_links>
    <buy_link>
<id>1</id>
<name>Amazon</name>
<link>https://www.goodreads.com/book_link/follow/1</link>
</buy_link>
<buy_link>
<id>10</id>
<name>Audible</name>
<link>https://www.goodreads.com/book_link/follow/10</link>
</buy_link>
<buy_link>
<id>3</id>
<name>Barnes &amp; Noble</name>
<link>https://www.goodreads.com/book_link/follow/3</link>
</buy_link>
<buy_link>
<id>1027</id>
<name>Kobo</name>
<link>https://www.goodreads.com/book_link/follow/1027</link>
</buy_link>
<buy_link>
<id>2102</id>
<name>Apple iBooks</name>
<link>https://www.goodreads.com/book_link/follow/2102</link>
</buy_link>
<buy_link>
<id>8036</id>
<name>Google Play</name>
<link>https://www.goodreads.com/book_link/follow/8036</link>
</buy_link>
<buy_link>
<id>4</id>
<name>Abebooks</name>
<link>https://www.goodreads.com/book_link/follow/4</link>
</buy_link>
<buy_link>
<id>882</id>
<name>Book Depository</name>
<link>https://www.goodreads.com/book_link/follow/882</link>
</buy_link>
<buy_link>
<id>9</id>
<name>Indigo</name>
<link>https://www.goodreads.com/book_link/follow/9</link>
</buy_link>
<buy_link>
<id>2</id>
<name>Half.com</name>
<link>https://www.goodreads.com/book_link/follow/2</link>
</buy_link>
<buy_link>
<id>5</id>
<name>Alibris</name>
<link>https://www.goodreads.com/book_link/follow/5</link>
</buy_link>
<buy_link>
<id>107</id>
<name>Better World Books</name>
<link>https://www.goodreads.com/book_link/follow/107</link>
</buy_link>
<buy_link>
<id>7</id>
<name>IndieBound</name>
<link>https://www.goodreads.com/book_link/follow/7</link>
</buy_link>

  </buy_links>
  <series_works>
    
  </series_works>
  <similar_books>
          <book>
<id>930392</id>
<title>The Waters of Kronos</title>
<title_without_series>The Waters of Kronos</title_without_series>
<link><![CDATA[https://www.goodreads.com/book/show/930392.The_Waters_of_Kronos]]></link>
<small_image_url><![CDATA[https://s.gr-assets.com/assets/nophoto/book/50x75-a91bf249278a81aabab721ef782c4a74.png]]></small_image_url>
<image_url><![CDATA[https://s.gr-assets.com/assets/nophoto/book/111x148-bcc042a9c91a29c1d680899eff700a03.png]]></image_url>
<num_pages>176</num_pages>
<work>
<id>915385</id>
</work>
<isbn>027102240X</isbn>
<isbn13>9780271022406</isbn13>
<average_rating>3.55</average_rating>
<ratings_count>217</ratings_count>
<publication_year>2003</publication_year>
<publication_month>1</publication_month>
<publication_day>8</publication_day>
<authors>
<author>
<id>8559</id>
<name>Conrad Richter</name>
<link><![CDATA[https://www.goodreads.com/author/show/8559.Conrad_Richter]]></link>
</author>
</authors>
</book>

          <book>
<id>126603</id>
<title>Studs Lonigan</title>
<title_without_series>Studs Lonigan</title_without_series>
<link><![CDATA[https://www.goodreads.com/book/show/126603.Studs_Lonigan]]></link>
<small_image_url><![CDATA[https://s.gr-assets.com/assets/nophoto/book/50x75-a91bf249278a81aabab721ef782c4a74.png]]></small_image_url>
<image_url><![CDATA[https://s.gr-assets.com/assets/nophoto/book/111x148-bcc042a9c91a29c1d680899eff700a03.png]]></image_url>
<num_pages></num_pages>
<work>
<id>121922</id>
</work>
<isbn>1931082553</isbn>
<isbn13>9781931082556</isbn13>
<average_rating>3.80</average_rating>
<ratings_count>1919</ratings_count>
<publication_year>2004</publication_year>
<publication_month></publication_month>
<publication_day></publication_day>
<authors>
<author>
<id>6165</id>
<name>James T. Farrell</name>
<link><![CDATA[https://www.goodreads.com/author/show/6165.James_T_Farrell]]></link>
</author>
</authors>
</book>

          <book>
<id>11737010</id>
<title>Alien vs. Predator</title>
<title_without_series>Alien vs. Predator</title_without_series>
<link><![CDATA[https://www.goodreads.com/book/show/11737010-alien-vs-predator]]></link>
<small_image_url><![CDATA[https://images.gr-assets.com/books/1336000197s/11737010.jpg]]></small_image_url>
<image_url><![CDATA[https://images.gr-assets.com/books/1336000197m/11737010.jpg]]></image_url>
<num_pages>88</num_pages>
<work>
<id>16686193</id>
</work>
<isbn>0143120352</isbn>
<isbn13>9780143120353</isbn13>
<average_rating>3.50</average_rating>
<ratings_count>993</ratings_count>
<publication_year>2012</publication_year>
<publication_month>3</publication_month>
<publication_day>27</publication_day>
<authors>
<author>
<id>4953499</id>
<name>Michael  Robbins</name>
<link><![CDATA[https://www.goodreads.com/author/show/4953499.Michael_Robbins]]></link>
</author>
</authors>
</book>

          <book>
<id>1501238</id>
<title>The Field of Vision</title>
<title_without_series>The Field of Vision</title_without_series>
<link><![CDATA[https://www.goodreads.com/book/show/1501238.The_Field_of_Vision]]></link>
<small_image_url><![CDATA[https://images.gr-assets.com/books/1479598130s/1501238.jpg]]></small_image_url>
<image_url><![CDATA[https://images.gr-assets.com/books/1479598130m/1501238.jpg]]></image_url>
<num_pages>251</num_pages>
<work>
<id>1492665</id>
</work>
<isbn>0451027612</isbn>
<isbn13>9780451027610</isbn13>
<average_rating>3.37</average_rating>
<ratings_count>75</ratings_count>
<publication_year></publication_year>
<publication_month></publication_month>
<publication_day></publication_day>
<authors>
<author>
<id>30333</id>
<name>Wright Morris</name>
<link><![CDATA[https://www.goodreads.com/author/show/30333.Wright_Morris]]></link>
</author>
</authors>
</book>

          <book>
<id>16113</id>
<title><![CDATA[A Dance to the Music of Time: 1st Movement (A Dance to the Music of Time, #1-3)]]></title>
<title_without_series><![CDATA[A Dance to the Music of Time: 1st Movement]]></title_without_series>
<link><![CDATA[https://www.goodreads.com/book/show/16113.A_Dance_to_the_Music_of_Time]]></link>
<small_image_url><![CDATA[https://s.gr-assets.com/assets/nophoto/book/50x75-a91bf249278a81aabab721ef782c4a74.png]]></small_image_url>
<image_url><![CDATA[https://s.gr-assets.com/assets/nophoto/book/111x148-bcc042a9c91a29c1d680899eff700a03.png]]></image_url>
<num_pages>718</num_pages>
<work>
<id>17890</id>
</work>
<isbn>0226677141</isbn>
<isbn13>9780226677149</isbn13>
<average_rating>3.94</average_rating>
<ratings_count>3480</ratings_count>
<publication_year>1995</publication_year>
<publication_month>5</publication_month>
<publication_day>31</publication_day>
<authors>
<author>
<id>9947</id>
<name>Anthony Powell</name>
<link><![CDATA[https://www.goodreads.com/author/show/9947.Anthony_Powell]]></link>
</author>
</authors>
</book>

          <book>
<id>771507</id>
<title>Loving</title>
<title_without_series>Loving</title_without_series>
<link><![CDATA[https://www.goodreads.com/book/show/771507.Loving]]></link>
<small_image_url><![CDATA[https://images.gr-assets.com/books/1358882664s/771507.jpg]]></small_image_url>
<image_url><![CDATA[https://images.gr-assets.com/books/1358882664m/771507.jpg]]></image_url>
<num_pages>224</num_pages>
<work>
<id>3105878</id>
</work>
<isbn>0099285096</isbn>
<isbn13>9780099285090</isbn13>
<average_rating>3.57</average_rating>
<ratings_count>2668</ratings_count>
<publication_year>2001</publication_year>
<publication_month>5</publication_month>
<publication_day>30</publication_day>
<authors>
<author>
<id>16649</id>
<name>Henry Green</name>
<link><![CDATA[https://www.goodreads.com/author/show/16649.Henry_Green]]></link>
</author>
</authors>
</book>

          <book>
<id>150354</id>
<title>The Collected Poems</title>
<title_without_series>The Collected Poems</title_without_series>
<link><![CDATA[https://www.goodreads.com/book/show/150354.The_Collected_Poems]]></link>
<small_image_url><![CDATA[https://images.gr-assets.com/books/1320392685s/150354.jpg]]></small_image_url>
<image_url><![CDATA[https://images.gr-assets.com/books/1320392685m/150354.jpg]]></image_url>
<num_pages>784</num_pages>
<work>
<id>145117</id>
</work>
<isbn>1400044995</isbn>
<isbn13>9781400044993</isbn13>
<average_rating>3.98</average_rating>
<ratings_count>778</ratings_count>
<publication_year>2005</publication_year>
<publication_month>11</publication_month>
<publication_day>1</publication_day>
<authors>
<author>
<id>71439</id>
<name>Kenneth Koch</name>
<link><![CDATA[https://www.goodreads.com/author/show/71439.Kenneth_Koch]]></link>
</author>
</authors>
</book>

          <book>
<id>775997</id>
<title>Blood Tie</title>
<title_without_series>Blood Tie</title_without_series>
<link><![CDATA[https://www.goodreads.com/book/show/775997.Blood_Tie]]></link>
<small_image_url><![CDATA[https://s.gr-assets.com/assets/nophoto/book/50x75-a91bf249278a81aabab721ef782c4a74.png]]></small_image_url>
<image_url><![CDATA[https://s.gr-assets.com/assets/nophoto/book/111x148-bcc042a9c91a29c1d680899eff700a03.png]]></image_url>
<num_pages>404</num_pages>
<work>
<id>762035</id>
</work>
<isbn>1570030979</isbn>
<isbn13>9781570030970</isbn13>
<average_rating>3.48</average_rating>
<ratings_count>112</ratings_count>
<publication_year>1995</publication_year>
<publication_month>10</publication_month>
<publication_day>1</publication_day>
<authors>
<author>
<id>147350</id>
<name>Mary Lee Settle</name>
<link><![CDATA[https://www.goodreads.com/author/show/147350.Mary_Lee_Settle]]></link>
</author>
</authors>
</book>

          <book>
<id>11890</id>
<title>The Wapshot Chronicle</title>
<title_without_series>The Wapshot Chronicle</title_without_series>
<link><![CDATA[https://www.goodreads.com/book/show/11890.The_Wapshot_Chronicle]]></link>
<small_image_url><![CDATA[https://images.gr-assets.com/books/1405912722s/11890.jpg]]></small_image_url>
<image_url><![CDATA[https://images.gr-assets.com/books/1405912722m/11890.jpg]]></image_url>
<num_pages>352</num_pages>
<work>
<id>1527547</id>
</work>
<isbn>0060528877</isbn>
<isbn13>9780060528874</isbn13>
<average_rating>3.76</average_rating>
<ratings_count>5747</ratings_count>
<publication_year></publication_year>
<publication_month></publication_month>
<publication_day></publication_day>
<authors>
<author>
<id>7464</id>
<name>John Cheever</name>
<link><![CDATA[https://www.goodreads.com/author/show/7464.John_Cheever]]></link>
</author>
</authors>
</book>

          <book>
<id>208063</id>
<title>Quicksand and Passing</title>
<title_without_series>Quicksand and Passing</title_without_series>
<link><![CDATA[https://www.goodreads.com/book/show/208063.Quicksand_and_Passing]]></link>
<small_image_url><![CDATA[https://images.gr-assets.com/books/1421140088s/208063.jpg]]></small_image_url>
<image_url><![CDATA[https://images.gr-assets.com/books/1421140088m/208063.jpg]]></image_url>
<num_pages>246</num_pages>
<work>
<id>201386</id>
</work>
<isbn>0813511704</isbn>
<isbn13>9780813511702</isbn13>
<average_rating>3.90</average_rating>
<ratings_count>3274</ratings_count>
<publication_year>1986</publication_year>
<publication_month>4</publication_month>
<publication_day>1</publication_day>
<authors>
<author>
<id>7894</id>
<name>Nella Larsen</name>
<link><![CDATA[https://www.goodreads.com/author/show/7894.Nella_Larsen]]></link>
</author>
</authors>
</book>

          <book>
<id>11324</id>
<title>Under the Net</title>
<title_without_series>Under the Net</title_without_series>
<link><![CDATA[https://www.goodreads.com/book/show/11324.Under_the_Net]]></link>
<small_image_url><![CDATA[https://s.gr-assets.com/assets/nophoto/book/50x75-a91bf249278a81aabab721ef782c4a74.png]]></small_image_url>
<image_url><![CDATA[https://s.gr-assets.com/assets/nophoto/book/111x148-bcc042a9c91a29c1d680899eff700a03.png]]></image_url>
<num_pages>252</num_pages>
<work>
<id>3257831</id>
</work>
<isbn>0140014454</isbn>
<isbn13>9780140014457</isbn13>
<average_rating>3.76</average_rating>
<ratings_count>10084</ratings_count>
<publication_year>1982</publication_year>
<publication_month>10</publication_month>
<publication_day>27</publication_day>
<authors>
<author>
<id>7287</id>
<name>Iris Murdoch</name>
<link><![CDATA[https://www.goodreads.com/author/show/7287.Iris_Murdoch]]></link>
</author>
</authors>
</book>

          <book>
<id>18828</id>
<title>The Rachel Papers</title>
<title_without_series>The Rachel Papers</title_without_series>
<link><![CDATA[https://www.goodreads.com/book/show/18828.The_Rachel_Papers]]></link>
<small_image_url><![CDATA[https://images.gr-assets.com/books/1403172672s/18828.jpg]]></small_image_url>
<image_url><![CDATA[https://images.gr-assets.com/books/1403172672m/18828.jpg]]></image_url>
<num_pages>240</num_pages>
<work>
<id>1981277</id>
</work>
<isbn>0679734589</isbn>
<isbn13>9780679734581</isbn13>
<average_rating>3.59</average_rating>
<ratings_count>7582</ratings_count>
<publication_year>1992</publication_year>
<publication_month>9</publication_month>
<publication_day>29</publication_day>
<authors>
<author>
<id>11337</id>
<name>Martin Amis</name>
<link><![CDATA[https://www.goodreads.com/author/show/11337.Martin_Amis]]></link>
</author>
</authors>
</book>

          <book>
<id>126583</id>
<title>Appointment in Samarra</title>
<title_without_series>Appointment in Samarra</title_without_series>
<link><![CDATA[https://www.goodreads.com/book/show/126583.Appointment_in_Samarra]]></link>
<small_image_url><![CDATA[https://images.gr-assets.com/books/1320446769s/126583.jpg]]></small_image_url>
<image_url><![CDATA[https://images.gr-assets.com/books/1320446769m/126583.jpg]]></image_url>
<num_pages>251</num_pages>
<work>
<id>2555382</id>
</work>
<isbn>0375719202</isbn>
<isbn13>9780375719202</isbn13>
<average_rating>3.83</average_rating>
<ratings_count>11425</ratings_count>
<publication_year>2003</publication_year>
<publication_month>7</publication_month>
<publication_day>8</publication_day>
<authors>
<author>
<id>27991</id>
<name>John O&apos;Hara</name>
<link><![CDATA[https://www.goodreads.com/author/show/27991.John_O_Hara]]></link>
</author>
</authors>
</book>

          <book>
<id>105778</id>
<title>What She Saw...</title>
<title_without_series>What She Saw...</title_without_series>
<link><![CDATA[https://www.goodreads.com/book/show/105778.What_She_Saw_]]></link>
<small_image_url><![CDATA[https://images.gr-assets.com/books/1320548416s/105778.jpg]]></small_image_url>
<image_url><![CDATA[https://images.gr-assets.com/books/1320548416m/105778.jpg]]></image_url>
<num_pages>304</num_pages>
<work>
<id>344098</id>
</work>
<isbn>0385498233</isbn>
<isbn13>9780385498234</isbn13>
<average_rating>3.12</average_rating>
<ratings_count>1272</ratings_count>
<publication_year>2001</publication_year>
<publication_month>9</publication_month>
<publication_day>4</publication_day>
<authors>
<author>
<id>61259</id>
<name>Lucinda Rosenfeld</name>
<link><![CDATA[https://www.goodreads.com/author/show/61259.Lucinda_Rosenfeld]]></link>
</author>
</authors>
</book>

          <book>
<id>129228</id>
<title>My Misspent Youth: Essays</title>
<title_without_series>My Misspent Youth: Essays</title_without_series>
<link><![CDATA[https://www.goodreads.com/book/show/129228.My_Misspent_Youth]]></link>
<small_image_url><![CDATA[https://s.gr-assets.com/assets/nophoto/book/50x75-a91bf249278a81aabab721ef782c4a74.png]]></small_image_url>
<image_url><![CDATA[https://s.gr-assets.com/assets/nophoto/book/111x148-bcc042a9c91a29c1d680899eff700a03.png]]></image_url>
<num_pages>200</num_pages>
<work>
<id>124462</id>
</work>
<isbn>1890447269</isbn>
<isbn13>9781890447267</isbn13>
<average_rating>3.54</average_rating>
<ratings_count>1888</ratings_count>
<publication_year>2001</publication_year>
<publication_month>3</publication_month>
<publication_day>2</publication_day>
<authors>
<author>
<id>74253</id>
<name>Meghan Daum</name>
<link><![CDATA[https://www.goodreads.com/author/show/74253.Meghan_Daum]]></link>
</author>
</authors>
</book>

          <book>
<id>217207</id>
<title>Dear Diary</title>
<title_without_series>Dear Diary</title_without_series>
<link><![CDATA[https://www.goodreads.com/book/show/217207.Dear_Diary]]></link>
<small_image_url><![CDATA[https://s.gr-assets.com/assets/nophoto/book/50x75-a91bf249278a81aabab721ef782c4a74.png]]></small_image_url>
<image_url><![CDATA[https://s.gr-assets.com/assets/nophoto/book/111x148-bcc042a9c91a29c1d680899eff700a03.png]]></image_url>
<num_pages></num_pages>
<work>
<id>210292</id>
</work>
<isbn>1576873838</isbn>
<isbn13>9781576873830</isbn13>
<average_rating>3.38</average_rating>
<ratings_count>1851</ratings_count>
<publication_year></publication_year>
<publication_month></publication_month>
<publication_day></publication_day>
<authors>
<author>
<id>127301</id>
<name>Lesley Arfin</name>
<link><![CDATA[https://www.goodreads.com/author/show/127301.Lesley_Arfin]]></link>
</author>
</authors>
</book>

          <book>
<id>366524</id>
<title>Call It Sleep</title>
<title_without_series>Call It Sleep</title_without_series>
<link><![CDATA[https://www.goodreads.com/book/show/366524.Call_It_Sleep]]></link>
<small_image_url><![CDATA[https://s.gr-assets.com/assets/nophoto/book/50x75-a91bf249278a81aabab721ef782c4a74.png]]></small_image_url>
<image_url><![CDATA[https://s.gr-assets.com/assets/nophoto/book/111x148-bcc042a9c91a29c1d680899eff700a03.png]]></image_url>
<num_pages>462</num_pages>
<work>
<id>1544609</id>
</work>
<isbn>0374522928</isbn>
<isbn13>9780374522926</isbn13>
<average_rating>3.84</average_rating>
<ratings_count>6691</ratings_count>
<publication_year>1994</publication_year>
<publication_month></publication_month>
<publication_day></publication_day>
<authors>
<author>
<id>26338</id>
<name>Henry Roth</name>
<link><![CDATA[https://www.goodreads.com/author/show/26338.Henry_Roth]]></link>
</author>
</authors>
</book>

          <book>
<id>380364</id>
<title>Dog Soldiers</title>
<title_without_series>Dog Soldiers</title_without_series>
<link><![CDATA[https://www.goodreads.com/book/show/380364.Dog_Soldiers]]></link>
<small_image_url><![CDATA[https://images.gr-assets.com/books/1306365286s/380364.jpg]]></small_image_url>
<image_url><![CDATA[https://images.gr-assets.com/books/1306365286m/380364.jpg]]></image_url>
<num_pages>342</num_pages>
<work>
<id>1041095</id>
</work>
<isbn>0395860253</isbn>
<isbn13>9780395860250</isbn13>
<average_rating>3.72</average_rating>
<ratings_count>5143</ratings_count>
<publication_year></publication_year>
<publication_month></publication_month>
<publication_day></publication_day>
<authors>
<author>
<id>41938</id>
<name>Robert  Stone</name>
<link><![CDATA[https://www.goodreads.com/author/show/41938.Robert_Stone]]></link>
</author>
</authors>
</book>

  </similar_books>
</book>

</GoodreadsResponse>