<?xml version="1.0" encoding="UTF-8"?>
<GoodreadsResponse>
  <Request>
    <authentication>true</authentication>
      <key><![CDATA[all_men_must_serve]]></key>
    <method><![CDATA[book_show]]></method>
  </Request>
  <book>
  <id>10746542</id>
  <title>The Sense of an Ending</title>
  <isbn><![CDATA[0224094157]]></isbn>
  <isbn13><![CDATA[9780224094153]]></isbn13>
  <asin><![CDATA[]]></asin>
  <kindle_asin><![CDATA[B005E87GLY]]></kindle_asin>
  <marketplace_id><![CDATA[A1F83G8C2ARO7P]]></marketplace_id>
  <country_code><![CDATA[GB]]></country_code>
  <image_url>https://images.gr-assets.com/books/1311704453m/10746542.jpg</image_url>
  <small_image_url>https://images.gr-assets.com/books/1311704453s/10746542.jpg</small_image_url>
  <publication_year>2011</publication_year>
  <publication_month>8</publication_month>
  <publication_day>4</publication_day>
  <publisher>Jonathan Cape</publisher>
  <language_code>eng</language_code>
  <is_ebook>false</is_ebook>
  <description><![CDATA[A novel so compelling that it begs to be read in a single sitting, with stunning psychological and emotional depth and sophistication, The Sense of an Ending is a brilliant new chapter in Julian Barnes's oeuvre.<br /><br />By an acclaimed writer at the height of his powers, The Sense of an Ending extends a streak of extraordinary books that began with the best-selling Arthur &amp; George and continued with Nothing to Be Frightened Of and, most recently, Pulse. <br /><br />This intense new novel follows a middle-aged man as he contends with a past he has never much thought about - until his closest childhood friends return with a vengeance, one of them from the grave, another maddeningly present. Tony Webster thought he'd left all this behind as he built a life for himself, and by now his marriage and family and career have fallen into an amicable divorce and retirement. But he is then presented with a mysterious legacy that obliges him to reconsider a variety of things he thought he'd understood all along, and to revise his estimation of his own nature and place in the world. <br /><br />A novel so compelling that it begs to be read in a single sitting, with stunning psychological and emotional depth and sophistication, The Sense of an Ending is a brilliant new chapter in Julian Barnes's oeuvre.]]></description>
  <work>
  <id type="integer">15657664</id>
  <books_count type="integer">110</books_count>
  <best_book_id type="integer">10746542</best_book_id>
  <reviews_count type="integer">192007</reviews_count>
  <ratings_sum type="integer">422369</ratings_sum>
  <ratings_count type="integer">114132</ratings_count>
  <text_reviews_count type="integer">12977</text_reviews_count>
  <original_publication_year type="integer">2011</original_publication_year>
  <original_publication_month type="integer">8</original_publication_month>
  <original_publication_day type="integer">4</original_publication_day>
  <original_title>The Sense of an Ending</original_title>
  <original_language_id type="integer" nil="true"/>
  <media_type>book</media_type>
  <rating_dist>5:25178|4:45297|3:30890|2:9854|1:2913|total:114132</rating_dist>
  <desc_user_id type="integer">36328101</desc_user_id>
  <default_chaptering_book_id type="integer" nil="true"/>
  <default_description_language_code nil="true"/>
</work>
  <average_rating>3.70</average_rating>
  <num_pages><![CDATA[150]]></num_pages>
  <format><![CDATA[Hardcover]]></format>
  <edition_information><![CDATA[]]></edition_information>
  <ratings_count><![CDATA[95040]]></ratings_count>
  <text_reviews_count><![CDATA[10254]]></text_reviews_count>
  <url><![CDATA[https://www.goodreads.com/book/show/10746542-the-sense-of-an-ending]]></url>
  <link><![CDATA[https://www.goodreads.com/book/show/10746542-the-sense-of-an-ending]]></link>
  <authors>
<author>
<id>1462</id>
<name>Julian Barnes</name>
<role></role>
<image_url nophoto='false'>
<![CDATA[https://images.gr-assets.com/authors/1387175450p5/1462.jpg]]>
</image_url>
<small_image_url nophoto='false'>
<![CDATA[https://images.gr-assets.com/authors/1387175450p2/1462.jpg]]>
</small_image_url>
<link><![CDATA[https://www.goodreads.com/author/show/1462.Julian_Barnes]]></link>
<average_rating>3.71</average_rating>
<ratings_count>192216</ratings_count>
<text_reviews_count>20510</text_reviews_count>
</author>
</authors>

    <reviews_widget>
      <![CDATA[
        <style>
  #goodreads-widget {
    font-family: georgia, serif;
    padding: 18px 0;
    width:565px;
  }
  #goodreads-widget h1 {
    font-weight:normal;
    font-size: 16px;
    border-bottom: 1px solid #BBB596;
    margin-bottom: 0;
  }
  #goodreads-widget a {
    text-decoration: none;
    color:#660;
  }
  iframe{
    background-color: #fff;
  }
  #goodreads-widget a:hover { text-decoration: underline; }
  #goodreads-widget a:active {
    color:#660;
  }
  #gr_footer {
    width: 100%;
    border-top: 1px solid #BBB596;
    text-align: right;
  }
  #goodreads-widget .gr_branding{
    color: #382110;
    font-size: 11px;
    text-decoration: none;
    font-family: "Helvetica Neue", Helvetica, Arial, sans-serif;
  }
</style>
<div id="goodreads-widget">
  <div id="gr_header"><h1><a rel="nofollow" href="https://www.goodreads.com/book/show/10746542-the-sense-of-an-ending">The Sense of an Ending Reviews</a></h1></div>
  <iframe id="the_iframe" src="https://www.goodreads.com/api/reviews_widget_iframe?did=DEVELOPER_ID&amp;format=html&amp;isbn=0224094157&amp;links=660&amp;min_rating=&amp;review_back=fff&amp;stars=000&amp;text=000" width="565" height="400" frameborder="0"></iframe>
  <div id="gr_footer">
    <a class="gr_branding" target="_blank" rel="nofollow" href="https://www.goodreads.com/book/show/10746542-the-sense-of-an-ending?utm_medium=api&amp;utm_source=reviews_widget">Reviews from Goodreads.com</a>
  </div>
</div>

      ]]>
    </reviews_widget>
  <popular_shelves>
      <shelf name="fiction" count="2568"/>
      <shelf name="to-read" count="1254"/>
      <shelf name="favorites" count="812"/>
      <shelf name="book-club" count="711"/>
      <shelf name="currently-reading" count="433"/>
      <shelf name="literary-fiction" count="314"/>
      <shelf name="contemporary-fiction" count="264"/>
      <shelf name="literature" count="250"/>
      <shelf name="booker-prize" count="239"/>
      <shelf name="british" count="233"/>
      <shelf name="owned" count="225"/>
      <shelf name="novels" count="220"/>
      <shelf name="kindle" count="208"/>
      <shelf name="books-i-own" count="187"/>
      <shelf name="man-booker-prize" count="186"/>
      <shelf name="read-in-2012" count="183"/>
      <shelf name="library" count="178"/>
      <shelf name="man-booker" count="178"/>
      <shelf name="booker" count="150"/>
      <shelf name="bookclub" count="145"/>
      <shelf name="1001-books" count="129"/>
      <shelf name="england" count="126"/>
      <shelf name="read-2012" count="120"/>
      <shelf name="adult-fiction" count="114"/>
      <shelf name="audiobook" count="113"/>
      <shelf name="british-literature" count="111"/>
      <shelf name="read-in-2013" count="110"/>
      <shelf name="favourites" count="110"/>
      <shelf name="english" count="109"/>
      <shelf name="literary" count="109"/>
      <shelf name="ebook" count="108"/>
      <shelf name="novel" count="106"/>
      <shelf name="book-group" count="102"/>
      <shelf name="mystery" count="101"/>
      <shelf name="general-fiction" count="93"/>
      <shelf name="audiobooks" count="92"/>
      <shelf name="audio" count="88"/>
      <shelf name="booker-prize-winners" count="87"/>
      <shelf name="contemporary" count="80"/>
      <shelf name="owned-books" count="80"/>
      <shelf name="adult" count="79"/>
      <shelf name="21st-century" count="74"/>
      <shelf name="1001" count="72"/>
      <shelf name="philosophy" count="69"/>
      <shelf name="relationships" count="68"/>
      <shelf name="memory" count="64"/>
      <shelf name="read-in-2014" count="63"/>
      <shelf name="ebooks" count="60"/>
      <shelf name="book-club-books" count="60"/>
      <shelf name="booker-prize-2011" count="59"/>
      <shelf name="read-2013" count="58"/>
      <shelf name="friendship" count="56"/>
      <shelf name="award-winners" count="55"/>
      <shelf name="drama" count="52"/>
      <shelf name="julian-barnes" count="51"/>
      <shelf name="coming-of-age" count="51"/>
      <shelf name="modern-fiction" count="51"/>
      <shelf name="to-read-fiction" count="50"/>
      <shelf name="wish-list" count="50"/>
      <shelf name="e-book" count="48"/>
      <shelf name="booker-winners" count="46"/>
      <shelf name="read-in-2016" count="45"/>
      <shelf name="read-in-2015" count="45"/>
      <shelf name="english-literature" count="45"/>
      <shelf name="audible" count="45"/>
      <shelf name="read-in-2011" count="44"/>
      <shelf name="suicide" count="44"/>
      <shelf name="award-winner" count="42"/>
      <shelf name="man-booker-prize-winners" count="41"/>
      <shelf name="borrowed" count="37"/>
      <shelf name="1001-books-to-read-before-you-die" count="37"/>
      <shelf name="2012-books" count="37"/>
      <shelf name="read-2016" count="36"/>
      <shelf name="read-2014" count="36"/>
      <shelf name="book-club-reads" count="36"/>
      <shelf name="realistic-fiction" count="36"/>
      <shelf name="my-library" count="36"/>
      <shelf name="novella" count="36"/>
      <shelf name="aging" count="34"/>
      <shelf name="brit-lit" count="34"/>
      <shelf name="read-2011" count="34"/>
      <shelf name="2012-reads" count="33"/>
      <shelf name="reviewed" count="33"/>
      <shelf name="read-in-2017" count="32"/>
      <shelf name="british-lit" count="32"/>
      <shelf name="europe" count="32"/>
      <shelf name="my-books" count="30"/>
      <shelf name="re-read" count="30"/>
      <shelf name="read-in-english" count="30"/>
      <shelf name="british-fiction" count="30"/>
      <shelf name="2010s" count="30"/>
      <shelf name="e-books" count="30"/>
      <shelf name="library-book" count="30"/>
      <shelf name="1001-books-you-must-read-before-you" count="29"/>
      <shelf name="audio-book" count="29"/>
      <shelf name="unreliable-narrator" count="29"/>
      <shelf name="abandoned" count="29"/>
      <shelf name="london" count="28"/>
      <shelf name="audio-books" count="28"/>
      <shelf name="read-2017" count="27"/>
  </popular_shelves>
  <book_links>
    <book_link>
  <id>8</id>
  <name>Libraries</name>
  <link>https://www.goodreads.com/book_link/follow/8</link>
</book_link>

  </book_links>
  <buy_links>
    <buy_link>
<id>1</id>
<name>Amazon</name>
<link>https://www.goodreads.com/book_link/follow/1</link>
</buy_link>
<buy_link>
<id>10</id>
<name>Audible</name>
<link>https://www.goodreads.com/book_link/follow/10</link>
</buy_link>
<buy_link>
<id>3</id>
<name>Barnes &amp; Noble</name>
<link>https://www.goodreads.com/book_link/follow/3</link>
</buy_link>
<buy_link>
<id>1027</id>
<name>Kobo</name>
<link>https://www.goodreads.com/book_link/follow/1027</link>
</buy_link>
<buy_link>
<id>2102</id>
<name>Apple iBooks</name>
<link>https://www.goodreads.com/book_link/follow/2102</link>
</buy_link>
<buy_link>
<id>8036</id>
<name>Google Play</name>
<link>https://www.goodreads.com/book_link/follow/8036</link>
</buy_link>
<buy_link>
<id>4</id>
<name>Abebooks</name>
<link>https://www.goodreads.com/book_link/follow/4</link>
</buy_link>
<buy_link>
<id>882</id>
<name>Book Depository</name>
<link>https://www.goodreads.com/book_link/follow/882</link>
</buy_link>
<buy_link>
<id>9</id>
<name>Indigo</name>
<link>https://www.goodreads.com/book_link/follow/9</link>
</buy_link>
<buy_link>
<id>2</id>
<name>Half.com</name>
<link>https://www.goodreads.com/book_link/follow/2</link>
</buy_link>
<buy_link>
<id>5</id>
<name>Alibris</name>
<link>https://www.goodreads.com/book_link/follow/5</link>
</buy_link>
<buy_link>
<id>107</id>
<name>Better World Books</name>
<link>https://www.goodreads.com/book_link/follow/107</link>
</buy_link>
<buy_link>
<id>7</id>
<name>IndieBound</name>
<link>https://www.goodreads.com/book_link/follow/7</link>
</buy_link>

  </buy_links>
  <series_works>
    
  </series_works>
      <public_document>
        <id>23721</id>
        <document_url>
          https://s3.amazonaws.com/compressed.photo.goodreads.com/documents/1341000093books/13536315.pdf
        </document_url>
      </public_document>
  <similar_books>
          <book>
<id>171833</id>
<title>Saville</title>
<title_without_series>Saville</title_without_series>
<link><![CDATA[https://www.goodreads.com/book/show/171833.Saville]]></link>
<small_image_url><![CDATA[https://images.gr-assets.com/books/1479899303s/171833.jpg]]></small_image_url>
<image_url><![CDATA[https://images.gr-assets.com/books/1479899303m/171833.jpg]]></image_url>
<num_pages>597</num_pages>
<work>
<id>1766634</id>
</work>
<isbn>0380018896</isbn>
<isbn13>9780380018895</isbn13>
<average_rating>3.39</average_rating>
<ratings_count>585</ratings_count>
<publication_year>1978</publication_year>
<publication_month>6</publication_month>
<publication_day>1</publication_day>
<authors>
<author>
<id>100219</id>
<name>David Storey</name>
<link><![CDATA[https://www.goodreads.com/author/show/100219.David_Storey]]></link>
</author>
</authors>
</book>

          <book>
<id>10266875</id>
<title>On Canaan&apos;s Side</title>
<title_without_series>On Canaan&apos;s Side</title_without_series>
<link><![CDATA[https://www.goodreads.com/book/show/10266875-on-canaan-s-side]]></link>
<small_image_url><![CDATA[https://images.gr-assets.com/books/1298269786s/10266875.jpg]]></small_image_url>
<image_url><![CDATA[https://images.gr-assets.com/books/1298269786m/10266875.jpg]]></image_url>
<num_pages>256</num_pages>
<work>
<id>15167306</id>
</work>
<isbn>0571226531</isbn>
<isbn13>9780571226535</isbn13>
<average_rating>3.82</average_rating>
<ratings_count>3909</ratings_count>
<publication_year>2011</publication_year>
<publication_month>8</publication_month>
<publication_day>4</publication_day>
<authors>
<author>
<id>79510</id>
<name>Sebastian Barry</name>
<link><![CDATA[https://www.goodreads.com/author/show/79510.Sebastian_Barry]]></link>
</author>
</authors>
</book>

          <book>
<id>2066739</id>
<title>Holiday</title>
<title_without_series>Holiday</title_without_series>
<link><![CDATA[https://www.goodreads.com/book/show/2066739.Holiday]]></link>
<small_image_url><![CDATA[https://images.gr-assets.com/books/1374712300s/2066739.jpg]]></small_image_url>
<image_url><![CDATA[https://images.gr-assets.com/books/1374712300m/2066739.jpg]]></image_url>
<num_pages>239</num_pages>
<work>
<id>2071966</id>
</work>
<isbn>0907123430</isbn>
<isbn13>9780907123439</isbn13>
<average_rating>3.33</average_rating>
<ratings_count>454</ratings_count>
<publication_year>1999</publication_year>
<publication_month>8</publication_month>
<publication_day>1</publication_day>
<authors>
<author>
<id>59002</id>
<name>Stanley Middleton</name>
<link><![CDATA[https://www.goodreads.com/author/show/59002.Stanley_Middleton]]></link>
</author>
</authors>
</book>

          <book>
<id>366427</id>
<title>The Old Devils</title>
<title_without_series>The Old Devils</title_without_series>
<link><![CDATA[https://www.goodreads.com/book/show/366427.The_Old_Devils]]></link>
<small_image_url><![CDATA[https://images.gr-assets.com/books/1320448230s/366427.jpg]]></small_image_url>
<image_url><![CDATA[https://images.gr-assets.com/books/1320448230m/366427.jpg]]></image_url>
<num_pages>400</num_pages>
<work>
<id>3098660</id>
</work>
<isbn>0099461056</isbn>
<isbn13>9780099461050</isbn13>
<average_rating>3.34</average_rating>
<ratings_count>2334</ratings_count>
<publication_year>2004</publication_year>
<publication_month>1</publication_month>
<publication_day>15</publication_day>
<authors>
<author>
<id>13078</id>
<name>Kingsley Amis</name>
<link><![CDATA[https://www.goodreads.com/author/show/13078.Kingsley_Amis]]></link>
</author>
</authors>
</book>

          <book>
<id>1565490</id>
<title>The Elected Member</title>
<title_without_series>The Elected Member</title_without_series>
<link><![CDATA[https://www.goodreads.com/book/show/1565490.The_Elected_Member]]></link>
<small_image_url><![CDATA[https://images.gr-assets.com/books/1421010229s/1565490.jpg]]></small_image_url>
<image_url><![CDATA[https://images.gr-assets.com/books/1421010229m/1565490.jpg]]></image_url>
<num_pages>240</num_pages>
<work>
<id>1558073</id>
</work>
<isbn>0349130221</isbn>
<isbn13>9780349130224</isbn13>
<average_rating>3.63</average_rating>
<ratings_count>800</ratings_count>
<publication_year>1991</publication_year>
<publication_month>7</publication_month>
<publication_day>1</publication_day>
<authors>
<author>
<id>430857</id>
<name>Bernice Rubens</name>
<link><![CDATA[https://www.goodreads.com/author/show/430857.Bernice_Rubens]]></link>
</author>
</authors>
</book>

          <book>
<id>4449027</id>
<title>Something to Answer For</title>
<title_without_series>Something to Answer For</title_without_series>
<link><![CDATA[https://www.goodreads.com/book/show/4449027-something-to-answer-for]]></link>
<small_image_url><![CDATA[https://s.gr-assets.com/assets/nophoto/book/50x75-a91bf249278a81aabab721ef782c4a74.png]]></small_image_url>
<image_url><![CDATA[https://s.gr-assets.com/assets/nophoto/book/111x148-bcc042a9c91a29c1d680899eff700a03.png]]></image_url>
<num_pages>284</num_pages>
<work>
<id>2876623</id>
</work>
<isbn>0571243258</isbn>
<isbn13>9780571243259</isbn13>
<average_rating>3.14</average_rating>
<ratings_count>387</ratings_count>
<publication_year>2008</publication_year>
<publication_month></publication_month>
<publication_day></publication_day>
<authors>
<author>
<id>1238024</id>
<name>P.H. Newby</name>
<link><![CDATA[https://www.goodreads.com/author/show/1238024.P_H_Newby]]></link>
</author>
</authors>
</book>

          <book>
<id>10187223</id>
<title>There but for the</title>
<title_without_series>There but for the</title_without_series>
<link><![CDATA[https://www.goodreads.com/book/show/10187223-there-but-for-the]]></link>
<small_image_url><![CDATA[https://images.gr-assets.com/books/1327192600s/10187223.jpg]]></small_image_url>
<image_url><![CDATA[https://images.gr-assets.com/books/1327192600m/10187223.jpg]]></image_url>
<num_pages>357</num_pages>
<work>
<id>15086278</id>
</work>
<isbn>0241143403</isbn>
<isbn13>9780241143407</isbn13>
<average_rating>3.38</average_rating>
<ratings_count>5760</ratings_count>
<publication_year>2011</publication_year>
<publication_month>6</publication_month>
<publication_day>2</publication_day>
<authors>
<author>
<id>68992</id>
<name>Ali Smith</name>
<link><![CDATA[https://www.goodreads.com/author/show/68992.Ali_Smith]]></link>
</author>
</authors>
</book>

          <book>
<id>14431</id>
<title><![CDATA[Rites of Passage (To the Ends of the Earth, #1)]]></title>
<title_without_series>Rites of Passage</title_without_series>
<link><![CDATA[https://www.goodreads.com/book/show/14431.Rites_of_Passage]]></link>
<small_image_url><![CDATA[https://images.gr-assets.com/books/1375876979s/14431.jpg]]></small_image_url>
<image_url><![CDATA[https://images.gr-assets.com/books/1375876979m/14431.jpg]]></image_url>
<num_pages>278</num_pages>
<work>
<id>1834097</id>
</work>
<isbn>0571209432</isbn>
<isbn13>9780571209439</isbn13>
<average_rating>3.61</average_rating>
<ratings_count>2639</ratings_count>
<publication_year>2001</publication_year>
<publication_month></publication_month>
<publication_day></publication_day>
<authors>
<author>
<id>306</id>
<name>William Golding</name>
<link><![CDATA[https://www.goodreads.com/author/show/306.William_Golding]]></link>
</author>
</authors>
</book>

          <book>
<id>9593705</id>
<title>Jamrach&apos;s Menagerie</title>
<title_without_series>Jamrach&apos;s Menagerie</title_without_series>
<link><![CDATA[https://www.goodreads.com/book/show/9593705-jamrach-s-menagerie]]></link>
<small_image_url><![CDATA[https://images.gr-assets.com/books/1329352941s/9593705.jpg]]></small_image_url>
<image_url><![CDATA[https://images.gr-assets.com/books/1329352941m/9593705.jpg]]></image_url>
<num_pages>295</num_pages>
<work>
<id>14295225</id>
</work>
<isbn>038553440X</isbn>
<isbn13>9780385534406</isbn13>
<average_rating>3.57</average_rating>
<ratings_count>6483</ratings_count>
<publication_year>2011</publication_year>
<publication_month>6</publication_month>
<publication_day>14</publication_day>
<authors>
<author>
<id>149357</id>
<name>Carol Birch</name>
<link><![CDATA[https://www.goodreads.com/author/show/149357.Carol_Birch]]></link>
</author>
</authors>
</book>

          <book>
<id>7552716</id>
<title>The Stranger&apos;s Child</title>
<title_without_series>The Stranger&apos;s Child</title_without_series>
<link><![CDATA[https://www.goodreads.com/book/show/7552716-the-stranger-s-child]]></link>
<small_image_url><![CDATA[https://images.gr-assets.com/books/1304729778s/7552716.jpg]]></small_image_url>
<image_url><![CDATA[https://images.gr-assets.com/books/1304729778m/7552716.jpg]]></image_url>
<num_pages>564</num_pages>
<work>
<id>9850206</id>
</work>
<isbn>0330483242</isbn>
<isbn13>9780330483247</isbn13>
<average_rating>3.30</average_rating>
<ratings_count>8775</ratings_count>
<publication_year>2011</publication_year>
<publication_month>7</publication_month>
<publication_day>4</publication_day>
<authors>
<author>
<id>15543</id>
<name>Alan Hollinghurst</name>
<link><![CDATA[https://www.goodreads.com/author/show/15543.Alan_Hollinghurst]]></link>
</author>
</authors>
</book>

          <book>
<id>49742</id>
<title>In a Free State</title>
<title_without_series>In a Free State</title_without_series>
<link><![CDATA[https://www.goodreads.com/book/show/49742.In_a_Free_State]]></link>
<small_image_url><![CDATA[https://images.gr-assets.com/books/1328700259s/49742.jpg]]></small_image_url>
<image_url><![CDATA[https://images.gr-assets.com/books/1328700259m/49742.jpg]]></image_url>
<num_pages>247</num_pages>
<work>
<id>832772</id>
</work>
<isbn>1400030552</isbn>
<isbn13>9781400030552</isbn13>
<average_rating>3.49</average_rating>
<ratings_count>2720</ratings_count>
<publication_year>2002</publication_year>
<publication_month>2</publication_month>
<publication_day>12</publication_day>
<authors>
<author>
<id>3989</id>
<name>V.S. Naipaul</name>
<link><![CDATA[https://www.goodreads.com/author/show/3989.V_S_Naipaul]]></link>
</author>
</authors>
</book>

          <book>
<id>89208</id>
<title>How Late it Was, How Late</title>
<title_without_series>How Late it Was, How Late</title_without_series>
<link><![CDATA[https://www.goodreads.com/book/show/89208.How_Late_it_Was_How_Late]]></link>
<small_image_url><![CDATA[https://images.gr-assets.com/books/1358745713s/89208.jpg]]></small_image_url>
<image_url><![CDATA[https://images.gr-assets.com/books/1358745713m/89208.jpg]]></image_url>
<num_pages>384</num_pages>
<work>
<id>1193963</id>
</work>
<isbn>039332799X</isbn>
<isbn13>9780393327991</isbn13>
<average_rating>3.57</average_rating>
<ratings_count>2868</ratings_count>
<publication_year>2005</publication_year>
<publication_month>10</publication_month>
<publication_day>17</publication_day>
<authors>
<author>
<id>51209</id>
<name>James Kelman</name>
<link><![CDATA[https://www.goodreads.com/author/show/51209.James_Kelman]]></link>
</author>
</authors>
</book>

          <book>
<id>14569975</id>
<title>The Lighthouse</title>
<title_without_series>The Lighthouse</title_without_series>
<link><![CDATA[https://www.goodreads.com/book/show/14569975-the-lighthouse]]></link>
<small_image_url><![CDATA[https://images.gr-assets.com/books/1343229153s/14569975.jpg]]></small_image_url>
<image_url><![CDATA[https://images.gr-assets.com/books/1343229153m/14569975.jpg]]></image_url>
<num_pages>184</num_pages>
<work>
<id>20212710</id>
</work>
<isbn>1907773177</isbn>
<isbn13>9781907773174</isbn13>
<average_rating>3.38</average_rating>
<ratings_count>3681</ratings_count>
<publication_year>2012</publication_year>
<publication_month>8</publication_month>
<publication_day>15</publication_day>
<authors>
<author>
<id>597535</id>
<name>Alison Moore</name>
<link><![CDATA[https://www.goodreads.com/author/show/597535.Alison_Moore]]></link>
</author>
</authors>
</book>

          <book>
<id>108615</id>
<title>Offshore</title>
<title_without_series>Offshore</title_without_series>
<link><![CDATA[https://www.goodreads.com/book/show/108615.Offshore]]></link>
<small_image_url><![CDATA[https://s.gr-assets.com/assets/nophoto/book/50x75-a91bf249278a81aabab721ef782c4a74.png]]></small_image_url>
<image_url><![CDATA[https://s.gr-assets.com/assets/nophoto/book/111x148-bcc042a9c91a29c1d680899eff700a03.png]]></image_url>
<num_pages>140</num_pages>
<work>
<id>753048</id>
</work>
<isbn>0006542565</isbn>
<isbn13>9780006542568</isbn13>
<average_rating>3.59</average_rating>
<ratings_count>3326</ratings_count>
<publication_year>2003</publication_year>
<publication_month>9</publication_month>
<publication_day>1</publication_day>
<authors>
<author>
<id>3222</id>
<name>Penelope Fitzgerald</name>
<link><![CDATA[https://www.goodreads.com/author/show/3222.Penelope_Fitzgerald]]></link>
</author>
</authors>
</book>

          <book>
<id>9723661</id>
<title>At Last (Patrick Melrose #5)</title>
<title_without_series>At Last</title_without_series>
<link><![CDATA[https://www.goodreads.com/book/show/9723661-at-last]]></link>
<small_image_url><![CDATA[https://images.gr-assets.com/books/1331354645s/9723661.jpg]]></small_image_url>
<image_url><![CDATA[https://images.gr-assets.com/books/1331354645m/9723661.jpg]]></image_url>
<num_pages>265</num_pages>
<work>
<id>14612469</id>
</work>
<isbn>0330435906</isbn>
<isbn13>9780330435901</isbn13>
<average_rating>3.93</average_rating>
<ratings_count>2687</ratings_count>
<publication_year>2011</publication_year>
<publication_month>5</publication_month>
<publication_day>1</publication_day>
<authors>
<author>
<id>23194</id>
<name>Edward St. Aubyn</name>
<link><![CDATA[https://www.goodreads.com/author/show/23194.Edward_St_Aubyn]]></link>
</author>
</authors>
</book>

          <book>
<id>130028</id>
<title>Moon Tiger</title>
<title_without_series>Moon Tiger</title_without_series>
<link><![CDATA[https://www.goodreads.com/book/show/130028.Moon_Tiger]]></link>
<small_image_url><![CDATA[https://s.gr-assets.com/assets/nophoto/book/50x75-a91bf249278a81aabab721ef782c4a74.png]]></small_image_url>
<image_url><![CDATA[https://s.gr-assets.com/assets/nophoto/book/111x148-bcc042a9c91a29c1d680899eff700a03.png]]></image_url>
<num_pages></num_pages>
<work>
<id>2877263</id>
</work>
<isbn>0802135331</isbn>
<isbn13>9780802135339</isbn13>
<average_rating>3.86</average_rating>
<ratings_count>7429</ratings_count>
<publication_year></publication_year>
<publication_month></publication_month>
<publication_day></publication_day>
<authors>
<author>
<id>9738</id>
<name>Penelope Lively</name>
<link><![CDATA[https://www.goodreads.com/author/show/9738.Penelope_Lively]]></link>
</author>
</authors>
</book>

          <book>
<id>220451</id>
<title>Master Georgie</title>
<title_without_series>Master Georgie</title_without_series>
<link><![CDATA[https://www.goodreads.com/book/show/220451.Master_Georgie]]></link>
<small_image_url><![CDATA[https://s.gr-assets.com/assets/nophoto/book/50x75-a91bf249278a81aabab721ef782c4a74.png]]></small_image_url>
<image_url><![CDATA[https://s.gr-assets.com/assets/nophoto/book/111x148-bcc042a9c91a29c1d680899eff700a03.png]]></image_url>
<num_pages>192</num_pages>
<work>
<id>10948409</id>
</work>
<isbn>078670697X</isbn>
<isbn13>9780786706976</isbn13>
<average_rating>3.50</average_rating>
<ratings_count>1528</ratings_count>
<publication_year>1999</publication_year>
<publication_month>10</publication_month>
<publication_day>15</publication_day>
<authors>
<author>
<id>39738</id>
<name>Beryl Bainbridge</name>
<link><![CDATA[https://www.goodreads.com/author/show/39738.Beryl_Bainbridge]]></link>
</author>
</authors>
</book>

          <book>
<id>9655336</id>
<title>Pigeon English</title>
<title_without_series>Pigeon English</title_without_series>
<link><![CDATA[https://www.goodreads.com/book/show/9655336-pigeon-english]]></link>
<small_image_url><![CDATA[https://images.gr-assets.com/books/1339287549s/9655336.jpg]]></small_image_url>
<image_url><![CDATA[https://images.gr-assets.com/books/1339287549m/9655336.jpg]]></image_url>
<num_pages>263</num_pages>
<work>
<id>14542898</id>
</work>
<isbn>0547500602</isbn>
<isbn13>9780547500607</isbn13>
<average_rating>3.51</average_rating>
<ratings_count>8855</ratings_count>
<publication_year>2011</publication_year>
<publication_month>7</publication_month>
<publication_day>19</publication_day>
<authors>
<author>
<id>4448625</id>
<name>Stephen Kelman</name>
<link><![CDATA[https://www.goodreads.com/author/show/4448625.Stephen_Kelman]]></link>
</author>
</authors>
</book>

  </similar_books>
</book>

</GoodreadsResponse>