<?xml version="1.0" encoding="UTF-8"?>
<GoodreadsResponse>
  <Request>
    <authentication>true</authentication>
      <key><![CDATA[all_men_must_serve]]></key>
    <method><![CDATA[book_show]]></method>
  </Request>
  <book>
  <id>10756240</id>
  <title>Telegraph Avenue</title>
  <isbn><![CDATA[0061493341]]></isbn>
  <isbn13><![CDATA[9780061493348]]></isbn13>
  <asin><![CDATA[]]></asin>
  <kindle_asin><![CDATA[B007H3GTGW]]></kindle_asin>
  <marketplace_id><![CDATA[A1F83G8C2ARO7P]]></marketplace_id>
  <country_code><![CDATA[GB]]></country_code>
  <image_url>https://images.gr-assets.com/books/1335716595m/10756240.jpg</image_url>
  <small_image_url>https://images.gr-assets.com/books/1335716595s/10756240.jpg</small_image_url>
  <publication_year>2012</publication_year>
  <publication_month>9</publication_month>
  <publication_day>11</publication_day>
  <publisher>HarperCollins</publisher>
  <language_code>eng</language_code>
  <is_ebook>false</is_ebook>
  <description><![CDATA[Telegraph Avenue is the great American novel we've been waiting for. Generous, imaginative, funny, moving, thrilling, humane, triumphant, it is Michael Chabon's most dazzling book yet.<br /><br />As the summer of 2004 draws to a close, Archy Stallings and Nat Jaffe are still hanging in there - longtime friends, bandmates, and co-regents of Brokeland Records, a kingdom of used vinyl located in the borderlands of Berkeley and Oakland. Their wives, Gwen Shanks and Aviva Roth-Jaffe, are the Berkeley Birth Partners, two semi-legendary midwives who have welcomed more than a thousand newly minted citizens into the dented utopia at whose heart - half tavern, half temple - stands Brokeland. <br /><br />When ex–NFL quarterback Gibson Goode, the fifth-richest black man in America, announces plans to build his latest Dogpile megastore on a nearby stretch of Telegraph Avenue, Nat and Archy fear it means certain doom for their vulnerable little enterprise. Meanwhile, Aviva and Gwen also find themselves caught up in a battle for their professional existence, one that tests the limits of their friendship. Adding another layer of complication to the couples' already tangled lives is the surprise appearance of Titus Joyner, the teenage son Archy has never acknowledged and the love of fifteen-year-old Julius Jaffe's life. <br /><br />An intimate epic, a NorCal Middlemarch set to the funky beat of classic vinyl soul-jazz and pulsing with a virtuosic, pyrotechnical style all its own, Telegraph Avenue is the great American novel we've been waiting for. Generous, imaginative, funny, moving, thrilling, humane, triumphant, it is Michael Chabon's most dazzling book yet.]]></description>
  <work>
  <id type="integer">15667548</id>
  <books_count type="integer">49</books_count>
  <best_book_id type="integer">10756240</best_book_id>
  <reviews_count type="integer">42739</reviews_count>
  <ratings_sum type="integer">58938</ratings_sum>
  <ratings_count type="integer">17522</ratings_count>
  <text_reviews_count type="integer">2959</text_reviews_count>
  <original_publication_year type="integer">2012</original_publication_year>
  <original_publication_month type="integer">9</original_publication_month>
  <original_publication_day type="integer">11</original_publication_day>
  <original_title>Telegraph Avenue</original_title>
  <original_language_id type="integer" nil="true"/>
  <media_type>book</media_type>
  <rating_dist>5:2461|4:5866|3:5771|2:2432|1:992|total:17522</rating_dist>
  <desc_user_id type="integer">3236194</desc_user_id>
  <default_chaptering_book_id type="integer" nil="true"/>
  <default_description_language_code nil="true"/>
</work>
  <average_rating>3.36</average_rating>
  <num_pages><![CDATA[465]]></num_pages>
  <format><![CDATA[Hardcover]]></format>
  <edition_information><![CDATA[]]></edition_information>
  <ratings_count><![CDATA[15622]]></ratings_count>
  <text_reviews_count><![CDATA[2678]]></text_reviews_count>
  <url><![CDATA[https://www.goodreads.com/book/show/10756240-telegraph-avenue]]></url>
  <link><![CDATA[https://www.goodreads.com/book/show/10756240-telegraph-avenue]]></link>
  <authors>
<author>
<id>2715</id>
<name>Michael Chabon</name>
<role></role>
<image_url nophoto='false'>
<![CDATA[https://images.gr-assets.com/authors/1345835784p5/2715.jpg]]>
</image_url>
<small_image_url nophoto='false'>
<![CDATA[https://images.gr-assets.com/authors/1345835784p2/2715.jpg]]>
</small_image_url>
<link><![CDATA[https://www.goodreads.com/author/show/2715.Michael_Chabon]]></link>
<average_rating>3.89</average_rating>
<ratings_count>370371</ratings_count>
<text_reviews_count>32294</text_reviews_count>
</author>
</authors>

    <reviews_widget>
      <![CDATA[
        <style>
  #goodreads-widget {
    font-family: georgia, serif;
    padding: 18px 0;
    width:565px;
  }
  #goodreads-widget h1 {
    font-weight:normal;
    font-size: 16px;
    border-bottom: 1px solid #BBB596;
    margin-bottom: 0;
  }
  #goodreads-widget a {
    text-decoration: none;
    color:#660;
  }
  iframe{
    background-color: #fff;
  }
  #goodreads-widget a:hover { text-decoration: underline; }
  #goodreads-widget a:active {
    color:#660;
  }
  #gr_footer {
    width: 100%;
    border-top: 1px solid #BBB596;
    text-align: right;
  }
  #goodreads-widget .gr_branding{
    color: #382110;
    font-size: 11px;
    text-decoration: none;
    font-family: "Helvetica Neue", Helvetica, Arial, sans-serif;
  }
</style>
<div id="goodreads-widget">
  <div id="gr_header"><h1><a rel="nofollow" href="https://www.goodreads.com/book/show/10756240-telegraph-avenue">Telegraph Avenue Reviews</a></h1></div>
  <iframe id="the_iframe" src="https://www.goodreads.com/api/reviews_widget_iframe?did=DEVELOPER_ID&amp;format=html&amp;isbn=0061493341&amp;links=660&amp;min_rating=&amp;review_back=fff&amp;stars=000&amp;text=000" width="565" height="400" frameborder="0"></iframe>
  <div id="gr_footer">
    <a class="gr_branding" target="_blank" rel="nofollow" href="https://www.goodreads.com/book/show/10756240-telegraph-avenue?utm_medium=api&amp;utm_source=reviews_widget">Reviews from Goodreads.com</a>
  </div>
</div>

      ]]>
    </reviews_widget>
  <popular_shelves>
      <shelf name="to-read" count="2279"/>
      <shelf name="currently-reading" count="1415"/>
      <shelf name="fiction" count="734"/>
      <shelf name="abandoned" count="111"/>
      <shelf name="book-club" count="86"/>
      <shelf name="music" count="81"/>
      <shelf name="owned" count="67"/>
      <shelf name="contemporary-fiction" count="54"/>
      <shelf name="literary-fiction" count="52"/>
      <shelf name="contemporary" count="50"/>
      <shelf name="kindle" count="48"/>
      <shelf name="books-i-own" count="47"/>
      <shelf name="favorites" count="47"/>
      <shelf name="novels" count="47"/>
      <shelf name="literature" count="46"/>
      <shelf name="didn-t-finish" count="44"/>
      <shelf name="unfinished" count="40"/>
      <shelf name="did-not-finish" count="37"/>
      <shelf name="library" count="35"/>
      <shelf name="lineup-2" count="31"/>
      <shelf name="to-buy" count="31"/>
      <shelf name="adult-fiction" count="30"/>
      <shelf name="ebook" count="30"/>
      <shelf name="audiobook" count="29"/>
      <shelf name="read-in-2012" count="29"/>
      <shelf name="novel" count="29"/>
      <shelf name="audiobooks" count="28"/>
      <shelf name="literary" count="28"/>
      <shelf name="gave-up" count="26"/>
      <shelf name="california" count="26"/>
      <shelf name="read-in-2013" count="25"/>
      <shelf name="general-fiction" count="25"/>
      <shelf name="gave-up-on" count="23"/>
      <shelf name="couldn-t-finish" count="22"/>
      <shelf name="american" count="22"/>
      <shelf name="my-library" count="21"/>
      <shelf name="owned-books" count="21"/>
      <shelf name="bookclub" count="20"/>
      <shelf name="stopped-reading" count="20"/>
      <shelf name="audio" count="18"/>
      <shelf name="to-read-fiction" count="18"/>
      <shelf name="never-finished" count="17"/>
      <shelf name="read-2012" count="16"/>
      <shelf name="adult" count="16"/>
      <shelf name="2017-2" count="15"/>
      <shelf name="wish-list" count="15"/>
      <shelf name="default" count="14"/>
      <shelf name="could-not-finish" count="14"/>
      <shelf name="own-it" count="14"/>
      <shelf name="book-group" count="13"/>
      <shelf name="ebooks" count="13"/>
      <shelf name="michael-chabon" count="13"/>
      <shelf name="read-2013" count="12"/>
      <shelf name="american-lit" count="12"/>
      <shelf name="idle-book-club" count="11"/>
      <shelf name="dnf" count="11"/>
      <shelf name="on-hold" count="11"/>
      <shelf name="e-book" count="11"/>
      <shelf name="21st-century" count="11"/>
      <shelf name="chabon" count="10"/>
      <shelf name="signed" count="10"/>
      <shelf name="nook" count="10"/>
      <shelf name="first-reads" count="10"/>
      <shelf name="fiction-general" count="10"/>
      <shelf name="fiction-to-read" count="10"/>
      <shelf name="berkeley" count="9"/>
      <shelf name="my-books" count="9"/>
      <shelf name="want" count="9"/>
      <shelf name="american-literature" count="9"/>
      <shelf name="favorite-authors" count="9"/>
      <shelf name="want-to-read" count="9"/>
      <shelf name="own-to-read" count="8"/>
      <shelf name="san-francisco" count="8"/>
      <shelf name="listened-to" count="8"/>
      <shelf name="2013-reads" count="8"/>
      <shelf name="historical-fiction" count="8"/>
      <shelf name="borrowed" count="8"/>
      <shelf name="oakland" count="7"/>
      <shelf name="read-2014" count="7"/>
      <shelf name="read-in-2014" count="7"/>
      <shelf name="2010s" count="7"/>
      <shelf name="in-my-library" count="7"/>
      <shelf name="i-own" count="7"/>
      <shelf name="modern-fiction" count="7"/>
      <shelf name="library-book" count="7"/>
      <shelf name="race" count="7"/>
      <shelf name="unread" count="7"/>
      <shelf name="usa" count="7"/>
      <shelf name="arc" count="7"/>
      <shelf name="friendship" count="7"/>
      <shelf name="2012-books" count="7"/>
      <shelf name="booklight-2" count="6"/>
      <shelf name="read-in-2015" count="6"/>
      <shelf name="scanned" count="6"/>
      <shelf name="owned-to-read" count="6"/>
      <shelf name="books" count="6"/>
      <shelf name="john-green-recommends" count="6"/>
      <shelf name="quit" count="6"/>
      <shelf name="recommended" count="6"/>
      <shelf name="african-american" count="6"/>
  </popular_shelves>
  <book_links>
    <book_link>
  <id>8</id>
  <name>Libraries</name>
  <link>https://www.goodreads.com/book_link/follow/8</link>
</book_link>

  </book_links>
  <buy_links>
    <buy_link>
<id>1</id>
<name>Amazon</name>
<link>https://www.goodreads.com/book_link/follow/1</link>
</buy_link>
<buy_link>
<id>10</id>
<name>Audible</name>
<link>https://www.goodreads.com/book_link/follow/10</link>
</buy_link>
<buy_link>
<id>3</id>
<name>Barnes &amp; Noble</name>
<link>https://www.goodreads.com/book_link/follow/3</link>
</buy_link>
<buy_link>
<id>1027</id>
<name>Kobo</name>
<link>https://www.goodreads.com/book_link/follow/1027</link>
</buy_link>
<buy_link>
<id>2102</id>
<name>Apple iBooks</name>
<link>https://www.goodreads.com/book_link/follow/2102</link>
</buy_link>
<buy_link>
<id>8036</id>
<name>Google Play</name>
<link>https://www.goodreads.com/book_link/follow/8036</link>
</buy_link>
<buy_link>
<id>4</id>
<name>Abebooks</name>
<link>https://www.goodreads.com/book_link/follow/4</link>
</buy_link>
<buy_link>
<id>882</id>
<name>Book Depository</name>
<link>https://www.goodreads.com/book_link/follow/882</link>
</buy_link>
<buy_link>
<id>9</id>
<name>Indigo</name>
<link>https://www.goodreads.com/book_link/follow/9</link>
</buy_link>
<buy_link>
<id>2</id>
<name>Half.com</name>
<link>https://www.goodreads.com/book_link/follow/2</link>
</buy_link>
<buy_link>
<id>5</id>
<name>Alibris</name>
<link>https://www.goodreads.com/book_link/follow/5</link>
</buy_link>
<buy_link>
<id>107</id>
<name>Better World Books</name>
<link>https://www.goodreads.com/book_link/follow/107</link>
</buy_link>
<buy_link>
<id>7</id>
<name>IndieBound</name>
<link>https://www.goodreads.com/book_link/follow/7</link>
</buy_link>

  </buy_links>
  <series_works>
    
  </series_works>
  <similar_books>
          <book>
<id>13589156</id>
<title>San Miguel</title>
<title_without_series>San Miguel</title_without_series>
<link><![CDATA[https://www.goodreads.com/book/show/13589156-san-miguel]]></link>
<small_image_url><![CDATA[https://images.gr-assets.com/books/1338488664s/13589156.jpg]]></small_image_url>
<image_url><![CDATA[https://images.gr-assets.com/books/1338488664m/13589156.jpg]]></image_url>
<num_pages>367</num_pages>
<work>
<id>19176649</id>
</work>
<isbn>0670026247</isbn>
<isbn13>9780670026241</isbn13>
<average_rating>3.67</average_rating>
<ratings_count>3493</ratings_count>
<publication_year></publication_year>
<publication_month></publication_month>
<publication_day></publication_day>
<authors>
<author>
<id>1064072</id>
<name>T.C. Boyle</name>
<link><![CDATA[https://www.goodreads.com/author/show/1064072.T_C_Boyle]]></link>
</author>
</authors>
</book>

          <book>
<id>259789</id>
<title>The Blood of the Lamb</title>
<title_without_series>The Blood of the Lamb</title_without_series>
<link><![CDATA[https://www.goodreads.com/book/show/259789.The_Blood_of_the_Lamb]]></link>
<small_image_url><![CDATA[https://s.gr-assets.com/assets/nophoto/book/50x75-a91bf249278a81aabab721ef782c4a74.png]]></small_image_url>
<image_url><![CDATA[https://s.gr-assets.com/assets/nophoto/book/111x148-bcc042a9c91a29c1d680899eff700a03.png]]></image_url>
<num_pages>248</num_pages>
<work>
<id>1622438</id>
</work>
<isbn>0226143880</isbn>
<isbn13>9780226143880</isbn13>
<average_rating>4.01</average_rating>
<ratings_count>939</ratings_count>
<publication_year>2005</publication_year>
<publication_month>6</publication_month>
<publication_day>1</publication_day>
<authors>
<author>
<id>147240</id>
<name>Peter De Vries</name>
<link><![CDATA[https://www.goodreads.com/author/show/147240.Peter_De_Vries]]></link>
</author>
</authors>
</book>

          <book>
<id>14757050</id>
<title>The Heart Broke In</title>
<title_without_series>The Heart Broke In</title_without_series>
<link><![CDATA[https://www.goodreads.com/book/show/14757050-the-heart-broke-in]]></link>
<small_image_url><![CDATA[https://images.gr-assets.com/books/1338598335s/14757050.jpg]]></small_image_url>
<image_url><![CDATA[https://images.gr-assets.com/books/1338598335m/14757050.jpg]]></image_url>
<num_pages>560</num_pages>
<work>
<id>20406189</id>
</work>
<isbn>0857862901</isbn>
<isbn13>9780857862907</isbn13>
<average_rating>3.30</average_rating>
<ratings_count>1069</ratings_count>
<publication_year>2012</publication_year>
<publication_month>8</publication_month>
<publication_day>30</publication_day>
<authors>
<author>
<id>29844</id>
<name>James Meek</name>
<link><![CDATA[https://www.goodreads.com/author/show/29844.James_Meek]]></link>
</author>
</authors>
</book>

          <book>
<id>13722902</id>
<title>A Hologram for the King</title>
<title_without_series>A Hologram for the King</title_without_series>
<link><![CDATA[https://www.goodreads.com/book/show/13722902-a-hologram-for-the-king]]></link>
<small_image_url><![CDATA[https://images.gr-assets.com/books/1337179987s/13722902.jpg]]></small_image_url>
<image_url><![CDATA[https://images.gr-assets.com/books/1337179987m/13722902.jpg]]></image_url>
<num_pages>312</num_pages>
<work>
<id>19355962</id>
</work>
<isbn>193636574X</isbn>
<isbn13>9781936365746</isbn13>
<average_rating>3.29</average_rating>
<ratings_count>22874</ratings_count>
<publication_year>2012</publication_year>
<publication_month>6</publication_month>
<publication_day>19</publication_day>
<authors>
<author>
<id>3371</id>
<name>Dave Eggers</name>
<link><![CDATA[https://www.goodreads.com/author/show/3371.Dave_Eggers]]></link>
</author>
</authors>
</book>

          <book>
<id>17234581</id>
<title>Dissident Gardens</title>
<title_without_series>Dissident Gardens</title_without_series>
<link><![CDATA[https://www.goodreads.com/book/show/17234581-dissident-gardens]]></link>
<small_image_url><![CDATA[https://images.gr-assets.com/books/1387743456s/17234581.jpg]]></small_image_url>
<image_url><![CDATA[https://images.gr-assets.com/books/1387743456m/17234581.jpg]]></image_url>
<num_pages>366</num_pages>
<work>
<id>23752486</id>
</work>
<isbn>0224093959</isbn>
<isbn13>9780224093958</isbn13>
<average_rating>3.26</average_rating>
<ratings_count>3320</ratings_count>
<publication_year>2013</publication_year>
<publication_month>9</publication_month>
<publication_day>5</publication_day>
<authors>
<author>
<id>6404</id>
<name>Jonathan Lethem</name>
<link><![CDATA[https://www.goodreads.com/author/show/6404.Jonathan_Lethem]]></link>
</author>
</authors>
</book>

          <book>
<id>11076138</id>
<title>Gods Without Men</title>
<title_without_series>Gods Without Men</title_without_series>
<link><![CDATA[https://www.goodreads.com/book/show/11076138-gods-without-men]]></link>
<small_image_url><![CDATA[https://images.gr-assets.com/books/1327958941s/11076138.jpg]]></small_image_url>
<image_url><![CDATA[https://images.gr-assets.com/books/1327958941m/11076138.jpg]]></image_url>
<num_pages>383</num_pages>
<work>
<id>15997619</id>
</work>
<isbn>024114311X</isbn>
<isbn13>9780241143117</isbn13>
<average_rating>3.63</average_rating>
<ratings_count>3148</ratings_count>
<publication_year>2011</publication_year>
<publication_month>8</publication_month>
<publication_day>4</publication_day>
<authors>
<author>
<id>66252</id>
<name>Hari Kunzru</name>
<link><![CDATA[https://www.goodreads.com/author/show/66252.Hari_Kunzru]]></link>
</author>
</authors>
</book>

          <book>
<id>13513073</id>
<title>Fobbit</title>
<title_without_series>Fobbit</title_without_series>
<link><![CDATA[https://www.goodreads.com/book/show/13513073-fobbit]]></link>
<small_image_url><![CDATA[https://images.gr-assets.com/books/1336312974s/13513073.jpg]]></small_image_url>
<image_url><![CDATA[https://images.gr-assets.com/books/1336312974m/13513073.jpg]]></image_url>
<num_pages>384</num_pages>
<work>
<id>19068280</id>
</work>
<isbn>0802120326</isbn>
<isbn13>9780802120328</isbn13>
<average_rating>3.46</average_rating>
<ratings_count>1574</ratings_count>
<publication_year>2012</publication_year>
<publication_month>9</publication_month>
<publication_day>4</publication_day>
<authors>
<author>
<id>140308</id>
<name>David Abrams</name>
<link><![CDATA[https://www.goodreads.com/author/show/140308.David_Abrams]]></link>
</author>
</authors>
</book>

          <book>
<id>13537891</id>
<title>NW</title>
<title_without_series>NW</title_without_series>
<link><![CDATA[https://www.goodreads.com/book/show/13537891-nw]]></link>
<small_image_url><![CDATA[https://images.gr-assets.com/books/1492591246s/13537891.jpg]]></small_image_url>
<image_url><![CDATA[https://images.gr-assets.com/books/1492591246m/13537891.jpg]]></image_url>
<num_pages>296</num_pages>
<work>
<id>18625843</id>
</work>
<isbn>0241144140</isbn>
<isbn13>9780241144145</isbn13>
<average_rating>3.41</average_rating>
<ratings_count>23951</ratings_count>
<publication_year>2012</publication_year>
<publication_month>9</publication_month>
<publication_day>4</publication_day>
<authors>
<author>
<id>2522</id>
<name>Zadie Smith</name>
<link><![CDATA[https://www.goodreads.com/author/show/2522.Zadie_Smith]]></link>
</author>
</authors>
</book>

          <book>
<id>12233866</id>
<title><![CDATA[What We Talk About When We Talk About Anne Frank]]></title>
<title_without_series><![CDATA[What We Talk About When We Talk About Anne Frank]]></title_without_series>
<link><![CDATA[https://www.goodreads.com/book/show/12233866-what-we-talk-about-when-we-talk-about-anne-frank]]></link>
<small_image_url><![CDATA[https://images.gr-assets.com/books/1333577294s/12233866.jpg]]></small_image_url>
<image_url><![CDATA[https://images.gr-assets.com/books/1333577294m/12233866.jpg]]></image_url>
<num_pages>207</num_pages>
<work>
<id>17207709</id>
</work>
<isbn>0307958701</isbn>
<isbn13>9780307958709</isbn13>
<average_rating>3.73</average_rating>
<ratings_count>6244</ratings_count>
<publication_year>2012</publication_year>
<publication_month>2</publication_month>
<publication_day>7</publication_day>
<authors>
<author>
<id>16797</id>
<name>Nathan Englander</name>
<link><![CDATA[https://www.goodreads.com/author/show/16797.Nathan_Englander]]></link>
</author>
</authors>
</book>

          <book>
<id>13155843</id>
<title>Lionel Asbo: State of England</title>
<title_without_series>Lionel Asbo: State of England</title_without_series>
<link><![CDATA[https://www.goodreads.com/book/show/13155843-lionel-asbo]]></link>
<small_image_url><![CDATA[https://images.gr-assets.com/books/1335405188s/13155843.jpg]]></small_image_url>
<image_url><![CDATA[https://images.gr-assets.com/books/1335405188m/13155843.jpg]]></image_url>
<num_pages>255</num_pages>
<work>
<id>16258714</id>
</work>
<isbn>0307958086</isbn>
<isbn13>9780307958082</isbn13>
<average_rating>3.32</average_rating>
<ratings_count>3507</ratings_count>
<publication_year>2012</publication_year>
<publication_month>8</publication_month>
<publication_day>21</publication_day>
<authors>
<author>
<id>11337</id>
<name>Martin Amis</name>
<link><![CDATA[https://www.goodreads.com/author/show/11337.Martin_Amis]]></link>
</author>
</authors>
</book>

          <book>
<id>17573689</id>
<title>Magnificence</title>
<title_without_series>Magnificence</title_without_series>
<link><![CDATA[https://www.goodreads.com/book/show/17573689-magnificence]]></link>
<small_image_url><![CDATA[https://images.gr-assets.com/books/1372049679s/17573689.jpg]]></small_image_url>
<image_url><![CDATA[https://images.gr-assets.com/books/1372049679m/17573689.jpg]]></image_url>
<num_pages>272</num_pages>
<work>
<id>19242837</id>
</work>
<isbn>0393346854</isbn>
<isbn13>9780393346855</isbn13>
<average_rating>3.37</average_rating>
<ratings_count>693</ratings_count>
<publication_year>2013</publication_year>
<publication_month>11</publication_month>
<publication_day>11</publication_day>
<authors>
<author>
<id>8523</id>
<name>Lydia Millet</name>
<link><![CDATA[https://www.goodreads.com/author/show/8523.Lydia_Millet]]></link>
</author>
</authors>
</book>

          <book>
<id>28805</id>
<title><![CDATA[Ballad of the Whiskey Robber: A True Story of Bank Heists, Ice Hockey, Transylvanian Pelt Smuggling, Moonlighting Detectives, and Broken Hearts]]></title>
<title_without_series><![CDATA[Ballad of the Whiskey Robber: A True Story of Bank Heists, Ice Hockey, Transylvanian Pelt Smuggling, Moonlighting Detectives, and Broken Hearts]]></title_without_series>
<link><![CDATA[https://www.goodreads.com/book/show/28805.Ballad_of_the_Whiskey_Robber]]></link>
<small_image_url><![CDATA[https://s.gr-assets.com/assets/nophoto/book/50x75-a91bf249278a81aabab721ef782c4a74.png]]></small_image_url>
<image_url><![CDATA[https://s.gr-assets.com/assets/nophoto/book/111x148-bcc042a9c91a29c1d680899eff700a03.png]]></image_url>
<num_pages></num_pages>
<work>
<id>953039</id>
</work>
<isbn>0316010731</isbn>
<isbn13>9780316010733</isbn13>
<average_rating>4.03</average_rating>
<ratings_count>2845</ratings_count>
<publication_year></publication_year>
<publication_month></publication_month>
<publication_day></publication_day>
<authors>
<author>
<id>16149</id>
<name>Julian Rubinstein</name>
<link><![CDATA[https://www.goodreads.com/author/show/16149.Julian_Rubinstein]]></link>
</author>
</authors>
</book>

          <book>
<id>12510833</id>
<title>By Blood</title>
<title_without_series>By Blood</title_without_series>
<link><![CDATA[https://www.goodreads.com/book/show/12510833-by-blood]]></link>
<small_image_url><![CDATA[https://s.gr-assets.com/assets/nophoto/book/50x75-a91bf249278a81aabab721ef782c4a74.png]]></small_image_url>
<image_url><![CDATA[https://s.gr-assets.com/assets/nophoto/book/111x148-bcc042a9c91a29c1d680899eff700a03.png]]></image_url>
<num_pages>378</num_pages>
<work>
<id>17496576</id>
</work>
<isbn>0374117551</isbn>
<isbn13>9780374117559</isbn13>
<average_rating>3.57</average_rating>
<ratings_count>2415</ratings_count>
<publication_year>2012</publication_year>
<publication_month>2</publication_month>
<publication_day>28</publication_day>
<authors>
<author>
<id>80270</id>
<name>Ellen Ullman</name>
<link><![CDATA[https://www.goodreads.com/author/show/80270.Ellen_Ullman]]></link>
</author>
</authors>
</book>

          <book>
<id>12377445</id>
<title>Hope: A Tragedy</title>
<title_without_series>Hope: A Tragedy</title_without_series>
<link><![CDATA[https://www.goodreads.com/book/show/12377445-hope]]></link>
<small_image_url><![CDATA[https://images.gr-assets.com/books/1315946301s/12377445.jpg]]></small_image_url>
<image_url><![CDATA[https://images.gr-assets.com/books/1315946301m/12377445.jpg]]></image_url>
<num_pages>292</num_pages>
<work>
<id>17357956</id>
</work>
<isbn>159448838X</isbn>
<isbn13>9781594488382</isbn13>
<average_rating>3.42</average_rating>
<ratings_count>4058</ratings_count>
<publication_year>2012</publication_year>
<publication_month>1</publication_month>
<publication_day>12</publication_day>
<authors>
<author>
<id>28595</id>
<name>Shalom Auslander</name>
<link><![CDATA[https://www.goodreads.com/author/show/28595.Shalom_Auslander]]></link>
</author>
</authors>
</book>

          <book>
<id>13573235</id>
<title>Building Stories</title>
<title_without_series>Building Stories</title_without_series>
<link><![CDATA[https://www.goodreads.com/book/show/13573235-building-stories]]></link>
<small_image_url><![CDATA[https://images.gr-assets.com/books/1336846329s/13573235.jpg]]></small_image_url>
<image_url><![CDATA[https://images.gr-assets.com/books/1336846329m/13573235.jpg]]></image_url>
<num_pages>260</num_pages>
<work>
<id>19154202</id>
</work>
<isbn>0375424334</isbn>
<isbn13>9780375424335</isbn13>
<average_rating>4.28</average_rating>
<ratings_count>5420</ratings_count>
<publication_year>2012</publication_year>
<publication_month>10</publication_month>
<publication_day>2</publication_day>
<authors>
<author>
<id>5112</id>
<name>Chris Ware</name>
<link><![CDATA[https://www.goodreads.com/author/show/5112.Chris_Ware]]></link>
</author>
</authors>
</book>

          <book>
<id>13531832</id>
<title>Vampires in the Lemon Grove</title>
<title_without_series>Vampires in the Lemon Grove</title_without_series>
<link><![CDATA[https://www.goodreads.com/book/show/13531832-vampires-in-the-lemon-grove]]></link>
<small_image_url><![CDATA[https://images.gr-assets.com/books/1362466523s/13531832.jpg]]></small_image_url>
<image_url><![CDATA[https://images.gr-assets.com/books/1362466523m/13531832.jpg]]></image_url>
<num_pages>243</num_pages>
<work>
<id>19093507</id>
</work>
<isbn>0307957233</isbn>
<isbn13>9780307957238</isbn13>
<average_rating>3.67</average_rating>
<ratings_count>15807</ratings_count>
<publication_year>2013</publication_year>
<publication_month>2</publication_month>
<publication_day>12</publication_day>
<authors>
<author>
<id>26417</id>
<name>Karen Russell</name>
<link><![CDATA[https://www.goodreads.com/author/show/26417.Karen_Russell]]></link>
</author>
</authors>
</book>

          <book>
<id>13395627</id>
<title>The Yips</title>
<title_without_series>The Yips</title_without_series>
<link><![CDATA[https://www.goodreads.com/book/show/13395627-the-yips]]></link>
<small_image_url><![CDATA[https://images.gr-assets.com/books/1329779080s/13395627.jpg]]></small_image_url>
<image_url><![CDATA[https://images.gr-assets.com/books/1329779080m/13395627.jpg]]></image_url>
<num_pages>550</num_pages>
<work>
<id>18627012</id>
</work>
<isbn>0007476655</isbn>
<isbn13>9780007476657</isbn13>
<average_rating>3.10</average_rating>
<ratings_count>554</ratings_count>
<publication_year>2012</publication_year>
<publication_month>7</publication_month>
<publication_day>19</publication_day>
<authors>
<author>
<id>7374</id>
<name>Nicola Barker</name>
<link><![CDATA[https://www.goodreads.com/author/show/7374.Nicola_Barker]]></link>
</author>
</authors>
</book>

          <book>
<id>13325079</id>
<title><![CDATA[Billy Lynn's Long Halftime Walk]]></title>
<title_without_series><![CDATA[Billy Lynn's Long Halftime Walk]]></title_without_series>
<link><![CDATA[https://www.goodreads.com/book/show/13325079-billy-lynn-s-long-halftime-walk]]></link>
<small_image_url><![CDATA[https://images.gr-assets.com/books/1336052759s/13325079.jpg]]></small_image_url>
<image_url><![CDATA[https://images.gr-assets.com/books/1336052759m/13325079.jpg]]></image_url>
<num_pages>307</num_pages>
<work>
<id>18531984</id>
</work>
<isbn>0060885599</isbn>
<isbn13>9780060885595</isbn13>
<average_rating>3.81</average_rating>
<ratings_count>24336</ratings_count>
<publication_year>2012</publication_year>
<publication_month>5</publication_month>
<publication_day>1</publication_day>
<authors>
<author>
<id>7079</id>
<name>Ben Fountain</name>
<link><![CDATA[https://www.goodreads.com/author/show/7079.Ben_Fountain]]></link>
</author>
</authors>
</book>

  </similar_books>
</book>

</GoodreadsResponse>