<?xml version="1.0" encoding="UTF-8"?>
<GoodreadsResponse>
  <Request>
    <authentication>true</authentication>
      <key><![CDATA[all_men_must_serve]]></key>
    <method><![CDATA[book_show]]></method>
  </Request>
  <book>
  <id>10757771</id>
  <title>Shut Out</title>
  <isbn><![CDATA[0316175560]]></isbn>
  <isbn13><![CDATA[9780316175562]]></isbn13>
  <asin><![CDATA[]]></asin>
  <kindle_asin><![CDATA[B008Y15GO2]]></kindle_asin>
  <marketplace_id><![CDATA[A1F83G8C2ARO7P]]></marketplace_id>
  <country_code><![CDATA[GB]]></country_code>
  <image_url>https://images.gr-assets.com/books/1327918078m/10757771.jpg</image_url>
  <small_image_url>https://images.gr-assets.com/books/1327918078s/10757771.jpg</small_image_url>
  <publication_year>2011</publication_year>
  <publication_month>9</publication_month>
  <publication_day>5</publication_day>
  <publisher>Poppy</publisher>
  <language_code>en-US</language_code>
  <is_ebook>false</is_ebook>
  <description><![CDATA[Most high school sports teams have rivalries with other schools. At Hamilton High, it's a civil war: the football team versus the soccer team. And for her part, Lissa is sick of it. Her quarterback boyfriend, Randy, is always ditching her to go pick a fight with the soccer team or to prank their locker room. And on three separate occasions Randy's car has been egged while he and Lissa were inside, making out. She is done competing with a bunch of sweaty boys for her own boyfriend's attention.<br /><br />Lissa decides to end the rivalry once and for all: She and the other players' girlfriends go on a hookup strike. The boys won't get any action from them until the football and soccer teams make peace. What they don't count on is a new sort of rivalry: an impossible girls-against-boys showdown that hinges on who will cave to their libidos first. And Lissa never sees her own sexual tension with the leader of the boys, Cash Sterling, coming.]]></description>
  <work>
  <id type="integer">14816042</id>
  <books_count type="integer">19</books_count>
  <best_book_id type="integer">10757771</best_book_id>
  <reviews_count type="integer">46584</reviews_count>
  <ratings_sum type="integer">92388</ratings_sum>
  <ratings_count type="integer">24597</ratings_count>
  <text_reviews_count type="integer">1737</text_reviews_count>
  <original_publication_year type="integer">2011</original_publication_year>
  <original_publication_month type="integer">9</original_publication_month>
  <original_publication_day type="integer">5</original_publication_day>
  <original_title>Shut Out</original_title>
  <original_language_id type="integer" nil="true"/>
  <media_type>book</media_type>
  <rating_dist>5:6892|4:8112|3:6909|2:2069|1:615|total:24597</rating_dist>
  <desc_user_id type="integer">19268890</desc_user_id>
  <default_chaptering_book_id type="integer" nil="true"/>
  <default_description_language_code nil="true"/>
</work>
  <average_rating>3.76</average_rating>
  <num_pages><![CDATA[273]]></num_pages>
  <format><![CDATA[]]></format>
  <edition_information><![CDATA[]]></edition_information>
  <ratings_count><![CDATA[23729]]></ratings_count>
  <text_reviews_count><![CDATA[1585]]></text_reviews_count>
  <url><![CDATA[https://www.goodreads.com/book/show/10757771-shut-out]]></url>
  <link><![CDATA[https://www.goodreads.com/book/show/10757771-shut-out]]></link>
  <authors>
<author>
<id>3095919</id>
<name>Kody Keplinger</name>
<role></role>
<image_url nophoto='false'>
<![CDATA[https://images.gr-assets.com/authors/1260080297p5/3095919.jpg]]>
</image_url>
<small_image_url nophoto='false'>
<![CDATA[https://images.gr-assets.com/authors/1260080297p2/3095919.jpg]]>
</small_image_url>
<link><![CDATA[https://www.goodreads.com/author/show/3095919.Kody_Keplinger]]></link>
<average_rating>3.84</average_rating>
<ratings_count>199210</ratings_count>
<text_reviews_count>15836</text_reviews_count>
</author>
</authors>

    <reviews_widget>
      <![CDATA[
        <style>
  #goodreads-widget {
    font-family: georgia, serif;
    padding: 18px 0;
    width:565px;
  }
  #goodreads-widget h1 {
    font-weight:normal;
    font-size: 16px;
    border-bottom: 1px solid #BBB596;
    margin-bottom: 0;
  }
  #goodreads-widget a {
    text-decoration: none;
    color:#660;
  }
  iframe{
    background-color: #fff;
  }
  #goodreads-widget a:hover { text-decoration: underline; }
  #goodreads-widget a:active {
    color:#660;
  }
  #gr_footer {
    width: 100%;
    border-top: 1px solid #BBB596;
    text-align: right;
  }
  #goodreads-widget .gr_branding{
    color: #382110;
    font-size: 11px;
    text-decoration: none;
    font-family: "Helvetica Neue", Helvetica, Arial, sans-serif;
  }
</style>
<div id="goodreads-widget">
  <div id="gr_header"><h1><a rel="nofollow" href="https://www.goodreads.com/book/show/10757771-shut-out">Shut Out Reviews</a></h1></div>
  <iframe id="the_iframe" src="https://www.goodreads.com/api/reviews_widget_iframe?did=DEVELOPER_ID&amp;format=html&amp;isbn=0316175560&amp;links=660&amp;min_rating=&amp;review_back=fff&amp;stars=000&amp;text=000" width="565" height="400" frameborder="0"></iframe>
  <div id="gr_footer">
    <a class="gr_branding" target="_blank" rel="nofollow" href="https://www.goodreads.com/book/show/10757771-shut-out?utm_medium=api&amp;utm_source=reviews_widget">Reviews from Goodreads.com</a>
  </div>
</div>

      ]]>
    </reviews_widget>
  <popular_shelves>
      <shelf name="to-read" count="19368"/>
      <shelf name="young-adult" count="602"/>
      <shelf name="contemporary" count="380"/>
      <shelf name="romance" count="362"/>
      <shelf name="ya" count="321"/>
      <shelf name="favorites" count="266"/>
      <shelf name="currently-reading" count="216"/>
      <shelf name="books-i-own" count="145"/>
      <shelf name="chick-lit" count="137"/>
      <shelf name="sports" count="116"/>
      <shelf name="high-school" count="91"/>
      <shelf name="realistic-fiction" count="74"/>
      <shelf name="stand-alone" count="64"/>
      <shelf name="fiction" count="48"/>
      <shelf name="ya-contemporary" count="47"/>
      <shelf name="ebook" count="46"/>
      <shelf name="contemporary-romance" count="46"/>
      <shelf name="ebooks" count="44"/>
      <shelf name="teen" count="43"/>
      <shelf name="read-in-2012" count="42"/>
      <shelf name="read-in-2011" count="40"/>
      <shelf name="owned" count="36"/>
      <shelf name="to-buy" count="35"/>
      <shelf name="read-in-2015" count="31"/>
      <shelf name="kindle" count="31"/>
      <shelf name="ya-romance" count="31"/>
      <shelf name="maybe" count="31"/>
      <shelf name="favourites" count="29"/>
      <shelf name="library" count="29"/>
      <shelf name="read-in-english" count="28"/>
      <shelf name="arc" count="27"/>
      <shelf name="wish-list" count="26"/>
      <shelf name="e-book" count="25"/>
      <shelf name="reviewed" count="25"/>
      <shelf name="owned-books" count="24"/>
      <shelf name="love-triangle" count="24"/>
      <shelf name="ya-fiction" count="24"/>
      <shelf name="teen-romance" count="23"/>
      <shelf name="cute" count="23"/>
      <shelf name="read-in-2013" count="22"/>
      <shelf name="stand-alones" count="22"/>
      <shelf name="contemporary-ya" count="22"/>
      <shelf name="read-2012" count="21"/>
      <shelf name="sports-romance" count="21"/>
      <shelf name="i-own" count="21"/>
      <shelf name="english" count="20"/>
      <shelf name="standalone" count="19"/>
      <shelf name="friendship" count="19"/>
      <shelf name="kody-keplinger" count="18"/>
      <shelf name="funny" count="18"/>
      <shelf name="meh" count="18"/>
      <shelf name="retellings" count="17"/>
      <shelf name="e-books" count="17"/>
      <shelf name="realistic" count="17"/>
      <shelf name="read-in-2014" count="16"/>
      <shelf name="love" count="16"/>
      <shelf name="read-2015" count="15"/>
      <shelf name="dnf" count="15"/>
      <shelf name="new-adult" count="15"/>
      <shelf name="high-school-romance" count="15"/>
      <shelf name="ya-books" count="15"/>
      <shelf name="2012-reads" count="15"/>
      <shelf name="sex" count="15"/>
      <shelf name="retelling" count="15"/>
      <shelf name="read-in-2016" count="14"/>
      <shelf name="read-2013" count="14"/>
      <shelf name="drama" count="14"/>
      <shelf name="4-stars" count="14"/>
      <shelf name="3-stars" count="14"/>
      <shelf name="on-my-shelf" count="14"/>
      <shelf name="young-adult-romance" count="13"/>
      <shelf name="read-2011" count="13"/>
      <shelf name="feminism" count="13"/>
      <shelf name="want-to-read" count="13"/>
      <shelf name="in-english" count="13"/>
      <shelf name="my-books" count="12"/>
      <shelf name="sport" count="12"/>
      <shelf name="favorite-books" count="12"/>
      <shelf name="audiobooks" count="12"/>
      <shelf name="standalones" count="11"/>
      <shelf name="books" count="11"/>
      <shelf name="coming-of-age" count="11"/>
      <shelf name="summer-reads" count="11"/>
      <shelf name="did-not-finish" count="11"/>
      <shelf name="2016-reads" count="10"/>
      <shelf name="2015-reads" count="10"/>
      <shelf name="2014-reads" count="10"/>
      <shelf name="2013-reads" count="10"/>
      <shelf name="love-hate" count="10"/>
      <shelf name="audio" count="10"/>
      <shelf name="2011-reads" count="10"/>
      <shelf name="kindle-books" count="10"/>
      <shelf name="contemporary-fiction" count="10"/>
      <shelf name="chicklit" count="10"/>
      <shelf name="teen-fiction" count="10"/>
      <shelf name="2011-releases" count="10"/>
      <shelf name="finished" count="9"/>
      <shelf name="loved" count="9"/>
      <shelf name="highschool" count="9"/>
      <shelf name="humor" count="9"/>
  </popular_shelves>
  <book_links>
    <book_link>
  <id>8</id>
  <name>Libraries</name>
  <link>https://www.goodreads.com/book_link/follow/8</link>
</book_link>

  </book_links>
  <buy_links>
    <buy_link>
<id>1</id>
<name>Amazon</name>
<link>https://www.goodreads.com/book_link/follow/1</link>
</buy_link>
<buy_link>
<id>10</id>
<name>Audible</name>
<link>https://www.goodreads.com/book_link/follow/10</link>
</buy_link>
<buy_link>
<id>3</id>
<name>Barnes &amp; Noble</name>
<link>https://www.goodreads.com/book_link/follow/3</link>
</buy_link>
<buy_link>
<id>1027</id>
<name>Kobo</name>
<link>https://www.goodreads.com/book_link/follow/1027</link>
</buy_link>
<buy_link>
<id>2102</id>
<name>Apple iBooks</name>
<link>https://www.goodreads.com/book_link/follow/2102</link>
</buy_link>
<buy_link>
<id>8036</id>
<name>Google Play</name>
<link>https://www.goodreads.com/book_link/follow/8036</link>
</buy_link>
<buy_link>
<id>4</id>
<name>Abebooks</name>
<link>https://www.goodreads.com/book_link/follow/4</link>
</buy_link>
<buy_link>
<id>882</id>
<name>Book Depository</name>
<link>https://www.goodreads.com/book_link/follow/882</link>
</buy_link>
<buy_link>
<id>9</id>
<name>Indigo</name>
<link>https://www.goodreads.com/book_link/follow/9</link>
</buy_link>
<buy_link>
<id>2</id>
<name>Half.com</name>
<link>https://www.goodreads.com/book_link/follow/2</link>
</buy_link>
<buy_link>
<id>5</id>
<name>Alibris</name>
<link>https://www.goodreads.com/book_link/follow/5</link>
</buy_link>
<buy_link>
<id>107</id>
<name>Better World Books</name>
<link>https://www.goodreads.com/book_link/follow/107</link>
</buy_link>
<buy_link>
<id>7</id>
<name>IndieBound</name>
<link>https://www.goodreads.com/book_link/follow/7</link>
</buy_link>

  </buy_links>
  <series_works>
    
  </series_works>
  <similar_books>
          <book>
<id>7664735</id>
<title>Flawless</title>
<title_without_series>Flawless</title_without_series>
<link><![CDATA[https://www.goodreads.com/book/show/7664735-flawless]]></link>
<small_image_url><![CDATA[https://images.gr-assets.com/books/1288762080s/7664735.jpg]]></small_image_url>
<image_url><![CDATA[https://images.gr-assets.com/books/1288762080m/7664735.jpg]]></image_url>
<num_pages>255</num_pages>
<work>
<id>10263666</id>
</work>
<isbn></isbn>
<isbn13></isbn13>
<average_rating>3.75</average_rating>
<ratings_count>2380</ratings_count>
<publication_year>2011</publication_year>
<publication_month>5</publication_month>
<publication_day>10</publication_day>
<authors>
<author>
<id>3351599</id>
<name>Lara Chapman</name>
<link><![CDATA[https://www.goodreads.com/author/show/3351599.Lara_Chapman]]></link>
</author>
</authors>
</book>

          <book>
<id>7880506</id>
<title>My Life Undecided</title>
<title_without_series>My Life Undecided</title_without_series>
<link><![CDATA[https://www.goodreads.com/book/show/7880506-my-life-undecided]]></link>
<small_image_url><![CDATA[https://images.gr-assets.com/books/1311978055s/7880506.jpg]]></small_image_url>
<image_url><![CDATA[https://images.gr-assets.com/books/1311978055m/7880506.jpg]]></image_url>
<num_pages>320</num_pages>
<work>
<id>11079229</id>
</work>
<isbn>0374399050</isbn>
<isbn13>9780374399054</isbn13>
<average_rating>3.76</average_rating>
<ratings_count>2239</ratings_count>
<publication_year>2011</publication_year>
<publication_month>6</publication_month>
<publication_day>7</publication_day>
<authors>
<author>
<id>1164465</id>
<name>Jessica Brody</name>
<link><![CDATA[https://www.goodreads.com/author/show/1164465.Jessica_Brody]]></link>
</author>
</authors>
</book>

          <book>
<id>8101452</id>
<title>Babe in Boyland</title>
<title_without_series>Babe in Boyland</title_without_series>
<link><![CDATA[https://www.goodreads.com/book/show/8101452-babe-in-boyland]]></link>
<small_image_url><![CDATA[https://images.gr-assets.com/books/1311281984s/8101452.jpg]]></small_image_url>
<image_url><![CDATA[https://images.gr-assets.com/books/1311281984m/8101452.jpg]]></image_url>
<num_pages>292</num_pages>
<work>
<id>12878392</id>
</work>
<isbn>0803732740</isbn>
<isbn13>9780803732742</isbn13>
<average_rating>3.69</average_rating>
<ratings_count>9792</ratings_count>
<publication_year>2011</publication_year>
<publication_month>2</publication_month>
<publication_day>17</publication_day>
<authors>
<author>
<id>194256</id>
<name>Jody Gehrman</name>
<link><![CDATA[https://www.goodreads.com/author/show/194256.Jody_Gehrman]]></link>
</author>
</authors>
</book>

          <book>
<id>1287871</id>
<title><![CDATA[The Boyfriend Game (First Kisses, #5)]]></title>
<title_without_series>The Boyfriend Game</title_without_series>
<link><![CDATA[https://www.goodreads.com/book/show/1287871.The_Boyfriend_Game]]></link>
<small_image_url><![CDATA[https://s.gr-assets.com/assets/nophoto/book/50x75-a91bf249278a81aabab721ef782c4a74.png]]></small_image_url>
<image_url><![CDATA[https://s.gr-assets.com/assets/nophoto/book/111x148-bcc042a9c91a29c1d680899eff700a03.png]]></image_url>
<num_pages>157</num_pages>
<work>
<id>1276951</id>
</work>
<isbn>0061143103</isbn>
<isbn13>9780061143106</isbn13>
<average_rating>3.85</average_rating>
<ratings_count>3815</ratings_count>
<publication_year>2009</publication_year>
<publication_month>3</publication_month>
<publication_day>1</publication_day>
<authors>
<author>
<id>61179</id>
<name>Stephie Davis</name>
<link><![CDATA[https://www.goodreads.com/author/show/61179.Stephie_Davis]]></link>
</author>
</authors>
</book>

          <book>
<id>10637697</id>
<title>Past Perfect</title>
<title_without_series>Past Perfect</title_without_series>
<link><![CDATA[https://www.goodreads.com/book/show/10637697-past-perfect]]></link>
<small_image_url><![CDATA[https://images.gr-assets.com/books/1303087619s/10637697.jpg]]></small_image_url>
<image_url><![CDATA[https://images.gr-assets.com/books/1303087619m/10637697.jpg]]></image_url>
<num_pages>306</num_pages>
<work>
<id>15546389</id>
</work>
<isbn>1442406828</isbn>
<isbn13>9781442406827</isbn13>
<average_rating>3.68</average_rating>
<ratings_count>5652</ratings_count>
<publication_year>2011</publication_year>
<publication_month>10</publication_month>
<publication_day>4</publication_day>
<authors>
<author>
<id>3390621</id>
<name>Leila Sales</name>
<link><![CDATA[https://www.goodreads.com/author/show/3390621.Leila_Sales]]></link>
</author>
</authors>
</book>

          <book>
<id>7362638</id>
<title>Amplified (Amplified, #1)</title>
<title_without_series>Amplified</title_without_series>
<link><![CDATA[https://www.goodreads.com/book/show/7362638-amplified]]></link>
<small_image_url><![CDATA[https://images.gr-assets.com/books/1317793809s/7362638.jpg]]></small_image_url>
<image_url><![CDATA[https://images.gr-assets.com/books/1317793809m/7362638.jpg]]></image_url>
<num_pages>293</num_pages>
<work>
<id>9154668</id>
</work>
<isbn>080509296X</isbn>
<isbn13>9780805092967</isbn13>
<average_rating>3.72</average_rating>
<ratings_count>5303</ratings_count>
<publication_year>2011</publication_year>
<publication_month>10</publication_month>
<publication_day>25</publication_day>
<authors>
<author>
<id>2924010</id>
<name>Tara Kelly</name>
<link><![CDATA[https://www.goodreads.com/author/show/2924010.Tara_Kelly]]></link>
</author>
</authors>
</book>

          <book>
<id>12551077</id>
<title>Stealing Parker</title>
<title_without_series>Stealing Parker</title_without_series>
<link><![CDATA[https://www.goodreads.com/book/show/12551077-stealing-parker]]></link>
<small_image_url><![CDATA[https://images.gr-assets.com/books/1334451985s/12551077.jpg]]></small_image_url>
<image_url><![CDATA[https://images.gr-assets.com/books/1334451985m/12551077.jpg]]></image_url>
<num_pages>242</num_pages>
<work>
<id>17552643</id>
</work>
<isbn>1402271875</isbn>
<isbn13>9781402271878</isbn13>
<average_rating>3.88</average_rating>
<ratings_count>16799</ratings_count>
<publication_year>2012</publication_year>
<publication_month>10</publication_month>
<publication_day>1</publication_day>
<authors>
<author>
<id>4506073</id>
<name>Miranda Kenneally</name>
<link><![CDATA[https://www.goodreads.com/author/show/4506073.Miranda_Kenneally]]></link>
</author>
</authors>
</book>

          <book>
<id>8734467</id>
<title>Sean Griswold&apos;s Head</title>
<title_without_series>Sean Griswold&apos;s Head</title_without_series>
<link><![CDATA[https://www.goodreads.com/book/show/8734467-sean-griswold-s-head]]></link>
<small_image_url><![CDATA[https://images.gr-assets.com/books/1312038442s/8734467.jpg]]></small_image_url>
<image_url><![CDATA[https://images.gr-assets.com/books/1312038442m/8734467.jpg]]></image_url>
<num_pages>288</num_pages>
<work>
<id>13492111</id>
</work>
<isbn>1599904985</isbn>
<isbn13>9781599904986</isbn13>
<average_rating>3.78</average_rating>
<ratings_count>5748</ratings_count>
<publication_year>2011</publication_year>
<publication_month>3</publication_month>
<publication_day>1</publication_day>
<authors>
<author>
<id>2945688</id>
<name>Lindsey Leavitt</name>
<link><![CDATA[https://www.goodreads.com/author/show/2945688.Lindsey_Leavitt]]></link>
</author>
</authors>
</book>

          <book>
<id>6345692</id>
<title>The Ex Games</title>
<title_without_series>The Ex Games</title_without_series>
<link><![CDATA[https://www.goodreads.com/book/show/6345692-the-ex-games]]></link>
<small_image_url><![CDATA[https://images.gr-assets.com/books/1256592945s/6345692.jpg]]></small_image_url>
<image_url><![CDATA[https://images.gr-assets.com/books/1256592945m/6345692.jpg]]></image_url>
<num_pages>303</num_pages>
<work>
<id>6532025</id>
</work>
<isbn>1416978461</isbn>
<isbn13>9781416978466</isbn13>
<average_rating>3.81</average_rating>
<ratings_count>7783</ratings_count>
<publication_year>2009</publication_year>
<publication_month>9</publication_month>
<publication_day>8</publication_day>
<authors>
<author>
<id>203238</id>
<name>Jennifer Echols</name>
<link><![CDATA[https://www.goodreads.com/author/show/203238.Jennifer_Echols]]></link>
</author>
</authors>
</book>

          <book>
<id>7268423</id>
<title>The Stillburrow Crush</title>
<title_without_series>The Stillburrow Crush</title_without_series>
<link><![CDATA[https://www.goodreads.com/book/show/7268423-the-stillburrow-crush]]></link>
<small_image_url><![CDATA[https://s.gr-assets.com/assets/nophoto/book/50x75-a91bf249278a81aabab721ef782c4a74.png]]></small_image_url>
<image_url><![CDATA[https://s.gr-assets.com/assets/nophoto/book/111x148-bcc042a9c91a29c1d680899eff700a03.png]]></image_url>
<num_pages>202</num_pages>
<work>
<id>8384760</id>
</work>
<isbn></isbn>
<isbn13></isbn13>
<average_rating>3.64</average_rating>
<ratings_count>7327</ratings_count>
<publication_year>2010</publication_year>
<publication_month>2</publication_month>
<publication_day>26</publication_day>
<authors>
<author>
<id>3213942</id>
<name>Linda Kage</name>
<link><![CDATA[https://www.goodreads.com/author/show/3213942.Linda_Kage]]></link>
</author>
</authors>
</book>

          <book>
<id>8255649</id>
<title>So Over You</title>
<title_without_series>So Over You</title_without_series>
<link><![CDATA[https://www.goodreads.com/book/show/8255649-so-over-you]]></link>
<small_image_url><![CDATA[https://images.gr-assets.com/books/1300892268s/8255649.jpg]]></small_image_url>
<image_url><![CDATA[https://images.gr-assets.com/books/1300892268m/8255649.jpg]]></image_url>
<num_pages>226</num_pages>
<work>
<id>13103408</id>
</work>
<isbn></isbn>
<isbn13></isbn13>
<average_rating>3.83</average_rating>
<ratings_count>7482</ratings_count>
<publication_year>2010</publication_year>
<publication_month>4</publication_month>
<publication_day>25</publication_day>
<authors>
<author>
<id>2812835</id>
<name>Gwen Hayes</name>
<link><![CDATA[https://www.goodreads.com/author/show/2812835.Gwen_Hayes]]></link>
</author>
</authors>
</book>

          <book>
<id>9684236</id>
<title>Kane Richards Must Die</title>
<title_without_series>Kane Richards Must Die</title_without_series>
<link><![CDATA[https://www.goodreads.com/book/show/9684236-kane-richards-must-die]]></link>
<small_image_url><![CDATA[https://images.gr-assets.com/books/1294337400s/9684236.jpg]]></small_image_url>
<image_url><![CDATA[https://images.gr-assets.com/books/1294337400m/9684236.jpg]]></image_url>
<num_pages>272</num_pages>
<work>
<id>14572244</id>
</work>
<isbn>0982500521</isbn>
<isbn13>9780982500521</isbn13>
<average_rating>3.44</average_rating>
<ratings_count>1094</ratings_count>
<publication_year>2011</publication_year>
<publication_month>3</publication_month>
<publication_day>8</publication_day>
<authors>
<author>
<id>4456696</id>
<name>Shanice Williams</name>
<link><![CDATA[https://www.goodreads.com/author/show/4456696.Shanice_Williams]]></link>
</author>
</authors>
</book>

          <book>
<id>9703097</id>
<title><![CDATA[He's So Not Worth It (He's So/She's So, #2)]]></title>
<title_without_series>He&apos;s So Not Worth It</title_without_series>
<link><![CDATA[https://www.goodreads.com/book/show/9703097-he-s-so-not-worth-it]]></link>
<small_image_url><![CDATA[https://images.gr-assets.com/books/1294113548s/9703097.jpg]]></small_image_url>
<image_url><![CDATA[https://images.gr-assets.com/books/1294113548m/9703097.jpg]]></image_url>
<num_pages>360</num_pages>
<work>
<id>14569341</id>
</work>
<isbn>1416999531</isbn>
<isbn13>9781416999539</isbn13>
<average_rating>3.94</average_rating>
<ratings_count>5469</ratings_count>
<publication_year></publication_year>
<publication_month></publication_month>
<publication_day></publication_day>
<authors>
<author>
<id>62448</id>
<name>Kieran Scott</name>
<link><![CDATA[https://www.goodreads.com/author/show/62448.Kieran_Scott]]></link>
</author>
</authors>
</book>

          <book>
<id>9757266</id>
<title>Sometimes It Happens</title>
<title_without_series>Sometimes It Happens</title_without_series>
<link><![CDATA[https://www.goodreads.com/book/show/9757266-sometimes-it-happens]]></link>
<small_image_url><![CDATA[https://s.gr-assets.com/assets/nophoto/book/50x75-a91bf249278a81aabab721ef782c4a74.png]]></small_image_url>
<image_url><![CDATA[https://s.gr-assets.com/assets/nophoto/book/111x148-bcc042a9c91a29c1d680899eff700a03.png]]></image_url>
<num_pages>320</num_pages>
<work>
<id>14646564</id>
</work>
<isbn>144241314X</isbn>
<isbn13>9781442413146</isbn13>
<average_rating>3.85</average_rating>
<ratings_count>12157</ratings_count>
<publication_year>2011</publication_year>
<publication_month>7</publication_month>
<publication_day>12</publication_day>
<authors>
<author>
<id>262086</id>
<name>Lauren Barnholdt</name>
<link><![CDATA[https://www.goodreads.com/author/show/262086.Lauren_Barnholdt]]></link>
</author>
</authors>
</book>

          <book>
<id>13037321</id>
<title>Dream Chaser</title>
<title_without_series>Dream Chaser</title_without_series>
<link><![CDATA[https://www.goodreads.com/book/show/13037321-dream-chaser]]></link>
<small_image_url><![CDATA[https://images.gr-assets.com/books/1327888202s/13037321.jpg]]></small_image_url>
<image_url><![CDATA[https://images.gr-assets.com/books/1327888202m/13037321.jpg]]></image_url>
<num_pages>323</num_pages>
<work>
<id>18201056</id>
</work>
<isbn></isbn>
<isbn13></isbn13>
<average_rating>3.81</average_rating>
<ratings_count>3159</ratings_count>
<publication_year>2011</publication_year>
<publication_month>11</publication_month>
<publication_day>4</publication_day>
<authors>
<author>
<id>3198692</id>
<name>Angie Stanton</name>
<link><![CDATA[https://www.goodreads.com/author/show/3198692.Angie_Stanton]]></link>
</author>
</authors>
</book>

          <book>
<id>7958702</id>
<title>Not That Kind of Girl</title>
<title_without_series>Not That Kind of Girl</title_without_series>
<link><![CDATA[https://www.goodreads.com/book/show/7958702-not-that-kind-of-girl]]></link>
<small_image_url><![CDATA[https://s.gr-assets.com/assets/nophoto/book/50x75-a91bf249278a81aabab721ef782c4a74.png]]></small_image_url>
<image_url><![CDATA[https://s.gr-assets.com/assets/nophoto/book/111x148-bcc042a9c91a29c1d680899eff700a03.png]]></image_url>
<num_pages>322</num_pages>
<work>
<id>11738454</id>
</work>
<isbn>0545169151</isbn>
<isbn13>9780545169158</isbn13>
<average_rating>3.61</average_rating>
<ratings_count>9400</ratings_count>
<publication_year>2010</publication_year>
<publication_month>9</publication_month>
<publication_day>1</publication_day>
<authors>
<author>
<id>800187</id>
<name>Siobhan Vivian</name>
<link><![CDATA[https://www.goodreads.com/author/show/800187.Siobhan_Vivian]]></link>
</author>
</authors>
</book>

          <book>
<id>8430896</id>
<title>Rhymes with Cupid</title>
<title_without_series>Rhymes with Cupid</title_without_series>
<link><![CDATA[https://www.goodreads.com/book/show/8430896-rhymes-with-cupid]]></link>
<small_image_url><![CDATA[https://images.gr-assets.com/books/1289321594s/8430896.jpg]]></small_image_url>
<image_url><![CDATA[https://images.gr-assets.com/books/1289321594m/8430896.jpg]]></image_url>
<num_pages>240</num_pages>
<work>
<id>13294264</id>
</work>
<isbn>0061935018</isbn>
<isbn13>9780061935015</isbn13>
<average_rating>3.59</average_rating>
<ratings_count>1975</ratings_count>
<publication_year>2010</publication_year>
<publication_month>12</publication_month>
<publication_day>21</publication_day>
<authors>
<author>
<id>4077562</id>
<name>Anna Humphrey</name>
<link><![CDATA[https://www.goodreads.com/author/show/4077562.Anna_Humphrey]]></link>
</author>
</authors>
</book>

          <book>
<id>13517978</id>
<title><![CDATA[The Unofficial Zack Warren Fan Club (Unofficial #1)]]></title>
<title_without_series><![CDATA[The Unofficial Zack Warren Fan Club]]></title_without_series>
<link><![CDATA[https://www.goodreads.com/book/show/13517978-the-unofficial-zack-warren-fan-club]]></link>
<small_image_url><![CDATA[https://images.gr-assets.com/books/1331297832s/13517978.jpg]]></small_image_url>
<image_url><![CDATA[https://images.gr-assets.com/books/1331297832m/13517978.jpg]]></image_url>
<num_pages>204</num_pages>
<work>
<id>18255407</id>
</work>
<isbn></isbn>
<isbn13></isbn13>
<average_rating>3.75</average_rating>
<ratings_count>6682</ratings_count>
<publication_year>2012</publication_year>
<publication_month></publication_month>
<publication_day></publication_day>
<authors>
<author>
<id>5158465</id>
<name>J.C. Isabella</name>
<link><![CDATA[https://www.goodreads.com/author/show/5158465.J_C_Isabella]]></link>
</author>
</authors>
</book>

  </similar_books>
</book>

</GoodreadsResponse>