<?xml version="1.0" encoding="UTF-8"?>
<GoodreadsResponse>
  <Request>
    <authentication>true</authentication>
      <key><![CDATA[all_men_must_serve]]></key>
    <method><![CDATA[book_show]]></method>
  </Request>
  <book>
  <id>10765</id>
  <title>A Year in the Merde</title>
  <isbn><![CDATA[1582346178]]></isbn>
  <isbn13><![CDATA[9781582346175]]></isbn13>
  <asin><![CDATA[]]></asin>
  <kindle_asin><![CDATA[B0031RDVAU]]></kindle_asin>
  <marketplace_id><![CDATA[A1F83G8C2ARO7P]]></marketplace_id>
  <country_code><![CDATA[GB]]></country_code>
  <image_url>https://s.gr-assets.com/assets/nophoto/book/111x148-bcc042a9c91a29c1d680899eff700a03.png</image_url>
  <small_image_url>https://s.gr-assets.com/assets/nophoto/book/50x75-a91bf249278a81aabab721ef782c4a74.png</small_image_url>
  <publication_year></publication_year>
  <publication_month></publication_month>
  <publication_day></publication_day>
  <publisher></publisher>
  <language_code>en-US</language_code>
  <is_ebook>false</is_ebook>
  <description><![CDATA[Paul West, a young Englishman, arrives in Paris to start a new job - and finds out what the French are really like.<br />They do eat a lot of cheese, some of which smells like pigs' droppings. They don't wash their armpits with garlic soap. Going on strike really is the second national participation sport after petanque. And, yes, they do use suppositories.<br />In his first novel, Stephen Clarke gives a laugh-out-loud account of the pleasures and perils of being a Brit in France. Less quaint than <i>A Year in Provence</i>, less chocolatey than <i>Chocolat</i>, <b>
  <i>A Year in the Merde</i>
</b> will tell you how to get served by the grumpiest Parisian waiter; how to make perfect vinaigrette every time; how to make amour - not war; and how <i>not </i>to buy a house in the French countryside.]]></description>
  <work>
  <id type="integer">878478</id>
  <books_count type="integer">47</books_count>
  <best_book_id type="integer">10765</best_book_id>
  <reviews_count type="integer">17590</reviews_count>
  <ratings_sum type="integer">43317</ratings_sum>
  <ratings_count type="integer">12221</ratings_count>
  <text_reviews_count type="integer">1102</text_reviews_count>
  <original_publication_year type="integer">2004</original_publication_year>
  <original_publication_month type="integer" nil="true"/>
  <original_publication_day type="integer" nil="true"/>
  <original_title>A Year in the Merde</original_title>
  <original_language_id type="integer" nil="true"/>
  <media_type>book</media_type>
  <rating_dist>5:2299|4:4247|3:3889|2:1381|1:405|total:12221</rating_dist>
  <desc_user_id type="integer">4953912</desc_user_id>
  <default_chaptering_book_id type="integer" nil="true"/>
  <default_description_language_code nil="true"/>
</work>
  <average_rating>3.54</average_rating>
  <num_pages><![CDATA[276]]></num_pages>
  <format><![CDATA[]]></format>
  <edition_information><![CDATA[]]></edition_information>
  <ratings_count><![CDATA[10322]]></ratings_count>
  <text_reviews_count><![CDATA[897]]></text_reviews_count>
  <url><![CDATA[https://www.goodreads.com/book/show/10765.A_Year_in_the_Merde]]></url>
  <link><![CDATA[https://www.goodreads.com/book/show/10765.A_Year_in_the_Merde]]></link>
  <authors>
<author>
<id>7041</id>
<name>Stephen Clarke</name>
<role></role>
<image_url nophoto='false'>
<![CDATA[https://images.gr-assets.com/authors/1265674535p5/7041.jpg]]>
</image_url>
<small_image_url nophoto='false'>
<![CDATA[https://images.gr-assets.com/authors/1265674535p2/7041.jpg]]>
</small_image_url>
<link><![CDATA[https://www.goodreads.com/author/show/7041.Stephen_Clarke]]></link>
<average_rating>3.60</average_rating>
<ratings_count>24803</ratings_count>
<text_reviews_count>2129</text_reviews_count>
</author>
</authors>

    <reviews_widget>
      <![CDATA[
        <style>
  #goodreads-widget {
    font-family: georgia, serif;
    padding: 18px 0;
    width:565px;
  }
  #goodreads-widget h1 {
    font-weight:normal;
    font-size: 16px;
    border-bottom: 1px solid #BBB596;
    margin-bottom: 0;
  }
  #goodreads-widget a {
    text-decoration: none;
    color:#660;
  }
  iframe{
    background-color: #fff;
  }
  #goodreads-widget a:hover { text-decoration: underline; }
  #goodreads-widget a:active {
    color:#660;
  }
  #gr_footer {
    width: 100%;
    border-top: 1px solid #BBB596;
    text-align: right;
  }
  #goodreads-widget .gr_branding{
    color: #382110;
    font-size: 11px;
    text-decoration: none;
    font-family: "Helvetica Neue", Helvetica, Arial, sans-serif;
  }
</style>
<div id="goodreads-widget">
  <div id="gr_header"><h1><a rel="nofollow" href="https://www.goodreads.com/book/show/10765.A_Year_in_the_Merde">A Year in the Merde Reviews</a></h1></div>
  <iframe id="the_iframe" src="https://www.goodreads.com/api/reviews_widget_iframe?did=DEVELOPER_ID&amp;format=html&amp;isbn=1582346178&amp;links=660&amp;min_rating=&amp;review_back=fff&amp;stars=000&amp;text=000" width="565" height="400" frameborder="0"></iframe>
  <div id="gr_footer">
    <a class="gr_branding" target="_blank" rel="nofollow" href="https://www.goodreads.com/book/show/10765.A_Year_in_the_Merde?utm_medium=api&amp;utm_source=reviews_widget">Reviews from Goodreads.com</a>
  </div>
</div>

      ]]>
    </reviews_widget>
  <popular_shelves>
      <shelf name="to-read" count="3462"/>
      <shelf name="currently-reading" count="218"/>
      <shelf name="travel" count="185"/>
      <shelf name="fiction" count="166"/>
      <shelf name="france" count="127"/>
      <shelf name="humor" count="119"/>
      <shelf name="non-fiction" count="94"/>
      <shelf name="humour" count="83"/>
      <shelf name="favorites" count="50"/>
      <shelf name="paris" count="35"/>
      <shelf name="funny" count="34"/>
      <shelf name="owned" count="33"/>
      <shelf name="memoir" count="33"/>
      <shelf name="default" count="27"/>
      <shelf name="nonfiction" count="27"/>
      <shelf name="books-i-own" count="26"/>
      <shelf name="english" count="24"/>
      <shelf name="contemporary" count="23"/>
      <shelf name="comedy" count="21"/>
      <shelf name="british" count="18"/>
      <shelf name="french" count="18"/>
      <shelf name="adult" count="14"/>
      <shelf name="memoirs" count="14"/>
      <shelf name="travel-writing" count="13"/>
      <shelf name="europe" count="13"/>
      <shelf name="novel" count="12"/>
      <shelf name="biography" count="11"/>
      <shelf name="favourites" count="11"/>
      <shelf name="series" count="11"/>
      <shelf name="kindle" count="10"/>
      <shelf name="book-club" count="10"/>
      <shelf name="culture" count="10"/>
      <shelf name="contemporary-fiction" count="10"/>
      <shelf name="novels" count="10"/>
      <shelf name="owned-books" count="9"/>
      <shelf name="library" count="9"/>
      <shelf name="biography-memoir" count="9"/>
      <shelf name="francophile" count="8"/>
      <shelf name="audiobook" count="8"/>
      <shelf name="to-buy" count="7"/>
      <shelf name="2006" count="7"/>
      <shelf name="general-fiction" count="7"/>
      <shelf name="culture-clash" count="6"/>
      <shelf name="finished" count="6"/>
      <shelf name="borrowed" count="6"/>
      <shelf name="uk" count="6"/>
      <shelf name="satire" count="6"/>
      <shelf name="own-it" count="6"/>
      <shelf name="read-2013" count="5"/>
      <shelf name="around-the-world" count="5"/>
      <shelf name="cultural" count="5"/>
      <shelf name="fun" count="5"/>
      <shelf name="wish-list" count="5"/>
      <shelf name="stephen-clarke" count="5"/>
      <shelf name="read-in-english" count="5"/>
      <shelf name="audiobooks" count="5"/>
      <shelf name="audio" count="5"/>
      <shelf name="books" count="5"/>
      <shelf name="read-in-2008" count="4"/>
      <shelf name="travel-narrative" count="4"/>
      <shelf name="british-fiction" count="4"/>
      <shelf name="ebook" count="4"/>
      <shelf name="paris-france" count="4"/>
      <shelf name="autobiography" count="4"/>
      <shelf name="bookcrossing" count="4"/>
      <shelf name="21st-century" count="4"/>
      <shelf name="unfinished" count="4"/>
      <shelf name="chick-lit" count="4"/>
      <shelf name="home-library" count="4"/>
      <shelf name="francophilia" count="4"/>
      <shelf name="my-books" count="4"/>
      <shelf name="audio-books" count="4"/>
      <shelf name="français" count="4"/>
      <shelf name="abandoned" count="4"/>
      <shelf name="my-library" count="4"/>
      <shelf name="i-own" count="4"/>
      <shelf name="2005" count="4"/>
      <shelf name="adult-fiction" count="4"/>
      <shelf name="bookclub" count="4"/>
      <shelf name="uk-ireland" count="3"/>
      <shelf name="other-fiction" count="3"/>
      <shelf name="shelfari-favorites" count="3"/>
      <shelf name="culture-shock" count="3"/>
      <shelf name="expat-living" count="3"/>
      <shelf name="2000s" count="3"/>
      <shelf name="travel-literature" count="3"/>
      <shelf name="other" count="3"/>
      <shelf name="dropped" count="3"/>
      <shelf name="bought" count="3"/>
      <shelf name="british-literature" count="3"/>
      <shelf name="france-and-the-french" count="3"/>
      <shelf name="humorous" count="3"/>
      <shelf name="romance" count="3"/>
      <shelf name="read-in-2013" count="3"/>
      <shelf name="france-related" count="3"/>
      <shelf name="travel-fiction" count="3"/>
      <shelf name="read-in-2012" count="3"/>
      <shelf name="travel-lit" count="3"/>
      <shelf name="modern" count="3"/>
      <shelf name="general" count="3"/>
  </popular_shelves>
  <book_links>
    <book_link>
  <id>8</id>
  <name>Libraries</name>
  <link>https://www.goodreads.com/book_link/follow/8</link>
</book_link>

  </book_links>
  <buy_links>
    <buy_link>
<id>1</id>
<name>Amazon</name>
<link>https://www.goodreads.com/book_link/follow/1</link>
</buy_link>
<buy_link>
<id>10</id>
<name>Audible</name>
<link>https://www.goodreads.com/book_link/follow/10</link>
</buy_link>
<buy_link>
<id>3</id>
<name>Barnes &amp; Noble</name>
<link>https://www.goodreads.com/book_link/follow/3</link>
</buy_link>
<buy_link>
<id>1027</id>
<name>Kobo</name>
<link>https://www.goodreads.com/book_link/follow/1027</link>
</buy_link>
<buy_link>
<id>2102</id>
<name>Apple iBooks</name>
<link>https://www.goodreads.com/book_link/follow/2102</link>
</buy_link>
<buy_link>
<id>8036</id>
<name>Google Play</name>
<link>https://www.goodreads.com/book_link/follow/8036</link>
</buy_link>
<buy_link>
<id>4</id>
<name>Abebooks</name>
<link>https://www.goodreads.com/book_link/follow/4</link>
</buy_link>
<buy_link>
<id>882</id>
<name>Book Depository</name>
<link>https://www.goodreads.com/book_link/follow/882</link>
</buy_link>
<buy_link>
<id>9</id>
<name>Indigo</name>
<link>https://www.goodreads.com/book_link/follow/9</link>
</buy_link>
<buy_link>
<id>2</id>
<name>Half.com</name>
<link>https://www.goodreads.com/book_link/follow/2</link>
</buy_link>
<buy_link>
<id>5</id>
<name>Alibris</name>
<link>https://www.goodreads.com/book_link/follow/5</link>
</buy_link>
<buy_link>
<id>107</id>
<name>Better World Books</name>
<link>https://www.goodreads.com/book_link/follow/107</link>
</buy_link>
<buy_link>
<id>7</id>
<name>IndieBound</name>
<link>https://www.goodreads.com/book_link/follow/7</link>
</buy_link>

  </buy_links>
  <series_works>
    <series_work>
<id>253335</id>
<user_position>1</user_position>
<series>
<id>59774</id>
<title>
<![CDATA[
    Paul West
]]>
</title>
<description>
<![CDATA[
]]>
</description>
<note>
<![CDATA[
    In the Merde for Love is the American title of Merde Actually
]]>
</note>
<series_works_count>6</series_works_count>
<primary_work_count>6</primary_work_count>
<numbered>true</numbered>
</series>

</series_work>

  </series_works>
  <similar_books>
          <book>
<id>1439816</id>
<title><![CDATA[A Town Like Paris: Falling in Love in the City of Light]]></title>
<title_without_series><![CDATA[A Town Like Paris: Falling in Love in the City of Light]]></title_without_series>
<link><![CDATA[https://www.goodreads.com/book/show/1439816.A_Town_Like_Paris]]></link>
<small_image_url><![CDATA[https://images.gr-assets.com/books/1320470175s/1439816.jpg]]></small_image_url>
<image_url><![CDATA[https://images.gr-assets.com/books/1320470175m/1439816.jpg]]></image_url>
<num_pages>283</num_pages>
<work>
<id>1430414</id>
</work>
<isbn>0767928172</isbn>
<isbn13>9780767928175</isbn13>
<average_rating>3.31</average_rating>
<ratings_count>432</ratings_count>
<publication_year>2008</publication_year>
<publication_month>4</publication_month>
<publication_day>1</publication_day>
<authors>
<author>
<id>676761</id>
<name>Bryce Corbett</name>
<link><![CDATA[https://www.goodreads.com/author/show/676761.Bryce_Corbett]]></link>
</author>
</authors>
</book>

          <book>
<id>168468</id>
<title><![CDATA[Paris: The Biography of a City]]></title>
<title_without_series><![CDATA[Paris: The Biography of a City]]></title_without_series>
<link><![CDATA[https://www.goodreads.com/book/show/168468.Paris]]></link>
<small_image_url><![CDATA[https://images.gr-assets.com/books/1309288306s/168468.jpg]]></small_image_url>
<image_url><![CDATA[https://images.gr-assets.com/books/1309288306m/168468.jpg]]></image_url>
<num_pages>566</num_pages>
<work>
<id>929925</id>
</work>
<isbn>0143036718</isbn>
<isbn13>9780143036715</isbn13>
<average_rating>3.77</average_rating>
<ratings_count>358</ratings_count>
<publication_year>2006</publication_year>
<publication_month>4</publication_month>
<publication_day>4</publication_day>
<authors>
<author>
<id>55838</id>
<name>Colin Jones</name>
<link><![CDATA[https://www.goodreads.com/author/show/55838.Colin_Jones]]></link>
</author>
</authors>
</book>

          <book>
<id>191461</id>
<title>The Story of French</title>
<title_without_series>The Story of French</title_without_series>
<link><![CDATA[https://www.goodreads.com/book/show/191461.The_Story_of_French]]></link>
<small_image_url><![CDATA[https://s.gr-assets.com/assets/nophoto/book/50x75-a91bf249278a81aabab721ef782c4a74.png]]></small_image_url>
<image_url><![CDATA[https://s.gr-assets.com/assets/nophoto/book/111x148-bcc042a9c91a29c1d680899eff700a03.png]]></image_url>
<num_pages>496</num_pages>
<work>
<id>185108</id>
</work>
<isbn>0312341830</isbn>
<isbn13>9780312341831</isbn13>
<average_rating>3.96</average_rating>
<ratings_count>649</ratings_count>
<publication_year>2006</publication_year>
<publication_month>11</publication_month>
<publication_day>14</publication_day>
<authors>
<author>
<id>15505</id>
<name>Jean-Benoît Nadeau</name>
<link><![CDATA[https://www.goodreads.com/author/show/15505.Jean_Beno_t_Nadeau]]></link>
</author>
</authors>
</book>

          <book>
<id>149775</id>
<title><![CDATA[French or Foe?: Getting the Most Out of Visiting, Living and Working in France]]></title>
<title_without_series><![CDATA[French or Foe?: Getting the Most Out of Visiting, Living and Working in France]]></title_without_series>
<link><![CDATA[https://www.goodreads.com/book/show/149775.French_or_Foe_]]></link>
<small_image_url><![CDATA[https://s.gr-assets.com/assets/nophoto/book/50x75-a91bf249278a81aabab721ef782c4a74.png]]></small_image_url>
<image_url><![CDATA[https://s.gr-assets.com/assets/nophoto/book/111x148-bcc042a9c91a29c1d680899eff700a03.png]]></image_url>
<num_pages></num_pages>
<work>
<id>144562</id>
</work>
<isbn>0964668424</isbn>
<isbn13>9780964668423</isbn13>
<average_rating>3.78</average_rating>
<ratings_count>614</ratings_count>
<publication_year></publication_year>
<publication_month></publication_month>
<publication_day></publication_day>
<authors>
<author>
<id>86571</id>
<name>Polly Platt</name>
<link><![CDATA[https://www.goodreads.com/author/show/86571.Polly_Platt]]></link>
</author>
</authors>
</book>

          <book>
<id>99343</id>
<title><![CDATA[Words in a French Life: Lessons in Love and Language from the South of France]]></title>
<title_without_series><![CDATA[Words in a French Life: Lessons in Love and Language from the South of France]]></title_without_series>
<link><![CDATA[https://www.goodreads.com/book/show/99343.Words_in_a_French_Life]]></link>
<small_image_url><![CDATA[https://s.gr-assets.com/assets/nophoto/book/50x75-a91bf249278a81aabab721ef782c4a74.png]]></small_image_url>
<image_url><![CDATA[https://s.gr-assets.com/assets/nophoto/book/111x148-bcc042a9c91a29c1d680899eff700a03.png]]></image_url>
<num_pages>284</num_pages>
<work>
<id>320013</id>
</work>
<isbn>0743287282</isbn>
<isbn13>9780743287289</isbn13>
<average_rating>3.74</average_rating>
<ratings_count>774</ratings_count>
<publication_year>2006</publication_year>
<publication_month>4</publication_month>
<publication_day>25</publication_day>
<authors>
<author>
<id>57223</id>
<name>Kristin Espinasse</name>
<link><![CDATA[https://www.goodreads.com/author/show/57223.Kristin_Espinasse]]></link>
</author>
</authors>
</book>

          <book>
<id>168356</id>
<title><![CDATA[C'est la Vie: An American Woman Begins a New Life in Paris and--Voila!--Becomes Almost French]]></title>
<title_without_series><![CDATA[C'est la Vie: An American Woman Begins a New Life in Paris and--Voila!--Becomes Almost French]]></title_without_series>
<link><![CDATA[https://www.goodreads.com/book/show/168356.C_est_la_Vie]]></link>
<small_image_url><![CDATA[https://s.gr-assets.com/assets/nophoto/book/50x75-a91bf249278a81aabab721ef782c4a74.png]]></small_image_url>
<image_url><![CDATA[https://s.gr-assets.com/assets/nophoto/book/111x148-bcc042a9c91a29c1d680899eff700a03.png]]></image_url>
<num_pages>288</num_pages>
<work>
<id>162578</id>
</work>
<isbn>0143035509</isbn>
<isbn13>9780143035503</isbn13>
<average_rating>3.45</average_rating>
<ratings_count>1576</ratings_count>
<publication_year>2005</publication_year>
<publication_month>5</publication_month>
<publication_day>31</publication_day>
<authors>
<author>
<id>8365</id>
<name>Suzy Gershman</name>
<link><![CDATA[https://www.goodreads.com/author/show/8365.Suzy_Gershman]]></link>
</author>
</authors>
</book>

          <book>
<id>3900</id>
<title><![CDATA[Into a Paris Quartier: Reine Margot's Chapel and Other Haunts of St. Germain]]></title>
<title_without_series><![CDATA[Into a Paris Quartier: Reine Margot's Chapel and Other Haunts of St. Germain]]></title_without_series>
<link><![CDATA[https://www.goodreads.com/book/show/3900.Into_a_Paris_Quartier]]></link>
<small_image_url><![CDATA[https://s.gr-assets.com/assets/nophoto/book/50x75-a91bf249278a81aabab721ef782c4a74.png]]></small_image_url>
<image_url><![CDATA[https://s.gr-assets.com/assets/nophoto/book/111x148-bcc042a9c91a29c1d680899eff700a03.png]]></image_url>
<num_pages>204</num_pages>
<work>
<id>7624</id>
</work>
<isbn>0792272668</isbn>
<isbn13>9780792272663</isbn13>
<average_rating>3.48</average_rating>
<ratings_count>220</ratings_count>
<publication_year>2005</publication_year>
<publication_month>5</publication_month>
<publication_day>1</publication_day>
<authors>
<author>
<id>2665</id>
<name>Diane Johnson</name>
<link><![CDATA[https://www.goodreads.com/author/show/2665.Diane_Johnson]]></link>
</author>
</authors>
</book>

          <book>
<id>34269</id>
<title>Provence A-Z</title>
<title_without_series>Provence A-Z</title_without_series>
<link><![CDATA[https://www.goodreads.com/book/show/34269.Provence_A_Z]]></link>
<small_image_url><![CDATA[https://s.gr-assets.com/assets/nophoto/book/50x75-a91bf249278a81aabab721ef782c4a74.png]]></small_image_url>
<image_url><![CDATA[https://s.gr-assets.com/assets/nophoto/book/111x148-bcc042a9c91a29c1d680899eff700a03.png]]></image_url>
<num_pages>286</num_pages>
<work>
<id>43620</id>
</work>
<isbn>1400044421</isbn>
<isbn13>9781400044429</isbn13>
<average_rating>3.75</average_rating>
<ratings_count>656</ratings_count>
<publication_year>2006</publication_year>
<publication_month>10</publication_month>
<publication_day>31</publication_day>
<authors>
<author>
<id>19316</id>
<name>Peter Mayle</name>
<link><![CDATA[https://www.goodreads.com/author/show/19316.Peter_Mayle]]></link>
</author>
</authors>
</book>

          <book>
<id>139381</id>
<title><![CDATA[All You Need to Be Impossibly French: A Witty Investigation into the Lives, Lusts, and Little Secrets of French Women]]></title>
<title_without_series><![CDATA[All You Need to Be Impossibly French: A Witty Investigation into the Lives, Lusts, and Little Secrets of French Women]]></title_without_series>
<link><![CDATA[https://www.goodreads.com/book/show/139381.All_You_Need_to_Be_Impossibly_French]]></link>
<small_image_url><![CDATA[https://s.gr-assets.com/assets/nophoto/book/50x75-a91bf249278a81aabab721ef782c4a74.png]]></small_image_url>
<image_url><![CDATA[https://s.gr-assets.com/assets/nophoto/book/111x148-bcc042a9c91a29c1d680899eff700a03.png]]></image_url>
<num_pages>240</num_pages>
<work>
<id>134358</id>
</work>
<isbn>0452287782</isbn>
<isbn13>9780452287785</isbn13>
<average_rating>3.63</average_rating>
<ratings_count>1179</ratings_count>
<publication_year>2006</publication_year>
<publication_month>11</publication_month>
<publication_day>28</publication_day>
<authors>
<author>
<id>317403</id>
<name>Helena Frith Powell</name>
<link><![CDATA[https://www.goodreads.com/author/show/317403.Helena_Frith_Powell]]></link>
</author>
</authors>
</book>

          <book>
<id>71461</id>
<title><![CDATA[A Corner in the Marais: Memoir of a Paris Neighborhood]]></title>
<title_without_series><![CDATA[A Corner in the Marais: Memoir of a Paris Neighborhood]]></title_without_series>
<link><![CDATA[https://www.goodreads.com/book/show/71461.A_Corner_in_the_Marais]]></link>
<small_image_url><![CDATA[https://s.gr-assets.com/assets/nophoto/book/50x75-a91bf249278a81aabab721ef782c4a74.png]]></small_image_url>
<image_url><![CDATA[https://s.gr-assets.com/assets/nophoto/book/111x148-bcc042a9c91a29c1d680899eff700a03.png]]></image_url>
<num_pages>149</num_pages>
<work>
<id>69205</id>
</work>
<isbn>1567921981</isbn>
<isbn13>9781567921984</isbn13>
<average_rating>3.51</average_rating>
<ratings_count>156</ratings_count>
<publication_year>2003</publication_year>
<publication_month>3</publication_month>
<publication_day>1</publication_day>
<authors>
<author>
<id>40418</id>
<name>Alex Karmel</name>
<link><![CDATA[https://www.goodreads.com/author/show/40418.Alex_Karmel]]></link>
</author>
</authors>
</book>

          <book>
<id>9780582</id>
<title><![CDATA[Paris, Paris: Journey into the City of Light]]></title>
<title_without_series><![CDATA[Paris, Paris: Journey into the City of Light]]></title_without_series>
<link><![CDATA[https://www.goodreads.com/book/show/9780582-paris-paris]]></link>
<small_image_url><![CDATA[https://images.gr-assets.com/books/1320520431s/9780582.jpg]]></small_image_url>
<image_url><![CDATA[https://images.gr-assets.com/books/1320520431m/9780582.jpg]]></image_url>
<num_pages>303</num_pages>
<work>
<id>14670339</id>
</work>
<isbn>0307886085</isbn>
<isbn13>9780307886088</isbn13>
<average_rating>3.88</average_rating>
<ratings_count>1000</ratings_count>
<publication_year>2011</publication_year>
<publication_month>4</publication_month>
<publication_day>5</publication_day>
<authors>
<author>
<id>190256</id>
<name>David Downie</name>
<link><![CDATA[https://www.goodreads.com/author/show/190256.David_Downie]]></link>
</author>
</authors>
</book>

          <book>
<id>153369</id>
<title>Return to Paris: A Memoir</title>
<title_without_series>Return to Paris: A Memoir</title_without_series>
<link><![CDATA[https://www.goodreads.com/book/show/153369.Return_to_Paris]]></link>
<small_image_url><![CDATA[https://s.gr-assets.com/assets/nophoto/book/50x75-a91bf249278a81aabab721ef782c4a74.png]]></small_image_url>
<image_url><![CDATA[https://s.gr-assets.com/assets/nophoto/book/111x148-bcc042a9c91a29c1d680899eff700a03.png]]></image_url>
<num_pages>256</num_pages>
<work>
<id>148048</id>
</work>
<isbn>0743439686</isbn>
<isbn13>9780743439688</isbn13>
<average_rating>3.81</average_rating>
<ratings_count>178</ratings_count>
<publication_year>2004</publication_year>
<publication_month>4</publication_month>
<publication_day>20</publication_day>
<authors>
<author>
<id>51580</id>
<name>Colette Rossant</name>
<link><![CDATA[https://www.goodreads.com/author/show/51580.Colette_Rossant]]></link>
</author>
</authors>
</book>

          <book>
<id>3506388</id>
<title><![CDATA[I'll Never Be French (no matter what I do): Living in a Small Village in Brittany]]></title>
<title_without_series><![CDATA[I'll Never Be French (no matter what I do): Living in a Small Village in Brittany]]></title_without_series>
<link><![CDATA[https://www.goodreads.com/book/show/3506388-i-ll-never-be-french-no-matter-what-i-do]]></link>
<small_image_url><![CDATA[https://s.gr-assets.com/assets/nophoto/book/50x75-a91bf249278a81aabab721ef782c4a74.png]]></small_image_url>
<image_url><![CDATA[https://s.gr-assets.com/assets/nophoto/book/111x148-bcc042a9c91a29c1d680899eff700a03.png]]></image_url>
<num_pages></num_pages>
<work>
<id>3548050</id>
</work>
<isbn>1416586873</isbn>
<isbn13>9781416586876</isbn13>
<average_rating>3.74</average_rating>
<ratings_count>1845</ratings_count>
<publication_year></publication_year>
<publication_month></publication_month>
<publication_day></publication_day>
<authors>
<author>
<id>797512</id>
<name>Mark Greenside</name>
<link><![CDATA[https://www.goodreads.com/author/show/797512.Mark_Greenside]]></link>
</author>
</authors>
</book>

          <book>
<id>6402926</id>
<title><![CDATA[Au Revoir to All That: Food, Wine, and the End of France]]></title>
<title_without_series><![CDATA[Au Revoir to All That: Food, Wine, and the End of France]]></title_without_series>
<link><![CDATA[https://www.goodreads.com/book/show/6402926-au-revoir-to-all-that]]></link>
<small_image_url><![CDATA[https://images.gr-assets.com/books/1312027684s/6402926.jpg]]></small_image_url>
<image_url><![CDATA[https://images.gr-assets.com/books/1312027684m/6402926.jpg]]></image_url>
<num_pages></num_pages>
<work>
<id>6591746</id>
</work>
<isbn>1596913533</isbn>
<isbn13>9781596913530</isbn13>
<average_rating>3.50</average_rating>
<ratings_count>256</ratings_count>
<publication_year></publication_year>
<publication_month></publication_month>
<publication_day></publication_day>
<authors>
<author>
<id>2884322</id>
<name>Michael Steinberger</name>
<link><![CDATA[https://www.goodreads.com/author/show/2884322.Michael_Steinberger]]></link>
</author>
</authors>
</book>

          <book>
<id>9917074</id>
<title><![CDATA[Paris to the Past: Traveling through French History by Train]]></title>
<title_without_series><![CDATA[Paris to the Past: Traveling through French History by Train]]></title_without_series>
<link><![CDATA[https://www.goodreads.com/book/show/9917074-paris-to-the-past]]></link>
<small_image_url><![CDATA[https://s.gr-assets.com/assets/nophoto/book/50x75-a91bf249278a81aabab721ef782c4a74.png]]></small_image_url>
<image_url><![CDATA[https://s.gr-assets.com/assets/nophoto/book/111x148-bcc042a9c91a29c1d680899eff700a03.png]]></image_url>
<num_pages>381</num_pages>
<work>
<id>14809735</id>
</work>
<isbn>0393078949</isbn>
<isbn13>9780393078947</isbn13>
<average_rating>3.79</average_rating>
<ratings_count>651</ratings_count>
<publication_year>2011</publication_year>
<publication_month>6</publication_month>
<publication_day>27</publication_day>
<authors>
<author>
<id>49556</id>
<name>Ina Caro</name>
<link><![CDATA[https://www.goodreads.com/author/show/49556.Ina_Caro]]></link>
</author>
</authors>
</book>

          <book>
<id>340776</id>
<title><![CDATA[A Piano In The Pyrenees: The Ups and Downs of an Englishman in the French Mountains]]></title>
<title_without_series><![CDATA[A Piano In The Pyrenees: The Ups and Downs of an Englishman in the French Mountains]]></title_without_series>
<link><![CDATA[https://www.goodreads.com/book/show/340776.A_Piano_In_The_Pyrenees]]></link>
<small_image_url><![CDATA[https://images.gr-assets.com/books/1328193639s/340776.jpg]]></small_image_url>
<image_url><![CDATA[https://images.gr-assets.com/books/1328193639m/340776.jpg]]></image_url>
<num_pages>320</num_pages>
<work>
<id>541406</id>
</work>
<isbn>0091902673</isbn>
<isbn13>9780091902674</isbn13>
<average_rating>3.61</average_rating>
<ratings_count>1299</ratings_count>
<publication_year>2006</publication_year>
<publication_month>5</publication_month>
<publication_day>4</publication_day>
<authors>
<author>
<id>5686</id>
<name>Tony Hawks</name>
<link><![CDATA[https://www.goodreads.com/author/show/5686.Tony_Hawks]]></link>
</author>
</authors>
</book>

          <book>
<id>2360971</id>
<title><![CDATA[Pardon My French: Unleash Your Inner Gaul]]></title>
<title_without_series><![CDATA[Pardon My French: Unleash Your Inner Gaul]]></title_without_series>
<link><![CDATA[https://www.goodreads.com/book/show/2360971.Pardon_My_French]]></link>
<small_image_url><![CDATA[https://s.gr-assets.com/assets/nophoto/book/50x75-a91bf249278a81aabab721ef782c4a74.png]]></small_image_url>
<image_url><![CDATA[https://s.gr-assets.com/assets/nophoto/book/111x148-bcc042a9c91a29c1d680899eff700a03.png]]></image_url>
<num_pages></num_pages>
<work>
<id>2367738</id>
</work>
<isbn>1592403735</isbn>
<isbn13>9781592403738</isbn13>
<average_rating>3.97</average_rating>
<ratings_count>258</ratings_count>
<publication_year></publication_year>
<publication_month></publication_month>
<publication_day></publication_day>
<authors>
<author>
<id>924572</id>
<name>Charles Timoney</name>
<link><![CDATA[https://www.goodreads.com/author/show/924572.Charles_Timoney]]></link>
</author>
</authors>
</book>

          <book>
<id>12599277</id>
<title><![CDATA[Forever Paris: 25 Walks in the Footsteps of the City's Most Illustrious Figures]]></title>
<title_without_series><![CDATA[Forever Paris: 25 Walks in the Footsteps of the City's Most Illustrious Figures]]></title_without_series>
<link><![CDATA[https://www.goodreads.com/book/show/12599277-forever-paris]]></link>
<small_image_url><![CDATA[https://s.gr-assets.com/assets/nophoto/book/50x75-a91bf249278a81aabab721ef782c4a74.png]]></small_image_url>
<image_url><![CDATA[https://s.gr-assets.com/assets/nophoto/book/111x148-bcc042a9c91a29c1d680899eff700a03.png]]></image_url>
<num_pages>108</num_pages>
<work>
<id>17614395</id>
</work>
<isbn>1452104883</isbn>
<isbn13>9781452104881</isbn13>
<average_rating>3.99</average_rating>
<ratings_count>178</ratings_count>
<publication_year>2012</publication_year>
<publication_month>3</publication_month>
<publication_day>21</publication_day>
<authors>
<author>
<id>61196</id>
<name>Christina Henry De Tessan</name>
<link><![CDATA[https://www.goodreads.com/author/show/61196.Christina_Henry_De_Tessan]]></link>
</author>
</authors>
</book>

  </similar_books>
</book>

</GoodreadsResponse>