<?xml version="1.0" encoding="UTF-8"?>
<GoodreadsResponse>
  <Request>
    <authentication>true</authentication>
      <key><![CDATA[all_men_must_serve]]></key>
    <method><![CDATA[book_show]]></method>
  </Request>
  <book>
  <id>107773</id>
  <title>Mercy (Buchanan-Renard, #2)</title>
  <isbn><![CDATA[0743430336]]></isbn>
  <isbn13><![CDATA[9780743430333]]></isbn13>
  <asin><![CDATA[]]></asin>
  <kindle_asin><![CDATA[B0088O1220]]></kindle_asin>
  <marketplace_id><![CDATA[A1F83G8C2ARO7P]]></marketplace_id>
  <country_code><![CDATA[GB]]></country_code>
  <image_url>https://s.gr-assets.com/assets/nophoto/book/111x148-bcc042a9c91a29c1d680899eff700a03.png</image_url>
  <small_image_url>https://s.gr-assets.com/assets/nophoto/book/50x75-a91bf249278a81aabab721ef782c4a74.png</small_image_url>
  <publication_year></publication_year>
  <publication_month></publication_month>
  <publication_day></publication_day>
  <publisher>Simon &amp; Schuster</publisher>
  <language_code>eng</language_code>
  <is_ebook>false</is_ebook>
  <description><![CDATA[#1 New York Times bestselling author Julie Garwood takes readers from New Orleans' exclusive Garden District to the backwoods of Louisiana's mysterious bayou country in an unforgettable novel of passion and suspense that cuts straight to the heart.<br /><br />When esteemed Justice Department attorney Theo Buchanan is struck ill at a New Orleans gala, Dr. Michelle Renard works fast to save his life. Soon, Theo finds himself in a race to save her when Michelle is targeted by a deadly crime ring. They call themselves the Sowing Club, a devious foursome driven by greed to accumulate millions in a secret bank account. Now they're dead set on silencing Michelle, who might know the secret behind the killing of one of their wives. Dodging a world-class hit man and a band of cunning criminals, Michelle and Theo walk a narrow path between passion and survival.]]></description>
  <work>
  <id type="integer">3727</id>
  <books_count type="integer">60</books_count>
  <best_book_id type="integer">107773</best_book_id>
  <reviews_count type="integer">22130</reviews_count>
  <ratings_sum type="integer">64431</ratings_sum>
  <ratings_count type="integer">15684</ratings_count>
  <text_reviews_count type="integer">432</text_reviews_count>
  <original_publication_year type="integer">2001</original_publication_year>
  <original_publication_month type="integer">11</original_publication_month>
  <original_publication_day type="integer">30</original_publication_day>
  <original_title>Mercy</original_title>
  <original_language_id type="integer" nil="true"/>
  <media_type>book</media_type>
  <rating_dist>5:6073|4:5939|3:3072|2:494|1:106|total:15684</rating_dist>
  <desc_user_id type="integer">6737042</desc_user_id>
  <default_chaptering_book_id type="integer" nil="true"/>
  <default_description_language_code nil="true"/>
</work>
  <average_rating>4.11</average_rating>
  <num_pages><![CDATA[454]]></num_pages>
  <format><![CDATA[Paperback]]></format>
  <edition_information><![CDATA[]]></edition_information>
  <ratings_count><![CDATA[14112]]></ratings_count>
  <text_reviews_count><![CDATA[305]]></text_reviews_count>
  <url><![CDATA[https://www.goodreads.com/book/show/107773.Mercy]]></url>
  <link><![CDATA[https://www.goodreads.com/book/show/107773.Mercy]]></link>
  <authors>
<author>
<id>6251</id>
<name>Julie Garwood</name>
<role></role>
<image_url nophoto='false'>
<![CDATA[https://images.gr-assets.com/authors/1414607796p5/6251.jpg]]>
</image_url>
<small_image_url nophoto='false'>
<![CDATA[https://images.gr-assets.com/authors/1414607796p2/6251.jpg]]>
</small_image_url>
<link><![CDATA[https://www.goodreads.com/author/show/6251.Julie_Garwood]]></link>
<average_rating>4.10</average_rating>
<ratings_count>475129</ratings_count>
<text_reviews_count>17259</text_reviews_count>
</author>
</authors>

    <reviews_widget>
      <![CDATA[
        <style>
  #goodreads-widget {
    font-family: georgia, serif;
    padding: 18px 0;
    width:565px;
  }
  #goodreads-widget h1 {
    font-weight:normal;
    font-size: 16px;
    border-bottom: 1px solid #BBB596;
    margin-bottom: 0;
  }
  #goodreads-widget a {
    text-decoration: none;
    color:#660;
  }
  iframe{
    background-color: #fff;
  }
  #goodreads-widget a:hover { text-decoration: underline; }
  #goodreads-widget a:active {
    color:#660;
  }
  #gr_footer {
    width: 100%;
    border-top: 1px solid #BBB596;
    text-align: right;
  }
  #goodreads-widget .gr_branding{
    color: #382110;
    font-size: 11px;
    text-decoration: none;
    font-family: "Helvetica Neue", Helvetica, Arial, sans-serif;
  }
</style>
<div id="goodreads-widget">
  <div id="gr_header"><h1><a rel="nofollow" href="https://www.goodreads.com/book/show/107773.Mercy">Mercy Reviews</a></h1></div>
  <iframe id="the_iframe" src="https://www.goodreads.com/api/reviews_widget_iframe?did=DEVELOPER_ID&amp;format=html&amp;isbn=0743430336&amp;links=660&amp;min_rating=&amp;review_back=fff&amp;stars=000&amp;text=000" width="565" height="400" frameborder="0"></iframe>
  <div id="gr_footer">
    <a class="gr_branding" target="_blank" rel="nofollow" href="https://www.goodreads.com/book/show/107773.Mercy?utm_medium=api&amp;utm_source=reviews_widget">Reviews from Goodreads.com</a>
  </div>
</div>

      ]]>
    </reviews_widget>
  <popular_shelves>
      <shelf name="to-read" count="3423"/>
      <shelf name="romance" count="385"/>
      <shelf name="julie-garwood" count="263"/>
      <shelf name="romantic-suspense" count="241"/>
      <shelf name="currently-reading" count="224"/>
      <shelf name="contemporary" count="116"/>
      <shelf name="mystery" count="114"/>
      <shelf name="suspense" count="105"/>
      <shelf name="contemporary-romance" count="97"/>
      <shelf name="favorites" count="85"/>
      <shelf name="fiction" count="61"/>
      <shelf name="series" count="55"/>
      <shelf name="default" count="49"/>
      <shelf name="books-i-own" count="37"/>
      <shelf name="owned" count="35"/>
      <shelf name="thriller" count="33"/>
      <shelf name="garwood-julie" count="32"/>
      <shelf name="mystery-suspense" count="29"/>
      <shelf name="garwood" count="28"/>
      <shelf name="adult" count="25"/>
      <shelf name="library" count="24"/>
      <shelf name="crime" count="18"/>
      <shelf name="romance-contemporary" count="15"/>
      <shelf name="paperback" count="14"/>
      <shelf name="romance-suspense" count="14"/>
      <shelf name="audio" count="14"/>
      <shelf name="owned-books" count="13"/>
      <shelf name="suspense-romance" count="13"/>
      <shelf name="chick-lit" count="13"/>
      <shelf name="ebook" count="12"/>
      <shelf name="kindle" count="12"/>
      <shelf name="fbi" count="11"/>
      <shelf name="buchanan" count="11"/>
      <shelf name="adult-fiction" count="11"/>
      <shelf name="re-read" count="10"/>
      <shelf name="mystery-thriller" count="9"/>
      <shelf name="buchanan-renard" count="9"/>
      <shelf name="favorite-authors" count="9"/>
      <shelf name="historical-romance" count="9"/>
      <shelf name="buchanan-renard-series" count="8"/>
      <shelf name="ebooks" count="8"/>
      <shelf name="part-of-a-series" count="8"/>
      <shelf name="i-own" count="8"/>
      <shelf name="garwood--julie" count="8"/>
      <shelf name="romance-mystery" count="8"/>
      <shelf name="my-library" count="7"/>
      <shelf name="suspence" count="7"/>
      <shelf name="suspense-thriller" count="7"/>
      <shelf name="library-book" count="7"/>
      <shelf name="mysteries" count="7"/>
      <shelf name="audible" count="6"/>
      <shelf name="buchanan-series" count="6"/>
      <shelf name="romantic-suspence" count="6"/>
      <shelf name="5-stars" count="6"/>
      <shelf name="e-books" count="6"/>
      <shelf name="e-book" count="6"/>
      <shelf name="my-books" count="6"/>
      <shelf name="3-stars" count="6"/>
      <shelf name="modern" count="6"/>
      <shelf name="thrillers" count="6"/>
      <shelf name="book" count="6"/>
      <shelf name="mystery-suspense-thriller" count="6"/>
      <shelf name="modern-romance" count="6"/>
      <shelf name="humor" count="5"/>
      <shelf name="action" count="5"/>
      <shelf name="read-2014" count="5"/>
      <shelf name="my-bookshelf" count="5"/>
      <shelf name="romantic-mystery" count="5"/>
      <shelf name="4-stars" count="5"/>
      <shelf name="favourites" count="5"/>
      <shelf name="mystery-crime" count="5"/>
      <shelf name="lawyers" count="5"/>
      <shelf name="medical" count="5"/>
      <shelf name="have" count="5"/>
      <shelf name="read-in-2011" count="5"/>
      <shelf name="contemporary-fiction" count="5"/>
      <shelf name="romantic" count="5"/>
      <shelf name="to-buy" count="5"/>
      <shelf name="own-it" count="5"/>
      <shelf name="law-enforcement" count="5"/>
      <shelf name="reviewed" count="5"/>
      <shelf name="audiobook" count="5"/>
      <shelf name="favorite-series" count="5"/>
      <shelf name="unread" count="5"/>
      <shelf name="suspense-mystery" count="5"/>
      <shelf name="mystery-romance" count="5"/>
      <shelf name="done" count="4"/>
      <shelf name="crime-mystery" count="4"/>
      <shelf name="favorite-author" count="4"/>
      <shelf name="favorite" count="4"/>
      <shelf name="epub" count="4"/>
      <shelf name="m-f" count="4"/>
      <shelf name="murder-mystery" count="4"/>
      <shelf name="2" count="4"/>
      <shelf name="funny" count="4"/>
      <shelf name="nook" count="4"/>
      <shelf name="thriller-mystery" count="4"/>
      <shelf name="contemp-romance" count="4"/>
      <shelf name="favs" count="4"/>
      <shelf name="read-2016" count="3"/>
  </popular_shelves>
  <book_links>
    <book_link>
  <id>8</id>
  <name>Libraries</name>
  <link>https://www.goodreads.com/book_link/follow/8</link>
</book_link>

  </book_links>
  <buy_links>
    <buy_link>
<id>1</id>
<name>Amazon</name>
<link>https://www.goodreads.com/book_link/follow/1</link>
</buy_link>
<buy_link>
<id>10</id>
<name>Audible</name>
<link>https://www.goodreads.com/book_link/follow/10</link>
</buy_link>
<buy_link>
<id>3</id>
<name>Barnes &amp; Noble</name>
<link>https://www.goodreads.com/book_link/follow/3</link>
</buy_link>
<buy_link>
<id>1027</id>
<name>Kobo</name>
<link>https://www.goodreads.com/book_link/follow/1027</link>
</buy_link>
<buy_link>
<id>2102</id>
<name>Apple iBooks</name>
<link>https://www.goodreads.com/book_link/follow/2102</link>
</buy_link>
<buy_link>
<id>8036</id>
<name>Google Play</name>
<link>https://www.goodreads.com/book_link/follow/8036</link>
</buy_link>
<buy_link>
<id>4</id>
<name>Abebooks</name>
<link>https://www.goodreads.com/book_link/follow/4</link>
</buy_link>
<buy_link>
<id>882</id>
<name>Book Depository</name>
<link>https://www.goodreads.com/book_link/follow/882</link>
</buy_link>
<buy_link>
<id>9</id>
<name>Indigo</name>
<link>https://www.goodreads.com/book_link/follow/9</link>
</buy_link>
<buy_link>
<id>2</id>
<name>Half.com</name>
<link>https://www.goodreads.com/book_link/follow/2</link>
</buy_link>
<buy_link>
<id>5</id>
<name>Alibris</name>
<link>https://www.goodreads.com/book_link/follow/5</link>
</buy_link>
<buy_link>
<id>107</id>
<name>Better World Books</name>
<link>https://www.goodreads.com/book_link/follow/107</link>
</buy_link>
<buy_link>
<id>7</id>
<name>IndieBound</name>
<link>https://www.goodreads.com/book_link/follow/7</link>
</buy_link>

  </buy_links>
  <series_works>
    <series_work>
<id>144502</id>
<user_position>2</user_position>
<series>
<id>40401</id>
<title>
<![CDATA[
    Buchanan-Renard
]]>
</title>
<description>
<![CDATA[
]]>
</description>
<note>
<![CDATA[
]]>
</note>
<series_works_count>14</series_works_count>
<primary_work_count>13</primary_work_count>
<numbered>true</numbered>
</series>

</series_work>

  </series_works>
  <similar_books>
          <book>
<id>420738</id>
<title><![CDATA[All the Queen's Men (CIA Spies, #2)]]></title>
<title_without_series>All the Queen&apos;s Men</title_without_series>
<link><![CDATA[https://www.goodreads.com/book/show/420738.All_the_Queen_s_Men]]></link>
<small_image_url><![CDATA[https://images.gr-assets.com/books/1298807616s/420738.jpg]]></small_image_url>
<image_url><![CDATA[https://images.gr-assets.com/books/1298807616m/420738.jpg]]></image_url>
<num_pages>376</num_pages>
<work>
<id>3242724</id>
</work>
<isbn>0671568841</isbn>
<isbn13>9780671568849</isbn13>
<average_rating>4.09</average_rating>
<ratings_count>8345</ratings_count>
<publication_year></publication_year>
<publication_month></publication_month>
<publication_day></publication_day>
<authors>
<author>
<id>16961</id>
<name>Linda Howard</name>
<link><![CDATA[https://www.goodreads.com/author/show/16961.Linda_Howard]]></link>
</author>
</authors>
</book>

          <book>
<id>530355</id>
<title><![CDATA[Die in Plain Sight (Rarities Unlimited, #3)]]></title>
<title_without_series>Die in Plain Sight</title_without_series>
<link><![CDATA[https://www.goodreads.com/book/show/530355.Die_in_Plain_Sight]]></link>
<small_image_url><![CDATA[https://s.gr-assets.com/assets/nophoto/book/50x75-a91bf249278a81aabab721ef782c4a74.png]]></small_image_url>
<image_url><![CDATA[https://s.gr-assets.com/assets/nophoto/book/111x148-bcc042a9c91a29c1d680899eff700a03.png]]></image_url>
<num_pages>518</num_pages>
<work>
<id>6767821</id>
</work>
<isbn>0060504110</isbn>
<isbn13>9780060504113</isbn13>
<average_rating>3.95</average_rating>
<ratings_count>4213</ratings_count>
<publication_year>2003</publication_year>
<publication_month>6</publication_month>
<publication_day>1</publication_day>
<authors>
<author>
<id>19051</id>
<name>Elizabeth Lowell</name>
<link><![CDATA[https://www.goodreads.com/author/show/19051.Elizabeth_Lowell]]></link>
</author>
</authors>
</book>

          <book>
<id>538181</id>
<title><![CDATA[Crazy Kisses (Steele Street, #4)]]></title>
<title_without_series>Crazy Kisses</title_without_series>
<link><![CDATA[https://www.goodreads.com/book/show/538181.Crazy_Kisses]]></link>
<small_image_url><![CDATA[https://s.gr-assets.com/assets/nophoto/book/50x75-a91bf249278a81aabab721ef782c4a74.png]]></small_image_url>
<image_url><![CDATA[https://s.gr-assets.com/assets/nophoto/book/111x148-bcc042a9c91a29c1d680899eff700a03.png]]></image_url>
<num_pages></num_pages>
<work>
<id>525596</id>
</work>
<isbn>0440242614</isbn>
<isbn13>9780440242611</isbn13>
<average_rating>4.19</average_rating>
<ratings_count>1996</ratings_count>
<publication_year></publication_year>
<publication_month></publication_month>
<publication_day></publication_day>
<authors>
<author>
<id>81784</id>
<name>Tara Janzen</name>
<link><![CDATA[https://www.goodreads.com/author/show/81784.Tara_Janzen]]></link>
</author>
</authors>
</book>

          <book>
<id>243746</id>
<title><![CDATA[Out of Control (Troubleshooters, #4)]]></title>
<title_without_series>Out of Control</title_without_series>
<link><![CDATA[https://www.goodreads.com/book/show/243746.Out_of_Control]]></link>
<small_image_url><![CDATA[https://s.gr-assets.com/assets/nophoto/book/50x75-a91bf249278a81aabab721ef782c4a74.png]]></small_image_url>
<image_url><![CDATA[https://s.gr-assets.com/assets/nophoto/book/111x148-bcc042a9c91a29c1d680899eff700a03.png]]></image_url>
<num_pages>470</num_pages>
<work>
<id>2451570</id>
</work>
<isbn>0345486404</isbn>
<isbn13>9780345486400</isbn13>
<average_rating>4.28</average_rating>
<ratings_count>8793</ratings_count>
<publication_year>2005</publication_year>
<publication_month>9</publication_month>
<publication_day>27</publication_day>
<authors>
<author>
<id>32638</id>
<name>Suzanne Brockmann</name>
<link><![CDATA[https://www.goodreads.com/author/show/32638.Suzanne_Brockmann]]></link>
</author>
</authors>
</book>

          <book>
<id>126932</id>
<title><![CDATA[Night Whispers (Second Opportunities, #3)]]></title>
<title_without_series>Night Whispers</title_without_series>
<link><![CDATA[https://www.goodreads.com/book/show/126932.Night_Whispers]]></link>
<small_image_url><![CDATA[https://s.gr-assets.com/assets/nophoto/book/50x75-a91bf249278a81aabab721ef782c4a74.png]]></small_image_url>
<image_url><![CDATA[https://s.gr-assets.com/assets/nophoto/book/111x148-bcc042a9c91a29c1d680899eff700a03.png]]></image_url>
<num_pages>451</num_pages>
<work>
<id>122272</id>
</work>
<isbn>0671525743</isbn>
<isbn13>9780671525743</isbn13>
<average_rating>3.77</average_rating>
<ratings_count>7529</ratings_count>
<publication_year>1999</publication_year>
<publication_month>7</publication_month>
<publication_day>20</publication_day>
<authors>
<author>
<id>9885</id>
<name>Judith McNaught</name>
<link><![CDATA[https://www.goodreads.com/author/show/9885.Judith_McNaught]]></link>
</author>
</authors>
</book>

          <book>
<id>1174062</id>
<title><![CDATA[To the Brink (The Bodyguards, #3)]]></title>
<title_without_series>To the Brink</title_without_series>
<link><![CDATA[https://www.goodreads.com/book/show/1174062.To_the_Brink]]></link>
<small_image_url><![CDATA[https://s.gr-assets.com/assets/nophoto/book/50x75-a91bf249278a81aabab721ef782c4a74.png]]></small_image_url>
<image_url><![CDATA[https://s.gr-assets.com/assets/nophoto/book/111x148-bcc042a9c91a29c1d680899eff700a03.png]]></image_url>
<num_pages>352</num_pages>
<work>
<id>2839890</id>
</work>
<isbn>0312990936</isbn>
<isbn13>9780312990930</isbn13>
<average_rating>4.17</average_rating>
<ratings_count>3989</ratings_count>
<publication_year>2005</publication_year>
<publication_month>12</publication_month>
<publication_day>27</publication_day>
<authors>
<author>
<id>195778</id>
<name>Cindy Gerard</name>
<link><![CDATA[https://www.goodreads.com/author/show/195778.Cindy_Gerard]]></link>
</author>
</authors>
</book>

  </similar_books>
</book>

</GoodreadsResponse>