<?xml version="1.0" encoding="UTF-8"?>
<GoodreadsResponse>
  <Request>
    <authentication>true</authentication>
      <key><![CDATA[all_men_must_serve]]></key>
    <method><![CDATA[book_show]]></method>
  </Request>
  <book>
  <id>10776592</id>
  <title><![CDATA[The Boy in the Suitcase (Nina Borg, #1)]]></title>
  <isbn><![CDATA[156947981X]]></isbn>
  <isbn13><![CDATA[9781569479810]]></isbn13>
  <asin><![CDATA[]]></asin>
  <kindle_asin><![CDATA[B004NNUXXE]]></kindle_asin>
  <marketplace_id><![CDATA[A1F83G8C2ARO7P]]></marketplace_id>
  <country_code><![CDATA[GB]]></country_code>
  <image_url>https://images.gr-assets.com/books/1320545877m/10776592.jpg</image_url>
  <small_image_url>https://images.gr-assets.com/books/1320545877s/10776592.jpg</small_image_url>
  <publication_year>2011</publication_year>
  <publication_month>11</publication_month>
  <publication_day>8</publication_day>
  <publisher>Soho Crime</publisher>
  <language_code>eng</language_code>
  <is_ebook>false</is_ebook>
  <description><![CDATA[Nina Borg, a Red Cross nurse, wife, and mother of two, is a compulsive do-gooder who can’t say no when someone asks for help—even when she knows better. When her estranged friend Karin leaves her a key to a public locker in the Copenhagen train station, Nina gets suckered into her most dangerous project yet. Inside the locker is a suitcase, and inside the suitcase is a three-year-old boy: naked and drugged, but alive.<br /><br /><br />Is the boy a victim of child trafficking? Can he be turned over to authorities, or will they only return him to whoever sold him? When Karin is discovered brutally murdered, Nina realizes that her life and the boy’s are in jeopardy, too. In an increasingly desperate trek across Denmark, Nina tries to figure out who the boy is, where he belongs, and who exactly is trying to hunt him down.]]></description>
  <work>
  <id type="integer">15688402</id>
  <books_count type="integer">53</books_count>
  <best_book_id type="integer">10776592</best_book_id>
  <reviews_count type="integer">66154</reviews_count>
  <ratings_sum type="integer">97563</ratings_sum>
  <ratings_count type="integer">27105</ratings_count>
  <text_reviews_count type="integer">2910</text_reviews_count>
  <original_publication_year type="integer">2008</original_publication_year>
  <original_publication_month type="integer" nil="true"/>
  <original_publication_day type="integer" nil="true"/>
  <original_title>Drengen i kufferten</original_title>
  <original_language_id type="integer" nil="true"/>
  <media_type>book</media_type>
  <rating_dist>5:4593|4:10642|3:8990|2:2180|1:700|total:27105</rating_dist>
  <desc_user_id type="integer">3789615</desc_user_id>
  <default_chaptering_book_id type="integer" nil="true"/>
  <default_description_language_code nil="true"/>
</work>
  <average_rating>3.60</average_rating>
  <num_pages><![CDATA[313]]></num_pages>
  <format><![CDATA[Hardcover]]></format>
  <edition_information><![CDATA[]]></edition_information>
  <ratings_count><![CDATA[21679]]></ratings_count>
  <text_reviews_count><![CDATA[2541]]></text_reviews_count>
  <url><![CDATA[https://www.goodreads.com/book/show/10776592-the-boy-in-the-suitcase]]></url>
  <link><![CDATA[https://www.goodreads.com/book/show/10776592-the-boy-in-the-suitcase]]></link>
  <authors>
<author>
<id>3116926</id>
<name>Lene Kaaberbøl</name>
<role></role>
<image_url nophoto='false'>
<![CDATA[https://images.gr-assets.com/authors/1406556125p5/3116926.jpg]]>
</image_url>
<small_image_url nophoto='false'>
<![CDATA[https://images.gr-assets.com/authors/1406556125p2/3116926.jpg]]>
</small_image_url>
<link><![CDATA[https://www.goodreads.com/author/show/3116926.Lene_Kaaberb_l]]></link>
<average_rating>3.72</average_rating>
<ratings_count>56138</ratings_count>
<text_reviews_count>4521</text_reviews_count>
</author>
<author>
<id>3398035</id>
<name>Agnete Friis</name>
<role></role>
<image_url nophoto='false'>
<![CDATA[https://images.gr-assets.com/authors/1320909596p5/3398035.jpg]]>
</image_url>
<small_image_url nophoto='false'>
<![CDATA[https://images.gr-assets.com/authors/1320909596p2/3398035.jpg]]>
</small_image_url>
<link><![CDATA[https://www.goodreads.com/author/show/3398035.Agnete_Friis]]></link>
<average_rating>3.60</average_rating>
<ratings_count>31905</ratings_count>
<text_reviews_count>3583</text_reviews_count>
</author>
</authors>

    <reviews_widget>
      <![CDATA[
        <style>
  #goodreads-widget {
    font-family: georgia, serif;
    padding: 18px 0;
    width:565px;
  }
  #goodreads-widget h1 {
    font-weight:normal;
    font-size: 16px;
    border-bottom: 1px solid #BBB596;
    margin-bottom: 0;
  }
  #goodreads-widget a {
    text-decoration: none;
    color:#660;
  }
  iframe{
    background-color: #fff;
  }
  #goodreads-widget a:hover { text-decoration: underline; }
  #goodreads-widget a:active {
    color:#660;
  }
  #gr_footer {
    width: 100%;
    border-top: 1px solid #BBB596;
    text-align: right;
  }
  #goodreads-widget .gr_branding{
    color: #382110;
    font-size: 11px;
    text-decoration: none;
    font-family: "Helvetica Neue", Helvetica, Arial, sans-serif;
  }
</style>
<div id="goodreads-widget">
  <div id="gr_header"><h1><a rel="nofollow" href="https://www.goodreads.com/book/show/10776592-the-boy-in-the-suitcase">The Boy in the Suitcase Reviews</a></h1></div>
  <iframe id="the_iframe" src="https://www.goodreads.com/api/reviews_widget_iframe?did=DEVELOPER_ID&amp;format=html&amp;isbn=156947981X&amp;links=660&amp;min_rating=&amp;review_back=fff&amp;stars=000&amp;text=000" width="565" height="400" frameborder="0"></iframe>
  <div id="gr_footer">
    <a class="gr_branding" target="_blank" rel="nofollow" href="https://www.goodreads.com/book/show/10776592-the-boy-in-the-suitcase?utm_medium=api&amp;utm_source=reviews_widget">Reviews from Goodreads.com</a>
  </div>
</div>

      ]]>
    </reviews_widget>
  <popular_shelves>
      <shelf name="to-read" count="4071"/>
      <shelf name="currently-reading" count="933"/>
      <shelf name="mystery" count="565"/>
      <shelf name="fiction" count="344"/>
      <shelf name="thriller" count="183"/>
      <shelf name="kindle" count="138"/>
      <shelf name="crime" count="137"/>
      <shelf name="book-club" count="108"/>
      <shelf name="mystery-thriller" count="97"/>
      <shelf name="mysteries" count="85"/>
      <shelf name="series" count="84"/>
      <shelf name="suspense" count="83"/>
      <shelf name="denmark" count="76"/>
      <shelf name="audio" count="63"/>
      <shelf name="audiobook" count="57"/>
      <shelf name="library" count="54"/>
      <shelf name="books-i-own" count="50"/>
      <shelf name="audiobooks" count="41"/>
      <shelf name="owned" count="40"/>
      <shelf name="adult-fiction" count="39"/>
      <shelf name="scandinavia" count="38"/>
      <shelf name="favorites" count="37"/>
      <shelf name="mystery-suspense" count="37"/>
      <shelf name="nook" count="36"/>
      <shelf name="crime-fiction" count="34"/>
      <shelf name="ebooks" count="33"/>
      <shelf name="ebook" count="32"/>
      <shelf name="read-in-2012" count="31"/>
      <shelf name="adult" count="31"/>
      <shelf name="europe" count="30"/>
      <shelf name="mystery-crime" count="28"/>
      <shelf name="thrillers" count="27"/>
      <shelf name="audible" count="26"/>
      <shelf name="read-2013" count="24"/>
      <shelf name="audio-books" count="24"/>
      <shelf name="e-books" count="24"/>
      <shelf name="abandoned" count="23"/>
      <shelf name="contemporary" count="22"/>
      <shelf name="nordic" count="22"/>
      <shelf name="to-buy" count="22"/>
      <shelf name="read-in-2013" count="21"/>
      <shelf name="translation" count="21"/>
      <shelf name="read-2012" count="20"/>
      <shelf name="e-book" count="20"/>
      <shelf name="nordic-noir" count="20"/>
      <shelf name="suspense-thriller" count="20"/>
      <shelf name="crime-mystery" count="19"/>
      <shelf name="wish-list" count="19"/>
      <shelf name="audio-book" count="17"/>
      <shelf name="overdrive" count="17"/>
      <shelf name="danish" count="17"/>
      <shelf name="read-2015" count="15"/>
      <shelf name="on-kindle" count="15"/>
      <shelf name="did-not-finish" count="15"/>
      <shelf name="library-book" count="15"/>
      <shelf name="contemporary-fiction" count="15"/>
      <shelf name="drama" count="15"/>
      <shelf name="scandinavian" count="14"/>
      <shelf name="child-trafficking" count="14"/>
      <shelf name="2012-reads" count="14"/>
      <shelf name="bookclub" count="14"/>
      <shelf name="read-in-2014" count="13"/>
      <shelf name="owned-books" count="13"/>
      <shelf name="international" count="13"/>
      <shelf name="read-in-2016" count="12"/>
      <shelf name="scandinavian-noir" count="12"/>
      <shelf name="didn-t-finish" count="12"/>
      <shelf name="own-it" count="11"/>
      <shelf name="novel" count="11"/>
      <shelf name="gave-up-on" count="11"/>
      <shelf name="book-club-books" count="11"/>
      <shelf name="want-to-read" count="11"/>
      <shelf name="thriller-suspense" count="11"/>
      <shelf name="scandinavian-literature" count="10"/>
      <shelf name="calibre" count="10"/>
      <shelf name="kindle-books" count="10"/>
      <shelf name="borrowed" count="10"/>
      <shelf name="kidnapping" count="10"/>
      <shelf name="scandinavian-crime" count="10"/>
      <shelf name="first-reads" count="10"/>
      <shelf name="krimi" count="9"/>
      <shelf name="translated" count="9"/>
      <shelf name="default" count="9"/>
      <shelf name="own-kindle" count="9"/>
      <shelf name="finished" count="9"/>
      <shelf name="2012-books" count="9"/>
      <shelf name="my-ebooks" count="9"/>
      <shelf name="read-in-2011" count="9"/>
      <shelf name="2015-books" count="8"/>
      <shelf name="couldn-t-finish" count="8"/>
      <shelf name="kobo" count="8"/>
      <shelf name="2014-reads" count="8"/>
      <shelf name="on-my-kindle" count="8"/>
      <shelf name="adult-mystery" count="8"/>
      <shelf name="mystery-and-thriller" count="8"/>
      <shelf name="foreign" count="8"/>
      <shelf name="nook-books" count="8"/>
      <shelf name="lithuania" count="8"/>
      <shelf name="reviewed" count="8"/>
      <shelf name="recommended" count="8"/>
  </popular_shelves>
  <book_links>
    <book_link>
  <id>8</id>
  <name>Libraries</name>
  <link>https://www.goodreads.com/book_link/follow/8</link>
</book_link>

  </book_links>
  <buy_links>
    <buy_link>
<id>1</id>
<name>Amazon</name>
<link>https://www.goodreads.com/book_link/follow/1</link>
</buy_link>
<buy_link>
<id>10</id>
<name>Audible</name>
<link>https://www.goodreads.com/book_link/follow/10</link>
</buy_link>
<buy_link>
<id>3</id>
<name>Barnes &amp; Noble</name>
<link>https://www.goodreads.com/book_link/follow/3</link>
</buy_link>
<buy_link>
<id>1027</id>
<name>Kobo</name>
<link>https://www.goodreads.com/book_link/follow/1027</link>
</buy_link>
<buy_link>
<id>2102</id>
<name>Apple iBooks</name>
<link>https://www.goodreads.com/book_link/follow/2102</link>
</buy_link>
<buy_link>
<id>8036</id>
<name>Google Play</name>
<link>https://www.goodreads.com/book_link/follow/8036</link>
</buy_link>
<buy_link>
<id>4</id>
<name>Abebooks</name>
<link>https://www.goodreads.com/book_link/follow/4</link>
</buy_link>
<buy_link>
<id>882</id>
<name>Book Depository</name>
<link>https://www.goodreads.com/book_link/follow/882</link>
</buy_link>
<buy_link>
<id>9</id>
<name>Indigo</name>
<link>https://www.goodreads.com/book_link/follow/9</link>
</buy_link>
<buy_link>
<id>2</id>
<name>Half.com</name>
<link>https://www.goodreads.com/book_link/follow/2</link>
</buy_link>
<buy_link>
<id>5</id>
<name>Alibris</name>
<link>https://www.goodreads.com/book_link/follow/5</link>
</buy_link>
<buy_link>
<id>107</id>
<name>Better World Books</name>
<link>https://www.goodreads.com/book_link/follow/107</link>
</buy_link>
<buy_link>
<id>7</id>
<name>IndieBound</name>
<link>https://www.goodreads.com/book_link/follow/7</link>
</buy_link>

  </buy_links>
  <series_works>
    <series_work>
<id>396233</id>
<user_position>1</user_position>
<series>
<id>82940</id>
<title>
<![CDATA[
    Nina Borg
]]>
</title>
<description>
<![CDATA[
    Nina Borg, a Red Cross nurse in Copenhagen, Denmark:
]]>
</description>
<note>
<![CDATA[
]]>
</note>
<series_works_count>4</series_works_count>
<primary_work_count>4</primary_work_count>
<numbered>true</numbered>
</series>

</series_work>

  </series_works>
  <similar_books>
          <book>
<id>11505253</id>
<title><![CDATA[Night Rounds (Inspector Huss #2)]]></title>
<title_without_series>Night Rounds</title_without_series>
<link><![CDATA[https://www.goodreads.com/book/show/11505253-night-rounds]]></link>
<small_image_url><![CDATA[https://images.gr-assets.com/books/1333581051s/11505253.jpg]]></small_image_url>
<image_url><![CDATA[https://images.gr-assets.com/books/1333581051m/11505253.jpg]]></image_url>
<num_pages>336</num_pages>
<work>
<id>835555</id>
</work>
<isbn>1616950064</isbn>
<isbn13>9781616950064</isbn13>
<average_rating>3.77</average_rating>
<ratings_count>2101</ratings_count>
<publication_year>2012</publication_year>
<publication_month>2</publication_month>
<publication_day>14</publication_day>
<authors>
<author>
<id>283238</id>
<name>Helene Tursten</name>
<link><![CDATA[https://www.goodreads.com/author/show/283238.Helene_Tursten]]></link>
</author>
</authors>
</book>

          <book>
<id>15750714</id>
<title><![CDATA[Silenced (Fredrika Bergman and Alex Recht, #2)]]></title>
<title_without_series>Silenced</title_without_series>
<link><![CDATA[https://www.goodreads.com/book/show/15750714-silenced]]></link>
<small_image_url><![CDATA[https://images.gr-assets.com/books/1356513056s/15750714.jpg]]></small_image_url>
<image_url><![CDATA[https://images.gr-assets.com/books/1356513056m/15750714.jpg]]></image_url>
<num_pages>344</num_pages>
<work>
<id>13436237</id>
</work>
<isbn>143919890X</isbn>
<isbn13>9781439198902</isbn13>
<average_rating>3.78</average_rating>
<ratings_count>3036</ratings_count>
<publication_year>2013</publication_year>
<publication_month>3</publication_month>
<publication_day>5</publication_day>
<authors>
<author>
<id>4090485</id>
<name>Kristina Ohlsson</name>
<link><![CDATA[https://www.goodreads.com/author/show/4090485.Kristina_Ohlsson]]></link>
</author>
</authors>
</book>

          <book>
<id>3235328</id>
<title><![CDATA[Echoes from the Dead (The Öland Quartet, #1)]]></title>
<title_without_series>Echoes from the Dead</title_without_series>
<link><![CDATA[https://www.goodreads.com/book/show/3235328-echoes-from-the-dead]]></link>
<small_image_url><![CDATA[https://s.gr-assets.com/assets/nophoto/book/50x75-a91bf249278a81aabab721ef782c4a74.png]]></small_image_url>
<image_url><![CDATA[https://s.gr-assets.com/assets/nophoto/book/111x148-bcc042a9c91a29c1d680899eff700a03.png]]></image_url>
<num_pages>400</num_pages>
<work>
<id>3269806</id>
</work>
<isbn>0385342217</isbn>
<isbn13>9780385342216</isbn13>
<average_rating>3.82</average_rating>
<ratings_count>5412</ratings_count>
<publication_year>2008</publication_year>
<publication_month>11</publication_month>
<publication_day>25</publication_day>
<authors>
<author>
<id>1373542</id>
<name>Johan Theorin</name>
<link><![CDATA[https://www.goodreads.com/author/show/1373542.Johan_Theorin]]></link>
</author>
</authors>
</book>

          <book>
<id>6357994</id>
<title><![CDATA[Death Angels (Inspector Winter, #1)]]></title>
<title_without_series>Death Angels</title_without_series>
<link><![CDATA[https://www.goodreads.com/book/show/6357994-death-angels]]></link>
<small_image_url><![CDATA[https://s.gr-assets.com/assets/nophoto/book/50x75-a91bf249278a81aabab721ef782c4a74.png]]></small_image_url>
<image_url><![CDATA[https://s.gr-assets.com/assets/nophoto/book/111x148-bcc042a9c91a29c1d680899eff700a03.png]]></image_url>
<num_pages>304</num_pages>
<work>
<id>3070146</id>
</work>
<isbn>0143116096</isbn>
<isbn13>9780143116097</isbn13>
<average_rating>3.57</average_rating>
<ratings_count>2069</ratings_count>
<publication_year>2009</publication_year>
<publication_month>9</publication_month>
<publication_day>29</publication_day>
<authors>
<author>
<id>72888</id>
<name>Åke Edwardson</name>
<link><![CDATA[https://www.goodreads.com/author/show/72888._ke_Edwardson]]></link>
</author>
</authors>
</book>

          <book>
<id>10403667</id>
<title>The Hand That Trembles</title>
<title_without_series>The Hand That Trembles</title_without_series>
<link><![CDATA[https://www.goodreads.com/book/show/10403667-the-hand-that-trembles]]></link>
<small_image_url><![CDATA[https://s.gr-assets.com/assets/nophoto/book/50x75-a91bf249278a81aabab721ef782c4a74.png]]></small_image_url>
<image_url><![CDATA[https://s.gr-assets.com/assets/nophoto/book/111x148-bcc042a9c91a29c1d680899eff700a03.png]]></image_url>
<num_pages>320</num_pages>
<work>
<id>15307653</id>
</work>
<isbn>0312605056</isbn>
<isbn13>9780312605056</isbn13>
<average_rating>3.51</average_rating>
<ratings_count>1047</ratings_count>
<publication_year>2011</publication_year>
<publication_month>8</publication_month>
<publication_day>2</publication_day>
<authors>
<author>
<id>274523</id>
<name>Kjell Eriksson</name>
<link><![CDATA[https://www.goodreads.com/author/show/274523.Kjell_Eriksson]]></link>
</author>
</authors>
</book>

          <book>
<id>8854839</id>
<title><![CDATA[Lucifer's Tears (Inspector Kari Vaara, #2)]]></title>
<title_without_series>Lucifer&apos;s Tears</title_without_series>
<link><![CDATA[https://www.goodreads.com/book/show/8854839-lucifer-s-tears]]></link>
<small_image_url><![CDATA[https://s.gr-assets.com/assets/nophoto/book/50x75-a91bf249278a81aabab721ef782c4a74.png]]></small_image_url>
<image_url><![CDATA[https://s.gr-assets.com/assets/nophoto/book/111x148-bcc042a9c91a29c1d680899eff700a03.png]]></image_url>
<num_pages>336</num_pages>
<work>
<id>13729960</id>
</work>
<isbn>039915700X</isbn>
<isbn13>9780399157004</isbn13>
<average_rating>3.83</average_rating>
<ratings_count>1800</ratings_count>
<publication_year>2011</publication_year>
<publication_month>3</publication_month>
<publication_day>17</publication_day>
<authors>
<author>
<id>2114</id>
<name>James Thompson</name>
<link><![CDATA[https://www.goodreads.com/author/show/2114.James_Thompson]]></link>
</author>
</authors>
</book>

          <book>
<id>10416235</id>
<title><![CDATA[Until Thy Wrath be Past (Rebecka Martinsson, #4)]]></title>
<title_without_series>Until Thy Wrath be Past</title_without_series>
<link><![CDATA[https://www.goodreads.com/book/show/10416235-until-thy-wrath-be-past]]></link>
<small_image_url><![CDATA[https://images.gr-assets.com/books/1328767573s/10416235.jpg]]></small_image_url>
<image_url><![CDATA[https://images.gr-assets.com/books/1328767573m/10416235.jpg]]></image_url>
<num_pages>256</num_pages>
<work>
<id>6213187</id>
</work>
<isbn>1402787162</isbn>
<isbn13>9781402787164</isbn13>
<average_rating>3.88</average_rating>
<ratings_count>4442</ratings_count>
<publication_year>2011</publication_year>
<publication_month>11</publication_month>
<publication_day>1</publication_day>
<authors>
<author>
<id>168255</id>
<name>Åsa Larsson</name>
<link><![CDATA[https://www.goodreads.com/author/show/168255._sa_Larsson]]></link>
</author>
</authors>
</book>

          <book>
<id>1443159</id>
<title>Misterioso (A-gruppen, #1)</title>
<title_without_series>Misterioso</title_without_series>
<link><![CDATA[https://www.goodreads.com/book/show/1443159.Misterioso]]></link>
<small_image_url><![CDATA[https://images.gr-assets.com/books/1410379967s/1443159.jpg]]></small_image_url>
<image_url><![CDATA[https://images.gr-assets.com/books/1410379967m/1443159.jpg]]></image_url>
<num_pages>352</num_pages>
<work>
<id>1433799</id>
</work>
<isbn>3492239927</isbn>
<isbn13>9783492239929</isbn13>
<average_rating>3.65</average_rating>
<ratings_count>2910</ratings_count>
<publication_year>2003</publication_year>
<publication_month>11</publication_month>
<publication_day>1</publication_day>
<authors>
<author>
<id>678217</id>
<name>Arne Dahl</name>
<link><![CDATA[https://www.goodreads.com/author/show/678217.Arne_Dahl]]></link>
</author>
</authors>
</book>

          <book>
<id>5983731</id>
<title><![CDATA[Random Violence (Jade de Jong, #1)]]></title>
<title_without_series>Random Violence</title_without_series>
<link><![CDATA[https://www.goodreads.com/book/show/5983731-random-violence]]></link>
<small_image_url><![CDATA[https://images.gr-assets.com/books/1334833468s/5983731.jpg]]></small_image_url>
<image_url><![CDATA[https://images.gr-assets.com/books/1334833468m/5983731.jpg]]></image_url>
<num_pages></num_pages>
<work>
<id>6157394</id>
</work>
<isbn>1569476292</isbn>
<isbn13>9781569476291</isbn13>
<average_rating>3.58</average_rating>
<ratings_count>529</ratings_count>
<publication_year>2010</publication_year>
<publication_month>4</publication_month>
<publication_day>1</publication_day>
<authors>
<author>
<id>1253807</id>
<name>Jassy Mackenzie</name>
<link><![CDATA[https://www.goodreads.com/author/show/1253807.Jassy_Mackenzie]]></link>
</author>
</authors>
</book>

          <book>
<id>484667</id>
<title><![CDATA[When the Devil Holds the Candle (Inspector Konrad Sejer, #4)]]></title>
<title_without_series><![CDATA[When the Devil Holds the Candle]]></title_without_series>
<link><![CDATA[https://www.goodreads.com/book/show/484667.When_the_Devil_Holds_the_Candle]]></link>
<small_image_url><![CDATA[https://images.gr-assets.com/books/1328833284s/484667.jpg]]></small_image_url>
<image_url><![CDATA[https://images.gr-assets.com/books/1328833284m/484667.jpg]]></image_url>
<num_pages></num_pages>
<work>
<id>472987</id>
</work>
<isbn>0156032120</isbn>
<isbn13>9780156032124</isbn13>
<average_rating>3.76</average_rating>
<ratings_count>4004</ratings_count>
<publication_year></publication_year>
<publication_month></publication_month>
<publication_day></publication_day>
<authors>
<author>
<id>163027</id>
<name>Karin Fossum</name>
<link><![CDATA[https://www.goodreads.com/author/show/163027.Karin_Fossum]]></link>
</author>
</authors>
</book>

          <book>
<id>9292518</id>
<title><![CDATA[Three Seconds (Grens & Sundkvist #5)]]></title>
<title_without_series>Three Seconds</title_without_series>
<link><![CDATA[https://www.goodreads.com/book/show/9292518-three-seconds]]></link>
<small_image_url><![CDATA[https://s.gr-assets.com/assets/nophoto/book/50x75-a91bf249278a81aabab721ef782c4a74.png]]></small_image_url>
<image_url><![CDATA[https://s.gr-assets.com/assets/nophoto/book/111x148-bcc042a9c91a29c1d680899eff700a03.png]]></image_url>
<num_pages>489</num_pages>
<work>
<id>13417447</id>
</work>
<isbn>1402785925</isbn>
<isbn13>9781402785924</isbn13>
<average_rating>3.82</average_rating>
<ratings_count>4407</ratings_count>
<publication_year></publication_year>
<publication_month></publication_month>
<publication_day></publication_day>
<authors>
<author>
<id>676070</id>
<name>Anders Roslund</name>
<link><![CDATA[https://www.goodreads.com/author/show/676070.Anders_Roslund]]></link>
</author>
</authors>
</book>

          <book>
<id>8241436</id>
<title><![CDATA[Frozen Assets (Officer Gunnhilder, #1)]]></title>
<title_without_series>Frozen Assets</title_without_series>
<link><![CDATA[https://www.goodreads.com/book/show/8241436-frozen-assets]]></link>
<small_image_url><![CDATA[https://s.gr-assets.com/assets/nophoto/book/50x75-a91bf249278a81aabab721ef782c4a74.png]]></small_image_url>
<image_url><![CDATA[https://s.gr-assets.com/assets/nophoto/book/111x148-bcc042a9c91a29c1d680899eff700a03.png]]></image_url>
<num_pages>330</num_pages>
<work>
<id>13088928</id>
</work>
<isbn>1569478678</isbn>
<isbn13>9781569478677</isbn13>
<average_rating>3.53</average_rating>
<ratings_count>1319</ratings_count>
<publication_year>2011</publication_year>
<publication_month>1</publication_month>
<publication_day>18</publication_day>
<authors>
<author>
<id>4020426</id>
<name>Quentin Bates</name>
<link><![CDATA[https://www.goodreads.com/author/show/4020426.Quentin_Bates]]></link>
</author>
</authors>
</book>

          <book>
<id>9661887</id>
<title><![CDATA[Furðustrandir (Inspector Erlendur #11)]]></title>
<title_without_series>Furðustrandir</title_without_series>
<link><![CDATA[https://www.goodreads.com/book/show/9661887-fur-ustrandir]]></link>
<small_image_url><![CDATA[https://images.gr-assets.com/books/1289227896s/9661887.jpg]]></small_image_url>
<image_url><![CDATA[https://images.gr-assets.com/books/1289227896m/9661887.jpg]]></image_url>
<num_pages>301</num_pages>
<work>
<id>14549549</id>
</work>
<isbn>9979221232</isbn>
<isbn13>9789979221234</isbn13>
<average_rating>3.89</average_rating>
<ratings_count>3432</ratings_count>
<publication_year>2010</publication_year>
<publication_month>11</publication_month>
<publication_day>1</publication_day>
<authors>
<author>
<id>6861265</id>
<name>Arnaldur Indriðason</name>
<link><![CDATA[https://www.goodreads.com/author/show/6861265.Arnaldur_Indri_ason]]></link>
</author>
</authors>
</book>

          <book>
<id>12017508</id>
<title>Dregs (William Wisting #6)</title>
<title_without_series>Dregs</title_without_series>
<link><![CDATA[https://www.goodreads.com/book/show/12017508-dregs]]></link>
<small_image_url><![CDATA[https://images.gr-assets.com/books/1328320897s/12017508.jpg]]></small_image_url>
<image_url><![CDATA[https://images.gr-assets.com/books/1328320897m/12017508.jpg]]></image_url>
<num_pages>310</num_pages>
<work>
<id>16982830</id>
</work>
<isbn>1905207670</isbn>
<isbn13>9781905207671</isbn13>
<average_rating>3.75</average_rating>
<ratings_count>1280</ratings_count>
<publication_year>2011</publication_year>
<publication_month></publication_month>
<publication_day></publication_day>
<authors>
<author>
<id>764007</id>
<name>Jørn Lier Horst</name>
<link><![CDATA[https://www.goodreads.com/author/show/764007.J_rn_Lier_Horst]]></link>
</author>
</authors>
</book>

          <book>
<id>13027628</id>
<title><![CDATA[Suppose You Meet a Dinosaur: A First Book of Manners]]></title>
<title_without_series><![CDATA[Suppose You Meet a Dinosaur: A First Book of Manners]]></title_without_series>
<link><![CDATA[https://www.goodreads.com/book/show/13027628-suppose-you-meet-a-dinosaur]]></link>
<small_image_url><![CDATA[https://s.gr-assets.com/assets/nophoto/book/50x75-a91bf249278a81aabab721ef782c4a74.png]]></small_image_url>
<image_url><![CDATA[https://s.gr-assets.com/assets/nophoto/book/111x148-bcc042a9c91a29c1d680899eff700a03.png]]></image_url>
<num_pages>40</num_pages>
<work>
<id>18190786</id>
</work>
<isbn>0375867201</isbn>
<isbn13>9780375867200</isbn13>
<average_rating>3.93</average_rating>
<ratings_count>377</ratings_count>
<publication_year>2012</publication_year>
<publication_month>1</publication_month>
<publication_day>10</publication_day>
<authors>
<author>
<id>1241</id>
<name>Judy Sierra</name>
<link><![CDATA[https://www.goodreads.com/author/show/1241.Judy_Sierra]]></link>
</author>
</authors>
</book>

  </similar_books>
</book>

</GoodreadsResponse>