<?xml version="1.0" encoding="UTF-8"?>
<GoodreadsResponse>
  <Request>
    <authentication>true</authentication>
      <key><![CDATA[all_men_must_serve]]></key>
    <method><![CDATA[book_show]]></method>
  </Request>
  <book>
  <id>107779</id>
  <title><![CDATA[The Bride (Lairds' Fiancées, #1)]]></title>
  <isbn><![CDATA[0743452925]]></isbn>
  <isbn13><![CDATA[9780743452922]]></isbn13>
  <asin><![CDATA[]]></asin>
  <kindle_asin><![CDATA[B004XFYWNY]]></kindle_asin>
  <marketplace_id><![CDATA[A1F83G8C2ARO7P]]></marketplace_id>
  <country_code><![CDATA[GB]]></country_code>
  <image_url>https://images.gr-assets.com/books/1334369134m/107779.jpg</image_url>
  <small_image_url>https://images.gr-assets.com/books/1334369134s/107779.jpg</small_image_url>
  <publication_year></publication_year>
  <publication_month></publication_month>
  <publication_day></publication_day>
  <publisher></publisher>
  <language_code>eng</language_code>
  <is_ebook>false</is_ebook>
  <description><![CDATA[By the king's edict, Alec Kincaid, mightiest of the Scottish lairds, must take an English bride. And Jamie the youngest daughter of Baron Jamison, is his choice. From his first glimpse of the proud and beautiful English lady, Alec felt a burning hunger stir within him. This was a woman worthy of his fearless warrior's spirit. And he aches to touch her, tame her, possess her...forever. <p> But with the wedding vows, Jamie pledges her own secret oath: She will never surrender her love to this Highland barbarian. He was everything her heart warned her against -- an arrogant, brooding scoundrel whose rough good looks and seductive embrace fire her blood. But when strange accidents begin to threaten Jamie's life and an old rumor that Alec killed his first wife spreads anew, something far more dangerous than desire threatens to conquer her senses.</p>]]></description>
  <work>
  <id type="integer">2642843</id>
  <books_count type="integer">70</books_count>
  <best_book_id type="integer">107779</best_book_id>
  <reviews_count type="integer">67484</reviews_count>
  <ratings_sum type="integer">189347</ratings_sum>
  <ratings_count type="integer">44452</ratings_count>
  <text_reviews_count type="integer">1674</text_reviews_count>
  <original_publication_year type="integer">1989</original_publication_year>
  <original_publication_month type="integer">7</original_publication_month>
  <original_publication_day type="integer" nil="true"/>
  <original_title>The Bride</original_title>
  <original_language_id type="integer" nil="true"/>
  <media_type>book</media_type>
  <rating_dist>5:22449|4:13636|3:6421|2:1349|1:597|total:44452</rating_dist>
  <desc_user_id type="integer">12859528</desc_user_id>
  <default_chaptering_book_id type="integer" nil="true"/>
  <default_description_language_code nil="true"/>
</work>
  <average_rating>4.26</average_rating>
  <num_pages><![CDATA[]]></num_pages>
  <format><![CDATA[]]></format>
  <edition_information><![CDATA[]]></edition_information>
  <ratings_count><![CDATA[39955]]></ratings_count>
  <text_reviews_count><![CDATA[1265]]></text_reviews_count>
  <url><![CDATA[https://www.goodreads.com/book/show/107779.The_Bride]]></url>
  <link><![CDATA[https://www.goodreads.com/book/show/107779.The_Bride]]></link>
  <authors>
<author>
<id>6251</id>
<name>Julie Garwood</name>
<role></role>
<image_url nophoto='false'>
<![CDATA[https://images.gr-assets.com/authors/1414607796p5/6251.jpg]]>
</image_url>
<small_image_url nophoto='false'>
<![CDATA[https://images.gr-assets.com/authors/1414607796p2/6251.jpg]]>
</small_image_url>
<link><![CDATA[https://www.goodreads.com/author/show/6251.Julie_Garwood]]></link>
<average_rating>4.10</average_rating>
<ratings_count>475124</ratings_count>
<text_reviews_count>17259</text_reviews_count>
</author>
</authors>

    <reviews_widget>
      <![CDATA[
        <style>
  #goodreads-widget {
    font-family: georgia, serif;
    padding: 18px 0;
    width:565px;
  }
  #goodreads-widget h1 {
    font-weight:normal;
    font-size: 16px;
    border-bottom: 1px solid #BBB596;
    margin-bottom: 0;
  }
  #goodreads-widget a {
    text-decoration: none;
    color:#660;
  }
  iframe{
    background-color: #fff;
  }
  #goodreads-widget a:hover { text-decoration: underline; }
  #goodreads-widget a:active {
    color:#660;
  }
  #gr_footer {
    width: 100%;
    border-top: 1px solid #BBB596;
    text-align: right;
  }
  #goodreads-widget .gr_branding{
    color: #382110;
    font-size: 11px;
    text-decoration: none;
    font-family: "Helvetica Neue", Helvetica, Arial, sans-serif;
  }
</style>
<div id="goodreads-widget">
  <div id="gr_header"><h1><a rel="nofollow" href="https://www.goodreads.com/book/show/107779.The_Bride">The Bride Reviews</a></h1></div>
  <iframe id="the_iframe" src="https://www.goodreads.com/api/reviews_widget_iframe?did=DEVELOPER_ID&amp;format=html&amp;isbn=0743452925&amp;links=660&amp;min_rating=&amp;review_back=fff&amp;stars=000&amp;text=000" width="565" height="400" frameborder="0"></iframe>
  <div id="gr_footer">
    <a class="gr_branding" target="_blank" rel="nofollow" href="https://www.goodreads.com/book/show/107779.The_Bride?utm_medium=api&amp;utm_source=reviews_widget">Reviews from Goodreads.com</a>
  </div>
</div>

      ]]>
    </reviews_widget>
  <popular_shelves>
      <shelf name="to-read" count="9611"/>
      <shelf name="historical-romance" count="1444"/>
      <shelf name="romance" count="1357"/>
      <shelf name="historical" count="728"/>
      <shelf name="favorites" count="612"/>
      <shelf name="currently-reading" count="497"/>
      <shelf name="julie-garwood" count="332"/>
      <shelf name="historical-fiction" count="214"/>
      <shelf name="medieval" count="176"/>
      <shelf name="highlander" count="156"/>
      <shelf name="highlanders" count="131"/>
      <shelf name="series" count="121"/>
      <shelf name="adult" count="119"/>
      <shelf name="romance-historical" count="104"/>
      <shelf name="fiction" count="97"/>
      <shelf name="scotland" count="95"/>
      <shelf name="owned" count="68"/>
      <shelf name="books-i-own" count="64"/>
      <shelf name="funny" count="62"/>
      <shelf name="medieval-romance" count="60"/>
      <shelf name="audiobook" count="51"/>
      <shelf name="scottish" count="49"/>
      <shelf name="kindle" count="47"/>
      <shelf name="5-stars" count="47"/>
      <shelf name="alpha-male" count="46"/>
      <shelf name="audio" count="45"/>
      <shelf name="re-read" count="44"/>
      <shelf name="arranged-marriage" count="44"/>
      <shelf name="favorite" count="42"/>
      <shelf name="chick-lit" count="40"/>
      <shelf name="virgin-heroine" count="40"/>
      <shelf name="library" count="40"/>
      <shelf name="highland-romance" count="39"/>
      <shelf name="first-in-series" count="38"/>
      <shelf name="audiobooks" count="37"/>
      <shelf name="ebook" count="35"/>
      <shelf name="favourites" count="33"/>
      <shelf name="garwood-julie" count="33"/>
      <shelf name="garwood" count="33"/>
      <shelf name="default" count="32"/>
      <shelf name="humor" count="32"/>
      <shelf name="highlander-romance" count="31"/>
      <shelf name="dnf" count="30"/>
      <shelf name="marriage-of-convenience" count="30"/>
      <shelf name="audible" count="28"/>
      <shelf name="highlands" count="28"/>
      <shelf name="4-stars" count="27"/>
      <shelf name="hr" count="26"/>
      <shelf name="paperback" count="26"/>
      <shelf name="highland" count="23"/>
      <shelf name="5-star" count="23"/>
      <shelf name="part-of-a-series" count="22"/>
      <shelf name="e-book" count="22"/>
      <shelf name="ebooks" count="22"/>
      <shelf name="historical-romances" count="22"/>
      <shelf name="alpha-hero" count="21"/>
      <shelf name="scottish-romance" count="21"/>
      <shelf name="keeper" count="20"/>
      <shelf name="historicals" count="19"/>
      <shelf name="adult-fiction" count="19"/>
      <shelf name="historic" count="18"/>
      <shelf name="all-time-favorites" count="18"/>
      <shelf name="romance-novels" count="18"/>
      <shelf name="read-in-2012" count="17"/>
      <shelf name="historic-romance" count="17"/>
      <shelf name="to-buy" count="17"/>
      <shelf name="shelfari-favorites" count="16"/>
      <shelf name="mystery" count="16"/>
      <shelf name="humorous" count="16"/>
      <shelf name="author-julie-garwood" count="16"/>
      <shelf name="own-it" count="16"/>
      <shelf name="guilty-pleasures" count="16"/>
      <shelf name="favorite-heroine" count="15"/>
      <shelf name="my-books" count="15"/>
      <shelf name="love" count="15"/>
      <shelf name="favourite" count="15"/>
      <shelf name="owned-books" count="15"/>
      <shelf name="reread" count="15"/>
      <shelf name="m-f" count="15"/>
      <shelf name="audio-book" count="15"/>
      <shelf name="kick-ass-heroine" count="15"/>
      <shelf name="read-in-2010" count="15"/>
      <shelf name="favorite-books" count="15"/>
      <shelf name="marriage" count="15"/>
      <shelf name="2016-reads" count="14"/>
      <shelf name="read-in-2016" count="14"/>
      <shelf name="maybe" count="14"/>
      <shelf name="steamy" count="14"/>
      <shelf name="history" count="14"/>
      <shelf name="sweet" count="14"/>
      <shelf name="forced-marriage" count="14"/>
      <shelf name="virgin" count="14"/>
      <shelf name="read-in-2017" count="13"/>
      <shelf name="reto-rita-la-cantaora" count="13"/>
      <shelf name="read-in-2015" count="13"/>
      <shelf name="read-2015" count="13"/>
      <shelf name="to-read-romance" count="13"/>
      <shelf name="favorite-author" count="13"/>
      <shelf name="england" count="13"/>
      <shelf name="adult-romance" count="13"/>
  </popular_shelves>
  <book_links>
    <book_link>
  <id>8</id>
  <name>Libraries</name>
  <link>https://www.goodreads.com/book_link/follow/8</link>
</book_link>

  </book_links>
  <buy_links>
    <buy_link>
<id>1</id>
<name>Amazon</name>
<link>https://www.goodreads.com/book_link/follow/1</link>
</buy_link>
<buy_link>
<id>10</id>
<name>Audible</name>
<link>https://www.goodreads.com/book_link/follow/10</link>
</buy_link>
<buy_link>
<id>3</id>
<name>Barnes &amp; Noble</name>
<link>https://www.goodreads.com/book_link/follow/3</link>
</buy_link>
<buy_link>
<id>1027</id>
<name>Kobo</name>
<link>https://www.goodreads.com/book_link/follow/1027</link>
</buy_link>
<buy_link>
<id>2102</id>
<name>Apple iBooks</name>
<link>https://www.goodreads.com/book_link/follow/2102</link>
</buy_link>
<buy_link>
<id>8036</id>
<name>Google Play</name>
<link>https://www.goodreads.com/book_link/follow/8036</link>
</buy_link>
<buy_link>
<id>4</id>
<name>Abebooks</name>
<link>https://www.goodreads.com/book_link/follow/4</link>
</buy_link>
<buy_link>
<id>882</id>
<name>Book Depository</name>
<link>https://www.goodreads.com/book_link/follow/882</link>
</buy_link>
<buy_link>
<id>9</id>
<name>Indigo</name>
<link>https://www.goodreads.com/book_link/follow/9</link>
</buy_link>
<buy_link>
<id>2</id>
<name>Half.com</name>
<link>https://www.goodreads.com/book_link/follow/2</link>
</buy_link>
<buy_link>
<id>5</id>
<name>Alibris</name>
<link>https://www.goodreads.com/book_link/follow/5</link>
</buy_link>
<buy_link>
<id>107</id>
<name>Better World Books</name>
<link>https://www.goodreads.com/book_link/follow/107</link>
</buy_link>
<buy_link>
<id>7</id>
<name>IndieBound</name>
<link>https://www.goodreads.com/book_link/follow/7</link>
</buy_link>

  </buy_links>
  <series_works>
    <series_work>
<id>163100</id>
<user_position>1</user_position>
<series>
<id>43488</id>
<title>
<![CDATA[
    Lairds' Fiancées
]]>
</title>
<description>
<![CDATA[
]]>
</description>
<note>
<![CDATA[
]]>
</note>
<series_works_count>3</series_works_count>
<primary_work_count>2</primary_work_count>
<numbered>true</numbered>
</series>

</series_work>

  </series_works>
  <similar_books>
          <book>
<id>247093</id>
<title><![CDATA[Born in Sin (Brotherhood of the Sword #3/MacAllister, #2)]]></title>
<title_without_series>Born in Sin</title_without_series>
<link><![CDATA[https://www.goodreads.com/book/show/247093.Born_in_Sin]]></link>
<small_image_url><![CDATA[https://images.gr-assets.com/books/1327876212s/247093.jpg]]></small_image_url>
<image_url><![CDATA[https://images.gr-assets.com/books/1327876212m/247093.jpg]]></image_url>
<num_pages>372</num_pages>
<work>
<id>239390</id>
</work>
<isbn>038081790X</isbn>
<isbn13>9780380817900</isbn13>
<average_rating>4.24</average_rating>
<ratings_count>7529</ratings_count>
<publication_year>2003</publication_year>
<publication_month></publication_month>
<publication_day></publication_day>
<authors>
<author>
<id>34820</id>
<name>Kinley MacGregor</name>
<link><![CDATA[https://www.goodreads.com/author/show/34820.Kinley_MacGregor]]></link>
</author>
</authors>
</book>

          <book>
<id>129619</id>
<title><![CDATA[A Kingdom of Dreams (Westmoreland, #1)]]></title>
<title_without_series>A Kingdom of Dreams</title_without_series>
<link><![CDATA[https://www.goodreads.com/book/show/129619.A_Kingdom_of_Dreams]]></link>
<small_image_url><![CDATA[https://s.gr-assets.com/assets/nophoto/book/50x75-a91bf249278a81aabab721ef782c4a74.png]]></small_image_url>
<image_url><![CDATA[https://s.gr-assets.com/assets/nophoto/book/111x148-bcc042a9c91a29c1d680899eff700a03.png]]></image_url>
<num_pages>438</num_pages>
<work>
<id>1601384</id>
</work>
<isbn>0743474155</isbn>
<isbn13>9780743474153</isbn13>
<average_rating>4.25</average_rating>
<ratings_count>36101</ratings_count>
<publication_year>2003</publication_year>
<publication_month>7</publication_month>
<publication_day>1</publication_day>
<authors>
<author>
<id>9885</id>
<name>Judith McNaught</name>
<link><![CDATA[https://www.goodreads.com/author/show/9885.Judith_McNaught]]></link>
</author>
</authors>
</book>

          <book>
<id>11725779</id>
<title><![CDATA[Defiant (MacKinnon's Rangers, #3)]]></title>
<title_without_series>Defiant</title_without_series>
<link><![CDATA[https://www.goodreads.com/book/show/11725779-defiant]]></link>
<small_image_url><![CDATA[https://images.gr-assets.com/books/1311221817s/11725779.jpg]]></small_image_url>
<image_url><![CDATA[https://images.gr-assets.com/books/1311221817m/11725779.jpg]]></image_url>
<num_pages>364</num_pages>
<work>
<id>16104328</id>
</work>
<isbn>0425246116</isbn>
<isbn13>9780425246115</isbn13>
<average_rating>4.34</average_rating>
<ratings_count>2699</ratings_count>
<publication_year>2012</publication_year>
<publication_month>7</publication_month>
<publication_day>3</publication_day>
<authors>
<author>
<id>92650</id>
<name>Pamela Clare</name>
<link><![CDATA[https://www.goodreads.com/author/show/92650.Pamela_Clare]]></link>
</author>
</authors>
</book>

          <book>
<id>7379335</id>
<title>The Hawk (Highland Guard, #2)</title>
<title_without_series>The Hawk</title_without_series>
<link><![CDATA[https://www.goodreads.com/book/show/7379335-the-hawk]]></link>
<small_image_url><![CDATA[https://images.gr-assets.com/books/1351572353s/7379335.jpg]]></small_image_url>
<image_url><![CDATA[https://images.gr-assets.com/books/1351572353m/7379335.jpg]]></image_url>
<num_pages>382</num_pages>
<work>
<id>9216792</id>
</work>
<isbn>0345518241</isbn>
<isbn13>9780345518248</isbn13>
<average_rating>4.22</average_rating>
<ratings_count>7136</ratings_count>
<publication_year></publication_year>
<publication_month></publication_month>
<publication_day></publication_day>
<authors>
<author>
<id>589737</id>
<name>Monica McCarty</name>
<link><![CDATA[https://www.goodreads.com/author/show/589737.Monica_McCarty]]></link>
</author>
</authors>
</book>

          <book>
<id>10378106</id>
<title><![CDATA[Never Love a Highlander (McCabe Trilogy, #3)]]></title>
<title_without_series>Never Love a Highlander</title_without_series>
<link><![CDATA[https://www.goodreads.com/book/show/10378106-never-love-a-highlander]]></link>
<small_image_url><![CDATA[https://images.gr-assets.com/books/1348707357s/10378106.jpg]]></small_image_url>
<image_url><![CDATA[https://images.gr-assets.com/books/1348707357m/10378106.jpg]]></image_url>
<num_pages>305</num_pages>
<work>
<id>15281561</id>
</work>
<isbn>0345519515</isbn>
<isbn13>9780345519511</isbn13>
<average_rating>4.25</average_rating>
<ratings_count>18785</ratings_count>
<publication_year>2011</publication_year>
<publication_month>10</publication_month>
<publication_day>25</publication_day>
<authors>
<author>
<id>24978</id>
<name>Maya Banks</name>
<link><![CDATA[https://www.goodreads.com/author/show/24978.Maya_Banks]]></link>
</author>
</authors>
</book>

          <book>
<id>8563824</id>
<title><![CDATA[The Many Sins of Lord Cameron (MacKenzies & McBrides, #3)]]></title>
<title_without_series>The Many Sins of Lord Cameron</title_without_series>
<link><![CDATA[https://www.goodreads.com/book/show/8563824-the-many-sins-of-lord-cameron]]></link>
<small_image_url><![CDATA[https://images.gr-assets.com/books/1300209650s/8563824.jpg]]></small_image_url>
<image_url><![CDATA[https://images.gr-assets.com/books/1300209650m/8563824.jpg]]></image_url>
<num_pages>298</num_pages>
<work>
<id>13432297</id>
</work>
<isbn>0425240495</isbn>
<isbn13>9780425240496</isbn13>
<average_rating>4.10</average_rating>
<ratings_count>10530</ratings_count>
<publication_year>2011</publication_year>
<publication_month>8</publication_month>
<publication_day>2</publication_day>
<authors>
<author>
<id>28569</id>
<name>Jennifer Ashley</name>
<link><![CDATA[https://www.goodreads.com/author/show/28569.Jennifer_Ashley]]></link>
</author>
</authors>
</book>

          <book>
<id>330721</id>
<title><![CDATA[Dreaming of You (The Gamblers, #2)]]></title>
<title_without_series>Dreaming of You</title_without_series>
<link><![CDATA[https://www.goodreads.com/book/show/330721.Dreaming_of_You]]></link>
<small_image_url><![CDATA[https://images.gr-assets.com/books/1443223862s/330721.jpg]]></small_image_url>
<image_url><![CDATA[https://images.gr-assets.com/books/1443223862m/330721.jpg]]></image_url>
<num_pages>373</num_pages>
<work>
<id>679378</id>
</work>
<isbn>038077352X</isbn>
<isbn13>9780380773527</isbn13>
<average_rating>4.22</average_rating>
<ratings_count>26398</ratings_count>
<publication_year></publication_year>
<publication_month></publication_month>
<publication_day></publication_day>
<authors>
<author>
<id>27847</id>
<name>Lisa Kleypas</name>
<link><![CDATA[https://www.goodreads.com/author/show/27847.Lisa_Kleypas]]></link>
</author>
</authors>
</book>

          <book>
<id>1814627</id>
<title><![CDATA[Texas Destiny (Leigh Brothers Texas Trilogy, #1)]]></title>
<title_without_series>Texas Destiny</title_without_series>
<link><![CDATA[https://www.goodreads.com/book/show/1814627.Texas_Destiny]]></link>
<small_image_url><![CDATA[https://images.gr-assets.com/books/1309286770s/1814627.jpg]]></small_image_url>
<image_url><![CDATA[https://images.gr-assets.com/books/1309286770m/1814627.jpg]]></image_url>
<num_pages>384</num_pages>
<work>
<id>462221</id>
</work>
<isbn>0451407520</isbn>
<isbn13>9780451407528</isbn13>
<average_rating>4.02</average_rating>
<ratings_count>4519</ratings_count>
<publication_year>1997</publication_year>
<publication_month>6</publication_month>
<publication_day>1</publication_day>
<authors>
<author>
<id>104926</id>
<name>Lorraine Heath</name>
<link><![CDATA[https://www.goodreads.com/author/show/104926.Lorraine_Heath]]></link>
</author>
</authors>
</book>

          <book>
<id>422222</id>
<title>The Warlord (Montagues, #1)</title>
<title_without_series>The Warlord</title_without_series>
<link><![CDATA[https://www.goodreads.com/book/show/422222.The_Warlord]]></link>
<small_image_url><![CDATA[https://images.gr-assets.com/books/1322483395s/422222.jpg]]></small_image_url>
<image_url><![CDATA[https://images.gr-assets.com/books/1322483395m/422222.jpg]]></image_url>
<num_pages>386</num_pages>
<work>
<id>411338</id>
</work>
<isbn>0553569104</isbn>
<isbn13>9780553569100</isbn13>
<average_rating>3.91</average_rating>
<ratings_count>1621</ratings_count>
<publication_year>1995</publication_year>
<publication_month>6</publication_month>
<publication_day>1</publication_day>
<authors>
<author>
<id>238127</id>
<name>Elizabeth Elliott</name>
<link><![CDATA[https://www.goodreads.com/author/show/238127.Elizabeth_Elliott]]></link>
</author>
</authors>
</book>

          <book>
<id>1530868</id>
<title><![CDATA[Laird of the Mist (MacGregors, #1)]]></title>
<title_without_series>Laird of the Mist</title_without_series>
<link><![CDATA[https://www.goodreads.com/book/show/1530868.Laird_of_the_Mist]]></link>
<small_image_url><![CDATA[https://images.gr-assets.com/books/1331943549s/1530868.jpg]]></small_image_url>
<image_url><![CDATA[https://images.gr-assets.com/books/1331943549m/1530868.jpg]]></image_url>
<num_pages>311</num_pages>
<work>
<id>1522891</id>
</work>
<isbn>0446619124</isbn>
<isbn13>9780446619127</isbn13>
<average_rating>4.01</average_rating>
<ratings_count>5620</ratings_count>
<publication_year>2007</publication_year>
<publication_month>12</publication_month>
<publication_day>1</publication_day>
<authors>
<author>
<id>253272</id>
<name>Paula Quinn</name>
<link><![CDATA[https://www.goodreads.com/author/show/253272.Paula_Quinn]]></link>
</author>
</authors>
</book>

          <book>
<id>450924</id>
<title><![CDATA[Charming the Prince (Once Upon A Time, #1)]]></title>
<title_without_series>Charming the Prince</title_without_series>
<link><![CDATA[https://www.goodreads.com/book/show/450924.Charming_the_Prince]]></link>
<small_image_url><![CDATA[https://s.gr-assets.com/assets/nophoto/book/50x75-a91bf249278a81aabab721ef782c4a74.png]]></small_image_url>
<image_url><![CDATA[https://s.gr-assets.com/assets/nophoto/book/111x148-bcc042a9c91a29c1d680899eff700a03.png]]></image_url>
<num_pages>342</num_pages>
<work>
<id>439559</id>
</work>
<isbn>0553575023</isbn>
<isbn13>9780553575026</isbn13>
<average_rating>3.92</average_rating>
<ratings_count>4728</ratings_count>
<publication_year></publication_year>
<publication_month></publication_month>
<publication_day></publication_day>
<authors>
<author>
<id>19971</id>
<name>Teresa Medeiros</name>
<link><![CDATA[https://www.goodreads.com/author/show/19971.Teresa_Medeiros]]></link>
</author>
</authors>
</book>

  </similar_books>
</book>

</GoodreadsResponse>