<?xml version="1.0" encoding="UTF-8"?>
<GoodreadsResponse>
  <Request>
    <authentication>true</authentication>
      <key><![CDATA[all_men_must_serve]]></key>
    <method><![CDATA[book_show]]></method>
  </Request>
  <book>
  <id>107821</id>
  <title>Bridge of Sighs</title>
  <isbn><![CDATA[0375414959]]></isbn>
  <isbn13><![CDATA[9780375414954]]></isbn13>
  <asin><![CDATA[]]></asin>
  <kindle_asin><![CDATA[]]></kindle_asin>
  <marketplace_id><![CDATA[]]></marketplace_id>
  <country_code><![CDATA[GB]]></country_code>
  <image_url>https://images.gr-assets.com/books/1320397300m/107821.jpg</image_url>
  <small_image_url>https://images.gr-assets.com/books/1320397300s/107821.jpg</small_image_url>
  <publication_year>2007</publication_year>
  <publication_month>9</publication_month>
  <publication_day>25</publication_day>
  <publisher>Knopf</publisher>
  <language_code></language_code>
  <is_ebook>false</is_ebook>
  <description><![CDATA[Bridge of Sighs courses with small-town rhythms and the claims of family. Here is a town, as well as a world, defined by magnificent and nearly devastating contradictions.<br /><br />Louis Charles (“Lucy”) Lynch has spent all his sixty years in upstate Thomaston, New York, married to the same woman, Sarah, for forty of them, their son now a grown man. Like his late, beloved father, Lucy is an optimist, though he’s had plenty of reasons not to be—chief among them his mother, still indomitably alive. Yet it was her shrewdness, combined with that Lynch optimism, that had propelled them years ago to the right side of the tracks and created an “empire” of convenience stores about to be passed on to the next generation. <br /><br />Lucy and Sarah are also preparing for a once-in-a-lifetime trip to Italy, where his oldest friend, a renowned painter, has exiled himself far from anything they’d known in childhood. In fact, the exact nature of their friendship is one of the many mysteries Lucy hopes to untangle in the “history” he’s writing of his hometown and family. And with his story interspersed with that of Noonan, the native son who’d fled so long ago, the destinies building up around both of them (and Sarah, too) are relentless, constantly surprising, and utterly revealing. <br /><br />Bridge of Sighs is classic Russo, coursing with small-town rhythms and the claims of family, yet it is brilliantly enlarged by an expatriate whose motivations and experiences—often contrary, sometimes not—prove every bit as mesmerizing as they resonate through these richly different lives. Here is a town, as well as a world, defined by magnificent and nearly devastating contradictions.]]></description>
  <work>
  <id type="integer">6121267</id>
  <books_count type="integer">29</books_count>
  <best_book_id type="integer">107821</best_book_id>
  <reviews_count type="integer">28436</reviews_count>
  <ratings_sum type="integer">69236</ratings_sum>
  <ratings_count type="integer">18279</ratings_count>
  <text_reviews_count type="integer">2439</text_reviews_count>
  <original_publication_year type="integer">2007</original_publication_year>
  <original_publication_month type="integer" nil="true"/>
  <original_publication_day type="integer" nil="true"/>
  <original_title>Bridge of Sighs</original_title>
  <original_language_id type="integer" nil="true"/>
  <media_type>book</media_type>
  <rating_dist>5:4066|4:7969|3:4839|2:1108|1:297|total:18279</rating_dist>
  <desc_user_id type="integer" nil="true"/>
  <default_chaptering_book_id type="integer" nil="true"/>
  <default_description_language_code nil="true"/>
</work>
  <average_rating>3.79</average_rating>
  <num_pages><![CDATA[528]]></num_pages>
  <format><![CDATA[Hardcover]]></format>
  <edition_information><![CDATA[]]></edition_information>
  <ratings_count><![CDATA[17017]]></ratings_count>
  <text_reviews_count><![CDATA[2265]]></text_reviews_count>
  <url><![CDATA[https://www.goodreads.com/book/show/107821.Bridge_of_Sighs]]></url>
  <link><![CDATA[https://www.goodreads.com/book/show/107821.Bridge_of_Sighs]]></link>
  <authors>
<author>
<id>7844</id>
<name>Richard Russo</name>
<role></role>
<image_url nophoto='false'>
<![CDATA[https://images.gr-assets.com/authors/1462982489p5/7844.jpg]]>
</image_url>
<small_image_url nophoto='false'>
<![CDATA[https://images.gr-assets.com/authors/1462982489p2/7844.jpg]]>
</small_image_url>
<link><![CDATA[https://www.goodreads.com/author/show/7844.Richard_Russo]]></link>
<average_rating>3.89</average_rating>
<ratings_count>200256</ratings_count>
<text_reviews_count>15879</text_reviews_count>
</author>
</authors>

    <reviews_widget>
      <![CDATA[
        <style>
  #goodreads-widget {
    font-family: georgia, serif;
    padding: 18px 0;
    width:565px;
  }
  #goodreads-widget h1 {
    font-weight:normal;
    font-size: 16px;
    border-bottom: 1px solid #BBB596;
    margin-bottom: 0;
  }
  #goodreads-widget a {
    text-decoration: none;
    color:#660;
  }
  iframe{
    background-color: #fff;
  }
  #goodreads-widget a:hover { text-decoration: underline; }
  #goodreads-widget a:active {
    color:#660;
  }
  #gr_footer {
    width: 100%;
    border-top: 1px solid #BBB596;
    text-align: right;
  }
  #goodreads-widget .gr_branding{
    color: #382110;
    font-size: 11px;
    text-decoration: none;
    font-family: "Helvetica Neue", Helvetica, Arial, sans-serif;
  }
</style>
<div id="goodreads-widget">
  <div id="gr_header"><h1><a rel="nofollow" href="https://www.goodreads.com/book/show/107821.Bridge_of_Sighs">Bridge of Sighs Reviews</a></h1></div>
  <iframe id="the_iframe" src="https://www.goodreads.com/api/reviews_widget_iframe?did=DEVELOPER_ID&amp;format=html&amp;isbn=0375414959&amp;links=660&amp;min_rating=&amp;review_back=fff&amp;stars=000&amp;text=000" width="565" height="400" frameborder="0"></iframe>
  <div id="gr_footer">
    <a class="gr_branding" target="_blank" rel="nofollow" href="https://www.goodreads.com/book/show/107821.Bridge_of_Sighs?utm_medium=api&amp;utm_source=reviews_widget">Reviews from Goodreads.com</a>
  </div>
</div>

      ]]>
    </reviews_widget>
  <popular_shelves>
      <shelf name="to-read" count="7571"/>
      <shelf name="fiction" count="501"/>
      <shelf name="currently-reading" count="403"/>
      <shelf name="book-club" count="85"/>
      <shelf name="favorites" count="84"/>
      <shelf name="contemporary" count="49"/>
      <shelf name="owned" count="46"/>
      <shelf name="contemporary-fiction" count="40"/>
      <shelf name="audio" count="34"/>
      <shelf name="audiobooks" count="31"/>
      <shelf name="literary-fiction" count="29"/>
      <shelf name="novels" count="28"/>
      <shelf name="books-i-own" count="24"/>
      <shelf name="family" count="23"/>
      <shelf name="audiobook" count="22"/>
      <shelf name="literature" count="21"/>
      <shelf name="general-fiction" count="21"/>
      <shelf name="italy" count="19"/>
      <shelf name="family-relationships" count="18"/>
      <shelf name="coming-of-age" count="18"/>
      <shelf name="richard-russo" count="17"/>
      <shelf name="friendship" count="17"/>
      <shelf name="book-group" count="17"/>
      <shelf name="abandoned" count="17"/>
      <shelf name="adult-fiction" count="16"/>
      <shelf name="russo" count="15"/>
      <shelf name="library" count="14"/>
      <shelf name="kindle" count="14"/>
      <shelf name="literary" count="14"/>
      <shelf name="owned-books" count="13"/>
      <shelf name="relationships" count="13"/>
      <shelf name="audio-book" count="13"/>
      <shelf name="novel" count="12"/>
      <shelf name="my-library" count="11"/>
      <shelf name="bookclub" count="11"/>
      <shelf name="adult" count="11"/>
      <shelf name="default" count="10"/>
      <shelf name="new-york" count="10"/>
      <shelf name="audio-books" count="10"/>
      <shelf name="small-town" count="10"/>
      <shelf name="book-club-books" count="10"/>
      <shelf name="couldn-t-finish" count="10"/>
      <shelf name="own-it" count="9"/>
      <shelf name="did-not-finish" count="9"/>
      <shelf name="modern-fiction" count="9"/>
      <shelf name="read-in-2009" count="9"/>
      <shelf name="american" count="9"/>
      <shelf name="usa" count="9"/>
      <shelf name="to-read-fiction" count="8"/>
      <shelf name="town" count="8"/>
      <shelf name="shelfari-favorites" count="7"/>
      <shelf name="family-dysfunction" count="7"/>
      <shelf name="favorite-authors" count="7"/>
      <shelf name="borrowed" count="7"/>
      <shelf name="small" count="7"/>
      <shelf name="to-buy" count="7"/>
      <shelf name="ebook" count="7"/>
      <shelf name="listened-to" count="7"/>
      <shelf name="didn-t-finish" count="7"/>
      <shelf name="wish-list" count="7"/>
      <shelf name="read-in-2008" count="7"/>
      <shelf name="upstate-new-york" count="6"/>
      <shelf name="richard" count="6"/>
      <shelf name="read-2009" count="6"/>
      <shelf name="realistic-fiction" count="6"/>
      <shelf name="fiction-contemporary" count="6"/>
      <shelf name="audible" count="6"/>
      <shelf name="book-club-reads" count="6"/>
      <shelf name="lit" count="6"/>
      <shelf name="drama" count="5"/>
      <shelf name="fiction-read" count="5"/>
      <shelf name="21st-century" count="5"/>
      <shelf name="of" count="5"/>
      <shelf name="art" count="5"/>
      <shelf name="in-my-library" count="5"/>
      <shelf name="gave-up-on" count="5"/>
      <shelf name="stopped-reading" count="5"/>
      <shelf name="unfinished" count="5"/>
      <shelf name="read-2008" count="5"/>
      <shelf name="not-interested" count="4"/>
      <shelf name="r" count="4"/>
      <shelf name="russo-richard" count="4"/>
      <shelf name="family-drama" count="4"/>
      <shelf name="recommended" count="4"/>
      <shelf name="on-my-shelf" count="4"/>
      <shelf name="overdrive" count="4"/>
      <shelf name="owned-to-read" count="4"/>
      <shelf name="read-in-2011" count="4"/>
      <shelf name="american-lit" count="4"/>
      <shelf name="unread" count="4"/>
      <shelf name="top-100" count="4"/>
      <shelf name="i-own" count="4"/>
      <shelf name="want-to-read" count="4"/>
      <shelf name="small-towns" count="4"/>
      <shelf name="reviewed" count="4"/>
      <shelf name="contemporary-lit" count="4"/>
      <shelf name="all-time-favorites" count="4"/>
      <shelf name="america" count="4"/>
      <shelf name="american-fiction" count="4"/>
      <shelf name="recently-read" count="4"/>
  </popular_shelves>
  <book_links>
    <book_link>
  <id>8</id>
  <name>Libraries</name>
  <link>https://www.goodreads.com/book_link/follow/8</link>
</book_link>

  </book_links>
  <buy_links>
    <buy_link>
<id>1</id>
<name>Amazon</name>
<link>https://www.goodreads.com/book_link/follow/1</link>
</buy_link>
<buy_link>
<id>10</id>
<name>Audible</name>
<link>https://www.goodreads.com/book_link/follow/10</link>
</buy_link>
<buy_link>
<id>3</id>
<name>Barnes &amp; Noble</name>
<link>https://www.goodreads.com/book_link/follow/3</link>
</buy_link>
<buy_link>
<id>1027</id>
<name>Kobo</name>
<link>https://www.goodreads.com/book_link/follow/1027</link>
</buy_link>
<buy_link>
<id>2102</id>
<name>Apple iBooks</name>
<link>https://www.goodreads.com/book_link/follow/2102</link>
</buy_link>
<buy_link>
<id>8036</id>
<name>Google Play</name>
<link>https://www.goodreads.com/book_link/follow/8036</link>
</buy_link>
<buy_link>
<id>4</id>
<name>Abebooks</name>
<link>https://www.goodreads.com/book_link/follow/4</link>
</buy_link>
<buy_link>
<id>882</id>
<name>Book Depository</name>
<link>https://www.goodreads.com/book_link/follow/882</link>
</buy_link>
<buy_link>
<id>9</id>
<name>Indigo</name>
<link>https://www.goodreads.com/book_link/follow/9</link>
</buy_link>
<buy_link>
<id>2</id>
<name>Half.com</name>
<link>https://www.goodreads.com/book_link/follow/2</link>
</buy_link>
<buy_link>
<id>5</id>
<name>Alibris</name>
<link>https://www.goodreads.com/book_link/follow/5</link>
</buy_link>
<buy_link>
<id>107</id>
<name>Better World Books</name>
<link>https://www.goodreads.com/book_link/follow/107</link>
</buy_link>
<buy_link>
<id>7</id>
<name>IndieBound</name>
<link>https://www.goodreads.com/book_link/follow/7</link>
</buy_link>

  </buy_links>
  <series_works>
    
  </series_works>
  <similar_books>
          <book>
<id>209851</id>
<title>Fieldwork</title>
<title_without_series>Fieldwork</title_without_series>
<link><![CDATA[https://www.goodreads.com/book/show/209851.Fieldwork]]></link>
<small_image_url><![CDATA[https://s.gr-assets.com/assets/nophoto/book/50x75-a91bf249278a81aabab721ef782c4a74.png]]></small_image_url>
<image_url><![CDATA[https://s.gr-assets.com/assets/nophoto/book/111x148-bcc042a9c91a29c1d680899eff700a03.png]]></image_url>
<num_pages></num_pages>
<work>
<id>203114</id>
</work>
<isbn>0374299161</isbn>
<isbn13>9780374299163</isbn13>
<average_rating>3.61</average_rating>
<ratings_count>3365</ratings_count>
<publication_year></publication_year>
<publication_month></publication_month>
<publication_day></publication_day>
<authors>
<author>
<id>122855</id>
<name>Mischa Berlinski</name>
<link><![CDATA[https://www.goodreads.com/author/show/122855.Mischa_Berlinski]]></link>
</author>
</authors>
</book>

          <book>
<id>2381953</id>
<title>The God of War</title>
<title_without_series>The God of War</title_without_series>
<link><![CDATA[https://www.goodreads.com/book/show/2381953.The_God_of_War]]></link>
<small_image_url><![CDATA[https://s.gr-assets.com/assets/nophoto/book/50x75-a91bf249278a81aabab721ef782c4a74.png]]></small_image_url>
<image_url><![CDATA[https://s.gr-assets.com/assets/nophoto/book/111x148-bcc042a9c91a29c1d680899eff700a03.png]]></image_url>
<num_pages></num_pages>
<work>
<id>2388965</id>
</work>
<isbn>1416563164</isbn>
<isbn13>9781416563167</isbn13>
<average_rating>3.78</average_rating>
<ratings_count>802</ratings_count>
<publication_year></publication_year>
<publication_month></publication_month>
<publication_day></publication_day>
<authors>
<author>
<id>237135</id>
<name>Marisa Silver</name>
<link><![CDATA[https://www.goodreads.com/author/show/237135.Marisa_Silver]]></link>
</author>
</authors>
</book>

          <book>
<id>9897431</id>
<title>The Upright Piano Player</title>
<title_without_series>The Upright Piano Player</title_without_series>
<link><![CDATA[https://www.goodreads.com/book/show/9897431-the-upright-piano-player]]></link>
<small_image_url><![CDATA[https://images.gr-assets.com/books/1320450021s/9897431.jpg]]></small_image_url>
<image_url><![CDATA[https://images.gr-assets.com/books/1320450021m/9897431.jpg]]></image_url>
<num_pages>272</num_pages>
<work>
<id>14789617</id>
</work>
<isbn>0385534426</isbn>
<isbn13>9780385534420</isbn13>
<average_rating>3.24</average_rating>
<ratings_count>774</ratings_count>
<publication_year>2011</publication_year>
<publication_month>6</publication_month>
<publication_day>7</publication_day>
<authors>
<author>
<id>295299</id>
<name>David Abbott</name>
<link><![CDATA[https://www.goodreads.com/author/show/295299.David_Abbott]]></link>
</author>
</authors>
</book>

          <book>
<id>2217682</id>
<title>America America</title>
<title_without_series>America America</title_without_series>
<link><![CDATA[https://www.goodreads.com/book/show/2217682.America_America]]></link>
<small_image_url><![CDATA[https://s.gr-assets.com/assets/nophoto/book/50x75-a91bf249278a81aabab721ef782c4a74.png]]></small_image_url>
<image_url><![CDATA[https://s.gr-assets.com/assets/nophoto/book/111x148-bcc042a9c91a29c1d680899eff700a03.png]]></image_url>
<num_pages>458</num_pages>
<work>
<id>2223472</id>
</work>
<isbn>0679456805</isbn>
<isbn13>9780679456803</isbn13>
<average_rating>3.65</average_rating>
<ratings_count>3052</ratings_count>
<publication_year>2008</publication_year>
<publication_month>6</publication_month>
<publication_day>24</publication_day>
<authors>
<author>
<id>50743</id>
<name>Ethan Canin</name>
<link><![CDATA[https://www.goodreads.com/author/show/50743.Ethan_Canin]]></link>
</author>
</authors>
</book>

          <book>
<id>96703</id>
<title>Sing Them Home</title>
<title_without_series>Sing Them Home</title_without_series>
<link><![CDATA[https://www.goodreads.com/book/show/96703.Sing_Them_Home]]></link>
<small_image_url><![CDATA[https://images.gr-assets.com/books/1328774631s/96703.jpg]]></small_image_url>
<image_url><![CDATA[https://images.gr-assets.com/books/1328774631m/96703.jpg]]></image_url>
<num_pages>542</num_pages>
<work>
<id>93205</id>
</work>
<isbn>0871139634</isbn>
<isbn13>9780871139634</isbn13>
<average_rating>3.55</average_rating>
<ratings_count>3198</ratings_count>
<publication_year>2009</publication_year>
<publication_month>1</publication_month>
<publication_day>6</publication_day>
<authors>
<author>
<id>55630</id>
<name>Stephanie Kallos</name>
<link><![CDATA[https://www.goodreads.com/author/show/55630.Stephanie_Kallos]]></link>
</author>
</authors>
</book>

          <book>
<id>1737114</id>
<title>Gardens of Water</title>
<title_without_series>Gardens of Water</title_without_series>
<link><![CDATA[https://www.goodreads.com/book/show/1737114.Gardens_of_Water]]></link>
<small_image_url><![CDATA[https://images.gr-assets.com/books/1320467387s/1737114.jpg]]></small_image_url>
<image_url><![CDATA[https://images.gr-assets.com/books/1320467387m/1737114.jpg]]></image_url>
<num_pages>288</num_pages>
<work>
<id>1734665</id>
</work>
<isbn>1400066875</isbn>
<isbn13>9781400066872</isbn13>
<average_rating>3.66</average_rating>
<ratings_count>1890</ratings_count>
<publication_year>2008</publication_year>
<publication_month>2</publication_month>
<publication_day>5</publication_day>
<authors>
<author>
<id>797530</id>
<name>Alan Drew</name>
<link><![CDATA[https://www.goodreads.com/author/show/797530.Alan_Drew]]></link>
</author>
</authors>
</book>

          <book>
<id>12372</id>
<title>The Lay of the Land</title>
<title_without_series>The Lay of the Land</title_without_series>
<link><![CDATA[https://www.goodreads.com/book/show/12372.The_Lay_of_the_Land]]></link>
<small_image_url><![CDATA[https://s.gr-assets.com/assets/nophoto/book/50x75-a91bf249278a81aabab721ef782c4a74.png]]></small_image_url>
<image_url><![CDATA[https://s.gr-assets.com/assets/nophoto/book/111x148-bcc042a9c91a29c1d680899eff700a03.png]]></image_url>
<num_pages></num_pages>
<work>
<id>1362538</id>
</work>
<isbn>0679454683</isbn>
<isbn13>9780679454687</isbn13>
<average_rating>3.90</average_rating>
<ratings_count>3413</ratings_count>
<publication_year></publication_year>
<publication_month></publication_month>
<publication_day></publication_day>
<authors>
<author>
<id>7849</id>
<name>Richard Ford</name>
<link><![CDATA[https://www.goodreads.com/author/show/7849.Richard_Ford]]></link>
</author>
</authors>
</book>

          <book>
<id>290742</id>
<title>The Great Man</title>
<title_without_series>The Great Man</title_without_series>
<link><![CDATA[https://www.goodreads.com/book/show/290742.The_Great_Man]]></link>
<small_image_url><![CDATA[https://images.gr-assets.com/books/1320520709s/290742.jpg]]></small_image_url>
<image_url><![CDATA[https://images.gr-assets.com/books/1320520709m/290742.jpg]]></image_url>
<num_pages>301</num_pages>
<work>
<id>2239300</id>
</work>
<isbn>0385518455</isbn>
<isbn13>9780385518451</isbn13>
<average_rating>3.49</average_rating>
<ratings_count>2156</ratings_count>
<publication_year></publication_year>
<publication_month></publication_month>
<publication_day></publication_day>
<authors>
<author>
<id>85746</id>
<name>Kate Christensen</name>
<link><![CDATA[https://www.goodreads.com/author/show/85746.Kate_Christensen]]></link>
</author>
</authors>
</book>

          <book>
<id>32226</id>
<title>Horse Heaven</title>
<title_without_series>Horse Heaven</title_without_series>
<link><![CDATA[https://www.goodreads.com/book/show/32226.Horse_Heaven]]></link>
<small_image_url><![CDATA[https://images.gr-assets.com/books/1327934607s/32226.jpg]]></small_image_url>
<image_url><![CDATA[https://images.gr-assets.com/books/1327934607m/32226.jpg]]></image_url>
<num_pages>640</num_pages>
<work>
<id>801323</id>
</work>
<isbn>0804119430</isbn>
<isbn13>9780804119436</isbn13>
<average_rating>3.87</average_rating>
<ratings_count>4511</ratings_count>
<publication_year>2003</publication_year>
<publication_month>8</publication_month>
<publication_day>26</publication_day>
<authors>
<author>
<id>1339</id>
<name>Jane Smiley</name>
<link><![CDATA[https://www.goodreads.com/author/show/1339.Jane_Smiley]]></link>
</author>
</authors>
</book>

          <book>
<id>2079538</id>
<title>The Garden of Last Days</title>
<title_without_series>The Garden of Last Days</title_without_series>
<link><![CDATA[https://www.goodreads.com/book/show/2079538.The_Garden_of_Last_Days]]></link>
<small_image_url><![CDATA[https://s.gr-assets.com/assets/nophoto/book/50x75-a91bf249278a81aabab721ef782c4a74.png]]></small_image_url>
<image_url><![CDATA[https://s.gr-assets.com/assets/nophoto/book/111x148-bcc042a9c91a29c1d680899eff700a03.png]]></image_url>
<num_pages>535</num_pages>
<work>
<id>2084812</id>
</work>
<isbn>0393041654</isbn>
<isbn13>9780393041651</isbn13>
<average_rating>3.44</average_rating>
<ratings_count>4228</ratings_count>
<publication_year></publication_year>
<publication_month></publication_month>
<publication_day></publication_day>
<authors>
<author>
<id>9785</id>
<name>Andre Dubus III</name>
<link><![CDATA[https://www.goodreads.com/author/show/9785.Andre_Dubus_III]]></link>
</author>
</authors>
</book>

          <book>
<id>89884</id>
<title>Eventide (Plainsong, #2)</title>
<title_without_series>Eventide</title_without_series>
<link><![CDATA[https://www.goodreads.com/book/show/89884.Eventide]]></link>
<small_image_url><![CDATA[https://images.gr-assets.com/books/1320471712s/89884.jpg]]></small_image_url>
<image_url><![CDATA[https://images.gr-assets.com/books/1320471712m/89884.jpg]]></image_url>
<num_pages>300</num_pages>
<work>
<id>1168090</id>
</work>
<isbn>0375725768</isbn>
<isbn13>9780375725760</isbn13>
<average_rating>4.16</average_rating>
<ratings_count>14101</ratings_count>
<publication_year>2005</publication_year>
<publication_month>5</publication_month>
<publication_day>3</publication_day>
<authors>
<author>
<id>16266</id>
<name>Kent Haruf</name>
<link><![CDATA[https://www.goodreads.com/author/show/16266.Kent_Haruf]]></link>
</author>
</authors>
</book>

          <book>
<id>64257</id>
<title><![CDATA[Unknown Legends of Rock 'n' Roll]]></title>
<title_without_series><![CDATA[Unknown Legends of Rock 'n' Roll]]></title_without_series>
<link><![CDATA[https://www.goodreads.com/book/show/64257.Unknown_Legends_of_Rock_n_Roll]]></link>
<small_image_url><![CDATA[https://s.gr-assets.com/assets/nophoto/book/50x75-a91bf249278a81aabab721ef782c4a74.png]]></small_image_url>
<image_url><![CDATA[https://s.gr-assets.com/assets/nophoto/book/111x148-bcc042a9c91a29c1d680899eff700a03.png]]></image_url>
<num_pages></num_pages>
<work>
<id>62384</id>
</work>
<isbn>0879305347</isbn>
<isbn13>9780879305345</isbn13>
<average_rating>4.01</average_rating>
<ratings_count>251</ratings_count>
<publication_year></publication_year>
<publication_month></publication_month>
<publication_day></publication_day>
<authors>
<author>
<id>20126</id>
<name>Richie Unterberger</name>
<link><![CDATA[https://www.goodreads.com/author/show/20126.Richie_Unterberger]]></link>
</author>
</authors>
</book>

          <book>
<id>7857656</id>
<title>The Widower&apos;s Tale</title>
<title_without_series>The Widower&apos;s Tale</title_without_series>
<link><![CDATA[https://www.goodreads.com/book/show/7857656-the-widower-s-tale]]></link>
<small_image_url><![CDATA[https://images.gr-assets.com/books/1320528784s/7857656.jpg]]></small_image_url>
<image_url><![CDATA[https://images.gr-assets.com/books/1320528784m/7857656.jpg]]></image_url>
<num_pages>416</num_pages>
<work>
<id>10996943</id>
</work>
<isbn>030737792X</isbn>
<isbn13>9780307377920</isbn13>
<average_rating>3.65</average_rating>
<ratings_count>9333</ratings_count>
<publication_year>2010</publication_year>
<publication_month>9</publication_month>
<publication_day>7</publication_day>
<authors>
<author>
<id>9972</id>
<name>Julia Glass</name>
<link><![CDATA[https://www.goodreads.com/author/show/9972.Julia_Glass]]></link>
</author>
</authors>
</book>

          <book>
<id>80755</id>
<title>Traveler</title>
<title_without_series>Traveler</title_without_series>
<link><![CDATA[https://www.goodreads.com/book/show/80755.Traveler]]></link>
<small_image_url><![CDATA[https://s.gr-assets.com/assets/nophoto/book/50x75-a91bf249278a81aabab721ef782c4a74.png]]></small_image_url>
<image_url><![CDATA[https://s.gr-assets.com/assets/nophoto/book/111x148-bcc042a9c91a29c1d680899eff700a03.png]]></image_url>
<num_pages>280</num_pages>
<work>
<id>2925327</id>
</work>
<isbn>0670034746</isbn>
<isbn13>9780670034741</isbn13>
<average_rating>3.64</average_rating>
<ratings_count>859</ratings_count>
<publication_year></publication_year>
<publication_month></publication_month>
<publication_day></publication_day>
<authors>
<author>
<id>45978</id>
<name>Ron McLarty</name>
<link><![CDATA[https://www.goodreads.com/author/show/45978.Ron_McLarty]]></link>
</author>
</authors>
</book>

          <book>
<id>15788</id>
<title>White Man&apos;s Grave</title>
<title_without_series>White Man&apos;s Grave</title_without_series>
<link><![CDATA[https://www.goodreads.com/book/show/15788.White_Man_s_Grave]]></link>
<small_image_url><![CDATA[https://s.gr-assets.com/assets/nophoto/book/50x75-a91bf249278a81aabab721ef782c4a74.png]]></small_image_url>
<image_url><![CDATA[https://s.gr-assets.com/assets/nophoto/book/111x148-bcc042a9c91a29c1d680899eff700a03.png]]></image_url>
<num_pages>400</num_pages>
<work>
<id>17608</id>
</work>
<isbn>031213214X</isbn>
<isbn13>9780312132149</isbn13>
<average_rating>3.92</average_rating>
<ratings_count>361</ratings_count>
<publication_year>1995</publication_year>
<publication_month>3</publication_month>
<publication_day>15</publication_day>
<authors>
<author>
<id>9768</id>
<name>Richard Dooling</name>
<link><![CDATA[https://www.goodreads.com/author/show/9768.Richard_Dooling]]></link>
</author>
</authors>
</book>

          <book>
<id>342491</id>
<title>Art: A Sex Book</title>
<title_without_series>Art: A Sex Book</title_without_series>
<link><![CDATA[https://www.goodreads.com/book/show/342491.Art]]></link>
<small_image_url><![CDATA[https://images.gr-assets.com/books/1327910261s/342491.jpg]]></small_image_url>
<image_url><![CDATA[https://images.gr-assets.com/books/1327910261m/342491.jpg]]></image_url>
<num_pages></num_pages>
<work>
<id>332849</id>
</work>
<isbn>0500284350</isbn>
<isbn13>9780500284353</isbn13>
<average_rating>4.10</average_rating>
<ratings_count>168</ratings_count>
<publication_year></publication_year>
<publication_month></publication_month>
<publication_day></publication_day>
<authors>
<author>
<id>17366</id>
<name>John Waters</name>
<link><![CDATA[https://www.goodreads.com/author/show/17366.John_Waters]]></link>
</author>
</authors>
</book>

          <book>
<id>1330763</id>
<title>Matrimony</title>
<title_without_series>Matrimony</title_without_series>
<link><![CDATA[https://www.goodreads.com/book/show/1330763.Matrimony]]></link>
<small_image_url><![CDATA[https://s.gr-assets.com/assets/nophoto/book/50x75-a91bf249278a81aabab721ef782c4a74.png]]></small_image_url>
<image_url><![CDATA[https://s.gr-assets.com/assets/nophoto/book/111x148-bcc042a9c91a29c1d680899eff700a03.png]]></image_url>
<num_pages>304</num_pages>
<work>
<id>1320253</id>
</work>
<isbn>0375424350</isbn>
<isbn13>9780375424359</isbn13>
<average_rating>3.09</average_rating>
<ratings_count>1055</ratings_count>
<publication_year>2007</publication_year>
<publication_month>10</publication_month>
<publication_day>2</publication_day>
<authors>
<author>
<id>165014</id>
<name>Joshua Henkin</name>
<link><![CDATA[https://www.goodreads.com/author/show/165014.Joshua_Henkin]]></link>
</author>
</authors>
</book>

          <book>
<id>72609</id>
<title>After This</title>
<title_without_series>After This</title_without_series>
<link><![CDATA[https://www.goodreads.com/book/show/72609.After_This]]></link>
<small_image_url><![CDATA[https://s.gr-assets.com/assets/nophoto/book/50x75-a91bf249278a81aabab721ef782c4a74.png]]></small_image_url>
<image_url><![CDATA[https://s.gr-assets.com/assets/nophoto/book/111x148-bcc042a9c91a29c1d680899eff700a03.png]]></image_url>
<num_pages></num_pages>
<work>
<id>70284</id>
</work>
<isbn>0374168091</isbn>
<isbn13>9780374168094</isbn13>
<average_rating>3.29</average_rating>
<ratings_count>2641</ratings_count>
<publication_year></publication_year>
<publication_month></publication_month>
<publication_day></publication_day>
<authors>
<author>
<id>7505</id>
<name>Alice McDermott</name>
<link><![CDATA[https://www.goodreads.com/author/show/7505.Alice_McDermott]]></link>
</author>
</authors>
</book>

  </similar_books>
</book>

</GoodreadsResponse>