<?xml version="1.0" encoding="UTF-8"?>
<GoodreadsResponse>
  <Request>
    <authentication>true</authentication>
      <key><![CDATA[all_men_must_serve]]></key>
    <method><![CDATA[book_show]]></method>
  </Request>
  <book>
  <id>10790290</id>
  <title><![CDATA[Theft of Swords (The Riyria Revelations, #1-2)]]></title>
  <isbn><![CDATA[0316187747]]></isbn>
  <isbn13><![CDATA[9780316187749]]></isbn13>
  <asin><![CDATA[]]></asin>
  <kindle_asin><![CDATA[B005N6MDBA]]></kindle_asin>
  <marketplace_id><![CDATA[A1F83G8C2ARO7P]]></marketplace_id>
  <country_code><![CDATA[GB]]></country_code>
  <image_url>https://images.gr-assets.com/books/1307959785m/10790290.jpg</image_url>
  <small_image_url>https://images.gr-assets.com/books/1307959785s/10790290.jpg</small_image_url>
  <publication_year></publication_year>
  <publication_month></publication_month>
  <publication_day></publication_day>
  <publisher></publisher>
  <language_code>eng</language_code>
  <is_ebook>false</is_ebook>
  <description><![CDATA[<b>THEY KILLED THE KING. THEY PINNED IT ON TWO MEN. THEY CHOSE POORLY.</b><br /><br />There's no ancient evil to defeat or orphan destined for greatness, just unlikely heroes and classic adventure. Royce Melborn, a skilled thief, and his mercenary partner, Hadrian Blackwater, are two enterprising rogues who end up running for their lives when they're framed for the murder of the king. Trapped in a conspiracy that goes beyond the overthrow of a tiny kingdom, their only hope is unraveling an ancient mystery before it's too late.]]></description>
  <work>
  <id type="integer">15702572</id>
  <books_count type="integer">21</books_count>
  <best_book_id type="integer">10790290</best_book_id>
  <reviews_count type="integer">76484</reviews_count>
  <ratings_sum type="integer">156268</ratings_sum>
  <ratings_count type="integer">37116</ratings_count>
  <text_reviews_count type="integer">2637</text_reviews_count>
  <original_publication_year type="integer">2011</original_publication_year>
  <original_publication_month type="integer">11</original_publication_month>
  <original_publication_day type="integer">23</original_publication_day>
  <original_title>Theft of Swords</original_title>
  <original_language_id type="integer" nil="true"/>
  <media_type>book</media_type>
  <rating_dist>5:16131|4:14533|3:4982|2:1065|1:405|total:37116</rating_dist>
  <desc_user_id type="integer">10308842</desc_user_id>
  <default_chaptering_book_id type="integer" nil="true"/>
  <default_description_language_code nil="true"/>
</work>
  <average_rating>4.21</average_rating>
  <num_pages><![CDATA[681]]></num_pages>
  <format><![CDATA[]]></format>
  <edition_information><![CDATA[]]></edition_information>
  <ratings_count><![CDATA[33123]]></ratings_count>
  <text_reviews_count><![CDATA[2345]]></text_reviews_count>
  <url><![CDATA[https://www.goodreads.com/book/show/10790290-theft-of-swords]]></url>
  <link><![CDATA[https://www.goodreads.com/book/show/10790290-theft-of-swords]]></link>
  <authors>
<author>
<id>2063919</id>
<name>Michael J. Sullivan</name>
<role></role>
<image_url nophoto='false'>
<![CDATA[https://images.gr-assets.com/authors/1433443335p5/2063919.jpg]]>
</image_url>
<small_image_url nophoto='false'>
<![CDATA[https://images.gr-assets.com/authors/1433443335p2/2063919.jpg]]>
</small_image_url>
<link><![CDATA[https://www.goodreads.com/author/show/2063919.Michael_J_Sullivan]]></link>
<average_rating>4.29</average_rating>
<ratings_count>207186</ratings_count>
<text_reviews_count>13942</text_reviews_count>
</author>
</authors>

    <reviews_widget>
      <![CDATA[
        <style>
  #goodreads-widget {
    font-family: georgia, serif;
    padding: 18px 0;
    width:565px;
  }
  #goodreads-widget h1 {
    font-weight:normal;
    font-size: 16px;
    border-bottom: 1px solid #BBB596;
    margin-bottom: 0;
  }
  #goodreads-widget a {
    text-decoration: none;
    color:#660;
  }
  iframe{
    background-color: #fff;
  }
  #goodreads-widget a:hover { text-decoration: underline; }
  #goodreads-widget a:active {
    color:#660;
  }
  #gr_footer {
    width: 100%;
    border-top: 1px solid #BBB596;
    text-align: right;
  }
  #goodreads-widget .gr_branding{
    color: #382110;
    font-size: 11px;
    text-decoration: none;
    font-family: "Helvetica Neue", Helvetica, Arial, sans-serif;
  }
</style>
<div id="goodreads-widget">
  <div id="gr_header"><h1><a rel="nofollow" href="https://www.goodreads.com/book/show/10790290-theft-of-swords">Theft of Swords Reviews</a></h1></div>
  <iframe id="the_iframe" src="https://www.goodreads.com/api/reviews_widget_iframe?did=DEVELOPER_ID&amp;format=html&amp;isbn=0316187747&amp;links=660&amp;min_rating=&amp;review_back=fff&amp;stars=000&amp;text=000" width="565" height="400" frameborder="0"></iframe>
  <div id="gr_footer">
    <a class="gr_branding" target="_blank" rel="nofollow" href="https://www.goodreads.com/book/show/10790290-theft-of-swords?utm_medium=api&amp;utm_source=reviews_widget">Reviews from Goodreads.com</a>
  </div>
</div>

      ]]>
    </reviews_widget>
  <popular_shelves>
      <shelf name="to-read" count="34059"/>
      <shelf name="fantasy" count="3006"/>
      <shelf name="currently-reading" count="1487"/>
      <shelf name="favorites" count="599"/>
      <shelf name="fiction" count="221"/>
      <shelf name="epic-fantasy" count="202"/>
      <shelf name="series" count="154"/>
      <shelf name="adventure" count="125"/>
      <shelf name="high-fantasy" count="122"/>
      <shelf name="owned" count="119"/>
      <shelf name="audiobook" count="107"/>
      <shelf name="audiobooks" count="102"/>
      <shelf name="kindle" count="100"/>
      <shelf name="audible" count="94"/>
      <shelf name="magic" count="82"/>
      <shelf name="books-i-own" count="71"/>
      <shelf name="to-buy" count="71"/>
      <shelf name="sci-fi-fantasy" count="66"/>
      <shelf name="adult" count="64"/>
      <shelf name="audio" count="60"/>
      <shelf name="library" count="50"/>
      <shelf name="favourites" count="50"/>
      <shelf name="epic" count="50"/>
      <shelf name="ebooks" count="47"/>
      <shelf name="fantasy-sci-fi" count="46"/>
      <shelf name="to-read-fantasy" count="42"/>
      <shelf name="ebook" count="42"/>
      <shelf name="fantasy-to-read" count="40"/>
      <shelf name="thieves" count="39"/>
      <shelf name="maybe" count="37"/>
      <shelf name="riyria" count="35"/>
      <shelf name="wish-list" count="35"/>
      <shelf name="owned-books" count="34"/>
      <shelf name="audio-book" count="30"/>
      <shelf name="dnf" count="29"/>
      <shelf name="read-2016" count="28"/>
      <shelf name="on-hold" count="28"/>
      <shelf name="did-not-finish" count="27"/>
      <shelf name="michael-j-sullivan" count="27"/>
      <shelf name="action" count="26"/>
      <shelf name="read-in-2013" count="26"/>
      <shelf name="tbr" count="26"/>
      <shelf name="adult-fiction" count="25"/>
      <shelf name="fantasy-scifi" count="24"/>
      <shelf name="abandoned" count="22"/>
      <shelf name="first-in-series" count="22"/>
      <shelf name="scifi-fantasy" count="22"/>
      <shelf name="fantasy-epic" count="21"/>
      <shelf name="adult-fantasy" count="21"/>
      <shelf name="favorite" count="20"/>
      <shelf name="read-in-2016" count="18"/>
      <shelf name="audio-books" count="18"/>
      <shelf name="read-in-2015" count="17"/>
      <shelf name="medieval" count="17"/>
      <shelf name="fantasy-series" count="17"/>
      <shelf name="tbr-fantasy" count="16"/>
      <shelf name="recommended" count="16"/>
      <shelf name="elves" count="16"/>
      <shelf name="first-reads" count="16"/>
      <shelf name="reviewed" count="16"/>
      <shelf name="fantasy-tbr" count="15"/>
      <shelf name="unfinished" count="15"/>
      <shelf name="e-book" count="15"/>
      <shelf name="historical-fiction" count="15"/>
      <shelf name="young-adult" count="15"/>
      <shelf name="sword-and-sorcery" count="15"/>
      <shelf name="science-fiction-fantasy" count="15"/>
      <shelf name="assassins" count="15"/>
      <shelf name="read-in-2017" count="14"/>
      <shelf name="riyria-revelations" count="14"/>
      <shelf name="owned-tbr" count="13"/>
      <shelf name="all-time-favorites" count="13"/>
      <shelf name="tbr-pile" count="13"/>
      <shelf name="novels" count="13"/>
      <shelf name="first-in-a-series" count="13"/>
      <shelf name="books" count="13"/>
      <shelf name="favorite-books" count="13"/>
      <shelf name="read-in-2012" count="13"/>
      <shelf name="heroic-fantasy" count="13"/>
      <shelf name="didn-t-finish" count="13"/>
      <shelf name="default" count="12"/>
      <shelf name="re-read" count="12"/>
      <shelf name="read-2013" count="12"/>
      <shelf name="genre-fantasy" count="12"/>
      <shelf name="completed-series" count="12"/>
      <shelf name="the-riyria-revelations" count="12"/>
      <shelf name="sff" count="12"/>
      <shelf name="need-to-buy" count="11"/>
      <shelf name="read-in-2014" count="11"/>
      <shelf name="listened-to" count="11"/>
      <shelf name="thief" count="11"/>
      <shelf name="owned-to-read" count="11"/>
      <shelf name="listened" count="11"/>
      <shelf name="e-books" count="11"/>
      <shelf name="action-adventure" count="11"/>
      <shelf name="to-read-series" count="11"/>
      <shelf name="kindle-books" count="11"/>
      <shelf name="gave-up-on" count="11"/>
      <shelf name="fantasy-fiction" count="11"/>
      <shelf name="to-read-own" count="11"/>
  </popular_shelves>
  <book_links>
    <book_link>
  <id>8</id>
  <name>Libraries</name>
  <link>https://www.goodreads.com/book_link/follow/8</link>
</book_link>

  </book_links>
  <buy_links>
    <buy_link>
<id>1</id>
<name>Amazon</name>
<link>https://www.goodreads.com/book_link/follow/1</link>
</buy_link>
<buy_link>
<id>10</id>
<name>Audible</name>
<link>https://www.goodreads.com/book_link/follow/10</link>
</buy_link>
<buy_link>
<id>3</id>
<name>Barnes &amp; Noble</name>
<link>https://www.goodreads.com/book_link/follow/3</link>
</buy_link>
<buy_link>
<id>1027</id>
<name>Kobo</name>
<link>https://www.goodreads.com/book_link/follow/1027</link>
</buy_link>
<buy_link>
<id>2102</id>
<name>Apple iBooks</name>
<link>https://www.goodreads.com/book_link/follow/2102</link>
</buy_link>
<buy_link>
<id>8036</id>
<name>Google Play</name>
<link>https://www.goodreads.com/book_link/follow/8036</link>
</buy_link>
<buy_link>
<id>4</id>
<name>Abebooks</name>
<link>https://www.goodreads.com/book_link/follow/4</link>
</buy_link>
<buy_link>
<id>882</id>
<name>Book Depository</name>
<link>https://www.goodreads.com/book_link/follow/882</link>
</buy_link>
<buy_link>
<id>9</id>
<name>Indigo</name>
<link>https://www.goodreads.com/book_link/follow/9</link>
</buy_link>
<buy_link>
<id>2</id>
<name>Half.com</name>
<link>https://www.goodreads.com/book_link/follow/2</link>
</buy_link>
<buy_link>
<id>5</id>
<name>Alibris</name>
<link>https://www.goodreads.com/book_link/follow/5</link>
</buy_link>
<buy_link>
<id>107</id>
<name>Better World Books</name>
<link>https://www.goodreads.com/book_link/follow/107</link>
</buy_link>
<buy_link>
<id>7</id>
<name>IndieBound</name>
<link>https://www.goodreads.com/book_link/follow/7</link>
</buy_link>

  </buy_links>
  <series_works>
    <series_work>
<id>481330</id>
<user_position>1-2</user_position>
<series>
<id>96465</id>
<title>
<![CDATA[
    The Riyria Revelations
]]>
</title>
<description>
<![CDATA[
    see also
    <a href="https://www.goodreads.com/series/175806-the-riyria-chronicles"><i>The Riyria Chronicles</i></a>
    
    This series was published in two different ways (six-book originally self-published and three, two-book omnibus editions). The original versions are out of print (having been replaced by Orbit releases). The series includes:
    
    * Theft of Swords: The Crown Conspiracy & Avempartha
    * Rise of Empire: Nyphron Rising & The Emerald Storm
    * Heir of Novron: Wintertide & Percepliquis
    
    <a href="http://www.michaelsullivan-author.com/images/riyria_new_to_old.jpg"><img src="http://www.michaelsullivan-author.com/images/riyria_new_to_old.jpg"></a>
    
    <b>ABOUT THE SERIES:</b> Instead of a string of sequels, the entire series was conceived as a single epic tale divided into individual episodes. All were written before the first was released so that plot elements are intertwined, yet each is self-contained with it's own conflict and resolution.
    
    <a href="https://www.goodreads.com/series/87887-the-riyria-chronicles"><i>The Riyria Chronicles</i></a> is a prequel series to <i>The Riyria Revelations</i> which explores: the origin of the partnership between Royce and Hadrian, how Riyria was formed, and the adventures the two went on during the twelve years prior to the events in <i>The Riyria Revelations</i>.
    
    While you can read the books in either publication order (starting with <i>Theft of Swords</i>) or chronologically (starting with <i>The Crown Tower</i>) the author suggest publication order as you are introduced to the characters and world as originally intended. In addition, there are some subtle winks and nods for veterans of Revelations when reading Chronicles. These aren't major plot points just little extras for "those in the know."
    
    The two reading options are:
    
    <img src="http://bit.ly/1MwMUAH">
]]>
</description>
<note>
<![CDATA[
    Additional info re: series moved from blurb of one book to here.
]]>
</note>
<series_works_count>10</series_works_count>
<primary_work_count>6</primary_work_count>
<numbered>true</numbered>
</series>

</series_work>
<series_work>
<id>535550</id>
<user_position>5-6</user_position>
<series>
<id>110612</id>
<title>
<![CDATA[
    Riyria
]]>
</title>
<description>
<![CDATA[
    Collecting the various Riyria novels and shorts into one chronologically ordered list.
    
    For the novels, two reading options exist:
    
    <img src="http://bit.ly/1MwMUAH">
]]>
</description>
<note>
<![CDATA[
]]>
</note>
<series_works_count>14</series_works_count>
<primary_work_count>7</primary_work_count>
<numbered>true</numbered>
</series>

</series_work>

  </series_works>
      <public_document>
        <id>32848</id>
        <document_url>
          https://s3.amazonaws.com/compressed.photo.goodreads.com/documents/1358931724books/10790290.pdf
        </document_url>
      </public_document>
  <similar_books>
          <book>
<id>8098146</id>
<title><![CDATA[The Spirit Rebellion (The Legend of Eli Monpress, #2)]]></title>
<title_without_series>The Spirit Rebellion</title_without_series>
<link><![CDATA[https://www.goodreads.com/book/show/8098146-the-spirit-rebellion]]></link>
<small_image_url><![CDATA[https://s.gr-assets.com/assets/nophoto/book/50x75-a91bf249278a81aabab721ef782c4a74.png]]></small_image_url>
<image_url><![CDATA[https://s.gr-assets.com/assets/nophoto/book/111x148-bcc042a9c91a29c1d680899eff700a03.png]]></image_url>
<num_pages>441</num_pages>
<work>
<id>12863050</id>
</work>
<isbn>0316069116</isbn>
<isbn13>9780316069113</isbn13>
<average_rating>4.04</average_rating>
<ratings_count>4363</ratings_count>
<publication_year>2010</publication_year>
<publication_month>11</publication_month>
<publication_day>1</publication_day>
<authors>
<author>
<id>3504189</id>
<name>Rachel Aaron</name>
<link><![CDATA[https://www.goodreads.com/author/show/3504189.Rachel_Aaron]]></link>
</author>
</authors>
</book>

          <book>
<id>15790883</id>
<title><![CDATA[Promise of Blood (Powder Mage, #1)]]></title>
<title_without_series>Promise of Blood</title_without_series>
<link><![CDATA[https://www.goodreads.com/book/show/15790883-promise-of-blood]]></link>
<small_image_url><![CDATA[https://images.gr-assets.com/books/1350337505s/15790883.jpg]]></small_image_url>
<image_url><![CDATA[https://images.gr-assets.com/books/1350337505m/15790883.jpg]]></image_url>
<num_pages>545</num_pages>
<work>
<id>21512438</id>
</work>
<isbn>0316219037</isbn>
<isbn13>9780316219037</isbn13>
<average_rating>4.16</average_rating>
<ratings_count>25000</ratings_count>
<publication_year>2013</publication_year>
<publication_month>4</publication_month>
<publication_day>16</publication_day>
<authors>
<author>
<id>6524620</id>
<name>Brian  McClellan</name>
<link><![CDATA[https://www.goodreads.com/author/show/6524620.Brian_McClellan]]></link>
</author>
</authors>
</book>

          <book>
<id>8801543</id>
<title><![CDATA[Among Thieves (Tales of the Kin, #1)]]></title>
<title_without_series>Among Thieves</title_without_series>
<link><![CDATA[https://www.goodreads.com/book/show/8801543-among-thieves]]></link>
<small_image_url><![CDATA[https://s.gr-assets.com/assets/nophoto/book/50x75-a91bf249278a81aabab721ef782c4a74.png]]></small_image_url>
<image_url><![CDATA[https://s.gr-assets.com/assets/nophoto/book/111x148-bcc042a9c91a29c1d680899eff700a03.png]]></image_url>
<num_pages>414</num_pages>
<work>
<id>13675652</id>
</work>
<isbn>0451463900</isbn>
<isbn13>9780451463906</isbn13>
<average_rating>3.95</average_rating>
<ratings_count>10860</ratings_count>
<publication_year>2011</publication_year>
<publication_month>4</publication_month>
<publication_day>5</publication_day>
<authors>
<author>
<id>4178213</id>
<name>Douglas Hulick</name>
<link><![CDATA[https://www.goodreads.com/author/show/4178213.Douglas_Hulick]]></link>
</author>
</authors>
</book>

          <book>
<id>10928630</id>
<title><![CDATA[The Whitefire Crossing (Shattered Sigil, #1)]]></title>
<title_without_series>The Whitefire Crossing</title_without_series>
<link><![CDATA[https://www.goodreads.com/book/show/10928630-the-whitefire-crossing]]></link>
<small_image_url><![CDATA[https://images.gr-assets.com/books/1391343293s/10928630.jpg]]></small_image_url>
<image_url><![CDATA[https://images.gr-assets.com/books/1391343293m/10928630.jpg]]></image_url>
<num_pages>375</num_pages>
<work>
<id>15845701</id>
</work>
<isbn>1597802832</isbn>
<isbn13>9781597802833</isbn13>
<average_rating>3.71</average_rating>
<ratings_count>1805</ratings_count>
<publication_year>2011</publication_year>
<publication_month>8</publication_month>
<publication_day>1</publication_day>
<authors>
<author>
<id>4752492</id>
<name>Courtney Schafer</name>
<link><![CDATA[https://www.goodreads.com/author/show/4752492.Courtney_Schafer]]></link>
</author>
</authors>
</book>

          <book>
<id>15810910</id>
<title><![CDATA[The Thousand Names (The Shadow Campaigns, #1)]]></title>
<title_without_series>The Thousand Names</title_without_series>
<link><![CDATA[https://www.goodreads.com/book/show/15810910-the-thousand-names]]></link>
<small_image_url><![CDATA[https://images.gr-assets.com/books/1355441268s/15810910.jpg]]></small_image_url>
<image_url><![CDATA[https://images.gr-assets.com/books/1355441268m/15810910.jpg]]></image_url>
<num_pages>513</num_pages>
<work>
<id>21536059</id>
</work>
<isbn>0451465105</isbn>
<isbn13>9780451465108</isbn13>
<average_rating>4.04</average_rating>
<ratings_count>11824</ratings_count>
<publication_year></publication_year>
<publication_month></publication_month>
<publication_day></publication_day>
<authors>
<author>
<id>639491</id>
<name>Django Wexler</name>
<link><![CDATA[https://www.goodreads.com/author/show/639491.Django_Wexler]]></link>
</author>
</authors>
</book>

          <book>
<id>13569581</id>
<title><![CDATA[Blood Song (Raven's Shadow, #1)]]></title>
<title_without_series>Blood Song</title_without_series>
<link><![CDATA[https://www.goodreads.com/book/show/13569581-blood-song]]></link>
<small_image_url><![CDATA[https://images.gr-assets.com/books/1421573407s/13569581.jpg]]></small_image_url>
<image_url><![CDATA[https://images.gr-assets.com/books/1421573407m/13569581.jpg]]></image_url>
<num_pages>591</num_pages>
<work>
<id>19148922</id>
</work>
<isbn></isbn>
<isbn13></isbn13>
<average_rating>4.47</average_rating>
<ratings_count>51972</ratings_count>
<publication_year>2012</publication_year>
<publication_month>1</publication_month>
<publication_day>22</publication_day>
<authors>
<author>
<id>5804101</id>
<name>Anthony  Ryan</name>
<link><![CDATA[https://www.goodreads.com/author/show/5804101.Anthony_Ryan]]></link>
</author>
</authors>
</book>

          <book>
<id>8752885</id>
<title><![CDATA[The Dragon's Path (The Dagger and the Coin, #1)]]></title>
<title_without_series>The Dragon&apos;s Path</title_without_series>
<link><![CDATA[https://www.goodreads.com/book/show/8752885-the-dragon-s-path]]></link>
<small_image_url><![CDATA[https://images.gr-assets.com/books/1292362307s/8752885.jpg]]></small_image_url>
<image_url><![CDATA[https://images.gr-assets.com/books/1292362307m/8752885.jpg]]></image_url>
<num_pages>555</num_pages>
<work>
<id>13626110</id>
</work>
<isbn>1841498874</isbn>
<isbn13>9781841498874</isbn13>
<average_rating>3.78</average_rating>
<ratings_count>15511</ratings_count>
<publication_year>2011</publication_year>
<publication_month>4</publication_month>
<publication_day>7</publication_day>
<authors>
<author>
<id>13557729</id>
<name>Daniel Abraham</name>
<link><![CDATA[https://www.goodreads.com/author/show/13557729.Daniel_Abraham]]></link>
</author>
</authors>
</book>

          <book>
<id>17707471</id>
<title><![CDATA[The Grim Company (The Grim Company, #1)]]></title>
<title_without_series>The Grim Company</title_without_series>
<link><![CDATA[https://www.goodreads.com/book/show/17707471-the-grim-company]]></link>
<small_image_url><![CDATA[https://images.gr-assets.com/books/1365395171s/17707471.jpg]]></small_image_url>
<image_url><![CDATA[https://images.gr-assets.com/books/1365395171m/17707471.jpg]]></image_url>
<num_pages>400</num_pages>
<work>
<id>23643010</id>
</work>
<isbn>042526484X</isbn>
<isbn13>9780425264843</isbn13>
<average_rating>3.72</average_rating>
<ratings_count>4817</ratings_count>
<publication_year>2013</publication_year>
<publication_month>9</publication_month>
<publication_day>3</publication_day>
<authors>
<author>
<id>6872325</id>
<name>Luke Scull</name>
<link><![CDATA[https://www.goodreads.com/author/show/6872325.Luke_Scull]]></link>
</author>
</authors>
</book>

          <book>
<id>12499290</id>
<title><![CDATA[The Blinding Knife (Lightbringer, #2)]]></title>
<title_without_series>The Blinding Knife</title_without_series>
<link><![CDATA[https://www.goodreads.com/book/show/12499290-the-blinding-knife]]></link>
<small_image_url><![CDATA[https://images.gr-assets.com/books/1338432693s/12499290.jpg]]></small_image_url>
<image_url><![CDATA[https://images.gr-assets.com/books/1338432693m/12499290.jpg]]></image_url>
<num_pages>671</num_pages>
<work>
<id>17484647</id>
</work>
<isbn>031607991X</isbn>
<isbn13>9780316079914</isbn13>
<average_rating>4.45</average_rating>
<ratings_count>47334</ratings_count>
<publication_year>2012</publication_year>
<publication_month>9</publication_month>
<publication_day>11</publication_day>
<authors>
<author>
<id>1370283</id>
<name>Brent Weeks</name>
<link><![CDATA[https://www.goodreads.com/author/show/1370283.Brent_Weeks]]></link>
</author>
</authors>
</book>

          <book>
<id>13616278</id>
<title><![CDATA[The Red Knight (The Traitor Son Cycle, #1)]]></title>
<title_without_series>The Red Knight</title_without_series>
<link><![CDATA[https://www.goodreads.com/book/show/13616278-the-red-knight]]></link>
<small_image_url><![CDATA[https://images.gr-assets.com/books/1348037761s/13616278.jpg]]></small_image_url>
<image_url><![CDATA[https://images.gr-assets.com/books/1348037761m/13616278.jpg]]></image_url>
<num_pages>650</num_pages>
<work>
<id>19217996</id>
</work>
<isbn>0575113294</isbn>
<isbn13>9780575113299</isbn13>
<average_rating>4.12</average_rating>
<ratings_count>10114</ratings_count>
<publication_year>2012</publication_year>
<publication_month>10</publication_month>
<publication_day>25</publication_day>
<authors>
<author>
<id>6535608</id>
<name>Miles  Cameron</name>
<link><![CDATA[https://www.goodreads.com/author/show/6535608.Miles_Cameron]]></link>
</author>
</authors>
</book>

          <book>
<id>6736971</id>
<title><![CDATA[The Desert Spear (Demon Cycle, #2)]]></title>
<title_without_series>The Desert Spear</title_without_series>
<link><![CDATA[https://www.goodreads.com/book/show/6736971-the-desert-spear]]></link>
<small_image_url><![CDATA[https://s.gr-assets.com/assets/nophoto/book/50x75-a91bf249278a81aabab721ef782c4a74.png]]></small_image_url>
<image_url><![CDATA[https://s.gr-assets.com/assets/nophoto/book/111x148-bcc042a9c91a29c1d680899eff700a03.png]]></image_url>
<num_pages>579</num_pages>
<work>
<id>6527274</id>
</work>
<isbn>0345503813</isbn>
<isbn13>9780345503817</isbn13>
<average_rating>4.24</average_rating>
<ratings_count>58673</ratings_count>
<publication_year>2010</publication_year>
<publication_month>4</publication_month>
<publication_day>13</publication_day>
<authors>
<author>
<id>1405152</id>
<name>Peter V. Brett</name>
<link><![CDATA[https://www.goodreads.com/author/show/1405152.Peter_V_Brett]]></link>
</author>
</authors>
</book>

          <book>
<id>6951425</id>
<title><![CDATA[Shadow's Son (Shadow Saga, #1)]]></title>
<title_without_series>Shadow&apos;s Son</title_without_series>
<link><![CDATA[https://www.goodreads.com/book/show/6951425-shadow-s-son]]></link>
<small_image_url><![CDATA[https://images.gr-assets.com/books/1331554001s/6951425.jpg]]></small_image_url>
<image_url><![CDATA[https://images.gr-assets.com/books/1331554001m/6951425.jpg]]></image_url>
<num_pages>278</num_pages>
<work>
<id>7185972</id>
</work>
<isbn>1616142014</isbn>
<isbn13>9781616142018</isbn13>
<average_rating>3.59</average_rating>
<ratings_count>3955</ratings_count>
<publication_year>2010</publication_year>
<publication_month>6</publication_month>
<publication_day>8</publication_day>
<authors>
<author>
<id>2915851</id>
<name>Jon Sprunk</name>
<link><![CDATA[https://www.goodreads.com/author/show/2915851.Jon_Sprunk]]></link>
</author>
</authors>
</book>

          <book>
<id>18513718</id>
<title><![CDATA[Valor (The Faithful and the Fallen, #2)]]></title>
<title_without_series>Valor</title_without_series>
<link><![CDATA[https://www.goodreads.com/book/show/18513718-valor]]></link>
<small_image_url><![CDATA[https://images.gr-assets.com/books/1404588116s/18513718.jpg]]></small_image_url>
<image_url><![CDATA[https://images.gr-assets.com/books/1404588116m/18513718.jpg]]></image_url>
<num_pages>688</num_pages>
<work>
<id>26208659</id>
</work>
<isbn>0316399744</isbn>
<isbn13>9780316399746</isbn13>
<average_rating>4.37</average_rating>
<ratings_count>5242</ratings_count>
<publication_year>2014</publication_year>
<publication_month>7</publication_month>
<publication_day>22</publication_day>
<authors>
<author>
<id>5898355</id>
<name>John Gwynne</name>
<link><![CDATA[https://www.goodreads.com/author/show/5898355.John_Gwynne]]></link>
</author>
</authors>
</book>

  </similar_books>
</book>

</GoodreadsResponse>