<?xml version="1.0" encoding="UTF-8"?>
<GoodreadsResponse>
  <Request>
    <authentication>true</authentication>
      <key><![CDATA[all_men_must_serve]]></key>
    <method><![CDATA[book_show]]></method>
  </Request>
  <book>
  <id>10790276</id>
  <title>Courageous</title>
  <isbn><![CDATA[1414358466]]></isbn>
  <isbn13><![CDATA[9781414358468]]></isbn13>
  <asin><![CDATA[]]></asin>
  <kindle_asin><![CDATA[B005FQE2K8]]></kindle_asin>
  <marketplace_id><![CDATA[A1F83G8C2ARO7P]]></marketplace_id>
  <country_code><![CDATA[GB]]></country_code>
  <image_url>https://images.gr-assets.com/books/1406505682m/10790276.jpg</image_url>
  <small_image_url>https://images.gr-assets.com/books/1406505682s/10790276.jpg</small_image_url>
  <publication_year>2011</publication_year>
  <publication_month>8</publication_month>
  <publication_day>1</publication_day>
  <publisher>Tyndale House Publishers</publisher>
  <language_code></language_code>
  <is_ebook>false</is_ebook>
  <description><![CDATA[Retailers Choice Award winner, 2012From the creators of "Fireproof" comes an inspiring new story about everyday heroes who long to be the kinds of dads that make a lifelong impact on their children. As law enforcement officers, Adam Mitchell, Nathan Hayes, and their partners willingly stand up to the worst the world can offer. Yet at the end of the day, they face a challenge that none of them are truly prepared to tackle: fatherhood. While they consistently give their best on the job, good enough seems to be all they can muster as dads. But they're quickly discovering that their standard is missing the mark. They know that God desires to turn the hearts of fathers to their children, but their children are beginning to drift farther and farther away from them. Will they be able to find a way to serve and protect those who are most dear to them? When tragedy hits home, these men are left wrestling with their hopes, their fears, their faith, and their fathering. Can a newfound urgency help these dads draw closer to God . . . and to their children?]]></description>
  <work>
  <id type="integer">15702554</id>
  <books_count type="integer">14</books_count>
  <best_book_id type="integer">10790276</best_book_id>
  <reviews_count type="integer">16215</reviews_count>
  <ratings_sum type="integer">45950</ratings_sum>
  <ratings_count type="integer">10143</ratings_count>
  <text_reviews_count type="integer">363</text_reviews_count>
  <original_publication_year type="integer">2011</original_publication_year>
  <original_publication_month type="integer">8</original_publication_month>
  <original_publication_day type="integer">1</original_publication_day>
  <original_title>Courageous</original_title>
  <original_language_id type="integer" nil="true"/>
  <media_type>book</media_type>
  <rating_dist>5:6733|4:2326|3:878|2:141|1:65|total:10143</rating_dist>
  <desc_user_id type="integer">620387</desc_user_id>
  <default_chaptering_book_id type="integer" nil="true"/>
  <default_description_language_code nil="true"/>
</work>
  <average_rating>4.53</average_rating>
  <num_pages><![CDATA[375]]></num_pages>
  <format><![CDATA[Paperback]]></format>
  <edition_information><![CDATA[]]></edition_information>
  <ratings_count><![CDATA[9416]]></ratings_count>
  <text_reviews_count><![CDATA[328]]></text_reviews_count>
  <url><![CDATA[https://www.goodreads.com/book/show/10790276-courageous]]></url>
  <link><![CDATA[https://www.goodreads.com/book/show/10790276-courageous]]></link>
  <authors>
<author>
<id>4862</id>
<name>Randy Alcorn</name>
<role></role>
<image_url nophoto='false'>
<![CDATA[https://images.gr-assets.com/authors/1304180455p5/4862.jpg]]>
</image_url>
<small_image_url nophoto='false'>
<![CDATA[https://images.gr-assets.com/authors/1304180455p2/4862.jpg]]>
</small_image_url>
<link><![CDATA[https://www.goodreads.com/author/show/4862.Randy_Alcorn]]></link>
<average_rating>4.29</average_rating>
<ratings_count>55502</ratings_count>
<text_reviews_count>3881</text_reviews_count>
</author>
<author>
<id>1985598</id>
<name>Alex Kendrick</name>
<role></role>
<image_url nophoto='true'>
<![CDATA[https://s.gr-assets.com/assets/nophoto/user/u_200x266-e183445fd1a1b5cc7075bb1cf7043306.png]]>
</image_url>
<small_image_url nophoto='true'>
<![CDATA[https://s.gr-assets.com/assets/nophoto/user/u_50x66-632230dc9882b4352d753eedf9396530.png]]>
</small_image_url>
<link><![CDATA[https://www.goodreads.com/author/show/1985598.Alex_Kendrick]]></link>
<average_rating>4.40</average_rating>
<ratings_count>60502</ratings_count>
<text_reviews_count>1332</text_reviews_count>
</author>
<author>
<id>69521</id>
<name>Stephen Kendrick</name>
<role></role>
<image_url nophoto='true'>
<![CDATA[https://s.gr-assets.com/assets/nophoto/user/u_200x266-e183445fd1a1b5cc7075bb1cf7043306.png]]>
</image_url>
<small_image_url nophoto='true'>
<![CDATA[https://s.gr-assets.com/assets/nophoto/user/u_50x66-632230dc9882b4352d753eedf9396530.png]]>
</small_image_url>
<link><![CDATA[https://www.goodreads.com/author/show/69521.Stephen_Kendrick]]></link>
<average_rating>4.40</average_rating>
<ratings_count>60343</ratings_count>
<text_reviews_count>1374</text_reviews_count>
</author>
</authors>

    <reviews_widget>
      <![CDATA[
        <style>
  #goodreads-widget {
    font-family: georgia, serif;
    padding: 18px 0;
    width:565px;
  }
  #goodreads-widget h1 {
    font-weight:normal;
    font-size: 16px;
    border-bottom: 1px solid #BBB596;
    margin-bottom: 0;
  }
  #goodreads-widget a {
    text-decoration: none;
    color:#660;
  }
  iframe{
    background-color: #fff;
  }
  #goodreads-widget a:hover { text-decoration: underline; }
  #goodreads-widget a:active {
    color:#660;
  }
  #gr_footer {
    width: 100%;
    border-top: 1px solid #BBB596;
    text-align: right;
  }
  #goodreads-widget .gr_branding{
    color: #382110;
    font-size: 11px;
    text-decoration: none;
    font-family: "Helvetica Neue", Helvetica, Arial, sans-serif;
  }
</style>
<div id="goodreads-widget">
  <div id="gr_header"><h1><a rel="nofollow" href="https://www.goodreads.com/book/show/10790276-courageous">Courageous Reviews</a></h1></div>
  <iframe id="the_iframe" src="https://www.goodreads.com/api/reviews_widget_iframe?did=DEVELOPER_ID&amp;format=html&amp;isbn=1414358466&amp;links=660&amp;min_rating=&amp;review_back=fff&amp;stars=000&amp;text=000" width="565" height="400" frameborder="0"></iframe>
  <div id="gr_footer">
    <a class="gr_branding" target="_blank" rel="nofollow" href="https://www.goodreads.com/book/show/10790276-courageous?utm_medium=api&amp;utm_source=reviews_widget">Reviews from Goodreads.com</a>
  </div>
</div>

      ]]>
    </reviews_widget>
  <popular_shelves>
      <shelf name="to-read" count="5670"/>
      <shelf name="currently-reading" count="152"/>
      <shelf name="christian-fiction" count="103"/>
      <shelf name="christian" count="93"/>
      <shelf name="fiction" count="63"/>
      <shelf name="kindle" count="51"/>
      <shelf name="favorites" count="22"/>
      <shelf name="books-i-own" count="16"/>
      <shelf name="contemporary" count="15"/>
      <shelf name="inspirational" count="15"/>
      <shelf name="owned" count="11"/>
      <shelf name="faith" count="11"/>
      <shelf name="library" count="11"/>
      <shelf name="default" count="10"/>
      <shelf name="randy-alcorn" count="9"/>
      <shelf name="spiritual" count="8"/>
      <shelf name="christianity" count="8"/>
      <shelf name="my-books" count="7"/>
      <shelf name="owned-books" count="6"/>
      <shelf name="nook" count="6"/>
      <shelf name="ebook" count="6"/>
      <shelf name="ebooks" count="6"/>
      <shelf name="christian-books" count="6"/>
      <shelf name="realistic-fiction" count="5"/>
      <shelf name="kindle-books" count="5"/>
      <shelf name="audible" count="5"/>
      <shelf name="family" count="5"/>
      <shelf name="religion" count="5"/>
      <shelf name="parenting" count="5"/>
      <shelf name="adult" count="4"/>
      <shelf name="i-own" count="4"/>
      <shelf name="e-book" count="4"/>
      <shelf name="e-books" count="4"/>
      <shelf name="free" count="4"/>
      <shelf name="audio" count="4"/>
      <shelf name="audiobook" count="4"/>
      <shelf name="books" count="4"/>
      <shelf name="fiction-christian" count="3"/>
      <shelf name="kindle-free" count="3"/>
      <shelf name="own-unread" count="3"/>
      <shelf name="non-fiction" count="3"/>
      <shelf name="freebies" count="3"/>
      <shelf name="my-library" count="3"/>
      <shelf name="on-my-kindle" count="3"/>
      <shelf name="christian-novels" count="3"/>
      <shelf name="drama" count="3"/>
      <shelf name="movie" count="3"/>
      <shelf name="thriller" count="3"/>
      <shelf name="adult-fiction" count="3"/>
      <shelf name="relationships" count="3"/>
      <shelf name="nook-books" count="3"/>
      <shelf name="at-home" count="2"/>
      <shelf name="fathers" count="2"/>
      <shelf name="read-in-2014" count="2"/>
      <shelf name="already-read" count="2"/>
      <shelf name="christian-authors" count="2"/>
      <shelf name="amazon" count="2"/>
      <shelf name="christian-novel" count="2"/>
      <shelf name="finished" count="2"/>
      <shelf name="mine" count="2"/>
      <shelf name="contemporary-fiction" count="2"/>
      <shelf name="spirituality" count="2"/>
      <shelf name="georgia" count="2"/>
      <shelf name="religious-inspirational" count="2"/>
      <shelf name="tbr" count="2"/>
      <shelf name="historical-fiction" count="2"/>
      <shelf name="read-in-2013" count="2"/>
      <shelf name="novels" count="2"/>
      <shelf name="new" count="2"/>
      <shelf name="read-2013" count="2"/>
      <shelf name="marriage" count="2"/>
      <shelf name="audio-book" count="2"/>
      <shelf name="humor" count="2"/>
      <shelf name="inspiration" count="2"/>
      <shelf name="religious" count="2"/>
      <shelf name="want-to-read" count="2"/>
      <shelf name="books-to-movies" count="2"/>
      <shelf name="kindle-book" count="2"/>
      <shelf name="christian-lit" count="2"/>
      <shelf name="faith-based" count="2"/>
      <shelf name="favorite-books" count="2"/>
      <shelf name="novel" count="2"/>
      <shelf name="own-to-read" count="2"/>
      <shelf name="home-library" count="2"/>
      <shelf name="own-book" count="2"/>
      <shelf name="life" count="2"/>
      <shelf name="read-in-2012" count="2"/>
      <shelf name="own-it" count="2"/>
      <shelf name="fatherhood" count="2"/>
      <shelf name="audio-books" count="2"/>
      <shelf name="men" count="2"/>
      <shelf name="couldn-t-finish" count="2"/>
      <shelf name="movies" count="2"/>
      <shelf name="to-buy" count="2"/>
      <shelf name="did-not-finish" count="2"/>
      <shelf name="reviews" count="2"/>
      <shelf name="christian-living" count="2"/>
      <shelf name="books-added-in-2016" count="1"/>
      <shelf name="e-books-i-own" count="1"/>
      <shelf name="edifying" count="1"/>
  </popular_shelves>
  <book_links>
    <book_link>
  <id>8</id>
  <name>Libraries</name>
  <link>https://www.goodreads.com/book_link/follow/8</link>
</book_link>

  </book_links>
  <buy_links>
    <buy_link>
<id>1</id>
<name>Amazon</name>
<link>https://www.goodreads.com/book_link/follow/1</link>
</buy_link>
<buy_link>
<id>10</id>
<name>Audible</name>
<link>https://www.goodreads.com/book_link/follow/10</link>
</buy_link>
<buy_link>
<id>3</id>
<name>Barnes &amp; Noble</name>
<link>https://www.goodreads.com/book_link/follow/3</link>
</buy_link>
<buy_link>
<id>1027</id>
<name>Kobo</name>
<link>https://www.goodreads.com/book_link/follow/1027</link>
</buy_link>
<buy_link>
<id>2102</id>
<name>Apple iBooks</name>
<link>https://www.goodreads.com/book_link/follow/2102</link>
</buy_link>
<buy_link>
<id>8036</id>
<name>Google Play</name>
<link>https://www.goodreads.com/book_link/follow/8036</link>
</buy_link>
<buy_link>
<id>4</id>
<name>Abebooks</name>
<link>https://www.goodreads.com/book_link/follow/4</link>
</buy_link>
<buy_link>
<id>882</id>
<name>Book Depository</name>
<link>https://www.goodreads.com/book_link/follow/882</link>
</buy_link>
<buy_link>
<id>9</id>
<name>Indigo</name>
<link>https://www.goodreads.com/book_link/follow/9</link>
</buy_link>
<buy_link>
<id>2</id>
<name>Half.com</name>
<link>https://www.goodreads.com/book_link/follow/2</link>
</buy_link>
<buy_link>
<id>5</id>
<name>Alibris</name>
<link>https://www.goodreads.com/book_link/follow/5</link>
</buy_link>
<buy_link>
<id>107</id>
<name>Better World Books</name>
<link>https://www.goodreads.com/book_link/follow/107</link>
</buy_link>
<buy_link>
<id>7</id>
<name>IndieBound</name>
<link>https://www.goodreads.com/book_link/follow/7</link>
</buy_link>

  </buy_links>
  <series_works>
    
  </series_works>
  <similar_books>
          <book>
<id>432695</id>
<title>Facing the Giants</title>
<title_without_series>Facing the Giants</title_without_series>
<link><![CDATA[https://www.goodreads.com/book/show/432695.Facing_the_Giants]]></link>
<small_image_url><![CDATA[https://images.gr-assets.com/books/1380857815s/432695.jpg]]></small_image_url>
<image_url><![CDATA[https://images.gr-assets.com/books/1380857815m/432695.jpg]]></image_url>
<num_pages>329</num_pages>
<work>
<id>421653</id>
</work>
<isbn>1595544321</isbn>
<isbn13>9781595544322</isbn13>
<average_rating>4.61</average_rating>
<ratings_count>857</ratings_count>
<publication_year>2007</publication_year>
<publication_month>9</publication_month>
<publication_day>2</publication_day>
<authors>
<author>
<id>107761</id>
<name>Eric Wilson</name>
<link><![CDATA[https://www.goodreads.com/author/show/107761.Eric_Wilson]]></link>
</author>
</authors>
</book>

          <book>
<id>12547110</id>
<title><![CDATA[Honor Redeemed (First Responders #2)]]></title>
<title_without_series>Honor Redeemed</title_without_series>
<link><![CDATA[https://www.goodreads.com/book/show/12547110-honor-redeemed]]></link>
<small_image_url><![CDATA[https://s.gr-assets.com/assets/nophoto/book/50x75-a91bf249278a81aabab721ef782c4a74.png]]></small_image_url>
<image_url><![CDATA[https://s.gr-assets.com/assets/nophoto/book/111x148-bcc042a9c91a29c1d680899eff700a03.png]]></image_url>
<num_pages>271</num_pages>
<work>
<id>17534310</id>
</work>
<isbn></isbn>
<isbn13></isbn13>
<average_rating>3.73</average_rating>
<ratings_count>280</ratings_count>
<publication_year></publication_year>
<publication_month></publication_month>
<publication_day></publication_day>
<authors>
<author>
<id>20519</id>
<name>Loree Lough</name>
<link><![CDATA[https://www.goodreads.com/author/show/20519.Loree_Lough]]></link>
</author>
</authors>
</book>

          <book>
<id>74169</id>
<title><![CDATA[Facing Your Giants: A David and Goliath Story for Everyday People]]></title>
<title_without_series><![CDATA[Facing Your Giants: A David and Goliath Story for Everyday People]]></title_without_series>
<link><![CDATA[https://www.goodreads.com/book/show/74169.Facing_Your_Giants]]></link>
<small_image_url><![CDATA[https://images.gr-assets.com/books/1380857035s/74169.jpg]]></small_image_url>
<image_url><![CDATA[https://images.gr-assets.com/books/1380857035m/74169.jpg]]></image_url>
<num_pages></num_pages>
<work>
<id>1518341</id>
</work>
<isbn>0849901812</isbn>
<isbn13>9780849901812</isbn13>
<average_rating>4.43</average_rating>
<ratings_count>11928</ratings_count>
<publication_year></publication_year>
<publication_month></publication_month>
<publication_day></publication_day>
<authors>
<author>
<id>2737</id>
<name>Max Lucado</name>
<link><![CDATA[https://www.goodreads.com/author/show/2737.Max_Lucado]]></link>
</author>
</authors>
</book>

          <book>
<id>8400754</id>
<title><![CDATA[False Pretenses (Secrets of Roux River Bayou, #1)]]></title>
<title_without_series>False Pretenses</title_without_series>
<link><![CDATA[https://www.goodreads.com/book/show/8400754-false-pretenses]]></link>
<small_image_url><![CDATA[https://images.gr-assets.com/books/1291242395s/8400754.jpg]]></small_image_url>
<image_url><![CDATA[https://images.gr-assets.com/books/1291242395m/8400754.jpg]]></image_url>
<num_pages>389</num_pages>
<work>
<id>13260520</id>
</work>
<isbn></isbn>
<isbn13></isbn13>
<average_rating>3.97</average_rating>
<ratings_count>1017</ratings_count>
<publication_year></publication_year>
<publication_month></publication_month>
<publication_day></publication_day>
<authors>
<author>
<id>44176</id>
<name>Kathy Herman</name>
<link><![CDATA[https://www.goodreads.com/author/show/44176.Kathy_Herman]]></link>
</author>
</authors>
</book>

          <book>
<id>12371170</id>
<title>The Resolution for Women</title>
<title_without_series>The Resolution for Women</title_without_series>
<link><![CDATA[https://www.goodreads.com/book/show/12371170-the-resolution-for-women]]></link>
<small_image_url><![CDATA[https://images.gr-assets.com/books/1328764412s/12371170.jpg]]></small_image_url>
<image_url><![CDATA[https://images.gr-assets.com/books/1328764412m/12371170.jpg]]></image_url>
<num_pages>268</num_pages>
<work>
<id>17127726</id>
</work>
<isbn>1433674017</isbn>
<isbn13>9781433674013</isbn13>
<average_rating>4.32</average_rating>
<ratings_count>2197</ratings_count>
<publication_year></publication_year>
<publication_month></publication_month>
<publication_day></publication_day>
<authors>
<author>
<id>13362</id>
<name>Priscilla Shirer</name>
<link><![CDATA[https://www.goodreads.com/author/show/13362.Priscilla_Shirer]]></link>
</author>
</authors>
</book>

          <book>
<id>10744805</id>
<title>The Edge of Grace</title>
<title_without_series>The Edge of Grace</title_without_series>
<link><![CDATA[https://www.goodreads.com/book/show/10744805-the-edge-of-grace]]></link>
<small_image_url><![CDATA[https://images.gr-assets.com/books/1299781837s/10744805.jpg]]></small_image_url>
<image_url><![CDATA[https://images.gr-assets.com/books/1299781837m/10744805.jpg]]></image_url>
<num_pages>336</num_pages>
<work>
<id>15655903</id>
</work>
<isbn>1426713118</isbn>
<isbn13>9781426713118</isbn13>
<average_rating>3.32</average_rating>
<ratings_count>350</ratings_count>
<publication_year>2011</publication_year>
<publication_month>8</publication_month>
<publication_day>1</publication_day>
<authors>
<author>
<id>3046594</id>
<name>Christa Allan</name>
<link><![CDATA[https://www.goodreads.com/author/show/3046594.Christa_Allan]]></link>
</author>
</authors>
</book>

          <book>
<id>453681</id>
<title>Blood Sisters</title>
<title_without_series>Blood Sisters</title_without_series>
<link><![CDATA[https://www.goodreads.com/book/show/453681.Blood_Sisters]]></link>
<small_image_url><![CDATA[https://s.gr-assets.com/assets/nophoto/book/50x75-a91bf249278a81aabab721ef782c4a74.png]]></small_image_url>
<image_url><![CDATA[https://s.gr-assets.com/assets/nophoto/book/111x148-bcc042a9c91a29c1d680899eff700a03.png]]></image_url>
<num_pages>425</num_pages>
<work>
<id>442286</id>
</work>
<isbn>0736903720</isbn>
<isbn13>9780736903721</isbn13>
<average_rating>3.87</average_rating>
<ratings_count>436</ratings_count>
<publication_year>2001</publication_year>
<publication_month>7</publication_month>
<publication_day>1</publication_day>
<authors>
<author>
<id>7383</id>
<name>Melody Carlson</name>
<link><![CDATA[https://www.goodreads.com/author/show/7383.Melody_Carlson]]></link>
</author>
</authors>
</book>

          <book>
<id>9251608</id>
<title><![CDATA[Jesus in the Present Tense: The I AM Statements of Christ]]></title>
<title_without_series><![CDATA[Jesus in the Present Tense: The I AM Statements of Christ]]></title_without_series>
<link><![CDATA[https://www.goodreads.com/book/show/9251608-jesus-in-the-present-tense]]></link>
<small_image_url><![CDATA[https://images.gr-assets.com/books/1328809284s/9251608.jpg]]></small_image_url>
<image_url><![CDATA[https://images.gr-assets.com/books/1328809284m/9251608.jpg]]></image_url>
<num_pages></num_pages>
<work>
<id>14132144</id>
</work>
<isbn>0781404878</isbn>
<isbn13>9780781404877</isbn13>
<average_rating>4.15</average_rating>
<ratings_count>306</ratings_count>
<publication_year></publication_year>
<publication_month></publication_month>
<publication_day></publication_day>
<authors>
<author>
<id>4396930</id>
<name>Warren W. Wiersbe</name>
<link><![CDATA[https://www.goodreads.com/author/show/4396930.Warren_W_Wiersbe]]></link>
</author>
</authors>
</book>

          <book>
<id>12369589</id>
<title>Not in the Heart</title>
<title_without_series>Not in the Heart</title_without_series>
<link><![CDATA[https://www.goodreads.com/book/show/12369589-not-in-the-heart]]></link>
<small_image_url><![CDATA[https://images.gr-assets.com/books/1406505576s/12369589.jpg]]></small_image_url>
<image_url><![CDATA[https://images.gr-assets.com/books/1406505576m/12369589.jpg]]></image_url>
<num_pages>418</num_pages>
<work>
<id>17349884</id>
</work>
<isbn>1414348614</isbn>
<isbn13>9781414348612</isbn13>
<average_rating>4.17</average_rating>
<ratings_count>670</ratings_count>
<publication_year>2012</publication_year>
<publication_month>2</publication_month>
<publication_day>1</publication_day>
<authors>
<author>
<id>5351</id>
<name>Chris Fabry</name>
<link><![CDATA[https://www.goodreads.com/author/show/5351.Chris_Fabry]]></link>
</author>
</authors>
</book>

          <book>
<id>18038521</id>
<title>Broken Identity</title>
<title_without_series>Broken Identity</title_without_series>
<link><![CDATA[https://www.goodreads.com/book/show/18038521-broken-identity]]></link>
<small_image_url><![CDATA[https://images.gr-assets.com/books/1370310831s/18038521.jpg]]></small_image_url>
<image_url><![CDATA[https://images.gr-assets.com/books/1370310831m/18038521.jpg]]></image_url>
<num_pages>325</num_pages>
<work>
<id>17342987</id>
</work>
<isbn></isbn>
<isbn13></isbn13>
<average_rating>3.75</average_rating>
<ratings_count>320</ratings_count>
<publication_year>2011</publication_year>
<publication_month>9</publication_month>
<publication_day>20</publication_day>
<authors>
<author>
<id>15340152</id>
<name>Ashley  Williams</name>
<link><![CDATA[https://www.goodreads.com/author/show/15340152.Ashley_Williams]]></link>
</author>
</authors>
</book>

          <book>
<id>8133047</id>
<title><![CDATA[Ready or Not (Aggie's Inheritance, #1)]]></title>
<title_without_series>Ready or Not</title_without_series>
<link><![CDATA[https://www.goodreads.com/book/show/8133047-ready-or-not]]></link>
<small_image_url><![CDATA[https://s.gr-assets.com/assets/nophoto/book/50x75-a91bf249278a81aabab721ef782c4a74.png]]></small_image_url>
<image_url><![CDATA[https://s.gr-assets.com/assets/nophoto/book/111x148-bcc042a9c91a29c1d680899eff700a03.png]]></image_url>
<num_pages>348</num_pages>
<work>
<id>12929058</id>
</work>
<isbn>1450590497</isbn>
<isbn13>9781450590495</isbn13>
<average_rating>3.98</average_rating>
<ratings_count>1254</ratings_count>
<publication_year>2010</publication_year>
<publication_month>3</publication_month>
<publication_day>27</publication_day>
<authors>
<author>
<id>2946954</id>
<name>Chautona Havig</name>
<link><![CDATA[https://www.goodreads.com/author/show/2946954.Chautona_Havig]]></link>
</author>
</authors>
</book>

          <book>
<id>11223068</id>
<title>Surrendered Hearts</title>
<title_without_series>Surrendered Hearts</title_without_series>
<link><![CDATA[https://www.goodreads.com/book/show/11223068-surrendered-hearts]]></link>
<small_image_url><![CDATA[https://images.gr-assets.com/books/1329077747s/11223068.jpg]]></small_image_url>
<image_url><![CDATA[https://images.gr-assets.com/books/1329077747m/11223068.jpg]]></image_url>
<num_pages></num_pages>
<work>
<id>25531160</id>
</work>
<isbn>1888685409</isbn>
<isbn13>9781888685404</isbn13>
<average_rating>3.92</average_rating>
<ratings_count>341</ratings_count>
<publication_year>2011</publication_year>
<publication_month>4</publication_month>
<publication_day>3</publication_day>
<authors>
<author>
<id>247470</id>
<name>Carrie Turansky</name>
<link><![CDATA[https://www.goodreads.com/author/show/247470.Carrie_Turansky]]></link>
</author>
</authors>
</book>

          <book>
<id>16184833</id>
<title><![CDATA[Beyond Ordinary: When a Good Marriage Just Isn't Good Enough]]></title>
<title_without_series><![CDATA[Beyond Ordinary: When a Good Marriage Just Isn't Good Enough]]></title_without_series>
<link><![CDATA[https://www.goodreads.com/book/show/16184833-beyond-ordinary]]></link>
<small_image_url><![CDATA[https://images.gr-assets.com/books/1406512058s/16184833.jpg]]></small_image_url>
<image_url><![CDATA[https://images.gr-assets.com/books/1406512058m/16184833.jpg]]></image_url>
<num_pages>219</num_pages>
<work>
<id>22095079</id>
</work>
<isbn>1414372272</isbn>
<isbn13>9781414372273</isbn13>
<average_rating>3.94</average_rating>
<ratings_count>673</ratings_count>
<publication_year>2013</publication_year>
<publication_month>1</publication_month>
<publication_day>1</publication_day>
<authors>
<author>
<id>6914874</id>
<name>Justin  Davis</name>
<link><![CDATA[https://www.goodreads.com/author/show/6914874.Justin_Davis]]></link>
</author>
</authors>
</book>

          <book>
<id>9901664</id>
<title>The Glory of Green (Green #3)</title>
<title_without_series>The Glory of Green</title_without_series>
<link><![CDATA[https://www.goodreads.com/book/show/9901664-the-glory-of-green]]></link>
<small_image_url><![CDATA[https://images.gr-assets.com/books/1386802306s/9901664.jpg]]></small_image_url>
<image_url><![CDATA[https://images.gr-assets.com/books/1386802306m/9901664.jpg]]></image_url>
<num_pages></num_pages>
<work>
<id>14793917</id>
</work>
<isbn>1426700563</isbn>
<isbn13>9781426700569</isbn13>
<average_rating>4.01</average_rating>
<ratings_count>1185</ratings_count>
<publication_year></publication_year>
<publication_month></publication_month>
<publication_day></publication_day>
<authors>
<author>
<id>2930346</id>
<name>Judy Christie</name>
<link><![CDATA[https://www.goodreads.com/author/show/2930346.Judy_Christie]]></link>
</author>
</authors>
</book>

          <book>
<id>10076846</id>
<title>Until Forever</title>
<title_without_series>Until Forever</title_without_series>
<link><![CDATA[https://www.goodreads.com/book/show/10076846-until-forever]]></link>
<small_image_url><![CDATA[https://images.gr-assets.com/books/1293733913s/10076846.jpg]]></small_image_url>
<image_url><![CDATA[https://images.gr-assets.com/books/1293733913m/10076846.jpg]]></image_url>
<num_pages>270</num_pages>
<work>
<id>14973497</id>
</work>
<isbn>1617392448</isbn>
<isbn13>9781617392443</isbn13>
<average_rating>4.01</average_rating>
<ratings_count>530</ratings_count>
<publication_year>2011</publication_year>
<publication_month>1</publication_month>
<publication_day>25</publication_day>
<authors>
<author>
<id>4546589</id>
<name>Darlene Shortridge</name>
<link><![CDATA[https://www.goodreads.com/author/show/4546589.Darlene_Shortridge]]></link>
</author>
</authors>
</book>

          <book>
<id>11021819</id>
<title><![CDATA[A Time for Peace (Quilts of Lancaster County, #3)]]></title>
<title_without_series>A Time for Peace</title_without_series>
<link><![CDATA[https://www.goodreads.com/book/show/11021819-a-time-for-peace]]></link>
<small_image_url><![CDATA[https://images.gr-assets.com/books/1327898374s/11021819.jpg]]></small_image_url>
<image_url><![CDATA[https://images.gr-assets.com/books/1327898374m/11021819.jpg]]></image_url>
<num_pages>285</num_pages>
<work>
<id>15941205</id>
</work>
<isbn>1426707657</isbn>
<isbn13>9781426707650</isbn13>
<average_rating>4.03</average_rating>
<ratings_count>1330</ratings_count>
<publication_year>2011</publication_year>
<publication_month>10</publication_month>
<publication_day>1</publication_day>
<authors>
<author>
<id>168049</id>
<name>Barbara Cameron</name>
<link><![CDATA[https://www.goodreads.com/author/show/168049.Barbara_Cameron]]></link>
</author>
</authors>
</book>

          <book>
<id>12065788</id>
<title>The Resolution for Men</title>
<title_without_series>The Resolution for Men</title_without_series>
<link><![CDATA[https://www.goodreads.com/book/show/12065788-the-resolution-for-men]]></link>
<small_image_url><![CDATA[https://images.gr-assets.com/books/1327935999s/12065788.jpg]]></small_image_url>
<image_url><![CDATA[https://images.gr-assets.com/books/1327935999m/12065788.jpg]]></image_url>
<num_pages>257</num_pages>
<work>
<id>17033200</id>
</work>
<isbn>1433671220</isbn>
<isbn13>9781433671227</isbn13>
<average_rating>4.38</average_rating>
<ratings_count>1004</ratings_count>
<publication_year></publication_year>
<publication_month></publication_month>
<publication_day></publication_day>
<authors>
<author>
<id>69521</id>
<name>Stephen Kendrick</name>
<link><![CDATA[https://www.goodreads.com/author/show/69521.Stephen_Kendrick]]></link>
</author>
</authors>
</book>

          <book>
<id>5983</id>
<title><![CDATA[Not a Sparrow Falls (Second Chances Collection, #1)]]></title>
<title_without_series>Not a Sparrow Falls</title_without_series>
<link><![CDATA[https://www.goodreads.com/book/show/5983.Not_a_Sparrow_Falls]]></link>
<small_image_url><![CDATA[https://s.gr-assets.com/assets/nophoto/book/50x75-a91bf249278a81aabab721ef782c4a74.png]]></small_image_url>
<image_url><![CDATA[https://s.gr-assets.com/assets/nophoto/book/111x148-bcc042a9c91a29c1d680899eff700a03.png]]></image_url>
<num_pages>351</num_pages>
<work>
<id>9335</id>
</work>
<isbn>0764227270</isbn>
<isbn13>9780764227271</isbn13>
<average_rating>4.08</average_rating>
<ratings_count>1598</ratings_count>
<publication_year>2002</publication_year>
<publication_month>8</publication_month>
<publication_day>1</publication_day>
<authors>
<author>
<id>4056</id>
<name>Linda Nichols</name>
<link><![CDATA[https://www.goodreads.com/author/show/4056.Linda_Nichols]]></link>
</author>
</authors>
</book>

  </similar_books>
</book>

</GoodreadsResponse>