<?xml version="1.0" encoding="UTF-8"?>
<GoodreadsResponse>
  <Request>
    <authentication>true</authentication>
      <key><![CDATA[all_men_must_serve]]></key>
    <method><![CDATA[book_show]]></method>
  </Request>
  <book>
  <id>10790516</id>
  <title><![CDATA[Lothaire (Immortals After Dark #12)]]></title>
  <isbn><![CDATA[1439136823]]></isbn>
  <isbn13><![CDATA[9781439136829]]></isbn13>
  <asin><![CDATA[]]></asin>
  <kindle_asin><![CDATA[B006UDSM2O]]></kindle_asin>
  <marketplace_id><![CDATA[A1F83G8C2ARO7P]]></marketplace_id>
  <country_code><![CDATA[GB]]></country_code>
  <image_url>https://images.gr-assets.com/books/1366322959m/10790516.jpg</image_url>
  <small_image_url>https://images.gr-assets.com/books/1366322959s/10790516.jpg</small_image_url>
  <publication_year>2012</publication_year>
  <publication_month>1</publication_month>
  <publication_day>10</publication_day>
  <publisher>Gallery Books</publisher>
  <language_code>eng</language_code>
  <is_ebook>false</is_ebook>
  <description><![CDATA[Number-one <i>New York Times</i> best-selling author Kresley Cole continues her electrifying Immortals After Dark series with this thrilling tale, revealing secrets of the Lore, fierce realm of the immortals....<br /><br /><b>All fear the enemy of old.</b><br /><br />Driven by his insatiable need for revenge, Lothaire, the Lore’s most ruthless vampire, plots to seize the Horde’s crown. But bloodlust and torture have left him on the brink of madness—until he finds Elizabeth Peirce, the key to his victory. He captures the unique young mortal, intending to offer up her very soul in exchange for power, yet Elizabeth soothes his tormented mind and awakens within him emotions Lothaire believed he could no longer experience.<br /><br /><b>A deadly force dwells within her.</b><br /><br />Growing up in desperate poverty, Ellie Peirce yearned for a better life, never imagining she’d be convicted of murder—or that an evil immortal would abduct her from death row. But Lothaire is no savior, as he himself plans to sacrifice Ellie in one month’s time. And yet the vampire seems to ache for her touch, showering her with wealth and sexual pleasure. In a bid to save her soul, Ellie surrenders her body to the wicked vampire, while vowing to protect her heart.<br /><br /><b>Centuries of cold indifference shattered.</b><br /><br />Elizabeth tempts Lothaire beyond reason, as only his fated mate could. As the month draws to a close, he must choose between a millennia-old blood vendetta and his irresistible prisoner. Will Lothaire succumb to the miseries of his past—or risk everything for a future with her?]]></description>
  <work>
  <id type="integer">15702803</id>
  <books_count type="integer">31</books_count>
  <best_book_id type="integer">10790516</best_book_id>
  <reviews_count type="integer">47594</reviews_count>
  <ratings_sum type="integer">146700</ratings_sum>
  <ratings_count type="integer">33135</ratings_count>
  <text_reviews_count type="integer">2240</text_reviews_count>
  <original_publication_year type="integer">2012</original_publication_year>
  <original_publication_month type="integer">1</original_publication_month>
  <original_publication_day type="integer">10</original_publication_day>
  <original_title>Lothaire</original_title>
  <original_language_id type="integer" nil="true"/>
  <media_type>book</media_type>
  <rating_dist>5:19659|4:9215|3:3288|2:708|1:265|total:33135</rating_dist>
  <desc_user_id type="integer">4146204</desc_user_id>
  <default_chaptering_book_id type="integer" nil="true"/>
  <default_description_language_code nil="true"/>
</work>
  <average_rating>4.43</average_rating>
  <num_pages><![CDATA[468]]></num_pages>
  <format><![CDATA[Hardcover]]></format>
  <edition_information><![CDATA[]]></edition_information>
  <ratings_count><![CDATA[30322]]></ratings_count>
  <text_reviews_count><![CDATA[1899]]></text_reviews_count>
  <url><![CDATA[https://www.goodreads.com/book/show/10790516-lothaire]]></url>
  <link><![CDATA[https://www.goodreads.com/book/show/10790516-lothaire]]></link>
  <authors>
<author>
<id>4428</id>
<name>Kresley Cole</name>
<role></role>
<image_url nophoto='false'>
<![CDATA[https://images.gr-assets.com/authors/1328377628p5/4428.jpg]]>
</image_url>
<small_image_url nophoto='false'>
<![CDATA[https://images.gr-assets.com/authors/1328377628p2/4428.jpg]]>
</small_image_url>
<link><![CDATA[https://www.goodreads.com/author/show/4428.Kresley_Cole]]></link>
<average_rating>4.29</average_rating>
<ratings_count>704581</ratings_count>
<text_reviews_count>39002</text_reviews_count>
</author>
</authors>

    <reviews_widget>
      <![CDATA[
        <style>
  #goodreads-widget {
    font-family: georgia, serif;
    padding: 18px 0;
    width:565px;
  }
  #goodreads-widget h1 {
    font-weight:normal;
    font-size: 16px;
    border-bottom: 1px solid #BBB596;
    margin-bottom: 0;
  }
  #goodreads-widget a {
    text-decoration: none;
    color:#660;
  }
  iframe{
    background-color: #fff;
  }
  #goodreads-widget a:hover { text-decoration: underline; }
  #goodreads-widget a:active {
    color:#660;
  }
  #gr_footer {
    width: 100%;
    border-top: 1px solid #BBB596;
    text-align: right;
  }
  #goodreads-widget .gr_branding{
    color: #382110;
    font-size: 11px;
    text-decoration: none;
    font-family: "Helvetica Neue", Helvetica, Arial, sans-serif;
  }
</style>
<div id="goodreads-widget">
  <div id="gr_header"><h1><a rel="nofollow" href="https://www.goodreads.com/book/show/10790516-lothaire">Lothaire Reviews</a></h1></div>
  <iframe id="the_iframe" src="https://www.goodreads.com/api/reviews_widget_iframe?did=DEVELOPER_ID&amp;format=html&amp;isbn=1439136823&amp;links=660&amp;min_rating=&amp;review_back=fff&amp;stars=000&amp;text=000" width="565" height="400" frameborder="0"></iframe>
  <div id="gr_footer">
    <a class="gr_branding" target="_blank" rel="nofollow" href="https://www.goodreads.com/book/show/10790516-lothaire?utm_medium=api&amp;utm_source=reviews_widget">Reviews from Goodreads.com</a>
  </div>
</div>

      ]]>
    </reviews_widget>
  <popular_shelves>
      <shelf name="to-read" count="9919"/>
      <shelf name="paranormal-romance" count="962"/>
      <shelf name="paranormal" count="855"/>
      <shelf name="favorites" count="710"/>
      <shelf name="romance" count="600"/>
      <shelf name="vampires" count="549"/>
      <shelf name="kresley-cole" count="402"/>
      <shelf name="currently-reading" count="271"/>
      <shelf name="fantasy" count="255"/>
      <shelf name="vampire" count="253"/>
      <shelf name="immortals-after-dark" count="202"/>
      <shelf name="pnr" count="189"/>
      <shelf name="series" count="176"/>
      <shelf name="urban-fantasy" count="144"/>
      <shelf name="adult" count="142"/>
      <shelf name="demons" count="91"/>
      <shelf name="kindle" count="84"/>
      <shelf name="alpha-male" count="83"/>
      <shelf name="books-i-own" count="82"/>
      <shelf name="magic" count="78"/>
      <shelf name="supernatural" count="77"/>
      <shelf name="fiction" count="70"/>
      <shelf name="erotica" count="68"/>
      <shelf name="owned" count="65"/>
      <shelf name="read-in-2012" count="58"/>
      <shelf name="vamps" count="56"/>
      <shelf name="enemies-to-lovers" count="54"/>
      <shelf name="contemporary" count="53"/>
      <shelf name="audiobook" count="50"/>
      <shelf name="ebook" count="50"/>
      <shelf name="romance-paranormal" count="50"/>
      <shelf name="immortals-after-dark-series" count="48"/>
      <shelf name="witches" count="47"/>
      <shelf name="favorite-series" count="47"/>
      <shelf name="virgin-heroine" count="45"/>
      <shelf name="favourites" count="41"/>
      <shelf name="werewolves" count="40"/>
      <shelf name="cole-kresley" count="40"/>
      <shelf name="5-stars" count="39"/>
      <shelf name="re-read" count="38"/>
      <shelf name="favorite" count="38"/>
      <shelf name="read-2012" count="37"/>
      <shelf name="library" count="37"/>
      <shelf name="part-of-a-series" count="37"/>
      <shelf name="book-boyfriend" count="36"/>
      <shelf name="mythology" count="34"/>
      <shelf name="shifters" count="34"/>
      <shelf name="default" count="33"/>
      <shelf name="tortured-hero" count="32"/>
      <shelf name="anti-hero" count="31"/>
      <shelf name="fantasy-romance" count="31"/>
      <shelf name="steamy" count="31"/>
      <shelf name="virgin" count="30"/>
      <shelf name="ebooks" count="30"/>
      <shelf name="audiobooks" count="29"/>
      <shelf name="all-time-favorites" count="28"/>
      <shelf name="m-f" count="28"/>
      <shelf name="iad" count="28"/>
      <shelf name="audio" count="27"/>
      <shelf name="alpha-hero" count="27"/>
      <shelf name="author-kresley-cole" count="27"/>
      <shelf name="fae" count="27"/>
      <shelf name="immortals" count="27"/>
      <shelf name="paranormal-fantasy" count="24"/>
      <shelf name="favorite-authors" count="24"/>
      <shelf name="erotic-romance" count="24"/>
      <shelf name="2012-reads" count="24"/>
      <shelf name="audible" count="23"/>
      <shelf name="e-book" count="23"/>
      <shelf name="series-immortals-after-dark" count="22"/>
      <shelf name="fantasy-paranormal" count="21"/>
      <shelf name="erotic" count="21"/>
      <shelf name="i-own" count="20"/>
      <shelf name="vampire-romance" count="20"/>
      <shelf name="valkyrie" count="20"/>
      <shelf name="to-buy" count="20"/>
      <shelf name="read-in-2013" count="19"/>
      <shelf name="paperback" count="19"/>
      <shelf name="smut" count="19"/>
      <shelf name="action" count="19"/>
      <shelf name="4-stars" count="19"/>
      <shelf name="bad-boy" count="19"/>
      <shelf name="shapeshifters" count="19"/>
      <shelf name="pnr-uf" count="19"/>
      <shelf name="new-adult" count="18"/>
      <shelf name="alpha-males" count="18"/>
      <shelf name="fated-to-be-mated" count="18"/>
      <shelf name="dark" count="17"/>
      <shelf name="dnf" count="17"/>
      <shelf name="book-boyfriends" count="17"/>
      <shelf name="royalty" count="17"/>
      <shelf name="reviewed" count="17"/>
      <shelf name="cole" count="17"/>
      <shelf name="favorite-author" count="17"/>
      <shelf name="my-books" count="16"/>
      <shelf name="owned-books" count="16"/>
      <shelf name="love" count="16"/>
      <shelf name="5-star" count="16"/>
      <shelf name="nook" count="16"/>
      <shelf name="paranormal-vampires" count="16"/>
  </popular_shelves>
  <book_links>
    <book_link>
  <id>8</id>
  <name>Libraries</name>
  <link>https://www.goodreads.com/book_link/follow/8</link>
</book_link>

  </book_links>
  <buy_links>
    <buy_link>
<id>1</id>
<name>Amazon</name>
<link>https://www.goodreads.com/book_link/follow/1</link>
</buy_link>
<buy_link>
<id>10</id>
<name>Audible</name>
<link>https://www.goodreads.com/book_link/follow/10</link>
</buy_link>
<buy_link>
<id>3</id>
<name>Barnes &amp; Noble</name>
<link>https://www.goodreads.com/book_link/follow/3</link>
</buy_link>
<buy_link>
<id>1027</id>
<name>Kobo</name>
<link>https://www.goodreads.com/book_link/follow/1027</link>
</buy_link>
<buy_link>
<id>2102</id>
<name>Apple iBooks</name>
<link>https://www.goodreads.com/book_link/follow/2102</link>
</buy_link>
<buy_link>
<id>8036</id>
<name>Google Play</name>
<link>https://www.goodreads.com/book_link/follow/8036</link>
</buy_link>
<buy_link>
<id>4</id>
<name>Abebooks</name>
<link>https://www.goodreads.com/book_link/follow/4</link>
</buy_link>
<buy_link>
<id>882</id>
<name>Book Depository</name>
<link>https://www.goodreads.com/book_link/follow/882</link>
</buy_link>
<buy_link>
<id>9</id>
<name>Indigo</name>
<link>https://www.goodreads.com/book_link/follow/9</link>
</buy_link>
<buy_link>
<id>2</id>
<name>Half.com</name>
<link>https://www.goodreads.com/book_link/follow/2</link>
</buy_link>
<buy_link>
<id>5</id>
<name>Alibris</name>
<link>https://www.goodreads.com/book_link/follow/5</link>
</buy_link>
<buy_link>
<id>107</id>
<name>Better World Books</name>
<link>https://www.goodreads.com/book_link/follow/107</link>
</buy_link>
<buy_link>
<id>7</id>
<name>IndieBound</name>
<link>https://www.goodreads.com/book_link/follow/7</link>
</buy_link>

  </buy_links>
  <series_works>
    <series_work>
<id>242396</id>
<user_position>12</user_position>
<series>
<id>40483</id>
<title>
<![CDATA[
    Immortals After Dark
]]>
</title>
<description>
<![CDATA[
    Numbering follows the author's website listing. 
    
    Spin off : <a href="http://www.goodreads.com/series/68450-the-dacians">Immortals After Dark : The Dacians</a> 
    
    Every creature or being that was thought to be mythical . . . isn’t.
    
    They all secretly exist alongside humans and enjoy the gift of immortality. There are hundreds of different kinds: from Vampires to Lykae, from Furies to Shifters, from the Fey to Valkyries.
    
    These immortals call their world The Lore.
    
    You may have had a brush with one of Lorekind already. The eccentric billionaire with hypnotic charisma—and an aversion to sunlight. The ethereal waif of impossible beauty—whose fingernails look more like claws. The Highlander with a seventeenth-century Scottish accent and animal magnetism—who can never be penciled in on the night of the full moon.
    
    They walk among us, but they war among themselves. Each faction has its strengths, weaknesses, and age old prejudices against the others. Every five hundred years, the Accession, a battle for supremacy, rages. That time is now. . . .
]]>
</description>
<note>
<![CDATA[
]]>
</note>
<series_works_count>23</series_works_count>
<primary_work_count>21</primary_work_count>
<numbered>true</numbered>
</series>

</series_work>

  </series_works>
  <similar_books>
          <book>
<id>11512712</id>
<title><![CDATA[Lethal Rider (Lords of Deliverance, #3; Demonica, #8)]]></title>
<title_without_series>Lethal Rider</title_without_series>
<link><![CDATA[https://www.goodreads.com/book/show/11512712-lethal-rider]]></link>
<small_image_url><![CDATA[https://images.gr-assets.com/books/1325328345s/11512712.jpg]]></small_image_url>
<image_url><![CDATA[https://images.gr-assets.com/books/1325328345m/11512712.jpg]]></image_url>
<num_pages>464</num_pages>
<work>
<id>16448858</id>
</work>
<isbn>074995552X</isbn>
<isbn13>9780749955526</isbn13>
<average_rating>4.39</average_rating>
<ratings_count>14308</ratings_count>
<publication_year>2012</publication_year>
<publication_month>5</publication_month>
<publication_day>22</publication_day>
<authors>
<author>
<id>375143</id>
<name>Larissa Ione</name>
<link><![CDATA[https://www.goodreads.com/author/show/375143.Larissa_Ione]]></link>
</author>
</authors>
</book>

          <book>
<id>15781026</id>
<title><![CDATA[Heart of Obsidian  (Psy-Changeling, #12)]]></title>
<title_without_series>Heart of Obsidian</title_without_series>
<link><![CDATA[https://www.goodreads.com/book/show/15781026-heart-of-obsidian]]></link>
<small_image_url><![CDATA[https://images.gr-assets.com/books/1359653471s/15781026.jpg]]></small_image_url>
<image_url><![CDATA[https://images.gr-assets.com/books/1359653471m/15781026.jpg]]></image_url>
<num_pages>360</num_pages>
<work>
<id>21496528</id>
</work>
<isbn>0425263991</isbn>
<isbn13>9780425263990</isbn13>
<average_rating>4.51</average_rating>
<ratings_count>16361</ratings_count>
<publication_year>2013</publication_year>
<publication_month>6</publication_month>
<publication_day>4</publication_day>
<authors>
<author>
<id>71688</id>
<name>Nalini Singh</name>
<link><![CDATA[https://www.goodreads.com/author/show/71688.Nalini_Singh]]></link>
</author>
</authors>
</book>

          <book>
<id>9995135</id>
<title><![CDATA[The Darkest Seduction (Lords of the Underworld #9)]]></title>
<title_without_series>The Darkest Seduction</title_without_series>
<link><![CDATA[https://www.goodreads.com/book/show/9995135-the-darkest-seduction]]></link>
<small_image_url><![CDATA[https://images.gr-assets.com/books/1316891535s/9995135.jpg]]></small_image_url>
<image_url><![CDATA[https://images.gr-assets.com/books/1316891535m/9995135.jpg]]></image_url>
<num_pages>504</num_pages>
<work>
<id>14889975</id>
</work>
<isbn>0373776578</isbn>
<isbn13>9780373776573</isbn13>
<average_rating>4.35</average_rating>
<ratings_count>21340</ratings_count>
<publication_year>2012</publication_year>
<publication_month>2</publication_month>
<publication_day>28</publication_day>
<authors>
<author>
<id>48192</id>
<name>Gena Showalter</name>
<link><![CDATA[https://www.goodreads.com/author/show/48192.Gena_Showalter]]></link>
</author>
</authors>
</book>

          <book>
<id>11458578</id>
<title><![CDATA[Oracle's Moon (Elder Races, #4)]]></title>
<title_without_series>Oracle&apos;s Moon</title_without_series>
<link><![CDATA[https://www.goodreads.com/book/show/11458578-oracle-s-moon]]></link>
<small_image_url><![CDATA[https://images.gr-assets.com/books/1327192039s/11458578.jpg]]></small_image_url>
<image_url><![CDATA[https://images.gr-assets.com/books/1327192039m/11458578.jpg]]></image_url>
<num_pages>336</num_pages>
<work>
<id>16392681</id>
</work>
<isbn>0425246590</isbn>
<isbn13>9780425246597</isbn13>
<average_rating>4.23</average_rating>
<ratings_count>10518</ratings_count>
<publication_year>2012</publication_year>
<publication_month>3</publication_month>
<publication_day>6</publication_day>
<authors>
<author>
<id>4443809</id>
<name>Thea Harrison</name>
<link><![CDATA[https://www.goodreads.com/author/show/4443809.Thea_Harrison]]></link>
</author>
</authors>
</book>

          <book>
<id>6288940</id>
<title><![CDATA[What a Dragon Should Know (Dragon Kin, #3)]]></title>
<title_without_series>What a Dragon Should Know</title_without_series>
<link><![CDATA[https://www.goodreads.com/book/show/6288940-what-a-dragon-should-know]]></link>
<small_image_url><![CDATA[https://images.gr-assets.com/books/1317852963s/6288940.jpg]]></small_image_url>
<image_url><![CDATA[https://images.gr-assets.com/books/1317852963m/6288940.jpg]]></image_url>
<num_pages>460</num_pages>
<work>
<id>6473246</id>
</work>
<isbn>142010375X</isbn>
<isbn13>9781420103755</isbn13>
<average_rating>4.33</average_rating>
<ratings_count>11816</ratings_count>
<publication_year>2009</publication_year>
<publication_month>9</publication_month>
<publication_day>1</publication_day>
<authors>
<author>
<id>1395810</id>
<name>G.A. Aiken</name>
<link><![CDATA[https://www.goodreads.com/author/show/1395810.G_A_Aiken]]></link>
</author>
</authors>
</book>

  </similar_books>
</book>

</GoodreadsResponse>