<?xml version="1.0" encoding="UTF-8"?>
<GoodreadsResponse>
  <Request>
    <authentication>true</authentication>
      <key><![CDATA[all_men_must_serve]]></key>
    <method><![CDATA[book_show]]></method>
  </Request>
  <book>
  <id>10805160</id>
  <title><![CDATA[Broken Harbour (Dublin Murder Squad, #4)]]></title>
  <isbn><![CDATA[1444705105]]></isbn>
  <isbn13><![CDATA[9781444705102]]></isbn13>
  <asin><![CDATA[]]></asin>
  <kindle_asin><![CDATA[B007ROSN7E]]></kindle_asin>
  <marketplace_id><![CDATA[A1F83G8C2ARO7P]]></marketplace_id>
  <country_code><![CDATA[GB]]></country_code>
  <image_url>https://images.gr-assets.com/books/1336120776m/10805160.jpg</image_url>
  <small_image_url>https://images.gr-assets.com/books/1336120776s/10805160.jpg</small_image_url>
  <publication_year>2012</publication_year>
  <publication_month>7</publication_month>
  <publication_day>2</publication_day>
  <publisher>Hatchette Books Ireland</publisher>
  <language_code>eng</language_code>
  <is_ebook>false</is_ebook>
  <description><![CDATA[In <i>Broken Harbour</i>, a ghost estate outside Dublin – half-built, half-inhabited, half-abandoned – two children and their father are dead. The mother is on her way to intensive care. Scorcher Kennedy is given the case because he is the Murder Squad’s star detective. At first he and his rookie partner, Richie, think this is a simple one: Pat Spain was a casualty of the recession, so he killed his children, tried to kill his wife Jenny, and finished off with himself. But there are too many inexplicable details and the evidence is pointing in two directions at once.<br /><br />Scorcher’s personal life is tugging for his attention. Seeing the case on the news has sent his sister Dina off the rails again, and she’s resurrecting something that Scorcher thought he had tightly under control: what happened to their family, one summer at Broken Harbour, back when they were children. The neat compartments of his life are breaking down, and the sudden tangle of work and family is putting both at risk . . .]]></description>
  <work>
  <id type="integer">15718578</id>
  <books_count type="integer">54</books_count>
  <best_book_id type="integer">10805160</best_book_id>
  <reviews_count type="integer">95320</reviews_count>
  <ratings_sum type="integer">198371</ratings_sum>
  <ratings_count type="integer">50560</ratings_count>
  <text_reviews_count type="integer">5420</text_reviews_count>
  <original_publication_year type="integer">2012</original_publication_year>
  <original_publication_month type="integer" nil="true"/>
  <original_publication_day type="integer" nil="true"/>
  <original_title>Broken Harbor</original_title>
  <original_language_id type="integer" nil="true"/>
  <media_type>book</media_type>
  <rating_dist>5:13472|4:22996|3:11416|2:2103|1:573|total:50560</rating_dist>
  <desc_user_id type="integer">4391094</desc_user_id>
  <default_chaptering_book_id type="integer" nil="true"/>
  <default_description_language_code nil="true"/>
</work>
  <average_rating>3.92</average_rating>
  <num_pages><![CDATA[533]]></num_pages>
  <format><![CDATA[Paperback]]></format>
  <edition_information><![CDATA[]]></edition_information>
  <ratings_count><![CDATA[36741]]></ratings_count>
  <text_reviews_count><![CDATA[3525]]></text_reviews_count>
  <url><![CDATA[https://www.goodreads.com/book/show/10805160-broken-harbour]]></url>
  <link><![CDATA[https://www.goodreads.com/book/show/10805160-broken-harbour]]></link>
  <authors>
<author>
<id>138825</id>
<name>Tana French</name>
<role></role>
<image_url nophoto='false'>
<![CDATA[https://images.gr-assets.com/authors/1277505771p5/138825.jpg]]>
</image_url>
<small_image_url nophoto='false'>
<![CDATA[https://images.gr-assets.com/authors/1277505771p2/138825.jpg]]>
</small_image_url>
<link><![CDATA[https://www.goodreads.com/author/show/138825.Tana_French]]></link>
<average_rating>3.87</average_rating>
<ratings_count>462484</ratings_count>
<text_reviews_count>42162</text_reviews_count>
</author>
</authors>

    <reviews_widget>
      <![CDATA[
        <style>
  #goodreads-widget {
    font-family: georgia, serif;
    padding: 18px 0;
    width:565px;
  }
  #goodreads-widget h1 {
    font-weight:normal;
    font-size: 16px;
    border-bottom: 1px solid #BBB596;
    margin-bottom: 0;
  }
  #goodreads-widget a {
    text-decoration: none;
    color:#660;
  }
  iframe{
    background-color: #fff;
  }
  #goodreads-widget a:hover { text-decoration: underline; }
  #goodreads-widget a:active {
    color:#660;
  }
  #gr_footer {
    width: 100%;
    border-top: 1px solid #BBB596;
    text-align: right;
  }
  #goodreads-widget .gr_branding{
    color: #382110;
    font-size: 11px;
    text-decoration: none;
    font-family: "Helvetica Neue", Helvetica, Arial, sans-serif;
  }
</style>
<div id="goodreads-widget">
  <div id="gr_header"><h1><a rel="nofollow" href="https://www.goodreads.com/book/show/10805160-broken-harbour">Broken Harbour Reviews</a></h1></div>
  <iframe id="the_iframe" src="https://www.goodreads.com/api/reviews_widget_iframe?did=DEVELOPER_ID&amp;format=html&amp;isbn=1444705105&amp;links=660&amp;min_rating=&amp;review_back=fff&amp;stars=000&amp;text=000" width="565" height="400" frameborder="0"></iframe>
  <div id="gr_footer">
    <a class="gr_branding" target="_blank" rel="nofollow" href="https://www.goodreads.com/book/show/10805160-broken-harbour?utm_medium=api&amp;utm_source=reviews_widget">Reviews from Goodreads.com</a>
  </div>
</div>

      ]]>
    </reviews_widget>
  <popular_shelves>
      <shelf name="to-read" count="17818"/>
      <shelf name="mystery" count="1510"/>
      <shelf name="fiction" count="649"/>
      <shelf name="currently-reading" count="392"/>
      <shelf name="crime" count="369"/>
      <shelf name="favorites" count="275"/>
      <shelf name="series" count="264"/>
      <shelf name="mysteries" count="224"/>
      <shelf name="ireland" count="213"/>
      <shelf name="thriller" count="190"/>
      <shelf name="mystery-thriller" count="141"/>
      <shelf name="kindle" count="119"/>
      <shelf name="audiobook" count="118"/>
      <shelf name="audio" count="106"/>
      <shelf name="suspense" count="95"/>
      <shelf name="library" count="95"/>
      <shelf name="books-i-own" count="86"/>
      <shelf name="owned" count="84"/>
      <shelf name="audiobooks" count="83"/>
      <shelf name="mystery-suspense" count="81"/>
      <shelf name="adult" count="74"/>
      <shelf name="audible" count="72"/>
      <shelf name="tana-french" count="67"/>
      <shelf name="irish" count="64"/>
      <shelf name="mystery-crime" count="63"/>
      <shelf name="book-club" count="59"/>
      <shelf name="read-in-2012" count="58"/>
      <shelf name="contemporary" count="57"/>
      <shelf name="adult-fiction" count="57"/>
      <shelf name="detective" count="53"/>
      <shelf name="to-buy" count="52"/>
      <shelf name="crime-fiction" count="51"/>
      <shelf name="dublin-murder-squad" count="49"/>
      <shelf name="thrillers" count="49"/>
      <shelf name="read-in-2013" count="44"/>
      <shelf name="read-in-2016" count="43"/>
      <shelf name="crime-mystery" count="43"/>
      <shelf name="ebook" count="42"/>
      <shelf name="read-in-2015" count="40"/>
      <shelf name="crime-thriller" count="38"/>
      <shelf name="audio-book" count="38"/>
      <shelf name="psychological-thriller" count="38"/>
      <shelf name="audio-books" count="36"/>
      <shelf name="contemporary-fiction" count="35"/>
      <shelf name="murder-mystery" count="35"/>
      <shelf name="murder" count="35"/>
      <shelf name="favorite-authors" count="34"/>
      <shelf name="ebooks" count="33"/>
      <shelf name="read-in-2014" count="31"/>
      <shelf name="read-2012" count="31"/>
      <shelf name="novels" count="30"/>
      <shelf name="police-procedural" count="29"/>
      <shelf name="wish-list" count="29"/>
      <shelf name="read-2016" count="27"/>
      <shelf name="family" count="26"/>
      <shelf name="read-2015" count="25"/>
      <shelf name="female-author" count="25"/>
      <shelf name="mental-illness" count="24"/>
      <shelf name="read-2014" count="23"/>
      <shelf name="owned-books" count="23"/>
      <shelf name="favourites" count="23"/>
      <shelf name="psychological" count="23"/>
      <shelf name="2015-reads" count="22"/>
      <shelf name="mysteries-thrillers" count="21"/>
      <shelf name="read-in-2017" count="20"/>
      <shelf name="mystery-detective" count="20"/>
      <shelf name="default" count="19"/>
      <shelf name="listened-to" count="19"/>
      <shelf name="borrowed" count="19"/>
      <shelf name="thriller-mystery" count="19"/>
      <shelf name="2016-reads" count="18"/>
      <shelf name="mystery-series" count="18"/>
      <shelf name="suspense-thriller" count="18"/>
      <shelf name="mystery-thrillers" count="17"/>
      <shelf name="e-book" count="17"/>
      <shelf name="mystery-suspense-thriller" count="17"/>
      <shelf name="2012-books" count="17"/>
      <shelf name="mystery-thriller-suspense" count="17"/>
      <shelf name="krimi" count="16"/>
      <shelf name="crime-mystery-thriller" count="16"/>
      <shelf name="literary-fiction" count="16"/>
      <shelf name="british" count="16"/>
      <shelf name="finished" count="15"/>
      <shelf name="bookclub" count="15"/>
      <shelf name="my-library" count="15"/>
      <shelf name="favorite-series" count="15"/>
      <shelf name="2017-books" count="14"/>
      <shelf name="read-2017" count="14"/>
      <shelf name="2016-books" count="14"/>
      <shelf name="whodunit" count="14"/>
      <shelf name="mystery-thriller-horror" count="14"/>
      <shelf name="to-read-fiction" count="14"/>
      <shelf name="nook" count="14"/>
      <shelf name="international" count="14"/>
      <shelf name="2017-reads" count="13"/>
      <shelf name="2014-books" count="13"/>
      <shelf name="2013-reads" count="13"/>
      <shelf name="e-books" count="13"/>
      <shelf name="library-book" count="13"/>
      <shelf name="dark" count="13"/>
  </popular_shelves>
  <book_links>
    <book_link>
  <id>8</id>
  <name>Libraries</name>
  <link>https://www.goodreads.com/book_link/follow/8</link>
</book_link>

  </book_links>
  <buy_links>
    <buy_link>
<id>1</id>
<name>Amazon</name>
<link>https://www.goodreads.com/book_link/follow/1</link>
</buy_link>
<buy_link>
<id>10</id>
<name>Audible</name>
<link>https://www.goodreads.com/book_link/follow/10</link>
</buy_link>
<buy_link>
<id>3</id>
<name>Barnes &amp; Noble</name>
<link>https://www.goodreads.com/book_link/follow/3</link>
</buy_link>
<buy_link>
<id>1027</id>
<name>Kobo</name>
<link>https://www.goodreads.com/book_link/follow/1027</link>
</buy_link>
<buy_link>
<id>2102</id>
<name>Apple iBooks</name>
<link>https://www.goodreads.com/book_link/follow/2102</link>
</buy_link>
<buy_link>
<id>8036</id>
<name>Google Play</name>
<link>https://www.goodreads.com/book_link/follow/8036</link>
</buy_link>
<buy_link>
<id>4</id>
<name>Abebooks</name>
<link>https://www.goodreads.com/book_link/follow/4</link>
</buy_link>
<buy_link>
<id>882</id>
<name>Book Depository</name>
<link>https://www.goodreads.com/book_link/follow/882</link>
</buy_link>
<buy_link>
<id>9</id>
<name>Indigo</name>
<link>https://www.goodreads.com/book_link/follow/9</link>
</buy_link>
<buy_link>
<id>2</id>
<name>Half.com</name>
<link>https://www.goodreads.com/book_link/follow/2</link>
</buy_link>
<buy_link>
<id>5</id>
<name>Alibris</name>
<link>https://www.goodreads.com/book_link/follow/5</link>
</buy_link>
<buy_link>
<id>107</id>
<name>Better World Books</name>
<link>https://www.goodreads.com/book_link/follow/107</link>
</buy_link>
<buy_link>
<id>7</id>
<name>IndieBound</name>
<link>https://www.goodreads.com/book_link/follow/7</link>
</buy_link>

  </buy_links>
  <series_works>
    <series_work>
<id>245489</id>
<user_position>4</user_position>
<series>
<id>51639</id>
<title>
<![CDATA[
    Dublin Murder Squad
]]>
</title>
<description>
<![CDATA[
    Police detectives on the murder squad in Dublin, Ireland
]]>
</description>
<note>
<![CDATA[
]]>
</note>
<series_works_count>6</series_works_count>
<primary_work_count>6</primary_work_count>
<numbered>true</numbered>
</series>

</series_work>

  </series_works>
  <similar_books>
          <book>
<id>13008754</id>
<title><![CDATA[The Cold Cold Ground (Detective Sean Duffy, #1)]]></title>
<title_without_series>The Cold Cold Ground</title_without_series>
<link><![CDATA[https://www.goodreads.com/book/show/13008754-the-cold-cold-ground]]></link>
<small_image_url><![CDATA[https://images.gr-assets.com/books/1355027843s/13008754.jpg]]></small_image_url>
<image_url><![CDATA[https://images.gr-assets.com/books/1355027843m/13008754.jpg]]></image_url>
<num_pages></num_pages>
<work>
<id>18170309</id>
</work>
<isbn>1441785698</isbn>
<isbn13>9781441785695</isbn13>
<average_rating>3.92</average_rating>
<ratings_count>4973</ratings_count>
<publication_year>2012</publication_year>
<publication_month>1</publication_month>
<publication_day>3</publication_day>
<authors>
<author>
<id>12433</id>
<name>Adrian McKinty</name>
<link><![CDATA[https://www.goodreads.com/author/show/12433.Adrian_McKinty]]></link>
</author>
</authors>
</book>

          <book>
<id>10590390</id>
<title><![CDATA[The Reckoning (Maeve Kerrigan, #2)]]></title>
<title_without_series>The Reckoning</title_without_series>
<link><![CDATA[https://www.goodreads.com/book/show/10590390-the-reckoning]]></link>
<small_image_url><![CDATA[https://images.gr-assets.com/books/1332788714s/10590390.jpg]]></small_image_url>
<image_url><![CDATA[https://images.gr-assets.com/books/1332788714m/10590390.jpg]]></image_url>
<num_pages>483</num_pages>
<work>
<id>15497837</id>
</work>
<isbn>0091941202</isbn>
<isbn13>9780091941208</isbn13>
<average_rating>3.95</average_rating>
<ratings_count>2771</ratings_count>
<publication_year>2011</publication_year>
<publication_month>10</publication_month>
<publication_day>1</publication_day>
<authors>
<author>
<id>1173340</id>
<name>Jane Casey</name>
<link><![CDATA[https://www.goodreads.com/author/show/1173340.Jane_Casey]]></link>
</author>
</authors>
</book>

          <book>
<id>15981701</id>
<title><![CDATA[Like This, For Ever (Lacey Flint, #3)]]></title>
<title_without_series>Like This, For Ever</title_without_series>
<link><![CDATA[https://www.goodreads.com/book/show/15981701-like-this-for-ever]]></link>
<small_image_url><![CDATA[https://images.gr-assets.com/books/1353033224s/15981701.jpg]]></small_image_url>
<image_url><![CDATA[https://images.gr-assets.com/books/1353033224m/15981701.jpg]]></image_url>
<num_pages>400</num_pages>
<work>
<id>21734513</id>
</work>
<isbn>059306917X</isbn>
<isbn13>9780593069172</isbn13>
<average_rating>4.13</average_rating>
<ratings_count>5659</ratings_count>
<publication_year>2013</publication_year>
<publication_month>4</publication_month>
<publication_day>11</publication_day>
<authors>
<author>
<id>1038226</id>
<name>Sharon Bolton</name>
<link><![CDATA[https://www.goodreads.com/author/show/1038226.Sharon_Bolton]]></link>
</author>
</authors>
</book>

          <book>
<id>11156902</id>
<title><![CDATA[The End of the Wasp Season (Alex Morrow, #2)]]></title>
<title_without_series>The End of the Wasp Season</title_without_series>
<link><![CDATA[https://www.goodreads.com/book/show/11156902-the-end-of-the-wasp-season]]></link>
<small_image_url><![CDATA[https://images.gr-assets.com/books/1344270227s/11156902.jpg]]></small_image_url>
<image_url><![CDATA[https://images.gr-assets.com/books/1344270227m/11156902.jpg]]></image_url>
<num_pages>400</num_pages>
<work>
<id>14647221</id>
</work>
<isbn>0316069337</isbn>
<isbn13>9780316069335</isbn13>
<average_rating>3.83</average_rating>
<ratings_count>4682</ratings_count>
<publication_year>2011</publication_year>
<publication_month>9</publication_month>
<publication_day>26</publication_day>
<authors>
<author>
<id>54069</id>
<name>Denise Mina</name>
<link><![CDATA[https://www.goodreads.com/author/show/54069.Denise_Mina]]></link>
</author>
</authors>
</book>

          <book>
<id>13120860</id>
<title>Dead Scared (Lacey Flint, #2)</title>
<title_without_series>Dead Scared</title_without_series>
<link><![CDATA[https://www.goodreads.com/book/show/13120860-dead-scared]]></link>
<small_image_url><![CDATA[https://images.gr-assets.com/books/1387593724s/13120860.jpg]]></small_image_url>
<image_url><![CDATA[https://images.gr-assets.com/books/1387593724m/13120860.jpg]]></image_url>
<num_pages>384</num_pages>
<work>
<id>17595134</id>
</work>
<isbn>0312600534</isbn>
<isbn13>9780312600532</isbn13>
<average_rating>4.05</average_rating>
<ratings_count>7343</ratings_count>
<publication_year>2012</publication_year>
<publication_month>6</publication_month>
<publication_day>5</publication_day>
<authors>
<author>
<id>1038226</id>
<name>Sharon Bolton</name>
<link><![CDATA[https://www.goodreads.com/author/show/1038226.Sharon_Bolton]]></link>
</author>
</authors>
</book>

          <book>
<id>10177167</id>
<title>A Death in Summer (Quirke #4)</title>
<title_without_series>A Death in Summer</title_without_series>
<link><![CDATA[https://www.goodreads.com/book/show/10177167-a-death-in-summer]]></link>
<small_image_url><![CDATA[https://s.gr-assets.com/assets/nophoto/book/50x75-a91bf249278a81aabab721ef782c4a74.png]]></small_image_url>
<image_url><![CDATA[https://s.gr-assets.com/assets/nophoto/book/111x148-bcc042a9c91a29c1d680899eff700a03.png]]></image_url>
<num_pages></num_pages>
<work>
<id>15076032</id>
</work>
<isbn>0805090924</isbn>
<isbn13>9780805090925</isbn13>
<average_rating>3.60</average_rating>
<ratings_count>1701</ratings_count>
<publication_year></publication_year>
<publication_month></publication_month>
<publication_day></publication_day>
<authors>
<author>
<id>116405</id>
<name>Benjamin Black</name>
<link><![CDATA[https://www.goodreads.com/author/show/116405.Benjamin_Black]]></link>
</author>
</authors>
</book>

          <book>
<id>8996717</id>
<title><![CDATA[Collusion (Jack Lennon Investigations #2)]]></title>
<title_without_series>Collusion</title_without_series>
<link><![CDATA[https://www.goodreads.com/book/show/8996717-collusion]]></link>
<small_image_url><![CDATA[https://images.gr-assets.com/books/1327312906s/8996717.jpg]]></small_image_url>
<image_url><![CDATA[https://images.gr-assets.com/books/1327312906m/8996717.jpg]]></image_url>
<num_pages>356</num_pages>
<work>
<id>12847615</id>
</work>
<isbn>184655280X</isbn>
<isbn13>9781846552809</isbn13>
<average_rating>3.92</average_rating>
<ratings_count>1626</ratings_count>
<publication_year>2010</publication_year>
<publication_month>8</publication_month>
<publication_day>5</publication_day>
<authors>
<author>
<id>2880615</id>
<name>Stuart Neville</name>
<link><![CDATA[https://www.goodreads.com/author/show/2880615.Stuart_Neville]]></link>
</author>
</authors>
</book>

          <book>
<id>17572973</id>
<title><![CDATA[Cross and Burn (Tony Hill & Carol Jordan, #8)]]></title>
<title_without_series>Cross and Burn</title_without_series>
<link><![CDATA[https://www.goodreads.com/book/show/17572973-cross-and-burn]]></link>
<small_image_url><![CDATA[https://images.gr-assets.com/books/1380699919s/17572973.jpg]]></small_image_url>
<image_url><![CDATA[https://images.gr-assets.com/books/1380699919m/17572973.jpg]]></image_url>
<num_pages>438</num_pages>
<work>
<id>24346032</id>
</work>
<isbn>0802122043</isbn>
<isbn13>9780802122049</isbn13>
<average_rating>4.12</average_rating>
<ratings_count>3695</ratings_count>
<publication_year>2013</publication_year>
<publication_month>10</publication_month>
<publication_day>22</publication_day>
<authors>
<author>
<id>5672</id>
<name>Val McDermid</name>
<link><![CDATA[https://www.goodreads.com/author/show/5672.Val_McDermid]]></link>
</author>
</authors>
</book>

          <book>
<id>253993</id>
<title>See Jane Run</title>
<title_without_series>See Jane Run</title_without_series>
<link><![CDATA[https://www.goodreads.com/book/show/253993.See_Jane_Run]]></link>
<small_image_url><![CDATA[https://s.gr-assets.com/assets/nophoto/book/50x75-a91bf249278a81aabab721ef782c4a74.png]]></small_image_url>
<image_url><![CDATA[https://s.gr-assets.com/assets/nophoto/book/111x148-bcc042a9c91a29c1d680899eff700a03.png]]></image_url>
<num_pages></num_pages>
<work>
<id>559710</id>
</work>
<isbn>0380711524</isbn>
<isbn13>9780380711529</isbn13>
<average_rating>3.91</average_rating>
<ratings_count>6170</ratings_count>
<publication_year></publication_year>
<publication_month></publication_month>
<publication_day></publication_day>
<authors>
<author>
<id>45938</id>
<name>Joy Fielding</name>
<link><![CDATA[https://www.goodreads.com/author/show/45938.Joy_Fielding]]></link>
</author>
</authors>
</book>

          <book>
<id>15814401</id>
<title><![CDATA[Claire DeWitt and the Bohemian Highway]]></title>
<title_without_series><![CDATA[Claire DeWitt and the Bohemian Highway]]></title_without_series>
<link><![CDATA[https://www.goodreads.com/book/show/15814401-claire-dewitt-and-the-bohemian-highway]]></link>
<small_image_url><![CDATA[https://images.gr-assets.com/books/1368071910s/15814401.jpg]]></small_image_url>
<image_url><![CDATA[https://images.gr-assets.com/books/1368071910m/15814401.jpg]]></image_url>
<num_pages>288</num_pages>
<work>
<id>21540836</id>
</work>
<isbn>0547429339</isbn>
<isbn13>9780547429335</isbn13>
<average_rating>3.76</average_rating>
<ratings_count>2084</ratings_count>
<publication_year>2013</publication_year>
<publication_month>6</publication_month>
<publication_day>18</publication_day>
<authors>
<author>
<id>50690</id>
<name>Sara Gran</name>
<link><![CDATA[https://www.goodreads.com/author/show/50690.Sara_Gran]]></link>
</author>
</authors>
</book>

          <book>
<id>280346</id>
<title><![CDATA[Don't Look Back (Inspector Konrad Sejer, #2)]]></title>
<title_without_series>Don&apos;t Look Back</title_without_series>
<link><![CDATA[https://www.goodreads.com/book/show/280346.Don_t_Look_Back]]></link>
<small_image_url><![CDATA[https://s.gr-assets.com/assets/nophoto/book/50x75-a91bf249278a81aabab721ef782c4a74.png]]></small_image_url>
<image_url><![CDATA[https://s.gr-assets.com/assets/nophoto/book/111x148-bcc042a9c91a29c1d680899eff700a03.png]]></image_url>
<num_pages></num_pages>
<work>
<id>271942</id>
</work>
<isbn>0156031361</isbn>
<isbn13>9780156031363</isbn13>
<average_rating>3.81</average_rating>
<ratings_count>7994</ratings_count>
<publication_year></publication_year>
<publication_month></publication_month>
<publication_day></publication_day>
<authors>
<author>
<id>163027</id>
<name>Karin Fossum</name>
<link><![CDATA[https://www.goodreads.com/author/show/163027.Karin_Fossum]]></link>
</author>
</authors>
</book>

          <book>
<id>6388272</id>
<title><![CDATA[One Was a Soldier (Rev. Clare Fergusson & Russ Van Alstyne Mysteries, #7)]]></title>
<title_without_series>One Was a Soldier</title_without_series>
<link><![CDATA[https://www.goodreads.com/book/show/6388272-one-was-a-soldier]]></link>
<small_image_url><![CDATA[https://s.gr-assets.com/assets/nophoto/book/50x75-a91bf249278a81aabab721ef782c4a74.png]]></small_image_url>
<image_url><![CDATA[https://s.gr-assets.com/assets/nophoto/book/111x148-bcc042a9c91a29c1d680899eff700a03.png]]></image_url>
<num_pages></num_pages>
<work>
<id>6576564</id>
</work>
<isbn>0312334893</isbn>
<isbn13>9780312334895</isbn13>
<average_rating>4.14</average_rating>
<ratings_count>4453</ratings_count>
<publication_year>2011</publication_year>
<publication_month>4</publication_month>
<publication_day>12</publication_day>
<authors>
<author>
<id>33986</id>
<name>Julia Spencer-Fleming</name>
<link><![CDATA[https://www.goodreads.com/author/show/33986.Julia_Spencer_Fleming]]></link>
</author>
</authors>
</book>

          <book>
<id>2277378</id>
<title><![CDATA[The Cruelest Month (Chief Inspector Armand Gamache, #3)]]></title>
<title_without_series>The Cruelest Month</title_without_series>
<link><![CDATA[https://www.goodreads.com/book/show/2277378.The_Cruelest_Month]]></link>
<small_image_url><![CDATA[https://images.gr-assets.com/books/1327970261s/2277378.jpg]]></small_image_url>
<image_url><![CDATA[https://images.gr-assets.com/books/1327970261m/2277378.jpg]]></image_url>
<num_pages>310</num_pages>
<work>
<id>1706478</id>
</work>
<isbn>0755328949</isbn>
<isbn13>9780755328949</isbn13>
<average_rating>4.15</average_rating>
<ratings_count>29006</ratings_count>
<publication_year>2008</publication_year>
<publication_month>3</publication_month>
<publication_day>1</publication_day>
<authors>
<author>
<id>194243</id>
<name>Louise Penny</name>
<link><![CDATA[https://www.goodreads.com/author/show/194243.Louise_Penny]]></link>
</author>
</authors>
</book>

          <book>
<id>1667428</id>
<title><![CDATA[Borderlands (Inspector Devlin, #1)]]></title>
<title_without_series>Borderlands</title_without_series>
<link><![CDATA[https://www.goodreads.com/book/show/1667428.Borderlands]]></link>
<small_image_url><![CDATA[https://images.gr-assets.com/books/1356441662s/1667428.jpg]]></small_image_url>
<image_url><![CDATA[https://images.gr-assets.com/books/1356441662m/1667428.jpg]]></image_url>
<num_pages>229</num_pages>
<work>
<id>1662315</id>
</work>
<isbn>0230020062</isbn>
<isbn13>9780230020061</isbn13>
<average_rating>3.71</average_rating>
<ratings_count>1938</ratings_count>
<publication_year>2007</publication_year>
<publication_month>4</publication_month>
<publication_day>6</publication_day>
<authors>
<author>
<id>769732</id>
<name>Brian McGilloway</name>
<link><![CDATA[https://www.goodreads.com/author/show/769732.Brian_McGilloway]]></link>
</author>
</authors>
</book>

  </similar_books>
</book>

</GoodreadsResponse>