<?xml version="1.0" encoding="UTF-8"?>
<GoodreadsResponse>
  <Request>
    <authentication>true</authentication>
      <key><![CDATA[all_men_must_serve]]></key>
    <method><![CDATA[book_show]]></method>
  </Request>
  <book>
  <id>10803806</id>
  <title><![CDATA[Darth Paper Strikes Back (Origami Yoda, #2)]]></title>
  <isbn><![CDATA[1419700278]]></isbn>
  <isbn13><![CDATA[9781419700279]]></isbn13>
  <asin><![CDATA[]]></asin>
  <kindle_asin><![CDATA[]]></kindle_asin>
  <marketplace_id><![CDATA[]]></marketplace_id>
  <country_code><![CDATA[GB]]></country_code>
  <image_url>https://s.gr-assets.com/assets/nophoto/book/111x148-bcc042a9c91a29c1d680899eff700a03.png</image_url>
  <small_image_url>https://s.gr-assets.com/assets/nophoto/book/50x75-a91bf249278a81aabab721ef782c4a74.png</small_image_url>
  <publication_year>2011</publication_year>
  <publication_month>8</publication_month>
  <publication_day>23</publication_day>
  <publisher>Amulet Books</publisher>
  <language_code>eng</language_code>
  <is_ebook>false</is_ebook>
  <description><![CDATA[NOT SUCH A LONG TIME AGO, IN A MIDDLE SCHOOL NOT SO FAR, FAR AWAY...<br /><br />Something amazing happened. A weird kid named Dwight made an origami finger puppet of Yoda. (That wasn't the amazing thing--just typical Dwight weirdness.) the amazing thing was that Origami Yoda gave great advice. He could predict the date of a pop quiz, tell a guy if a girl likes him or not, and keep kids from embarrassing themselves in a dozen different ways. Most of the sixth graders were convinced he was using the Force. <br /><br />But now, a year later, it's a dark time at McQuarrie Middle School. Dwight has been suspended and may be expelled, which means no more Origami Yoda. Even worse, Darth Paper, a puppet created by Dwight's nemesis, Harvey, has taken Yoda's place. He spews insults and evil and just may be responsible for getting Dwight kicked out in the first place. Now the kids of McQuarrie are trying to build a case to save Dwight. This is their case file.]]></description>
  <work>
  <id type="integer">15717191</id>
  <books_count type="integer">19</books_count>
  <best_book_id type="integer">10803806</best_book_id>
  <reviews_count type="integer">15571</reviews_count>
  <ratings_sum type="integer">45801</ratings_sum>
  <ratings_count type="integer">11119</ratings_count>
  <text_reviews_count type="integer">847</text_reviews_count>
  <original_publication_year type="integer">2011</original_publication_year>
  <original_publication_month type="integer">1</original_publication_month>
  <original_publication_day type="integer">1</original_publication_day>
  <original_title>Darth Paper Strikes Back</original_title>
  <original_language_id type="integer" nil="true"/>
  <media_type>book</media_type>
  <rating_dist>5:5043|4:3470|3:1816|2:468|1:322|total:11119</rating_dist>
  <desc_user_id type="integer">13108386</desc_user_id>
  <default_chaptering_book_id type="integer" nil="true"/>
  <default_description_language_code nil="true"/>
</work>
  <average_rating>4.12</average_rating>
  <num_pages><![CDATA[163]]></num_pages>
  <format><![CDATA[Hardcover]]></format>
  <edition_information><![CDATA[]]></edition_information>
  <ratings_count><![CDATA[10818]]></ratings_count>
  <text_reviews_count><![CDATA[813]]></text_reviews_count>
  <url><![CDATA[https://www.goodreads.com/book/show/10803806-darth-paper-strikes-back]]></url>
  <link><![CDATA[https://www.goodreads.com/book/show/10803806-darth-paper-strikes-back]]></link>
  <authors>
<author>
<id>3172535</id>
<name>Tom Angleberger</name>
<role></role>
<image_url nophoto='false'>
<![CDATA[https://images.gr-assets.com/authors/1307441716p5/3172535.jpg]]>
</image_url>
<small_image_url nophoto='false'>
<![CDATA[https://images.gr-assets.com/authors/1307441716p2/3172535.jpg]]>
</small_image_url>
<link><![CDATA[https://www.goodreads.com/author/show/3172535.Tom_Angleberger]]></link>
<average_rating>4.00</average_rating>
<ratings_count>63729</ratings_count>
<text_reviews_count>7177</text_reviews_count>
</author>
</authors>

    <reviews_widget>
      <![CDATA[
        <style>
  #goodreads-widget {
    font-family: georgia, serif;
    padding: 18px 0;
    width:565px;
  }
  #goodreads-widget h1 {
    font-weight:normal;
    font-size: 16px;
    border-bottom: 1px solid #BBB596;
    margin-bottom: 0;
  }
  #goodreads-widget a {
    text-decoration: none;
    color:#660;
  }
  iframe{
    background-color: #fff;
  }
  #goodreads-widget a:hover { text-decoration: underline; }
  #goodreads-widget a:active {
    color:#660;
  }
  #gr_footer {
    width: 100%;
    border-top: 1px solid #BBB596;
    text-align: right;
  }
  #goodreads-widget .gr_branding{
    color: #382110;
    font-size: 11px;
    text-decoration: none;
    font-family: "Helvetica Neue", Helvetica, Arial, sans-serif;
  }
</style>
<div id="goodreads-widget">
  <div id="gr_header"><h1><a rel="nofollow" href="https://www.goodreads.com/book/show/10803806-darth-paper-strikes-back">Darth Paper Strikes Back Reviews</a></h1></div>
  <iframe id="the_iframe" src="https://www.goodreads.com/api/reviews_widget_iframe?did=DEVELOPER_ID&amp;format=html&amp;isbn=1419700278&amp;links=660&amp;min_rating=&amp;review_back=fff&amp;stars=000&amp;text=000" width="565" height="400" frameborder="0"></iframe>
  <div id="gr_footer">
    <a class="gr_branding" target="_blank" rel="nofollow" href="https://www.goodreads.com/book/show/10803806-darth-paper-strikes-back?utm_medium=api&amp;utm_source=reviews_widget">Reviews from Goodreads.com</a>
  </div>
</div>

      ]]>
    </reviews_widget>
  <popular_shelves>
      <shelf name="to-read" count="989"/>
      <shelf name="childrens" count="72"/>
      <shelf name="realistic-fiction" count="70"/>
      <shelf name="currently-reading" count="69"/>
      <shelf name="star-wars" count="68"/>
      <shelf name="fiction" count="67"/>
      <shelf name="series" count="50"/>
      <shelf name="young-adult" count="46"/>
      <shelf name="juvenile" count="45"/>
      <shelf name="favorites" count="44"/>
      <shelf name="kids" count="41"/>
      <shelf name="children" count="32"/>
      <shelf name="funny" count="29"/>
      <shelf name="children-s" count="28"/>
      <shelf name="middle-grade" count="27"/>
      <shelf name="friendship" count="26"/>
      <shelf name="middle-school" count="26"/>
      <shelf name="books-i-own" count="25"/>
      <shelf name="juvenile-fiction" count="24"/>
      <shelf name="humor" count="22"/>
      <shelf name="kids-books" count="22"/>
      <shelf name="chapter-books" count="22"/>
      <shelf name="children-s-books" count="22"/>
      <shelf name="school" count="19"/>
      <shelf name="origami-yoda" count="18"/>
      <shelf name="fantasy" count="17"/>
      <shelf name="classroom-library" count="16"/>
      <shelf name="realistic" count="16"/>
      <shelf name="origami" count="16"/>
      <shelf name="read-in-2012" count="15"/>
      <shelf name="owned" count="14"/>
      <shelf name="children-s-lit" count="12"/>
      <shelf name="audio" count="11"/>
      <shelf name="comedy" count="11"/>
      <shelf name="humorous" count="11"/>
      <shelf name="ya" count="11"/>
      <shelf name="middle-grades" count="10"/>
      <shelf name="read-aloud" count="10"/>
      <shelf name="default" count="9"/>
      <shelf name="graphic-novels" count="9"/>
      <shelf name="science-fiction" count="9"/>
      <shelf name="youth" count="9"/>
      <shelf name="childrens-books" count="9"/>
      <shelf name="tween" count="9"/>
      <shelf name="5th-grade" count="9"/>
      <shelf name="childrens-fiction" count="9"/>
      <shelf name="owned-books" count="8"/>
      <shelf name="library" count="8"/>
      <shelf name="j" count="8"/>
      <shelf name="audiobook" count="8"/>
      <shelf name="kid-books" count="8"/>
      <shelf name="children-books" count="8"/>
      <shelf name="juv" count="8"/>
      <shelf name="j-fiction" count="8"/>
      <shelf name="sci-fi" count="7"/>
      <shelf name="audiobooks" count="7"/>
      <shelf name="mg" count="7"/>
      <shelf name="childrens-lit" count="7"/>
      <shelf name="bullying" count="7"/>
      <shelf name="read-in-2011" count="7"/>
      <shelf name="children-s-fiction" count="7"/>
      <shelf name="my-library" count="6"/>
      <shelf name="books" count="6"/>
      <shelf name="read-2012" count="6"/>
      <shelf name="contemporary" count="6"/>
      <shelf name="junior-fiction" count="6"/>
      <shelf name="favorite" count="6"/>
      <shelf name="3rd-grade" count="6"/>
      <shelf name="kid-lit" count="6"/>
      <shelf name="library-books" count="6"/>
      <shelf name="middle-grade-fiction" count="6"/>
      <shelf name="1" count="5"/>
      <shelf name="starwars" count="5"/>
      <shelf name="4th-grade" count="5"/>
      <shelf name="i-own" count="5"/>
      <shelf name="chapter-book" count="5"/>
      <shelf name="50-book-challenge" count="5"/>
      <shelf name="audio-books" count="5"/>
      <shelf name="jf" count="5"/>
      <shelf name="tweens" count="5"/>
      <shelf name="library-book" count="5"/>
      <shelf name="teen" count="5"/>
      <shelf name="juv-fiction" count="5"/>
      <shelf name="2011-reads" count="5"/>
      <shelf name="contemporary-fiction" count="5"/>
      <shelf name="read-in-2016" count="4"/>
      <shelf name="awesome" count="4"/>
      <shelf name="jacob" count="4"/>
      <shelf name="for-kids" count="4"/>
      <shelf name="read-in-2013" count="4"/>
      <shelf name="tom-angleberger" count="4"/>
      <shelf name="darth-paper" count="4"/>
      <shelf name="middle-reader" count="4"/>
      <shelf name="ya-fiction" count="4"/>
      <shelf name="children-fiction" count="4"/>
      <shelf name="comics" count="4"/>
      <shelf name="kids-fiction" count="4"/>
      <shelf name="kidlit" count="4"/>
      <shelf name="read-2011" count="4"/>
      <shelf name="childrens-and-ya" count="4"/>
  </popular_shelves>
  <book_links>
    <book_link>
  <id>8</id>
  <name>Libraries</name>
  <link>https://www.goodreads.com/book_link/follow/8</link>
</book_link>

  </book_links>
  <buy_links>
    <buy_link>
<id>1</id>
<name>Amazon</name>
<link>https://www.goodreads.com/book_link/follow/1</link>
</buy_link>
<buy_link>
<id>10</id>
<name>Audible</name>
<link>https://www.goodreads.com/book_link/follow/10</link>
</buy_link>
<buy_link>
<id>3</id>
<name>Barnes &amp; Noble</name>
<link>https://www.goodreads.com/book_link/follow/3</link>
</buy_link>
<buy_link>
<id>1027</id>
<name>Kobo</name>
<link>https://www.goodreads.com/book_link/follow/1027</link>
</buy_link>
<buy_link>
<id>2102</id>
<name>Apple iBooks</name>
<link>https://www.goodreads.com/book_link/follow/2102</link>
</buy_link>
<buy_link>
<id>8036</id>
<name>Google Play</name>
<link>https://www.goodreads.com/book_link/follow/8036</link>
</buy_link>
<buy_link>
<id>4</id>
<name>Abebooks</name>
<link>https://www.goodreads.com/book_link/follow/4</link>
</buy_link>
<buy_link>
<id>882</id>
<name>Book Depository</name>
<link>https://www.goodreads.com/book_link/follow/882</link>
</buy_link>
<buy_link>
<id>9</id>
<name>Indigo</name>
<link>https://www.goodreads.com/book_link/follow/9</link>
</buy_link>
<buy_link>
<id>2</id>
<name>Half.com</name>
<link>https://www.goodreads.com/book_link/follow/2</link>
</buy_link>
<buy_link>
<id>5</id>
<name>Alibris</name>
<link>https://www.goodreads.com/book_link/follow/5</link>
</buy_link>
<buy_link>
<id>107</id>
<name>Better World Books</name>
<link>https://www.goodreads.com/book_link/follow/107</link>
</buy_link>
<buy_link>
<id>7</id>
<name>IndieBound</name>
<link>https://www.goodreads.com/book_link/follow/7</link>
</buy_link>

  </buy_links>
  <series_works>
    <series_work>
<id>257005</id>
<user_position>2</user_position>
<series>
<id>60281</id>
<title>
<![CDATA[
    Origami Yoda
]]>
</title>
<description>
<![CDATA[
]]>
</description>
<note>
<![CDATA[
]]>
</note>
<series_works_count>7</series_works_count>
<primary_work_count>6</primary_work_count>
<numbered>true</numbered>
</series>

</series_work>

  </series_works>
  <similar_books>
          <book>
<id>9756346</id>
<title>When Life Gives You O.J.</title>
<title_without_series>When Life Gives You O.J.</title_without_series>
<link><![CDATA[https://www.goodreads.com/book/show/9756346-when-life-gives-you-o-j]]></link>
<small_image_url><![CDATA[https://images.gr-assets.com/books/1320458970s/9756346.jpg]]></small_image_url>
<image_url><![CDATA[https://images.gr-assets.com/books/1320458970m/9756346.jpg]]></image_url>
<num_pages>208</num_pages>
<work>
<id>14253254</id>
</work>
<isbn>0375959246</isbn>
<isbn13>9780375959240</isbn13>
<average_rating>3.87</average_rating>
<ratings_count>1306</ratings_count>
<publication_year>2011</publication_year>
<publication_month>6</publication_month>
<publication_day>14</publication_day>
<authors>
<author>
<id>444289</id>
<name>Erica S. Perl</name>
<link><![CDATA[https://www.goodreads.com/author/show/444289.Erica_S_Perl]]></link>
</author>
</authors>
</book>

          <book>
<id>9464736</id>
<title><![CDATA[Marty McGuire  (Marty McGuire #1)]]></title>
<title_without_series>Marty McGuire</title_without_series>
<link><![CDATA[https://www.goodreads.com/book/show/9464736-marty-mcguire]]></link>
<small_image_url><![CDATA[https://images.gr-assets.com/books/1298647941s/9464736.jpg]]></small_image_url>
<image_url><![CDATA[https://images.gr-assets.com/books/1298647941m/9464736.jpg]]></image_url>
<num_pages>160</num_pages>
<work>
<id>14349723</id>
</work>
<isbn>054514244X</isbn>
<isbn13>9780545142441</isbn13>
<average_rating>4.02</average_rating>
<ratings_count>2172</ratings_count>
<publication_year>2011</publication_year>
<publication_month>5</publication_month>
<publication_day>1</publication_day>
<authors>
<author>
<id>1010796</id>
<name>Kate Messner</name>
<link><![CDATA[https://www.goodreads.com/author/show/1010796.Kate_Messner]]></link>
</author>
</authors>
</book>

          <book>
<id>10292643</id>
<title><![CDATA[Allergic to Dead Bodies, Funerals, and Other Fatal Circumstances (Alvin Ho, #4)]]></title>
<title_without_series><![CDATA[Allergic to Dead Bodies, Funerals, and Other Fatal Circumstances]]></title_without_series>
<link><![CDATA[https://www.goodreads.com/book/show/10292643-allergic-to-dead-bodies-funerals-and-other-fatal-circumstances]]></link>
<small_image_url><![CDATA[https://s.gr-assets.com/assets/nophoto/book/50x75-a91bf249278a81aabab721ef782c4a74.png]]></small_image_url>
<image_url><![CDATA[https://s.gr-assets.com/assets/nophoto/book/111x148-bcc042a9c91a29c1d680899eff700a03.png]]></image_url>
<num_pages>197</num_pages>
<work>
<id>15194494</id>
</work>
<isbn>0375868313</isbn>
<isbn13>9780375868313</isbn13>
<average_rating>4.15</average_rating>
<ratings_count>441</ratings_count>
<publication_year>2011</publication_year>
<publication_month>9</publication_month>
<publication_day>13</publication_day>
<authors>
<author>
<id>267992</id>
<name>Lenore Look</name>
<link><![CDATA[https://www.goodreads.com/author/show/267992.Lenore_Look]]></link>
</author>
</authors>
</book>

          <book>
<id>9472854</id>
<title>Warp Speed</title>
<title_without_series>Warp Speed</title_without_series>
<link><![CDATA[https://www.goodreads.com/book/show/9472854-warp-speed]]></link>
<small_image_url><![CDATA[https://images.gr-assets.com/books/1328839269s/9472854.jpg]]></small_image_url>
<image_url><![CDATA[https://images.gr-assets.com/books/1328839269m/9472854.jpg]]></image_url>
<num_pages>320</num_pages>
<work>
<id>14357984</id>
</work>
<isbn>0545122767</isbn>
<isbn13>9780545122764</isbn13>
<average_rating>3.87</average_rating>
<ratings_count>791</ratings_count>
<publication_year>2011</publication_year>
<publication_month>3</publication_month>
<publication_day>1</publication_day>
<authors>
<author>
<id>135047</id>
<name>Lisa Yee</name>
<link><![CDATA[https://www.goodreads.com/author/show/135047.Lisa_Yee]]></link>
</author>
</authors>
</book>

          <book>
<id>10047243</id>
<title>Hound Dog True</title>
<title_without_series>Hound Dog True</title_without_series>
<link><![CDATA[https://www.goodreads.com/book/show/10047243-hound-dog-true]]></link>
<small_image_url><![CDATA[https://images.gr-assets.com/books/1328836828s/10047243.jpg]]></small_image_url>
<image_url><![CDATA[https://images.gr-assets.com/books/1328836828m/10047243.jpg]]></image_url>
<num_pages></num_pages>
<work>
<id>14943153</id>
</work>
<isbn>0547558694</isbn>
<isbn13>9780547558691</isbn13>
<average_rating>3.80</average_rating>
<ratings_count>3593</ratings_count>
<publication_year>2011</publication_year>
<publication_month>9</publication_month>
<publication_day>20</publication_day>
<authors>
<author>
<id>715443</id>
<name>Linda Urban</name>
<link><![CDATA[https://www.goodreads.com/author/show/715443.Linda_Urban]]></link>
</author>
</authors>
</book>

          <book>
<id>9564947</id>
<title><![CDATA[Charlie Joe Jackson's Guide to Not Reading (Charlie Joe Jackson, #1)]]></title>
<title_without_series><![CDATA[Charlie Joe Jackson's Guide to Not Reading]]></title_without_series>
<link><![CDATA[https://www.goodreads.com/book/show/9564947-charlie-joe-jackson-s-guide-to-not-reading]]></link>
<small_image_url><![CDATA[https://s.gr-assets.com/assets/nophoto/book/50x75-a91bf249278a81aabab721ef782c4a74.png]]></small_image_url>
<image_url><![CDATA[https://s.gr-assets.com/assets/nophoto/book/111x148-bcc042a9c91a29c1d680899eff700a03.png]]></image_url>
<num_pages></num_pages>
<work>
<id>13739350</id>
</work>
<isbn>1596436913</isbn>
<isbn13>9781596436916</isbn13>
<average_rating>3.93</average_rating>
<ratings_count>4259</ratings_count>
<publication_year></publication_year>
<publication_month></publication_month>
<publication_day></publication_day>
<authors>
<author>
<id>4194377</id>
<name>Tommy Greenwald</name>
<link><![CDATA[https://www.goodreads.com/author/show/4194377.Tommy_Greenwald]]></link>
</author>
</authors>
</book>

          <book>
<id>17265216</id>
<title><![CDATA[Star Wars: Jedi Academy (Jedi Academy, #1)]]></title>
<title_without_series>Star Wars: Jedi Academy</title_without_series>
<link><![CDATA[https://www.goodreads.com/book/show/17265216-star-wars]]></link>
<small_image_url><![CDATA[https://images.gr-assets.com/books/1363905495s/17265216.jpg]]></small_image_url>
<image_url><![CDATA[https://images.gr-assets.com/books/1363905495m/17265216.jpg]]></image_url>
<num_pages>160</num_pages>
<work>
<id>23863222</id>
</work>
<isbn>0545609992</isbn>
<isbn13>9780545609999</isbn13>
<average_rating>4.21</average_rating>
<ratings_count>6702</ratings_count>
<publication_year>2013</publication_year>
<publication_month>8</publication_month>
<publication_day>27</publication_day>
<authors>
<author>
<id>45429</id>
<name>Jeffrey Brown</name>
<link><![CDATA[https://www.goodreads.com/author/show/45429.Jeffrey_Brown]]></link>
</author>
</authors>
</book>

          <book>
<id>13513661</id>
<title><![CDATA[Potterwookiee (The Creature from My Closet, #2)]]></title>
<title_without_series>Potterwookiee</title_without_series>
<link><![CDATA[https://www.goodreads.com/book/show/13513661-potterwookiee]]></link>
<small_image_url><![CDATA[https://images.gr-assets.com/books/1343396946s/13513661.jpg]]></small_image_url>
<image_url><![CDATA[https://images.gr-assets.com/books/1343396946m/13513661.jpg]]></image_url>
<num_pages></num_pages>
<work>
<id>19068978</id>
</work>
<isbn>0805094512</isbn>
<isbn13>9780805094510</isbn13>
<average_rating>4.08</average_rating>
<ratings_count>689</ratings_count>
<publication_year></publication_year>
<publication_month></publication_month>
<publication_day></publication_day>
<authors>
<author>
<id>125984</id>
<name>Obert Skye</name>
<link><![CDATA[https://www.goodreads.com/author/show/125984.Obert_Skye]]></link>
</author>
</authors>
</book>

          <book>
<id>7092508</id>
<title>Zombiekins</title>
<title_without_series>Zombiekins</title_without_series>
<link><![CDATA[https://www.goodreads.com/book/show/7092508-zombiekins]]></link>
<small_image_url><![CDATA[https://s.gr-assets.com/assets/nophoto/book/50x75-a91bf249278a81aabab721ef782c4a74.png]]></small_image_url>
<image_url><![CDATA[https://s.gr-assets.com/assets/nophoto/book/111x148-bcc042a9c91a29c1d680899eff700a03.png]]></image_url>
<num_pages>206</num_pages>
<work>
<id>7348913</id>
</work>
<isbn>1595141774</isbn>
<isbn13>9781595141774</isbn13>
<average_rating>3.95</average_rating>
<ratings_count>1084</ratings_count>
<publication_year></publication_year>
<publication_month></publication_month>
<publication_day></publication_day>
<authors>
<author>
<id>911081</id>
<name>Kevin Bolger</name>
<link><![CDATA[https://www.goodreads.com/author/show/911081.Kevin_Bolger]]></link>
</author>
</authors>
</book>

          <book>
<id>18769869</id>
<title><![CDATA[The Misadventures of the Family Fletcher (Family Fletcher, #1)]]></title>
<title_without_series><![CDATA[The Misadventures of the Family Fletcher]]></title_without_series>
<link><![CDATA[https://www.goodreads.com/book/show/18769869-the-misadventures-of-the-family-fletcher]]></link>
<small_image_url><![CDATA[https://images.gr-assets.com/books/1391311284s/18769869.jpg]]></small_image_url>
<image_url><![CDATA[https://images.gr-assets.com/books/1391311284m/18769869.jpg]]></image_url>
<num_pages>272</num_pages>
<work>
<id>26668105</id>
</work>
<isbn>0385376545</isbn>
<isbn13>9780385376549</isbn13>
<average_rating>3.99</average_rating>
<ratings_count>1842</ratings_count>
<publication_year>2014</publication_year>
<publication_month>7</publication_month>
<publication_day>22</publication_day>
<authors>
<author>
<id>7465440</id>
<name>Dana Alison Levy</name>
<link><![CDATA[https://www.goodreads.com/author/show/7465440.Dana_Alison_Levy]]></link>
</author>
</authors>
</book>

          <book>
<id>6643714</id>
<title><![CDATA[Over My Dead Body (43 Old Cemetery Road, #2)]]></title>
<title_without_series>Over My Dead Body</title_without_series>
<link><![CDATA[https://www.goodreads.com/book/show/6643714-over-my-dead-body]]></link>
<small_image_url><![CDATA[https://s.gr-assets.com/assets/nophoto/book/50x75-a91bf249278a81aabab721ef782c4a74.png]]></small_image_url>
<image_url><![CDATA[https://s.gr-assets.com/assets/nophoto/book/111x148-bcc042a9c91a29c1d680899eff700a03.png]]></image_url>
<num_pages>128</num_pages>
<work>
<id>6838212</id>
</work>
<isbn>015205734X</isbn>
<isbn13>9780152057343</isbn13>
<average_rating>4.21</average_rating>
<ratings_count>2025</ratings_count>
<publication_year>2009</publication_year>
<publication_month>10</publication_month>
<publication_day>19</publication_day>
<authors>
<author>
<id>11631</id>
<name>Kate Klise</name>
<link><![CDATA[https://www.goodreads.com/author/show/11631.Kate_Klise]]></link>
</author>
</authors>
</book>

          <book>
<id>10368294</id>
<title>Brave New Pond (Squish, #2)</title>
<title_without_series>Brave New Pond</title_without_series>
<link><![CDATA[https://www.goodreads.com/book/show/10368294-brave-new-pond]]></link>
<small_image_url><![CDATA[https://images.gr-assets.com/books/1320537647s/10368294.jpg]]></small_image_url>
<image_url><![CDATA[https://images.gr-assets.com/books/1320537647m/10368294.jpg]]></image_url>
<num_pages>96</num_pages>
<work>
<id>15271565</id>
</work>
<isbn>0375843906</isbn>
<isbn13>9780375843907</isbn13>
<average_rating>4.14</average_rating>
<ratings_count>2202</ratings_count>
<publication_year>2011</publication_year>
<publication_month>9</publication_month>
<publication_day>27</publication_day>
<authors>
<author>
<id>137561</id>
<name>Jennifer L. Holm</name>
<link><![CDATA[https://www.goodreads.com/author/show/137561.Jennifer_L_Holm]]></link>
</author>
</authors>
</book>

          <book>
<id>7739868</id>
<title>Funny Business</title>
<title_without_series>Funny Business</title_without_series>
<link><![CDATA[https://www.goodreads.com/book/show/7739868-funny-business]]></link>
<small_image_url><![CDATA[https://s.gr-assets.com/assets/nophoto/book/50x75-a91bf249278a81aabab721ef782c4a74.png]]></small_image_url>
<image_url><![CDATA[https://s.gr-assets.com/assets/nophoto/book/111x148-bcc042a9c91a29c1d680899eff700a03.png]]></image_url>
<num_pages>268</num_pages>
<work>
<id>10545553</id>
</work>
<isbn>0061963739</isbn>
<isbn13>9780061963735</isbn13>
<average_rating>3.80</average_rating>
<ratings_count>1866</ratings_count>
<publication_year>2010</publication_year>
<publication_month>9</publication_month>
<publication_day>21</publication_day>
<authors>
<author>
<id>27318</id>
<name>Jon Scieszka</name>
<link><![CDATA[https://www.goodreads.com/author/show/27318.Jon_Scieszka]]></link>
</author>
</authors>
</book>

          <book>
<id>9839911</id>
<title><![CDATA[Vordak the Incomprehensible: Rule the School]]></title>
<title_without_series><![CDATA[Vordak the Incomprehensible: Rule the School]]></title_without_series>
<link><![CDATA[https://www.goodreads.com/book/show/9839911-vordak-the-incomprehensible]]></link>
<small_image_url><![CDATA[https://images.gr-assets.com/books/1320564611s/9839911.jpg]]></small_image_url>
<image_url><![CDATA[https://images.gr-assets.com/books/1320564611m/9839911.jpg]]></image_url>
<num_pages>192</num_pages>
<work>
<id>14730655</id>
</work>
<isbn>1606840142</isbn>
<isbn13>9781606840146</isbn13>
<average_rating>4.06</average_rating>
<ratings_count>140</ratings_count>
<publication_year>2011</publication_year>
<publication_month>8</publication_month>
<publication_day>23</publication_day>
<authors>
<author>
<id>193191</id>
<name>Scott Seegert</name>
<link><![CDATA[https://www.goodreads.com/author/show/193191.Scott_Seegert]]></link>
</author>
</authors>
</book>

          <book>
<id>7059393</id>
<title><![CDATA[Attack of the Ninja Frogs (Dragonbreath, #2)]]></title>
<title_without_series>Attack of the Ninja Frogs</title_without_series>
<link><![CDATA[https://www.goodreads.com/book/show/7059393-attack-of-the-ninja-frogs]]></link>
<small_image_url><![CDATA[https://s.gr-assets.com/assets/nophoto/book/50x75-a91bf249278a81aabab721ef782c4a74.png]]></small_image_url>
<image_url><![CDATA[https://s.gr-assets.com/assets/nophoto/book/111x148-bcc042a9c91a29c1d680899eff700a03.png]]></image_url>
<num_pages>208</num_pages>
<work>
<id>9213401</id>
</work>
<isbn>0803733658</isbn>
<isbn13>9780803733657</isbn13>
<average_rating>4.24</average_rating>
<ratings_count>1581</ratings_count>
<publication_year>2010</publication_year>
<publication_month>2</publication_month>
<publication_day>4</publication_day>
<authors>
<author>
<id>36276</id>
<name>Ursula Vernon</name>
<link><![CDATA[https://www.goodreads.com/author/show/36276.Ursula_Vernon]]></link>
</author>
</authors>
</book>

          <book>
<id>7172060</id>
<title><![CDATA[Milo: Sticky Notes and Brain Freeze]]></title>
<title_without_series><![CDATA[Milo: Sticky Notes and Brain Freeze]]></title_without_series>
<link><![CDATA[https://www.goodreads.com/book/show/7172060-milo]]></link>
<small_image_url><![CDATA[https://images.gr-assets.com/books/1344397682s/7172060.jpg]]></small_image_url>
<image_url><![CDATA[https://images.gr-assets.com/books/1344397682m/7172060.jpg]]></image_url>
<num_pages>288</num_pages>
<work>
<id>7591314</id>
</work>
<isbn>1416994300</isbn>
<isbn13>9781416994305</isbn13>
<average_rating>3.86</average_rating>
<ratings_count>1863</ratings_count>
<publication_year>2010</publication_year>
<publication_month>9</publication_month>
<publication_day>14</publication_day>
<authors>
<author>
<id>321774</id>
<name>Alan Silberberg</name>
<link><![CDATA[https://www.goodreads.com/author/show/321774.Alan_Silberberg]]></link>
</author>
</authors>
</book>

          <book>
<id>5896014</id>
<title><![CDATA[The Fourth Stall (The Fourth Stall, #1)]]></title>
<title_without_series>The Fourth Stall</title_without_series>
<link><![CDATA[https://www.goodreads.com/book/show/5896014-the-fourth-stall]]></link>
<small_image_url><![CDATA[https://s.gr-assets.com/assets/nophoto/book/50x75-a91bf249278a81aabab721ef782c4a74.png]]></small_image_url>
<image_url><![CDATA[https://s.gr-assets.com/assets/nophoto/book/111x148-bcc042a9c91a29c1d680899eff700a03.png]]></image_url>
<num_pages>314</num_pages>
<work>
<id>6068295</id>
</work>
<isbn>0061994960</isbn>
<isbn13>9780061994968</isbn13>
<average_rating>4.02</average_rating>
<ratings_count>3549</ratings_count>
<publication_year>2011</publication_year>
<publication_month>2</publication_month>
<publication_day>8</publication_day>
<authors>
<author>
<id>2699745</id>
<name>Chris Rylander</name>
<link><![CDATA[https://www.goodreads.com/author/show/2699745.Chris_Rylander]]></link>
</author>
</authors>
</book>

          <book>
<id>10423032</id>
<title><![CDATA[My Life as a Stuntboy (My Life, #2)]]></title>
<title_without_series>My Life as a Stuntboy</title_without_series>
<link><![CDATA[https://www.goodreads.com/book/show/10423032-my-life-as-a-stuntboy]]></link>
<small_image_url><![CDATA[https://images.gr-assets.com/books/1312038745s/10423032.jpg]]></small_image_url>
<image_url><![CDATA[https://images.gr-assets.com/books/1312038745m/10423032.jpg]]></image_url>
<num_pages>272</num_pages>
<work>
<id>15327336</id>
</work>
<isbn>0805089047</isbn>
<isbn13>9780805089042</isbn13>
<average_rating>4.05</average_rating>
<ratings_count>1298</ratings_count>
<publication_year>2011</publication_year>
<publication_month>10</publication_month>
<publication_day>11</publication_day>
<authors>
<author>
<id>133890</id>
<name>Janet Tashjian</name>
<link><![CDATA[https://www.goodreads.com/author/show/133890.Janet_Tashjian]]></link>
</author>
</authors>
</book>

  </similar_books>
</book>

</GoodreadsResponse>