<?xml version="1.0" encoding="UTF-8"?>
<GoodreadsResponse>
  <Request>
    <authentication>true</authentication>
      <key><![CDATA[all_men_must_serve]]></key>
    <method><![CDATA[book_show]]></method>
  </Request>
  <book>
  <id>1081560</id>
  <title><![CDATA[The History of the Hobbit, Part One: Mr. Baggins]]></title>
  <isbn><![CDATA[0618968474]]></isbn>
  <isbn13><![CDATA[9780618968473]]></isbn13>
  <asin><![CDATA[]]></asin>
  <kindle_asin><![CDATA[B005IH0334]]></kindle_asin>
  <marketplace_id><![CDATA[A1F83G8C2ARO7P]]></marketplace_id>
  <country_code><![CDATA[GB]]></country_code>
  <image_url>https://s.gr-assets.com/assets/nophoto/book/111x148-bcc042a9c91a29c1d680899eff700a03.png</image_url>
  <small_image_url>https://s.gr-assets.com/assets/nophoto/book/50x75-a91bf249278a81aabab721ef782c4a74.png</small_image_url>
  <publication_year>2007</publication_year>
  <publication_month>9</publication_month>
  <publication_day>21</publication_day>
  <publisher>Houghton Mifflin Harcourt</publisher>
  <language_code>eng</language_code>
  <is_ebook>false</is_ebook>
  <description><![CDATA[First published in 1938, The Hobbit is a story that “grew in the telling,” and many characters and events in the published book are completely different from what Tolkien first wrote to read aloud to his young sons as part of their “fireside reads.” For the first time, The History of the Hobbit reproduces the original version of one of literature’s most famous stories, and includes many little-known illustrations and previously unpublished maps for The Hobbit created by Tolkien himself. Also featured are extensive annotations and commentaries on the date of composition, how Tolkien’s professional and early mythological writings influenced the story, the imaginary geography he created, and how he came to revise the book in the years after publication to accommodate events in The Lord of the Rings.]]></description>
  <work>
  <id type="integer">1068303</id>
  <books_count type="integer">3</books_count>
  <best_book_id type="integer">1081560</best_book_id>
  <reviews_count type="integer">183507</reviews_count>
  <ratings_sum type="integer">414122</ratings_sum>
  <ratings_count type="integer">108701</ratings_count>
  <text_reviews_count type="integer">46</text_reviews_count>
  <original_publication_year type="integer">2007</original_publication_year>
  <original_publication_month type="integer">5</original_publication_month>
  <original_publication_day type="integer">1</original_publication_day>
  <original_title>The History of the Hobbit, Part One: Mr. Baggins</original_title>
  <original_language_id type="integer" nil="true"/>
  <media_type>book</media_type>
  <rating_dist>5:45496|4:26712|3:17959|2:7383|1:11151|total:108701</rating_dist>
  <desc_user_id type="integer" nil="true"/>
  <default_chaptering_book_id type="integer" nil="true"/>
  <default_description_language_code nil="true"/>
</work>
  <average_rating>3.81</average_rating>
  <num_pages><![CDATA[467]]></num_pages>
  <format><![CDATA[Hardcover]]></format>
  <edition_information><![CDATA[]]></edition_information>
  <ratings_count><![CDATA[108657]]></ratings_count>
  <text_reviews_count><![CDATA[42]]></text_reviews_count>
  <url><![CDATA[https://www.goodreads.com/book/show/1081560.The_History_of_the_Hobbit_Part_One]]></url>
  <link><![CDATA[https://www.goodreads.com/book/show/1081560.The_History_of_the_Hobbit_Part_One]]></link>
  <authors>
<author>
<id>42158</id>
<name>John D. Rateliff</name>
<role></role>
<image_url nophoto='true'>
<![CDATA[https://s.gr-assets.com/assets/nophoto/user/m_200x266-d279b33f8eec0f27b7272477f09806be.png]]>
</image_url>
<small_image_url nophoto='true'>
<![CDATA[https://s.gr-assets.com/assets/nophoto/user/m_50x66-82093808bca726cb3249a493fbd3bd0f.png]]>
</small_image_url>
<link><![CDATA[https://www.goodreads.com/author/show/42158.John_D_Rateliff]]></link>
<average_rating>3.82</average_rating>
<ratings_count>111847</ratings_count>
<text_reviews_count>99</text_reviews_count>
</author>
<author>
<id>656983</id>
<name>J.R.R. Tolkien</name>
<role></role>
<image_url nophoto='false'>
<![CDATA[https://images.gr-assets.com/authors/1434625177p5/656983.jpg]]>
</image_url>
<small_image_url nophoto='false'>
<![CDATA[https://images.gr-assets.com/authors/1434625177p2/656983.jpg]]>
</small_image_url>
<link><![CDATA[https://www.goodreads.com/author/show/656983.J_R_R_Tolkien]]></link>
<average_rating>4.31</average_rating>
<ratings_count>6303646</ratings_count>
<text_reviews_count>94352</text_reviews_count>
</author>
</authors>

    <reviews_widget>
      <![CDATA[
        <style>
  #goodreads-widget {
    font-family: georgia, serif;
    padding: 18px 0;
    width:565px;
  }
  #goodreads-widget h1 {
    font-weight:normal;
    font-size: 16px;
    border-bottom: 1px solid #BBB596;
    margin-bottom: 0;
  }
  #goodreads-widget a {
    text-decoration: none;
    color:#660;
  }
  iframe{
    background-color: #fff;
  }
  #goodreads-widget a:hover { text-decoration: underline; }
  #goodreads-widget a:active {
    color:#660;
  }
  #gr_footer {
    width: 100%;
    border-top: 1px solid #BBB596;
    text-align: right;
  }
  #goodreads-widget .gr_branding{
    color: #382110;
    font-size: 11px;
    text-decoration: none;
    font-family: "Helvetica Neue", Helvetica, Arial, sans-serif;
  }
</style>
<div id="goodreads-widget">
  <div id="gr_header"><h1><a rel="nofollow" href="https://www.goodreads.com/book/show/1081560.The_History_of_the_Hobbit_Part_One">The History of the Hobbit, Part One Reviews</a></h1></div>
  <iframe id="the_iframe" src="https://www.goodreads.com/api/reviews_widget_iframe?did=DEVELOPER_ID&amp;format=html&amp;isbn=0618968474&amp;links=660&amp;min_rating=&amp;review_back=fff&amp;stars=000&amp;text=000" width="565" height="400" frameborder="0"></iframe>
  <div id="gr_footer">
    <a class="gr_branding" target="_blank" rel="nofollow" href="https://www.goodreads.com/book/show/1081560.The_History_of_the_Hobbit_Part_One?utm_medium=api&amp;utm_source=reviews_widget">Reviews from Goodreads.com</a>
  </div>
</div>

      ]]>
    </reviews_widget>
  <popular_shelves>
      <shelf name="to-read" count="78382"/>
      <shelf name="currently-reading" count="181"/>
      <shelf name="fantasy" count="146"/>
      <shelf name="tolkien" count="72"/>
      <shelf name="fiction" count="30"/>
      <shelf name="non-fiction" count="22"/>
      <shelf name="classics" count="18"/>
      <shelf name="favorites" count="14"/>
      <shelf name="middle-earth" count="12"/>
      <shelf name="to-buy" count="11"/>
      <shelf name="nonfiction" count="11"/>
      <shelf name="owned" count="6"/>
      <shelf name="j-r-r-tolkien" count="6"/>
      <shelf name="owned-books" count="5"/>
      <shelf name="jrr-tolkien" count="5"/>
      <shelf name="to-read-fantasy" count="5"/>
      <shelf name="want-to-own" count="5"/>
      <shelf name="fantasia" count="5"/>
      <shelf name="want-to-read" count="5"/>
      <shelf name="wish-list" count="5"/>
      <shelf name="want" count="5"/>
      <shelf name="books-about-books" count="5"/>
      <shelf name="literature" count="5"/>
      <shelf name="lord-of-the-rings" count="4"/>
      <shelf name="high-fantasy" count="4"/>
      <shelf name="lotr" count="4"/>
      <shelf name="hobbit" count="4"/>
      <shelf name="maybe" count="4"/>
      <shelf name="novels" count="4"/>
      <shelf name="need-to-buy" count="4"/>
      <shelf name="english" count="4"/>
      <shelf name="fantasy-sci-fi" count="4"/>
      <shelf name="tolkien-studies" count="4"/>
      <shelf name="biography" count="4"/>
      <shelf name="finished" count="3"/>
      <shelf name="books" count="3"/>
      <shelf name="the-hobbit" count="3"/>
      <shelf name="adventure" count="3"/>
      <shelf name="favourites" count="3"/>
      <shelf name="series" count="3"/>
      <shelf name="history" count="3"/>
      <shelf name="to-get" count="2"/>
      <shelf name="library-books" count="2"/>
      <shelf name="want-to-buy" count="2"/>
      <shelf name="childrens-books" count="2"/>
      <shelf name="books-to-buy" count="2"/>
      <shelf name="all-books" count="2"/>
      <shelf name="not-to-read" count="2"/>
      <shelf name="magic" count="2"/>
      <shelf name="fantasy-books" count="2"/>
      <shelf name="do-not-own" count="2"/>
      <shelf name="tolkien-lewis" count="2"/>
      <shelf name="other-fiction" count="2"/>
      <shelf name="young-adult" count="2"/>
      <shelf name="science-fiction-fantasy" count="2"/>
      <shelf name="sci-fi-fantasy" count="2"/>
      <shelf name="non-fiction-to-read" count="2"/>
      <shelf name="j-r-r-tolkein" count="2"/>
      <shelf name="read-in-the-past" count="2"/>
      <shelf name="fantastique" count="2"/>
      <shelf name="fantasy-to-read" count="2"/>
      <shelf name="literature-studies" count="2"/>
      <shelf name="my-library" count="2"/>
      <shelf name="fantasy-science-fiction" count="2"/>
      <shelf name="don-t-own" count="2"/>
      <shelf name="tolkien-middle-earth" count="2"/>
      <shelf name="default" count="2"/>
      <shelf name="literary-scholarship" count="2"/>
      <shelf name="books-to-get" count="2"/>
      <shelf name="writers" count="2"/>
      <shelf name="reference" count="2"/>
      <shelf name="guilty-pleasures" count="2"/>
      <shelf name="criticism" count="2"/>
      <shelf name="ll-digital-copies" count="1"/>
      <shelf name="novels-to-read" count="1"/>
      <shelf name="want-to-read-classics" count="1"/>
      <shelf name="spec-fic" count="1"/>
      <shelf name="to-buy-etc" count="1"/>
      <shelf name="emwa" count="1"/>
      <shelf name="mustreadfic" count="1"/>
      <shelf name="tsa" count="1"/>
      <shelf name="pre-goodreads" count="1"/>
      <shelf name="purchased" count="1"/>
      <shelf name="not-available-from-main" count="1"/>
      <shelf name="tr-metafiction" count="1"/>
      <shelf name="reading-queue" count="1"/>
      <shelf name="need-to-get" count="1"/>
      <shelf name="stumbled-on" count="1"/>
      <shelf name="fun-books-to-buy" count="1"/>
      <shelf name="staff-recommendation" count="1"/>
      <shelf name="true-life" count="1"/>
      <shelf name="fantasy-need-to-read" count="1"/>
      <shelf name="rateliff-john-d" count="1"/>
      <shelf name="movies-i-ve-seen" count="1"/>
      <shelf name="summer-reading-booklists" count="1"/>
      <shelf name="read-over" count="1"/>
      <shelf name="کتابهای-مورد-علاقه-ام" count="1"/>
      <shelf name="not-for-reading-films" count="1"/>
      <shelf name="unfinished" count="1"/>
      <shelf name="15-with-subtitle" count="1"/>
  </popular_shelves>
  <book_links>
    <book_link>
  <id>8</id>
  <name>Libraries</name>
  <link>https://www.goodreads.com/book_link/follow/8</link>
</book_link>

  </book_links>
  <buy_links>
    <buy_link>
<id>1</id>
<name>Amazon</name>
<link>https://www.goodreads.com/book_link/follow/1</link>
</buy_link>
<buy_link>
<id>10</id>
<name>Audible</name>
<link>https://www.goodreads.com/book_link/follow/10</link>
</buy_link>
<buy_link>
<id>3</id>
<name>Barnes &amp; Noble</name>
<link>https://www.goodreads.com/book_link/follow/3</link>
</buy_link>
<buy_link>
<id>1027</id>
<name>Kobo</name>
<link>https://www.goodreads.com/book_link/follow/1027</link>
</buy_link>
<buy_link>
<id>2102</id>
<name>Apple iBooks</name>
<link>https://www.goodreads.com/book_link/follow/2102</link>
</buy_link>
<buy_link>
<id>8036</id>
<name>Google Play</name>
<link>https://www.goodreads.com/book_link/follow/8036</link>
</buy_link>
<buy_link>
<id>4</id>
<name>Abebooks</name>
<link>https://www.goodreads.com/book_link/follow/4</link>
</buy_link>
<buy_link>
<id>882</id>
<name>Book Depository</name>
<link>https://www.goodreads.com/book_link/follow/882</link>
</buy_link>
<buy_link>
<id>9</id>
<name>Indigo</name>
<link>https://www.goodreads.com/book_link/follow/9</link>
</buy_link>
<buy_link>
<id>2</id>
<name>Half.com</name>
<link>https://www.goodreads.com/book_link/follow/2</link>
</buy_link>
<buy_link>
<id>5</id>
<name>Alibris</name>
<link>https://www.goodreads.com/book_link/follow/5</link>
</buy_link>
<buy_link>
<id>107</id>
<name>Better World Books</name>
<link>https://www.goodreads.com/book_link/follow/107</link>
</buy_link>
<buy_link>
<id>7</id>
<name>IndieBound</name>
<link>https://www.goodreads.com/book_link/follow/7</link>
</buy_link>

  </buy_links>
  <series_works>
    <series_work>
<id>420078</id>
<user_position>1</user_position>
<series>
<id>87227</id>
<title>
<![CDATA[
    The History of the Hobbit
]]>
</title>
<description>
<![CDATA[
    Note that the omnibus editions are revised from the originals
]]>
</description>
<note>
<![CDATA[
]]>
</note>
<series_works_count>3</series_works_count>
<primary_work_count>2</primary_work_count>
<numbered>true</numbered>
</series>

</series_work>

  </series_works>
  <similar_books>
          <book>
<id>16906</id>
<title><![CDATA[Splintered Light: Logos and Language in Tolkien's World]]></title>
<title_without_series><![CDATA[Splintered Light: Logos and Language in Tolkien's World]]></title_without_series>
<link><![CDATA[https://www.goodreads.com/book/show/16906.Splintered_Light]]></link>
<small_image_url><![CDATA[https://s.gr-assets.com/assets/nophoto/book/50x75-a91bf249278a81aabab721ef782c4a74.png]]></small_image_url>
<image_url><![CDATA[https://s.gr-assets.com/assets/nophoto/book/111x148-bcc042a9c91a29c1d680899eff700a03.png]]></image_url>
<num_pages>196</num_pages>
<work>
<id>18548</id>
</work>
<isbn>0873387449</isbn>
<isbn13>9780873387446</isbn13>
<average_rating>3.94</average_rating>
<ratings_count>927</ratings_count>
<publication_year>2002</publication_year>
<publication_month>9</publication_month>
<publication_day>1</publication_day>
<authors>
<author>
<id>10269</id>
<name>Verlyn Flieger</name>
<link><![CDATA[https://www.goodreads.com/author/show/10269.Verlyn_Flieger]]></link>
</author>
</authors>
</book>

          <book>
<id>18964</id>
<title><![CDATA[The War of the Jewels (The History of Middle-earth, #11)]]></title>
<title_without_series>The War of the Jewels</title_without_series>
<link><![CDATA[https://www.goodreads.com/book/show/18964.The_War_of_the_Jewels]]></link>
<small_image_url><![CDATA[https://s.gr-assets.com/assets/nophoto/book/50x75-a91bf249278a81aabab721ef782c4a74.png]]></small_image_url>
<image_url><![CDATA[https://s.gr-assets.com/assets/nophoto/book/111x148-bcc042a9c91a29c1d680899eff700a03.png]]></image_url>
<num_pages>470</num_pages>
<work>
<id>6561935</id>
</work>
<isbn>0395710413</isbn>
<isbn13>9780395710418</isbn13>
<average_rating>3.93</average_rating>
<ratings_count>3202</ratings_count>
<publication_year>1994</publication_year>
<publication_month>12</publication_month>
<publication_day>6</publication_day>
<authors>
<author>
<id>656983</id>
<name>J.R.R. Tolkien</name>
<link><![CDATA[https://www.goodreads.com/author/show/656983.J_R_R_Tolkien]]></link>
</author>
</authors>
</book>

          <book>
<id>23606</id>
<title><![CDATA[J.R.R. Tolkien: Author of the Century]]></title>
<title_without_series><![CDATA[J.R.R. Tolkien: Author of the Century]]></title_without_series>
<link><![CDATA[https://www.goodreads.com/book/show/23606.J_R_R_Tolkien]]></link>
<small_image_url><![CDATA[https://s.gr-assets.com/assets/nophoto/book/50x75-a91bf249278a81aabab721ef782c4a74.png]]></small_image_url>
<image_url><![CDATA[https://s.gr-assets.com/assets/nophoto/book/111x148-bcc042a9c91a29c1d680899eff700a03.png]]></image_url>
<num_pages>384</num_pages>
<work>
<id>1069817</id>
</work>
<isbn>0618257594</isbn>
<isbn13>9780618257591</isbn13>
<average_rating>3.80</average_rating>
<ratings_count>4827</ratings_count>
<publication_year>2002</publication_year>
<publication_month>9</publication_month>
<publication_day>8</publication_day>
<authors>
<author>
<id>5288510</id>
<name>Tom Shippey</name>
<link><![CDATA[https://www.goodreads.com/author/show/5288510.Tom_Shippey]]></link>
</author>
</authors>
</book>

          <book>
<id>938210</id>
<title>The Journeys of Frodo</title>
<title_without_series>The Journeys of Frodo</title_without_series>
<link><![CDATA[https://www.goodreads.com/book/show/938210.The_Journeys_of_Frodo]]></link>
<small_image_url><![CDATA[https://s.gr-assets.com/assets/nophoto/book/50x75-a91bf249278a81aabab721ef782c4a74.png]]></small_image_url>
<image_url><![CDATA[https://s.gr-assets.com/assets/nophoto/book/111x148-bcc042a9c91a29c1d680899eff700a03.png]]></image_url>
<num_pages>112</num_pages>
<work>
<id>923185</id>
</work>
<isbn>0261102672</isbn>
<isbn13>9780261102675</isbn13>
<average_rating>4.07</average_rating>
<ratings_count>937</ratings_count>
<publication_year></publication_year>
<publication_month></publication_month>
<publication_day></publication_day>
<authors>
<author>
<id>477896</id>
<name>Barbara Strachey</name>
<link><![CDATA[https://www.goodreads.com/author/show/477896.Barbara_Strachey]]></link>
</author>
</authors>
</book>

          <book>
<id>11870160</id>
<title><![CDATA[The Art of The Hobbit by J.R.R. Tolkien]]></title>
<title_without_series><![CDATA[The Art of The Hobbit by J.R.R. Tolkien]]></title_without_series>
<link><![CDATA[https://www.goodreads.com/book/show/11870160-the-art-of-the-hobbit-by-j-r-r-tolkien]]></link>
<small_image_url><![CDATA[https://images.gr-assets.com/books/1322352371s/11870160.jpg]]></small_image_url>
<image_url><![CDATA[https://images.gr-assets.com/books/1322352371m/11870160.jpg]]></image_url>
<num_pages>144</num_pages>
<work>
<id>16827542</id>
</work>
<isbn>0007440812</isbn>
<isbn13>9780007440818</isbn13>
<average_rating>4.26</average_rating>
<ratings_count>5001</ratings_count>
<publication_year>2011</publication_year>
<publication_month>10</publication_month>
<publication_day>27</publication_day>
<authors>
<author>
<id>9498</id>
<name>Wayne G. Hammond</name>
<link><![CDATA[https://www.goodreads.com/author/show/9498.Wayne_G_Hammond]]></link>
</author>
</authors>
</book>

          <book>
<id>7343</id>
<title><![CDATA[Tolkien and the Great War: The Threshold of Middle-earth]]></title>
<title_without_series><![CDATA[Tolkien and the Great War: The Threshold of Middle-earth]]></title_without_series>
<link><![CDATA[https://www.goodreads.com/book/show/7343.Tolkien_and_the_Great_War]]></link>
<small_image_url><![CDATA[https://images.gr-assets.com/books/1382940208s/7343.jpg]]></small_image_url>
<image_url><![CDATA[https://images.gr-assets.com/books/1382940208m/7343.jpg]]></image_url>
<num_pages>398</num_pages>
<work>
<id>10471</id>
</work>
<isbn>0618574816</isbn>
<isbn13>9780618574810</isbn13>
<average_rating>3.68</average_rating>
<ratings_count>5864</ratings_count>
<publication_year>2005</publication_year>
<publication_month>6</publication_month>
<publication_day>1</publication_day>
<authors>
<author>
<id>4943</id>
<name>John Garth</name>
<link><![CDATA[https://www.goodreads.com/author/show/4943.John_Garth]]></link>
</author>
</authors>
</book>

          <book>
<id>23590</id>
<title><![CDATA[The Ring of Words: Tolkien and the Oxford English Dictionary]]></title>
<title_without_series><![CDATA[The Ring of Words: Tolkien and the Oxford English Dictionary]]></title_without_series>
<link><![CDATA[https://www.goodreads.com/book/show/23590.The_Ring_of_Words]]></link>
<small_image_url><![CDATA[https://s.gr-assets.com/assets/nophoto/book/50x75-a91bf249278a81aabab721ef782c4a74.png]]></small_image_url>
<image_url><![CDATA[https://s.gr-assets.com/assets/nophoto/book/111x148-bcc042a9c91a29c1d680899eff700a03.png]]></image_url>
<num_pages>234</num_pages>
<work>
<id>24537</id>
</work>
<isbn>0198610696</isbn>
<isbn13>9780198610694</isbn13>
<average_rating>4.08</average_rating>
<ratings_count>886</ratings_count>
<publication_year>2006</publication_year>
<publication_month></publication_month>
<publication_day></publication_day>
<authors>
<author>
<id>13317</id>
<name>Peter Gilliver</name>
<link><![CDATA[https://www.goodreads.com/author/show/13317.Peter_Gilliver]]></link>
</author>
</authors>
</book>

          <book>
<id>286363</id>
<title><![CDATA[A Gateway to Sindarin: A Grammar of an Elvish Language from JRR Tolkien's Lord of the Rings]]></title>
<title_without_series><![CDATA[A Gateway to Sindarin: A Grammar of an Elvish Language from JRR Tolkien's Lord of the Rings]]></title_without_series>
<link><![CDATA[https://www.goodreads.com/book/show/286363.A_Gateway_to_Sindarin]]></link>
<small_image_url><![CDATA[https://images.gr-assets.com/books/1328773629s/286363.jpg]]></small_image_url>
<image_url><![CDATA[https://images.gr-assets.com/books/1328773629m/286363.jpg]]></image_url>
<num_pages>456</num_pages>
<work>
<id>277824</id>
</work>
<isbn>0874809126</isbn>
<isbn13>9780874809121</isbn13>
<average_rating>3.73</average_rating>
<ratings_count>2982</ratings_count>
<publication_year>2007</publication_year>
<publication_month>4</publication_month>
<publication_day>1</publication_day>
<authors>
<author>
<id>9542</id>
<name>David Salo</name>
<link><![CDATA[https://www.goodreads.com/author/show/9542.David_Salo]]></link>
</author>
</authors>
</book>

  </similar_books>
</book>

</GoodreadsResponse>