<?xml version="1.0" encoding="UTF-8"?>
<GoodreadsResponse>
  <Request>
    <authentication>true</authentication>
      <key><![CDATA[all_men_must_serve]]></key>
    <method><![CDATA[book_show]]></method>
  </Request>
  <book>
  <id>10836728</id>
  <title><![CDATA[The Rook (The Checquy Files, #1)]]></title>
  <isbn><![CDATA[0316098795]]></isbn>
  <isbn13><![CDATA[9780316098793]]></isbn13>
  <asin><![CDATA[]]></asin>
  <kindle_asin><![CDATA[B0088Q9Z8G]]></kindle_asin>
  <marketplace_id><![CDATA[A1F83G8C2ARO7P]]></marketplace_id>
  <country_code><![CDATA[GB]]></country_code>
  <image_url>https://images.gr-assets.com/books/1327619585m/10836728.jpg</image_url>
  <small_image_url>https://images.gr-assets.com/books/1327619585s/10836728.jpg</small_image_url>
  <publication_year></publication_year>
  <publication_month></publication_month>
  <publication_day></publication_day>
  <publisher></publisher>
  <language_code>eng</language_code>
  <is_ebook>false</is_ebook>
  <description><![CDATA["The body you are wearing used to be mine." So begins the letter Myfanwy Thomas is holding when she awakes in a London park surrounded by bodies all wearing latex gloves. With no recollection of who she is, Myfanwy must follow the instructions her former self left behind to discover her identity and track down the agents who want to destroy her.<br /><br />She soon learns that she is a Rook, a high-ranking member of a secret organization called the Chequy that battles the many supernatural forces at work in Britain. She also discovers that she possesses a rare, potentially deadly supernatural ability of her own. <br /><br />In her quest to uncover which member of the Chequy betrayed her and why, Myfanwy encounters a person with four bodies, an aristocratic woman who can enter her dreams, a secret training facility where children are transformed into deadly fighters, and a conspiracy more vast than she ever could have imagined.<br /><br />Filled with characters both fascinating and fantastical, <i>The Rook</i> is a richly inventive, suspenseful, and often wry thriller that marks an ambitious debut from a promising young writer.]]></description>
  <work>
  <id type="integer">15750881</id>
  <books_count type="integer">32</books_count>
  <best_book_id type="integer">10836728</best_book_id>
  <reviews_count type="integer">80464</reviews_count>
  <ratings_sum type="integer">134615</ratings_sum>
  <ratings_count type="integer">32665</ratings_count>
  <text_reviews_count type="integer">4811</text_reviews_count>
  <original_publication_year type="integer">2012</original_publication_year>
  <original_publication_month type="integer">1</original_publication_month>
  <original_publication_day type="integer">11</original_publication_day>
  <original_title>The Rook</original_title>
  <original_language_id type="integer" nil="true"/>
  <media_type>book</media_type>
  <rating_dist>5:13069|4:12921|3:4797|2:1317|1:561|total:32665</rating_dist>
  <desc_user_id type="integer">33219411</desc_user_id>
  <default_chaptering_book_id type="integer" nil="true"/>
  <default_description_language_code nil="true"/>
</work>
  <average_rating>4.12</average_rating>
  <num_pages><![CDATA[496]]></num_pages>
  <format><![CDATA[]]></format>
  <edition_information><![CDATA[1st Edition]]></edition_information>
  <ratings_count><![CDATA[27599]]></ratings_count>
  <text_reviews_count><![CDATA[4067]]></text_reviews_count>
  <url><![CDATA[https://www.goodreads.com/book/show/10836728-the-rook]]></url>
  <link><![CDATA[https://www.goodreads.com/book/show/10836728-the-rook]]></link>
  <authors>
<author>
<id>4730894</id>
<name>Daniel O&apos;Malley</name>
<role></role>
<image_url nophoto='false'>
<![CDATA[https://images.gr-assets.com/authors/1313416699p5/4730894.jpg]]>
</image_url>
<small_image_url nophoto='false'>
<![CDATA[https://images.gr-assets.com/authors/1313416699p2/4730894.jpg]]>
</small_image_url>
<link><![CDATA[https://www.goodreads.com/author/show/4730894.Daniel_O_Malley]]></link>
<average_rating>4.13</average_rating>
<ratings_count>41834</ratings_count>
<text_reviews_count>6101</text_reviews_count>
</author>
</authors>

    <reviews_widget>
      <![CDATA[
        <style>
  #goodreads-widget {
    font-family: georgia, serif;
    padding: 18px 0;
    width:565px;
  }
  #goodreads-widget h1 {
    font-weight:normal;
    font-size: 16px;
    border-bottom: 1px solid #BBB596;
    margin-bottom: 0;
  }
  #goodreads-widget a {
    text-decoration: none;
    color:#660;
  }
  iframe{
    background-color: #fff;
  }
  #goodreads-widget a:hover { text-decoration: underline; }
  #goodreads-widget a:active {
    color:#660;
  }
  #gr_footer {
    width: 100%;
    border-top: 1px solid #BBB596;
    text-align: right;
  }
  #goodreads-widget .gr_branding{
    color: #382110;
    font-size: 11px;
    text-decoration: none;
    font-family: "Helvetica Neue", Helvetica, Arial, sans-serif;
  }
</style>
<div id="goodreads-widget">
  <div id="gr_header"><h1><a rel="nofollow" href="https://www.goodreads.com/book/show/10836728-the-rook">The Rook Reviews</a></h1></div>
  <iframe id="the_iframe" src="https://www.goodreads.com/api/reviews_widget_iframe?did=DEVELOPER_ID&amp;format=html&amp;isbn=0316098795&amp;links=660&amp;min_rating=&amp;review_back=fff&amp;stars=000&amp;text=000" width="565" height="400" frameborder="0"></iframe>
  <div id="gr_footer">
    <a class="gr_branding" target="_blank" rel="nofollow" href="https://www.goodreads.com/book/show/10836728-the-rook?utm_medium=api&amp;utm_source=reviews_widget">Reviews from Goodreads.com</a>
  </div>
</div>

      ]]>
    </reviews_widget>
  <popular_shelves>
      <shelf name="to-read" count="42890"/>
      <shelf name="fantasy" count="2007"/>
      <shelf name="currently-reading" count="1300"/>
      <shelf name="urban-fantasy" count="822"/>
      <shelf name="favorites" count="683"/>
      <shelf name="mystery" count="567"/>
      <shelf name="fiction" count="531"/>
      <shelf name="paranormal" count="399"/>
      <shelf name="science-fiction" count="298"/>
      <shelf name="sci-fi" count="283"/>
      <shelf name="series" count="206"/>
      <shelf name="supernatural" count="181"/>
      <shelf name="thriller" count="178"/>
      <shelf name="audiobook" count="166"/>
      <shelf name="adult" count="160"/>
      <shelf name="kindle" count="140"/>
      <shelf name="library" count="132"/>
      <shelf name="owned" count="123"/>
      <shelf name="audio" count="106"/>
      <shelf name="sci-fi-fantasy" count="103"/>
      <shelf name="books-i-own" count="96"/>
      <shelf name="book-club" count="95"/>
      <shelf name="to-buy" count="88"/>
      <shelf name="adult-fiction" count="85"/>
      <shelf name="audiobooks" count="83"/>
      <shelf name="ebook" count="81"/>
      <shelf name="humor" count="78"/>
      <shelf name="dnf" count="71"/>
      <shelf name="maybe" count="70"/>
      <shelf name="mystery-thriller" count="66"/>
      <shelf name="adventure" count="65"/>
      <shelf name="abandoned" count="61"/>
      <shelf name="magic" count="60"/>
      <shelf name="wish-list" count="60"/>
      <shelf name="favourites" count="57"/>
      <shelf name="contemporary" count="53"/>
      <shelf name="read-in-2016" count="52"/>
      <shelf name="did-not-finish" count="51"/>
      <shelf name="scifi" count="49"/>
      <shelf name="fantasy-sci-fi" count="47"/>
      <shelf name="horror" count="47"/>
      <shelf name="england" count="47"/>
      <shelf name="suspense" count="45"/>
      <shelf name="ebooks" count="45"/>
      <shelf name="recommended" count="45"/>
      <shelf name="read-in-2012" count="44"/>
      <shelf name="read-in-2013" count="42"/>
      <shelf name="sword-and-laser" count="41"/>
      <shelf name="scifi-fantasy" count="41"/>
      <shelf name="funny" count="39"/>
      <shelf name="young-adult" count="39"/>
      <shelf name="read-2016" count="38"/>
      <shelf name="audible" count="38"/>
      <shelf name="speculative-fiction" count="38"/>
      <shelf name="london" count="37"/>
      <shelf name="fantasy-urban" count="36"/>
      <shelf name="audio-book" count="34"/>
      <shelf name="vampires" count="34"/>
      <shelf name="action" count="32"/>
      <shelf name="british" count="32"/>
      <shelf name="science-fiction-fantasy" count="31"/>
      <shelf name="re-read" count="30"/>
      <shelf name="read-in-2014" count="28"/>
      <shelf name="read-in-2015" count="27"/>
      <shelf name="mysteries" count="27"/>
      <shelf name="first-in-series" count="26"/>
      <shelf name="fantasy-scifi" count="26"/>
      <shelf name="read-2012" count="26"/>
      <shelf name="ya" count="26"/>
      <shelf name="read-2015" count="25"/>
      <shelf name="read-2013" count="25"/>
      <shelf name="default" count="25"/>
      <shelf name="audio-books" count="25"/>
      <shelf name="amnesia" count="25"/>
      <shelf name="owned-books" count="25"/>
      <shelf name="contemporary-fantasy" count="24"/>
      <shelf name="sff" count="24"/>
      <shelf name="reviewed" count="24"/>
      <shelf name="2016-reads" count="23"/>
      <shelf name="tbr" count="23"/>
      <shelf name="humour" count="23"/>
      <shelf name="spy" count="23"/>
      <shelf name="e-book" count="23"/>
      <shelf name="gave-up-on" count="22"/>
      <shelf name="espionage" count="22"/>
      <shelf name="read-in-2017" count="21"/>
      <shelf name="sf" count="21"/>
      <shelf name="novels" count="21"/>
      <shelf name="library-book" count="21"/>
      <shelf name="to-read-fantasy" count="20"/>
      <shelf name="modern-fantasy" count="20"/>
      <shelf name="fun" count="20"/>
      <shelf name="didn-t-finish" count="20"/>
      <shelf name="favorite" count="20"/>
      <shelf name="bookclub" count="19"/>
      <shelf name="urban" count="19"/>
      <shelf name="unfinished" count="19"/>
      <shelf name="maybe-read" count="19"/>
      <shelf name="all-time-favorites" count="19"/>
      <shelf name="thrillers" count="19"/>
  </popular_shelves>
  <book_links>
    <book_link>
  <id>8</id>
  <name>Libraries</name>
  <link>https://www.goodreads.com/book_link/follow/8</link>
</book_link>

  </book_links>
  <buy_links>
    <buy_link>
<id>1</id>
<name>Amazon</name>
<link>https://www.goodreads.com/book_link/follow/1</link>
</buy_link>
<buy_link>
<id>10</id>
<name>Audible</name>
<link>https://www.goodreads.com/book_link/follow/10</link>
</buy_link>
<buy_link>
<id>3</id>
<name>Barnes &amp; Noble</name>
<link>https://www.goodreads.com/book_link/follow/3</link>
</buy_link>
<buy_link>
<id>1027</id>
<name>Kobo</name>
<link>https://www.goodreads.com/book_link/follow/1027</link>
</buy_link>
<buy_link>
<id>2102</id>
<name>Apple iBooks</name>
<link>https://www.goodreads.com/book_link/follow/2102</link>
</buy_link>
<buy_link>
<id>8036</id>
<name>Google Play</name>
<link>https://www.goodreads.com/book_link/follow/8036</link>
</buy_link>
<buy_link>
<id>4</id>
<name>Abebooks</name>
<link>https://www.goodreads.com/book_link/follow/4</link>
</buy_link>
<buy_link>
<id>882</id>
<name>Book Depository</name>
<link>https://www.goodreads.com/book_link/follow/882</link>
</buy_link>
<buy_link>
<id>9</id>
<name>Indigo</name>
<link>https://www.goodreads.com/book_link/follow/9</link>
</buy_link>
<buy_link>
<id>2</id>
<name>Half.com</name>
<link>https://www.goodreads.com/book_link/follow/2</link>
</buy_link>
<buy_link>
<id>5</id>
<name>Alibris</name>
<link>https://www.goodreads.com/book_link/follow/5</link>
</buy_link>
<buy_link>
<id>107</id>
<name>Better World Books</name>
<link>https://www.goodreads.com/book_link/follow/107</link>
</buy_link>
<buy_link>
<id>7</id>
<name>IndieBound</name>
<link>https://www.goodreads.com/book_link/follow/7</link>
</buy_link>

  </buy_links>
  <series_works>
    <series_work>
<id>432100</id>
<user_position>1</user_position>
<series>
<id>89879</id>
<title>
<![CDATA[
    The Checquy Files
]]>
</title>
<description>
<![CDATA[
]]>
</description>
<note>
<![CDATA[
]]>
</note>
<series_works_count>2</series_works_count>
<primary_work_count>2</primary_work_count>
<numbered>true</numbered>
</series>

</series_work>

  </series_works>
  <similar_books>
          <book>
<id>18139978</id>
<title>London Falling</title>
<title_without_series>London Falling</title_without_series>
<link><![CDATA[https://www.goodreads.com/book/show/18139978-london-falling]]></link>
<small_image_url><![CDATA[https://images.gr-assets.com/books/1376221901s/18139978.jpg]]></small_image_url>
<image_url><![CDATA[https://images.gr-assets.com/books/1376221901m/18139978.jpg]]></image_url>
<num_pages>432</num_pages>
<work>
<id>21493935</id>
</work>
<isbn>0765368102</isbn>
<isbn13>9780765368102</isbn13>
<average_rating>3.76</average_rating>
<ratings_count>5325</ratings_count>
<publication_year>2014</publication_year>
<publication_month>2</publication_month>
<publication_day>25</publication_day>
<authors>
<author>
<id>63341</id>
<name>Paul Cornell</name>
<link><![CDATA[https://www.goodreads.com/author/show/63341.Paul_Cornell]]></link>
</author>
</authors>
</book>

          <book>
<id>16078584</id>
<title><![CDATA[Broken Homes (Peter Grant, #4)]]></title>
<title_without_series>Broken Homes</title_without_series>
<link><![CDATA[https://www.goodreads.com/book/show/16078584-broken-homes]]></link>
<small_image_url><![CDATA[https://images.gr-assets.com/books/1403204872s/16078584.jpg]]></small_image_url>
<image_url><![CDATA[https://images.gr-assets.com/books/1403204872m/16078584.jpg]]></image_url>
<num_pages>357</num_pages>
<work>
<id>21875874</id>
</work>
<isbn>0575132469</isbn>
<isbn13>9780575132467</isbn13>
<average_rating>4.16</average_rating>
<ratings_count>20504</ratings_count>
<publication_year>2013</publication_year>
<publication_month>7</publication_month>
<publication_day>25</publication_day>
<authors>
<author>
<id>363130</id>
<name>Ben Aaronovitch</name>
<link><![CDATA[https://www.goodreads.com/author/show/363130.Ben_Aaronovitch]]></link>
</author>
</authors>
</book>

          <book>
<id>13542884</id>
<title><![CDATA[Daughter of the Sword (Fated Blades, #1)]]></title>
<title_without_series>Daughter of the Sword</title_without_series>
<link><![CDATA[https://www.goodreads.com/book/show/13542884-daughter-of-the-sword]]></link>
<small_image_url><![CDATA[https://images.gr-assets.com/books/1334162819s/13542884.jpg]]></small_image_url>
<image_url><![CDATA[https://images.gr-assets.com/books/1334162819m/13542884.jpg]]></image_url>
<num_pages>468</num_pages>
<work>
<id>19107175</id>
</work>
<isbn>045146477X</isbn>
<isbn13>9780451464774</isbn13>
<average_rating>3.76</average_rating>
<ratings_count>1231</ratings_count>
<publication_year>2012</publication_year>
<publication_month>10</publication_month>
<publication_day>2</publication_day>
<authors>
<author>
<id>2917919</id>
<name>Steve Bein</name>
<link><![CDATA[https://www.goodreads.com/author/show/2917919.Steve_Bein]]></link>
</author>
</authors>
</book>

          <book>
<id>13501633</id>
<title><![CDATA[Midnight Blue-Light Special (InCryptid, #2)]]></title>
<title_without_series>Midnight Blue-Light Special</title_without_series>
<link><![CDATA[https://www.goodreads.com/book/show/13501633-midnight-blue-light-special]]></link>
<small_image_url><![CDATA[https://images.gr-assets.com/books/1348088204s/13501633.jpg]]></small_image_url>
<image_url><![CDATA[https://images.gr-assets.com/books/1348088204m/13501633.jpg]]></image_url>
<num_pages>338</num_pages>
<work>
<id>19049118</id>
</work>
<isbn>0756407923</isbn>
<isbn13>9780756407926</isbn13>
<average_rating>4.06</average_rating>
<ratings_count>6410</ratings_count>
<publication_year>2013</publication_year>
<publication_month>3</publication_month>
<publication_day>5</publication_day>
<authors>
<author>
<id>2860219</id>
<name>Seanan McGuire</name>
<link><![CDATA[https://www.goodreads.com/author/show/2860219.Seanan_McGuire]]></link>
</author>
</authors>
</book>

          <book>
<id>25692886</id>
<title><![CDATA[Borderline (The Arcadia Project, #1)]]></title>
<title_without_series>Borderline</title_without_series>
<link><![CDATA[https://www.goodreads.com/book/show/25692886-borderline]]></link>
<small_image_url><![CDATA[https://images.gr-assets.com/books/1433843958s/25692886.jpg]]></small_image_url>
<image_url><![CDATA[https://images.gr-assets.com/books/1433843958m/25692886.jpg]]></image_url>
<num_pages></num_pages>
<work>
<id>45522468</id>
</work>
<isbn>1481429787</isbn>
<isbn13>9781481429788</isbn13>
<average_rating>3.93</average_rating>
<ratings_count>2129</ratings_count>
<publication_year>2016</publication_year>
<publication_month>3</publication_month>
<publication_day>1</publication_day>
<authors>
<author>
<id>6904806</id>
<name>Mishell Baker</name>
<link><![CDATA[https://www.goodreads.com/author/show/6904806.Mishell_Baker]]></link>
</author>
</authors>
</book>

          <book>
<id>15788822</id>
<title><![CDATA[Fade to Black (Rojan Dizon, #1)]]></title>
<title_without_series>Fade to Black</title_without_series>
<link><![CDATA[https://www.goodreads.com/book/show/15788822-fade-to-black]]></link>
<small_image_url><![CDATA[https://images.gr-assets.com/books/1350841493s/15788822.jpg]]></small_image_url>
<image_url><![CDATA[https://images.gr-assets.com/books/1350841493m/15788822.jpg]]></image_url>
<num_pages>384</num_pages>
<work>
<id>20434516</id>
</work>
<isbn>0316217689</isbn>
<isbn13>9780316217682</isbn13>
<average_rating>3.40</average_rating>
<ratings_count>877</ratings_count>
<publication_year>2013</publication_year>
<publication_month>2</publication_month>
<publication_day>26</publication_day>
<authors>
<author>
<id>4006267</id>
<name>Francis Knight</name>
<link><![CDATA[https://www.goodreads.com/author/show/4006267.Francis_Knight]]></link>
</author>
</authors>
</book>

          <book>
<id>12266560</id>
<title>Angelmaker</title>
<title_without_series>Angelmaker</title_without_series>
<link><![CDATA[https://www.goodreads.com/book/show/12266560-angelmaker]]></link>
<small_image_url><![CDATA[https://images.gr-assets.com/books/1326121401s/12266560.jpg]]></small_image_url>
<image_url><![CDATA[https://images.gr-assets.com/books/1326121401m/12266560.jpg]]></image_url>
<num_pages>482</num_pages>
<work>
<id>14751763</id>
</work>
<isbn>0307595951</isbn>
<isbn13>9780307595959</isbn13>
<average_rating>3.94</average_rating>
<ratings_count>7807</ratings_count>
<publication_year>2012</publication_year>
<publication_month>3</publication_month>
<publication_day>20</publication_day>
<authors>
<author>
<id>1100593</id>
<name>Nick Harkaway</name>
<link><![CDATA[https://www.goodreads.com/author/show/1100593.Nick_Harkaway]]></link>
</author>
</authors>
</book>

          <book>
<id>12944651</id>
<title>Blackbirds (Miriam Black, #1)</title>
<title_without_series>Blackbirds</title_without_series>
<link><![CDATA[https://www.goodreads.com/book/show/12944651-blackbirds]]></link>
<small_image_url><![CDATA[https://images.gr-assets.com/books/1334862930s/12944651.jpg]]></small_image_url>
<image_url><![CDATA[https://images.gr-assets.com/books/1334862930m/12944651.jpg]]></image_url>
<num_pages>381</num_pages>
<work>
<id>18101226</id>
</work>
<isbn>0857662309</isbn>
<isbn13>9780857662309</isbn13>
<average_rating>3.78</average_rating>
<ratings_count>6533</ratings_count>
<publication_year>2012</publication_year>
<publication_month>4</publication_month>
<publication_day>24</publication_day>
<authors>
<author>
<id>17152</id>
<name>Chuck Wendig</name>
<link><![CDATA[https://www.goodreads.com/author/show/17152.Chuck_Wendig]]></link>
</author>
</authors>
</book>

          <book>
<id>7193686</id>
<title><![CDATA[A Devil in the Details (Jesse James Dawson, #1)]]></title>
<title_without_series>A Devil in the Details</title_without_series>
<link><![CDATA[https://www.goodreads.com/book/show/7193686-a-devil-in-the-details]]></link>
<small_image_url><![CDATA[https://images.gr-assets.com/books/1307740013s/7193686.jpg]]></small_image_url>
<image_url><![CDATA[https://images.gr-assets.com/books/1307740013m/7193686.jpg]]></image_url>
<num_pages>307</num_pages>
<work>
<id>7790623</id>
</work>
<isbn>0451463439</isbn>
<isbn13>9780451463432</isbn13>
<average_rating>3.70</average_rating>
<ratings_count>1387</ratings_count>
<publication_year>2010</publication_year>
<publication_month>7</publication_month>
<publication_day>6</publication_day>
<authors>
<author>
<id>3187114</id>
<name>K.A. Stewart</name>
<link><![CDATA[https://www.goodreads.com/author/show/3187114.K_A_Stewart]]></link>
</author>
</authors>
</book>

          <book>
<id>11737656</id>
<title>The Troupe</title>
<title_without_series>The Troupe</title_without_series>
<link><![CDATA[https://www.goodreads.com/book/show/11737656-the-troupe]]></link>
<small_image_url><![CDATA[https://images.gr-assets.com/books/1325701906s/11737656.jpg]]></small_image_url>
<image_url><![CDATA[https://images.gr-assets.com/books/1325701906m/11737656.jpg]]></image_url>
<num_pages>500</num_pages>
<work>
<id>16686861</id>
</work>
<isbn></isbn>
<isbn13></isbn13>
<average_rating>3.83</average_rating>
<ratings_count>1502</ratings_count>
<publication_year>2012</publication_year>
<publication_month>2</publication_month>
<publication_day>21</publication_day>
<authors>
<author>
<id>2916869</id>
<name>Robert Jackson Bennett</name>
<link><![CDATA[https://www.goodreads.com/author/show/2916869.Robert_Jackson_Bennett]]></link>
</author>
</authors>
</book>

          <book>
<id>6673065</id>
<title><![CDATA[Sixty-One Nails (Courts of the Feyre, #1)]]></title>
<title_without_series>Sixty-One Nails</title_without_series>
<link><![CDATA[https://www.goodreads.com/book/show/6673065-sixty-one-nails]]></link>
<small_image_url><![CDATA[https://s.gr-assets.com/assets/nophoto/book/50x75-a91bf249278a81aabab721ef782c4a74.png]]></small_image_url>
<image_url><![CDATA[https://s.gr-assets.com/assets/nophoto/book/111x148-bcc042a9c91a29c1d680899eff700a03.png]]></image_url>
<num_pages>528</num_pages>
<work>
<id>6868151</id>
</work>
<isbn>0007333994</isbn>
<isbn13>9780007333998</isbn13>
<average_rating>3.80</average_rating>
<ratings_count>3418</ratings_count>
<publication_year>2009</publication_year>
<publication_month></publication_month>
<publication_day></publication_day>
<authors>
<author>
<id>3006397</id>
<name>Mike Shevdon</name>
<link><![CDATA[https://www.goodreads.com/author/show/3006397.Mike_Shevdon]]></link>
</author>
</authors>
</book>

          <book>
<id>13239822</id>
<title>Alif the Unseen</title>
<title_without_series>Alif the Unseen</title_without_series>
<link><![CDATA[https://www.goodreads.com/book/show/13239822-alif-the-unseen]]></link>
<small_image_url><![CDATA[https://images.gr-assets.com/books/1325543155s/13239822.jpg]]></small_image_url>
<image_url><![CDATA[https://images.gr-assets.com/books/1325543155m/13239822.jpg]]></image_url>
<num_pages>433</num_pages>
<work>
<id>18330291</id>
</work>
<isbn>0802120202</isbn>
<isbn13>9780802120205</isbn13>
<average_rating>3.84</average_rating>
<ratings_count>12834</ratings_count>
<publication_year>2012</publication_year>
<publication_month>6</publication_month>
<publication_day>19</publication_day>
<authors>
<author>
<id>815259</id>
<name>G. Willow Wilson</name>
<link><![CDATA[https://www.goodreads.com/author/show/815259.G_Willow_Wilson]]></link>
</author>
</authors>
</book>

          <book>
<id>12844699</id>
<title><![CDATA[Libriomancer (Magic Ex Libris, #1)]]></title>
<title_without_series>Libriomancer</title_without_series>
<link><![CDATA[https://www.goodreads.com/book/show/12844699-libriomancer]]></link>
<small_image_url><![CDATA[https://images.gr-assets.com/books/1318277038s/12844699.jpg]]></small_image_url>
<image_url><![CDATA[https://images.gr-assets.com/books/1318277038m/12844699.jpg]]></image_url>
<num_pages>308</num_pages>
<work>
<id>17995680</id>
</work>
<isbn>0756407397</isbn>
<isbn13>9780756407391</isbn13>
<average_rating>3.81</average_rating>
<ratings_count>9889</ratings_count>
<publication_year>2012</publication_year>
<publication_month>8</publication_month>
<publication_day>7</publication_day>
<authors>
<author>
<id>172490</id>
<name>Jim C. Hines</name>
<link><![CDATA[https://www.goodreads.com/author/show/172490.Jim_C_Hines]]></link>
</author>
</authors>
</book>

          <book>
<id>18339939</id>
<title><![CDATA[Hot Lead, Cold Iron (Mick Oberon, #1)]]></title>
<title_without_series>Hot Lead, Cold Iron</title_without_series>
<link><![CDATA[https://www.goodreads.com/book/show/18339939-hot-lead-cold-iron]]></link>
<small_image_url><![CDATA[https://images.gr-assets.com/books/1389993084s/18339939.jpg]]></small_image_url>
<image_url><![CDATA[https://images.gr-assets.com/books/1389993084m/18339939.jpg]]></image_url>
<num_pages>315</num_pages>
<work>
<id>25893307</id>
</work>
<isbn>1781168229</isbn>
<isbn13>9781781168226</isbn13>
<average_rating>3.59</average_rating>
<ratings_count>1005</ratings_count>
<publication_year>2014</publication_year>
<publication_month>5</publication_month>
<publication_day>13</publication_day>
<authors>
<author>
<id>26796</id>
<name>Ari Marmell</name>
<link><![CDATA[https://www.goodreads.com/author/show/26796.Ari_Marmell]]></link>
</author>
</authors>
</book>

          <book>
<id>13536649</id>
<title><![CDATA[Trapped (The Iron Druid Chronicles, #5)]]></title>
<title_without_series>Trapped</title_without_series>
<link><![CDATA[https://www.goodreads.com/book/show/13536649-trapped]]></link>
<small_image_url><![CDATA[https://images.gr-assets.com/books/1346092123s/13536649.jpg]]></small_image_url>
<image_url><![CDATA[https://images.gr-assets.com/books/1346092123m/13536649.jpg]]></image_url>
<num_pages>290</num_pages>
<work>
<id>16669363</id>
</work>
<isbn>034553364X</isbn>
<isbn13>9780345533647</isbn13>
<average_rating>4.28</average_rating>
<ratings_count>31250</ratings_count>
<publication_year>2012</publication_year>
<publication_month>11</publication_month>
<publication_day>27</publication_day>
<authors>
<author>
<id>4414255</id>
<name>Kevin Hearne</name>
<link><![CDATA[https://www.goodreads.com/author/show/4414255.Kevin_Hearne]]></link>
</author>
</authors>
</book>

          <book>
<id>10822283</id>
<title><![CDATA[Spellbound (Grimnoir Chronicles, #2)]]></title>
<title_without_series>Spellbound</title_without_series>
<link><![CDATA[https://www.goodreads.com/book/show/10822283-spellbound]]></link>
<small_image_url><![CDATA[https://images.gr-assets.com/books/1313446621s/10822283.jpg]]></small_image_url>
<image_url><![CDATA[https://images.gr-assets.com/books/1313446621m/10822283.jpg]]></image_url>
<num_pages>448</num_pages>
<work>
<id>15736027</id>
</work>
<isbn>1451637756</isbn>
<isbn13>9781451637755</isbn13>
<average_rating>4.30</average_rating>
<ratings_count>7844</ratings_count>
<publication_year>2011</publication_year>
<publication_month>11</publication_month>
<publication_day>1</publication_day>
<authors>
<author>
<id>1136158</id>
<name>Larry Correia</name>
<link><![CDATA[https://www.goodreads.com/author/show/1136158.Larry_Correia]]></link>
</author>
</authors>
</book>

          <book>
<id>10387413</id>
<title><![CDATA[The Coldest War (The Milkweed Triptych, #2)]]></title>
<title_without_series>The Coldest War</title_without_series>
<link><![CDATA[https://www.goodreads.com/book/show/10387413-the-coldest-war]]></link>
<small_image_url><![CDATA[https://images.gr-assets.com/books/1314807980s/10387413.jpg]]></small_image_url>
<image_url><![CDATA[https://images.gr-assets.com/books/1314807980m/10387413.jpg]]></image_url>
<num_pages>352</num_pages>
<work>
<id>15291124</id>
</work>
<isbn></isbn>
<isbn13></isbn13>
<average_rating>4.11</average_rating>
<ratings_count>3108</ratings_count>
<publication_year>2012</publication_year>
<publication_month>7</publication_month>
<publication_day>17</publication_day>
<authors>
<author>
<id>2924955</id>
<name>Ian Tregillis</name>
<link><![CDATA[https://www.goodreads.com/author/show/2924955.Ian_Tregillis]]></link>
</author>
</authors>
</book>

  </similar_books>
</book>

</GoodreadsResponse>