<?xml version="1.0" encoding="UTF-8"?>
<GoodreadsResponse>
  <Request>
    <authentication>true</authentication>
      <key><![CDATA[all_men_must_serve]]></key>
    <method><![CDATA[book_show]]></method>
  </Request>
  <book>
  <id>10844125</id>
  <title>The Christmas Wedding</title>
  <isbn><![CDATA[031609739X]]></isbn>
  <isbn13><![CDATA[9780316097390]]></isbn13>
  <asin><![CDATA[]]></asin>
  <kindle_asin><![CDATA[B005CVWWGM]]></kindle_asin>
  <marketplace_id><![CDATA[A1F83G8C2ARO7P]]></marketplace_id>
  <country_code><![CDATA[GB]]></country_code>
  <image_url>https://images.gr-assets.com/books/1327889901m/10844125.jpg</image_url>
  <small_image_url>https://images.gr-assets.com/books/1327889901s/10844125.jpg</small_image_url>
  <publication_year>2011</publication_year>
  <publication_month>10</publication_month>
  <publication_day>17</publication_day>
  <publisher>Little, Brown and Company</publisher>
  <language_code>eng</language_code>
  <is_ebook>false</is_ebook>
  <description><![CDATA[The tree is decorated, the cookies are baked, and the packages are wrapped, but the biggest celebration this Christmas is Gaby Summerhill's wedding. Since her husband died three years ago, Gaby's four children have drifted apart, each consumed by the turbulence of their own lives. They haven't celebrated Christmas together since their father's death, but when Gaby announces that she's getting married--and that the groom will remain a secret until the wedding day--she may finally be able to bring them home for the holidays.<p>But the wedding isn't Gaby's only surprise--she has one more gift for her children, and it could change all their lives forever. With deeply affecting characters and the emotional twists of a James Patterson thriller, <em>The Christmas Wedding</em> is a fresh look at family and the magic of the season.</p>]]></description>
  <work>
  <id type="integer">15758551</id>
  <books_count type="integer">34</books_count>
  <best_book_id type="integer">10844125</best_book_id>
  <reviews_count type="integer">25993</reviews_count>
  <ratings_sum type="integer">47333</ratings_sum>
  <ratings_count type="integer">14256</ratings_count>
  <text_reviews_count type="integer">1835</text_reviews_count>
  <original_publication_year type="integer">2011</original_publication_year>
  <original_publication_month type="integer">10</original_publication_month>
  <original_publication_day type="integer">17</original_publication_day>
  <original_title>The Christmas Wedding</original_title>
  <original_language_id type="integer" nil="true"/>
  <media_type>book</media_type>
  <rating_dist>5:2622|4:3567|3:4794|2:2300|1:973|total:14256</rating_dist>
  <desc_user_id type="integer">18844579</desc_user_id>
  <default_chaptering_book_id type="integer" nil="true"/>
  <default_description_language_code nil="true"/>
</work>
  <average_rating>3.32</average_rating>
  <num_pages><![CDATA[266]]></num_pages>
  <format><![CDATA[Hardcover]]></format>
  <edition_information><![CDATA[]]></edition_information>
  <ratings_count><![CDATA[12743]]></ratings_count>
  <text_reviews_count><![CDATA[1635]]></text_reviews_count>
  <url><![CDATA[https://www.goodreads.com/book/show/10844125-the-christmas-wedding]]></url>
  <link><![CDATA[https://www.goodreads.com/book/show/10844125-the-christmas-wedding]]></link>
  <authors>
<author>
<id>3780</id>
<name>James Patterson</name>
<role></role>
<image_url nophoto='false'>
<![CDATA[https://images.gr-assets.com/authors/1468347205p5/3780.jpg]]>
</image_url>
<small_image_url nophoto='false'>
<![CDATA[https://images.gr-assets.com/authors/1468347205p2/3780.jpg]]>
</small_image_url>
<link><![CDATA[https://www.goodreads.com/author/show/3780.James_Patterson]]></link>
<average_rating>3.97</average_rating>
<ratings_count>4601927</ratings_count>
<text_reviews_count>214831</text_reviews_count>
</author>
<author>
<id>2849850</id>
<name>Richard DiLallo</name>
<role></role>
<image_url nophoto='true'>
<![CDATA[https://s.gr-assets.com/assets/nophoto/user/m_200x266-d279b33f8eec0f27b7272477f09806be.png]]>
</image_url>
<small_image_url nophoto='true'>
<![CDATA[https://s.gr-assets.com/assets/nophoto/user/m_50x66-82093808bca726cb3249a493fbd3bd0f.png]]>
</small_image_url>
<link><![CDATA[https://www.goodreads.com/author/show/2849850.Richard_DiLallo]]></link>
<average_rating>3.67</average_rating>
<ratings_count>38266</ratings_count>
<text_reviews_count>3657</text_reviews_count>
</author>
</authors>

    <reviews_widget>
      <![CDATA[
        <style>
  #goodreads-widget {
    font-family: georgia, serif;
    padding: 18px 0;
    width:565px;
  }
  #goodreads-widget h1 {
    font-weight:normal;
    font-size: 16px;
    border-bottom: 1px solid #BBB596;
    margin-bottom: 0;
  }
  #goodreads-widget a {
    text-decoration: none;
    color:#660;
  }
  iframe{
    background-color: #fff;
  }
  #goodreads-widget a:hover { text-decoration: underline; }
  #goodreads-widget a:active {
    color:#660;
  }
  #gr_footer {
    width: 100%;
    border-top: 1px solid #BBB596;
    text-align: right;
  }
  #goodreads-widget .gr_branding{
    color: #382110;
    font-size: 11px;
    text-decoration: none;
    font-family: "Helvetica Neue", Helvetica, Arial, sans-serif;
  }
</style>
<div id="goodreads-widget">
  <div id="gr_header"><h1><a rel="nofollow" href="https://www.goodreads.com/book/show/10844125-the-christmas-wedding">The Christmas Wedding Reviews</a></h1></div>
  <iframe id="the_iframe" src="https://www.goodreads.com/api/reviews_widget_iframe?did=DEVELOPER_ID&amp;format=html&amp;isbn=031609739X&amp;links=660&amp;min_rating=&amp;review_back=fff&amp;stars=000&amp;text=000" width="565" height="400" frameborder="0"></iframe>
  <div id="gr_footer">
    <a class="gr_branding" target="_blank" rel="nofollow" href="https://www.goodreads.com/book/show/10844125-the-christmas-wedding?utm_medium=api&amp;utm_source=reviews_widget">Reviews from Goodreads.com</a>
  </div>
</div>

      ]]>
    </reviews_widget>
  <popular_shelves>
      <shelf name="to-read" count="8189"/>
      <shelf name="james-patterson" count="294"/>
      <shelf name="christmas" count="184"/>
      <shelf name="fiction" count="164"/>
      <shelf name="currently-reading" count="154"/>
      <shelf name="romance" count="151"/>
      <shelf name="chick-lit" count="74"/>
      <shelf name="book-club" count="59"/>
      <shelf name="holiday" count="40"/>
      <shelf name="audio" count="36"/>
      <shelf name="patterson" count="35"/>
      <shelf name="audiobook" count="33"/>
      <shelf name="books-i-own" count="32"/>
      <shelf name="patterson-james" count="31"/>
      <shelf name="audiobooks" count="30"/>
      <shelf name="library" count="29"/>
      <shelf name="owned" count="24"/>
      <shelf name="default" count="24"/>
      <shelf name="favorites" count="23"/>
      <shelf name="adult-fiction" count="23"/>
      <shelf name="christmas-books" count="22"/>
      <shelf name="adult" count="21"/>
      <shelf name="mystery" count="20"/>
      <shelf name="to-buy" count="20"/>
      <shelf name="contemporary" count="19"/>
      <shelf name="read-in-2011" count="19"/>
      <shelf name="read-in-2012" count="17"/>
      <shelf name="audio-book" count="16"/>
      <shelf name="audio-books" count="15"/>
      <shelf name="contemporary-romance" count="14"/>
      <shelf name="kindle" count="14"/>
      <shelf name="ebooks" count="14"/>
      <shelf name="family" count="13"/>
      <shelf name="read-2011" count="13"/>
      <shelf name="library-book" count="12"/>
      <shelf name="i-own" count="12"/>
      <shelf name="e-books" count="11"/>
      <shelf name="bookclub" count="10"/>
      <shelf name="book-club-books" count="10"/>
      <shelf name="family-reunited" count="9"/>
      <shelf name="drama" count="9"/>
      <shelf name="holiday-books" count="9"/>
      <shelf name="owned-books" count="8"/>
      <shelf name="my-books" count="8"/>
      <shelf name="2012-books" count="8"/>
      <shelf name="finished" count="8"/>
      <shelf name="2011-books" count="8"/>
      <shelf name="general-fiction" count="8"/>
      <shelf name="nook" count="8"/>
      <shelf name="contemporary-fiction" count="8"/>
      <shelf name="chic-lit" count="8"/>
      <shelf name="books-i-have" count="7"/>
      <shelf name="read-2013" count="7"/>
      <shelf name="listened-to" count="7"/>
      <shelf name="novels" count="7"/>
      <shelf name="books-read-in-2012" count="7"/>
      <shelf name="read-2012" count="7"/>
      <shelf name="ebook" count="7"/>
      <shelf name="tbr" count="6"/>
      <shelf name="books" count="6"/>
      <shelf name="james-patterson-books" count="6"/>
      <shelf name="need-to-buy" count="6"/>
      <shelf name="library-books" count="6"/>
      <shelf name="e-book" count="6"/>
      <shelf name="2011-reads" count="6"/>
      <shelf name="books-read-in-2011" count="6"/>
      <shelf name="calibre" count="6"/>
      <shelf name="shelfari-wishlist" count="5"/>
      <shelf name="read-in-2015" count="5"/>
      <shelf name="2014-reads" count="5"/>
      <shelf name="read-in-2014" count="5"/>
      <shelf name="read-in-2013" count="5"/>
      <shelf name="2013-reads" count="5"/>
      <shelf name="romance-contemporary" count="5"/>
      <shelf name="christmas-stories" count="5"/>
      <shelf name="love" count="5"/>
      <shelf name="relationships" count="5"/>
      <shelf name="my-library" count="5"/>
      <shelf name="2011-read" count="5"/>
      <shelf name="read-2017" count="4"/>
      <shelf name="christmas-reads" count="4"/>
      <shelf name="2014-books" count="4"/>
      <shelf name="books-read-in-2013" count="4"/>
      <shelf name="hardcover" count="4"/>
      <shelf name="book-club-reads" count="4"/>
      <shelf name="christmas-fiction" count="4"/>
      <shelf name="audible" count="4"/>
      <shelf name="2012-read" count="4"/>
      <shelf name="have" count="4"/>
      <shelf name="romantic" count="4"/>
      <shelf name="misc" count="4"/>
      <shelf name="favorite-authors" count="4"/>
      <shelf name="realistic-fiction" count="4"/>
      <shelf name="didn-t-finish" count="4"/>
      <shelf name="overdrive" count="4"/>
      <shelf name="women-s-fiction" count="4"/>
      <shelf name="wish-list" count="4"/>
      <shelf name="read-in-2016" count="3"/>
      <shelf name="read-2016" count="3"/>
      <shelf name="barn-wedding" count="3"/>
  </popular_shelves>
  <book_links>
    <book_link>
  <id>8</id>
  <name>Libraries</name>
  <link>https://www.goodreads.com/book_link/follow/8</link>
</book_link>

  </book_links>
  <buy_links>
    <buy_link>
<id>1</id>
<name>Amazon</name>
<link>https://www.goodreads.com/book_link/follow/1</link>
</buy_link>
<buy_link>
<id>10</id>
<name>Audible</name>
<link>https://www.goodreads.com/book_link/follow/10</link>
</buy_link>
<buy_link>
<id>3</id>
<name>Barnes &amp; Noble</name>
<link>https://www.goodreads.com/book_link/follow/3</link>
</buy_link>
<buy_link>
<id>1027</id>
<name>Kobo</name>
<link>https://www.goodreads.com/book_link/follow/1027</link>
</buy_link>
<buy_link>
<id>2102</id>
<name>Apple iBooks</name>
<link>https://www.goodreads.com/book_link/follow/2102</link>
</buy_link>
<buy_link>
<id>8036</id>
<name>Google Play</name>
<link>https://www.goodreads.com/book_link/follow/8036</link>
</buy_link>
<buy_link>
<id>4</id>
<name>Abebooks</name>
<link>https://www.goodreads.com/book_link/follow/4</link>
</buy_link>
<buy_link>
<id>882</id>
<name>Book Depository</name>
<link>https://www.goodreads.com/book_link/follow/882</link>
</buy_link>
<buy_link>
<id>9</id>
<name>Indigo</name>
<link>https://www.goodreads.com/book_link/follow/9</link>
</buy_link>
<buy_link>
<id>2</id>
<name>Half.com</name>
<link>https://www.goodreads.com/book_link/follow/2</link>
</buy_link>
<buy_link>
<id>5</id>
<name>Alibris</name>
<link>https://www.goodreads.com/book_link/follow/5</link>
</buy_link>
<buy_link>
<id>107</id>
<name>Better World Books</name>
<link>https://www.goodreads.com/book_link/follow/107</link>
</buy_link>
<buy_link>
<id>7</id>
<name>IndieBound</name>
<link>https://www.goodreads.com/book_link/follow/7</link>
</buy_link>

  </buy_links>
  <series_works>
    
  </series_works>
  <similar_books>
          <book>
<id>33669</id>
<title>The Lazarus Pit</title>
<title_without_series>The Lazarus Pit</title_without_series>
<link><![CDATA[https://www.goodreads.com/book/show/33669.The_Lazarus_Pit]]></link>
<small_image_url><![CDATA[https://s.gr-assets.com/assets/nophoto/book/50x75-a91bf249278a81aabab721ef782c4a74.png]]></small_image_url>
<image_url><![CDATA[https://s.gr-assets.com/assets/nophoto/book/111x148-bcc042a9c91a29c1d680899eff700a03.png]]></image_url>
<num_pages>447</num_pages>
<work>
<id>33721</id>
</work>
<isbn>1420816799</isbn>
<isbn13>9781420816792</isbn13>
<average_rating>3.90</average_rating>
<ratings_count>139</ratings_count>
<publication_year>2005</publication_year>
<publication_month>2</publication_month>
<publication_day>9</publication_day>
<authors>
<author>
<id>2730922</id>
<name>James   Patterson</name>
<link><![CDATA[https://www.goodreads.com/author/show/2730922.James_Patterson]]></link>
</author>
</authors>
</book>

          <book>
<id>307109</id>
<title><![CDATA[The Christmas Blessing (Christmas Hope, #2)]]></title>
<title_without_series>The Christmas Blessing</title_without_series>
<link><![CDATA[https://www.goodreads.com/book/show/307109.The_Christmas_Blessing]]></link>
<small_image_url><![CDATA[https://images.gr-assets.com/books/1316131403s/307109.jpg]]></small_image_url>
<image_url><![CDATA[https://images.gr-assets.com/books/1316131403m/307109.jpg]]></image_url>
<num_pages>212</num_pages>
<work>
<id>298080</id>
</work>
<isbn>0312322933</isbn>
<isbn13>9780312322939</isbn13>
<average_rating>4.26</average_rating>
<ratings_count>3867</ratings_count>
<publication_year>2003</publication_year>
<publication_month>10</publication_month>
<publication_day>28</publication_day>
<authors>
<author>
<id>23722</id>
<name>Donna VanLiere</name>
<link><![CDATA[https://www.goodreads.com/author/show/23722.Donna_VanLiere]]></link>
</author>
</authors>
</book>

          <book>
<id>12027850</id>
<title>Boys Will Be Boys</title>
<title_without_series>Boys Will Be Boys</title_without_series>
<link><![CDATA[https://www.goodreads.com/book/show/12027850-boys-will-be-boys]]></link>
<small_image_url><![CDATA[https://s.gr-assets.com/assets/nophoto/book/50x75-a91bf249278a81aabab721ef782c4a74.png]]></small_image_url>
<image_url><![CDATA[https://s.gr-assets.com/assets/nophoto/book/111x148-bcc042a9c91a29c1d680899eff700a03.png]]></image_url>
<num_pages></num_pages>
<work>
<id>16993972</id>
</work>
<isbn></isbn>
<isbn13></isbn13>
<average_rating>2.87</average_rating>
<ratings_count>105</ratings_count>
<publication_year></publication_year>
<publication_month></publication_month>
<publication_day></publication_day>
<authors>
<author>
<id>15889427</id>
<name>James    Patterson</name>
<link><![CDATA[https://www.goodreads.com/author/show/15889427.James_Patterson]]></link>
</author>
</authors>
</book>

          <book>
<id>11110218</id>
<title>Lost December</title>
<title_without_series>Lost December</title_without_series>
<link><![CDATA[https://www.goodreads.com/book/show/11110218-lost-december]]></link>
<small_image_url><![CDATA[https://images.gr-assets.com/books/1327877588s/11110218.jpg]]></small_image_url>
<image_url><![CDATA[https://images.gr-assets.com/books/1327877588m/11110218.jpg]]></image_url>
<num_pages>346</num_pages>
<work>
<id>15970786</id>
</work>
<isbn>1451628005</isbn>
<isbn13>9781451628005</isbn13>
<average_rating>4.14</average_rating>
<ratings_count>5917</ratings_count>
<publication_year>2011</publication_year>
<publication_month>11</publication_month>
<publication_day>1</publication_day>
<authors>
<author>
<id>46097</id>
<name>Richard Paul Evans</name>
<link><![CDATA[https://www.goodreads.com/author/show/46097.Richard_Paul_Evans]]></link>
</author>
</authors>
</book>

          <book>
<id>9879867</id>
<title>Bermuda Shorts</title>
<title_without_series>Bermuda Shorts</title_without_series>
<link><![CDATA[https://www.goodreads.com/book/show/9879867-bermuda-shorts]]></link>
<small_image_url><![CDATA[https://images.gr-assets.com/books/1344677491s/9879867.jpg]]></small_image_url>
<image_url><![CDATA[https://images.gr-assets.com/books/1344677491m/9879867.jpg]]></image_url>
<num_pages>0</num_pages>
<work>
<id>14771709</id>
</work>
<isbn>0982625111</isbn>
<isbn13>9780982625118</isbn13>
<average_rating>3.51</average_rating>
<ratings_count>89</ratings_count>
<publication_year>2012</publication_year>
<publication_month>4</publication_month>
<publication_day>1</publication_day>
<authors>
<author>
<id>4103380</id>
<name>James J. Patterson</name>
<link><![CDATA[https://www.goodreads.com/author/show/4103380.James_J_Patterson]]></link>
</author>
</authors>
</book>

          <book>
<id>13533655</id>
<title><![CDATA[Angels at the Table (Angels Everywhere, #7)]]></title>
<title_without_series>Angels at the Table</title_without_series>
<link><![CDATA[https://www.goodreads.com/book/show/13533655-angels-at-the-table]]></link>
<small_image_url><![CDATA[https://images.gr-assets.com/books/1346376018s/13533655.jpg]]></small_image_url>
<image_url><![CDATA[https://images.gr-assets.com/books/1346376018m/13533655.jpg]]></image_url>
<num_pages>222</num_pages>
<work>
<id>19095338</id>
</work>
<isbn>0345528875</isbn>
<isbn13>9780345528872</isbn13>
<average_rating>3.86</average_rating>
<ratings_count>4605</ratings_count>
<publication_year>2012</publication_year>
<publication_month>10</publication_month>
<publication_day>23</publication_day>
<authors>
<author>
<id>11349</id>
<name>Debbie Macomber</name>
<link><![CDATA[https://www.goodreads.com/author/show/11349.Debbie_Macomber]]></link>
</author>
</authors>
</book>

          <book>
<id>12307716</id>
<title>The Snow Angel (Deckle Edge)</title>
<title_without_series>The Snow Angel</title_without_series>
<link><![CDATA[https://www.goodreads.com/book/show/12307716-the-snow-angel]]></link>
<small_image_url><![CDATA[https://images.gr-assets.com/books/1327878145s/12307716.jpg]]></small_image_url>
<image_url><![CDATA[https://images.gr-assets.com/books/1327878145m/12307716.jpg]]></image_url>
<num_pages>279</num_pages>
<work>
<id>17015466</id>
</work>
<isbn>1439187207</isbn>
<isbn13>9781439187203</isbn13>
<average_rating>3.99</average_rating>
<ratings_count>3136</ratings_count>
<publication_year></publication_year>
<publication_month></publication_month>
<publication_day></publication_day>
<authors>
<author>
<id>188932</id>
<name>Glenn Beck</name>
<link><![CDATA[https://www.goodreads.com/author/show/188932.Glenn_Beck]]></link>
</author>
</authors>
</book>

          <book>
<id>9568498</id>
<title>The Snow Globe</title>
<title_without_series>The Snow Globe</title_without_series>
<link><![CDATA[https://www.goodreads.com/book/show/9568498-the-snow-globe]]></link>
<small_image_url><![CDATA[https://images.gr-assets.com/books/1315802055s/9568498.jpg]]></small_image_url>
<image_url><![CDATA[https://images.gr-assets.com/books/1315802055m/9568498.jpg]]></image_url>
<num_pages>176</num_pages>
<work>
<id>14455282</id>
</work>
<isbn>1429941669</isbn>
<isbn13>9781429941662</isbn13>
<average_rating>3.81</average_rating>
<ratings_count>1840</ratings_count>
<publication_year>2010</publication_year>
<publication_month>10</publication_month>
<publication_day>26</publication_day>
<authors>
<author>
<id>529302</id>
<name>Sheila Roberts</name>
<link><![CDATA[https://www.goodreads.com/author/show/529302.Sheila_Roberts]]></link>
</author>
</authors>
</book>

          <book>
<id>2814609</id>
<title><![CDATA[A Christmas Grace (Christmas Stories, #6)]]></title>
<title_without_series>A Christmas Grace</title_without_series>
<link><![CDATA[https://www.goodreads.com/book/show/2814609-a-christmas-grace]]></link>
<small_image_url><![CDATA[https://s.gr-assets.com/assets/nophoto/book/50x75-a91bf249278a81aabab721ef782c4a74.png]]></small_image_url>
<image_url><![CDATA[https://s.gr-assets.com/assets/nophoto/book/111x148-bcc042a9c91a29c1d680899eff700a03.png]]></image_url>
<num_pages>210</num_pages>
<work>
<id>8496339</id>
</work>
<isbn>0345502035</isbn>
<isbn13>9780345502032</isbn13>
<average_rating>3.44</average_rating>
<ratings_count>1030</ratings_count>
<publication_year>2008</publication_year>
<publication_month>10</publication_month>
<publication_day>16</publication_day>
<authors>
<author>
<id>6331</id>
<name>Anne Perry</name>
<link><![CDATA[https://www.goodreads.com/author/show/6331.Anne_Perry]]></link>
</author>
</authors>
</book>

          <book>
<id>12970382</id>
<title><![CDATA[The Christmas Cookie Chronicles: Carrie: A Twilight, Texas Story]]></title>
<title_without_series><![CDATA[The Christmas Cookie Chronicles: Carrie: A Twilight, Texas Story]]></title_without_series>
<link><![CDATA[https://www.goodreads.com/book/show/12970382-the-christmas-cookie-chronicles]]></link>
<small_image_url><![CDATA[https://s.gr-assets.com/assets/nophoto/book/50x75-a91bf249278a81aabab721ef782c4a74.png]]></small_image_url>
<image_url><![CDATA[https://s.gr-assets.com/assets/nophoto/book/111x148-bcc042a9c91a29c1d680899eff700a03.png]]></image_url>
<num_pages>78</num_pages>
<work>
<id>18128645</id>
</work>
<isbn></isbn>
<isbn13></isbn13>
<average_rating>3.85</average_rating>
<ratings_count>351</ratings_count>
<publication_year>2011</publication_year>
<publication_month>11</publication_month>
<publication_day>15</publication_day>
<authors>
<author>
<id>38217</id>
<name>Lori Wilde</name>
<link><![CDATA[https://www.goodreads.com/author/show/38217.Lori_Wilde]]></link>
</author>
</authors>
</book>

          <book>
<id>268530</id>
<title><![CDATA[The Day America Told the Truth]]></title>
<title_without_series><![CDATA[The Day America Told the Truth]]></title_without_series>
<link><![CDATA[https://www.goodreads.com/book/show/268530.The_Day_America_Told_the_Truth]]></link>
<small_image_url><![CDATA[https://s.gr-assets.com/assets/nophoto/book/50x75-a91bf249278a81aabab721ef782c4a74.png]]></small_image_url>
<image_url><![CDATA[https://s.gr-assets.com/assets/nophoto/book/111x148-bcc042a9c91a29c1d680899eff700a03.png]]></image_url>
<num_pages>288</num_pages>
<work>
<id>389734</id>
</work>
<isbn>0452268087</isbn>
<isbn13>9780452268081</isbn13>
<average_rating>3.58</average_rating>
<ratings_count>64</ratings_count>
<publication_year>1992</publication_year>
<publication_month>6</publication_month>
<publication_day>1</publication_day>
<authors>
<author>
<id>15889427</id>
<name>James    Patterson</name>
<link><![CDATA[https://www.goodreads.com/author/show/15889427.James_Patterson]]></link>
</author>
</authors>
</book>

          <book>
<id>228132</id>
<title>Christmas, Present</title>
<title_without_series>Christmas, Present</title_without_series>
<link><![CDATA[https://www.goodreads.com/book/show/228132.Christmas_Present]]></link>
<small_image_url><![CDATA[https://s.gr-assets.com/assets/nophoto/book/50x75-a91bf249278a81aabab721ef782c4a74.png]]></small_image_url>
<image_url><![CDATA[https://s.gr-assets.com/assets/nophoto/book/111x148-bcc042a9c91a29c1d680899eff700a03.png]]></image_url>
<num_pages></num_pages>
<work>
<id>2525800</id>
</work>
<isbn>0060565578</isbn>
<isbn13>9780060565572</isbn13>
<average_rating>3.10</average_rating>
<ratings_count>550</ratings_count>
<publication_year></publication_year>
<publication_month></publication_month>
<publication_day></publication_day>
<authors>
<author>
<id>3504</id>
<name>Jacquelyn Mitchard</name>
<link><![CDATA[https://www.goodreads.com/author/show/3504.Jacquelyn_Mitchard]]></link>
</author>
</authors>
</book>

          <book>
<id>11495201</id>
<title>An Angel for Christmas</title>
<title_without_series>An Angel for Christmas</title_without_series>
<link><![CDATA[https://www.goodreads.com/book/show/11495201-an-angel-for-christmas]]></link>
<small_image_url><![CDATA[https://images.gr-assets.com/books/1311219996s/11495201.jpg]]></small_image_url>
<image_url><![CDATA[https://images.gr-assets.com/books/1311219996m/11495201.jpg]]></image_url>
<num_pages>336</num_pages>
<work>
<id>16430663</id>
</work>
<isbn>0778312798</isbn>
<isbn13>9780778312796</isbn13>
<average_rating>3.63</average_rating>
<ratings_count>785</ratings_count>
<publication_year>2011</publication_year>
<publication_month>9</publication_month>
<publication_day>27</publication_day>
<authors>
<author>
<id>30819</id>
<name>Heather Graham</name>
<link><![CDATA[https://www.goodreads.com/author/show/30819.Heather_Graham]]></link>
</author>
</authors>
</book>

          <book>
<id>17622921</id>
<title>Sleigh Belles</title>
<title_without_series>Sleigh Belles</title_without_series>
<link><![CDATA[https://www.goodreads.com/book/show/17622921-sleigh-belles]]></link>
<small_image_url><![CDATA[https://images.gr-assets.com/books/1372089695s/17622921.jpg]]></small_image_url>
<image_url><![CDATA[https://images.gr-assets.com/books/1372089695m/17622921.jpg]]></image_url>
<num_pages>326</num_pages>
<work>
<id>24593695</id>
</work>
<isbn>0778315304</isbn>
<isbn13>9780778315308</isbn13>
<average_rating>3.90</average_rating>
<ratings_count>216</ratings_count>
<publication_year>2013</publication_year>
<publication_month>9</publication_month>
<publication_day>24</publication_day>
<authors>
<author>
<id>6583748</id>
<name>Beth Albright</name>
<link><![CDATA[https://www.goodreads.com/author/show/6583748.Beth_Albright]]></link>
</author>
</authors>
</book>

          <book>
<id>7972907</id>
<title>Christmas at Harrington&apos;s</title>
<title_without_series>Christmas at Harrington&apos;s</title_without_series>
<link><![CDATA[https://www.goodreads.com/book/show/7972907-christmas-at-harrington-s]]></link>
<small_image_url><![CDATA[https://s.gr-assets.com/assets/nophoto/book/50x75-a91bf249278a81aabab721ef782c4a74.png]]></small_image_url>
<image_url><![CDATA[https://s.gr-assets.com/assets/nophoto/book/111x148-bcc042a9c91a29c1d680899eff700a03.png]]></image_url>
<num_pages>167</num_pages>
<work>
<id>12162581</id>
</work>
<isbn>0800719255</isbn>
<isbn13>9780800719258</isbn13>
<average_rating>4.00</average_rating>
<ratings_count>3858</ratings_count>
<publication_year></publication_year>
<publication_month></publication_month>
<publication_day></publication_day>
<authors>
<author>
<id>7383</id>
<name>Melody Carlson</name>
<link><![CDATA[https://www.goodreads.com/author/show/7383.Melody_Carlson]]></link>
</author>
</authors>
</book>

          <book>
<id>3076572</id>
<title><![CDATA[A Dog Named Christmas (A Dog Named Christmas #1)]]></title>
<title_without_series>A Dog Named Christmas</title_without_series>
<link><![CDATA[https://www.goodreads.com/book/show/3076572-a-dog-named-christmas]]></link>
<small_image_url><![CDATA[https://s.gr-assets.com/assets/nophoto/book/50x75-a91bf249278a81aabab721ef782c4a74.png]]></small_image_url>
<image_url><![CDATA[https://s.gr-assets.com/assets/nophoto/book/111x148-bcc042a9c91a29c1d680899eff700a03.png]]></image_url>
<num_pages>148</num_pages>
<work>
<id>3107601</id>
</work>
<isbn>0385525982</isbn>
<isbn13>9780385525985</isbn13>
<average_rating>4.15</average_rating>
<ratings_count>3493</ratings_count>
<publication_year></publication_year>
<publication_month></publication_month>
<publication_day></publication_day>
<authors>
<author>
<id>1317003</id>
<name>Greg Kincaid</name>
<link><![CDATA[https://www.goodreads.com/author/show/1317003.Greg_Kincaid]]></link>
</author>
</authors>
</book>

  </similar_books>
</book>

</GoodreadsResponse>