<?xml version="1.0" encoding="UTF-8"?>
<GoodreadsResponse>
  <Request>
    <authentication>true</authentication>
      <key><![CDATA[all_men_must_serve]]></key>
    <method><![CDATA[book_show]]></method>
  </Request>
  <book>
  <id>10847</id>
  <title><![CDATA[Under the Banner of Heaven: A Story of Violent Faith]]></title>
  <isbn><![CDATA[0330419129]]></isbn>
  <isbn13><![CDATA[9780330419123]]></isbn13>
  <asin><![CDATA[]]></asin>
  <kindle_asin><![CDATA[B00CZCGPUA]]></kindle_asin>
  <marketplace_id><![CDATA[A1F83G8C2ARO7P]]></marketplace_id>
  <country_code><![CDATA[GB]]></country_code>
  <image_url>https://images.gr-assets.com/books/1356441391m/10847.jpg</image_url>
  <small_image_url>https://images.gr-assets.com/books/1356441391s/10847.jpg</small_image_url>
  <publication_year>2004</publication_year>
  <publication_month></publication_month>
  <publication_day></publication_day>
  <publisher>Pan MacMillan</publisher>
  <language_code>eng</language_code>
  <is_ebook>false</is_ebook>
  <description><![CDATA[Jon Krakauer’s literary reputation rests on insightful chronicles of lives conducted at the outer limits. He now shifts his focus from extremes of physical adventure to extremes of religious belief within our own borders, taking readers inside isolated American communities where some 40,000 Mormon Fundamentalists still practice polygamy. Defying both civil authorities and the Mormon establishment in Salt Lake City, the renegade leaders of these Taliban-like theocracies are zealots who answer only to God.<br /><br />At the core of Krakauer’s book are brothers Ron and Dan Lafferty, who insist they received a commandment from God to kill a blameless woman and her baby girl. Beginning with a meticulously researched account of this appalling double murder, Krakauer constructs a multi-layered, bone-chilling narrative of messianic delusion, polygamy, savage violence, and unyielding faith. Along the way he uncovers a shadowy offshoot of America’s fastest growing religion, and raises provocative questions about the nature of religious belief.]]></description>
  <work>
  <id type="integer">1723947</id>
  <books_count type="integer">37</books_count>
  <best_book_id type="integer">10847</best_book_id>
  <reviews_count type="integer">205711</reviews_count>
  <ratings_sum type="integer">493240</ratings_sum>
  <ratings_count type="integer">123843</ratings_count>
  <text_reviews_count type="integer">8952</text_reviews_count>
  <original_publication_year type="integer">2003</original_publication_year>
  <original_publication_month type="integer" nil="true"/>
  <original_publication_day type="integer" nil="true"/>
  <original_title>Under the Banner of Heaven: A Story of Violent Faith</original_title>
  <original_language_id type="integer" nil="true"/>
  <media_type>book</media_type>
  <rating_dist>5:39394|4:52102|3:25126|2:5263|1:1958|total:123843</rating_dist>
  <desc_user_id type="integer">3236194</desc_user_id>
  <default_chaptering_book_id type="integer" nil="true"/>
  <default_description_language_code nil="true"/>
</work>
  <average_rating>3.98</average_rating>
  <num_pages><![CDATA[372]]></num_pages>
  <format><![CDATA[Paperback]]></format>
  <edition_information><![CDATA[]]></edition_information>
  <ratings_count><![CDATA[112299]]></ratings_count>
  <text_reviews_count><![CDATA[7528]]></text_reviews_count>
  <url><![CDATA[https://www.goodreads.com/book/show/10847.Under_the_Banner_of_Heaven]]></url>
  <link><![CDATA[https://www.goodreads.com/book/show/10847.Under_the_Banner_of_Heaven]]></link>
  <authors>
<author>
<id>1235</id>
<name>Jon Krakauer</name>
<role></role>
<image_url nophoto='false'>
<![CDATA[https://images.gr-assets.com/authors/1430856379p5/1235.jpg]]>
</image_url>
<small_image_url nophoto='false'>
<![CDATA[https://images.gr-assets.com/authors/1430856379p2/1235.jpg]]>
</small_image_url>
<link><![CDATA[https://www.goodreads.com/author/show/1235.Jon_Krakauer]]></link>
<average_rating>3.99</average_rating>
<ratings_count>1176807</ratings_count>
<text_reviews_count>45928</text_reviews_count>
</author>
</authors>

    <reviews_widget>
      <![CDATA[
        <style>
  #goodreads-widget {
    font-family: georgia, serif;
    padding: 18px 0;
    width:565px;
  }
  #goodreads-widget h1 {
    font-weight:normal;
    font-size: 16px;
    border-bottom: 1px solid #BBB596;
    margin-bottom: 0;
  }
  #goodreads-widget a {
    text-decoration: none;
    color:#660;
  }
  iframe{
    background-color: #fff;
  }
  #goodreads-widget a:hover { text-decoration: underline; }
  #goodreads-widget a:active {
    color:#660;
  }
  #gr_footer {
    width: 100%;
    border-top: 1px solid #BBB596;
    text-align: right;
  }
  #goodreads-widget .gr_branding{
    color: #382110;
    font-size: 11px;
    text-decoration: none;
    font-family: "Helvetica Neue", Helvetica, Arial, sans-serif;
  }
</style>
<div id="goodreads-widget">
  <div id="gr_header"><h1><a rel="nofollow" href="https://www.goodreads.com/book/show/10847.Under_the_Banner_of_Heaven">Under the Banner of Heaven Reviews</a></h1></div>
  <iframe id="the_iframe" src="https://www.goodreads.com/api/reviews_widget_iframe?did=DEVELOPER_ID&amp;format=html&amp;isbn=0330419129&amp;links=660&amp;min_rating=&amp;review_back=fff&amp;stars=000&amp;text=000" width="565" height="400" frameborder="0"></iframe>
  <div id="gr_footer">
    <a class="gr_branding" target="_blank" rel="nofollow" href="https://www.goodreads.com/book/show/10847.Under_the_Banner_of_Heaven?utm_medium=api&amp;utm_source=reviews_widget">Reviews from Goodreads.com</a>
  </div>
</div>

      ]]>
    </reviews_widget>
  <popular_shelves>
      <shelf name="to-read" count="68881"/>
      <shelf name="non-fiction" count="3465"/>
      <shelf name="currently-reading" count="2773"/>
      <shelf name="nonfiction" count="1489"/>
      <shelf name="religion" count="1084"/>
      <shelf name="history" count="888"/>
      <shelf name="true-crime" count="572"/>
      <shelf name="favorites" count="531"/>
      <shelf name="book-club" count="351"/>
      <shelf name="crime" count="220"/>
      <shelf name="owned" count="143"/>
      <shelf name="books-i-own" count="130"/>
      <shelf name="audiobook" count="124"/>
      <shelf name="library" count="114"/>
      <shelf name="audiobooks" count="114"/>
      <shelf name="audio" count="110"/>
      <shelf name="biography" count="99"/>
      <shelf name="bookclub" count="90"/>
      <shelf name="kindle" count="81"/>
      <shelf name="mormonism" count="75"/>
      <shelf name="journalism" count="73"/>
      <shelf name="abandoned" count="70"/>
      <shelf name="to-buy" count="69"/>
      <shelf name="adult" count="69"/>
      <shelf name="historical" count="66"/>
      <shelf name="mormon" count="66"/>
      <shelf name="american-history" count="63"/>
      <shelf name="polygamy" count="60"/>
      <shelf name="sociology" count="58"/>
      <shelf name="mormons" count="55"/>
      <shelf name="fundamentalism" count="52"/>
      <shelf name="cults" count="52"/>
      <shelf name="religious" count="50"/>
      <shelf name="book-club-books" count="48"/>
      <shelf name="owned-books" count="46"/>
      <shelf name="ebook" count="45"/>
      <shelf name="american" count="43"/>
      <shelf name="did-not-finish" count="41"/>
      <shelf name="default" count="40"/>
      <shelf name="murder" count="40"/>
      <shelf name="didn-t-finish" count="38"/>
      <shelf name="spirituality" count="38"/>
      <shelf name="read-in-2015" count="37"/>
      <shelf name="non-fic" count="37"/>
      <shelf name="audio-book" count="36"/>
      <shelf name="christianity" count="36"/>
      <shelf name="jon-krakauer" count="36"/>
      <shelf name="lds" count="35"/>
      <shelf name="to-read-non-fiction" count="35"/>
      <shelf name="religion-spirituality" count="35"/>
      <shelf name="mystery" count="34"/>
      <shelf name="book-group" count="34"/>
      <shelf name="fiction" count="34"/>
      <shelf name="politics" count="33"/>
      <shelf name="to-read-nonfiction" count="31"/>
      <shelf name="current-events" count="31"/>
      <shelf name="audio-books" count="31"/>
      <shelf name="culture" count="30"/>
      <shelf name="general-non-fiction" count="30"/>
      <shelf name="utah" count="29"/>
      <shelf name="adult-nonfiction" count="28"/>
      <shelf name="audible" count="27"/>
      <shelf name="ebooks" count="27"/>
      <shelf name="faith" count="27"/>
      <shelf name="non-fiction-to-read" count="27"/>
      <shelf name="nonfic" count="27"/>
      <shelf name="america" count="27"/>
      <shelf name="read-in-2012" count="26"/>
      <shelf name="my-library" count="26"/>
      <shelf name="religion-philosophy" count="26"/>
      <shelf name="usa" count="25"/>
      <shelf name="true" count="25"/>
      <shelf name="recommended" count="24"/>
      <shelf name="all-time-favorites" count="24"/>
      <shelf name="unfinished" count="24"/>
      <shelf name="read-in-2016" count="23"/>
      <shelf name="wish-list" count="23"/>
      <shelf name="i-own" count="23"/>
      <shelf name="psychology" count="22"/>
      <shelf name="borrowed" count="22"/>
      <shelf name="never-finished" count="22"/>
      <shelf name="american-west" count="22"/>
      <shelf name="adult-non-fiction" count="22"/>
      <shelf name="philosophy" count="22"/>
      <shelf name="book-club-reads" count="22"/>
      <shelf name="read-in-2017" count="21"/>
      <shelf name="memoir" count="21"/>
      <shelf name="religious-studies" count="21"/>
      <shelf name="theology" count="21"/>
      <shelf name="read-in-2014" count="19"/>
      <shelf name="dnf" count="19"/>
      <shelf name="philosophy-religion" count="19"/>
      <shelf name="own-it" count="19"/>
      <shelf name="2003" count="19"/>
      <shelf name="read-in-2013" count="18"/>
      <shelf name="gave-up-on" count="18"/>
      <shelf name="read-in-2010" count="18"/>
      <shelf name="read-in-2009" count="18"/>
      <shelf name="couldn-t-finish" count="18"/>
      <shelf name="flds" count="18"/>
  </popular_shelves>
  <book_links>
    <book_link>
  <id>8</id>
  <name>Libraries</name>
  <link>https://www.goodreads.com/book_link/follow/8</link>
</book_link>

  </book_links>
  <buy_links>
    <buy_link>
<id>1</id>
<name>Amazon</name>
<link>https://www.goodreads.com/book_link/follow/1</link>
</buy_link>
<buy_link>
<id>10</id>
<name>Audible</name>
<link>https://www.goodreads.com/book_link/follow/10</link>
</buy_link>
<buy_link>
<id>3</id>
<name>Barnes &amp; Noble</name>
<link>https://www.goodreads.com/book_link/follow/3</link>
</buy_link>
<buy_link>
<id>1027</id>
<name>Kobo</name>
<link>https://www.goodreads.com/book_link/follow/1027</link>
</buy_link>
<buy_link>
<id>2102</id>
<name>Apple iBooks</name>
<link>https://www.goodreads.com/book_link/follow/2102</link>
</buy_link>
<buy_link>
<id>8036</id>
<name>Google Play</name>
<link>https://www.goodreads.com/book_link/follow/8036</link>
</buy_link>
<buy_link>
<id>4</id>
<name>Abebooks</name>
<link>https://www.goodreads.com/book_link/follow/4</link>
</buy_link>
<buy_link>
<id>882</id>
<name>Book Depository</name>
<link>https://www.goodreads.com/book_link/follow/882</link>
</buy_link>
<buy_link>
<id>9</id>
<name>Indigo</name>
<link>https://www.goodreads.com/book_link/follow/9</link>
</buy_link>
<buy_link>
<id>2</id>
<name>Half.com</name>
<link>https://www.goodreads.com/book_link/follow/2</link>
</buy_link>
<buy_link>
<id>5</id>
<name>Alibris</name>
<link>https://www.goodreads.com/book_link/follow/5</link>
</buy_link>
<buy_link>
<id>107</id>
<name>Better World Books</name>
<link>https://www.goodreads.com/book_link/follow/107</link>
</buy_link>
<buy_link>
<id>7</id>
<name>IndieBound</name>
<link>https://www.goodreads.com/book_link/follow/7</link>
</buy_link>

  </buy_links>
  <series_works>
    
  </series_works>
  <similar_books>
          <book>
<id>11489698</id>
<title><![CDATA[Prophet's Prey: My Seven-Year Investigation into Warren Jeffs and the Fundamentalist Church of Latter-Day Saints]]></title>
<title_without_series><![CDATA[Prophet's Prey: My Seven-Year Investigation into Warren Jeffs and the Fundamentalist Church of Latter-Day Saints]]></title_without_series>
<link><![CDATA[https://www.goodreads.com/book/show/11489698-prophet-s-prey]]></link>
<small_image_url><![CDATA[https://s.gr-assets.com/assets/nophoto/book/50x75-a91bf249278a81aabab721ef782c4a74.png]]></small_image_url>
<image_url><![CDATA[https://s.gr-assets.com/assets/nophoto/book/111x148-bcc042a9c91a29c1d680899eff700a03.png]]></image_url>
<num_pages></num_pages>
<work>
<id>16424959</id>
</work>
<isbn>160819275X</isbn>
<isbn13>9781608192755</isbn13>
<average_rating>3.91</average_rating>
<ratings_count>3548</ratings_count>
<publication_year></publication_year>
<publication_month></publication_month>
<publication_day></publication_day>
<authors>
<author>
<id>4887133</id>
<name>Sam Brower</name>
<link><![CDATA[https://www.goodreads.com/author/show/4887133.Sam_Brower]]></link>
</author>
</authors>
</book>

          <book>
<id>199065</id>
<title><![CDATA[No Man Knows My History: The Life of Joseph Smith]]></title>
<title_without_series><![CDATA[No Man Knows My History: The Life of Joseph Smith]]></title_without_series>
<link><![CDATA[https://www.goodreads.com/book/show/199065.No_Man_Knows_My_History]]></link>
<small_image_url><![CDATA[https://images.gr-assets.com/books/1462266491s/199065.jpg]]></small_image_url>
<image_url><![CDATA[https://images.gr-assets.com/books/1462266491m/199065.jpg]]></image_url>
<num_pages>576</num_pages>
<work>
<id>192569</id>
</work>
<isbn>0679730540</isbn>
<isbn13>9780679730545</isbn13>
<average_rating>4.06</average_rating>
<ratings_count>2001</ratings_count>
<publication_year>1995</publication_year>
<publication_month>8</publication_month>
<publication_day>1</publication_day>
<authors>
<author>
<id>109692</id>
<name>Fawn M. Brodie</name>
<link><![CDATA[https://www.goodreads.com/author/show/109692.Fawn_M_Brodie]]></link>
</author>
</authors>
</book>

          <book>
<id>606280</id>
<title>The Mountain Meadows Massacre</title>
<title_without_series>The Mountain Meadows Massacre</title_without_series>
<link><![CDATA[https://www.goodreads.com/book/show/606280.The_Mountain_Meadows_Massacre]]></link>
<small_image_url><![CDATA[https://images.gr-assets.com/books/1328815850s/606280.jpg]]></small_image_url>
<image_url><![CDATA[https://images.gr-assets.com/books/1328815850m/606280.jpg]]></image_url>
<num_pages>352</num_pages>
<work>
<id>592826</id>
</work>
<isbn>0806123184</isbn>
<isbn13>9780806123189</isbn13>
<average_rating>3.95</average_rating>
<ratings_count>462</ratings_count>
<publication_year>1991</publication_year>
<publication_month>5</publication_month>
<publication_day>15</publication_day>
<authors>
<author>
<id>261007</id>
<name>Juanita Brooks</name>
<link><![CDATA[https://www.goodreads.com/author/show/261007.Juanita_Brooks]]></link>
</author>
</authors>
</book>

          <book>
<id>755701</id>
<title><![CDATA[An Insider's View of Mormon Origins]]></title>
<title_without_series><![CDATA[An Insider's View of Mormon Origins]]></title_without_series>
<link><![CDATA[https://www.goodreads.com/book/show/755701.An_Insider_s_View_of_Mormon_Origins]]></link>
<small_image_url><![CDATA[https://images.gr-assets.com/books/1359422926s/755701.jpg]]></small_image_url>
<image_url><![CDATA[https://images.gr-assets.com/books/1359422926m/755701.jpg]]></image_url>
<num_pages>296</num_pages>
<work>
<id>741819</id>
</work>
<isbn>1560851570</isbn>
<isbn13>9781560851578</isbn13>
<average_rating>3.94</average_rating>
<ratings_count>612</ratings_count>
<publication_year>2002</publication_year>
<publication_month>11</publication_month>
<publication_day>15</publication_day>
<authors>
<author>
<id>399528</id>
<name>Grant H. Palmer</name>
<link><![CDATA[https://www.goodreads.com/author/show/399528.Grant_H_Palmer]]></link>
</author>
</authors>
</book>

          <book>
<id>3464030</id>
<title><![CDATA[Quiverfull: Inside the Christian Patriarchy Movement]]></title>
<title_without_series><![CDATA[Quiverfull: Inside the Christian Patriarchy Movement]]></title_without_series>
<link><![CDATA[https://www.goodreads.com/book/show/3464030-quiverfull]]></link>
<small_image_url><![CDATA[https://images.gr-assets.com/books/1320430103s/3464030.jpg]]></small_image_url>
<image_url><![CDATA[https://images.gr-assets.com/books/1320430103m/3464030.jpg]]></image_url>
<num_pages>272</num_pages>
<work>
<id>3505315</id>
</work>
<isbn>0807010707</isbn>
<isbn13>9780807010709</isbn13>
<average_rating>3.75</average_rating>
<ratings_count>1136</ratings_count>
<publication_year>2009</publication_year>
<publication_month>3</publication_month>
<publication_day>1</publication_day>
<authors>
<author>
<id>1459231</id>
<name>Kathryn Joyce</name>
<link><![CDATA[https://www.goodreads.com/author/show/1459231.Kathryn_Joyce]]></link>
</author>
</authors>
</book>

          <book>
<id>362685</id>
<title>The Mormon Murders</title>
<title_without_series>The Mormon Murders</title_without_series>
<link><![CDATA[https://www.goodreads.com/book/show/362685.The_Mormon_Murders]]></link>
<small_image_url><![CDATA[https://s.gr-assets.com/assets/nophoto/book/50x75-a91bf249278a81aabab721ef782c4a74.png]]></small_image_url>
<image_url><![CDATA[https://s.gr-assets.com/assets/nophoto/book/111x148-bcc042a9c91a29c1d680899eff700a03.png]]></image_url>
<num_pages>560</num_pages>
<work>
<id>871924</id>
</work>
<isbn>0312934106</isbn>
<isbn13>9780312934101</isbn13>
<average_rating>3.77</average_rating>
<ratings_count>756</ratings_count>
<publication_year>2005</publication_year>
<publication_month>4</publication_month>
<publication_day>5</publication_day>
<authors>
<author>
<id>89509</id>
<name>Steven Naifeh</name>
<link><![CDATA[https://www.goodreads.com/author/show/89509.Steven_Naifeh]]></link>
</author>
</authors>
</book>

          <book>
<id>1335479</id>
<title><![CDATA[Raven: The Untold Story of the Rev. Jim Jones and His People ]]></title>
<title_without_series><![CDATA[Raven: The Untold Story of the Rev. Jim Jones and His People]]></title_without_series>
<link><![CDATA[https://www.goodreads.com/book/show/1335479.Raven]]></link>
<small_image_url><![CDATA[https://images.gr-assets.com/books/1327287932s/1335479.jpg]]></small_image_url>
<image_url><![CDATA[https://images.gr-assets.com/books/1327287932m/1335479.jpg]]></image_url>
<num_pages>622</num_pages>
<work>
<id>1325016</id>
</work>
<isbn>0525241361</isbn>
<isbn13>9780525241362</isbn13>
<average_rating>4.31</average_rating>
<ratings_count>1312</ratings_count>
<publication_year>1982</publication_year>
<publication_month></publication_month>
<publication_day></publication_day>
<authors>
<author>
<id>816954</id>
<name>Tim Reiterman</name>
<link><![CDATA[https://www.goodreads.com/author/show/816954.Tim_Reiterman]]></link>
</author>
</authors>
</book>

          <book>
<id>1948003</id>
<title><![CDATA[The Great Derangement: A Terrifying True Story of War, Politics, and Religion at the Twilight of the American Empire]]></title>
<title_without_series><![CDATA[The Great Derangement: A Terrifying True Story of War, Politics, and Religion at the Twilight of the American Empire]]></title_without_series>
<link><![CDATA[https://www.goodreads.com/book/show/1948003.The_Great_Derangement]]></link>
<small_image_url><![CDATA[https://images.gr-assets.com/books/1371543090s/1948003.jpg]]></small_image_url>
<image_url><![CDATA[https://images.gr-assets.com/books/1371543090m/1948003.jpg]]></image_url>
<num_pages>281</num_pages>
<work>
<id>1950828</id>
</work>
<isbn>0385520344</isbn>
<isbn13>9780385520348</isbn13>
<average_rating>3.94</average_rating>
<ratings_count>3025</ratings_count>
<publication_year></publication_year>
<publication_month></publication_month>
<publication_day></publication_day>
<authors>
<author>
<id>34394</id>
<name>Matt Taibbi</name>
<link><![CDATA[https://www.goodreads.com/author/show/34394.Matt_Taibbi]]></link>
</author>
</authors>
</book>

          <book>
<id>6114317</id>
<title><![CDATA[Cult Insanity: A Memoir of Polygamy, Prophets, and Blood Atonement]]></title>
<title_without_series><![CDATA[Cult Insanity: A Memoir of Polygamy, Prophets, and Blood Atonement]]></title_without_series>
<link><![CDATA[https://www.goodreads.com/book/show/6114317-cult-insanity]]></link>
<small_image_url><![CDATA[https://s.gr-assets.com/assets/nophoto/book/50x75-a91bf249278a81aabab721ef782c4a74.png]]></small_image_url>
<image_url><![CDATA[https://s.gr-assets.com/assets/nophoto/book/111x148-bcc042a9c91a29c1d680899eff700a03.png]]></image_url>
<num_pages>330</num_pages>
<work>
<id>6292342</id>
</work>
<isbn>0446538191</isbn>
<isbn13>9780446538190</isbn13>
<average_rating>3.65</average_rating>
<ratings_count>945</ratings_count>
<publication_year></publication_year>
<publication_month></publication_month>
<publication_day></publication_day>
<authors>
<author>
<id>160735</id>
<name>Irene Spencer</name>
<link><![CDATA[https://www.goodreads.com/author/show/160735.Irene_Spencer]]></link>
</author>
</authors>
</book>

          <book>
<id>554986</id>
<title><![CDATA[The Family: The Secret Fundamentalism at the Heart of American Power]]></title>
<title_without_series><![CDATA[The Family: The Secret Fundamentalism at the Heart of American Power]]></title_without_series>
<link><![CDATA[https://www.goodreads.com/book/show/554986.The_Family]]></link>
<small_image_url><![CDATA[https://images.gr-assets.com/books/1370307953s/554986.jpg]]></small_image_url>
<image_url><![CDATA[https://images.gr-assets.com/books/1370307953m/554986.jpg]]></image_url>
<num_pages>454</num_pages>
<work>
<id>542198</id>
</work>
<isbn>0060559799</isbn>
<isbn13>9780060559793</isbn13>
<average_rating>3.78</average_rating>
<ratings_count>2666</ratings_count>
<publication_year>2008</publication_year>
<publication_month>5</publication_month>
<publication_day>20</publication_day>
<authors>
<author>
<id>251474</id>
<name>Jeff Sharlet</name>
<link><![CDATA[https://www.goodreads.com/author/show/251474.Jeff_Sharlet]]></link>
</author>
</authors>
</book>

          <book>
<id>252624</id>
<title><![CDATA[Secret Ceremonies: A Mormon Woman's Intimate Diary of Marriage and Beyond]]></title>
<title_without_series><![CDATA[Secret Ceremonies: A Mormon Woman's Intimate Diary of Marriage and Beyond]]></title_without_series>
<link><![CDATA[https://www.goodreads.com/book/show/252624.Secret_Ceremonies]]></link>
<small_image_url><![CDATA[https://s.gr-assets.com/assets/nophoto/book/50x75-a91bf249278a81aabab721ef782c4a74.png]]></small_image_url>
<image_url><![CDATA[https://s.gr-assets.com/assets/nophoto/book/111x148-bcc042a9c91a29c1d680899eff700a03.png]]></image_url>
<num_pages>384</num_pages>
<work>
<id>244800</id>
</work>
<isbn>0440217806</isbn>
<isbn13>9780440217800</isbn13>
<average_rating>3.33</average_rating>
<ratings_count>763</ratings_count>
<publication_year>1994</publication_year>
<publication_month>3</publication_month>
<publication_day>5</publication_day>
<authors>
<author>
<id>95532</id>
<name>Deborah Laake</name>
<link><![CDATA[https://www.goodreads.com/author/show/95532.Deborah_Laake]]></link>
</author>
</authors>
</book>

          <book>
<id>1179665</id>
<title><![CDATA[Early Mormonism and the Magic World View]]></title>
<title_without_series><![CDATA[Early Mormonism and the Magic World View]]></title_without_series>
<link><![CDATA[https://www.goodreads.com/book/show/1179665.Early_Mormonism_and_the_Magic_World_View]]></link>
<small_image_url><![CDATA[https://images.gr-assets.com/books/1358992871s/1179665.jpg]]></small_image_url>
<image_url><![CDATA[https://images.gr-assets.com/books/1358992871m/1179665.jpg]]></image_url>
<num_pages>730</num_pages>
<work>
<id>1167482</id>
</work>
<isbn>1560850892</isbn>
<isbn13>9781560850892</isbn13>
<average_rating>4.01</average_rating>
<ratings_count>329</ratings_count>
<publication_year>1998</publication_year>
<publication_month>12</publication_month>
<publication_day>15</publication_day>
<authors>
<author>
<id>286352</id>
<name>D. Michael Quinn</name>
<link><![CDATA[https://www.goodreads.com/author/show/286352.D_Michael_Quinn]]></link>
</author>
</authors>
</book>

          <book>
<id>539185</id>
<title><![CDATA[American Massacre: The Tragedy at Mountain Meadows, September 1857]]></title>
<title_without_series><![CDATA[American Massacre: The Tragedy at Mountain Meadows, September 1857]]></title_without_series>
<link><![CDATA[https://www.goodreads.com/book/show/539185.American_Massacre]]></link>
<small_image_url><![CDATA[https://images.gr-assets.com/books/1320451442s/539185.jpg]]></small_image_url>
<image_url><![CDATA[https://images.gr-assets.com/books/1320451442m/539185.jpg]]></image_url>
<num_pages>352</num_pages>
<work>
<id>526572</id>
</work>
<isbn>0375726365</isbn>
<isbn13>9780375726361</isbn13>
<average_rating>3.89</average_rating>
<ratings_count>344</ratings_count>
<publication_year>2004</publication_year>
<publication_month>9</publication_month>
<publication_day>14</publication_day>
<authors>
<author>
<id>100283</id>
<name>Sally Denton</name>
<link><![CDATA[https://www.goodreads.com/author/show/100283.Sally_Denton]]></link>
</author>
</authors>
</book>

          <book>
<id>192825</id>
<title><![CDATA[Blood of the Prophets: Brigham Young and the Massacre at Mountain Meadows]]></title>
<title_without_series><![CDATA[Blood of the Prophets: Brigham Young and the Massacre at Mountain Meadows]]></title_without_series>
<link><![CDATA[https://www.goodreads.com/book/show/192825.Blood_of_the_Prophets]]></link>
<small_image_url><![CDATA[https://s.gr-assets.com/assets/nophoto/book/50x75-a91bf249278a81aabab721ef782c4a74.png]]></small_image_url>
<image_url><![CDATA[https://s.gr-assets.com/assets/nophoto/book/111x148-bcc042a9c91a29c1d680899eff700a03.png]]></image_url>
<num_pages>544</num_pages>
<work>
<id>526573</id>
</work>
<isbn>0806136391</isbn>
<isbn13>9780806136394</isbn13>
<average_rating>3.86</average_rating>
<ratings_count>261</ratings_count>
<publication_year>2004</publication_year>
<publication_month>9</publication_month>
<publication_day>1</publication_day>
<authors>
<author>
<id>112333</id>
<name>Will Bagley</name>
<link><![CDATA[https://www.goodreads.com/author/show/112333.Will_Bagley]]></link>
</author>
</authors>
</book>

          <book>
<id>16142053</id>
<title><![CDATA[Going Clear: Scientology, Hollywood, and the Prison of Belief]]></title>
<title_without_series><![CDATA[Going Clear: Scientology, Hollywood, and the Prison of Belief]]></title_without_series>
<link><![CDATA[https://www.goodreads.com/book/show/16142053-going-clear]]></link>
<small_image_url><![CDATA[https://images.gr-assets.com/books/1358119149s/16142053.jpg]]></small_image_url>
<image_url><![CDATA[https://images.gr-assets.com/books/1358119149m/16142053.jpg]]></image_url>
<num_pages>430</num_pages>
<work>
<id>21973918</id>
</work>
<isbn>0307700666</isbn>
<isbn13>9780307700667</isbn13>
<average_rating>4.02</average_rating>
<ratings_count>30530</ratings_count>
<publication_year>2013</publication_year>
<publication_month>1</publication_month>
<publication_day>17</publication_day>
<authors>
<author>
<id>4258</id>
<name>Lawrence Wright</name>
<link><![CDATA[https://www.goodreads.com/author/show/4258.Lawrence_Wright]]></link>
</author>
</authors>
</book>

          <book>
<id>2336862</id>
<title><![CDATA[Rapture Ready!: Adventures in the Parallel Universe of Christian Pop Culture]]></title>
<title_without_series><![CDATA[Rapture Ready!: Adventures in the Parallel Universe of Christian Pop Culture]]></title_without_series>
<link><![CDATA[https://www.goodreads.com/book/show/2336862.Rapture_Ready_]]></link>
<small_image_url><![CDATA[https://s.gr-assets.com/assets/nophoto/book/50x75-a91bf249278a81aabab721ef782c4a74.png]]></small_image_url>
<image_url><![CDATA[https://s.gr-assets.com/assets/nophoto/book/111x148-bcc042a9c91a29c1d680899eff700a03.png]]></image_url>
<num_pages>310</num_pages>
<work>
<id>2343541</id>
</work>
<isbn>0743297709</isbn>
<isbn13>9780743297707</isbn13>
<average_rating>3.94</average_rating>
<ratings_count>1214</ratings_count>
<publication_year></publication_year>
<publication_month></publication_month>
<publication_day></publication_day>
<authors>
<author>
<id>1049145</id>
<name>Daniel Radosh</name>
<link><![CDATA[https://www.goodreads.com/author/show/1049145.Daniel_Radosh]]></link>
</author>
</authors>
</book>

          <book>
<id>10091466</id>
<title><![CDATA[Inside Scientology: The Story of America's Most Secretive Religion]]></title>
<title_without_series><![CDATA[Inside Scientology: The Story of America's Most Secretive Religion]]></title_without_series>
<link><![CDATA[https://www.goodreads.com/book/show/10091466-inside-scientology]]></link>
<small_image_url><![CDATA[https://s.gr-assets.com/assets/nophoto/book/50x75-a91bf249278a81aabab721ef782c4a74.png]]></small_image_url>
<image_url><![CDATA[https://s.gr-assets.com/assets/nophoto/book/111x148-bcc042a9c91a29c1d680899eff700a03.png]]></image_url>
<num_pages>444</num_pages>
<work>
<id>14988434</id>
</work>
<isbn>0618883029</isbn>
<isbn13>9780618883028</isbn13>
<average_rating>3.85</average_rating>
<ratings_count>7751</ratings_count>
<publication_year></publication_year>
<publication_month></publication_month>
<publication_day></publication_day>
<authors>
<author>
<id>4550200</id>
<name>Janet Reitman</name>
<link><![CDATA[https://www.goodreads.com/author/show/4550200.Janet_Reitman]]></link>
</author>
</authors>
</book>

          <book>
<id>15926749</id>
<title><![CDATA[Pilgrim's Wilderness: A True Story of Faith and Madness on the Alaska Frontier]]></title>
<title_without_series><![CDATA[Pilgrim's Wilderness: A True Story of Faith and Madness on the Alaska Frontier]]></title_without_series>
<link><![CDATA[https://www.goodreads.com/book/show/15926749-pilgrim-s-wilderness]]></link>
<small_image_url><![CDATA[https://images.gr-assets.com/books/1361863875s/15926749.jpg]]></small_image_url>
<image_url><![CDATA[https://images.gr-assets.com/books/1361863875m/15926749.jpg]]></image_url>
<num_pages>292</num_pages>
<work>
<id>22548687</id>
</work>
<isbn>0307587827</isbn>
<isbn13>9780307587824</isbn13>
<average_rating>3.72</average_rating>
<ratings_count>4698</ratings_count>
<publication_year>2013</publication_year>
<publication_month>7</publication_month>
<publication_day>16</publication_day>
<authors>
<author>
<id>777285</id>
<name>Tom Kizzia</name>
<link><![CDATA[https://www.goodreads.com/author/show/777285.Tom_Kizzia]]></link>
</author>
</authors>
</book>

  </similar_books>
</book>

</GoodreadsResponse>