<?xml version="1.0" encoding="UTF-8"?>
<GoodreadsResponse>
  <Request>
    <authentication>true</authentication>
      <key><![CDATA[all_men_must_serve]]></key>
    <method><![CDATA[book_show]]></method>
  </Request>
  <book>
  <id>10843036</id>
  <title><![CDATA[Perfect Shadow (Night Angel, #0.5)]]></title>
  <isbn><![CDATA[0316196487]]></isbn>
  <isbn13><![CDATA[9780316196482]]></isbn13>
  <asin><![CDATA[]]></asin>
  <kindle_asin><![CDATA[]]></kindle_asin>
  <marketplace_id><![CDATA[]]></marketplace_id>
  <country_code><![CDATA[GB]]></country_code>
  <image_url>https://images.gr-assets.com/books/1360569222m/10843036.jpg</image_url>
  <small_image_url>https://images.gr-assets.com/books/1360569222s/10843036.jpg</small_image_url>
  <publication_year>2011</publication_year>
  <publication_month>6</publication_month>
  <publication_day>1</publication_day>
  <publisher>Orbit</publisher>
  <language_code>eng</language_code>
  <is_ebook>true</is_ebook>
  <description><![CDATA[Discover the origins of Durzo Blint in this original novella set in the world of Brent Weeks' <i>New York Times</i> bestselling Night Angel trilogy.<br /><br />"I got a bit of prophecy," the old assassin said. "Not enough to be useful, you know. Just glimpses. My wife dead, things like that to keep me up late at night. I had this vision that I was going to be killed by forty men, all at once. But now that you're here, I see they're all you. Durzo Blint."<br /><br />Durzo Blint? Gaelan had never even heard the name.<br /><br />***<br />Gaelan Starfire is a farmer, happy to be a husband and a father; a careful, quiet, simple man. He's also an immortal, peerless in the arts of war. Over the centuries, he's worn many faces to hide his gift, but he is a man ill-fit for obscurity, and all too often he's become a hero, his very names passing into legend: Acaelus Thorne, Yric the Black, Hrothan Steelbender, Tal Drakkan, Rebus Nimble.<br /><br />But when Gaelan must take a job hunting down the world's finest assassins for the beautiful courtesan-and-crimelord Gwinvere Kirena, what he finds may destroy everything he's ever believed in.<br /><br />Word count: ~17,000<br />]]></description>
  <work>
  <id type="integer">15757439</id>
  <books_count type="integer">18</books_count>
  <best_book_id type="integer">10843036</best_book_id>
  <reviews_count type="integer">19364</reviews_count>
  <ratings_sum type="integer">45350</ratings_sum>
  <ratings_count type="integer">10854</ratings_count>
  <text_reviews_count type="integer">312</text_reviews_count>
  <original_publication_year type="integer">2011</original_publication_year>
  <original_publication_month type="integer">12</original_publication_month>
  <original_publication_day type="integer" nil="true"/>
  <original_title>Perfect Shadow</original_title>
  <original_language_id type="integer" nil="true"/>
  <media_type>book</media_type>
  <rating_dist>5:4573|4:4017|3:1944|2:265|1:55|total:10854</rating_dist>
  <desc_user_id type="integer">-9</desc_user_id>
  <default_chaptering_book_id type="integer" nil="true"/>
  <default_description_language_code nil="true"/>
</work>
  <average_rating>4.18</average_rating>
  <num_pages><![CDATA[70]]></num_pages>
  <format><![CDATA[ebook]]></format>
  <edition_information><![CDATA[]]></edition_information>
  <ratings_count><![CDATA[9037]]></ratings_count>
  <text_reviews_count><![CDATA[266]]></text_reviews_count>
  <url><![CDATA[https://www.goodreads.com/book/show/10843036-perfect-shadow]]></url>
  <link><![CDATA[https://www.goodreads.com/book/show/10843036-perfect-shadow]]></link>
  <authors>
<author>
<id>1370283</id>
<name>Brent Weeks</name>
<role></role>
<image_url nophoto='false'>
<![CDATA[https://images.gr-assets.com/authors/1232012513p5/1370283.jpg]]>
</image_url>
<small_image_url nophoto='false'>
<![CDATA[https://images.gr-assets.com/authors/1232012513p2/1370283.jpg]]>
</small_image_url>
<link><![CDATA[https://www.goodreads.com/author/show/1370283.Brent_Weeks]]></link>
<average_rating>4.28</average_rating>
<ratings_count>445037</ratings_count>
<text_reviews_count>15264</text_reviews_count>
</author>
</authors>

    <reviews_widget>
      <![CDATA[
        <style>
  #goodreads-widget {
    font-family: georgia, serif;
    padding: 18px 0;
    width:565px;
  }
  #goodreads-widget h1 {
    font-weight:normal;
    font-size: 16px;
    border-bottom: 1px solid #BBB596;
    margin-bottom: 0;
  }
  #goodreads-widget a {
    text-decoration: none;
    color:#660;
  }
  iframe{
    background-color: #fff;
  }
  #goodreads-widget a:hover { text-decoration: underline; }
  #goodreads-widget a:active {
    color:#660;
  }
  #gr_footer {
    width: 100%;
    border-top: 1px solid #BBB596;
    text-align: right;
  }
  #goodreads-widget .gr_branding{
    color: #382110;
    font-size: 11px;
    text-decoration: none;
    font-family: "Helvetica Neue", Helvetica, Arial, sans-serif;
  }
</style>
<div id="goodreads-widget">
  <div id="gr_header"><h1><a rel="nofollow" href="https://www.goodreads.com/book/show/10843036-perfect-shadow">Perfect Shadow Reviews</a></h1></div>
  <iframe id="the_iframe" src="https://www.goodreads.com/api/reviews_widget_iframe?did=DEVELOPER_ID&amp;format=html&amp;isbn=0316196487&amp;links=660&amp;min_rating=&amp;review_back=fff&amp;stars=000&amp;text=000" width="565" height="400" frameborder="0"></iframe>
  <div id="gr_footer">
    <a class="gr_branding" target="_blank" rel="nofollow" href="https://www.goodreads.com/book/show/10843036-perfect-shadow?utm_medium=api&amp;utm_source=reviews_widget">Reviews from Goodreads.com</a>
  </div>
</div>

      ]]>
    </reviews_widget>
  <popular_shelves>
      <shelf name="to-read" count="324"/>
      <shelf name="currently-reading" count="92"/>
      <shelf name="kindle" count="46"/>
      <shelf name="fiction" count="44"/>
      <shelf name="owned" count="30"/>
      <shelf name="night-angel" count="29"/>
      <shelf name="short-stories" count="23"/>
      <shelf name="high-fantasy" count="21"/>
      <shelf name="fantasy" count="20"/>
      <shelf name="assassins" count="20"/>
      <shelf name="assassin" count="17"/>
      <shelf name="novella" count="17"/>
      <shelf name="to-buy" count="15"/>
      <shelf name="novellas" count="14"/>
      <shelf name="audiobook" count="13"/>
      <shelf name="series" count="13"/>
      <shelf name="e-books" count="10"/>
      <shelf name="wish-list" count="9"/>
      <shelf name="action" count="8"/>
      <shelf name="default" count="8"/>
      <shelf name="books-i-own" count="8"/>
      <shelf name="gritty-fantasy" count="8"/>
      <shelf name="short-story" count="8"/>
      <shelf name="to-read-fantasy" count="7"/>
      <shelf name="audiobooks" count="7"/>
      <shelf name="fantasy-sci-fi" count="7"/>
      <shelf name="audible" count="7"/>
      <shelf name="epic" count="7"/>
      <shelf name="books" count="6"/>
      <shelf name="library" count="6"/>
      <shelf name="prequel" count="6"/>
      <shelf name="audio" count="6"/>
      <shelf name="sci-fi-fantasy" count="6"/>
      <shelf name="epic-high-fantasy" count="5"/>
      <shelf name="short" count="5"/>
      <shelf name="calibre" count="5"/>
      <shelf name="short-fiction" count="5"/>
      <shelf name="my-ebooks" count="5"/>
      <shelf name="adult" count="5"/>
      <shelf name="maybe" count="5"/>
      <shelf name="nook" count="5"/>
      <shelf name="audio-book" count="5"/>
      <shelf name="want" count="4"/>
      <shelf name="grimdark" count="4"/>
      <shelf name="need-to-buy" count="4"/>
      <shelf name="to-get" count="4"/>
      <shelf name="own-ebook" count="4"/>
      <shelf name="own-kindle" count="4"/>
      <shelf name="fantasy-read" count="4"/>
      <shelf name="want-to-buy" count="4"/>
      <shelf name="have" count="4"/>
      <shelf name="owned-books" count="4"/>
      <shelf name="good-fantasy" count="4"/>
      <shelf name="kobo" count="4"/>
      <shelf name="heroic-fantasy" count="4"/>
      <shelf name="magic" count="3"/>
      <shelf name="weeks-brent" count="3"/>
      <shelf name="shelfari-wishlist" count="3"/>
      <shelf name="wanted" count="3"/>
      <shelf name="novella-short-story" count="3"/>
      <shelf name="read-in-2015" count="3"/>
      <shelf name="read-2015" count="3"/>
      <shelf name="best" count="3"/>
      <shelf name="digital" count="3"/>
      <shelf name="paranormal" count="3"/>
      <shelf name="male-author" count="3"/>
      <shelf name="sci-fi-and-fantasy" count="3"/>
      <shelf name="sequels" count="3"/>
      <shelf name="part-of-a-series" count="3"/>
      <shelf name="fantasy-high" count="3"/>
      <shelf name="favorite-authors" count="3"/>
      <shelf name="abandoned" count="3"/>
      <shelf name="science-fiction" count="3"/>
      <shelf name="science-fiction-fantasy" count="3"/>
      <shelf name="weeks" count="3"/>
      <shelf name="dark" count="3"/>
      <shelf name="read-in-2012" count="3"/>
      <shelf name="kindle-books" count="3"/>
      <shelf name="completed-series" count="3"/>
      <shelf name="young-adult" count="3"/>
      <shelf name="listened" count="3"/>
      <shelf name="2011-reads" count="3"/>
      <shelf name="fantasy-epic" count="3"/>
      <shelf name="scifi-fantasy" count="3"/>
      <shelf name="favorites" count="2"/>
      <shelf name="kindle-ebooks" count="2"/>
      <shelf name="1" count="2"/>
      <shelf name="night-angel-trilogy" count="2"/>
      <shelf name="scifi" count="2"/>
      <shelf name="pub2011" count="2"/>
      <shelf name="g_fantasy" count="2"/>
      <shelf name="fantasia" count="2"/>
      <shelf name="recommended" count="2"/>
      <shelf name="owned-ebook" count="2"/>
      <shelf name="brent-weeks-night-angel" count="2"/>
      <shelf name="shelfari-favorites" count="2"/>
      <shelf name="own-digital" count="2"/>
      <shelf name="2016-reading-challenge" count="2"/>
      <shelf name="series-night-angel" count="2"/>
      <shelf name="medieval" count="2"/>
  </popular_shelves>
  <book_links>
    <book_link>
  <id>8</id>
  <name>Libraries</name>
  <link>https://www.goodreads.com/book_link/follow/8</link>
</book_link>

  </book_links>
  <buy_links>
    <buy_link>
<id>1</id>
<name>Amazon</name>
<link>https://www.goodreads.com/book_link/follow/1</link>
</buy_link>
<buy_link>
<id>10</id>
<name>Audible</name>
<link>https://www.goodreads.com/book_link/follow/10</link>
</buy_link>
<buy_link>
<id>3</id>
<name>Barnes &amp; Noble</name>
<link>https://www.goodreads.com/book_link/follow/3</link>
</buy_link>
<buy_link>
<id>1027</id>
<name>Kobo</name>
<link>https://www.goodreads.com/book_link/follow/1027</link>
</buy_link>
<buy_link>
<id>2102</id>
<name>Apple iBooks</name>
<link>https://www.goodreads.com/book_link/follow/2102</link>
</buy_link>
<buy_link>
<id>8036</id>
<name>Google Play</name>
<link>https://www.goodreads.com/book_link/follow/8036</link>
</buy_link>
<buy_link>
<id>4</id>
<name>Abebooks</name>
<link>https://www.goodreads.com/book_link/follow/4</link>
</buy_link>
<buy_link>
<id>882</id>
<name>Book Depository</name>
<link>https://www.goodreads.com/book_link/follow/882</link>
</buy_link>
<buy_link>
<id>9</id>
<name>Indigo</name>
<link>https://www.goodreads.com/book_link/follow/9</link>
</buy_link>
<buy_link>
<id>2</id>
<name>Half.com</name>
<link>https://www.goodreads.com/book_link/follow/2</link>
</buy_link>
<buy_link>
<id>5</id>
<name>Alibris</name>
<link>https://www.goodreads.com/book_link/follow/5</link>
</buy_link>
<buy_link>
<id>107</id>
<name>Better World Books</name>
<link>https://www.goodreads.com/book_link/follow/107</link>
</buy_link>
<buy_link>
<id>7</id>
<name>IndieBound</name>
<link>https://www.goodreads.com/book_link/follow/7</link>
</buy_link>

  </buy_links>
  <series_works>
    <series_work>
<id>253531</id>
<user_position>0.5</user_position>
<series>
<id>45765</id>
<title>
<![CDATA[
    Night Angel
]]>
</title>
<description>
<![CDATA[
    The whole series is comprised of one story.
    
    Series also known as:
    <i>* L'angelo della notte [Italian]
    * Die Schatten Trilogie [German]
    * L'Ange de la nuit [French]
    * El ángel de la noche [Spanish]</i>
]]>
</description>
<note>
<![CDATA[
]]>
</note>
<series_works_count>12</series_works_count>
<primary_work_count>3</primary_work_count>
<numbered>true</numbered>
</series>

</series_work>

  </series_works>
  <similar_books>
          <book>
<id>6927748</id>
<title><![CDATA[The Great Bazaar and Other Stories (Demon Cycle, #1.6)]]></title>
<title_without_series><![CDATA[The Great Bazaar and Other Stories]]></title_without_series>
<link><![CDATA[https://www.goodreads.com/book/show/6927748-the-great-bazaar-and-other-stories]]></link>
<small_image_url><![CDATA[https://s.gr-assets.com/assets/nophoto/book/50x75-a91bf249278a81aabab721ef782c4a74.png]]></small_image_url>
<image_url><![CDATA[https://s.gr-assets.com/assets/nophoto/book/111x148-bcc042a9c91a29c1d680899eff700a03.png]]></image_url>
<num_pages>101</num_pages>
<work>
<id>7157817</id>
</work>
<isbn>1596062894</isbn>
<isbn13>9781596062894</isbn13>
<average_rating>3.97</average_rating>
<ratings_count>3641</ratings_count>
<publication_year>2010</publication_year>
<publication_month>1</publication_month>
<publication_day>1</publication_day>
<authors>
<author>
<id>1405152</id>
<name>Peter V. Brett</name>
<link><![CDATA[https://www.goodreads.com/author/show/1405152.Peter_V_Brett]]></link>
</author>
</authors>
</book>

          <book>
<id>12928605</id>
<title>A Dance of Death</title>
<title_without_series>A Dance of Death</title_without_series>
<link><![CDATA[https://www.goodreads.com/book/show/12928605-a-dance-of-death]]></link>
<small_image_url><![CDATA[https://images.gr-assets.com/books/1362091666s/12928605.jpg]]></small_image_url>
<image_url><![CDATA[https://images.gr-assets.com/books/1362091666m/12928605.jpg]]></image_url>
<num_pages>330</num_pages>
<work>
<id>18084263</id>
</work>
<isbn></isbn>
<isbn13></isbn13>
<average_rating>4.06</average_rating>
<ratings_count>4039</ratings_count>
<publication_year>2011</publication_year>
<publication_month>10</publication_month>
<publication_day>19</publication_day>
<authors>
<author>
<id>3399559</id>
<name>David Dalglish</name>
<link><![CDATA[https://www.goodreads.com/author/show/3399559.David_Dalglish]]></link>
</author>
</authors>
</book>

          <book>
<id>10215337</id>
<title><![CDATA[A Blight of Mages (Kingmaker, Kingbreaker, #0)]]></title>
<title_without_series>A Blight of Mages</title_without_series>
<link><![CDATA[https://www.goodreads.com/book/show/10215337-a-blight-of-mages]]></link>
<small_image_url><![CDATA[https://images.gr-assets.com/books/1344269897s/10215337.jpg]]></small_image_url>
<image_url><![CDATA[https://images.gr-assets.com/books/1344269897m/10215337.jpg]]></image_url>
<num_pages></num_pages>
<work>
<id>15114900</id>
</work>
<isbn>031602922X</isbn>
<isbn13>9780316029223</isbn13>
<average_rating>3.85</average_rating>
<ratings_count>2307</ratings_count>
<publication_year></publication_year>
<publication_month></publication_month>
<publication_day></publication_day>
<authors>
<author>
<id>87306</id>
<name>Karen Miller</name>
<link><![CDATA[https://www.goodreads.com/author/show/87306.Karen_Miller]]></link>
</author>
</authors>
</book>

          <book>
<id>12746970</id>
<title><![CDATA[The Viscount and the Witch (Riyria Chronicles, #1.5)]]></title>
<title_without_series>The Viscount and the Witch</title_without_series>
<link><![CDATA[https://www.goodreads.com/book/show/12746970-the-viscount-and-the-witch]]></link>
<small_image_url><![CDATA[https://images.gr-assets.com/books/1317247388s/12746970.jpg]]></small_image_url>
<image_url><![CDATA[https://images.gr-assets.com/books/1317247388m/12746970.jpg]]></image_url>
<num_pages>43</num_pages>
<work>
<id>17886928</id>
</work>
<isbn></isbn>
<isbn13>2940013348295</isbn13>
<average_rating>4.19</average_rating>
<ratings_count>3707</ratings_count>
<publication_year>2011</publication_year>
<publication_month>10</publication_month>
<publication_day>1</publication_day>
<authors>
<author>
<id>2063919</id>
<name>Michael J. Sullivan</name>
<link><![CDATA[https://www.goodreads.com/author/show/2063919.Michael_J_Sullivan]]></link>
</author>
</authors>
</book>

          <book>
<id>8752907</id>
<title><![CDATA[Shadow's Master (Shadow Saga, #3)]]></title>
<title_without_series>Shadow&apos;s Master</title_without_series>
<link><![CDATA[https://www.goodreads.com/book/show/8752907-shadow-s-master]]></link>
<small_image_url><![CDATA[https://images.gr-assets.com/books/1331553525s/8752907.jpg]]></small_image_url>
<image_url><![CDATA[https://images.gr-assets.com/books/1331553525m/8752907.jpg]]></image_url>
<num_pages>390</num_pages>
<work>
<id>13626132</id>
</work>
<isbn>1616146052</isbn>
<isbn13>9781616146054</isbn13>
<average_rating>3.72</average_rating>
<ratings_count>1284</ratings_count>
<publication_year>2012</publication_year>
<publication_month>3</publication_month>
<publication_day>27</publication_day>
<authors>
<author>
<id>2915851</id>
<name>Jon Sprunk</name>
<link><![CDATA[https://www.goodreads.com/author/show/2915851.Jon_Sprunk]]></link>
</author>
</authors>
</book>

          <book>
<id>18139131</id>
<title><![CDATA[The Girl of Hrusch Avenue (Powder Mage, #0.5)]]></title>
<title_without_series>The Girl of Hrusch Avenue</title_without_series>
<link><![CDATA[https://www.goodreads.com/book/show/18139131-the-girl-of-hrusch-avenue]]></link>
<small_image_url><![CDATA[https://images.gr-assets.com/books/1372555304s/18139131.jpg]]></small_image_url>
<image_url><![CDATA[https://images.gr-assets.com/books/1372555304m/18139131.jpg]]></image_url>
<num_pages>29</num_pages>
<work>
<id>25482930</id>
</work>
<isbn></isbn>
<isbn13></isbn13>
<average_rating>3.94</average_rating>
<ratings_count>1938</ratings_count>
<publication_year>2013</publication_year>
<publication_month>6</publication_month>
<publication_day>28</publication_day>
<authors>
<author>
<id>6524620</id>
<name>Brian  McClellan</name>
<link><![CDATA[https://www.goodreads.com/author/show/6524620.Brian_McClellan]]></link>
</author>
</authors>
</book>

          <book>
<id>12796771</id>
<title><![CDATA[Awakening (Infinity Blade, #1)]]></title>
<title_without_series>Awakening</title_without_series>
<link><![CDATA[https://www.goodreads.com/book/show/12796771-awakening]]></link>
<small_image_url><![CDATA[https://images.gr-assets.com/books/1317807229s/12796771.jpg]]></small_image_url>
<image_url><![CDATA[https://images.gr-assets.com/books/1317807229m/12796771.jpg]]></image_url>
<num_pages>128</num_pages>
<work>
<id>17944957</id>
</work>
<isbn></isbn>
<isbn13></isbn13>
<average_rating>3.85</average_rating>
<ratings_count>7312</ratings_count>
<publication_year>2011</publication_year>
<publication_month>10</publication_month>
<publication_day>3</publication_day>
<authors>
<author>
<id>38550</id>
<name>Brandon Sanderson</name>
<link><![CDATA[https://www.goodreads.com/author/show/38550.Brandon_Sanderson]]></link>
</author>
</authors>
</book>

          <book>
<id>18191856</id>
<title><![CDATA[The Penitent Damned (The Shadow Campaigns #0.5)]]></title>
<title_without_series>The Penitent Damned</title_without_series>
<link><![CDATA[https://www.goodreads.com/book/show/18191856-the-penitent-damned]]></link>
<small_image_url><![CDATA[https://images.gr-assets.com/books/1377401975s/18191856.jpg]]></small_image_url>
<image_url><![CDATA[https://images.gr-assets.com/books/1377401975m/18191856.jpg]]></image_url>
<num_pages>20</num_pages>
<work>
<id>25596112</id>
</work>
<isbn></isbn>
<isbn13></isbn13>
<average_rating>3.76</average_rating>
<ratings_count>1151</ratings_count>
<publication_year>2013</publication_year>
<publication_month>6</publication_month>
<publication_day>17</publication_day>
<authors>
<author>
<id>639491</id>
<name>Django Wexler</name>
<link><![CDATA[https://www.goodreads.com/author/show/639491.Django_Wexler]]></link>
</author>
</authors>
</book>

          <book>
<id>13839194</id>
<title><![CDATA[The Archmage Unbound (Mageborn, #3)]]></title>
<title_without_series>The Archmage Unbound</title_without_series>
<link><![CDATA[https://www.goodreads.com/book/show/13839194-the-archmage-unbound]]></link>
<small_image_url><![CDATA[https://images.gr-assets.com/books/1337347215s/13839194.jpg]]></small_image_url>
<image_url><![CDATA[https://images.gr-assets.com/books/1337347215m/13839194.jpg]]></image_url>
<num_pages>545</num_pages>
<work>
<id>19473888</id>
</work>
<isbn></isbn>
<isbn13></isbn13>
<average_rating>4.17</average_rating>
<ratings_count>6373</ratings_count>
<publication_year>2012</publication_year>
<publication_month>5</publication_month>
<publication_day>15</publication_day>
<authors>
<author>
<id>5021072</id>
<name>Michael G. Manning</name>
<link><![CDATA[https://www.goodreads.com/author/show/5021072.Michael_G_Manning]]></link>
</author>
</authors>
</book>

          <book>
<id>6888748</id>
<title><![CDATA[Dark Lady's Chosen (Chronicles of the Necromancer, #4)]]></title>
<title_without_series>Dark Lady&apos;s Chosen</title_without_series>
<link><![CDATA[https://www.goodreads.com/book/show/6888748-dark-lady-s-chosen]]></link>
<small_image_url><![CDATA[https://images.gr-assets.com/books/1330915716s/6888748.jpg]]></small_image_url>
<image_url><![CDATA[https://images.gr-assets.com/books/1330915716m/6888748.jpg]]></image_url>
<num_pages>595</num_pages>
<work>
<id>7108990</id>
</work>
<isbn>1844168301</isbn>
<isbn13>9781844168309</isbn13>
<average_rating>4.12</average_rating>
<ratings_count>3465</ratings_count>
<publication_year>2010</publication_year>
<publication_month>2</publication_month>
<publication_day>4</publication_day>
<authors>
<author>
<id>1637418</id>
<name>Gail Z. Martin</name>
<link><![CDATA[https://www.goodreads.com/author/show/1637418.Gail_Z_Martin]]></link>
</author>
</authors>
</book>

  </similar_books>
</book>

</GoodreadsResponse>