<?xml version="1.0" encoding="UTF-8"?>
<GoodreadsResponse>
  <Request>
    <authentication>true</authentication>
      <key><![CDATA[all_men_must_serve]]></key>
    <method><![CDATA[book_show]]></method>
  </Request>
  <book>
  <id>10859509</id>
  <title>Altered (Altered, #1)</title>
  <isbn><![CDATA[0316197084]]></isbn>
  <isbn13><![CDATA[9780316197083]]></isbn13>
  <asin><![CDATA[]]></asin>
  <kindle_asin><![CDATA[B00FOSPDXW]]></kindle_asin>
  <marketplace_id><![CDATA[A1F83G8C2ARO7P]]></marketplace_id>
  <country_code><![CDATA[GB]]></country_code>
  <image_url>https://images.gr-assets.com/books/1344445982m/10859509.jpg</image_url>
  <small_image_url>https://images.gr-assets.com/books/1344445982s/10859509.jpg</small_image_url>
  <publication_year>2013</publication_year>
  <publication_month>1</publication_month>
  <publication_day>1</publication_day>
  <publisher>Little, Brown Books for Young Readers</publisher>
  <language_code>en-CA</language_code>
  <is_ebook>false</is_ebook>
  <description><![CDATA[<i>When you can’t trust yourself, who can you believe?</i><br /><br />Everything about Anna’s life is a secret. Her father works for the Branch at the helm of its latest project: monitoring and administering treatments to the four genetically altered boys in the lab below their farmhouse. There’s Nick, Cas, Trev . . . and Sam, who has stolen Anna’s heart. When the Branch decides it’s time to take the boys, Sam stages an escape, killing the agents sent to retrieve them. <br /><br />Anna is torn between following Sam or staying behind in the safety of her everyday life. But her father pushes her to flee, making Sam promise to keep her away from the Branch, at all costs. There’s just one problem. Sam and the boys don’t remember anything before living in the lab—not even their true identities.<br /><br />Now on the run, Anna soon discovers that she and Sam are connected in more ways than either of them expected. And if they’re both going to survive, they must piece together the clues of their past before the Branch catches up to them and steals it all away.]]></description>
  <work>
  <id type="integer">15774461</id>
  <books_count type="integer">20</books_count>
  <best_book_id type="integer">10859509</best_book_id>
  <reviews_count type="integer">56156</reviews_count>
  <ratings_sum type="integer">68641</ratings_sum>
  <ratings_count type="integer">16995</ratings_count>
  <text_reviews_count type="integer">2108</text_reviews_count>
  <original_publication_year type="integer">2013</original_publication_year>
  <original_publication_month type="integer">1</original_publication_month>
  <original_publication_day type="integer">1</original_publication_day>
  <original_title>Altered</original_title>
  <original_language_id type="integer" nil="true"/>
  <media_type>book</media_type>
  <rating_dist>5:6304|4:6315|3:3339|2:807|1:230|total:16995</rating_dist>
  <desc_user_id type="integer">4441368</desc_user_id>
  <default_chaptering_book_id type="integer" nil="true"/>
  <default_description_language_code nil="true"/>
</work>
  <average_rating>4.04</average_rating>
  <num_pages><![CDATA[323]]></num_pages>
  <format><![CDATA[Hardcover]]></format>
  <edition_information><![CDATA[First Edition]]></edition_information>
  <ratings_count><![CDATA[15699]]></ratings_count>
  <text_reviews_count><![CDATA[1870]]></text_reviews_count>
  <url><![CDATA[https://www.goodreads.com/book/show/10859509-altered]]></url>
  <link><![CDATA[https://www.goodreads.com/book/show/10859509-altered]]></link>
  <authors>
<author>
<id>4737213</id>
<name>Jennifer Rush</name>
<role></role>
<image_url nophoto='false'>
<![CDATA[https://images.gr-assets.com/authors/1347852208p5/4737213.jpg]]>
</image_url>
<small_image_url nophoto='false'>
<![CDATA[https://images.gr-assets.com/authors/1347852208p2/4737213.jpg]]>
</small_image_url>
<link><![CDATA[https://www.goodreads.com/author/show/4737213.Jennifer_Rush]]></link>
<average_rating>4.01</average_rating>
<ratings_count>29538</ratings_count>
<text_reviews_count>3394</text_reviews_count>
</author>
</authors>

    <reviews_widget>
      <![CDATA[
        <style>
  #goodreads-widget {
    font-family: georgia, serif;
    padding: 18px 0;
    width:565px;
  }
  #goodreads-widget h1 {
    font-weight:normal;
    font-size: 16px;
    border-bottom: 1px solid #BBB596;
    margin-bottom: 0;
  }
  #goodreads-widget a {
    text-decoration: none;
    color:#660;
  }
  iframe{
    background-color: #fff;
  }
  #goodreads-widget a:hover { text-decoration: underline; }
  #goodreads-widget a:active {
    color:#660;
  }
  #gr_footer {
    width: 100%;
    border-top: 1px solid #BBB596;
    text-align: right;
  }
  #goodreads-widget .gr_branding{
    color: #382110;
    font-size: 11px;
    text-decoration: none;
    font-family: "Helvetica Neue", Helvetica, Arial, sans-serif;
  }
</style>
<div id="goodreads-widget">
  <div id="gr_header"><h1><a rel="nofollow" href="https://www.goodreads.com/book/show/10859509-altered">Altered Reviews</a></h1></div>
  <iframe id="the_iframe" src="https://www.goodreads.com/api/reviews_widget_iframe?did=DEVELOPER_ID&amp;format=html&amp;isbn=0316197084&amp;links=660&amp;min_rating=&amp;review_back=fff&amp;stars=000&amp;text=000" width="565" height="400" frameborder="0"></iframe>
  <div id="gr_footer">
    <a class="gr_branding" target="_blank" rel="nofollow" href="https://www.goodreads.com/book/show/10859509-altered?utm_medium=api&amp;utm_source=reviews_widget">Reviews from Goodreads.com</a>
  </div>
</div>

      ]]>
    </reviews_widget>
  <popular_shelves>
      <shelf name="to-read" count="36289"/>
      <shelf name="young-adult" count="598"/>
      <shelf name="favorites" count="470"/>
      <shelf name="ya" count="332"/>
      <shelf name="sci-fi" count="317"/>
      <shelf name="science-fiction" count="279"/>
      <shelf name="romance" count="264"/>
      <shelf name="currently-reading" count="218"/>
      <shelf name="series" count="203"/>
      <shelf name="paranormal" count="193"/>
      <shelf name="fantasy" count="172"/>
      <shelf name="dystopian" count="163"/>
      <shelf name="dystopia" count="160"/>
      <shelf name="books-i-own" count="120"/>
      <shelf name="mystery" count="108"/>
      <shelf name="read-in-2013" count="86"/>
      <shelf name="library" count="69"/>
      <shelf name="fiction" count="66"/>
      <shelf name="to-buy" count="63"/>
      <shelf name="wish-list" count="61"/>
      <shelf name="thriller" count="60"/>
      <shelf name="adventure" count="56"/>
      <shelf name="maybe" count="54"/>
      <shelf name="kindle" count="49"/>
      <shelf name="owned" count="44"/>
      <shelf name="2013-release" count="44"/>
      <shelf name="ebook" count="43"/>
      <shelf name="action" count="38"/>
      <shelf name="read-in-2014" count="37"/>
      <shelf name="ebooks" count="37"/>
      <shelf name="favourites" count="36"/>
      <shelf name="2013-releases" count="36"/>
      <shelf name="supernatural" count="35"/>
      <shelf name="paranormal-romance" count="34"/>
      <shelf name="scifi" count="33"/>
      <shelf name="audiobook" count="31"/>
      <shelf name="read-2013" count="31"/>
      <shelf name="must-read" count="31"/>
      <shelf name="first-in-series" count="29"/>
      <shelf name="teen" count="26"/>
      <shelf name="read-2014" count="25"/>
      <shelf name="4-stars" count="25"/>
      <shelf name="2013-reads" count="25"/>
      <shelf name="ya-fiction" count="25"/>
      <shelf name="contemporary" count="25"/>
      <shelf name="really-want-to-read" count="25"/>
      <shelf name="need-to-buy" count="24"/>
      <shelf name="reviewed" count="24"/>
      <shelf name="2014-reads" count="23"/>
      <shelf name="owned-books" count="22"/>
      <shelf name="altered" count="22"/>
      <shelf name="arc" count="22"/>
      <shelf name="5-stars" count="21"/>
      <shelf name="read-in-2015" count="20"/>
      <shelf name="audiobooks" count="19"/>
      <shelf name="tbr" count="19"/>
      <shelf name="series-to-read" count="19"/>
      <shelf name="want-to-read" count="19"/>
      <shelf name="i-own" count="18"/>
      <shelf name="dnf" count="17"/>
      <shelf name="sub" count="17"/>
      <shelf name="suspense" count="17"/>
      <shelf name="e-books" count="16"/>
      <shelf name="ya-romance" count="16"/>
      <shelf name="want" count="16"/>
      <shelf name="favorite-books" count="15"/>
      <shelf name="ya-sci-fi" count="15"/>
      <shelf name="ya-books" count="15"/>
      <shelf name="read-in-2016" count="14"/>
      <shelf name="have" count="14"/>
      <shelf name="e-book" count="14"/>
      <shelf name="mystery-thriller" count="14"/>
      <shelf name="ya-science-fiction" count="14"/>
      <shelf name="2013-debut-author-challenge" count="14"/>
      <shelf name="part-of-a-series" count="14"/>
      <shelf name="maybe-read" count="14"/>
      <shelf name="audio" count="13"/>
      <shelf name="favorite" count="13"/>
      <shelf name="my-books" count="13"/>
      <shelf name="cover-love" count="13"/>
      <shelf name="teen-fiction" count="13"/>
      <shelf name="new-series" count="13"/>
      <shelf name="ya-paranormal" count="13"/>
      <shelf name="amazing" count="12"/>
      <shelf name="new-adult" count="12"/>
      <shelf name="book-boyfriends" count="12"/>
      <shelf name="action-adventure" count="12"/>
      <shelf name="ya-fantasy" count="12"/>
      <shelf name="read-2015" count="11"/>
      <shelf name="library-book" count="11"/>
      <shelf name="books" count="11"/>
      <shelf name="2013-read" count="11"/>
      <shelf name="book-boyfriend" count="11"/>
      <shelf name="wunschliste" count="11"/>
      <shelf name="january-2013" count="11"/>
      <shelf name="might-read" count="11"/>
      <shelf name="2015-reads" count="10"/>
      <shelf name="own-it" count="10"/>
      <shelf name="on-the-run" count="10"/>
      <shelf name="need-to-read" count="10"/>
  </popular_shelves>
  <book_links>
    <book_link>
  <id>8</id>
  <name>Libraries</name>
  <link>https://www.goodreads.com/book_link/follow/8</link>
</book_link>

  </book_links>
  <buy_links>
    <buy_link>
<id>1</id>
<name>Amazon</name>
<link>https://www.goodreads.com/book_link/follow/1</link>
</buy_link>
<buy_link>
<id>10</id>
<name>Audible</name>
<link>https://www.goodreads.com/book_link/follow/10</link>
</buy_link>
<buy_link>
<id>3</id>
<name>Barnes &amp; Noble</name>
<link>https://www.goodreads.com/book_link/follow/3</link>
</buy_link>
<buy_link>
<id>1027</id>
<name>Kobo</name>
<link>https://www.goodreads.com/book_link/follow/1027</link>
</buy_link>
<buy_link>
<id>2102</id>
<name>Apple iBooks</name>
<link>https://www.goodreads.com/book_link/follow/2102</link>
</buy_link>
<buy_link>
<id>8036</id>
<name>Google Play</name>
<link>https://www.goodreads.com/book_link/follow/8036</link>
</buy_link>
<buy_link>
<id>4</id>
<name>Abebooks</name>
<link>https://www.goodreads.com/book_link/follow/4</link>
</buy_link>
<buy_link>
<id>882</id>
<name>Book Depository</name>
<link>https://www.goodreads.com/book_link/follow/882</link>
</buy_link>
<buy_link>
<id>9</id>
<name>Indigo</name>
<link>https://www.goodreads.com/book_link/follow/9</link>
</buy_link>
<buy_link>
<id>2</id>
<name>Half.com</name>
<link>https://www.goodreads.com/book_link/follow/2</link>
</buy_link>
<buy_link>
<id>5</id>
<name>Alibris</name>
<link>https://www.goodreads.com/book_link/follow/5</link>
</buy_link>
<buy_link>
<id>107</id>
<name>Better World Books</name>
<link>https://www.goodreads.com/book_link/follow/107</link>
</buy_link>
<buy_link>
<id>7</id>
<name>IndieBound</name>
<link>https://www.goodreads.com/book_link/follow/7</link>
</buy_link>

  </buy_links>
  <series_works>
    <series_work>
<id>396501</id>
<user_position>1</user_position>
<series>
<id>82986</id>
<title>
<![CDATA[
    Altered
]]>
</title>
<description>
<![CDATA[
]]>
</description>
<note>
<![CDATA[
]]>
</note>
<series_works_count>6</series_works_count>
<primary_work_count>3</primary_work_count>
<numbered>true</numbered>
</series>

</series_work>

  </series_works>
  <similar_books>
          <book>
<id>10861195</id>
<title><![CDATA[Level 2 (The Memory Chronicles, #1)]]></title>
<title_without_series>Level 2</title_without_series>
<link><![CDATA[https://www.goodreads.com/book/show/10861195-level-2]]></link>
<small_image_url><![CDATA[https://images.gr-assets.com/books/1339111040s/10861195.jpg]]></small_image_url>
<image_url><![CDATA[https://images.gr-assets.com/books/1339111040m/10861195.jpg]]></image_url>
<num_pages>281</num_pages>
<work>
<id>15776231</id>
</work>
<isbn>1442441852</isbn>
<isbn13>9781442441859</isbn13>
<average_rating>3.26</average_rating>
<ratings_count>2659</ratings_count>
<publication_year>2013</publication_year>
<publication_month>1</publication_month>
<publication_day>15</publication_day>
<authors>
<author>
<id>4737695</id>
<name>Lenore Appelhans</name>
<link><![CDATA[https://www.goodreads.com/author/show/4737695.Lenore_Appelhans]]></link>
</author>
</authors>
</book>

          <book>
<id>18191212</id>
<title>Kissing Trouble</title>
<title_without_series>Kissing Trouble</title_without_series>
<link><![CDATA[https://www.goodreads.com/book/show/18191212-kissing-trouble]]></link>
<small_image_url><![CDATA[https://images.gr-assets.com/books/1481155588s/18191212.jpg]]></small_image_url>
<image_url><![CDATA[https://images.gr-assets.com/books/1481155588m/18191212.jpg]]></image_url>
<num_pages></num_pages>
<work>
<id>25594645</id>
</work>
<isbn></isbn>
<isbn13></isbn13>
<average_rating>3.95</average_rating>
<ratings_count>241</ratings_count>
<publication_year>2014</publication_year>
<publication_month>10</publication_month>
<publication_day>13</publication_day>
<authors>
<author>
<id>5823058</id>
<name>Airicka Phoenix</name>
<link><![CDATA[https://www.goodreads.com/author/show/5823058.Airicka_Phoenix]]></link>
</author>
</authors>
</book>

          <book>
<id>12138494</id>
<title>Arclight (Arclight, #1)</title>
<title_without_series>Arclight</title_without_series>
<link><![CDATA[https://www.goodreads.com/book/show/12138494-arclight]]></link>
<small_image_url><![CDATA[https://images.gr-assets.com/books/1361456608s/12138494.jpg]]></small_image_url>
<image_url><![CDATA[https://images.gr-assets.com/books/1361456608m/12138494.jpg]]></image_url>
<num_pages>403</num_pages>
<work>
<id>17108452</id>
</work>
<isbn>0062130145</isbn>
<isbn13>9780062130143</isbn13>
<average_rating>3.60</average_rating>
<ratings_count>3828</ratings_count>
<publication_year>2013</publication_year>
<publication_month>4</publication_month>
<publication_day>23</publication_day>
<authors>
<author>
<id>5068487</id>
<name>Josin L. McQuein</name>
<link><![CDATA[https://www.goodreads.com/author/show/5068487.Josin_L_McQuein]]></link>
</author>
</authors>
</book>

          <book>
<id>8526590</id>
<title>Cybernetic</title>
<title_without_series>Cybernetic</title_without_series>
<link><![CDATA[https://www.goodreads.com/book/show/8526590-cybernetic]]></link>
<small_image_url><![CDATA[https://s.gr-assets.com/assets/nophoto/book/50x75-a91bf249278a81aabab721ef782c4a74.png]]></small_image_url>
<image_url><![CDATA[https://s.gr-assets.com/assets/nophoto/book/111x148-bcc042a9c91a29c1d680899eff700a03.png]]></image_url>
<num_pages></num_pages>
<work>
<id>13393601</id>
</work>
<isbn></isbn>
<isbn13></isbn13>
<average_rating>3.53</average_rating>
<ratings_count>176</ratings_count>
<publication_year>2016</publication_year>
<publication_month></publication_month>
<publication_day></publication_day>
<authors>
<author>
<id>4103617</id>
<name>Laura Riken</name>
<link><![CDATA[https://www.goodreads.com/author/show/4103617.Laura_Riken]]></link>
</author>
</authors>
</book>

          <book>
<id>21946861</id>
<title>What Tomorrow May Bring</title>
<title_without_series>What Tomorrow May Bring</title_without_series>
<link><![CDATA[https://www.goodreads.com/book/show/21946861-what-tomorrow-may-bring]]></link>
<small_image_url><![CDATA[https://images.gr-assets.com/books/1397818641s/21946861.jpg]]></small_image_url>
<image_url><![CDATA[https://images.gr-assets.com/books/1397818641m/21946861.jpg]]></image_url>
<num_pages>2500</num_pages>
<work>
<id>41251734</id>
</work>
<isbn></isbn>
<isbn13></isbn13>
<average_rating>4.03</average_rating>
<ratings_count>166</ratings_count>
<publication_year>2014</publication_year>
<publication_month>5</publication_month>
<publication_day>1</publication_day>
<authors>
<author>
<id>449366</id>
<name>Tony Bertauski</name>
<link><![CDATA[https://www.goodreads.com/author/show/449366.Tony_Bertauski]]></link>
</author>
</authors>
</book>

          <book>
<id>13326795</id>
<title><![CDATA[Touch of Death (Touch of Death, #1)]]></title>
<title_without_series>Touch of Death</title_without_series>
<link><![CDATA[https://www.goodreads.com/book/show/13326795-touch-of-death]]></link>
<small_image_url><![CDATA[https://images.gr-assets.com/books/1327736039s/13326795.jpg]]></small_image_url>
<image_url><![CDATA[https://images.gr-assets.com/books/1327736039m/13326795.jpg]]></image_url>
<num_pages>235</num_pages>
<work>
<id>18533962</id>
</work>
<isbn></isbn>
<isbn13></isbn13>
<average_rating>3.65</average_rating>
<ratings_count>1088</ratings_count>
<publication_year>2013</publication_year>
<publication_month>1</publication_month>
<publication_day>15</publication_day>
<authors>
<author>
<id>4528793</id>
<name>Kelly Hashway</name>
<link><![CDATA[https://www.goodreads.com/author/show/4528793.Kelly_Hashway]]></link>
</author>
</authors>
</book>

          <book>
<id>11973377</id>
<title>Transparent (Transparent, #1)</title>
<title_without_series>Transparent</title_without_series>
<link><![CDATA[https://www.goodreads.com/book/show/11973377-transparent]]></link>
<small_image_url><![CDATA[https://images.gr-assets.com/books/1350939760s/11973377.jpg]]></small_image_url>
<image_url><![CDATA[https://images.gr-assets.com/books/1350939760m/11973377.jpg]]></image_url>
<num_pages>350</num_pages>
<work>
<id>16936369</id>
</work>
<isbn>0062120166</isbn>
<isbn13>9780062120168</isbn13>
<average_rating>3.76</average_rating>
<ratings_count>2816</ratings_count>
<publication_year>2013</publication_year>
<publication_month>5</publication_month>
<publication_day>21</publication_day>
<authors>
<author>
<id>5022765</id>
<name>Natalie Whipple</name>
<link><![CDATA[https://www.goodreads.com/author/show/5022765.Natalie_Whipple]]></link>
</author>
</authors>
</book>

          <book>
<id>14743784</id>
<title>Unbreakable (Unraveling, #2)</title>
<title_without_series>Unbreakable</title_without_series>
<link><![CDATA[https://www.goodreads.com/book/show/14743784-unbreakable]]></link>
<small_image_url><![CDATA[https://images.gr-assets.com/books/1351469081s/14743784.jpg]]></small_image_url>
<image_url><![CDATA[https://images.gr-assets.com/books/1351469081m/14743784.jpg]]></image_url>
<num_pages>496</num_pages>
<work>
<id>20392168</id>
</work>
<isbn>0062103768</isbn>
<isbn13>9780062103765</isbn13>
<average_rating>4.05</average_rating>
<ratings_count>6338</ratings_count>
<publication_year>2013</publication_year>
<publication_month>4</publication_month>
<publication_day>23</publication_day>
<authors>
<author>
<id>5073459</id>
<name>Elizabeth Norris</name>
<link><![CDATA[https://www.goodreads.com/author/show/5073459.Elizabeth_Norris]]></link>
</author>
</authors>
</book>

          <book>
<id>11468074</id>
<title><![CDATA[Renegade (The Elysium Chronicles, #1)]]></title>
<title_without_series>Renegade</title_without_series>
<link><![CDATA[https://www.goodreads.com/book/show/11468074-renegade]]></link>
<small_image_url><![CDATA[https://images.gr-assets.com/books/1344176313s/11468074.jpg]]></small_image_url>
<image_url><![CDATA[https://images.gr-assets.com/books/1344176313m/11468074.jpg]]></image_url>
<num_pages>364</num_pages>
<work>
<id>16402333</id>
</work>
<isbn>0765332450</isbn>
<isbn13>9780765332455</isbn13>
<average_rating>3.76</average_rating>
<ratings_count>3521</ratings_count>
<publication_year>2012</publication_year>
<publication_month>11</publication_month>
<publication_day>13</publication_day>
<authors>
<author>
<id>4880398</id>
<name>J.A. Souders</name>
<link><![CDATA[https://www.goodreads.com/author/show/4880398.J_A_Souders]]></link>
</author>
</authors>
</book>

          <book>
<id>15015612</id>
<title>Mystique</title>
<title_without_series>Mystique</title_without_series>
<link><![CDATA[https://www.goodreads.com/book/show/15015612-mystique]]></link>
<small_image_url><![CDATA[https://images.gr-assets.com/books/1445959610s/15015612.jpg]]></small_image_url>
<image_url><![CDATA[https://images.gr-assets.com/books/1445959610m/15015612.jpg]]></image_url>
<num_pages>332</num_pages>
<work>
<id>15093094</id>
</work>
<isbn></isbn>
<isbn13>9781518757952</isbn13>
<average_rating>3.76</average_rating>
<ratings_count>209</ratings_count>
<publication_year>2015</publication_year>
<publication_month>11</publication_month>
<publication_day>17</publication_day>
<authors>
<author>
<id>4575223</id>
<name>Shari Arnold</name>
<link><![CDATA[https://www.goodreads.com/author/show/4575223.Shari_Arnold]]></link>
</author>
</authors>
</book>

          <book>
<id>13425802</id>
<title>PODs (PODs, #1)</title>
<title_without_series>PODs</title_without_series>
<link><![CDATA[https://www.goodreads.com/book/show/13425802-pods]]></link>
<small_image_url><![CDATA[https://images.gr-assets.com/books/1327645122s/13425802.jpg]]></small_image_url>
<image_url><![CDATA[https://images.gr-assets.com/books/1327645122m/13425802.jpg]]></image_url>
<num_pages>312</num_pages>
<work>
<id>18908216</id>
</work>
<isbn>1937053288</isbn>
<isbn13>9781937053284</isbn13>
<average_rating>3.56</average_rating>
<ratings_count>1138</ratings_count>
<publication_year>2013</publication_year>
<publication_month>6</publication_month>
<publication_day>4</publication_day>
<authors>
<author>
<id>5448974</id>
<name>Michelle K. Pickett</name>
<link><![CDATA[https://www.goodreads.com/author/show/5448974.Michelle_K_Pickett]]></link>
</author>
</authors>
</book>

          <book>
<id>9791892</id>
<title><![CDATA[Unremembered (Unremembered, #1)]]></title>
<title_without_series>Unremembered</title_without_series>
<link><![CDATA[https://www.goodreads.com/book/show/9791892-unremembered]]></link>
<small_image_url><![CDATA[https://images.gr-assets.com/books/1342834815s/9791892.jpg]]></small_image_url>
<image_url><![CDATA[https://images.gr-assets.com/books/1342834815m/9791892.jpg]]></image_url>
<num_pages>320</num_pages>
<work>
<id>14681975</id>
</work>
<isbn>0374379912</isbn>
<isbn13>9780374379919</isbn13>
<average_rating>3.69</average_rating>
<ratings_count>6581</ratings_count>
<publication_year>2013</publication_year>
<publication_month>3</publication_month>
<publication_day>5</publication_day>
<authors>
<author>
<id>1164465</id>
<name>Jessica Brody</name>
<link><![CDATA[https://www.goodreads.com/author/show/1164465.Jessica_Brody]]></link>
</author>
</authors>
</book>

          <book>
<id>13505645</id>
<title>Doomed</title>
<title_without_series>Doomed</title_without_series>
<link><![CDATA[https://www.goodreads.com/book/show/13505645-doomed]]></link>
<small_image_url><![CDATA[https://images.gr-assets.com/books/1349241046s/13505645.jpg]]></small_image_url>
<image_url><![CDATA[https://images.gr-assets.com/books/1349241046m/13505645.jpg]]></image_url>
<num_pages>480</num_pages>
<work>
<id>16364521</id>
</work>
<isbn>080272373X</isbn>
<isbn13>9780802723734</isbn13>
<average_rating>3.81</average_rating>
<ratings_count>1809</ratings_count>
<publication_year>2013</publication_year>
<publication_month>1</publication_month>
<publication_day>8</publication_day>
<authors>
<author>
<id>3387675</id>
<name>Tracy Deebs</name>
<link><![CDATA[https://www.goodreads.com/author/show/3387675.Tracy_Deebs]]></link>
</author>
</authors>
</book>

          <book>
<id>11043618</id>
<title><![CDATA[What's Left of Me (The Hybrid Chronicles, #1)]]></title>
<title_without_series>What&apos;s Left of Me</title_without_series>
<link><![CDATA[https://www.goodreads.com/book/show/11043618-what-s-left-of-me]]></link>
<small_image_url><![CDATA[https://images.gr-assets.com/books/1329477948s/11043618.jpg]]></small_image_url>
<image_url><![CDATA[https://images.gr-assets.com/books/1329477948m/11043618.jpg]]></image_url>
<num_pages>343</num_pages>
<work>
<id>15964230</id>
</work>
<isbn>0062114875</isbn>
<isbn13>9780062114877</isbn13>
<average_rating>3.79</average_rating>
<ratings_count>13838</ratings_count>
<publication_year>2012</publication_year>
<publication_month>9</publication_month>
<publication_day>18</publication_day>
<authors>
<author>
<id>4774478</id>
<name>Kat Zhang</name>
<link><![CDATA[https://www.goodreads.com/author/show/4774478.Kat_Zhang]]></link>
</author>
</authors>
</book>

          <book>
<id>12844575</id>
<title>Gravity (The Taking, #1)</title>
<title_without_series>Gravity</title_without_series>
<link><![CDATA[https://www.goodreads.com/book/show/12844575-gravity]]></link>
<small_image_url><![CDATA[https://images.gr-assets.com/books/1329368010s/12844575.jpg]]></small_image_url>
<image_url><![CDATA[https://images.gr-assets.com/books/1329368010m/12844575.jpg]]></image_url>
<num_pages>284</num_pages>
<work>
<id>17995545</id>
</work>
<isbn>1620610914</isbn>
<isbn13>9781620610916</isbn13>
<average_rating>3.80</average_rating>
<ratings_count>7894</ratings_count>
<publication_year>2012</publication_year>
<publication_month>12</publication_month>
<publication_day>18</publication_day>
<authors>
<author>
<id>5287439</id>
<name>Melissa  West</name>
<link><![CDATA[https://www.goodreads.com/author/show/5287439.Melissa_West]]></link>
</author>
</authors>
</book>

          <book>
<id>13401993</id>
<title>Dualed (Dualed, #1)</title>
<title_without_series>Dualed</title_without_series>
<link><![CDATA[https://www.goodreads.com/book/show/13401993-dualed]]></link>
<small_image_url><![CDATA[https://images.gr-assets.com/books/1350438849s/13401993.jpg]]></small_image_url>
<image_url><![CDATA[https://images.gr-assets.com/books/1350438849m/13401993.jpg]]></image_url>
<num_pages>292</num_pages>
<work>
<id>18633835</id>
</work>
<isbn>0307931544</isbn>
<isbn13>9780307931542</isbn13>
<average_rating>3.51</average_rating>
<ratings_count>6460</ratings_count>
<publication_year>2013</publication_year>
<publication_month>2</publication_month>
<publication_day>26</publication_day>
<authors>
<author>
<id>5441417</id>
<name>Elsie Chapman</name>
<link><![CDATA[https://www.goodreads.com/author/show/5441417.Elsie_Chapman]]></link>
</author>
</authors>
</book>

          <book>
<id>13449677</id>
<title><![CDATA[The Collector (Dante Walker, #1)]]></title>
<title_without_series>The Collector</title_without_series>
<link><![CDATA[https://www.goodreads.com/book/show/13449677-the-collector]]></link>
<small_image_url><![CDATA[https://images.gr-assets.com/books/1363269053s/13449677.jpg]]></small_image_url>
<image_url><![CDATA[https://images.gr-assets.com/books/1363269053m/13449677.jpg]]></image_url>
<num_pages>352</num_pages>
<work>
<id>18970909</id>
</work>
<isbn>1620612429</isbn>
<isbn13>9781620612422</isbn13>
<average_rating>3.55</average_rating>
<ratings_count>8053</ratings_count>
<publication_year>2013</publication_year>
<publication_month>4</publication_month>
<publication_day>2</publication_day>
<authors>
<author>
<id>3251728</id>
<name>Victoria Scott</name>
<link><![CDATA[https://www.goodreads.com/author/show/3251728.Victoria_Scott]]></link>
</author>
</authors>
</book>

          <book>
<id>25792851</id>
<title>Angelsong (Dark Angel, #3)</title>
<title_without_series>Angelsong</title_without_series>
<link><![CDATA[https://www.goodreads.com/book/show/25792851-angelsong]]></link>
<small_image_url><![CDATA[https://images.gr-assets.com/books/1435220311s/25792851.jpg]]></small_image_url>
<image_url><![CDATA[https://images.gr-assets.com/books/1435220311m/25792851.jpg]]></image_url>
<num_pages></num_pages>
<work>
<id>25147421</id>
</work>
<isbn></isbn>
<isbn13></isbn13>
<average_rating>4.10</average_rating>
<ratings_count>474</ratings_count>
<publication_year></publication_year>
<publication_month></publication_month>
<publication_day></publication_day>
<authors>
<author>
<id>6586877</id>
<name>Hanna Peach</name>
<link><![CDATA[https://www.goodreads.com/author/show/6586877.Hanna_Peach]]></link>
</author>
</authors>
</book>

  </similar_books>
</book>

</GoodreadsResponse>