<?xml version="1.0" encoding="UTF-8"?>
<GoodreadsResponse>
  <Request>
    <authentication>true</authentication>
      <key><![CDATA[all_men_must_serve]]></key>
    <method><![CDATA[book_show]]></method>
  </Request>
  <book>
  <id>10869746</id>
  <title><![CDATA[Rise of the Governor (The Walking Dead #1)]]></title>
  <isbn><![CDATA[0312547730]]></isbn>
  <isbn13><![CDATA[9780312547738]]></isbn13>
  <asin><![CDATA[]]></asin>
  <kindle_asin><![CDATA[B005I3PBBC]]></kindle_asin>
  <marketplace_id><![CDATA[A1F83G8C2ARO7P]]></marketplace_id>
  <country_code><![CDATA[GB]]></country_code>
  <image_url>https://images.gr-assets.com/books/1366212058m/10869746.jpg</image_url>
  <small_image_url>https://images.gr-assets.com/books/1366212058s/10869746.jpg</small_image_url>
  <publication_year>2011</publication_year>
  <publication_month>10</publication_month>
  <publication_day>11</publication_day>
  <publisher>Thomas Dunne Books</publisher>
  <language_code>eng</language_code>
  <is_ebook>false</is_ebook>
  <description><![CDATA[Based on "The Walking Dead" graphic novels/comic books and the series starring Andrew Lincoln ("Teachers", "This Life and Love", and "Love Actually") and written/produced by Frank Darabont whose previous credits include "The Shawshank Redemption" and "The Green Mile", this is a new trilogy of books written by Robert Kirkman and Jay Bonansinga, author of "Perfect Victim" and "Shattered". Set in the world created by Robert Kirkman, this standalone trilogy is fast-paced, action-packed storytelling about the lengths some men will go to survive. With new characters, new storylines and with the same in-depth character-based plotting that has made the television series such an immediate hit, this trilogy of novels is sure to be a hit with those who love zombies and those who have loved the TV series and comic books.<br /><br /><br />In the Walking Dead universe, there is no greater villain than The Governor. The despot who runs the walled-off town of Woodbury, he has his own sick sense of justice: whether it’s forcing prisoners to battle zombies in an arena for the townspeople’s amusement, or chopping off the appendages of those who cross him. The Governor was voted “Villain of the Year” by Wizard magazine the year he debuted, and his story arc was the most controversial in the history of the Walking Dead comic book series. Now, for the first time, fans of The Walking Dead will discover how The Governor became the man he is, and what drove him to such extremes.]]></description>
  <work>
  <id type="integer">16460463</id>
  <books_count type="integer">51</books_count>
  <best_book_id type="integer">10869746</best_book_id>
  <reviews_count type="integer">29743</reviews_count>
  <ratings_sum type="integer">62854</ratings_sum>
  <ratings_count type="integer">16101</ratings_count>
  <text_reviews_count type="integer">1720</text_reviews_count>
  <original_publication_year type="integer">2011</original_publication_year>
  <original_publication_month type="integer" nil="true"/>
  <original_publication_day type="integer" nil="true"/>
  <original_title>The Walking Dead: Rise of the Governor</original_title>
  <original_language_id type="integer" nil="true"/>
  <media_type>book</media_type>
  <rating_dist>5:5004|4:6084|3:3741|2:1003|1:269|total:16101</rating_dist>
  <desc_user_id type="integer">29486012</desc_user_id>
  <default_chaptering_book_id type="integer" nil="true"/>
  <default_description_language_code nil="true"/>
</work>
  <average_rating>3.90</average_rating>
  <num_pages><![CDATA[308]]></num_pages>
  <format><![CDATA[Hardcover]]></format>
  <edition_information><![CDATA[]]></edition_information>
  <ratings_count><![CDATA[13080]]></ratings_count>
  <text_reviews_count><![CDATA[1424]]></text_reviews_count>
  <url><![CDATA[https://www.goodreads.com/book/show/10869746-rise-of-the-governor]]></url>
  <link><![CDATA[https://www.goodreads.com/book/show/10869746-rise-of-the-governor]]></link>
  <authors>
<author>
<id>12425</id>
<name>Robert Kirkman</name>
<role></role>
<image_url nophoto='false'>
<![CDATA[https://images.gr-assets.com/authors/1238103316p5/12425.jpg]]>
</image_url>
<small_image_url nophoto='false'>
<![CDATA[https://images.gr-assets.com/authors/1238103316p2/12425.jpg]]>
</small_image_url>
<link><![CDATA[https://www.goodreads.com/author/show/12425.Robert_Kirkman]]></link>
<average_rating>4.27</average_rating>
<ratings_count>881379</ratings_count>
<text_reviews_count>37313</text_reviews_count>
</author>
<author>
<id>350494</id>
<name>Jay Bonansinga</name>
<role></role>
<image_url nophoto='false'>
<![CDATA[https://images.gr-assets.com/authors/1458843229p5/350494.jpg]]>
</image_url>
<small_image_url nophoto='false'>
<![CDATA[https://images.gr-assets.com/authors/1458843229p2/350494.jpg]]>
</small_image_url>
<link><![CDATA[https://www.goodreads.com/author/show/350494.Jay_Bonansinga]]></link>
<average_rating>3.81</average_rating>
<ratings_count>39026</ratings_count>
<text_reviews_count>4044</text_reviews_count>
</author>
</authors>

    <reviews_widget>
      <![CDATA[
        <style>
  #goodreads-widget {
    font-family: georgia, serif;
    padding: 18px 0;
    width:565px;
  }
  #goodreads-widget h1 {
    font-weight:normal;
    font-size: 16px;
    border-bottom: 1px solid #BBB596;
    margin-bottom: 0;
  }
  #goodreads-widget a {
    text-decoration: none;
    color:#660;
  }
  iframe{
    background-color: #fff;
  }
  #goodreads-widget a:hover { text-decoration: underline; }
  #goodreads-widget a:active {
    color:#660;
  }
  #gr_footer {
    width: 100%;
    border-top: 1px solid #BBB596;
    text-align: right;
  }
  #goodreads-widget .gr_branding{
    color: #382110;
    font-size: 11px;
    text-decoration: none;
    font-family: "Helvetica Neue", Helvetica, Arial, sans-serif;
  }
</style>
<div id="goodreads-widget">
  <div id="gr_header"><h1><a rel="nofollow" href="https://www.goodreads.com/book/show/10869746-rise-of-the-governor">Rise of the Governor Reviews</a></h1></div>
  <iframe id="the_iframe" src="https://www.goodreads.com/api/reviews_widget_iframe?did=DEVELOPER_ID&amp;format=html&amp;isbn=0312547730&amp;links=660&amp;min_rating=&amp;review_back=fff&amp;stars=000&amp;text=000" width="565" height="400" frameborder="0"></iframe>
  <div id="gr_footer">
    <a class="gr_branding" target="_blank" rel="nofollow" href="https://www.goodreads.com/book/show/10869746-rise-of-the-governor?utm_medium=api&amp;utm_source=reviews_widget">Reviews from Goodreads.com</a>
  </div>
</div>

      ]]>
    </reviews_widget>
  <popular_shelves>
      <shelf name="currently-reading" count="823"/>
      <shelf name="horror" count="443"/>
      <shelf name="to-read" count="372"/>
      <shelf name="fiction" count="191"/>
      <shelf name="zombie" count="108"/>
      <shelf name="favorites" count="90"/>
      <shelf name="post-apocalyptic" count="80"/>
      <shelf name="books-i-own" count="79"/>
      <shelf name="owned" count="79"/>
      <shelf name="the-walking-dead" count="71"/>
      <shelf name="series" count="53"/>
      <shelf name="walking-dead" count="50"/>
      <shelf name="fantasy" count="49"/>
      <shelf name="apocalyptic" count="49"/>
      <shelf name="dystopian" count="47"/>
      <shelf name="default" count="45"/>
      <shelf name="dystopia" count="43"/>
      <shelf name="sci-fi" count="36"/>
      <shelf name="apocalypse" count="34"/>
      <shelf name="thriller" count="33"/>
      <shelf name="owned-books" count="29"/>
      <shelf name="my-books" count="29"/>
      <shelf name="audiobook" count="28"/>
      <shelf name="kindle" count="27"/>
      <shelf name="library" count="25"/>
      <shelf name="graphic-novels" count="24"/>
      <shelf name="ebooks" count="23"/>
      <shelf name="wish-list" count="22"/>
      <shelf name="audiobooks" count="21"/>
      <shelf name="robert-kirkman" count="19"/>
      <shelf name="survival" count="18"/>
      <shelf name="books" count="17"/>
      <shelf name="audio" count="17"/>
      <shelf name="adult" count="17"/>
      <shelf name="comics" count="17"/>
      <shelf name="read-in-2015" count="16"/>
      <shelf name="read-in-2014" count="15"/>
      <shelf name="read-in-2013" count="15"/>
      <shelf name="read-in-2012" count="15"/>
      <shelf name="audio-books" count="15"/>
      <shelf name="i-own" count="14"/>
      <shelf name="read-2014" count="13"/>
      <shelf name="my-library" count="12"/>
      <shelf name="paranormal" count="12"/>
      <shelf name="novels" count="12"/>
      <shelf name="zombie-books" count="11"/>
      <shelf name="adult-fiction" count="11"/>
      <shelf name="bookshelf" count="10"/>
      <shelf name="read-2013" count="10"/>
      <shelf name="audible" count="10"/>
      <shelf name="first-reads" count="10"/>
      <shelf name="to-buy" count="10"/>
      <shelf name="audio-book" count="9"/>
      <shelf name="sci-fi-fantasy" count="9"/>
      <shelf name="library-book" count="9"/>
      <shelf name="post-apocalypse" count="9"/>
      <shelf name="zombie-apocalypse" count="9"/>
      <shelf name="read-in-2011" count="9"/>
      <shelf name="supernatural" count="9"/>
      <shelf name="finished" count="8"/>
      <shelf name="paperback" count="8"/>
      <shelf name="science-fiction" count="7"/>
      <shelf name="tbr" count="7"/>
      <shelf name="dark" count="7"/>
      <shelf name="abandoned" count="7"/>
      <shelf name="books-i-have" count="7"/>
      <shelf name="have" count="7"/>
      <shelf name="graphic-novel" count="7"/>
      <shelf name="end-of-the-world" count="7"/>
      <shelf name="read-2016" count="6"/>
      <shelf name="e-book" count="6"/>
      <shelf name="sub" count="6"/>
      <shelf name="science-fiction-fantasy" count="6"/>
      <shelf name="thrillers" count="6"/>
      <shelf name="nook" count="6"/>
      <shelf name="reviewed" count="6"/>
      <shelf name="novel" count="6"/>
      <shelf name="shelfari-wishlist" count="5"/>
      <shelf name="dead" count="5"/>
      <shelf name="tv-movie" count="5"/>
      <shelf name="dnf" count="5"/>
      <shelf name="did-not-finish" count="5"/>
      <shelf name="dystopian-post-apocalyptic" count="5"/>
      <shelf name="apocalyptic-dystopian" count="5"/>
      <shelf name="waiting-to-be-read" count="5"/>
      <shelf name="2013-reads" count="5"/>
      <shelf name="fiction-horror" count="5"/>
      <shelf name="zombie-fiction" count="5"/>
      <shelf name="own-it" count="5"/>
      <shelf name="horror-thriller" count="5"/>
      <shelf name="terror" count="5"/>
      <shelf name="read-2012" count="5"/>
      <shelf name="borrowed" count="5"/>
      <shelf name="want" count="5"/>
      <shelf name="media-tie-in" count="5"/>
      <shelf name="read-2015" count="4"/>
      <shelf name="in-my-library" count="4"/>
      <shelf name="general-fiction" count="4"/>
      <shelf name="unread" count="4"/>
      <shelf name="library-books" count="4"/>
  </popular_shelves>
  <book_links>
    <book_link>
  <id>8</id>
  <name>Libraries</name>
  <link>https://www.goodreads.com/book_link/follow/8</link>
</book_link>

  </book_links>
  <buy_links>
    <buy_link>
<id>1</id>
<name>Amazon</name>
<link>https://www.goodreads.com/book_link/follow/1</link>
</buy_link>
<buy_link>
<id>10</id>
<name>Audible</name>
<link>https://www.goodreads.com/book_link/follow/10</link>
</buy_link>
<buy_link>
<id>3</id>
<name>Barnes &amp; Noble</name>
<link>https://www.goodreads.com/book_link/follow/3</link>
</buy_link>
<buy_link>
<id>1027</id>
<name>Kobo</name>
<link>https://www.goodreads.com/book_link/follow/1027</link>
</buy_link>
<buy_link>
<id>2102</id>
<name>Apple iBooks</name>
<link>https://www.goodreads.com/book_link/follow/2102</link>
</buy_link>
<buy_link>
<id>8036</id>
<name>Google Play</name>
<link>https://www.goodreads.com/book_link/follow/8036</link>
</buy_link>
<buy_link>
<id>4</id>
<name>Abebooks</name>
<link>https://www.goodreads.com/book_link/follow/4</link>
</buy_link>
<buy_link>
<id>882</id>
<name>Book Depository</name>
<link>https://www.goodreads.com/book_link/follow/882</link>
</buy_link>
<buy_link>
<id>9</id>
<name>Indigo</name>
<link>https://www.goodreads.com/book_link/follow/9</link>
</buy_link>
<buy_link>
<id>2</id>
<name>Half.com</name>
<link>https://www.goodreads.com/book_link/follow/2</link>
</buy_link>
<buy_link>
<id>5</id>
<name>Alibris</name>
<link>https://www.goodreads.com/book_link/follow/5</link>
</buy_link>
<buy_link>
<id>107</id>
<name>Better World Books</name>
<link>https://www.goodreads.com/book_link/follow/107</link>
</buy_link>
<buy_link>
<id>7</id>
<name>IndieBound</name>
<link>https://www.goodreads.com/book_link/follow/7</link>
</buy_link>

  </buy_links>
  <series_works>
    <series_work>
<id>287930</id>
<user_position>1</user_position>
<series>
<id>65507</id>
<title>
<![CDATA[
    The Walking Dead
]]>
</title>
<description>
<![CDATA[
    From the mind of Robert Kirkman, the legendary comic book auteur and creator of The Walking Dead, comes a new series of all-original novels steeped in the terrifying mythos of the Eisner Award winning comic.  Co-written with bestselling novelist and Stoker Award finalist Jay Bonansinga, the books thrust readers right into the middle of the greatest zombie apocalypse epic ever told.
]]>
</description>
<note>
<![CDATA[
    http://us.macmillan.com/series/thewalkingdeadseries
]]>
</note>
<series_works_count>10</series_works_count>
<primary_work_count>8</primary_work_count>
<numbered>true</numbered>
</series>

</series_work>

  </series_works>
  <similar_books>
          <book>
<id>19286653</id>
<title>Descent (The Walking Dead #5)</title>
<title_without_series>Descent</title_without_series>
<link><![CDATA[https://www.goodreads.com/book/show/19286653-descent]]></link>
<small_image_url><![CDATA[https://images.gr-assets.com/books/1405301196s/19286653.jpg]]></small_image_url>
<image_url><![CDATA[https://images.gr-assets.com/books/1405301196m/19286653.jpg]]></image_url>
<num_pages>320</num_pages>
<work>
<id>27334852</id>
</work>
<isbn>1250057175</isbn>
<isbn13>9781250057174</isbn13>
<average_rating>3.77</average_rating>
<ratings_count>1826</ratings_count>
<publication_year>2014</publication_year>
<publication_month>10</publication_month>
<publication_day>14</publication_day>
<authors>
<author>
<id>350494</id>
<name>Jay Bonansinga</name>
<link><![CDATA[https://www.goodreads.com/author/show/350494.Jay_Bonansinga]]></link>
</author>
</authors>
</book>

          <book>
<id>6350211</id>
<title><![CDATA[Fighting to Survive  (As The World Dies, #2)]]></title>
<title_without_series>Fighting to Survive</title_without_series>
<link><![CDATA[https://www.goodreads.com/book/show/6350211-fighting-to-survive]]></link>
<small_image_url><![CDATA[https://images.gr-assets.com/books/1327164202s/6350211.jpg]]></small_image_url>
<image_url><![CDATA[https://images.gr-assets.com/books/1327164202m/6350211.jpg]]></image_url>
<num_pages>307</num_pages>
<work>
<id>6536772</id>
</work>
<isbn>1440424764</isbn>
<isbn13>9781440424762</isbn13>
<average_rating>4.11</average_rating>
<ratings_count>4888</ratings_count>
<publication_year>2009</publication_year>
<publication_month>3</publication_month>
<publication_day>9</publication_day>
<authors>
<author>
<id>2310121</id>
<name>Rhiannon Frater</name>
<link><![CDATA[https://www.goodreads.com/author/show/2310121.Rhiannon_Frater]]></link>
</author>
</authors>
</book>

          <book>
<id>12060586</id>
<title>Aftermath (Autumn, #5)</title>
<title_without_series>Aftermath</title_without_series>
<link><![CDATA[https://www.goodreads.com/book/show/12060586-aftermath]]></link>
<small_image_url><![CDATA[https://s.gr-assets.com/assets/nophoto/book/50x75-a91bf249278a81aabab721ef782c4a74.png]]></small_image_url>
<image_url><![CDATA[https://s.gr-assets.com/assets/nophoto/book/111x148-bcc042a9c91a29c1d680899eff700a03.png]]></image_url>
<num_pages>400</num_pages>
<work>
<id>17027804</id>
</work>
<isbn>0312570023</isbn>
<isbn13>9780312570026</isbn13>
<average_rating>4.10</average_rating>
<ratings_count>1043</ratings_count>
<publication_year>2012</publication_year>
<publication_month>3</publication_month>
<publication_day>13</publication_day>
<authors>
<author>
<id>117582</id>
<name>David Moody</name>
<link><![CDATA[https://www.goodreads.com/author/show/117582.David_Moody]]></link>
</author>
</authors>
</book>

          <book>
<id>3347214</id>
<title><![CDATA[Zombies: A Field Guide to the Walking Dead]]></title>
<title_without_series><![CDATA[Zombies: A Field Guide to the Walking Dead]]></title_without_series>
<link><![CDATA[https://www.goodreads.com/book/show/3347214-zombies]]></link>
<small_image_url><![CDATA[https://s.gr-assets.com/assets/nophoto/book/50x75-a91bf249278a81aabab721ef782c4a74.png]]></small_image_url>
<image_url><![CDATA[https://s.gr-assets.com/assets/nophoto/book/111x148-bcc042a9c91a29c1d680899eff700a03.png]]></image_url>
<num_pages></num_pages>
<work>
<id>3385588</id>
</work>
<isbn>1601630220</isbn>
<isbn13>9781601630223</isbn13>
<average_rating>3.87</average_rating>
<ratings_count>198</ratings_count>
<publication_year></publication_year>
<publication_month></publication_month>
<publication_day></publication_day>
<authors>
<author>
<id>119378</id>
<name>Bob Curran</name>
<link><![CDATA[https://www.goodreads.com/author/show/119378.Bob_Curran]]></link>
</author>
</authors>
</book>

          <book>
<id>10779721</id>
<title><![CDATA[Dead of Night (Dead of Night, #1)]]></title>
<title_without_series>Dead of Night</title_without_series>
<link><![CDATA[https://www.goodreads.com/book/show/10779721-dead-of-night]]></link>
<small_image_url><![CDATA[https://s.gr-assets.com/assets/nophoto/book/50x75-a91bf249278a81aabab721ef782c4a74.png]]></small_image_url>
<image_url><![CDATA[https://s.gr-assets.com/assets/nophoto/book/111x148-bcc042a9c91a29c1d680899eff700a03.png]]></image_url>
<num_pages>358</num_pages>
<work>
<id>15785045</id>
</work>
<isbn>031255219X</isbn>
<isbn13>9780312552190</isbn13>
<average_rating>3.96</average_rating>
<ratings_count>5184</ratings_count>
<publication_year>2011</publication_year>
<publication_month>10</publication_month>
<publication_day>25</publication_day>
<authors>
<author>
<id>72451</id>
<name>Jonathan Maberry</name>
<link><![CDATA[https://www.goodreads.com/author/show/72451.Jonathan_Maberry]]></link>
</author>
</authors>
</book>

          <book>
<id>3196717</id>
<title><![CDATA[Thunder and Ashes (Morningstar Strain #2)]]></title>
<title_without_series>Thunder and Ashes</title_without_series>
<link><![CDATA[https://www.goodreads.com/book/show/3196717-thunder-and-ashes]]></link>
<small_image_url><![CDATA[https://s.gr-assets.com/assets/nophoto/book/50x75-a91bf249278a81aabab721ef782c4a74.png]]></small_image_url>
<image_url><![CDATA[https://s.gr-assets.com/assets/nophoto/book/111x148-bcc042a9c91a29c1d680899eff700a03.png]]></image_url>
<num_pages>312</num_pages>
<work>
<id>3229814</id>
</work>
<isbn>1934861014</isbn>
<isbn13>9781934861011</isbn13>
<average_rating>4.12</average_rating>
<ratings_count>4864</ratings_count>
<publication_year>2008</publication_year>
<publication_month>4</publication_month>
<publication_day>21</publication_day>
<authors>
<author>
<id>2890051</id>
<name>Z.A. Recht</name>
<link><![CDATA[https://www.goodreads.com/author/show/2890051.Z_A_Recht]]></link>
</author>
</authors>
</book>

          <book>
<id>8286238</id>
<title>After the End</title>
<title_without_series>After the End</title_without_series>
<link><![CDATA[https://www.goodreads.com/book/show/8286238-after-the-end]]></link>
<small_image_url><![CDATA[https://s.gr-assets.com/assets/nophoto/book/50x75-a91bf249278a81aabab721ef782c4a74.png]]></small_image_url>
<image_url><![CDATA[https://s.gr-assets.com/assets/nophoto/book/111x148-bcc042a9c91a29c1d680899eff700a03.png]]></image_url>
<num_pages>236</num_pages>
<work>
<id>13134625</id>
</work>
<isbn></isbn>
<isbn13></isbn13>
<average_rating>3.83</average_rating>
<ratings_count>753</ratings_count>
<publication_year>2010</publication_year>
<publication_month>4</publication_month>
<publication_day>26</publication_day>
<authors>
<author>
<id>1166851</id>
<name>Bonnie Dee</name>
<link><![CDATA[https://www.goodreads.com/author/show/1166851.Bonnie_Dee]]></link>
</author>
</authors>
</book>

          <book>
<id>8840017</id>
<title>Zombie, Ohio</title>
<title_without_series>Zombie, Ohio</title_without_series>
<link><![CDATA[https://www.goodreads.com/book/show/8840017-zombie-ohio]]></link>
<small_image_url><![CDATA[https://s.gr-assets.com/assets/nophoto/book/50x75-a91bf249278a81aabab721ef782c4a74.png]]></small_image_url>
<image_url><![CDATA[https://s.gr-assets.com/assets/nophoto/book/111x148-bcc042a9c91a29c1d680899eff700a03.png]]></image_url>
<num_pages>240</num_pages>
<work>
<id>13714647</id>
</work>
<isbn>1616082062</isbn>
<isbn13>9781616082062</isbn13>
<average_rating>3.68</average_rating>
<ratings_count>2553</ratings_count>
<publication_year>2011</publication_year>
<publication_month>2</publication_month>
<publication_day>8</publication_day>
<authors>
<author>
<id>692781</id>
<name>Scott Kenemore</name>
<link><![CDATA[https://www.goodreads.com/author/show/692781.Scott_Kenemore]]></link>
</author>
</authors>
</book>

          <book>
<id>13371323</id>
<title>Deadlocked (Deadlocked, #2)</title>
<title_without_series>Deadlocked</title_without_series>
<link><![CDATA[https://www.goodreads.com/book/show/13371323-deadlocked]]></link>
<small_image_url><![CDATA[https://images.gr-assets.com/books/1328315421s/13371323.jpg]]></small_image_url>
<image_url><![CDATA[https://images.gr-assets.com/books/1328315421m/13371323.jpg]]></image_url>
<num_pages>77</num_pages>
<work>
<id>18600704</id>
</work>
<isbn></isbn>
<isbn13></isbn13>
<average_rating>4.09</average_rating>
<ratings_count>784</ratings_count>
<publication_year>2011</publication_year>
<publication_month>12</publication_month>
<publication_day>20</publication_day>
<authors>
<author>
<id>5429635</id>
<name>A.R. Wise</name>
<link><![CDATA[https://www.goodreads.com/author/show/5429635.A_R_Wise]]></link>
</author>
</authors>
</book>

          <book>
<id>10092502</id>
<title>Flesh Eaters (Dead World, #3)</title>
<title_without_series>Flesh Eaters</title_without_series>
<link><![CDATA[https://www.goodreads.com/book/show/10092502-flesh-eaters]]></link>
<small_image_url><![CDATA[https://s.gr-assets.com/assets/nophoto/book/50x75-a91bf249278a81aabab721ef782c4a74.png]]></small_image_url>
<image_url><![CDATA[https://s.gr-assets.com/assets/nophoto/book/111x148-bcc042a9c91a29c1d680899eff700a03.png]]></image_url>
<num_pages>389</num_pages>
<work>
<id>14989489</id>
</work>
<isbn>0786023600</isbn>
<isbn13>9780786023608</isbn13>
<average_rating>3.93</average_rating>
<ratings_count>2042</ratings_count>
<publication_year>2011</publication_year>
<publication_month>4</publication_month>
<publication_day>1</publication_day>
<authors>
<author>
<id>52047</id>
<name>Joe McKinney</name>
<link><![CDATA[https://www.goodreads.com/author/show/52047.Joe_McKinney]]></link>
</author>
</authors>
</book>

          <book>
<id>9901494</id>
<title><![CDATA[28 Days Later, Vol. 4: Gangwar]]></title>
<title_without_series><![CDATA[28 Days Later, Vol. 4: Gangwar]]></title_without_series>
<link><![CDATA[https://www.goodreads.com/book/show/9901494-28-days-later-vol-4]]></link>
<small_image_url><![CDATA[https://s.gr-assets.com/assets/nophoto/book/50x75-a91bf249278a81aabab721ef782c4a74.png]]></small_image_url>
<image_url><![CDATA[https://s.gr-assets.com/assets/nophoto/book/111x148-bcc042a9c91a29c1d680899eff700a03.png]]></image_url>
<num_pages>112</num_pages>
<work>
<id>46236147</id>
</work>
<isbn>1608866505</isbn>
<isbn13>9781608866502</isbn13>
<average_rating>3.88</average_rating>
<ratings_count>181</ratings_count>
<publication_year>2011</publication_year>
<publication_month>6</publication_month>
<publication_day>7</publication_day>
<authors>
<author>
<id>73097</id>
<name>Michael Alan Nelson</name>
<link><![CDATA[https://www.goodreads.com/author/show/73097.Michael_Alan_Nelson]]></link>
</author>
</authors>
</book>

          <book>
<id>7296271</id>
<title><![CDATA[Beyond Exile (Day by Day Armageddon,# 2)]]></title>
<title_without_series>Beyond Exile</title_without_series>
<link><![CDATA[https://www.goodreads.com/book/show/7296271-beyond-exile]]></link>
<small_image_url><![CDATA[https://s.gr-assets.com/assets/nophoto/book/50x75-a91bf249278a81aabab721ef782c4a74.png]]></small_image_url>
<image_url><![CDATA[https://s.gr-assets.com/assets/nophoto/book/111x148-bcc042a9c91a29c1d680899eff700a03.png]]></image_url>
<num_pages>277</num_pages>
<work>
<id>8632949</id>
</work>
<isbn>143917752X</isbn>
<isbn13>9781439177525</isbn13>
<average_rating>4.08</average_rating>
<ratings_count>9980</ratings_count>
<publication_year></publication_year>
<publication_month></publication_month>
<publication_day></publication_day>
<authors>
<author>
<id>42437</id>
<name>J.L. Bourne</name>
<link><![CDATA[https://www.goodreads.com/author/show/42437.J_L_Bourne]]></link>
</author>
</authors>
</book>

          <book>
<id>11048733</id>
<title><![CDATA[The Gathering Dead (The Gathering Dead, #1)]]></title>
<title_without_series>The Gathering Dead</title_without_series>
<link><![CDATA[https://www.goodreads.com/book/show/11048733-the-gathering-dead]]></link>
<small_image_url><![CDATA[https://s.gr-assets.com/assets/nophoto/book/50x75-a91bf249278a81aabab721ef782c4a74.png]]></small_image_url>
<image_url><![CDATA[https://s.gr-assets.com/assets/nophoto/book/111x148-bcc042a9c91a29c1d680899eff700a03.png]]></image_url>
<num_pages>276</num_pages>
<work>
<id>15969687</id>
</work>
<isbn></isbn>
<isbn13></isbn13>
<average_rating>4.00</average_rating>
<ratings_count>1597</ratings_count>
<publication_year>2011</publication_year>
<publication_month>3</publication_month>
<publication_day>19</publication_day>
<authors>
<author>
<id>272370</id>
<name>Stephen Knight</name>
<link><![CDATA[https://www.goodreads.com/author/show/272370.Stephen_Knight]]></link>
</author>
</authors>
</book>

          <book>
<id>4772386</id>
<title><![CDATA[Life Sentence (Dying to Live, #2)]]></title>
<title_without_series>Life Sentence</title_without_series>
<link><![CDATA[https://www.goodreads.com/book/show/4772386-life-sentence]]></link>
<small_image_url><![CDATA[https://s.gr-assets.com/assets/nophoto/book/50x75-a91bf249278a81aabab721ef782c4a74.png]]></small_image_url>
<image_url><![CDATA[https://s.gr-assets.com/assets/nophoto/book/111x148-bcc042a9c91a29c1d680899eff700a03.png]]></image_url>
<num_pages>231</num_pages>
<work>
<id>6595971</id>
</work>
<isbn>1934861111</isbn>
<isbn13>9781934861110</isbn13>
<average_rating>3.90</average_rating>
<ratings_count>839</ratings_count>
<publication_year>2008</publication_year>
<publication_month>10</publication_month>
<publication_day>15</publication_day>
<authors>
<author>
<id>63950</id>
<name>Kim Paffenroth</name>
<link><![CDATA[https://www.goodreads.com/author/show/63950.Kim_Paffenroth]]></link>
</author>
</authors>
</book>

          <book>
<id>13172164</id>
<title>The Return Man</title>
<title_without_series>The Return Man</title_without_series>
<link><![CDATA[https://www.goodreads.com/book/show/13172164-the-return-man]]></link>
<small_image_url><![CDATA[https://images.gr-assets.com/books/1326236548s/13172164.jpg]]></small_image_url>
<image_url><![CDATA[https://images.gr-assets.com/books/1326236548m/13172164.jpg]]></image_url>
<num_pages>416</num_pages>
<work>
<id>18351700</id>
</work>
<isbn>0316218286</isbn>
<isbn13>9780316218283</isbn13>
<average_rating>3.86</average_rating>
<ratings_count>1288</ratings_count>
<publication_year></publication_year>
<publication_month></publication_month>
<publication_day></publication_day>
<authors>
<author>
<id>5324382</id>
<name>V.M. Zito</name>
<link><![CDATA[https://www.goodreads.com/author/show/5324382.V_M_Zito]]></link>
</author>
</authors>
</book>

  </similar_books>
</book>

</GoodreadsResponse>