<?xml version="1.0" encoding="UTF-8"?>
<GoodreadsResponse>
  <Request>
    <authentication>true</authentication>
      <key><![CDATA[all_men_must_serve]]></key>
    <method><![CDATA[book_show]]></method>
  </Request>
  <book>
  <id>10865206</id>
  <title><![CDATA[The Willpower Instinct: How Self-Control Works, Why It Matters, and What You Can Do to Get More of It]]></title>
  <isbn><![CDATA[1583334386]]></isbn>
  <isbn13><![CDATA[9781583334386]]></isbn13>
  <asin><![CDATA[]]></asin>
  <kindle_asin><![CDATA[]]></kindle_asin>
  <marketplace_id><![CDATA[]]></marketplace_id>
  <country_code><![CDATA[GB]]></country_code>
  <image_url>https://images.gr-assets.com/books/1436737104m/10865206.jpg</image_url>
  <small_image_url>https://images.gr-assets.com/books/1436737104s/10865206.jpg</small_image_url>
  <publication_year>2011</publication_year>
  <publication_month>12</publication_month>
  <publication_day>29</publication_day>
  <publisher>Avery</publisher>
  <language_code>eng</language_code>
  <is_ebook>false</is_ebook>
  <description><![CDATA[<b>The first book to explain the new science of self-control and how it can be harnessed to improve our health, happiness, and productivity.</b><br /><br />After years of watching her students struggling with their choices, health psychologist Kelly McGonigal, Ph.D., realized that much of what people believe about willpower is actually sabotaging their success. Committed to sharing what the scientific community already knew about self-control, McGonigal created a course called "The Science of Willpower" for Stanford University's Continuing Studies Program. The course was an instant hit and spawned the hugely successful <i>Psychology Today</i> blog with the same name.<br /><br />Informed by the latest research and combining cutting-edge insights from psychology, economics, neuroscience, and medicine, McGonigal's book explains exactly what willpower is, how it works, and why it matters. Readers will learn:<br /><br />Willpower is a mind-body response, not a virtue. It is a biological function that can be improved through mindfulness, exercise, nutrition, and sleep. People who have better control of their attention, emotions, and actions are healthier, happier, have more satisfying relationships, and make more money. Willpower is not an unlimited resource. Too much self-control can actually be bad for your health. Temptation and stress hijack the brain's systems of self-control, and that the brain can be trained for greater willpower.<br /><br />In the groundbreaking tradition of <i>Getting Things Done</i>, <i>The Willpower Instinct</i> combines life-changing prescriptive advice and complementary exercises to help readers with goals ranging from a healthier life to more patient parenting, from greater productivity at work to finally finishing the basement.]]></description>
  <work>
  <id type="integer">17553514</id>
  <books_count type="integer">38</books_count>
  <best_book_id type="integer">10865206</best_book_id>
  <reviews_count type="integer">65392</reviews_count>
  <ratings_sum type="integer">69822</ratings_sum>
  <ratings_count type="integer">17004</ratings_count>
  <text_reviews_count type="integer">1136</text_reviews_count>
  <original_publication_year type="integer">2011</original_publication_year>
  <original_publication_month type="integer" nil="true"/>
  <original_publication_day type="integer" nil="true"/>
  <original_title>The Willpower Instinct: How Self-Control Works, Why It Matters, and What You Can Do to Get More of It</original_title>
  <original_language_id type="integer" nil="true"/>
  <media_type>book</media_type>
  <rating_dist>5:6871|4:6396|3:2762|2:622|1:353|total:17004</rating_dist>
  <desc_user_id type="integer">17924274</desc_user_id>
  <default_chaptering_book_id type="integer" nil="true"/>
  <default_description_language_code nil="true"/>
</work>
  <average_rating>4.11</average_rating>
  <num_pages><![CDATA[275]]></num_pages>
  <format><![CDATA[Hardcover]]></format>
  <edition_information><![CDATA[]]></edition_information>
  <ratings_count><![CDATA[15336]]></ratings_count>
  <text_reviews_count><![CDATA[998]]></text_reviews_count>
  <url><![CDATA[https://www.goodreads.com/book/show/10865206-the-willpower-instinct]]></url>
  <link><![CDATA[https://www.goodreads.com/book/show/10865206-the-willpower-instinct]]></link>
  <authors>
<author>
<id>3251696</id>
<name>Kelly McGonigal</name>
<role></role>
<image_url nophoto='false'>
<![CDATA[https://images.gr-assets.com/authors/1427049996p5/3251696.jpg]]>
</image_url>
<small_image_url nophoto='false'>
<![CDATA[https://images.gr-assets.com/authors/1427049996p2/3251696.jpg]]>
</small_image_url>
<link><![CDATA[https://www.goodreads.com/author/show/3251696.Kelly_McGonigal]]></link>
<average_rating>4.11</average_rating>
<ratings_count>18601</ratings_count>
<text_reviews_count>1369</text_reviews_count>
</author>
</authors>

    <reviews_widget>
      <![CDATA[
        <style>
  #goodreads-widget {
    font-family: georgia, serif;
    padding: 18px 0;
    width:565px;
  }
  #goodreads-widget h1 {
    font-weight:normal;
    font-size: 16px;
    border-bottom: 1px solid #BBB596;
    margin-bottom: 0;
  }
  #goodreads-widget a {
    text-decoration: none;
    color:#660;
  }
  iframe{
    background-color: #fff;
  }
  #goodreads-widget a:hover { text-decoration: underline; }
  #goodreads-widget a:active {
    color:#660;
  }
  #gr_footer {
    width: 100%;
    border-top: 1px solid #BBB596;
    text-align: right;
  }
  #goodreads-widget .gr_branding{
    color: #382110;
    font-size: 11px;
    text-decoration: none;
    font-family: "Helvetica Neue", Helvetica, Arial, sans-serif;
  }
</style>
<div id="goodreads-widget">
  <div id="gr_header"><h1><a rel="nofollow" href="https://www.goodreads.com/book/show/10865206-the-willpower-instinct">The Willpower Instinct Reviews</a></h1></div>
  <iframe id="the_iframe" src="https://www.goodreads.com/api/reviews_widget_iframe?did=DEVELOPER_ID&amp;format=html&amp;isbn=1583334386&amp;links=660&amp;min_rating=&amp;review_back=fff&amp;stars=000&amp;text=000" width="565" height="400" frameborder="0"></iframe>
  <div id="gr_footer">
    <a class="gr_branding" target="_blank" rel="nofollow" href="https://www.goodreads.com/book/show/10865206-the-willpower-instinct?utm_medium=api&amp;utm_source=reviews_widget">Reviews from Goodreads.com</a>
  </div>
</div>

      ]]>
    </reviews_widget>
  <popular_shelves>
      <shelf name="to-read" count="11107"/>
      <shelf name="psychology" count="620"/>
      <shelf name="currently-reading" count="509"/>
      <shelf name="self-help" count="399"/>
      <shelf name="nonfiction" count="193"/>
      <shelf name="personal-development" count="132"/>
      <shelf name="science" count="108"/>
      <shelf name="non-fiction" count="99"/>
      <shelf name="favorites" count="91"/>
      <shelf name="audiobook" count="74"/>
      <shelf name="self-development" count="58"/>
      <shelf name="audible" count="58"/>
      <shelf name="audiobooks" count="56"/>
      <shelf name="health" count="46"/>
      <shelf name="audio" count="44"/>
      <shelf name="business" count="44"/>
      <shelf name="to-buy" count="39"/>
      <shelf name="owned" count="34"/>
      <shelf name="self-improvement" count="30"/>
      <shelf name="library" count="25"/>
      <shelf name="kindle" count="24"/>
      <shelf name="personal-growth" count="23"/>
      <shelf name="to-read-non-fiction" count="22"/>
      <shelf name="neuroscience" count="22"/>
      <shelf name="psych" count="21"/>
      <shelf name="audio-books" count="20"/>
      <shelf name="brain" count="17"/>
      <shelf name="productivity" count="16"/>
      <shelf name="non-fiction-to-read" count="16"/>
      <shelf name="leadership" count="15"/>
      <shelf name="to-read-nonfiction" count="15"/>
      <shelf name="on-hold" count="15"/>
      <shelf name="motivation" count="14"/>
      <shelf name="philosophy" count="14"/>
      <shelf name="self" count="14"/>
      <shelf name="unfinished" count="14"/>
      <shelf name="ebook" count="13"/>
      <shelf name="books-i-own" count="13"/>
      <shelf name="abandoned" count="13"/>
      <shelf name="wish-list" count="13"/>
      <shelf name="selfhelp" count="13"/>
      <shelf name="maybe" count="12"/>
      <shelf name="re-read" count="12"/>
      <shelf name="audio-book" count="12"/>
      <shelf name="improvement" count="12"/>
      <shelf name="read-in-2015" count="11"/>
      <shelf name="life" count="10"/>
      <shelf name="listened-to" count="10"/>
      <shelf name="read-in-2013" count="10"/>
      <shelf name="personal-improvement" count="10"/>
      <shelf name="education" count="10"/>
      <shelf name="next" count="10"/>
      <shelf name="listened" count="10"/>
      <shelf name="development" count="9"/>
      <shelf name="motivational" count="9"/>
      <shelf name="coaching" count="9"/>
      <shelf name="other" count="9"/>
      <shelf name="work" count="8"/>
      <shelf name="personal" count="8"/>
      <shelf name="my-books" count="8"/>
      <shelf name="didn-t-finish" count="8"/>
      <shelf name="learning" count="8"/>
      <shelf name="partially-read" count="8"/>
      <shelf name="priority" count="8"/>
      <shelf name="mind" count="8"/>
      <shelf name="educational" count="8"/>
      <shelf name="mindset" count="7"/>
      <shelf name="paused" count="7"/>
      <shelf name="to-re-read" count="7"/>
      <shelf name="growth" count="7"/>
      <shelf name="to-reread" count="7"/>
      <shelf name="career" count="7"/>
      <shelf name="business-books" count="7"/>
      <shelf name="to-read-self-help" count="7"/>
      <shelf name="habits" count="7"/>
      <shelf name="read-in-2016" count="6"/>
      <shelf name="read-2015" count="6"/>
      <shelf name="inspiration" count="6"/>
      <shelf name="next-to-read" count="6"/>
      <shelf name="self-growth" count="6"/>
      <shelf name="english" count="6"/>
      <shelf name="book-club" count="6"/>
      <shelf name="to-read-business" count="6"/>
      <shelf name="must-read" count="6"/>
      <shelf name="1" count="6"/>
      <shelf name="read-nonfiction" count="6"/>
      <shelf name="e-book" count="6"/>
      <shelf name="help" count="6"/>
      <shelf name="instructional" count="6"/>
      <shelf name="owned-books" count="6"/>
      <shelf name="social-science" count="6"/>
      <shelf name="social-psychology" count="6"/>
      <shelf name="read-in-2012" count="6"/>
      <shelf name="reference" count="6"/>
      <shelf name="2017-to-read" count="5"/>
      <shelf name="to-get" count="5"/>
      <shelf name="self-help-books" count="5"/>
      <shelf name="contemporary" count="5"/>
      <shelf name="non-fic" count="5"/>
      <shelf name="later" count="5"/>
  </popular_shelves>
  <book_links>
    <book_link>
  <id>8</id>
  <name>Libraries</name>
  <link>https://www.goodreads.com/book_link/follow/8</link>
</book_link>

  </book_links>
  <buy_links>
    <buy_link>
<id>1</id>
<name>Amazon</name>
<link>https://www.goodreads.com/book_link/follow/1</link>
</buy_link>
<buy_link>
<id>10</id>
<name>Audible</name>
<link>https://www.goodreads.com/book_link/follow/10</link>
</buy_link>
<buy_link>
<id>3</id>
<name>Barnes &amp; Noble</name>
<link>https://www.goodreads.com/book_link/follow/3</link>
</buy_link>
<buy_link>
<id>1027</id>
<name>Kobo</name>
<link>https://www.goodreads.com/book_link/follow/1027</link>
</buy_link>
<buy_link>
<id>2102</id>
<name>Apple iBooks</name>
<link>https://www.goodreads.com/book_link/follow/2102</link>
</buy_link>
<buy_link>
<id>8036</id>
<name>Google Play</name>
<link>https://www.goodreads.com/book_link/follow/8036</link>
</buy_link>
<buy_link>
<id>4</id>
<name>Abebooks</name>
<link>https://www.goodreads.com/book_link/follow/4</link>
</buy_link>
<buy_link>
<id>882</id>
<name>Book Depository</name>
<link>https://www.goodreads.com/book_link/follow/882</link>
</buy_link>
<buy_link>
<id>9</id>
<name>Indigo</name>
<link>https://www.goodreads.com/book_link/follow/9</link>
</buy_link>
<buy_link>
<id>2</id>
<name>Half.com</name>
<link>https://www.goodreads.com/book_link/follow/2</link>
</buy_link>
<buy_link>
<id>5</id>
<name>Alibris</name>
<link>https://www.goodreads.com/book_link/follow/5</link>
</buy_link>
<buy_link>
<id>107</id>
<name>Better World Books</name>
<link>https://www.goodreads.com/book_link/follow/107</link>
</buy_link>
<buy_link>
<id>7</id>
<name>IndieBound</name>
<link>https://www.goodreads.com/book_link/follow/7</link>
</buy_link>

  </buy_links>
  <series_works>
    
  </series_works>
  <similar_books>
          <book>
<id>11437838</id>
<title><![CDATA[What Makes Your Brain Happy and Why You Should Do the Opposite]]></title>
<title_without_series><![CDATA[What Makes Your Brain Happy and Why You Should Do the Opposite]]></title_without_series>
<link><![CDATA[https://www.goodreads.com/book/show/11437838-what-makes-your-brain-happy-and-why-you-should-do-the-opposite]]></link>
<small_image_url><![CDATA[https://images.gr-assets.com/books/1369818888s/11437838.jpg]]></small_image_url>
<image_url><![CDATA[https://images.gr-assets.com/books/1369818888m/11437838.jpg]]></image_url>
<num_pages>309</num_pages>
<work>
<id>16371475</id>
</work>
<isbn>1616144831</isbn>
<isbn13>9781616144838</isbn13>
<average_rating>3.80</average_rating>
<ratings_count>2424</ratings_count>
<publication_year>2011</publication_year>
<publication_month>11</publication_month>
<publication_day>22</publication_day>
<authors>
<author>
<id>4175123</id>
<name>David DiSalvo</name>
<link><![CDATA[https://www.goodreads.com/author/show/4175123.David_DiSalvo]]></link>
</author>
</authors>
</book>

          <book>
<id>9744815</id>
<title><![CDATA[Succeed: How We Can Reach Our Goals]]></title>
<title_without_series><![CDATA[Succeed: How We Can Reach Our Goals]]></title_without_series>
<link><![CDATA[https://www.goodreads.com/book/show/9744815-succeed]]></link>
<small_image_url><![CDATA[https://s.gr-assets.com/assets/nophoto/book/50x75-a91bf249278a81aabab721ef782c4a74.png]]></small_image_url>
<image_url><![CDATA[https://s.gr-assets.com/assets/nophoto/book/111x148-bcc042a9c91a29c1d680899eff700a03.png]]></image_url>
<num_pages></num_pages>
<work>
<id>14633970</id>
</work>
<isbn>1594630739</isbn>
<isbn13>9781594630736</isbn13>
<average_rating>4.19</average_rating>
<ratings_count>1439</ratings_count>
<publication_year></publication_year>
<publication_month></publication_month>
<publication_day></publication_day>
<authors>
<author>
<id>4472747</id>
<name>Heidi Grant Halvorson</name>
<link><![CDATA[https://www.goodreads.com/author/show/4472747.Heidi_Grant_Halvorson]]></link>
</author>
</authors>
</book>

          <book>
<id>13587213</id>
<title><![CDATA[Making Habits, Breaking Habits: Why We Do Things, Why We Don't, and How to Make Any Change Stick]]></title>
<title_without_series><![CDATA[Making Habits, Breaking Habits: Why We Do Things, Why We Don't, and How to Make Any Change Stick]]></title_without_series>
<link><![CDATA[https://www.goodreads.com/book/show/13587213-making-habits-breaking-habits]]></link>
<small_image_url><![CDATA[https://images.gr-assets.com/books/1356353818s/13587213.jpg]]></small_image_url>
<image_url><![CDATA[https://images.gr-assets.com/books/1356353818m/13587213.jpg]]></image_url>
<num_pages>272</num_pages>
<work>
<id>19174565</id>
</work>
<isbn>0738215988</isbn>
<isbn13>9780738215983</isbn13>
<average_rating>3.67</average_rating>
<ratings_count>1566</ratings_count>
<publication_year>2013</publication_year>
<publication_month>1</publication_month>
<publication_day>1</publication_day>
<authors>
<author>
<id>6428649</id>
<name>Jeremy  Dean</name>
<link><![CDATA[https://www.goodreads.com/author/show/6428649.Jeremy_Dean]]></link>
</author>
</authors>
</book>

          <book>
<id>9745641</id>
<title><![CDATA[Change Anything: The New Science of Personal Success]]></title>
<title_without_series><![CDATA[Change Anything: The New Science of Personal Success]]></title_without_series>
<link><![CDATA[https://www.goodreads.com/book/show/9745641-change-anything]]></link>
<small_image_url><![CDATA[https://images.gr-assets.com/books/1344269966s/9745641.jpg]]></small_image_url>
<image_url><![CDATA[https://images.gr-assets.com/books/1344269966m/9745641.jpg]]></image_url>
<num_pages>262</num_pages>
<work>
<id>14436057</id>
</work>
<isbn>0446573914</isbn>
<isbn13>9780446573917</isbn13>
<average_rating>3.95</average_rating>
<ratings_count>2054</ratings_count>
<publication_year>2011</publication_year>
<publication_month>4</publication_month>
<publication_day>11</publication_day>
<authors>
<author>
<id>9373</id>
<name>Kerry Patterson</name>
<link><![CDATA[https://www.goodreads.com/author/show/9373.Kerry_Patterson]]></link>
</author>
</authors>
</book>

          <book>
<id>11361213</id>
<title><![CDATA[Situations Matter: Understanding How Context Transforms Your World]]></title>
<title_without_series><![CDATA[Situations Matter: Understanding How Context Transforms Your World]]></title_without_series>
<link><![CDATA[https://www.goodreads.com/book/show/11361213-situations-matter]]></link>
<small_image_url><![CDATA[https://images.gr-assets.com/books/1324343099s/11361213.jpg]]></small_image_url>
<image_url><![CDATA[https://images.gr-assets.com/books/1324343099m/11361213.jpg]]></image_url>
<num_pages>290</num_pages>
<work>
<id>16291298</id>
</work>
<isbn>1594488185</isbn>
<isbn13>9781594488184</isbn13>
<average_rating>3.74</average_rating>
<ratings_count>1071</ratings_count>
<publication_year></publication_year>
<publication_month></publication_month>
<publication_day></publication_day>
<authors>
<author>
<id>1003249</id>
<name>Sam Sommers</name>
<link><![CDATA[https://www.goodreads.com/author/show/1003249.Sam_Sommers]]></link>
</author>
</authors>
</book>

          <book>
<id>9272404</id>
<title><![CDATA[The Compass of Pleasure: How Our Brains Make Fatty Foods, Orgasm, Exercise, Marijuana, Generosity, Vodka, Learning, and Gambling Feel So Good]]></title>
<title_without_series><![CDATA[The Compass of Pleasure: How Our Brains Make Fatty Foods, Orgasm, Exercise, Marijuana, Generosity, Vodka, Learning, and Gambling Feel So Good]]></title_without_series>
<link><![CDATA[https://www.goodreads.com/book/show/9272404-the-compass-of-pleasure]]></link>
<small_image_url><![CDATA[https://s.gr-assets.com/assets/nophoto/book/50x75-a91bf249278a81aabab721ef782c4a74.png]]></small_image_url>
<image_url><![CDATA[https://s.gr-assets.com/assets/nophoto/book/111x148-bcc042a9c91a29c1d680899eff700a03.png]]></image_url>
<num_pages></num_pages>
<work>
<id>14154141</id>
</work>
<isbn>0670022586</isbn>
<isbn13>9780670022588</isbn13>
<average_rating>3.85</average_rating>
<ratings_count>4132</ratings_count>
<publication_year></publication_year>
<publication_month></publication_month>
<publication_day></publication_day>
<authors>
<author>
<id>216998</id>
<name>David J. Linden</name>
<link><![CDATA[https://www.goodreads.com/author/show/216998.David_J_Linden]]></link>
</author>
</authors>
</book>

          <book>
<id>11516274</id>
<title><![CDATA[Redirect: The Surprising New Science of Psychological Change]]></title>
<title_without_series><![CDATA[Redirect: The Surprising New Science of Psychological Change]]></title_without_series>
<link><![CDATA[https://www.goodreads.com/book/show/11516274-redirect]]></link>
<small_image_url><![CDATA[https://images.gr-assets.com/books/1344271721s/11516274.jpg]]></small_image_url>
<image_url><![CDATA[https://images.gr-assets.com/books/1344271721m/11516274.jpg]]></image_url>
<num_pages>288</num_pages>
<work>
<id>16452729</id>
</work>
<isbn>0316051888</isbn>
<isbn13>9780316051880</isbn13>
<average_rating>3.73</average_rating>
<ratings_count>1275</ratings_count>
<publication_year>2011</publication_year>
<publication_month>9</publication_month>
<publication_day>8</publication_day>
<authors>
<author>
<id>3447853</id>
<name>Timothy D. Wilson</name>
<link><![CDATA[https://www.goodreads.com/author/show/3447853.Timothy_D_Wilson]]></link>
</author>
</authors>
</book>

          <book>
<id>10929824</id>
<title><![CDATA[Out of Character: Surprising Truths About the Liar, Cheat, Sinner (and Saint) Lurking in All of Us]]></title>
<title_without_series><![CDATA[Out of Character: Surprising Truths About the Liar, Cheat, Sinner (and Saint) Lurking in All of Us]]></title_without_series>
<link><![CDATA[https://www.goodreads.com/book/show/10929824-out-of-character]]></link>
<small_image_url><![CDATA[https://images.gr-assets.com/books/1360571076s/10929824.jpg]]></small_image_url>
<image_url><![CDATA[https://images.gr-assets.com/books/1360571076m/10929824.jpg]]></image_url>
<num_pages>288</num_pages>
<work>
<id>15846911</id>
</work>
<isbn>0307717771</isbn>
<isbn13>9780307717771</isbn13>
<average_rating>3.63</average_rating>
<ratings_count>339</ratings_count>
<publication_year>2011</publication_year>
<publication_month>5</publication_month>
<publication_day>3</publication_day>
<authors>
<author>
<id>4453965</id>
<name>David DeSteno</name>
<link><![CDATA[https://www.goodreads.com/author/show/4453965.David_DeSteno]]></link>
</author>
</authors>
</book>

          <book>
<id>6899290</id>
<title><![CDATA[Your Brain at Work: Strategies for Overcoming Distraction, Regaining Focus, and Working Smarter All Day Long]]></title>
<title_without_series><![CDATA[Your Brain at Work: Strategies for Overcoming Distraction, Regaining Focus, and Working Smarter All Day Long]]></title_without_series>
<link><![CDATA[https://www.goodreads.com/book/show/6899290-your-brain-at-work]]></link>
<small_image_url><![CDATA[https://s.gr-assets.com/assets/nophoto/book/50x75-a91bf249278a81aabab721ef782c4a74.png]]></small_image_url>
<image_url><![CDATA[https://s.gr-assets.com/assets/nophoto/book/111x148-bcc042a9c91a29c1d680899eff700a03.png]]></image_url>
<num_pages>304</num_pages>
<work>
<id>7122118</id>
</work>
<isbn>0061771295</isbn>
<isbn13>9780061771293</isbn13>
<average_rating>4.10</average_rating>
<ratings_count>6101</ratings_count>
<publication_year>2009</publication_year>
<publication_month>10</publication_month>
<publication_day>6</publication_day>
<authors>
<author>
<id>27335</id>
<name>David Rock</name>
<link><![CDATA[https://www.goodreads.com/author/show/27335.David_Rock]]></link>
</author>
</authors>
</book>

          <book>
<id>4462310</id>
<title><![CDATA[The Pursuit of Perfect: How to Stop Chasing Perfection and Start Living a Richer, Happier Life]]></title>
<title_without_series><![CDATA[The Pursuit of Perfect: How to Stop Chasing Perfection and Start Living a Richer, Happier Life]]></title_without_series>
<link><![CDATA[https://www.goodreads.com/book/show/4462310-the-pursuit-of-perfect]]></link>
<small_image_url><![CDATA[https://s.gr-assets.com/assets/nophoto/book/50x75-a91bf249278a81aabab721ef782c4a74.png]]></small_image_url>
<image_url><![CDATA[https://s.gr-assets.com/assets/nophoto/book/111x148-bcc042a9c91a29c1d680899eff700a03.png]]></image_url>
<num_pages>246</num_pages>
<work>
<id>4510563</id>
</work>
<isbn>0071608826</isbn>
<isbn13>9780071608824</isbn13>
<average_rating>4.03</average_rating>
<ratings_count>960</ratings_count>
<publication_year></publication_year>
<publication_month></publication_month>
<publication_day></publication_day>
<authors>
<author>
<id>8496</id>
<name>Tal Ben-Shahar</name>
<link><![CDATA[https://www.goodreads.com/author/show/8496.Tal_Ben_Shahar]]></link>
</author>
</authors>
</book>

          <book>
<id>11104933</id>
<title><![CDATA[Willpower: Rediscovering the Greatest Human Strength]]></title>
<title_without_series><![CDATA[Willpower: Rediscovering the Greatest Human Strength]]></title_without_series>
<link><![CDATA[https://www.goodreads.com/book/show/11104933-willpower]]></link>
<small_image_url><![CDATA[https://s.gr-assets.com/assets/nophoto/book/50x75-a91bf249278a81aabab721ef782c4a74.png]]></small_image_url>
<image_url><![CDATA[https://s.gr-assets.com/assets/nophoto/book/111x148-bcc042a9c91a29c1d680899eff700a03.png]]></image_url>
<num_pages>291</num_pages>
<work>
<id>16027103</id>
</work>
<isbn>1594203075</isbn>
<isbn13>9781594203077</isbn13>
<average_rating>3.95</average_rating>
<ratings_count>13827</ratings_count>
<publication_year>2011</publication_year>
<publication_month>9</publication_month>
<publication_day>1</publication_day>
<authors>
<author>
<id>132685</id>
<name>Roy F. Baumeister</name>
<link><![CDATA[https://www.goodreads.com/author/show/132685.Roy_F_Baumeister]]></link>
</author>
</authors>
</book>

          <book>
<id>721609</id>
<title><![CDATA[Spark: The Revolutionary New Science of Exercise and the Brain]]></title>
<title_without_series><![CDATA[Spark: The Revolutionary New Science of Exercise and the Brain]]></title_without_series>
<link><![CDATA[https://www.goodreads.com/book/show/721609.Spark]]></link>
<small_image_url><![CDATA[https://images.gr-assets.com/books/1344269833s/721609.jpg]]></small_image_url>
<image_url><![CDATA[https://images.gr-assets.com/books/1344269833m/721609.jpg]]></image_url>
<num_pages>304</num_pages>
<work>
<id>376155</id>
</work>
<isbn>0316113506</isbn>
<isbn13>9780316113502</isbn13>
<average_rating>4.12</average_rating>
<ratings_count>6684</ratings_count>
<publication_year>2008</publication_year>
<publication_month>1</publication_month>
<publication_day>10</publication_day>
<authors>
<author>
<id>46636</id>
<name>John J. Ratey</name>
<link><![CDATA[https://www.goodreads.com/author/show/46636.John_J_Ratey]]></link>
</author>
</authors>
</book>

          <book>
<id>13427350</id>
<title><![CDATA[Practicing Mindfulness: An Introduction to Meditation (The Teaching Company)]]></title>
<title_without_series><![CDATA[Practicing Mindfulness: An Introduction to Meditation]]></title_without_series>
<link><![CDATA[https://www.goodreads.com/book/show/13427350-practicing-mindfulness]]></link>
<small_image_url><![CDATA[https://images.gr-assets.com/books/1327651920s/13427350.jpg]]></small_image_url>
<image_url><![CDATA[https://images.gr-assets.com/books/1327651920m/13427350.jpg]]></image_url>
<num_pages></num_pages>
<work>
<id>18914931</id>
</work>
<isbn></isbn>
<isbn13></isbn13>
<average_rating>4.11</average_rating>
<ratings_count>324</ratings_count>
<publication_year></publication_year>
<publication_month></publication_month>
<publication_day></publication_day>
<authors>
<author>
<id>1254892</id>
<name>Mark W. Muesse</name>
<link><![CDATA[https://www.goodreads.com/author/show/1254892.Mark_W_Muesse]]></link>
</author>
</authors>
</book>

          <book>
<id>7391168</id>
<title><![CDATA[Rewire Your Brain: Think Your Way to a Better Life]]></title>
<title_without_series><![CDATA[Rewire Your Brain: Think Your Way to a Better Life]]></title_without_series>
<link><![CDATA[https://www.goodreads.com/book/show/7391168-rewire-your-brain]]></link>
<small_image_url><![CDATA[https://s.gr-assets.com/assets/nophoto/book/50x75-a91bf249278a81aabab721ef782c4a74.png]]></small_image_url>
<image_url><![CDATA[https://s.gr-assets.com/assets/nophoto/book/111x148-bcc042a9c91a29c1d680899eff700a03.png]]></image_url>
<num_pages>243</num_pages>
<work>
<id>9260403</id>
</work>
<isbn>0470487291</isbn>
<isbn13>9780470487297</isbn13>
<average_rating>3.84</average_rating>
<ratings_count>667</ratings_count>
<publication_year>2010</publication_year>
<publication_month>3</publication_month>
<publication_day>29</publication_day>
<authors>
<author>
<id>530085</id>
<name>John B. Arden</name>
<link><![CDATA[https://www.goodreads.com/author/show/530085.John_B_Arden]]></link>
</author>
</authors>
</book>

          <book>
<id>224786</id>
<title>Mindfulness</title>
<title_without_series>Mindfulness</title_without_series>
<link><![CDATA[https://www.goodreads.com/book/show/224786.Mindfulness]]></link>
<small_image_url><![CDATA[https://s.gr-assets.com/assets/nophoto/book/50x75-a91bf249278a81aabab721ef782c4a74.png]]></small_image_url>
<image_url><![CDATA[https://s.gr-assets.com/assets/nophoto/book/111x148-bcc042a9c91a29c1d680899eff700a03.png]]></image_url>
<num_pages>256</num_pages>
<work>
<id>217705</id>
</work>
<isbn>0201523418</isbn>
<isbn13>9780201523416</isbn13>
<average_rating>3.80</average_rating>
<ratings_count>1509</ratings_count>
<publication_year>1990</publication_year>
<publication_month>1</publication_month>
<publication_day>22</publication_day>
<authors>
<author>
<id>237796</id>
<name>Ellen J. Langer</name>
<link><![CDATA[https://www.goodreads.com/author/show/237796.Ellen_J_Langer]]></link>
</author>
</authors>
</book>

          <book>
<id>255131</id>
<title><![CDATA[Self-Discipline in 10 Days: How to Go from Thinking to Doing]]></title>
<title_without_series><![CDATA[Self-Discipline in 10 Days: How to Go from Thinking to Doing]]></title_without_series>
<link><![CDATA[https://www.goodreads.com/book/show/255131.Self_Discipline_in_10_Days]]></link>
<small_image_url><![CDATA[https://s.gr-assets.com/assets/nophoto/book/50x75-a91bf249278a81aabab721ef782c4a74.png]]></small_image_url>
<image_url><![CDATA[https://s.gr-assets.com/assets/nophoto/book/111x148-bcc042a9c91a29c1d680899eff700a03.png]]></image_url>
<num_pages></num_pages>
<work>
<id>247258</id>
</work>
<isbn>1880115069</isbn>
<isbn13>9781880115060</isbn13>
<average_rating>3.80</average_rating>
<ratings_count>563</ratings_count>
<publication_year></publication_year>
<publication_month></publication_month>
<publication_day></publication_day>
<authors>
<author>
<id>149080</id>
<name>Theodore Bryant</name>
<link><![CDATA[https://www.goodreads.com/author/show/149080.Theodore_Bryant]]></link>
</author>
</authors>
</book>

          <book>
<id>10889882</id>
<title><![CDATA[The Branded Mind: What Neuroscience Really Tells Us about the Puzzle of the Brain and the Brand]]></title>
<title_without_series><![CDATA[The Branded Mind: What Neuroscience Really Tells Us about the Puzzle of the Brain and the Brand]]></title_without_series>
<link><![CDATA[https://www.goodreads.com/book/show/10889882-the-branded-mind]]></link>
<small_image_url><![CDATA[https://images.gr-assets.com/books/1328820622s/10889882.jpg]]></small_image_url>
<image_url><![CDATA[https://images.gr-assets.com/books/1328820622m/10889882.jpg]]></image_url>
<num_pages>272</num_pages>
<work>
<id>15805645</id>
</work>
<isbn>074946125X</isbn>
<isbn13>9780749461256</isbn13>
<average_rating>3.89</average_rating>
<ratings_count>114</ratings_count>
<publication_year>2011</publication_year>
<publication_month>3</publication_month>
<publication_day>15</publication_day>
<authors>
<author>
<id>665714</id>
<name>Erik Du Plessis</name>
<link><![CDATA[https://www.goodreads.com/author/show/665714.Erik_Du_Plessis]]></link>
</author>
</authors>
</book>

          <book>
<id>14891980</id>
<title><![CDATA[The 5 Elements of Effective Thinking]]></title>
<title_without_series><![CDATA[The 5 Elements of Effective Thinking]]></title_without_series>
<link><![CDATA[https://www.goodreads.com/book/show/14891980-the-5-elements-of-effective-thinking]]></link>
<small_image_url><![CDATA[https://s.gr-assets.com/assets/nophoto/book/50x75-a91bf249278a81aabab721ef782c4a74.png]]></small_image_url>
<image_url><![CDATA[https://s.gr-assets.com/assets/nophoto/book/111x148-bcc042a9c91a29c1d680899eff700a03.png]]></image_url>
<num_pages>157</num_pages>
<work>
<id>20545745</id>
</work>
<isbn>0691156662</isbn>
<isbn13>9780691156668</isbn13>
<average_rating>4.08</average_rating>
<ratings_count>3438</ratings_count>
<publication_year>2012</publication_year>
<publication_month>8</publication_month>
<publication_day>26</publication_day>
<authors>
<author>
<id>43446</id>
<name>Edward B. Burger</name>
<link><![CDATA[https://www.goodreads.com/author/show/43446.Edward_B_Burger]]></link>
</author>
</authors>
</book>

  </similar_books>
</book>

</GoodreadsResponse>