<?xml version="1.0" encoding="UTF-8"?>
<GoodreadsResponse>
  <Request>
    <authentication>true</authentication>
      <key><![CDATA[all_men_must_serve]]></key>
    <method><![CDATA[book_show]]></method>
  </Request>
  <book>
  <id>10870589</id>
  <title>Growing Up Amish</title>
  <isbn><![CDATA[1414339364]]></isbn>
  <isbn13><![CDATA[9781414339368]]></isbn13>
  <asin><![CDATA[]]></asin>
  <kindle_asin><![CDATA[B0051CC7LC]]></kindle_asin>
  <marketplace_id><![CDATA[A1F83G8C2ARO7P]]></marketplace_id>
  <country_code><![CDATA[GB]]></country_code>
  <image_url>https://images.gr-assets.com/books/1406514526m/10870589.jpg</image_url>
  <small_image_url>https://images.gr-assets.com/books/1406514526s/10870589.jpg</small_image_url>
  <publication_year>2012</publication_year>
  <publication_month>4</publication_month>
  <publication_day>1</publication_day>
  <publisher>Tyndale House Publishers</publisher>
  <language_code>eng</language_code>
  <is_ebook>false</is_ebook>
  <description><![CDATA[Ira Wagler was born in 1961, the ninth of a Canadian Amish couple's eleven children. At seventeen, in the dark of night, he left the religious settlement, but it was only nine years later that he finally left the church for good. His favorite Bible verse is from Psalm 34: "Delight yourself in the Lord, and He will give you the desires of your heart." In this new memoir, he tells what it was like growing up Old World Amish and what it felt like leaving it for a strange new world. Far more than picturesque; <i>Growing Up Amish</i> conveys one man's heartfelt experience.]]></description>
  <work>
  <id type="integer">15785860</id>
  <books_count type="integer">8</books_count>
  <best_book_id type="integer">10870589</best_book_id>
  <reviews_count type="integer">38224</reviews_count>
  <ratings_sum type="integer">34600</ratings_sum>
  <ratings_count type="integer">10290</ratings_count>
  <text_reviews_count type="integer">1074</text_reviews_count>
  <original_publication_year type="integer">2011</original_publication_year>
  <original_publication_month type="integer">6</original_publication_month>
  <original_publication_day type="integer">28</original_publication_day>
  <original_title>Growing up Amish</original_title>
  <original_language_id type="integer" nil="true"/>
  <media_type>book</media_type>
  <rating_dist>5:1676|4:2775|3:3887|2:1507|1:445|total:10290</rating_dist>
  <desc_user_id type="integer">2632737</desc_user_id>
  <default_chaptering_book_id type="integer" nil="true"/>
  <default_description_language_code nil="true"/>
</work>
  <average_rating>3.36</average_rating>
  <num_pages><![CDATA[272]]></num_pages>
  <format><![CDATA[Paperback]]></format>
  <edition_information><![CDATA[]]></edition_information>
  <ratings_count><![CDATA[9088]]></ratings_count>
  <text_reviews_count><![CDATA[1001]]></text_reviews_count>
  <url><![CDATA[https://www.goodreads.com/book/show/10870589-growing-up-amish]]></url>
  <link><![CDATA[https://www.goodreads.com/book/show/10870589-growing-up-amish]]></link>
  <authors>
<author>
<id>4740585</id>
<name>Ira Wagler</name>
<role></role>
<image_url nophoto='false'>
<![CDATA[https://images.gr-assets.com/authors/1342540556p5/4740585.jpg]]>
</image_url>
<small_image_url nophoto='false'>
<![CDATA[https://images.gr-assets.com/authors/1342540556p2/4740585.jpg]]>
</small_image_url>
<link><![CDATA[https://www.goodreads.com/author/show/4740585.Ira_Wagler]]></link>
<average_rating>3.36</average_rating>
<ratings_count>10291</ratings_count>
<text_reviews_count>1074</text_reviews_count>
</author>
</authors>

    <reviews_widget>
      <![CDATA[
        <style>
  #goodreads-widget {
    font-family: georgia, serif;
    padding: 18px 0;
    width:565px;
  }
  #goodreads-widget h1 {
    font-weight:normal;
    font-size: 16px;
    border-bottom: 1px solid #BBB596;
    margin-bottom: 0;
  }
  #goodreads-widget a {
    text-decoration: none;
    color:#660;
  }
  iframe{
    background-color: #fff;
  }
  #goodreads-widget a:hover { text-decoration: underline; }
  #goodreads-widget a:active {
    color:#660;
  }
  #gr_footer {
    width: 100%;
    border-top: 1px solid #BBB596;
    text-align: right;
  }
  #goodreads-widget .gr_branding{
    color: #382110;
    font-size: 11px;
    text-decoration: none;
    font-family: "Helvetica Neue", Helvetica, Arial, sans-serif;
  }
</style>
<div id="goodreads-widget">
  <div id="gr_header"><h1><a rel="nofollow" href="https://www.goodreads.com/book/show/10870589-growing-up-amish">Growing Up Amish Reviews</a></h1></div>
  <iframe id="the_iframe" src="https://www.goodreads.com/api/reviews_widget_iframe?did=DEVELOPER_ID&amp;format=html&amp;isbn=1414339364&amp;links=660&amp;min_rating=&amp;review_back=fff&amp;stars=000&amp;text=000" width="565" height="400" frameborder="0"></iframe>
  <div id="gr_footer">
    <a class="gr_branding" target="_blank" rel="nofollow" href="https://www.goodreads.com/book/show/10870589-growing-up-amish?utm_medium=api&amp;utm_source=reviews_widget">Reviews from Goodreads.com</a>
  </div>
</div>

      ]]>
    </reviews_widget>
  <popular_shelves>
      <shelf name="to-read" count="27030"/>
      <shelf name="non-fiction" count="65"/>
      <shelf name="memoir" count="55"/>
      <shelf name="nonfiction" count="40"/>
      <shelf name="biography" count="26"/>
      <shelf name="amish" count="25"/>
      <shelf name="book-club" count="23"/>
      <shelf name="audiobooks" count="21"/>
      <shelf name="religion" count="20"/>
      <shelf name="library" count="18"/>
      <shelf name="currently-reading" count="16"/>
      <shelf name="audiobook" count="16"/>
      <shelf name="memoir-biography" count="16"/>
      <shelf name="memoirs" count="14"/>
      <shelf name="audio-books" count="14"/>
      <shelf name="adult" count="14"/>
      <shelf name="audio" count="13"/>
      <shelf name="audio-book" count="11"/>
      <shelf name="owned" count="10"/>
      <shelf name="abandoned" count="10"/>
      <shelf name="biographies-memoirs" count="10"/>
      <shelf name="wish-list" count="9"/>
      <shelf name="biographies" count="8"/>
      <shelf name="biography-autobiography" count="8"/>
      <shelf name="didn-t-finish" count="8"/>
      <shelf name="bio-memoir" count="8"/>
      <shelf name="coming-of-age" count="8"/>
      <shelf name="ebook" count="8"/>
      <shelf name="autobiography" count="7"/>
      <shelf name="biographical" count="7"/>
      <shelf name="memoir-autobiography" count="7"/>
      <shelf name="to-buy" count="7"/>
      <shelf name="autobiography-memoir" count="6"/>
      <shelf name="biography-memoir" count="6"/>
      <shelf name="bookworm-bitches" count="6"/>
      <shelf name="bio" count="6"/>
      <shelf name="read-2012" count="6"/>
      <shelf name="family" count="6"/>
      <shelf name="adult-nonfiction" count="6"/>
      <shelf name="to-read-non-fiction" count="6"/>
      <shelf name="reviewed" count="6"/>
      <shelf name="want-to-read" count="6"/>
      <shelf name="christian" count="5"/>
      <shelf name="read-in-2014" count="5"/>
      <shelf name="canadian" count="5"/>
      <shelf name="bios" count="5"/>
      <shelf name="dnf" count="5"/>
      <shelf name="e-book" count="5"/>
      <shelf name="borrowed" count="5"/>
      <shelf name="overdrive" count="5"/>
      <shelf name="favorites" count="5"/>
      <shelf name="memoir-bio" count="5"/>
      <shelf name="spiritual" count="5"/>
      <shelf name="read-in-2011" count="5"/>
      <shelf name="e-books" count="5"/>
      <shelf name="read-in-2015" count="4"/>
      <shelf name="spirituality" count="4"/>
      <shelf name="to-read-nonfiction" count="4"/>
      <shelf name="history" count="4"/>
      <shelf name="memoirs-biographies" count="4"/>
      <shelf name="books" count="4"/>
      <shelf name="auto-biographies" count="4"/>
      <shelf name="culture" count="4"/>
      <shelf name="sociology" count="4"/>
      <shelf name="biography-and-memoir" count="4"/>
      <shelf name="to-read-library" count="4"/>
      <shelf name="maybe" count="4"/>
      <shelf name="read-in-2017" count="3"/>
      <shelf name="2016-books" count="3"/>
      <shelf name="read-in-2016" count="3"/>
      <shelf name="read-2016" count="3"/>
      <shelf name="audible" count="3"/>
      <shelf name="read-2014" count="3"/>
      <shelf name="christianity" count="3"/>
      <shelf name="nonfic" count="3"/>
      <shelf name="christian-life" count="3"/>
      <shelf name="auto-biography" count="3"/>
      <shelf name="books-i-own" count="3"/>
      <shelf name="memoirs-bios" count="3"/>
      <shelf name="faith" count="3"/>
      <shelf name="2012-reads" count="3"/>
      <shelf name="contemporary" count="3"/>
      <shelf name="adult-non-fiction" count="3"/>
      <shelf name="available-at-library" count="3"/>
      <shelf name="owned-books" count="3"/>
      <shelf name="2012-books" count="3"/>
      <shelf name="read-2011" count="3"/>
      <shelf name="on-kindle" count="3"/>
      <shelf name="my-books" count="3"/>
      <shelf name="library-books" count="3"/>
      <shelf name="religion-spirituality" count="3"/>
      <shelf name="amish-books" count="3"/>
      <shelf name="personal" count="3"/>
      <shelf name="non-fic" count="3"/>
      <shelf name="first-reads" count="3"/>
      <shelf name="nook" count="3"/>
      <shelf name="christian-non-fiction" count="3"/>
      <shelf name="i-own" count="3"/>
      <shelf name="netgalley" count="3"/>
      <shelf name="helmet-2017" count="2"/>
  </popular_shelves>
  <book_links>
    <book_link>
  <id>8</id>
  <name>Libraries</name>
  <link>https://www.goodreads.com/book_link/follow/8</link>
</book_link>

  </book_links>
  <buy_links>
    <buy_link>
<id>1</id>
<name>Amazon</name>
<link>https://www.goodreads.com/book_link/follow/1</link>
</buy_link>
<buy_link>
<id>10</id>
<name>Audible</name>
<link>https://www.goodreads.com/book_link/follow/10</link>
</buy_link>
<buy_link>
<id>3</id>
<name>Barnes &amp; Noble</name>
<link>https://www.goodreads.com/book_link/follow/3</link>
</buy_link>
<buy_link>
<id>1027</id>
<name>Kobo</name>
<link>https://www.goodreads.com/book_link/follow/1027</link>
</buy_link>
<buy_link>
<id>2102</id>
<name>Apple iBooks</name>
<link>https://www.goodreads.com/book_link/follow/2102</link>
</buy_link>
<buy_link>
<id>8036</id>
<name>Google Play</name>
<link>https://www.goodreads.com/book_link/follow/8036</link>
</buy_link>
<buy_link>
<id>4</id>
<name>Abebooks</name>
<link>https://www.goodreads.com/book_link/follow/4</link>
</buy_link>
<buy_link>
<id>882</id>
<name>Book Depository</name>
<link>https://www.goodreads.com/book_link/follow/882</link>
</buy_link>
<buy_link>
<id>9</id>
<name>Indigo</name>
<link>https://www.goodreads.com/book_link/follow/9</link>
</buy_link>
<buy_link>
<id>2</id>
<name>Half.com</name>
<link>https://www.goodreads.com/book_link/follow/2</link>
</buy_link>
<buy_link>
<id>5</id>
<name>Alibris</name>
<link>https://www.goodreads.com/book_link/follow/5</link>
</buy_link>
<buy_link>
<id>107</id>
<name>Better World Books</name>
<link>https://www.goodreads.com/book_link/follow/107</link>
</buy_link>
<buy_link>
<id>7</id>
<name>IndieBound</name>
<link>https://www.goodreads.com/book_link/follow/7</link>
</buy_link>

  </buy_links>
  <series_works>
    
  </series_works>
  <similar_books>
          <book>
<id>8468297</id>
<title><![CDATA[Once Upon a Secret: My Affair with President John F. Kennedy and Its Aftermath]]></title>
<title_without_series><![CDATA[Once Upon a Secret: My Affair with President John F. Kennedy and Its Aftermath]]></title_without_series>
<link><![CDATA[https://www.goodreads.com/book/show/8468297-once-upon-a-secret]]></link>
<small_image_url><![CDATA[https://images.gr-assets.com/books/1333579858s/8468297.jpg]]></small_image_url>
<image_url><![CDATA[https://images.gr-assets.com/books/1333579858m/8468297.jpg]]></image_url>
<num_pages>198</num_pages>
<work>
<id>13332877</id>
</work>
<isbn>1400069106</isbn>
<isbn13>9781400069101</isbn13>
<average_rating>3.49</average_rating>
<ratings_count>7713</ratings_count>
<publication_year></publication_year>
<publication_month></publication_month>
<publication_day></publication_day>
<authors>
<author>
<id>4087831</id>
<name>Mimi Alford</name>
<link><![CDATA[https://www.goodreads.com/author/show/4087831.Mimi_Alford]]></link>
</author>
</authors>
</book>

          <book>
<id>13547241</id>
<title><![CDATA[Unorthodox: The Scandalous Rejection of My Hasidic Roots]]></title>
<title_without_series><![CDATA[Unorthodox: The Scandalous Rejection of My Hasidic Roots]]></title_without_series>
<link><![CDATA[https://www.goodreads.com/book/show/13547241-unorthodox]]></link>
<small_image_url><![CDATA[https://images.gr-assets.com/books/1336676500s/13547241.jpg]]></small_image_url>
<image_url><![CDATA[https://images.gr-assets.com/books/1336676500m/13547241.jpg]]></image_url>
<num_pages></num_pages>
<work>
<id>16322595</id>
</work>
<isbn>1439187010</isbn>
<isbn13>9781439187012</isbn13>
<average_rating>3.67</average_rating>
<ratings_count>15970</ratings_count>
<publication_year></publication_year>
<publication_month></publication_month>
<publication_day></publication_day>
<authors>
<author>
<id>4860073</id>
<name>Deborah Feldman</name>
<link><![CDATA[https://www.goodreads.com/author/show/4860073.Deborah_Feldman]]></link>
</author>
</authors>
</book>

          <book>
<id>12475019</id>
<title><![CDATA[Some Assembly Required: A Journal of My Son's First Son]]></title>
<title_without_series><![CDATA[Some Assembly Required: A Journal of My Son's First Son]]></title_without_series>
<link><![CDATA[https://www.goodreads.com/book/show/12475019-some-assembly-required]]></link>
<small_image_url><![CDATA[https://images.gr-assets.com/books/1325716296s/12475019.jpg]]></small_image_url>
<image_url><![CDATA[https://images.gr-assets.com/books/1325716296m/12475019.jpg]]></image_url>
<num_pages>272</num_pages>
<work>
<id>17459278</id>
</work>
<isbn>159448841X</isbn>
<isbn13>9781594488412</isbn13>
<average_rating>3.61</average_rating>
<ratings_count>10874</ratings_count>
<publication_year>2012</publication_year>
<publication_month>3</publication_month>
<publication_day>20</publication_day>
<authors>
<author>
<id>7113</id>
<name>Anne Lamott</name>
<link><![CDATA[https://www.goodreads.com/author/show/7113.Anne_Lamott]]></link>
</author>
</authors>
</book>

          <book>
<id>8701926</id>
<title>An Amish Love</title>
<title_without_series>An Amish Love</title_without_series>
<link><![CDATA[https://www.goodreads.com/book/show/8701926-an-amish-love]]></link>
<small_image_url><![CDATA[https://images.gr-assets.com/books/1380856686s/8701926.jpg]]></small_image_url>
<image_url><![CDATA[https://images.gr-assets.com/books/1380856686m/8701926.jpg]]></image_url>
<num_pages>400</num_pages>
<work>
<id>13574714</id>
</work>
<isbn>1595548750</isbn>
<isbn13>9781595548757</isbn13>
<average_rating>4.32</average_rating>
<ratings_count>1123</ratings_count>
<publication_year>2010</publication_year>
<publication_month>12</publication_month>
<publication_day>26</publication_day>
<authors>
<author>
<id>1224900</id>
<name>Beth Wiseman</name>
<link><![CDATA[https://www.goodreads.com/author/show/1224900.Beth_Wiseman]]></link>
</author>
</authors>
</book>

          <book>
<id>12511117</id>
<title><![CDATA[You're Not Doing It Right: Tales of Marriage, Sex, Death, and Other Humiliations]]></title>
<title_without_series><![CDATA[You're Not Doing It Right: Tales of Marriage, Sex, Death, and Other Humiliations]]></title_without_series>
<link><![CDATA[https://www.goodreads.com/book/show/12511117-you-re-not-doing-it-right]]></link>
<small_image_url><![CDATA[https://images.gr-assets.com/books/1326168351s/12511117.jpg]]></small_image_url>
<image_url><![CDATA[https://images.gr-assets.com/books/1326168351m/12511117.jpg]]></image_url>
<num_pages>245</num_pages>
<work>
<id>17496863</id>
</work>
<isbn>1439167850</isbn>
<isbn13>9781439167854</isbn13>
<average_rating>3.76</average_rating>
<ratings_count>6679</ratings_count>
<publication_year>2012</publication_year>
<publication_month>2</publication_month>
<publication_day>28</publication_day>
<authors>
<author>
<id>1233745</id>
<name>Michael Ian Black</name>
<link><![CDATA[https://www.goodreads.com/author/show/1233745.Michael_Ian_Black]]></link>
</author>
</authors>
</book>

          <book>
<id>507440</id>
<title><![CDATA[Crossing Over: One Woman's Escape from Amish Life]]></title>
<title_without_series><![CDATA[Crossing Over: One Woman's Escape from Amish Life]]></title_without_series>
<link><![CDATA[https://www.goodreads.com/book/show/507440.Crossing_Over]]></link>
<small_image_url><![CDATA[https://images.gr-assets.com/books/1384259525s/507440.jpg]]></small_image_url>
<image_url><![CDATA[https://images.gr-assets.com/books/1384259525m/507440.jpg]]></image_url>
<num_pages></num_pages>
<work>
<id>3577521</id>
</work>
<isbn>006052992X</isbn>
<isbn13>9780060529925</isbn13>
<average_rating>3.12</average_rating>
<ratings_count>885</ratings_count>
<publication_year></publication_year>
<publication_month></publication_month>
<publication_day></publication_day>
<authors>
<author>
<id>282509</id>
<name>Ruth Irene Garrett</name>
<link><![CDATA[https://www.goodreads.com/author/show/282509.Ruth_Irene_Garrett]]></link>
</author>
</authors>
</book>

          <book>
<id>12323626</id>
<title><![CDATA[Seasons: A Real Story of an Amish Girl]]></title>
<title_without_series><![CDATA[Seasons: A Real Story of an Amish Girl]]></title_without_series>
<link><![CDATA[https://www.goodreads.com/book/show/12323626-seasons]]></link>
<small_image_url><![CDATA[https://s.gr-assets.com/assets/nophoto/book/50x75-a91bf249278a81aabab721ef782c4a74.png]]></small_image_url>
<image_url><![CDATA[https://s.gr-assets.com/assets/nophoto/book/111x148-bcc042a9c91a29c1d680899eff700a03.png]]></image_url>
<num_pages>192</num_pages>
<work>
<id>17302009</id>
</work>
<isbn>1461148677</isbn>
<isbn13>9781461148678</isbn13>
<average_rating>3.92</average_rating>
<ratings_count>477</ratings_count>
<publication_year>2011</publication_year>
<publication_month>7</publication_month>
<publication_day>1</publication_day>
<authors>
<author>
<id>5117175</id>
<name>Elizabeth Byler Younts</name>
<link><![CDATA[https://www.goodreads.com/author/show/5117175.Elizabeth_Byler_Younts]]></link>
</author>
</authors>
</book>

          <book>
<id>10826662</id>
<title><![CDATA[The Wounded Heart (Amish Quilt, #1)]]></title>
<title_without_series>The Wounded Heart</title_without_series>
<link><![CDATA[https://www.goodreads.com/book/show/10826662-the-wounded-heart]]></link>
<small_image_url><![CDATA[https://images.gr-assets.com/books/1327939509s/10826662.jpg]]></small_image_url>
<image_url><![CDATA[https://images.gr-assets.com/books/1327939509m/10826662.jpg]]></image_url>
<num_pages></num_pages>
<work>
<id>15740536</id>
</work>
<isbn>0892968540</isbn>
<isbn13>9780892968541</isbn13>
<average_rating>4.16</average_rating>
<ratings_count>493</ratings_count>
<publication_year>2011</publication_year>
<publication_month>9</publication_month>
<publication_day></publication_day>
<authors>
<author>
<id>4728258</id>
<name>Adina Senft</name>
<link><![CDATA[https://www.goodreads.com/author/show/4728258.Adina_Senft]]></link>
</author>
</authors>
</book>

          <book>
<id>8613225</id>
<title><![CDATA[Lilly's Wedding Quilt (Patch of Heaven, #2)]]></title>
<title_without_series>Lilly&apos;s Wedding Quilt</title_without_series>
<link><![CDATA[https://www.goodreads.com/book/show/8613225-lilly-s-wedding-quilt]]></link>
<small_image_url><![CDATA[https://s.gr-assets.com/assets/nophoto/book/50x75-a91bf249278a81aabab721ef782c4a74.png]]></small_image_url>
<image_url><![CDATA[https://s.gr-assets.com/assets/nophoto/book/111x148-bcc042a9c91a29c1d680899eff700a03.png]]></image_url>
<num_pages></num_pages>
<work>
<id>13483671</id>
</work>
<isbn>1595548718</isbn>
<isbn13>9781595548719</isbn13>
<average_rating>4.31</average_rating>
<ratings_count>1016</ratings_count>
<publication_year></publication_year>
<publication_month></publication_month>
<publication_day></publication_day>
<authors>
<author>
<id>1329565</id>
<name>Kelly Long</name>
<link><![CDATA[https://www.goodreads.com/author/show/1329565.Kelly_Long]]></link>
</author>
</authors>
</book>

          <book>
<id>10813736</id>
<title><![CDATA[A Life of Joy (Kauffman Amish Bakery, #4)]]></title>
<title_without_series>A Life of Joy</title_without_series>
<link><![CDATA[https://www.goodreads.com/book/show/10813736-a-life-of-joy]]></link>
<small_image_url><![CDATA[https://images.gr-assets.com/books/1327928531s/10813736.jpg]]></small_image_url>
<image_url><![CDATA[https://images.gr-assets.com/books/1327928531m/10813736.jpg]]></image_url>
<num_pages>328</num_pages>
<work>
<id>15727354</id>
</work>
<isbn>031031996X</isbn>
<isbn13>9780310319962</isbn13>
<average_rating>4.38</average_rating>
<ratings_count>1054</ratings_count>
<publication_year>2012</publication_year>
<publication_month>2</publication_month>
<publication_day>1</publication_day>
<authors>
<author>
<id>2765728</id>
<name>Amy Clipston</name>
<link><![CDATA[https://www.goodreads.com/author/show/2765728.Amy_Clipston]]></link>
</author>
</authors>
</book>

          <book>
<id>10625275</id>
<title><![CDATA[fathermothergod: My Journey Out of Christian Science]]></title>
<title_without_series><![CDATA[fathermothergod: My Journey Out of Christian Science]]></title_without_series>
<link><![CDATA[https://www.goodreads.com/book/show/10625275-fathermothergod]]></link>
<small_image_url><![CDATA[https://images.gr-assets.com/books/1320441708s/10625275.jpg]]></small_image_url>
<image_url><![CDATA[https://images.gr-assets.com/books/1320441708m/10625275.jpg]]></image_url>
<num_pages>302</num_pages>
<work>
<id>15533692</id>
</work>
<isbn>0307720926</isbn>
<isbn13>9780307720924</isbn13>
<average_rating>3.84</average_rating>
<ratings_count>1937</ratings_count>
<publication_year>2011</publication_year>
<publication_month>8</publication_month>
<publication_day>9</publication_day>
<authors>
<author>
<id>4681795</id>
<name>Lucia Greenhouse</name>
<link><![CDATA[https://www.goodreads.com/author/show/4681795.Lucia_Greenhouse]]></link>
</author>
</authors>
</book>

          <book>
<id>1164238</id>
<title><![CDATA[Plain Secrets: An Outsider among the Amish]]></title>
<title_without_series><![CDATA[Plain Secrets: An Outsider among the Amish]]></title_without_series>
<link><![CDATA[https://www.goodreads.com/book/show/1164238.Plain_Secrets]]></link>
<small_image_url><![CDATA[https://images.gr-assets.com/books/1320430097s/1164238.jpg]]></small_image_url>
<image_url><![CDATA[https://images.gr-assets.com/books/1320430097m/1164238.jpg]]></image_url>
<num_pages>256</num_pages>
<work>
<id>2204625</id>
</work>
<isbn>0807010642</isbn>
<isbn13>9780807010648</isbn13>
<average_rating>3.79</average_rating>
<ratings_count>631</ratings_count>
<publication_year>2007</publication_year>
<publication_month>5</publication_month>
<publication_day>15</publication_day>
<authors>
<author>
<id>289159</id>
<name>Joe Mackall</name>
<link><![CDATA[https://www.goodreads.com/author/show/289159.Joe_Mackall]]></link>
</author>
</authors>
</book>

          <book>
<id>8501404</id>
<title><![CDATA[Grace (Sisters of the Heart, #4)]]></title>
<title_without_series>Grace</title_without_series>
<link><![CDATA[https://www.goodreads.com/book/show/8501404-grace]]></link>
<small_image_url><![CDATA[https://s.gr-assets.com/assets/nophoto/book/50x75-a91bf249278a81aabab721ef782c4a74.png]]></small_image_url>
<image_url><![CDATA[https://s.gr-assets.com/assets/nophoto/book/111x148-bcc042a9c91a29c1d680899eff700a03.png]]></image_url>
<num_pages>293</num_pages>
<work>
<id>13367313</id>
</work>
<isbn>0061990965</isbn>
<isbn13>9780061990960</isbn13>
<average_rating>4.30</average_rating>
<ratings_count>1322</ratings_count>
<publication_year></publication_year>
<publication_month></publication_month>
<publication_day></publication_day>
<authors>
<author>
<id>1271571</id>
<name>Shelley Shepard Gray</name>
<link><![CDATA[https://www.goodreads.com/author/show/1271571.Shelley_Shepard_Gray]]></link>
</author>
</authors>
</book>

          <book>
<id>10138934</id>
<title><![CDATA[The Harvest of Grace (Ada's House, #3)]]></title>
<title_without_series>The Harvest of Grace</title_without_series>
<link><![CDATA[https://www.goodreads.com/book/show/10138934-the-harvest-of-grace]]></link>
<small_image_url><![CDATA[https://s.gr-assets.com/assets/nophoto/book/50x75-a91bf249278a81aabab721ef782c4a74.png]]></small_image_url>
<image_url><![CDATA[https://s.gr-assets.com/assets/nophoto/book/111x148-bcc042a9c91a29c1d680899eff700a03.png]]></image_url>
<num_pages>337</num_pages>
<work>
<id>15037011</id>
</work>
<isbn>1400073987</isbn>
<isbn13>9781400073986</isbn13>
<average_rating>4.40</average_rating>
<ratings_count>1514</ratings_count>
<publication_year></publication_year>
<publication_month></publication_month>
<publication_day></publication_day>
<authors>
<author>
<id>117290</id>
<name>Cindy Woodsmall</name>
<link><![CDATA[https://www.goodreads.com/author/show/117290.Cindy_Woodsmall]]></link>
</author>
</authors>
</book>

          <book>
<id>6602501</id>
<title><![CDATA[Think No Evil: Inside the Story of the Amish Schoolhouse Shooting...and Beyond]]></title>
<title_without_series><![CDATA[Think No Evil: Inside the Story of the Amish Schoolhouse Shooting...and Beyond]]></title_without_series>
<link><![CDATA[https://www.goodreads.com/book/show/6602501-think-no-evil]]></link>
<small_image_url><![CDATA[https://s.gr-assets.com/assets/nophoto/book/50x75-a91bf249278a81aabab721ef782c4a74.png]]></small_image_url>
<image_url><![CDATA[https://s.gr-assets.com/assets/nophoto/book/111x148-bcc042a9c91a29c1d680899eff700a03.png]]></image_url>
<num_pages></num_pages>
<work>
<id>6796382</id>
</work>
<isbn>1416562982</isbn>
<isbn13>9781416562986</isbn13>
<average_rating>4.00</average_rating>
<ratings_count>309</ratings_count>
<publication_year></publication_year>
<publication_month></publication_month>
<publication_day></publication_day>
<authors>
<author>
<id>2981533</id>
<name>Jonas Beiler</name>
<link><![CDATA[https://www.goodreads.com/author/show/2981533.Jonas_Beiler]]></link>
</author>
</authors>
</book>

          <book>
<id>11966836</id>
<title><![CDATA[Below Stairs: The Classic Kitchen Maid's Memoir That Inspired "Upstairs, Downstairs" and "Downton Abbey"]]></title>
<title_without_series><![CDATA[Below Stairs: The Classic Kitchen Maid's Memoir That Inspired "Upstairs, Downstairs" and "Downton Abbey"]]></title_without_series>
<link><![CDATA[https://www.goodreads.com/book/show/11966836-below-stairs]]></link>
<small_image_url><![CDATA[https://s.gr-assets.com/assets/nophoto/book/50x75-a91bf249278a81aabab721ef782c4a74.png]]></small_image_url>
<image_url><![CDATA[https://s.gr-assets.com/assets/nophoto/book/111x148-bcc042a9c91a29c1d680899eff700a03.png]]></image_url>
<num_pages>212</num_pages>
<work>
<id>6790796</id>
</work>
<isbn>1250005442</isbn>
<isbn13>9781250005441</isbn13>
<average_rating>3.54</average_rating>
<ratings_count>10405</ratings_count>
<publication_year>2012</publication_year>
<publication_month>1</publication_month>
<publication_day>3</publication_day>
<authors>
<author>
<id>1070392</id>
<name>Margaret Powell</name>
<link><![CDATA[https://www.goodreads.com/author/show/1070392.Margaret_Powell]]></link>
</author>
</authors>
</book>

          <book>
<id>10631698</id>
<title><![CDATA[Falling to Pieces (Shipshewana Amish Mystery #1)]]></title>
<title_without_series>Falling to Pieces</title_without_series>
<link><![CDATA[https://www.goodreads.com/book/show/10631698-falling-to-pieces]]></link>
<small_image_url><![CDATA[https://images.gr-assets.com/books/1398197145s/10631698.jpg]]></small_image_url>
<image_url><![CDATA[https://images.gr-assets.com/books/1398197145m/10631698.jpg]]></image_url>
<num_pages>336</num_pages>
<work>
<id>15540265</id>
</work>
<isbn>0310330432</isbn>
<isbn13>9780310330431</isbn13>
<average_rating>4.12</average_rating>
<ratings_count>1178</ratings_count>
<publication_year>2011</publication_year>
<publication_month>9</publication_month>
<publication_day>26</publication_day>
<authors>
<author>
<id>3506785</id>
<name>Vannetta Chapman</name>
<link><![CDATA[https://www.goodreads.com/author/show/3506785.Vannetta_Chapman]]></link>
</author>
</authors>
</book>

          <book>
<id>9801811</id>
<title>Why I Left the Amish</title>
<title_without_series>Why I Left the Amish</title_without_series>
<link><![CDATA[https://www.goodreads.com/book/show/9801811-why-i-left-the-amish]]></link>
<small_image_url><![CDATA[https://images.gr-assets.com/books/1344739566s/9801811.jpg]]></small_image_url>
<image_url><![CDATA[https://images.gr-assets.com/books/1344739566m/9801811.jpg]]></image_url>
<num_pages>190</num_pages>
<work>
<id>14691995</id>
</work>
<isbn>0870139940</isbn>
<isbn13>9780870139949</isbn13>
<average_rating>3.42</average_rating>
<ratings_count>436</ratings_count>
<publication_year>2011</publication_year>
<publication_month>1</publication_month>
<publication_day>1</publication_day>
<authors>
<author>
<id>4487564</id>
<name>Saloma Miller Furlong</name>
<link><![CDATA[https://www.goodreads.com/author/show/4487564.Saloma_Miller_Furlong]]></link>
</author>
</authors>
</book>

  </similar_books>
</book>

</GoodreadsResponse>