<?xml version="1.0" encoding="UTF-8"?>
<GoodreadsResponse>
  <Request>
    <authentication>true</authentication>
      <key><![CDATA[all_men_must_serve]]></key>
    <method><![CDATA[book_show]]></method>
  </Request>
  <book>
  <id>10889279</id>
  <title>Batman: The Black Mirror</title>
  <isbn><![CDATA[140123206X]]></isbn>
  <isbn13><![CDATA[9781401232061]]></isbn13>
  <asin><![CDATA[]]></asin>
  <kindle_asin><![CDATA[B009POHHQM]]></kindle_asin>
  <marketplace_id><![CDATA[A1F83G8C2ARO7P]]></marketplace_id>
  <country_code><![CDATA[GB]]></country_code>
  <image_url>https://images.gr-assets.com/books/1503127212m/10889279.jpg</image_url>
  <small_image_url>https://images.gr-assets.com/books/1503127212s/10889279.jpg</small_image_url>
  <publication_year>2011</publication_year>
  <publication_month>11</publication_month>
  <publication_day>23</publication_day>
  <publisher></publisher>
  <language_code>eng</language_code>
  <is_ebook>false</is_ebook>
  <description><![CDATA[<b>A NEW YORK TIMES #1 Bestseller.</b> In "The Black Mirror," a series of brutal murders pushes Batman's detective skills to the limit and forces him to confront one of Gotham City's oldest evils. Helpless and trapped in the deadly Mirror House, Batman must fight for his life against one of Gotham City's oldest and most powerful evils!<br /><br />Then, in a second story called "Hungry City," the corpse of a killer whale shows up on the floor of one of Gotham City's foremost banks. The event begins a strange and deadly mystery that will bring Batman face-to-face with the new, terrifying faces of organized crime in Gotham.<br /><br />This volume collects Detective Comics #871-881.]]></description>
  <work>
  <id type="integer">15805031</id>
  <books_count type="integer">11</books_count>
  <best_book_id type="integer">10889279</best_book_id>
  <reviews_count type="integer">24418</reviews_count>
  <ratings_sum type="integer">70290</ratings_sum>
  <ratings_count type="integer">16393</ratings_count>
  <text_reviews_count type="integer">686</text_reviews_count>
  <original_publication_year type="integer">2011</original_publication_year>
  <original_publication_month type="integer">11</original_publication_month>
  <original_publication_day type="integer">23</original_publication_day>
  <original_title>Batman: The Black Mirror</original_title>
  <original_language_id type="integer" nil="true"/>
  <media_type>book</media_type>
  <rating_dist>5:8436|4:5076|3:2229|2:467|1:185|total:16393</rating_dist>
  <desc_user_id type="integer">22106879</desc_user_id>
  <default_chaptering_book_id type="integer" nil="true"/>
  <default_description_language_code nil="true"/>
</work>
  <average_rating>4.29</average_rating>
  <num_pages><![CDATA[288]]></num_pages>
  <format><![CDATA[]]></format>
  <edition_information><![CDATA[Deluxe Edition]]></edition_information>
  <ratings_count><![CDATA[15649]]></ratings_count>
  <text_reviews_count><![CDATA[614]]></text_reviews_count>
  <url><![CDATA[https://www.goodreads.com/book/show/10889279-batman]]></url>
  <link><![CDATA[https://www.goodreads.com/book/show/10889279-batman]]></link>
  <authors>
<author>
<id>70026</id>
<name>Scott Snyder</name>
<role>Writer</role>
<image_url nophoto='false'>
<![CDATA[https://images.gr-assets.com/authors/1337783422p5/70026.jpg]]>
</image_url>
<small_image_url nophoto='false'>
<![CDATA[https://images.gr-assets.com/authors/1337783422p2/70026.jpg]]>
</small_image_url>
<link><![CDATA[https://www.goodreads.com/author/show/70026.Scott_Snyder]]></link>
<average_rating>4.09</average_rating>
<ratings_count>229717</ratings_count>
<text_reviews_count>15458</text_reviews_count>
</author>
<author>
<id>59840</id>
<name>Jock</name>
<role>Artist</role>
<image_url nophoto='false'>
<![CDATA[https://images.gr-assets.com/authors/1374963257p5/59840.jpg]]>
</image_url>
<small_image_url nophoto='false'>
<![CDATA[https://images.gr-assets.com/authors/1374963257p2/59840.jpg]]>
</small_image_url>
<link><![CDATA[https://www.goodreads.com/author/show/59840.Jock]]></link>
<average_rating>4.07</average_rating>
<ratings_count>50356</ratings_count>
<text_reviews_count>4001</text_reviews_count>
</author>
<author>
<id>286833</id>
<name>Francesco Francavilla</name>
<role>Artist</role>
<image_url nophoto='false'>
<![CDATA[https://images.gr-assets.com/authors/1488512726p5/286833.jpg]]>
</image_url>
<small_image_url nophoto='false'>
<![CDATA[https://images.gr-assets.com/authors/1488512726p2/286833.jpg]]>
</small_image_url>
<link><![CDATA[https://www.goodreads.com/author/show/286833.Francesco_Francavilla]]></link>
<average_rating>4.17</average_rating>
<ratings_count>59393</ratings_count>
<text_reviews_count>4194</text_reviews_count>
</author>
<author>
<id>2350131</id>
<name>Jared K. Fletcher</name>
<role>Letterer</role>
<image_url nophoto='true'>
<![CDATA[https://s.gr-assets.com/assets/nophoto/user/u_200x266-e183445fd1a1b5cc7075bb1cf7043306.png]]>
</image_url>
<small_image_url nophoto='true'>
<![CDATA[https://s.gr-assets.com/assets/nophoto/user/u_50x66-632230dc9882b4352d753eedf9396530.png]]>
</small_image_url>
<link><![CDATA[https://www.goodreads.com/author/show/2350131.Jared_K_Fletcher]]></link>
<average_rating>4.03</average_rating>
<ratings_count>89534</ratings_count>
<text_reviews_count>4574</text_reviews_count>
</author>
<author>
<id>3500055</id>
<name>Sal Cipriano</name>
<role>Letterer</role>
<image_url nophoto='true'>
<![CDATA[https://s.gr-assets.com/assets/nophoto/user/u_200x266-e183445fd1a1b5cc7075bb1cf7043306.png]]>
</image_url>
<small_image_url nophoto='true'>
<![CDATA[https://s.gr-assets.com/assets/nophoto/user/u_50x66-632230dc9882b4352d753eedf9396530.png]]>
</small_image_url>
<link><![CDATA[https://www.goodreads.com/author/show/3500055.Sal_Cipriano]]></link>
<average_rating>4.08</average_rating>
<ratings_count>24234</ratings_count>
<text_reviews_count>1387</text_reviews_count>
</author>
<author>
<id>14919094</id>
<name>David   Baron</name>
<role>Colourist</role>
<image_url nophoto='true'>
<![CDATA[https://s.gr-assets.com/assets/nophoto/user/u_200x266-e183445fd1a1b5cc7075bb1cf7043306.png]]>
</image_url>
<small_image_url nophoto='true'>
<![CDATA[https://s.gr-assets.com/assets/nophoto/user/u_50x66-632230dc9882b4352d753eedf9396530.png]]>
</small_image_url>
<link><![CDATA[https://www.goodreads.com/author/show/14919094.David_Baron]]></link>
<average_rating>4.24</average_rating>
<ratings_count>17009</ratings_count>
<text_reviews_count>729</text_reviews_count>
</author>
</authors>

    <reviews_widget>
      <![CDATA[
        <style>
  #goodreads-widget {
    font-family: georgia, serif;
    padding: 18px 0;
    width:565px;
  }
  #goodreads-widget h1 {
    font-weight:normal;
    font-size: 16px;
    border-bottom: 1px solid #BBB596;
    margin-bottom: 0;
  }
  #goodreads-widget a {
    text-decoration: none;
    color:#660;
  }
  iframe{
    background-color: #fff;
  }
  #goodreads-widget a:hover { text-decoration: underline; }
  #goodreads-widget a:active {
    color:#660;
  }
  #gr_footer {
    width: 100%;
    border-top: 1px solid #BBB596;
    text-align: right;
  }
  #goodreads-widget .gr_branding{
    color: #382110;
    font-size: 11px;
    text-decoration: none;
    font-family: "Helvetica Neue", Helvetica, Arial, sans-serif;
  }
</style>
<div id="goodreads-widget">
  <div id="gr_header"><h1><a rel="nofollow" href="https://www.goodreads.com/book/show/10889279-batman">Batman Reviews</a></h1></div>
  <iframe id="the_iframe" src="https://www.goodreads.com/api/reviews_widget_iframe?did=DEVELOPER_ID&amp;format=html&amp;isbn=140123206X&amp;links=660&amp;min_rating=&amp;review_back=fff&amp;stars=000&amp;text=000" width="565" height="400" frameborder="0"></iframe>
  <div id="gr_footer">
    <a class="gr_branding" target="_blank" rel="nofollow" href="https://www.goodreads.com/book/show/10889279-batman?utm_medium=api&amp;utm_source=reviews_widget">Reviews from Goodreads.com</a>
  </div>
</div>

      ]]>
    </reviews_widget>
  <popular_shelves>
      <shelf name="to-read" count="7405"/>
      <shelf name="comics" count="747"/>
      <shelf name="graphic-novels" count="560"/>
      <shelf name="batman" count="285"/>
      <shelf name="graphic-novel" count="155"/>
      <shelf name="favorites" count="143"/>
      <shelf name="currently-reading" count="131"/>
      <shelf name="dc" count="127"/>
      <shelf name="dc-comics" count="82"/>
      <shelf name="comic-books" count="73"/>
      <shelf name="comics-graphic-novels" count="71"/>
      <shelf name="superheroes" count="68"/>
      <shelf name="superhero" count="47"/>
      <shelf name="comic" count="46"/>
      <shelf name="fiction" count="45"/>
      <shelf name="owned" count="40"/>
      <shelf name="comics-and-graphic-novels" count="37"/>
      <shelf name="graphic-novels-comics" count="33"/>
      <shelf name="mystery" count="32"/>
      <shelf name="comics-read" count="24"/>
      <shelf name="horror" count="21"/>
      <shelf name="comics-to-read" count="16"/>
      <shelf name="to-read-comics" count="16"/>
      <shelf name="crime" count="16"/>
      <shelf name="books-i-own" count="15"/>
      <shelf name="fantasy" count="14"/>
      <shelf name="default" count="13"/>
      <shelf name="read-comics" count="13"/>
      <shelf name="thriller" count="13"/>
      <shelf name="read-in-2012" count="12"/>
      <shelf name="favourites" count="11"/>
      <shelf name="scott-snyder" count="11"/>
      <shelf name="comic-book" count="10"/>
      <shelf name="graphic" count="10"/>
      <shelf name="super-heroes" count="9"/>
      <shelf name="comix" count="9"/>
      <shelf name="library" count="9"/>
      <shelf name="to-buy" count="9"/>
      <shelf name="owned-books" count="8"/>
      <shelf name="read-in-2013" count="8"/>
      <shelf name="science-fiction" count="8"/>
      <shelf name="super-hero" count="8"/>
      <shelf name="comics-manga" count="8"/>
      <shelf name="series" count="8"/>
      <shelf name="superhero-comics" count="8"/>
      <shelf name="graphic-novels-and-comics" count="8"/>
      <shelf name="comic-graphic-novel" count="8"/>
      <shelf name="comics-dc" count="7"/>
      <shelf name="favorite-comics" count="7"/>
      <shelf name="action" count="7"/>
      <shelf name="dc-universe" count="7"/>
      <shelf name="library-books" count="7"/>
      <shelf name="graphicnovels" count="7"/>
      <shelf name="read-in-2015" count="6"/>
      <shelf name="graphic-novels-to-read" count="6"/>
      <shelf name="wish-list" count="6"/>
      <shelf name="adventure" count="6"/>
      <shelf name="reviewed" count="6"/>
      <shelf name="noir" count="6"/>
      <shelf name="read-2012" count="6"/>
      <shelf name="detective" count="6"/>
      <shelf name="crime-fiction" count="6"/>
      <shelf name="read-in-2016" count="5"/>
      <shelf name="read-2015" count="5"/>
      <shelf name="my-books" count="5"/>
      <shelf name="borrowed" count="5"/>
      <shelf name="graphic-novels-read" count="5"/>
      <shelf name="batman-graphic-novels" count="5"/>
      <shelf name="gn" count="5"/>
      <shelf name="dc-vertigo" count="5"/>
      <shelf name="comic-books-graphic-novels" count="5"/>
      <shelf name="graphic-novels-manga" count="5"/>
      <shelf name="sequential-art" count="5"/>
      <shelf name="read-2016" count="4"/>
      <shelf name="shelfari-favorites" count="4"/>
      <shelf name="graphics" count="4"/>
      <shelf name="bat-family" count="4"/>
      <shelf name="batman-collection" count="4"/>
      <shelf name="sci-fi" count="4"/>
      <shelf name="i-own" count="4"/>
      <shelf name="in-english" count="4"/>
      <shelf name="comics-graphic-novels-manga" count="4"/>
      <shelf name="graphic-novels-comic-books" count="4"/>
      <shelf name="graphic-novel-comics" count="4"/>
      <shelf name="superheros" count="4"/>
      <shelf name="owned-comics" count="4"/>
      <shelf name="comic-graphic-novels" count="4"/>
      <shelf name="american" count="4"/>
      <shelf name="english" count="4"/>
      <shelf name="collection" count="4"/>
      <shelf name="Çizgi-roman" count="3"/>
      <shelf name="gotham" count="3"/>
      <shelf name="ebooks" count="3"/>
      <shelf name="comics-i-own" count="3"/>
      <shelf name="kindle" count="3"/>
      <shelf name="batman-comics" count="3"/>
      <shelf name="bat" count="3"/>
      <shelf name="comic-books-and-graphic-novels" count="3"/>
      <shelf name="dick-grayson" count="3"/>
      <shelf name="mine" count="3"/>
  </popular_shelves>
  <book_links>
    <book_link>
  <id>8</id>
  <name>Libraries</name>
  <link>https://www.goodreads.com/book_link/follow/8</link>
</book_link>

  </book_links>
  <buy_links>
    <buy_link>
<id>1</id>
<name>Amazon</name>
<link>https://www.goodreads.com/book_link/follow/1</link>
</buy_link>
<buy_link>
<id>10</id>
<name>Audible</name>
<link>https://www.goodreads.com/book_link/follow/10</link>
</buy_link>
<buy_link>
<id>3</id>
<name>Barnes &amp; Noble</name>
<link>https://www.goodreads.com/book_link/follow/3</link>
</buy_link>
<buy_link>
<id>1027</id>
<name>Kobo</name>
<link>https://www.goodreads.com/book_link/follow/1027</link>
</buy_link>
<buy_link>
<id>2102</id>
<name>Apple iBooks</name>
<link>https://www.goodreads.com/book_link/follow/2102</link>
</buy_link>
<buy_link>
<id>8036</id>
<name>Google Play</name>
<link>https://www.goodreads.com/book_link/follow/8036</link>
</buy_link>
<buy_link>
<id>4</id>
<name>Abebooks</name>
<link>https://www.goodreads.com/book_link/follow/4</link>
</buy_link>
<buy_link>
<id>882</id>
<name>Book Depository</name>
<link>https://www.goodreads.com/book_link/follow/882</link>
</buy_link>
<buy_link>
<id>9</id>
<name>Indigo</name>
<link>https://www.goodreads.com/book_link/follow/9</link>
</buy_link>
<buy_link>
<id>2</id>
<name>Half.com</name>
<link>https://www.goodreads.com/book_link/follow/2</link>
</buy_link>
<buy_link>
<id>5</id>
<name>Alibris</name>
<link>https://www.goodreads.com/book_link/follow/5</link>
</buy_link>
<buy_link>
<id>107</id>
<name>Better World Books</name>
<link>https://www.goodreads.com/book_link/follow/107</link>
</buy_link>
<buy_link>
<id>7</id>
<name>IndieBound</name>
<link>https://www.goodreads.com/book_link/follow/7</link>
</buy_link>

  </buy_links>
  <series_works>
    <series_work>
<id>1001141</id>
<user_position></user_position>
<series>
<id>195868</id>
<title>
<![CDATA[
    Detective Comics, Volume I
]]>
</title>
<description>
<![CDATA[
]]>
</description>
<note>
<![CDATA[
]]>
</note>
<series_works_count>35</series_works_count>
<primary_work_count>35</primary_work_count>
<numbered>false</numbered>
</series>

</series_work>
<series_work>
<id>435204</id>
<user_position></user_position>
<series>
<id>51192</id>
<title>
<![CDATA[
    Batman
]]>
</title>
<description>
<![CDATA[
    Batman trade collections include several different comic books series and miniseries by DC Comics.
    
    The following series are included in the Batman title:
    * <a href="http://www.goodreads.com/series/51332-batman-chronicles">Batman Chronicles</a>
    * <a href="http://www.goodreads.com/series/80595-dc-comics-archives">DC Comics Archives</a>
    * <a href="http://www.goodreads.com/series/51373-showcase-presents-batman">Showcase Presents: Batman</a>
    * <a href="http://www.goodreads.com/series/51221-batman-black-and-white">Batman Black and White</a>
    * <a href="http://www.goodreads.com/series/51236-batman-knightfall">Batman: Knightfall</a>
    * <a href="http://www.goodreads.com/series/51328-batman-no-man-s-land">Batman: No Man's Land</a>
    * <a href="http://www.goodreads.com/series/51304-batman-new-gotham">Batman: New Gotham</a>
    * <a href="http://www.goodreads.com/series/51327-batman-war-games">Batman: War Games</a>
    * <a href="http://www.goodreads.com/series/50151-batman-hush">Batman: Hush</a>
    * <a href="http://www.goodreads.com/series/51330-batman-under-the-hood">Batman: Under the Hood</a>
    * <a href="http://www.goodreads.com/series/51292-batman-elseworlds">Batman: Elseworlds</a> and subseries
    * <a href="http://www.goodreads.com/series/51326-batman-confidential">Batman: Confidential</a>
    * and more
    
    Single issues of comic books are not listed individually on Goodreads, but are listed as parts of collections.  The Batman title is used for collections of these comic book series:
    * <a href="http://www.goodreads.com/series/51224-legends-of-the-dark-knight-single-issues">Batman: Legends of the Dark Knight</a>
    * <a href="http://www.goodreads.com/series/51350-batman-shadow-of-the-bat-single-issues">Batman: Shadow of the Bat</a>
    * <a href="http://www.goodreads.com/series/51308-batman-gotham-knights-single-issues">Batman: Gotham Knights</a>
    * <a href="http://www.goodreads.com/series/51333-the-batman-chronicles-single-issues">The Batman Chronicles</a>
    * and more
    
    Related series:
    * <a href="http://www.goodreads.com/series/51248">Catwoman</a>
    * <a href="http://www.goodreads.com/series/51217">Batgirl</a>
    * <a href="http://www.goodreads.com/series/51237">Robin</a>
    * <a href="http://www.goodreads.com/series/51244">Nightwing</a>
    * <a href="http://www.goodreads.com/series/51182">Red Robin</a>
    * <a href="http://www.goodreads.com/series/51220">Batman and Robin</a>
    * <a href="http://www.goodreads.com/series/69945">Batwoman</a>
    * <a href="http://www.goodreads.com/series/51271">Birds of Prey</a>
    * <a href="http://www.goodreads.com/series/51222">Gotham Central</a>
    * <a href="http://www.goodreads.com/series/51218">Superman/Batman</a>
    * <a href="http://www.goodreads.com/series/51226">Batman and the Outsiders</a>
    * <a href="http://www.goodreads.com/series/51387">The Brave and the Bold</a>
    * <a href="http://www.goodreads.com/series/52071">JLA</a>
    * <a href="http://www.goodreads.com/series/51371">The Greatest Stories Ever Told</a>
    * and more
    
    For other series titled Batman which are not related to this series, see:
    * <a href="http://www.goodreads.com/series/50231">The Batman Adventures</a>
    * <a href="http://www.goodreads.com/series/49905">The Batman</a>
    * <a href="http://www.goodreads.com/series/51388">Batman: The Brave and the Bold</a>
    * <a href="http://www.goodreads.com/series/62191-batman-la-colecci-n">Batman La Colección</a>
]]>
</description>
<note>
<![CDATA[
    Description is almost at max length!
    Through page 4 of the search "batman", trying to follow the order on the wikipedia "Batman reprints" page....
]]>
</note>
<series_works_count>370</series_works_count>
<primary_work_count>367</primary_work_count>
<numbered>false</numbered>
</series>

</series_work>
<series_work>
<id>636767</id>
<user_position>73</user_position>
<series>
<id>129254</id>
<title>
<![CDATA[
    Modern Batman
]]>
</title>
<description>
<![CDATA[
    From Wikipedia: "The following trade paperbacks are stories that run through the "contemporary" books of the Batman family. The earliest trade paperback is Frank Miller's "Batman: Year One" storyline, which rebirthed the character in the Modern Age, re-telling the first year of his existence and how he came to be. These stories are from comic books still being published and are, in a sense, ongoing. They are listed here in the chronology of the storylines, rather than the publication dates of either the original comics or collections."
]]>
</description>
<note>
<![CDATA[
]]>
</note>
<series_works_count>78</series_works_count>
<primary_work_count>78</primary_work_count>
<numbered>true</numbered>
</series>

</series_work>
<series_work>
<id>879975</id>
<user_position>871-881</user_position>
<series>
<id>173595</id>
<title>
<![CDATA[
    Detective Comics I (Single issues)
]]>
</title>
<description>
<![CDATA[
]]>
</description>
<note>
<![CDATA[
]]>
</note>
<series_works_count>3</series_works_count>
<primary_work_count>3</primary_work_count>
<numbered>true</numbered>
</series>

</series_work>

  </series_works>
  <similar_books>
          <book>
<id>9738685</id>
<title><![CDATA[Batman & Robin: Batman & Robin Must Die!]]></title>
<title_without_series><![CDATA[Batman & Robin: Batman & Robin Must Die!]]></title_without_series>
<link><![CDATA[https://www.goodreads.com/book/show/9738685-batman-robin]]></link>
<small_image_url><![CDATA[https://images.gr-assets.com/books/1352903122s/9738685.jpg]]></small_image_url>
<image_url><![CDATA[https://images.gr-assets.com/books/1352903122m/9738685.jpg]]></image_url>
<num_pages>168</num_pages>
<work>
<id>14627766</id>
</work>
<isbn>1401230911</isbn>
<isbn13>9781401230913</isbn13>
<average_rating>4.11</average_rating>
<ratings_count>6235</ratings_count>
<publication_year>2011</publication_year>
<publication_month>5</publication_month>
<publication_day>11</publication_day>
<authors>
<author>
<id>12732</id>
<name>Grant Morrison</name>
<link><![CDATA[https://www.goodreads.com/author/show/12732.Grant_Morrison]]></link>
</author>
</authors>
</book>

          <book>
<id>7113260</id>
<title><![CDATA[Gotham Central Book Three: On the Freak Beat]]></title>
<title_without_series><![CDATA[Gotham Central Book Three: On the Freak Beat]]></title_without_series>
<link><![CDATA[https://www.goodreads.com/book/show/7113260-gotham-central-book-three]]></link>
<small_image_url><![CDATA[https://images.gr-assets.com/books/1448620824s/7113260.jpg]]></small_image_url>
<image_url><![CDATA[https://images.gr-assets.com/books/1448620824m/7113260.jpg]]></image_url>
<num_pages>224</num_pages>
<work>
<id>7373008</id>
</work>
<isbn>1401227546</isbn>
<isbn13>9781401227548</isbn13>
<average_rating>4.31</average_rating>
<ratings_count>1824</ratings_count>
<publication_year>2010</publication_year>
<publication_month>6</publication_month>
<publication_day>15</publication_day>
<authors>
<author>
<id>18327</id>
<name>Greg Rucka</name>
<link><![CDATA[https://www.goodreads.com/author/show/18327.Greg_Rucka]]></link>
</author>
</authors>
</book>

          <book>
<id>3316474</id>
<title><![CDATA[Gotham Central, Book One: In the Line of Duty]]></title>
<title_without_series><![CDATA[Gotham Central, Book One: In the Line of Duty]]></title_without_series>
<link><![CDATA[https://www.goodreads.com/book/show/3316474-gotham-central-book-one]]></link>
<small_image_url><![CDATA[https://images.gr-assets.com/books/1332434417s/3316474.jpg]]></small_image_url>
<image_url><![CDATA[https://images.gr-assets.com/books/1332434417m/3316474.jpg]]></image_url>
<num_pages>240</num_pages>
<work>
<id>7168467</id>
</work>
<isbn>1401219233</isbn>
<isbn13>9781401219239</isbn13>
<average_rating>4.37</average_rating>
<ratings_count>3422</ratings_count>
<publication_year>2008</publication_year>
<publication_month>9</publication_month>
<publication_day>16</publication_day>
<authors>
<author>
<id>37450</id>
<name>Ed Brubaker</name>
<link><![CDATA[https://www.goodreads.com/author/show/37450.Ed_Brubaker]]></link>
</author>
</authors>
</book>

          <book>
<id>7020686</id>
<title><![CDATA[Batman: Streets of Gotham - Hush Money]]></title>
<title_without_series><![CDATA[Batman: Streets of Gotham - Hush Money]]></title_without_series>
<link><![CDATA[https://www.goodreads.com/book/show/7020686-batman]]></link>
<small_image_url><![CDATA[https://images.gr-assets.com/books/1320563807s/7020686.jpg]]></small_image_url>
<image_url><![CDATA[https://images.gr-assets.com/books/1320563807m/7020686.jpg]]></image_url>
<num_pages>144</num_pages>
<work>
<id>7267141</id>
</work>
<isbn>140122721X</isbn>
<isbn13>9781401227210</isbn13>
<average_rating>4.00</average_rating>
<ratings_count>2721</ratings_count>
<publication_year>2010</publication_year>
<publication_month>5</publication_month>
<publication_day>25</publication_day>
<authors>
<author>
<id>61935</id>
<name>Paul Dini</name>
<link><![CDATA[https://www.goodreads.com/author/show/61935.Paul_Dini]]></link>
</author>
</authors>
</book>

          <book>
<id>11186443</id>
<title>Batman: Noël</title>
<title_without_series>Batman: Noël</title_without_series>
<link><![CDATA[https://www.goodreads.com/book/show/11186443-batman]]></link>
<small_image_url><![CDATA[https://images.gr-assets.com/books/1341435405s/11186443.jpg]]></small_image_url>
<image_url><![CDATA[https://images.gr-assets.com/books/1341435405m/11186443.jpg]]></image_url>
<num_pages>112</num_pages>
<work>
<id>16111174</id>
</work>
<isbn>1401232132</isbn>
<isbn13>9781401232139</isbn13>
<average_rating>4.06</average_rating>
<ratings_count>5804</ratings_count>
<publication_year>2011</publication_year>
<publication_month>11</publication_month>
<publication_day>2</publication_day>
<authors>
<author>
<id>184312</id>
<name>Lee Bermejo</name>
<link><![CDATA[https://www.goodreads.com/author/show/184312.Lee_Bermejo]]></link>
</author>
</authors>
</book>

          <book>
<id>9408670</id>
<title>Batman: Under the Red Hood</title>
<title_without_series>Batman: Under the Red Hood</title_without_series>
<link><![CDATA[https://www.goodreads.com/book/show/9408670-batman]]></link>
<small_image_url><![CDATA[https://images.gr-assets.com/books/1485006386s/9408670.jpg]]></small_image_url>
<image_url><![CDATA[https://images.gr-assets.com/books/1485006386m/9408670.jpg]]></image_url>
<num_pages>384</num_pages>
<work>
<id>14292695</id>
</work>
<isbn>1401231454</isbn>
<isbn13>9781401231453</isbn13>
<average_rating>4.35</average_rating>
<ratings_count>4853</ratings_count>
<publication_year>2011</publication_year>
<publication_month>8</publication_month>
<publication_day>30</publication_day>
<authors>
<author>
<id>4822</id>
<name>Judd Winick</name>
<link><![CDATA[https://www.goodreads.com/author/show/4822.Judd_Winick]]></link>
</author>
</authors>
</book>

          <book>
<id>12280666</id>
<title><![CDATA[Flashpoint: The World of Flashpoint Featuring Batman]]></title>
<title_without_series><![CDATA[Flashpoint: The World of Flashpoint Featuring Batman]]></title_without_series>
<link><![CDATA[https://www.goodreads.com/book/show/12280666-flashpoint]]></link>
<small_image_url><![CDATA[https://images.gr-assets.com/books/1418059139s/12280666.jpg]]></small_image_url>
<image_url><![CDATA[https://images.gr-assets.com/books/1418059139m/12280666.jpg]]></image_url>
<num_pages>272</num_pages>
<work>
<id>17256611</id>
</work>
<isbn>1401234054</isbn>
<isbn13>9781401234058</isbn13>
<average_rating>3.98</average_rating>
<ratings_count>1534</ratings_count>
<publication_year>2012</publication_year>
<publication_month>3</publication_month>
<publication_day>20</publication_day>
<authors>
<author>
<id>17029</id>
<name>Brian Azzarello</name>
<link><![CDATA[https://www.goodreads.com/author/show/17029.Brian_Azzarello]]></link>
</author>
</authors>
</book>

          <book>
<id>9745934</id>
<title>Batgirl, Volume 2: The Flood</title>
<title_without_series>Batgirl, Volume 2: The Flood</title_without_series>
<link><![CDATA[https://www.goodreads.com/book/show/9745934-batgirl-volume-2]]></link>
<small_image_url><![CDATA[https://s.gr-assets.com/assets/nophoto/book/50x75-a91bf249278a81aabab721ef782c4a74.png]]></small_image_url>
<image_url><![CDATA[https://s.gr-assets.com/assets/nophoto/book/111x148-bcc042a9c91a29c1d680899eff700a03.png]]></image_url>
<num_pages></num_pages>
<work>
<id>14635094</id>
</work>
<isbn>140123142X</isbn>
<isbn13>9781401231422</isbn13>
<average_rating>4.19</average_rating>
<ratings_count>1879</ratings_count>
<publication_year></publication_year>
<publication_month></publication_month>
<publication_day></publication_day>
<authors>
<author>
<id>3044118</id>
<name>Bryan Q. Miller</name>
<link><![CDATA[https://www.goodreads.com/author/show/3044118.Bryan_Q_Miller]]></link>
</author>
</authors>
</book>

          <book>
<id>13228177</id>
<title><![CDATA[Batman and Robin, Volume 1: Born to Kill]]></title>
<title_without_series><![CDATA[Batman and Robin, Volume 1: Born to Kill]]></title_without_series>
<link><![CDATA[https://www.goodreads.com/book/show/13228177-batman-and-robin-volume-1]]></link>
<small_image_url><![CDATA[https://images.gr-assets.com/books/1343869393s/13228177.jpg]]></small_image_url>
<image_url><![CDATA[https://images.gr-assets.com/books/1343869393m/13228177.jpg]]></image_url>
<num_pages>192</num_pages>
<work>
<id>18420067</id>
</work>
<isbn>1401234879</isbn>
<isbn13>9781401234874</isbn13>
<average_rating>4.16</average_rating>
<ratings_count>8795</ratings_count>
<publication_year>2012</publication_year>
<publication_month>7</publication_month>
<publication_day>10</publication_day>
<authors>
<author>
<id>171132</id>
<name>Peter J. Tomasi</name>
<link><![CDATA[https://www.goodreads.com/author/show/171132.Peter_J_Tomasi]]></link>
</author>
</authors>
</book>

          <book>
<id>7605737</id>
<title>Superboy: The Boy of Steel</title>
<title_without_series>Superboy: The Boy of Steel</title_without_series>
<link><![CDATA[https://www.goodreads.com/book/show/7605737-superboy]]></link>
<small_image_url><![CDATA[https://images.gr-assets.com/books/1345093497s/7605737.jpg]]></small_image_url>
<image_url><![CDATA[https://images.gr-assets.com/books/1345093497m/7605737.jpg]]></image_url>
<num_pages>144</num_pages>
<work>
<id>10037059</id>
</work>
<isbn>1401227724</isbn>
<isbn13>9781401227722</isbn13>
<average_rating>3.92</average_rating>
<ratings_count>413</ratings_count>
<publication_year>2010</publication_year>
<publication_month>5</publication_month>
<publication_day>18</publication_day>
<authors>
<author>
<id>10305</id>
<name>Geoff Johns</name>
<link><![CDATA[https://www.goodreads.com/author/show/10305.Geoff_Johns]]></link>
</author>
</authors>
</book>

  </similar_books>
</book>

</GoodreadsResponse>