<?xml version="1.0" encoding="UTF-8"?>
<GoodreadsResponse>
  <Request>
    <authentication>true</authentication>
      <key><![CDATA[all_men_must_serve]]></key>
    <method><![CDATA[book_show]]></method>
  </Request>
  <book>
  <id>10890</id>
  <title><![CDATA[Traveling Mercies: Some Thoughts on Faith]]></title>
  <isbn><![CDATA[0385496095]]></isbn>
  <isbn13><![CDATA[9780385496094]]></isbn13>
  <asin><![CDATA[]]></asin>
  <kindle_asin><![CDATA[]]></kindle_asin>
  <marketplace_id><![CDATA[]]></marketplace_id>
  <country_code><![CDATA[GB]]></country_code>
  <image_url>https://images.gr-assets.com/books/1403182174m/10890.jpg</image_url>
  <small_image_url>https://images.gr-assets.com/books/1403182174s/10890.jpg</small_image_url>
  <publication_year>2000</publication_year>
  <publication_month>2</publication_month>
  <publication_day>15</publication_day>
  <publisher>Anchor</publisher>
  <language_code>en-CA</language_code>
  <is_ebook>false</is_ebook>
  <description><![CDATA[From the bestselling author of <i>Operating Instructions</i> and <i>Bird by Bird</i> comes a chronicle of faith and spirituality that is at once tough, personal, affectionate, wise and very funny. With an exuberant mix of passion, insight, and humor, Anne Lamott takes us on a journey through her often troubled past to illuminate her devout but quirky walk of faith. In a narrative spiced with stories and scripture, with diatribes, laughter, and tears, Lamott tells how, against all odds, she came to believe in God and then, even more miraculously, in herself. She shows us the myriad ways in which this sustains and guides her, shining the light of faith on the darkest part of ordinary life and exposing surprising pockets of meaning and hope. Whether writing about her family or her dreadlocks, sick children or old friends, the most religious women of her church or the men she's dated, Lamott reveals the hard-won wisdom gathered along her path to connectedness and liberation.]]></description>
  <work>
  <id type="integer">14837</id>
  <books_count type="integer">12</books_count>
  <best_book_id type="integer">10890</best_book_id>
  <reviews_count type="integer">59349</reviews_count>
  <ratings_sum type="integer">155827</ratings_sum>
  <ratings_count type="integer">37546</ratings_count>
  <text_reviews_count type="integer">2197</text_reviews_count>
  <original_publication_year type="integer">1999</original_publication_year>
  <original_publication_month type="integer">1</original_publication_month>
  <original_publication_day type="integer">19</original_publication_day>
  <original_title>Traveling Mercies: Some Thoughts on Faith</original_title>
  <original_language_id type="integer" nil="true"/>
  <media_type>book</media_type>
  <rating_dist>5:15722|4:14010|3:6023|2:1317|1:474|total:37546</rating_dist>
  <desc_user_id type="integer" nil="true"/>
  <default_chaptering_book_id type="integer" nil="true"/>
  <default_description_language_code nil="true"/>
</work>
  <average_rating>4.15</average_rating>
  <num_pages><![CDATA[275]]></num_pages>
  <format><![CDATA[Paperback]]></format>
  <edition_information><![CDATA[]]></edition_information>
  <ratings_count><![CDATA[36475]]></ratings_count>
  <text_reviews_count><![CDATA[2087]]></text_reviews_count>
  <url><![CDATA[https://www.goodreads.com/book/show/10890.Traveling_Mercies]]></url>
  <link><![CDATA[https://www.goodreads.com/book/show/10890.Traveling_Mercies]]></link>
  <authors>
<author>
<id>7113</id>
<name>Anne Lamott</name>
<role></role>
<image_url nophoto='false'>
<![CDATA[https://images.gr-assets.com/authors/1489601640p5/7113.jpg]]>
</image_url>
<small_image_url nophoto='false'>
<![CDATA[https://images.gr-assets.com/authors/1489601640p2/7113.jpg]]>
</small_image_url>
<link><![CDATA[https://www.goodreads.com/author/show/7113.Anne_Lamott]]></link>
<average_rating>4.01</average_rating>
<ratings_count>215046</ratings_count>
<text_reviews_count>19180</text_reviews_count>
</author>
</authors>

    <reviews_widget>
      <![CDATA[
        <style>
  #goodreads-widget {
    font-family: georgia, serif;
    padding: 18px 0;
    width:565px;
  }
  #goodreads-widget h1 {
    font-weight:normal;
    font-size: 16px;
    border-bottom: 1px solid #BBB596;
    margin-bottom: 0;
  }
  #goodreads-widget a {
    text-decoration: none;
    color:#660;
  }
  iframe{
    background-color: #fff;
  }
  #goodreads-widget a:hover { text-decoration: underline; }
  #goodreads-widget a:active {
    color:#660;
  }
  #gr_footer {
    width: 100%;
    border-top: 1px solid #BBB596;
    text-align: right;
  }
  #goodreads-widget .gr_branding{
    color: #382110;
    font-size: 11px;
    text-decoration: none;
    font-family: "Helvetica Neue", Helvetica, Arial, sans-serif;
  }
</style>
<div id="goodreads-widget">
  <div id="gr_header"><h1><a rel="nofollow" href="https://www.goodreads.com/book/show/10890.Traveling_Mercies">Traveling Mercies Reviews</a></h1></div>
  <iframe id="the_iframe" src="https://www.goodreads.com/api/reviews_widget_iframe?did=DEVELOPER_ID&amp;format=html&amp;isbn=0385496095&amp;links=660&amp;min_rating=&amp;review_back=fff&amp;stars=000&amp;text=000" width="565" height="400" frameborder="0"></iframe>
  <div id="gr_footer">
    <a class="gr_branding" target="_blank" rel="nofollow" href="https://www.goodreads.com/book/show/10890.Traveling_Mercies?utm_medium=api&amp;utm_source=reviews_widget">Reviews from Goodreads.com</a>
  </div>
</div>

      ]]>
    </reviews_widget>
  <popular_shelves>
      <shelf name="to-read" count="18155"/>
      <shelf name="currently-reading" count="549"/>
      <shelf name="non-fiction" count="523"/>
      <shelf name="memoir" count="439"/>
      <shelf name="favorites" count="320"/>
      <shelf name="spirituality" count="292"/>
      <shelf name="nonfiction" count="288"/>
      <shelf name="religion" count="271"/>
      <shelf name="faith" count="161"/>
      <shelf name="spiritual" count="158"/>
      <shelf name="christian" count="120"/>
      <shelf name="memoirs" count="107"/>
      <shelf name="essays" count="106"/>
      <shelf name="christianity" count="86"/>
      <shelf name="biography" count="57"/>
      <shelf name="theology" count="55"/>
      <shelf name="biography-memoir" count="50"/>
      <shelf name="owned" count="49"/>
      <shelf name="humor" count="49"/>
      <shelf name="book-club" count="48"/>
      <shelf name="inspirational" count="44"/>
      <shelf name="religious" count="38"/>
      <shelf name="religion-spirituality" count="32"/>
      <shelf name="philosophy" count="28"/>
      <shelf name="books-i-own" count="28"/>
      <shelf name="memoir-biography" count="26"/>
      <shelf name="autobiography" count="26"/>
      <shelf name="anne-lamott" count="24"/>
      <shelf name="all-time-favorites" count="19"/>
      <shelf name="library" count="17"/>
      <shelf name="inspiration" count="16"/>
      <shelf name="women" count="16"/>
      <shelf name="faith-spirituality" count="15"/>
      <shelf name="default" count="14"/>
      <shelf name="self-help" count="14"/>
      <shelf name="bio-memoir" count="14"/>
      <shelf name="shelfari-favorites" count="13"/>
      <shelf name="adult" count="13"/>
      <shelf name="writing" count="13"/>
      <shelf name="funny" count="13"/>
      <shelf name="own-it" count="13"/>
      <shelf name="read-in-2012" count="12"/>
      <shelf name="owned-books" count="11"/>
      <shelf name="abandoned" count="11"/>
      <shelf name="christian-spirituality" count="11"/>
      <shelf name="christian-living" count="11"/>
      <shelf name="book-group" count="11"/>
      <shelf name="spirituality-religion" count="10"/>
      <shelf name="memoir-autobiography" count="10"/>
      <shelf name="christian-non-fiction" count="10"/>
      <shelf name="spirit" count="10"/>
      <shelf name="creative-nonfiction" count="10"/>
      <shelf name="bookclub" count="10"/>
      <shelf name="to-read-non-fiction" count="9"/>
      <shelf name="spiritual-formation" count="9"/>
      <shelf name="to-buy" count="9"/>
      <shelf name="fiction" count="9"/>
      <shelf name="christian-nonfiction" count="9"/>
      <shelf name="religion-and-spirituality" count="9"/>
      <shelf name="women-authors" count="8"/>
      <shelf name="read-in-2014" count="8"/>
      <shelf name="autobiography-memoir" count="8"/>
      <shelf name="to-read-nonfiction" count="8"/>
      <shelf name="spiritual-memoir" count="8"/>
      <shelf name="biography-and-memoir" count="8"/>
      <shelf name="my-library" count="8"/>
      <shelf name="wish-list" count="8"/>
      <shelf name="favorite-books" count="8"/>
      <shelf name="personal-library" count="8"/>
      <shelf name="adult-non-fiction" count="8"/>
      <shelf name="christian-life" count="7"/>
      <shelf name="non-fiction-to-read" count="7"/>
      <shelf name="reread" count="7"/>
      <shelf name="religion-theology" count="7"/>
      <shelf name="non-fic" count="7"/>
      <shelf name="favorite" count="7"/>
      <shelf name="short-stories" count="7"/>
      <shelf name="read-in-2016" count="6"/>
      <shelf name="read-in-2015" count="6"/>
      <shelf name="family" count="6"/>
      <shelf name="ebook" count="6"/>
      <shelf name="memoir-bio" count="6"/>
      <shelf name="did-not-finish" count="6"/>
      <shelf name="addiction" count="6"/>
      <shelf name="my-favorites" count="6"/>
      <shelf name="female-author" count="6"/>
      <shelf name="borrowed" count="6"/>
      <shelf name="memior" count="6"/>
      <shelf name="lamott" count="6"/>
      <shelf name="christian-books" count="6"/>
      <shelf name="american" count="6"/>
      <shelf name="on-my-shelf" count="6"/>
      <shelf name="nonfic" count="6"/>
      <shelf name="favorite-authors" count="6"/>
      <shelf name="feminism" count="6"/>
      <shelf name="biographies" count="6"/>
      <shelf name="read-2015" count="5"/>
      <shelf name="church" count="5"/>
      <shelf name="at-library" count="5"/>
      <shelf name="end-of-your-life-book-club" count="5"/>
  </popular_shelves>
  <book_links>
    <book_link>
  <id>8</id>
  <name>Libraries</name>
  <link>https://www.goodreads.com/book_link/follow/8</link>
</book_link>

  </book_links>
  <buy_links>
    <buy_link>
<id>1</id>
<name>Amazon</name>
<link>https://www.goodreads.com/book_link/follow/1</link>
</buy_link>
<buy_link>
<id>10</id>
<name>Audible</name>
<link>https://www.goodreads.com/book_link/follow/10</link>
</buy_link>
<buy_link>
<id>3</id>
<name>Barnes &amp; Noble</name>
<link>https://www.goodreads.com/book_link/follow/3</link>
</buy_link>
<buy_link>
<id>1027</id>
<name>Kobo</name>
<link>https://www.goodreads.com/book_link/follow/1027</link>
</buy_link>
<buy_link>
<id>2102</id>
<name>Apple iBooks</name>
<link>https://www.goodreads.com/book_link/follow/2102</link>
</buy_link>
<buy_link>
<id>8036</id>
<name>Google Play</name>
<link>https://www.goodreads.com/book_link/follow/8036</link>
</buy_link>
<buy_link>
<id>4</id>
<name>Abebooks</name>
<link>https://www.goodreads.com/book_link/follow/4</link>
</buy_link>
<buy_link>
<id>882</id>
<name>Book Depository</name>
<link>https://www.goodreads.com/book_link/follow/882</link>
</buy_link>
<buy_link>
<id>9</id>
<name>Indigo</name>
<link>https://www.goodreads.com/book_link/follow/9</link>
</buy_link>
<buy_link>
<id>2</id>
<name>Half.com</name>
<link>https://www.goodreads.com/book_link/follow/2</link>
</buy_link>
<buy_link>
<id>5</id>
<name>Alibris</name>
<link>https://www.goodreads.com/book_link/follow/5</link>
</buy_link>
<buy_link>
<id>107</id>
<name>Better World Books</name>
<link>https://www.goodreads.com/book_link/follow/107</link>
</buy_link>
<buy_link>
<id>7</id>
<name>IndieBound</name>
<link>https://www.goodreads.com/book_link/follow/7</link>
</buy_link>

  </buy_links>
  <series_works>
    
  </series_works>
  <similar_books>
          <book>
<id>108681</id>
<title>The Cloister Walk</title>
<title_without_series>The Cloister Walk</title_without_series>
<link><![CDATA[https://www.goodreads.com/book/show/108681.The_Cloister_Walk]]></link>
<small_image_url><![CDATA[https://images.gr-assets.com/books/1394411228s/108681.jpg]]></small_image_url>
<image_url><![CDATA[https://images.gr-assets.com/books/1394411228m/108681.jpg]]></image_url>
<num_pages></num_pages>
<work>
<id>825920</id>
</work>
<isbn>1573225843</isbn>
<isbn13>9781573225847</isbn13>
<average_rating>4.07</average_rating>
<ratings_count>6835</ratings_count>
<publication_year></publication_year>
<publication_month></publication_month>
<publication_day></publication_day>
<authors>
<author>
<id>60394</id>
<name>Kathleen Norris</name>
<link><![CDATA[https://www.goodreads.com/author/show/60394.Kathleen_Norris]]></link>
</author>
</authors>
</book>

          <book>
<id>129504</id>
<title><![CDATA[Leaving Church: A Memoir of Faith]]></title>
<title_without_series><![CDATA[Leaving Church: A Memoir of Faith]]></title_without_series>
<link><![CDATA[https://www.goodreads.com/book/show/129504.Leaving_Church]]></link>
<small_image_url><![CDATA[https://s.gr-assets.com/assets/nophoto/book/50x75-a91bf249278a81aabab721ef782c4a74.png]]></small_image_url>
<image_url><![CDATA[https://s.gr-assets.com/assets/nophoto/book/111x148-bcc042a9c91a29c1d680899eff700a03.png]]></image_url>
<num_pages>251</num_pages>
<work>
<id>124728</id>
</work>
<isbn>0060872632</isbn>
<isbn13>9780060872632</isbn13>
<average_rating>4.16</average_rating>
<ratings_count>4626</ratings_count>
<publication_year></publication_year>
<publication_month></publication_month>
<publication_day></publication_day>
<authors>
<author>
<id>71455</id>
<name>Barbara Brown Taylor</name>
<link><![CDATA[https://www.goodreads.com/author/show/71455.Barbara_Brown_Taylor]]></link>
</author>
</authors>
</book>

          <book>
<id>153242</id>
<title><![CDATA[Take This Bread: A Radical Conversion]]></title>
<title_without_series><![CDATA[Take This Bread: A Radical Conversion]]></title_without_series>
<link><![CDATA[https://www.goodreads.com/book/show/153242.Take_This_Bread]]></link>
<small_image_url><![CDATA[https://s.gr-assets.com/assets/nophoto/book/50x75-a91bf249278a81aabab721ef782c4a74.png]]></small_image_url>
<image_url><![CDATA[https://s.gr-assets.com/assets/nophoto/book/111x148-bcc042a9c91a29c1d680899eff700a03.png]]></image_url>
<num_pages>283</num_pages>
<work>
<id>147924</id>
</work>
<isbn>0345486927</isbn>
<isbn13>9780345486929</isbn13>
<average_rating>4.05</average_rating>
<ratings_count>3395</ratings_count>
<publication_year></publication_year>
<publication_month></publication_month>
<publication_day></publication_day>
<authors>
<author>
<id>5784334</id>
<name>Sara  Miles</name>
<link><![CDATA[https://www.goodreads.com/author/show/5784334.Sara_Miles]]></link>
</author>
</authors>
</book>

          <book>
<id>405509</id>
<title>Mudhouse Sabbath</title>
<title_without_series>Mudhouse Sabbath</title_without_series>
<link><![CDATA[https://www.goodreads.com/book/show/405509.Mudhouse_Sabbath]]></link>
<small_image_url><![CDATA[https://s.gr-assets.com/assets/nophoto/book/50x75-a91bf249278a81aabab721ef782c4a74.png]]></small_image_url>
<image_url><![CDATA[https://s.gr-assets.com/assets/nophoto/book/111x148-bcc042a9c91a29c1d680899eff700a03.png]]></image_url>
<num_pages></num_pages>
<work>
<id>2659512</id>
</work>
<isbn>1557253447</isbn>
<isbn13>9781557253446</isbn13>
<average_rating>4.03</average_rating>
<ratings_count>3213</ratings_count>
<publication_year></publication_year>
<publication_month></publication_month>
<publication_day></publication_day>
<authors>
<author>
<id>27634</id>
<name>Lauren F. Winner</name>
<link><![CDATA[https://www.goodreads.com/author/show/27634.Lauren_F_Winner]]></link>
</author>
</authors>
</book>

          <book>
<id>123288</id>
<title><![CDATA[The Sacred Journey: A Memoir of Early Days]]></title>
<title_without_series><![CDATA[The Sacred Journey: A Memoir of Early Days]]></title_without_series>
<link><![CDATA[https://www.goodreads.com/book/show/123288.The_Sacred_Journey]]></link>
<small_image_url><![CDATA[https://images.gr-assets.com/books/1384259212s/123288.jpg]]></small_image_url>
<image_url><![CDATA[https://images.gr-assets.com/books/1384259212m/123288.jpg]]></image_url>
<num_pages>112</num_pages>
<work>
<id>940440</id>
</work>
<isbn>0060611839</isbn>
<isbn13>9780060611835</isbn13>
<average_rating>4.29</average_rating>
<ratings_count>1391</ratings_count>
<publication_year></publication_year>
<publication_month></publication_month>
<publication_day></publication_day>
<authors>
<author>
<id>19982</id>
<name>Frederick Buechner</name>
<link><![CDATA[https://www.goodreads.com/author/show/19982.Frederick_Buechner]]></link>
</author>
</authors>
</book>

          <book>
<id>479266</id>
<title><![CDATA[The Irrational Season (Crosswicks Journals, #3)]]></title>
<title_without_series>The Irrational Season</title_without_series>
<link><![CDATA[https://www.goodreads.com/book/show/479266.The_Irrational_Season]]></link>
<small_image_url><![CDATA[https://images.gr-assets.com/books/1439766191s/479266.jpg]]></small_image_url>
<image_url><![CDATA[https://images.gr-assets.com/books/1439766191m/479266.jpg]]></image_url>
<num_pages></num_pages>
<work>
<id>467683</id>
</work>
<isbn>0866839461</isbn>
<isbn13>9780866839464</isbn13>
<average_rating>4.20</average_rating>
<ratings_count>1545</ratings_count>
<publication_year></publication_year>
<publication_month></publication_month>
<publication_day></publication_day>
<authors>
<author>
<id>106</id>
<name>Madeleine L&apos;Engle</name>
<link><![CDATA[https://www.goodreads.com/author/show/106.Madeleine_L_Engle]]></link>
</author>
</authors>
</book>

          <book>
<id>76402</id>
<title><![CDATA[The Heart of Christianity: Rediscovering a Life of Faith]]></title>
<title_without_series><![CDATA[The Heart of Christianity: Rediscovering a Life of Faith]]></title_without_series>
<link><![CDATA[https://www.goodreads.com/book/show/76402.The_Heart_of_Christianity]]></link>
<small_image_url><![CDATA[https://s.gr-assets.com/assets/nophoto/book/50x75-a91bf249278a81aabab721ef782c4a74.png]]></small_image_url>
<image_url><![CDATA[https://s.gr-assets.com/assets/nophoto/book/111x148-bcc042a9c91a29c1d680899eff700a03.png]]></image_url>
<num_pages></num_pages>
<work>
<id>73917</id>
</work>
<isbn>0060730684</isbn>
<isbn13>9780060730680</isbn13>
<average_rating>4.20</average_rating>
<ratings_count>3199</ratings_count>
<publication_year></publication_year>
<publication_month></publication_month>
<publication_day></publication_day>
<authors>
<author>
<id>22721</id>
<name>Marcus J. Borg</name>
<link><![CDATA[https://www.goodreads.com/author/show/22721.Marcus_J_Borg]]></link>
</author>
</authors>
</book>

          <book>
<id>7229</id>
<title>The Inner Voice of Love</title>
<title_without_series>The Inner Voice of Love</title_without_series>
<link><![CDATA[https://www.goodreads.com/book/show/7229.The_Inner_Voice_of_Love]]></link>
<small_image_url><![CDATA[https://s.gr-assets.com/assets/nophoto/book/50x75-a91bf249278a81aabab721ef782c4a74.png]]></small_image_url>
<image_url><![CDATA[https://s.gr-assets.com/assets/nophoto/book/111x148-bcc042a9c91a29c1d680899eff700a03.png]]></image_url>
<num_pages>144</num_pages>
<work>
<id>973832</id>
</work>
<isbn>0385483481</isbn>
<isbn13>9780385483483</isbn13>
<average_rating>4.43</average_rating>
<ratings_count>3528</ratings_count>
<publication_year>1999</publication_year>
<publication_month>1</publication_month>
<publication_day>19</publication_day>
<authors>
<author>
<id>4837</id>
<name>Henri J.M. Nouwen</name>
<link><![CDATA[https://www.goodreads.com/author/show/4837.Henri_J_M_Nouwen]]></link>
</author>
</authors>
</book>

          <book>
<id>112069</id>
<title><![CDATA[Practicing Resurrection: A Memoir of Work, Doubt, Discernment, and Moments of Grace]]></title>
<title_without_series><![CDATA[Practicing Resurrection: A Memoir of Work, Doubt, Discernment, and Moments of Grace]]></title_without_series>
<link><![CDATA[https://www.goodreads.com/book/show/112069.Practicing_Resurrection]]></link>
<small_image_url><![CDATA[https://images.gr-assets.com/books/1320405334s/112069.jpg]]></small_image_url>
<image_url><![CDATA[https://images.gr-assets.com/books/1320405334m/112069.jpg]]></image_url>
<num_pages>240</num_pages>
<work>
<id>107919</id>
</work>
<isbn>0375705635</isbn>
<isbn13>9780375705632</isbn13>
<average_rating>4.12</average_rating>
<ratings_count>243</ratings_count>
<publication_year>2004</publication_year>
<publication_month>1</publication_month>
<publication_day>6</publication_day>
<authors>
<author>
<id>64832</id>
<name>Nora Gallagher</name>
<link><![CDATA[https://www.goodreads.com/author/show/64832.Nora_Gallagher]]></link>
</author>
</authors>
</book>

          <book>
<id>87664</id>
<title><![CDATA[A Generous Orthodoxy: Why I am a missional, evangelical, post/protestant, liberal/conservative, mystical/poetic, biblical, charismatic/contemplative, ... emergent, unfinished Christian (emergentYS)]]></title>
<title_without_series><![CDATA[A Generous Orthodoxy: Why I am a missional, evangelical, post/protestant, liberal/conservative, mystical/poetic, biblical, charismatic/contemplative, ... emergent, unfinished Christian]]></title_without_series>
<link><![CDATA[https://www.goodreads.com/book/show/87664.A_Generous_Orthodoxy]]></link>
<small_image_url><![CDATA[https://images.gr-assets.com/books/1384949537s/87664.jpg]]></small_image_url>
<image_url><![CDATA[https://images.gr-assets.com/books/1384949537m/87664.jpg]]></image_url>
<num_pages></num_pages>
<work>
<id>2993457</id>
</work>
<isbn>0310258030</isbn>
<isbn13>9780310258032</isbn13>
<average_rating>3.71</average_rating>
<ratings_count>4709</ratings_count>
<publication_year></publication_year>
<publication_month></publication_month>
<publication_day></publication_day>
<authors>
<author>
<id>21333</id>
<name>Brian D. McLaren</name>
<link><![CDATA[https://www.goodreads.com/author/show/21333.Brian_D_McLaren]]></link>
</author>
</authors>
</book>

          <book>
<id>7251402</id>
<title><![CDATA[Evolving in Monkey Town: How a Girl Who Knew All the Answers Learned to Ask the Questions]]></title>
<title_without_series><![CDATA[Evolving in Monkey Town: How a Girl Who Knew All the Answers Learned to Ask the Questions]]></title_without_series>
<link><![CDATA[https://www.goodreads.com/book/show/7251402-evolving-in-monkey-town]]></link>
<small_image_url><![CDATA[https://s.gr-assets.com/assets/nophoto/book/50x75-a91bf249278a81aabab721ef782c4a74.png]]></small_image_url>
<image_url><![CDATA[https://s.gr-assets.com/assets/nophoto/book/111x148-bcc042a9c91a29c1d680899eff700a03.png]]></image_url>
<num_pages>232</num_pages>
<work>
<id>8277628</id>
</work>
<isbn>0310293995</isbn>
<isbn13>9780310293996</isbn13>
<average_rating>4.14</average_rating>
<ratings_count>4125</ratings_count>
<publication_year></publication_year>
<publication_month></publication_month>
<publication_day></publication_day>
<authors>
<author>
<id>3207795</id>
<name>Rachel Held Evans</name>
<link><![CDATA[https://www.goodreads.com/author/show/3207795.Rachel_Held_Evans]]></link>
</author>
</authors>
</book>

  </similar_books>
</book>

</GoodreadsResponse>