<?xml version="1.0" encoding="UTF-8"?>
<GoodreadsResponse>
  <Request>
    <authentication>true</authentication>
      <key><![CDATA[all_men_must_serve]]></key>
    <method><![CDATA[book_show]]></method>
  </Request>
  <book>
  <id>10897866</id>
  <title><![CDATA[The Soulkeepers (The Soulkeepers, #1)]]></title>
  <isbn><![CDATA[1460995457]]></isbn>
  <isbn13><![CDATA[9781460995457]]></isbn13>
  <asin><![CDATA[]]></asin>
  <kindle_asin><![CDATA[B004RR1NZI]]></kindle_asin>
  <marketplace_id><![CDATA[A1F83G8C2ARO7P]]></marketplace_id>
  <country_code><![CDATA[GB]]></country_code>
  <image_url>https://images.gr-assets.com/books/1308260933m/10897866.jpg</image_url>
  <small_image_url>https://images.gr-assets.com/books/1308260933s/10897866.jpg</small_image_url>
  <publication_year>2011</publication_year>
  <publication_month>6</publication_month>
  <publication_day>1</publication_day>
  <publisher>Createspace</publisher>
  <language_code>en-US</language_code>
  <is_ebook>false</is_ebook>
  <description><![CDATA[When fifteen-year-old Jacob Lau is pulled from the crumpled remains of his mother's car, no one can explain why he was driving or why the police can't find his mother's body. A beautiful and mysterious neighbor offers to use her unique abilities to help him find his mom. <br /><br />But in exchange she requires Jacob to train as a Soulkeeper, a protector of human souls. He agrees to her demands, desperate for any clue to the mystery of his mother's disappearance. But soon Jacob finds himself trapped in a web of half-truths, and questions her motives for helping him.]]></description>
  <work>
  <id type="integer">15813784</id>
  <books_count type="integer">10</books_count>
  <best_book_id type="integer">10897866</best_book_id>
  <reviews_count type="integer">29751</reviews_count>
  <ratings_sum type="integer">50103</ratings_sum>
  <ratings_count type="integer">13514</ratings_count>
  <text_reviews_count type="integer">993</text_reviews_count>
  <original_publication_year type="integer">2011</original_publication_year>
  <original_publication_month type="integer">3</original_publication_month>
  <original_publication_day type="integer">10</original_publication_day>
  <original_title>The Soulkeepers (The Soulkeepers #1)</original_title>
  <original_language_id type="integer" nil="true"/>
  <media_type>book</media_type>
  <rating_dist>5:3923|4:4253|3:3455|2:1228|1:655|total:13514</rating_dist>
  <desc_user_id type="integer">4027979</desc_user_id>
  <default_chaptering_book_id type="integer" nil="true"/>
  <default_description_language_code nil="true"/>
</work>
  <average_rating>3.71</average_rating>
  <num_pages><![CDATA[308]]></num_pages>
  <format><![CDATA[Paperback]]></format>
  <edition_information><![CDATA[1st Edition]]></edition_information>
  <ratings_count><![CDATA[7331]]></ratings_count>
  <text_reviews_count><![CDATA[774]]></text_reviews_count>
  <url><![CDATA[https://www.goodreads.com/book/show/10897866-the-soulkeepers]]></url>
  <link><![CDATA[https://www.goodreads.com/book/show/10897866-the-soulkeepers]]></link>
  <authors>
<author>
<id>4666971</id>
<name>G.P. Ching</name>
<role></role>
<image_url nophoto='false'>
<![CDATA[https://images.gr-assets.com/authors/1450297370p5/4666971.jpg]]>
</image_url>
<small_image_url nophoto='false'>
<![CDATA[https://images.gr-assets.com/authors/1450297370p2/4666971.jpg]]>
</small_image_url>
<link><![CDATA[https://www.goodreads.com/author/show/4666971.G_P_Ching]]></link>
<average_rating>3.95</average_rating>
<ratings_count>27692</ratings_count>
<text_reviews_count>1745</text_reviews_count>
</author>
</authors>

    <reviews_widget>
      <![CDATA[
        <style>
  #goodreads-widget {
    font-family: georgia, serif;
    padding: 18px 0;
    width:565px;
  }
  #goodreads-widget h1 {
    font-weight:normal;
    font-size: 16px;
    border-bottom: 1px solid #BBB596;
    margin-bottom: 0;
  }
  #goodreads-widget a {
    text-decoration: none;
    color:#660;
  }
  iframe{
    background-color: #fff;
  }
  #goodreads-widget a:hover { text-decoration: underline; }
  #goodreads-widget a:active {
    color:#660;
  }
  #gr_footer {
    width: 100%;
    border-top: 1px solid #BBB596;
    text-align: right;
  }
  #goodreads-widget .gr_branding{
    color: #382110;
    font-size: 11px;
    text-decoration: none;
    font-family: "Helvetica Neue", Helvetica, Arial, sans-serif;
  }
</style>
<div id="goodreads-widget">
  <div id="gr_header"><h1><a rel="nofollow" href="https://www.goodreads.com/book/show/10897866-the-soulkeepers">The Soulkeepers Reviews</a></h1></div>
  <iframe id="the_iframe" src="https://www.goodreads.com/api/reviews_widget_iframe?did=DEVELOPER_ID&amp;format=html&amp;isbn=1460995457&amp;links=660&amp;min_rating=&amp;review_back=fff&amp;stars=000&amp;text=000" width="565" height="400" frameborder="0"></iframe>
  <div id="gr_footer">
    <a class="gr_branding" target="_blank" rel="nofollow" href="https://www.goodreads.com/book/show/10897866-the-soulkeepers?utm_medium=api&amp;utm_source=reviews_widget">Reviews from Goodreads.com</a>
  </div>
</div>

      ]]>
    </reviews_widget>
  <popular_shelves>
      <shelf name="to-read" count="5853"/>
      <shelf name="currently-reading" count="803"/>
      <shelf name="fantasy" count="156"/>
      <shelf name="ya" count="129"/>
      <shelf name="kindle" count="122"/>
      <shelf name="young-adult" count="88"/>
      <shelf name="ebook" count="86"/>
      <shelf name="fiction" count="70"/>
      <shelf name="ebooks" count="65"/>
      <shelf name="kindle-books" count="63"/>
      <shelf name="series" count="62"/>
      <shelf name="paranormal" count="55"/>
      <shelf name="owned" count="42"/>
      <shelf name="angels" count="39"/>
      <shelf name="mystery" count="38"/>
      <shelf name="supernatural" count="37"/>
      <shelf name="e-book" count="36"/>
      <shelf name="favorites" count="34"/>
      <shelf name="romance" count="32"/>
      <shelf name="free" count="31"/>
      <shelf name="on-my-kindle" count="30"/>
      <shelf name="kindle-freebies" count="30"/>
      <shelf name="magic" count="21"/>
      <shelf name="g-p-ching" count="19"/>
      <shelf name="e-books" count="18"/>
      <shelf name="paranormal-romance" count="18"/>
      <shelf name="amazon" count="17"/>
      <shelf name="books-i-own" count="16"/>
      <shelf name="owned-books" count="16"/>
      <shelf name="own-to-read" count="14"/>
      <shelf name="own-kindle" count="14"/>
      <shelf name="own-ebook" count="14"/>
      <shelf name="have" count="13"/>
      <shelf name="kindle-free" count="13"/>
      <shelf name="kindle-freebie" count="13"/>
      <shelf name="free-ebooks" count="13"/>
      <shelf name="urban-fantasy" count="12"/>
      <shelf name="fantasy-sci-fi" count="12"/>
      <shelf name="my-books" count="12"/>
      <shelf name="did-not-finish" count="12"/>
      <shelf name="freebie" count="12"/>
      <shelf name="kindle-to-read" count="12"/>
      <shelf name="maybe" count="12"/>
      <shelf name="kindle-lendable" count="11"/>
      <shelf name="nook" count="11"/>
      <shelf name="first-in-series" count="11"/>
      <shelf name="kobo" count="10"/>
      <shelf name="dnf" count="10"/>
      <shelf name="library" count="10"/>
      <shelf name="read-in-2013" count="10"/>
      <shelf name="to-read-owned" count="10"/>
      <shelf name="ibooks" count="10"/>
      <shelf name="abandoned" count="10"/>
      <shelf name="read-2012" count="10"/>
      <shelf name="free-kindle-books" count="10"/>
      <shelf name="ya-fantasy" count="10"/>
      <shelf name="ya-paranormal" count="10"/>
      <shelf name="to-read-kindle" count="10"/>
      <shelf name="indie" count="10"/>
      <shelf name="my-kindle-books" count="9"/>
      <shelf name="my-ebooks" count="9"/>
      <shelf name="sci-fi-fantasy" count="9"/>
      <shelf name="teen" count="9"/>
      <shelf name="ebooks-i-own" count="9"/>
      <shelf name="adventure" count="9"/>
      <shelf name="on-kindle" count="8"/>
      <shelf name="nook-books" count="8"/>
      <shelf name="owned-to-read" count="8"/>
      <shelf name="free-books" count="8"/>
      <shelf name="owned-kindle" count="8"/>
      <shelf name="kindle-owned" count="8"/>
      <shelf name="christian-fiction" count="8"/>
      <shelf name="science-fiction" count="8"/>
      <shelf name="science-fiction-fantasy" count="8"/>
      <shelf name="paranormal-fantasy" count="8"/>
      <shelf name="pnr" count="8"/>
      <shelf name="reviewed" count="8"/>
      <shelf name="i-own" count="8"/>
      <shelf name="wish-list" count="8"/>
      <shelf name="audiobook" count="7"/>
      <shelf name="kindle-library" count="7"/>
      <shelf name="default" count="7"/>
      <shelf name="part-of-a-series" count="7"/>
      <shelf name="kindle-books-i-own" count="7"/>
      <shelf name="angels-and-demons" count="7"/>
      <shelf name="contemporary" count="7"/>
      <shelf name="kindle-ebook" count="7"/>
      <shelf name="own-it" count="7"/>
      <shelf name="amazon-books" count="6"/>
      <shelf name="freebies" count="6"/>
      <shelf name="purchased" count="6"/>
      <shelf name="unread" count="6"/>
      <shelf name="couldn-t-finish" count="6"/>
      <shelf name="sci-fi" count="6"/>
      <shelf name="on-the-kindle" count="6"/>
      <shelf name="mystery-thriller" count="6"/>
      <shelf name="series-to-read" count="6"/>
      <shelf name="own-not-read" count="6"/>
      <shelf name="tbr" count="6"/>
      <shelf name="kindle-tbr" count="6"/>
  </popular_shelves>
  <book_links>
    <book_link>
  <id>8</id>
  <name>Libraries</name>
  <link>https://www.goodreads.com/book_link/follow/8</link>
</book_link>

  </book_links>
  <buy_links>
    <buy_link>
<id>1</id>
<name>Amazon</name>
<link>https://www.goodreads.com/book_link/follow/1</link>
</buy_link>
<buy_link>
<id>10</id>
<name>Audible</name>
<link>https://www.goodreads.com/book_link/follow/10</link>
</buy_link>
<buy_link>
<id>3</id>
<name>Barnes &amp; Noble</name>
<link>https://www.goodreads.com/book_link/follow/3</link>
</buy_link>
<buy_link>
<id>1027</id>
<name>Kobo</name>
<link>https://www.goodreads.com/book_link/follow/1027</link>
</buy_link>
<buy_link>
<id>2102</id>
<name>Apple iBooks</name>
<link>https://www.goodreads.com/book_link/follow/2102</link>
</buy_link>
<buy_link>
<id>8036</id>
<name>Google Play</name>
<link>https://www.goodreads.com/book_link/follow/8036</link>
</buy_link>
<buy_link>
<id>4</id>
<name>Abebooks</name>
<link>https://www.goodreads.com/book_link/follow/4</link>
</buy_link>
<buy_link>
<id>882</id>
<name>Book Depository</name>
<link>https://www.goodreads.com/book_link/follow/882</link>
</buy_link>
<buy_link>
<id>9</id>
<name>Indigo</name>
<link>https://www.goodreads.com/book_link/follow/9</link>
</buy_link>
<buy_link>
<id>2</id>
<name>Half.com</name>
<link>https://www.goodreads.com/book_link/follow/2</link>
</buy_link>
<buy_link>
<id>5</id>
<name>Alibris</name>
<link>https://www.goodreads.com/book_link/follow/5</link>
</buy_link>
<buy_link>
<id>107</id>
<name>Better World Books</name>
<link>https://www.goodreads.com/book_link/follow/107</link>
</buy_link>
<buy_link>
<id>7</id>
<name>IndieBound</name>
<link>https://www.goodreads.com/book_link/follow/7</link>
</buy_link>

  </buy_links>
  <series_works>
    <series_work>
<id>268072</id>
<user_position>1</user_position>
<series>
<id>62200</id>
<title>
<![CDATA[
    The Soulkeepers
]]>
</title>
<description>
<![CDATA[
]]>
</description>
<note>
<![CDATA[
]]>
</note>
<series_works_count>9</series_works_count>
<primary_work_count>6</primary_work_count>
<numbered>true</numbered>
</series>

</series_work>

  </series_works>
  <similar_books>
          <book>
<id>12372058</id>
<title><![CDATA[Rex Rising (Elei's Chronicles, #1)]]></title>
<title_without_series>Rex Rising</title_without_series>
<link><![CDATA[https://www.goodreads.com/book/show/12372058-rex-rising]]></link>
<small_image_url><![CDATA[https://images.gr-assets.com/books/1327907818s/12372058.jpg]]></small_image_url>
<image_url><![CDATA[https://images.gr-assets.com/books/1327907818m/12372058.jpg]]></image_url>
<num_pages>227</num_pages>
<work>
<id>17352434</id>
</work>
<isbn></isbn>
<isbn13></isbn13>
<average_rating>3.62</average_rating>
<ratings_count>738</ratings_count>
<publication_year>2011</publication_year>
<publication_month>8</publication_month>
<publication_day>11</publication_day>
<authors>
<author>
<id>4397966</id>
<name>Chrystalla Thoma</name>
<link><![CDATA[https://www.goodreads.com/author/show/4397966.Chrystalla_Thoma]]></link>
</author>
</authors>
</book>

          <book>
<id>9708692</id>
<title><![CDATA[Into the Shadows (Into the Shadows, #1)]]></title>
<title_without_series>Into the Shadows</title_without_series>
<link><![CDATA[https://www.goodreads.com/book/show/9708692-into-the-shadows]]></link>
<small_image_url><![CDATA[https://images.gr-assets.com/books/1327936606s/9708692.jpg]]></small_image_url>
<image_url><![CDATA[https://images.gr-assets.com/books/1327936606m/9708692.jpg]]></image_url>
<num_pages>278</num_pages>
<work>
<id>14431286</id>
</work>
<isbn>1456341030</isbn>
<isbn13>9781456341039</isbn13>
<average_rating>3.56</average_rating>
<ratings_count>1132</ratings_count>
<publication_year>2010</publication_year>
<publication_month>11</publication_month>
<publication_day>10</publication_day>
<authors>
<author>
<id>4416995</id>
<name>Karly Kirkpatrick</name>
<link><![CDATA[https://www.goodreads.com/author/show/4416995.Karly_Kirkpatrick]]></link>
</author>
</authors>
</book>

          <book>
<id>9584310</id>
<title><![CDATA[A Chance for Charity (The Immortal Ones, #1)]]></title>
<title_without_series>A Chance for Charity</title_without_series>
<link><![CDATA[https://www.goodreads.com/book/show/9584310-a-chance-for-charity]]></link>
<small_image_url><![CDATA[https://images.gr-assets.com/books/1301589479s/9584310.jpg]]></small_image_url>
<image_url><![CDATA[https://images.gr-assets.com/books/1301589479m/9584310.jpg]]></image_url>
<num_pages>260</num_pages>
<work>
<id>13471192</id>
</work>
<isbn>1453778039</isbn>
<isbn13>9781453778036</isbn13>
<average_rating>3.60</average_rating>
<ratings_count>2753</ratings_count>
<publication_year>2010</publication_year>
<publication_month>6</publication_month>
<publication_day>4</publication_day>
<authors>
<author>
<id>4124572</id>
<name>S.L. Baum</name>
<link><![CDATA[https://www.goodreads.com/author/show/4124572.S_L_Baum]]></link>
</author>
</authors>
</book>

          <book>
<id>12055183</id>
<title><![CDATA[Chosen (Guardians of the Word, #1)]]></title>
<title_without_series>Chosen</title_without_series>
<link><![CDATA[https://www.goodreads.com/book/show/12055183-chosen]]></link>
<small_image_url><![CDATA[https://images.gr-assets.com/books/1328991459s/12055183.jpg]]></small_image_url>
<image_url><![CDATA[https://images.gr-assets.com/books/1328991459m/12055183.jpg]]></image_url>
<num_pages>293</num_pages>
<work>
<id>17022293</id>
</work>
<isbn></isbn>
<isbn13></isbn13>
<average_rating>3.61</average_rating>
<ratings_count>808</ratings_count>
<publication_year>2011</publication_year>
<publication_month>6</publication_month>
<publication_day>28</publication_day>
<authors>
<author>
<id>5046531</id>
<name>Jolea M. Harrison</name>
<link><![CDATA[https://www.goodreads.com/author/show/5046531.Jolea_M_Harrison]]></link>
</author>
</authors>
</book>

          <book>
<id>20890243</id>
<title><![CDATA[Death Whispers (The Death Series, #1)]]></title>
<title_without_series>Death Whispers</title_without_series>
<link><![CDATA[https://www.goodreads.com/book/show/20890243-death-whispers]]></link>
<small_image_url><![CDATA[https://images.gr-assets.com/books/1393164816s/20890243.jpg]]></small_image_url>
<image_url><![CDATA[https://images.gr-assets.com/books/1393164816m/20890243.jpg]]></image_url>
<num_pages>441</num_pages>
<work>
<id>15867444</id>
</work>
<isbn></isbn>
<isbn13></isbn13>
<average_rating>3.81</average_rating>
<ratings_count>1370</ratings_count>
<publication_year>2011</publication_year>
<publication_month>3</publication_month>
<publication_day>31</publication_day>
<authors>
<author>
<id>4755913</id>
<name>Tamara Rose Blodgett</name>
<link><![CDATA[https://www.goodreads.com/author/show/4755913.Tamara_Rose_Blodgett]]></link>
</author>
</authors>
</book>

          <book>
<id>6885954</id>
<title>Sojourner (Sojourner, #1)</title>
<title_without_series>Sojourner</title_without_series>
<link><![CDATA[https://www.goodreads.com/book/show/6885954-sojourner]]></link>
<small_image_url><![CDATA[https://images.gr-assets.com/books/1324963320s/6885954.jpg]]></small_image_url>
<image_url><![CDATA[https://images.gr-assets.com/books/1324963320m/6885954.jpg]]></image_url>
<num_pages>240</num_pages>
<work>
<id>7105552</id>
</work>
<isbn>1448681251</isbn>
<isbn13>9781448681259</isbn13>
<average_rating>3.63</average_rating>
<ratings_count>1538</ratings_count>
<publication_year></publication_year>
<publication_month></publication_month>
<publication_day></publication_day>
<authors>
<author>
<id>2957043</id>
<name>Maria Rachel Hooley</name>
<link><![CDATA[https://www.goodreads.com/author/show/2957043.Maria_Rachel_Hooley]]></link>
</author>
</authors>
</book>

          <book>
<id>19351259</id>
<title>Marked (Soul Guardians, #1)</title>
<title_without_series>Marked</title_without_series>
<link><![CDATA[https://www.goodreads.com/book/show/19351259-marked]]></link>
<small_image_url><![CDATA[https://images.gr-assets.com/books/1386704315s/19351259.jpg]]></small_image_url>
<image_url><![CDATA[https://images.gr-assets.com/books/1386704315m/19351259.jpg]]></image_url>
<num_pages>288</num_pages>
<work>
<id>15729324</id>
</work>
<isbn></isbn>
<isbn13></isbn13>
<average_rating>3.71</average_rating>
<ratings_count>5635</ratings_count>
<publication_year>2011</publication_year>
<publication_month>3</publication_month>
<publication_day>15</publication_day>
<authors>
<author>
<id>2053448</id>
<name>Kim Richardson</name>
<link><![CDATA[https://www.goodreads.com/author/show/2053448.Kim_Richardson]]></link>
</author>
</authors>
</book>

          <book>
<id>11405554</id>
<title><![CDATA[Awaken His Eyes (The Awakened #1)]]></title>
<title_without_series>Awaken His Eyes</title_without_series>
<link><![CDATA[https://www.goodreads.com/book/show/11405554-awaken-his-eyes]]></link>
<small_image_url><![CDATA[https://images.gr-assets.com/books/1369441827s/11405554.jpg]]></small_image_url>
<image_url><![CDATA[https://images.gr-assets.com/books/1369441827m/11405554.jpg]]></image_url>
<num_pages>286</num_pages>
<work>
<id>16338294</id>
</work>
<isbn></isbn>
<isbn13></isbn13>
<average_rating>3.62</average_rating>
<ratings_count>3820</ratings_count>
<publication_year>2011</publication_year>
<publication_month>5</publication_month>
<publication_day>16</publication_day>
<authors>
<author>
<id>4474142</id>
<name>Jason Tesar</name>
<link><![CDATA[https://www.goodreads.com/author/show/4474142.Jason_Tesar]]></link>
</author>
</authors>
</book>

          <book>
<id>12971005</id>
<title>Intuition (Intangible, #0.5)</title>
<title_without_series>Intuition</title_without_series>
<link><![CDATA[https://www.goodreads.com/book/show/12971005-intuition]]></link>
<small_image_url><![CDATA[https://images.gr-assets.com/books/1397838556s/12971005.jpg]]></small_image_url>
<image_url><![CDATA[https://images.gr-assets.com/books/1397838556m/12971005.jpg]]></image_url>
<num_pages>51</num_pages>
<work>
<id>18197127</id>
</work>
<isbn></isbn>
<isbn13>9781465964786</isbn13>
<average_rating>3.60</average_rating>
<ratings_count>933</ratings_count>
<publication_year>2011</publication_year>
<publication_month>10</publication_month>
<publication_day>17</publication_day>
<authors>
<author>
<id>3224031</id>
<name>Jen  Meyers</name>
<link><![CDATA[https://www.goodreads.com/author/show/3224031.Jen_Meyers]]></link>
</author>
</authors>
</book>

          <book>
<id>10574690</id>
<title><![CDATA[Anathema (Cloud Prophet Trilogy, #1)]]></title>
<title_without_series>Anathema</title_without_series>
<link><![CDATA[https://www.goodreads.com/book/show/10574690-anathema]]></link>
<small_image_url><![CDATA[https://images.gr-assets.com/books/1394065344s/10574690.jpg]]></small_image_url>
<image_url><![CDATA[https://images.gr-assets.com/books/1394065344m/10574690.jpg]]></image_url>
<num_pages>206</num_pages>
<work>
<id>15088017</id>
</work>
<isbn>1460905091</isbn>
<isbn13>1230000002505</isbn13>
<average_rating>3.61</average_rating>
<ratings_count>3069</ratings_count>
<publication_year>2011</publication_year>
<publication_month>2</publication_month>
<publication_day>5</publication_day>
<authors>
<author>
<id>4574107</id>
<name>Megg Jensen</name>
<link><![CDATA[https://www.goodreads.com/author/show/4574107.Megg_Jensen]]></link>
</author>
</authors>
</book>

          <book>
<id>12711899</id>
<title>Stained (Stained, #1)</title>
<title_without_series>Stained</title_without_series>
<link><![CDATA[https://www.goodreads.com/book/show/12711899-stained]]></link>
<small_image_url><![CDATA[https://images.gr-assets.com/books/1422928499s/12711899.jpg]]></small_image_url>
<image_url><![CDATA[https://images.gr-assets.com/books/1422928499m/12711899.jpg]]></image_url>
<num_pages>254</num_pages>
<work>
<id>17845774</id>
</work>
<isbn></isbn>
<isbn13></isbn13>
<average_rating>3.71</average_rating>
<ratings_count>6762</ratings_count>
<publication_year>2011</publication_year>
<publication_month>9</publication_month>
<publication_day>14</publication_day>
<authors>
<author>
<id>1530940</id>
<name>Ella James</name>
<link><![CDATA[https://www.goodreads.com/author/show/1530940.Ella_James]]></link>
</author>
</authors>
</book>

          <book>
<id>8122052</id>
<title>Glimpse (Zellie Wells, #1)</title>
<title_without_series>Glimpse</title_without_series>
<link><![CDATA[https://www.goodreads.com/book/show/8122052-glimpse]]></link>
<small_image_url><![CDATA[https://images.gr-assets.com/books/1333585383s/8122052.jpg]]></small_image_url>
<image_url><![CDATA[https://images.gr-assets.com/books/1333585383m/8122052.jpg]]></image_url>
<num_pages>262</num_pages>
<work>
<id>12917539</id>
</work>
<isbn>1452858748</isbn>
<isbn13>9781452858746</isbn13>
<average_rating>3.59</average_rating>
<ratings_count>5674</ratings_count>
<publication_year>2010</publication_year>
<publication_month>5</publication_month>
<publication_day>9</publication_day>
<authors>
<author>
<id>3512625</id>
<name>Stacey Wallace Benefiel</name>
<link><![CDATA[https://www.goodreads.com/author/show/3512625.Stacey_Wallace_Benefiel]]></link>
</author>
</authors>
</book>

          <book>
<id>16032211</id>
<title><![CDATA[Night Marchers (Night Marchers, #1)]]></title>
<title_without_series>Night Marchers</title_without_series>
<link><![CDATA[https://www.goodreads.com/book/show/16032211-night-marchers]]></link>
<small_image_url><![CDATA[https://images.gr-assets.com/books/1347925901s/16032211.jpg]]></small_image_url>
<image_url><![CDATA[https://images.gr-assets.com/books/1347925901m/16032211.jpg]]></image_url>
<num_pages>342</num_pages>
<work>
<id>18153729</id>
</work>
<isbn></isbn>
<isbn13></isbn13>
<average_rating>3.61</average_rating>
<ratings_count>2019</ratings_count>
<publication_year>2011</publication_year>
<publication_month>10</publication_month>
<publication_day>14</publication_day>
<authors>
<author>
<id>5308881</id>
<name>Rebecca Gober</name>
<link><![CDATA[https://www.goodreads.com/author/show/5308881.Rebecca_Gober]]></link>
</author>
</authors>
</book>

          <book>
<id>12567090</id>
<title>Become (Desolation, #1)</title>
<title_without_series>Become</title_without_series>
<link><![CDATA[https://www.goodreads.com/book/show/12567090-become]]></link>
<small_image_url><![CDATA[https://images.gr-assets.com/books/1355340288s/12567090.jpg]]></small_image_url>
<image_url><![CDATA[https://images.gr-assets.com/books/1355340288m/12567090.jpg]]></image_url>
<num_pages>340</num_pages>
<work>
<id>17575193</id>
</work>
<isbn></isbn>
<isbn13></isbn13>
<average_rating>3.64</average_rating>
<ratings_count>1749</ratings_count>
<publication_year>2011</publication_year>
<publication_month>10</publication_month>
<publication_day>15</publication_day>
<authors>
<author>
<id>5188441</id>
<name>Ali Cross</name>
<link><![CDATA[https://www.goodreads.com/author/show/5188441.Ali_Cross]]></link>
</author>
</authors>
</book>

          <book>
<id>7793496</id>
<title><![CDATA[Shadow of the Sun (Timeless, #1)]]></title>
<title_without_series>Shadow of the Sun</title_without_series>
<link><![CDATA[https://www.goodreads.com/book/show/7793496-shadow-of-the-sun]]></link>
<small_image_url><![CDATA[https://images.gr-assets.com/books/1308157280s/7793496.jpg]]></small_image_url>
<image_url><![CDATA[https://images.gr-assets.com/books/1308157280m/7793496.jpg]]></image_url>
<num_pages>524</num_pages>
<work>
<id>10754650</id>
</work>
<isbn>1450211755</isbn>
<isbn13>9781450211758</isbn13>
<average_rating>3.76</average_rating>
<ratings_count>1034</ratings_count>
<publication_year>2010</publication_year>
<publication_month>2</publication_month>
<publication_day>22</publication_day>
<authors>
<author>
<id>3396910</id>
<name>Laura Kreitzer</name>
<link><![CDATA[https://www.goodreads.com/author/show/3396910.Laura_Kreitzer]]></link>
</author>
</authors>
</book>

          <book>
<id>18466677</id>
<title><![CDATA[The Trouble with Spells (Of Witches and Warlocks, #1)]]></title>
<title_without_series>The Trouble with Spells</title_without_series>
<link><![CDATA[https://www.goodreads.com/book/show/18466677-the-trouble-with-spells]]></link>
<small_image_url><![CDATA[https://images.gr-assets.com/books/1378665064s/18466677.jpg]]></small_image_url>
<image_url><![CDATA[https://images.gr-assets.com/books/1378665064m/18466677.jpg]]></image_url>
<num_pages>320</num_pages>
<work>
<id>9694646</id>
</work>
<isbn></isbn>
<isbn13></isbn13>
<average_rating>3.87</average_rating>
<ratings_count>4409</ratings_count>
<publication_year>2011</publication_year>
<publication_month>3</publication_month>
<publication_day>8</publication_day>
<authors>
<author>
<id>3297510</id>
<name>Lacey Weatherford</name>
<link><![CDATA[https://www.goodreads.com/author/show/3297510.Lacey_Weatherford]]></link>
</author>
</authors>
</book>

          <book>
<id>9306975</id>
<title><![CDATA[Jenny Pox (The Paranormals, #1)]]></title>
<title_without_series>Jenny Pox</title_without_series>
<link><![CDATA[https://www.goodreads.com/book/show/9306975-jenny-pox]]></link>
<small_image_url><![CDATA[https://images.gr-assets.com/books/1298773614s/9306975.jpg]]></small_image_url>
<image_url><![CDATA[https://images.gr-assets.com/books/1298773614m/9306975.jpg]]></image_url>
<num_pages>310</num_pages>
<work>
<id>13688634</id>
</work>
<isbn></isbn>
<isbn13>9781452484761</isbn13>
<average_rating>3.63</average_rating>
<ratings_count>7122</ratings_count>
<publication_year>2010</publication_year>
<publication_month>7</publication_month>
<publication_day>22</publication_day>
<authors>
<author>
<id>2917423</id>
<name>J.L. Bryan</name>
<link><![CDATA[https://www.goodreads.com/author/show/2917423.J_L_Bryan]]></link>
</author>
</authors>
</book>

          <book>
<id>12392156</id>
<title><![CDATA[Birthrights (The Awakening Trilogy #1)]]></title>
<title_without_series>Birthrights</title_without_series>
<link><![CDATA[https://www.goodreads.com/book/show/12392156-birthrights]]></link>
<small_image_url><![CDATA[https://images.gr-assets.com/books/1355945333s/12392156.jpg]]></small_image_url>
<image_url><![CDATA[https://images.gr-assets.com/books/1355945333m/12392156.jpg]]></image_url>
<num_pages>198</num_pages>
<work>
<id>17373228</id>
</work>
<isbn>0615499600</isbn>
<isbn13>9780615499604</isbn13>
<average_rating>3.74</average_rating>
<ratings_count>883</ratings_count>
<publication_year>2011</publication_year>
<publication_month>8</publication_month>
<publication_day>1</publication_day>
<authors>
<author>
<id>354490</id>
<name>Christine M. Butler</name>
<link><![CDATA[https://www.goodreads.com/author/show/354490.Christine_M_Butler]]></link>
</author>
</authors>
</book>

  </similar_books>
</book>

</GoodreadsResponse>