<?xml version="1.0" encoding="UTF-8"?>
<GoodreadsResponse>
  <Request>
    <authentication>true</authentication>
      <key><![CDATA[all_men_must_serve]]></key>
    <method><![CDATA[book_show]]></method>
  </Request>
  <book>
  <id>10893138</id>
  <title>The Time of My Life</title>
  <isbn><![CDATA[0007350430]]></isbn>
  <isbn13><![CDATA[9780007350438]]></isbn13>
  <asin><![CDATA[]]></asin>
  <kindle_asin><![CDATA[B005E89WB6]]></kindle_asin>
  <marketplace_id><![CDATA[A1F83G8C2ARO7P]]></marketplace_id>
  <country_code><![CDATA[GB]]></country_code>
  <image_url>https://images.gr-assets.com/books/1327918581m/10893138.jpg</image_url>
  <small_image_url>https://images.gr-assets.com/books/1327918581s/10893138.jpg</small_image_url>
  <publication_year>2011</publication_year>
  <publication_month>10</publication_month>
  <publication_day>13</publication_day>
  <publisher>HarperCollins</publisher>
  <language_code>eng</language_code>
  <is_ebook>false</is_ebook>
  <description><![CDATA[Lucy Silchester has an appointment with her life – and she’s going to have to keep it.<br /><br />Lying on Lucy Silchester’s carpet one day when she returns from work is a gold envelope. Inside is an invitation – to a meeting with Life. Her life. It turns out she's been ignoring it and it needs to meet with her face to face.<br /><br />It sounds peculiar, but Lucy’s read about this in a magazine. Anyway, she can’t make the date: she’s much too busy despising her job, skipping out on her friends and avoiding her family.<br /><br />But Lucy’s life isn’t what it seems. Some of the choices she’s made – and stories she’s told – aren’t what they seem either. From the moment she meets the man who introduces himself as her life, her stubborn half-truths are going to be revealed in all their glory – unless Lucy learns to tell the truth about what really matters to her.]]></description>
  <work>
  <id type="integer">16947613</id>
  <books_count type="integer">64</books_count>
  <best_book_id type="integer">10893138</best_book_id>
  <reviews_count type="integer">29936</reviews_count>
  <ratings_sum type="integer">56511</ratings_sum>
  <ratings_count type="integer">14679</ratings_count>
  <text_reviews_count type="integer">1349</text_reviews_count>
  <original_publication_year type="integer">2011</original_publication_year>
  <original_publication_month type="integer" nil="true"/>
  <original_publication_day type="integer" nil="true"/>
  <original_title>The Time of My Life</original_title>
  <original_language_id type="integer" nil="true"/>
  <media_type>book</media_type>
  <rating_dist>5:4324|4:5396|3:3684|2:980|1:295|total:14679</rating_dist>
  <desc_user_id type="integer">33077764</desc_user_id>
  <default_chaptering_book_id type="integer" nil="true"/>
  <default_description_language_code nil="true"/>
</work>
  <average_rating>3.85</average_rating>
  <num_pages><![CDATA[392]]></num_pages>
  <format><![CDATA[Hardcover]]></format>
  <edition_information><![CDATA[]]></edition_information>
  <ratings_count><![CDATA[11697]]></ratings_count>
  <text_reviews_count><![CDATA[961]]></text_reviews_count>
  <url><![CDATA[https://www.goodreads.com/book/show/10893138-the-time-of-my-life]]></url>
  <link><![CDATA[https://www.goodreads.com/book/show/10893138-the-time-of-my-life]]></link>
  <authors>
<author>
<id>7116</id>
<name>Cecelia Ahern</name>
<role></role>
<image_url nophoto='false'>
<![CDATA[https://images.gr-assets.com/authors/1414058421p5/7116.jpg]]>
</image_url>
<small_image_url nophoto='false'>
<![CDATA[https://images.gr-assets.com/authors/1414058421p2/7116.jpg]]>
</small_image_url>
<link><![CDATA[https://www.goodreads.com/author/show/7116.Cecelia_Ahern]]></link>
<average_rating>3.90</average_rating>
<ratings_count>581777</ratings_count>
<text_reviews_count>34117</text_reviews_count>
</author>
</authors>

    <reviews_widget>
      <![CDATA[
        <style>
  #goodreads-widget {
    font-family: georgia, serif;
    padding: 18px 0;
    width:565px;
  }
  #goodreads-widget h1 {
    font-weight:normal;
    font-size: 16px;
    border-bottom: 1px solid #BBB596;
    margin-bottom: 0;
  }
  #goodreads-widget a {
    text-decoration: none;
    color:#660;
  }
  iframe{
    background-color: #fff;
  }
  #goodreads-widget a:hover { text-decoration: underline; }
  #goodreads-widget a:active {
    color:#660;
  }
  #gr_footer {
    width: 100%;
    border-top: 1px solid #BBB596;
    text-align: right;
  }
  #goodreads-widget .gr_branding{
    color: #382110;
    font-size: 11px;
    text-decoration: none;
    font-family: "Helvetica Neue", Helvetica, Arial, sans-serif;
  }
</style>
<div id="goodreads-widget">
  <div id="gr_header"><h1><a rel="nofollow" href="https://www.goodreads.com/book/show/10893138-the-time-of-my-life">The Time of My Life Reviews</a></h1></div>
  <iframe id="the_iframe" src="https://www.goodreads.com/api/reviews_widget_iframe?did=DEVELOPER_ID&amp;format=html&amp;isbn=0007350430&amp;links=660&amp;min_rating=&amp;review_back=fff&amp;stars=000&amp;text=000" width="565" height="400" frameborder="0"></iframe>
  <div id="gr_footer">
    <a class="gr_branding" target="_blank" rel="nofollow" href="https://www.goodreads.com/book/show/10893138-the-time-of-my-life?utm_medium=api&amp;utm_source=reviews_widget">Reviews from Goodreads.com</a>
  </div>
</div>

      ]]>
    </reviews_widget>
  <popular_shelves>
      <shelf name="to-read" count="2321"/>
      <shelf name="currently-reading" count="84"/>
      <shelf name="contemporary" count="58"/>
      <shelf name="chick-lit" count="48"/>
      <shelf name="romance" count="40"/>
      <shelf name="fiction" count="35"/>
      <shelf name="library" count="30"/>
      <shelf name="favorites" count="29"/>
      <shelf name="magical-realism" count="29"/>
      <shelf name="to-buy" count="28"/>
      <shelf name="owned" count="25"/>
      <shelf name="kindle" count="24"/>
      <shelf name="books-i-own" count="23"/>
      <shelf name="ebook" count="22"/>
      <shelf name="cecelia-ahern" count="19"/>
      <shelf name="sub" count="18"/>
      <shelf name="wish-list" count="16"/>
      <shelf name="i-own" count="16"/>
      <shelf name="fantasy" count="13"/>
      <shelf name="default" count="13"/>
      <shelf name="audiobooks" count="13"/>
      <shelf name="read-in-2014" count="12"/>
      <shelf name="read-2013" count="12"/>
      <shelf name="adult-fiction" count="12"/>
      <shelf name="owned-books" count="10"/>
      <shelf name="magic" count="10"/>
      <shelf name="chicklit" count="9"/>
      <shelf name="contemporary-romance" count="9"/>
      <shelf name="humor" count="9"/>
      <shelf name="nook" count="9"/>
      <shelf name="read-in-2016" count="8"/>
      <shelf name="my-books" count="8"/>
      <shelf name="read-2014" count="8"/>
      <shelf name="ya" count="8"/>
      <shelf name="bookshelf" count="8"/>
      <shelf name="on-kindle" count="8"/>
      <shelf name="e-book" count="8"/>
      <shelf name="own-to-read" count="7"/>
      <shelf name="funny" count="7"/>
      <shelf name="5-stars" count="7"/>
      <shelf name="did-not-finish" count="7"/>
      <shelf name="on-my-shelf" count="7"/>
      <shelf name="e-books" count="7"/>
      <shelf name="tbr" count="6"/>
      <shelf name="kindle-books" count="6"/>
      <shelf name="books" count="6"/>
      <shelf name="audio" count="6"/>
      <shelf name="books-i-have" count="6"/>
      <shelf name="love" count="6"/>
      <shelf name="humour" count="6"/>
      <shelf name="read-2012" count="6"/>
      <shelf name="irish" count="6"/>
      <shelf name="read-in-2011" count="6"/>
      <shelf name="read-in-2017" count="5"/>
      <shelf name="2017-reads" count="5"/>
      <shelf name="stand-alone" count="5"/>
      <shelf name="read-2015" count="5"/>
      <shelf name="2015-read" count="5"/>
      <shelf name="tenho" count="5"/>
      <shelf name="2014-reads" count="5"/>
      <shelf name="my-bookshelf" count="5"/>
      <shelf name="2014-read" count="5"/>
      <shelf name="adult-contemporary" count="5"/>
      <shelf name="2013-reads" count="5"/>
      <shelf name="general-fiction" count="5"/>
      <shelf name="home" count="5"/>
      <shelf name="ibooks" count="5"/>
      <shelf name="girly" count="5"/>
      <shelf name="have" count="5"/>
      <shelf name="bought" count="5"/>
      <shelf name="read-2016" count="4"/>
      <shelf name="2016-challenge" count="4"/>
      <shelf name="english" count="4"/>
      <shelf name="my-library" count="4"/>
      <shelf name="tbr-pile" count="4"/>
      <shelf name="dnf" count="4"/>
      <shelf name="want-to-buy" count="4"/>
      <shelf name="on-hold" count="4"/>
      <shelf name="books-owned" count="4"/>
      <shelf name="pal" count="4"/>
      <shelf name="audio-books" count="4"/>
      <shelf name="2014-books" count="4"/>
      <shelf name="standalones" count="4"/>
      <shelf name="young-adult" count="4"/>
      <shelf name="light-reading" count="4"/>
      <shelf name="romantic" count="4"/>
      <shelf name="loved" count="4"/>
      <shelf name="friendship" count="4"/>
      <shelf name="fun" count="4"/>
      <shelf name="library-books" count="4"/>
      <shelf name="didn-t-finish" count="4"/>
      <shelf name="belletristik" count="4"/>
      <shelf name="arc" count="4"/>
      <shelf name="recommended" count="4"/>
      <shelf name="owned-to-read" count="4"/>
      <shelf name="bücher" count="4"/>
      <shelf name="gave-up-on" count="4"/>
      <shelf name="to-get" count="4"/>
      <shelf name="chick-lit-romance" count="4"/>
      <shelf name="audio-book" count="4"/>
  </popular_shelves>
  <book_links>
    <book_link>
  <id>8</id>
  <name>Libraries</name>
  <link>https://www.goodreads.com/book_link/follow/8</link>
</book_link>

  </book_links>
  <buy_links>
    <buy_link>
<id>1</id>
<name>Amazon</name>
<link>https://www.goodreads.com/book_link/follow/1</link>
</buy_link>
<buy_link>
<id>10</id>
<name>Audible</name>
<link>https://www.goodreads.com/book_link/follow/10</link>
</buy_link>
<buy_link>
<id>3</id>
<name>Barnes &amp; Noble</name>
<link>https://www.goodreads.com/book_link/follow/3</link>
</buy_link>
<buy_link>
<id>1027</id>
<name>Kobo</name>
<link>https://www.goodreads.com/book_link/follow/1027</link>
</buy_link>
<buy_link>
<id>2102</id>
<name>Apple iBooks</name>
<link>https://www.goodreads.com/book_link/follow/2102</link>
</buy_link>
<buy_link>
<id>8036</id>
<name>Google Play</name>
<link>https://www.goodreads.com/book_link/follow/8036</link>
</buy_link>
<buy_link>
<id>4</id>
<name>Abebooks</name>
<link>https://www.goodreads.com/book_link/follow/4</link>
</buy_link>
<buy_link>
<id>882</id>
<name>Book Depository</name>
<link>https://www.goodreads.com/book_link/follow/882</link>
</buy_link>
<buy_link>
<id>9</id>
<name>Indigo</name>
<link>https://www.goodreads.com/book_link/follow/9</link>
</buy_link>
<buy_link>
<id>2</id>
<name>Half.com</name>
<link>https://www.goodreads.com/book_link/follow/2</link>
</buy_link>
<buy_link>
<id>5</id>
<name>Alibris</name>
<link>https://www.goodreads.com/book_link/follow/5</link>
</buy_link>
<buy_link>
<id>107</id>
<name>Better World Books</name>
<link>https://www.goodreads.com/book_link/follow/107</link>
</buy_link>
<buy_link>
<id>7</id>
<name>IndieBound</name>
<link>https://www.goodreads.com/book_link/follow/7</link>
</buy_link>

  </buy_links>
  <series_works>
    
  </series_works>
  <similar_books>
          <book>
<id>536622</id>
<title>Dolly City</title>
<title_without_series>Dolly City</title_without_series>
<link><![CDATA[https://www.goodreads.com/book/show/536622.Dolly_City]]></link>
<small_image_url><![CDATA[https://s.gr-assets.com/assets/nophoto/book/50x75-a91bf249278a81aabab721ef782c4a74.png]]></small_image_url>
<image_url><![CDATA[https://s.gr-assets.com/assets/nophoto/book/111x148-bcc042a9c91a29c1d680899eff700a03.png]]></image_url>
<num_pages>185</num_pages>
<work>
<id>524066</id>
</work>
<isbn>0952942607</isbn>
<isbn13>9780952942603</isbn13>
<average_rating>3.44</average_rating>
<ratings_count>203</ratings_count>
<publication_year>2009</publication_year>
<publication_month>6</publication_month>
<publication_day>1</publication_day>
<authors>
<author>
<id>296148</id>
<name>Orly Castel-Bloom</name>
<link><![CDATA[https://www.goodreads.com/author/show/296148.Orly_Castel_Bloom]]></link>
</author>
</authors>
</book>

          <book>
<id>471289</id>
<title>Black Margins</title>
<title_without_series>Black Margins</title_without_series>
<link><![CDATA[https://www.goodreads.com/book/show/471289.Black_Margins]]></link>
<small_image_url><![CDATA[https://images.gr-assets.com/books/1380057756s/471289.jpg]]></small_image_url>
<image_url><![CDATA[https://images.gr-assets.com/books/1380057756m/471289.jpg]]></image_url>
<num_pages>308</num_pages>
<work>
<id>459586</id>
</work>
<isbn>8187649402</isbn>
<isbn13>9788187649403</isbn13>
<average_rating>4.29</average_rating>
<ratings_count>140</ratings_count>
<publication_year>2003</publication_year>
<publication_month>2</publication_month>
<publication_day>1</publication_day>
<authors>
<author>
<id>263878</id>
<name>Saadat Hasan Manto</name>
<link><![CDATA[https://www.goodreads.com/author/show/263878.Saadat_Hasan_Manto]]></link>
</author>
</authors>
</book>

          <book>
<id>652183</id>
<title>Going Home</title>
<title_without_series>Going Home</title_without_series>
<link><![CDATA[https://www.goodreads.com/book/show/652183.Going_Home]]></link>
<small_image_url><![CDATA[https://s.gr-assets.com/assets/nophoto/book/50x75-a91bf249278a81aabab721ef782c4a74.png]]></small_image_url>
<image_url><![CDATA[https://s.gr-assets.com/assets/nophoto/book/111x148-bcc042a9c91a29c1d680899eff700a03.png]]></image_url>
<num_pages></num_pages>
<work>
<id>2165387</id>
</work>
<isbn>1416503951</isbn>
<isbn13>9781416503958</isbn13>
<average_rating>3.64</average_rating>
<ratings_count>2711</ratings_count>
<publication_year></publication_year>
<publication_month></publication_month>
<publication_day></publication_day>
<authors>
<author>
<id>292599</id>
<name>Harriet Evans</name>
<link><![CDATA[https://www.goodreads.com/author/show/292599.Harriet_Evans]]></link>
</author>
</authors>
</book>

          <book>
<id>12386824</id>
<title>All The Single Ladies</title>
<title_without_series>All The Single Ladies</title_without_series>
<link><![CDATA[https://www.goodreads.com/book/show/12386824-all-the-single-ladies]]></link>
<small_image_url><![CDATA[https://images.gr-assets.com/books/1313584225s/12386824.jpg]]></small_image_url>
<image_url><![CDATA[https://images.gr-assets.com/books/1313584225m/12386824.jpg]]></image_url>
<num_pages>496</num_pages>
<work>
<id>17367724</id>
</work>
<isbn></isbn>
<isbn13></isbn13>
<average_rating>3.88</average_rating>
<ratings_count>1796</ratings_count>
<publication_year>2012</publication_year>
<publication_month>2</publication_month>
<publication_day>2</publication_day>
<authors>
<author>
<id>1434873</id>
<name>Jane Costello</name>
<link><![CDATA[https://www.goodreads.com/author/show/1434873.Jane_Costello]]></link>
</author>
</authors>
</book>

          <book>
<id>11195922</id>
<title>Diary of Anne Frank</title>
<title_without_series>Diary of Anne Frank</title_without_series>
<link><![CDATA[https://www.goodreads.com/book/show/11195922-diary-of-anne-frank]]></link>
<small_image_url><![CDATA[https://s.gr-assets.com/assets/nophoto/book/50x75-a91bf249278a81aabab721ef782c4a74.png]]></small_image_url>
<image_url><![CDATA[https://s.gr-assets.com/assets/nophoto/book/111x148-bcc042a9c91a29c1d680899eff700a03.png]]></image_url>
<num_pages></num_pages>
<work>
<id>16120859</id>
</work>
<isbn></isbn>
<isbn13>24543581086</isbn13>
<average_rating>3.99</average_rating>
<ratings_count>452</ratings_count>
<publication_year></publication_year>
<publication_month></publication_month>
<publication_day></publication_day>
<authors>
<author>
<id>4809884</id>
<name>Millie Perkins</name>
<link><![CDATA[https://www.goodreads.com/author/show/4809884.Millie_Perkins]]></link>
</author>
</authors>
</book>

          <book>
<id>5546104</id>
<title><![CDATA[Wishful Thinking (Lakeview #4)]]></title>
<title_without_series>Wishful Thinking</title_without_series>
<link><![CDATA[https://www.goodreads.com/book/show/5546104-wishful-thinking]]></link>
<small_image_url><![CDATA[https://images.gr-assets.com/books/1419179091s/5546104.jpg]]></small_image_url>
<image_url><![CDATA[https://images.gr-assets.com/books/1419179091m/5546104.jpg]]></image_url>
<num_pages>373</num_pages>
<work>
<id>5717162</id>
</work>
<isbn>0340953446</isbn>
<isbn13>9780340953440</isbn13>
<average_rating>3.73</average_rating>
<ratings_count>473</ratings_count>
<publication_year>2008</publication_year>
<publication_month>11</publication_month>
<publication_day>1</publication_day>
<authors>
<author>
<id>334579</id>
<name>Melissa Hill</name>
<link><![CDATA[https://www.goodreads.com/author/show/334579.Melissa_Hill]]></link>
</author>
</authors>
</book>

          <book>
<id>7771365</id>
<title>Men I&apos;ve Loved Before</title>
<title_without_series>Men I&apos;ve Loved Before</title_without_series>
<link><![CDATA[https://www.goodreads.com/book/show/7771365-men-i-ve-loved-before]]></link>
<small_image_url><![CDATA[https://images.gr-assets.com/books/1327611673s/7771365.jpg]]></small_image_url>
<image_url><![CDATA[https://images.gr-assets.com/books/1327611673m/7771365.jpg]]></image_url>
<num_pages>384</num_pages>
<work>
<id>10664969</id>
</work>
<isbn>0755371259</isbn>
<isbn13>9780755371259</isbn13>
<average_rating>3.56</average_rating>
<ratings_count>905</ratings_count>
<publication_year>2010</publication_year>
<publication_month>7</publication_month>
<publication_day>8</publication_day>
<authors>
<author>
<id>45427</id>
<name>Adele Parks</name>
<link><![CDATA[https://www.goodreads.com/author/show/45427.Adele_Parks]]></link>
</author>
</authors>
</book>

          <book>
<id>13514150</id>
<title><![CDATA[The Greatest Love Story of All Time]]></title>
<title_without_series><![CDATA[The Greatest Love Story of All Time]]></title_without_series>
<link><![CDATA[https://www.goodreads.com/book/show/13514150-the-greatest-love-story-of-all-time]]></link>
<small_image_url><![CDATA[https://images.gr-assets.com/books/1337105785s/13514150.jpg]]></small_image_url>
<image_url><![CDATA[https://images.gr-assets.com/books/1337105785m/13514150.jpg]]></image_url>
<num_pages>496</num_pages>
<work>
<id>19069527</id>
</work>
<isbn>0241952980</isbn>
<isbn13>9780241952986</isbn13>
<average_rating>3.82</average_rating>
<ratings_count>1362</ratings_count>
<publication_year>2012</publication_year>
<publication_month>4</publication_month>
<publication_day>12</publication_day>
<authors>
<author>
<id>955835</id>
<name>Lucy Robinson</name>
<link><![CDATA[https://www.goodreads.com/author/show/955835.Lucy_Robinson]]></link>
</author>
</authors>
</book>

          <book>
<id>1032295</id>
<title>Lucy in the Sky</title>
<title_without_series>Lucy in the Sky</title_without_series>
<link><![CDATA[https://www.goodreads.com/book/show/1032295.Lucy_in_the_Sky]]></link>
<small_image_url><![CDATA[https://images.gr-assets.com/books/1328707137s/1032295.jpg]]></small_image_url>
<image_url><![CDATA[https://images.gr-assets.com/books/1328707137m/1032295.jpg]]></image_url>
<num_pages>390</num_pages>
<work>
<id>1018573</id>
</work>
<isbn>1847390439</isbn>
<isbn13>9781847390431</isbn13>
<average_rating>3.93</average_rating>
<ratings_count>5989</ratings_count>
<publication_year>2007</publication_year>
<publication_month>4</publication_month>
<publication_day>16</publication_day>
<authors>
<author>
<id>515155</id>
<name>Paige Toon</name>
<link><![CDATA[https://www.goodreads.com/author/show/515155.Paige_Toon]]></link>
</author>
</authors>
</book>

          <book>
<id>8604813</id>
<title>Homecoming</title>
<title_without_series>Homecoming</title_without_series>
<link><![CDATA[https://www.goodreads.com/book/show/8604813-homecoming]]></link>
<small_image_url><![CDATA[https://images.gr-assets.com/books/1330582139s/8604813.jpg]]></small_image_url>
<image_url><![CDATA[https://images.gr-assets.com/books/1330582139m/8604813.jpg]]></image_url>
<num_pages>432</num_pages>
<work>
<id>13474926</id>
</work>
<isbn>0007240457</isbn>
<isbn13>9780007240456</isbn13>
<average_rating>3.73</average_rating>
<ratings_count>2304</ratings_count>
<publication_year>2010</publication_year>
<publication_month>9</publication_month>
<publication_day>16</publication_day>
<authors>
<author>
<id>12952</id>
<name>Cathy Kelly</name>
<link><![CDATA[https://www.goodreads.com/author/show/12952.Cathy_Kelly]]></link>
</author>
</authors>
</book>

          <book>
<id>871285</id>
<title>Love &amp; Dr. Devon</title>
<title_without_series>Love &amp; Dr. Devon</title_without_series>
<link><![CDATA[https://www.goodreads.com/book/show/871285.Love_Dr_Devon]]></link>
<small_image_url><![CDATA[https://images.gr-assets.com/books/1328822231s/871285.jpg]]></small_image_url>
<image_url><![CDATA[https://images.gr-assets.com/books/1328822231m/871285.jpg]]></image_url>
<num_pages>272</num_pages>
<work>
<id>1263630</id>
</work>
<isbn>0743430115</isbn>
<isbn13>9780743430111</isbn13>
<average_rating>3.68</average_rating>
<ratings_count>317</ratings_count>
<publication_year></publication_year>
<publication_month></publication_month>
<publication_day></publication_day>
<authors>
<author>
<id>292759</id>
<name>Alan Titchmarsh</name>
<link><![CDATA[https://www.goodreads.com/author/show/292759.Alan_Titchmarsh]]></link>
</author>
</authors>
</book>

          <book>
<id>9981618</id>
<title>The Woman He Loved Before</title>
<title_without_series>The Woman He Loved Before</title_without_series>
<link><![CDATA[https://www.goodreads.com/book/show/9981618-the-woman-he-loved-before]]></link>
<small_image_url><![CDATA[https://images.gr-assets.com/books/1389976685s/9981618.jpg]]></small_image_url>
<image_url><![CDATA[https://images.gr-assets.com/books/1389976685m/9981618.jpg]]></image_url>
<num_pages></num_pages>
<work>
<id>14876154</id>
</work>
<isbn></isbn>
<isbn13></isbn13>
<average_rating>4.03</average_rating>
<ratings_count>6071</ratings_count>
<publication_year>2011</publication_year>
<publication_month>2</publication_month>
<publication_day>3</publication_day>
<authors>
<author>
<id>38651</id>
<name>Dorothy Koomson</name>
<link><![CDATA[https://www.goodreads.com/author/show/38651.Dorothy_Koomson]]></link>
</author>
</authors>
</book>

          <book>
<id>11521295</id>
<title>Miracle on Regent Street</title>
<title_without_series>Miracle on Regent Street</title_without_series>
<link><![CDATA[https://www.goodreads.com/book/show/11521295-miracle-on-regent-street]]></link>
<small_image_url><![CDATA[https://images.gr-assets.com/books/1314533374s/11521295.jpg]]></small_image_url>
<image_url><![CDATA[https://images.gr-assets.com/books/1314533374m/11521295.jpg]]></image_url>
<num_pages>484</num_pages>
<work>
<id>16458337</id>
</work>
<isbn>0857202901</isbn>
<isbn13>9780857202901</isbn13>
<average_rating>3.75</average_rating>
<ratings_count>1655</ratings_count>
<publication_year>2011</publication_year>
<publication_month>10</publication_month>
<publication_day>13</publication_day>
<authors>
<author>
<id>4896030</id>
<name>Ali Harris</name>
<link><![CDATA[https://www.goodreads.com/author/show/4896030.Ali_Harris]]></link>
</author>
</authors>
</book>

          <book>
<id>937268</id>
<title>I Sweep the Sun Off Rooftops</title>
<title_without_series>I Sweep the Sun Off Rooftops</title_without_series>
<link><![CDATA[https://www.goodreads.com/book/show/937268.I_Sweep_the_Sun_Off_Rooftops]]></link>
<small_image_url><![CDATA[https://images.gr-assets.com/books/1320439050s/937268.jpg]]></small_image_url>
<image_url><![CDATA[https://images.gr-assets.com/books/1320439050m/937268.jpg]]></image_url>
<num_pages>288</num_pages>
<work>
<id>922247</id>
</work>
<isbn>0385491271</isbn>
<isbn13>9780385491273</isbn13>
<average_rating>3.57</average_rating>
<ratings_count>262</ratings_count>
<publication_year>1998</publication_year>
<publication_month>8</publication_month>
<publication_day>17</publication_day>
<authors>
<author>
<id>54856</id>
<name>Hanan Al-Shaykh</name>
<link><![CDATA[https://www.goodreads.com/author/show/54856.Hanan_Al_Shaykh]]></link>
</author>
</authors>
</book>

          <book>
<id>8545380</id>
<title>Stand by Me</title>
<title_without_series>Stand by Me</title_without_series>
<link><![CDATA[https://www.goodreads.com/book/show/8545380-stand-by-me]]></link>
<small_image_url><![CDATA[https://images.gr-assets.com/books/1278437763s/8545380.jpg]]></small_image_url>
<image_url><![CDATA[https://images.gr-assets.com/books/1278437763m/8545380.jpg]]></image_url>
<num_pages></num_pages>
<work>
<id>13413193</id>
</work>
<isbn>0755343824</isbn>
<isbn13>9780755343829</isbn13>
<average_rating>3.72</average_rating>
<ratings_count>775</ratings_count>
<publication_year></publication_year>
<publication_month></publication_month>
<publication_day></publication_day>
<authors>
<author>
<id>370550</id>
<name>Sheila O&apos;Flanagan</name>
<link><![CDATA[https://www.goodreads.com/author/show/370550.Sheila_O_Flanagan]]></link>
</author>
</authors>
</book>

          <book>
<id>13518086</id>
<title>Summer With My Sister</title>
<title_without_series>Summer With My Sister</title_without_series>
<link><![CDATA[https://www.goodreads.com/book/show/13518086-summer-with-my-sister]]></link>
<small_image_url><![CDATA[https://images.gr-assets.com/books/1331305308s/13518086.jpg]]></small_image_url>
<image_url><![CDATA[https://images.gr-assets.com/books/1331305308m/13518086.jpg]]></image_url>
<num_pages>456</num_pages>
<work>
<id>19076915</id>
</work>
<isbn>0330520555</isbn>
<isbn13>9780330520553</isbn13>
<average_rating>3.97</average_rating>
<ratings_count>1476</ratings_count>
<publication_year>2012</publication_year>
<publication_month>6</publication_month>
<publication_day>7</publication_day>
<authors>
<author>
<id>72580</id>
<name>Lucy Diamond</name>
<link><![CDATA[https://www.goodreads.com/author/show/72580.Lucy_Diamond]]></link>
</author>
</authors>
</book>

          <book>
<id>6424424</id>
<title>Keeping It In The Family</title>
<title_without_series>Keeping It In The Family</title_without_series>
<link><![CDATA[https://www.goodreads.com/book/show/6424424-keeping-it-in-the-family]]></link>
<small_image_url><![CDATA[https://s.gr-assets.com/assets/nophoto/book/50x75-a91bf249278a81aabab721ef782c4a74.png]]></small_image_url>
<image_url><![CDATA[https://s.gr-assets.com/assets/nophoto/book/111x148-bcc042a9c91a29c1d680899eff700a03.png]]></image_url>
<num_pages>357</num_pages>
<work>
<id>6613667</id>
</work>
<isbn>1844881504</isbn>
<isbn13>9781844881505</isbn13>
<average_rating>3.87</average_rating>
<ratings_count>619</ratings_count>
<publication_year>2009</publication_year>
<publication_month></publication_month>
<publication_day></publication_day>
<authors>
<author>
<id>749455</id>
<name>Sinéad Moriarty</name>
<link><![CDATA[https://www.goodreads.com/author/show/749455.Sin_ad_Moriarty]]></link>
</author>
</authors>
</book>

          <book>
<id>13006132</id>
<title><![CDATA[Welcome to Rosie Hopkins' Sweet Shop of Dreams (Rosie Hopkins' Sweet Shop, #1)]]></title>
<title_without_series><![CDATA[Welcome to Rosie Hopkins' Sweet Shop of Dreams]]></title_without_series>
<link><![CDATA[https://www.goodreads.com/book/show/13006132-welcome-to-rosie-hopkins-sweet-shop-of-dreams]]></link>
<small_image_url><![CDATA[https://images.gr-assets.com/books/1329911574s/13006132.jpg]]></small_image_url>
<image_url><![CDATA[https://images.gr-assets.com/books/1329911574m/13006132.jpg]]></image_url>
<num_pages>465</num_pages>
<work>
<id>18167474</id>
</work>
<isbn>075154454X</isbn>
<isbn13>9780751544541</isbn13>
<average_rating>3.96</average_rating>
<ratings_count>4904</ratings_count>
<publication_year>2012</publication_year>
<publication_month>3</publication_month>
<publication_day>28</publication_day>
<authors>
<author>
<id>39272</id>
<name>Jenny Colgan</name>
<link><![CDATA[https://www.goodreads.com/author/show/39272.Jenny_Colgan]]></link>
</author>
</authors>
</book>

  </similar_books>
</book>

</GoodreadsResponse>