<?xml version="1.0" encoding="UTF-8"?>
<GoodreadsResponse>
  <Request>
    <authentication>true</authentication>
      <key><![CDATA[all_men_must_serve]]></key>
    <method><![CDATA[book_show]]></method>
  </Request>
  <book>
  <id>10907</id>
  <title>The Pursuit of Happyness</title>
  <isbn><![CDATA[0060744871]]></isbn>
  <isbn13><![CDATA[9780060744878]]></isbn13>
  <asin><![CDATA[]]></asin>
  <kindle_asin><![CDATA[B000GCFX72]]></kindle_asin>
  <marketplace_id><![CDATA[A1F83G8C2ARO7P]]></marketplace_id>
  <country_code><![CDATA[GB]]></country_code>
  <image_url>https://s.gr-assets.com/assets/nophoto/book/111x148-bcc042a9c91a29c1d680899eff700a03.png</image_url>
  <small_image_url>https://s.gr-assets.com/assets/nophoto/book/50x75-a91bf249278a81aabab721ef782c4a74.png</small_image_url>
  <publication_year>2006</publication_year>
  <publication_month>10</publication_month>
  <publication_day>24</publication_day>
  <publisher>Amistad</publisher>
  <language_code></language_code>
  <is_ebook>false</is_ebook>
  <description><![CDATA[<blockquote>
  <br /><em>The astounding yet true rags-to-riches saga of a homeless father who raised and cared for his son on the mean streets of San Francisco and went on to become a crown prince of Wall Street</em>
  <br /><br /></blockquote>At the age of twenty, Milwaukee native Chris Gardner, just out of the Navy, arrived in San Francisco to pursue a promising career in medicine. Considered a prodigy in scientific research, he surprised everyone and himself by setting his sights on the competitive world of high finance. Yet no sooner had he landed an entry-level position at a prestigious firm than Gardner found himself caught in a web of incredibly challenging circumstances that left him as part of the city's working homeless and with a toddler son. Motivated by the promise he made to himself as a fatherless child to never abandon his own children, the two spent almost a year moving among shelters, "HO-tels," soup lines, and even sleeping in the public restroom of a subway station.<br /><br />Never giving in to despair, Gardner made an astonishing transformation from being part of the city's invisible poor to being a powerful player in its financial district.<br /><br />More than a memoir of Gardner's financial success, this is the story of a man who breaks his own family's cycle of men abandoning their children. Mythic, triumphant, and unstintingly honest, <em>The Pursuit of Happyness</em> conjures heroes like Horatio Alger and Antwone Fisher, and appeals to the very essence of the American Dream.]]></description>
  <work>
  <id type="integer">521767</id>
  <books_count type="integer">26</books_count>
  <best_book_id type="integer">10907</best_book_id>
  <reviews_count type="integer">31687</reviews_count>
  <ratings_sum type="integer">78668</ratings_sum>
  <ratings_count type="integer">18847</ratings_count>
  <text_reviews_count type="integer">678</text_reviews_count>
  <original_publication_year type="integer">2006</original_publication_year>
  <original_publication_month type="integer" nil="true"/>
  <original_publication_day type="integer" nil="true"/>
  <original_title>The Pursuit of Happyness</original_title>
  <original_language_id type="integer" nil="true"/>
  <media_type>book</media_type>
  <rating_dist>5:8638|4:6110|3:3112|2:715|1:272|total:18847</rating_dist>
  <desc_user_id type="integer" nil="true"/>
  <default_chaptering_book_id type="integer" nil="true"/>
  <default_description_language_code nil="true"/>
</work>
  <average_rating>4.17</average_rating>
  <num_pages><![CDATA[320]]></num_pages>
  <format><![CDATA[Paperback]]></format>
  <edition_information><![CDATA[]]></edition_information>
  <ratings_count><![CDATA[18506]]></ratings_count>
  <text_reviews_count><![CDATA[636]]></text_reviews_count>
  <url><![CDATA[https://www.goodreads.com/book/show/10907.The_Pursuit_of_Happyness]]></url>
  <link><![CDATA[https://www.goodreads.com/book/show/10907.The_Pursuit_of_Happyness]]></link>
  <authors>
<author>
<id>7127</id>
<name>Chris Gardner</name>
<role></role>
<image_url nophoto='false'>
<![CDATA[https://images.gr-assets.com/authors/1247247998p5/7127.jpg]]>
</image_url>
<small_image_url nophoto='false'>
<![CDATA[https://images.gr-assets.com/authors/1247247998p2/7127.jpg]]>
</small_image_url>
<link><![CDATA[https://www.goodreads.com/author/show/7127.Chris_Gardner]]></link>
<average_rating>4.17</average_rating>
<ratings_count>19453</ratings_count>
<text_reviews_count>744</text_reviews_count>
</author>
</authors>

    <reviews_widget>
      <![CDATA[
        <style>
  #goodreads-widget {
    font-family: georgia, serif;
    padding: 18px 0;
    width:565px;
  }
  #goodreads-widget h1 {
    font-weight:normal;
    font-size: 16px;
    border-bottom: 1px solid #BBB596;
    margin-bottom: 0;
  }
  #goodreads-widget a {
    text-decoration: none;
    color:#660;
  }
  iframe{
    background-color: #fff;
  }
  #goodreads-widget a:hover { text-decoration: underline; }
  #goodreads-widget a:active {
    color:#660;
  }
  #gr_footer {
    width: 100%;
    border-top: 1px solid #BBB596;
    text-align: right;
  }
  #goodreads-widget .gr_branding{
    color: #382110;
    font-size: 11px;
    text-decoration: none;
    font-family: "Helvetica Neue", Helvetica, Arial, sans-serif;
  }
</style>
<div id="goodreads-widget">
  <div id="gr_header"><h1><a rel="nofollow" href="https://www.goodreads.com/book/show/10907.The_Pursuit_of_Happyness">The Pursuit of Happyness Reviews</a></h1></div>
  <iframe id="the_iframe" src="https://www.goodreads.com/api/reviews_widget_iframe?did=DEVELOPER_ID&amp;format=html&amp;isbn=0060744871&amp;links=660&amp;min_rating=&amp;review_back=fff&amp;stars=000&amp;text=000" width="565" height="400" frameborder="0"></iframe>
  <div id="gr_footer">
    <a class="gr_branding" target="_blank" rel="nofollow" href="https://www.goodreads.com/book/show/10907.The_Pursuit_of_Happyness?utm_medium=api&amp;utm_source=reviews_widget">Reviews from Goodreads.com</a>
  </div>
</div>

      ]]>
    </reviews_widget>
  <popular_shelves>
      <shelf name="to-read" count="7482"/>
      <shelf name="currently-reading" count="276"/>
      <shelf name="non-fiction" count="143"/>
      <shelf name="biography" count="111"/>
      <shelf name="nonfiction" count="66"/>
      <shelf name="memoir" count="57"/>
      <shelf name="movies" count="48"/>
      <shelf name="books-i-own" count="43"/>
      <shelf name="favorites" count="39"/>
      <shelf name="memoirs" count="36"/>
      <shelf name="owned" count="34"/>
      <shelf name="autobiography" count="30"/>
      <shelf name="biographies" count="27"/>
      <shelf name="inspirational" count="26"/>
      <shelf name="default" count="18"/>
      <shelf name="biography-memoir" count="18"/>
      <shelf name="owned-books" count="15"/>
      <shelf name="wish-list" count="15"/>
      <shelf name="african-american" count="14"/>
      <shelf name="movie" count="13"/>
      <shelf name="book-club" count="13"/>
      <shelf name="business" count="12"/>
      <shelf name="fiction" count="12"/>
      <shelf name="audiobook" count="10"/>
      <shelf name="to-buy" count="10"/>
      <shelf name="watched-the-movie" count="9"/>
      <shelf name="saw-the-movie" count="9"/>
      <shelf name="biography-autobiography" count="9"/>
      <shelf name="library" count="8"/>
      <shelf name="novels" count="7"/>
      <shelf name="to-read-non-fiction" count="7"/>
      <shelf name="watched" count="7"/>
      <shelf name="audiobooks" count="7"/>
      <shelf name="maybe" count="6"/>
      <shelf name="only-watched-the-movie" count="6"/>
      <shelf name="memoirs-biographies" count="6"/>
      <shelf name="contemporary" count="6"/>
      <shelf name="books-to-movies" count="6"/>
      <shelf name="memoir-biography" count="6"/>
      <shelf name="autobiographies" count="5"/>
      <shelf name="bio" count="5"/>
      <shelf name="the-pursuit-of-happyness" count="5"/>
      <shelf name="i-own" count="5"/>
      <shelf name="my-library" count="5"/>
      <shelf name="my-books" count="5"/>
      <shelf name="seen-the-movie" count="5"/>
      <shelf name="autobiography-memoir" count="5"/>
      <shelf name="books-i-have" count="5"/>
      <shelf name="misc" count="5"/>
      <shelf name="films" count="5"/>
      <shelf name="auto-biography" count="5"/>
      <shelf name="drama" count="5"/>
      <shelf name="i-only-watched-the-movie" count="5"/>
      <shelf name="unread" count="5"/>
      <shelf name="happiness" count="5"/>
      <shelf name="classics" count="4"/>
      <shelf name="inspiration" count="4"/>
      <shelf name="philosophy" count="4"/>
      <shelf name="favourites" count="4"/>
      <shelf name="audio" count="4"/>
      <shelf name="made-into-movies" count="4"/>
      <shelf name="biography-and-memoir" count="4"/>
      <shelf name="in-my-library" count="4"/>
      <shelf name="real-life" count="4"/>
      <shelf name="bios" count="4"/>
      <shelf name="family" count="4"/>
      <shelf name="never-finished" count="4"/>
      <shelf name="to-read-own" count="3"/>
      <shelf name="shelfie-eligible-books" count="3"/>
      <shelf name="diverse" count="3"/>
      <shelf name="home-library" count="3"/>
      <shelf name="also-a-movie" count="3"/>
      <shelf name="true-story" count="3"/>
      <shelf name="own-a-copy" count="3"/>
      <shelf name="watched-movie" count="3"/>
      <shelf name="books" count="3"/>
      <shelf name="american-literature" count="3"/>
      <shelf name="movie-books" count="3"/>
      <shelf name="poverty" count="3"/>
      <shelf name="biografi" count="3"/>
      <shelf name="might-read" count="3"/>
      <shelf name="black-authors" count="3"/>
      <shelf name="true-stories" count="3"/>
      <shelf name="books-made-into-movies" count="3"/>
      <shelf name="own-it" count="3"/>
      <shelf name="to-get" count="3"/>
      <shelf name="bookclub" count="3"/>
      <shelf name="bookshelf" count="3"/>
      <shelf name="want" count="3"/>
      <shelf name="own-to-read" count="3"/>
      <shelf name="kindle" count="3"/>
      <shelf name="biographies-memoirs" count="3"/>
      <shelf name="self-help" count="3"/>
      <shelf name="all-time-favorites" count="3"/>
      <shelf name="did-not-finish" count="3"/>
      <shelf name="audio-books" count="3"/>
      <shelf name="read-in-2007" count="3"/>
      <shelf name="non-fiction-biography-memoir" count="2"/>
      <shelf name="re-read" count="2"/>
      <shelf name="book-to-film" count="2"/>
  </popular_shelves>
  <book_links>
    <book_link>
  <id>8</id>
  <name>Libraries</name>
  <link>https://www.goodreads.com/book_link/follow/8</link>
</book_link>

  </book_links>
  <buy_links>
    <buy_link>
<id>1</id>
<name>Amazon</name>
<link>https://www.goodreads.com/book_link/follow/1</link>
</buy_link>
<buy_link>
<id>10</id>
<name>Audible</name>
<link>https://www.goodreads.com/book_link/follow/10</link>
</buy_link>
<buy_link>
<id>3</id>
<name>Barnes &amp; Noble</name>
<link>https://www.goodreads.com/book_link/follow/3</link>
</buy_link>
<buy_link>
<id>1027</id>
<name>Kobo</name>
<link>https://www.goodreads.com/book_link/follow/1027</link>
</buy_link>
<buy_link>
<id>2102</id>
<name>Apple iBooks</name>
<link>https://www.goodreads.com/book_link/follow/2102</link>
</buy_link>
<buy_link>
<id>8036</id>
<name>Google Play</name>
<link>https://www.goodreads.com/book_link/follow/8036</link>
</buy_link>
<buy_link>
<id>4</id>
<name>Abebooks</name>
<link>https://www.goodreads.com/book_link/follow/4</link>
</buy_link>
<buy_link>
<id>882</id>
<name>Book Depository</name>
<link>https://www.goodreads.com/book_link/follow/882</link>
</buy_link>
<buy_link>
<id>9</id>
<name>Indigo</name>
<link>https://www.goodreads.com/book_link/follow/9</link>
</buy_link>
<buy_link>
<id>2</id>
<name>Half.com</name>
<link>https://www.goodreads.com/book_link/follow/2</link>
</buy_link>
<buy_link>
<id>5</id>
<name>Alibris</name>
<link>https://www.goodreads.com/book_link/follow/5</link>
</buy_link>
<buy_link>
<id>107</id>
<name>Better World Books</name>
<link>https://www.goodreads.com/book_link/follow/107</link>
</buy_link>
<buy_link>
<id>7</id>
<name>IndieBound</name>
<link>https://www.goodreads.com/book_link/follow/7</link>
</buy_link>

  </buy_links>
  <series_works>
    
  </series_works>
  <similar_books>
          <book>
<id>1105093</id>
<title>Braveheart</title>
<title_without_series>Braveheart</title_without_series>
<link><![CDATA[https://www.goodreads.com/book/show/1105093.Braveheart]]></link>
<small_image_url><![CDATA[https://s.gr-assets.com/assets/nophoto/book/50x75-a91bf249278a81aabab721ef782c4a74.png]]></small_image_url>
<image_url><![CDATA[https://s.gr-assets.com/assets/nophoto/book/111x148-bcc042a9c91a29c1d680899eff700a03.png]]></image_url>
<num_pages>277</num_pages>
<work>
<id>205014</id>
</work>
<isbn>0671522817</isbn>
<isbn13>9780671522810</isbn13>
<average_rating>4.19</average_rating>
<ratings_count>10842</ratings_count>
<publication_year>1995</publication_year>
<publication_month>12</publication_month>
<publication_day>31</publication_day>
<authors>
<author>
<id>124049</id>
<name>Randall Wallace</name>
<link><![CDATA[https://www.goodreads.com/author/show/124049.Randall_Wallace]]></link>
</author>
</authors>
</book>

          <book>
<id>39987</id>
<title><![CDATA[Nanny Mcphee: The Collected Tales of Nurse Matilda]]></title>
<title_without_series><![CDATA[Nanny Mcphee: The Collected Tales of Nurse Matilda]]></title_without_series>
<link><![CDATA[https://www.goodreads.com/book/show/39987.Nanny_Mcphee]]></link>
<small_image_url><![CDATA[https://s.gr-assets.com/assets/nophoto/book/50x75-a91bf249278a81aabab721ef782c4a74.png]]></small_image_url>
<image_url><![CDATA[https://s.gr-assets.com/assets/nophoto/book/111x148-bcc042a9c91a29c1d680899eff700a03.png]]></image_url>
<num_pages></num_pages>
<work>
<id>3829365</id>
</work>
<isbn>1582346712</isbn>
<isbn13>9781582346717</isbn13>
<average_rating>3.84</average_rating>
<ratings_count>2172</ratings_count>
<publication_year></publication_year>
<publication_month></publication_month>
<publication_day></publication_day>
<authors>
<author>
<id>22421</id>
<name>Christianna Brand</name>
<link><![CDATA[https://www.goodreads.com/author/show/22421.Christianna_Brand]]></link>
</author>
</authors>
</book>

          <book>
<id>215631</id>
<title>Pay It Forward</title>
<title_without_series>Pay It Forward</title_without_series>
<link><![CDATA[https://www.goodreads.com/book/show/215631.Pay_It_Forward]]></link>
<small_image_url><![CDATA[https://s.gr-assets.com/assets/nophoto/book/50x75-a91bf249278a81aabab721ef782c4a74.png]]></small_image_url>
<image_url><![CDATA[https://s.gr-assets.com/assets/nophoto/book/111x148-bcc042a9c91a29c1d680899eff700a03.png]]></image_url>
<num_pages>311</num_pages>
<work>
<id>766708</id>
</work>
<isbn>0743412028</isbn>
<isbn13>9780743412025</isbn13>
<average_rating>4.15</average_rating>
<ratings_count>19578</ratings_count>
<publication_year>2000</publication_year>
<publication_month>10</publication_month>
<publication_day>1</publication_day>
<authors>
<author>
<id>126447</id>
<name>Catherine Ryan Hyde</name>
<link><![CDATA[https://www.goodreads.com/author/show/126447.Catherine_Ryan_Hyde]]></link>
</author>
</authors>
</book>

          <book>
<id>186190</id>
<title><![CDATA[Forrest Gump (Forrest Gump, #1)]]></title>
<title_without_series>Forrest Gump</title_without_series>
<link><![CDATA[https://www.goodreads.com/book/show/186190.Forrest_Gump]]></link>
<small_image_url><![CDATA[https://s.gr-assets.com/assets/nophoto/book/50x75-a91bf249278a81aabab721ef782c4a74.png]]></small_image_url>
<image_url><![CDATA[https://s.gr-assets.com/assets/nophoto/book/111x148-bcc042a9c91a29c1d680899eff700a03.png]]></image_url>
<num_pages>248</num_pages>
<work>
<id>1500218</id>
</work>
<isbn>0743453255</isbn>
<isbn13>9780743453257</isbn13>
<average_rating>4.06</average_rating>
<ratings_count>49386</ratings_count>
<publication_year>2002</publication_year>
<publication_month>10</publication_month>
<publication_day>1</publication_day>
<authors>
<author>
<id>77004</id>
<name>Winston Groom</name>
<link><![CDATA[https://www.goodreads.com/author/show/77004.Winston_Groom]]></link>
</author>
</authors>
</book>

          <book>
<id>843550</id>
<title>Shrek!</title>
<title_without_series>Shrek!</title_without_series>
<link><![CDATA[https://www.goodreads.com/book/show/843550.Shrek_]]></link>
<small_image_url><![CDATA[https://s.gr-assets.com/assets/nophoto/book/50x75-a91bf249278a81aabab721ef782c4a74.png]]></small_image_url>
<image_url><![CDATA[https://s.gr-assets.com/assets/nophoto/book/111x148-bcc042a9c91a29c1d680899eff700a03.png]]></image_url>
<num_pages>32</num_pages>
<work>
<id>145434</id>
</work>
<isbn>0374466238</isbn>
<isbn13>9780374466237</isbn13>
<average_rating>3.78</average_rating>
<ratings_count>3535</ratings_count>
<publication_year>1993</publication_year>
<publication_month>9</publication_month>
<publication_day>1</publication_day>
<authors>
<author>
<id>26874</id>
<name>William Steig</name>
<link><![CDATA[https://www.goodreads.com/author/show/26874.William_Steig]]></link>
</author>
</authors>
</book>

          <book>
<id>142229</id>
<title>Home Alone</title>
<title_without_series>Home Alone</title_without_series>
<link><![CDATA[https://www.goodreads.com/book/show/142229.Home_Alone]]></link>
<small_image_url><![CDATA[https://images.gr-assets.com/books/1257350509s/142229.jpg]]></small_image_url>
<image_url><![CDATA[https://images.gr-assets.com/books/1257350509m/142229.jpg]]></image_url>
<num_pages>32</num_pages>
<work>
<id>137179</id>
</work>
<isbn>059045207X</isbn>
<isbn13>9780590452076</isbn13>
<average_rating>4.17</average_rating>
<ratings_count>600</ratings_count>
<publication_year>1990</publication_year>
<publication_month>12</publication_month>
<publication_day>31</publication_day>
<authors>
<author>
<id>3011347</id>
<name>John  Hughes</name>
<link><![CDATA[https://www.goodreads.com/author/show/3011347.John_Hughes]]></link>
</author>
</authors>
</book>

          <book>
<id>7727267</id>
<title>10 Things I Hate about You</title>
<title_without_series>10 Things I Hate about You</title_without_series>
<link><![CDATA[https://www.goodreads.com/book/show/7727267-10-things-i-hate-about-you]]></link>
<small_image_url><![CDATA[https://s.gr-assets.com/assets/nophoto/book/50x75-a91bf249278a81aabab721ef782c4a74.png]]></small_image_url>
<image_url><![CDATA[https://s.gr-assets.com/assets/nophoto/book/111x148-bcc042a9c91a29c1d680899eff700a03.png]]></image_url>
<num_pages>146</num_pages>
<work>
<id>10494675</id>
</work>
<isbn>6130296185</isbn>
<isbn13>9786130296186</isbn13>
<average_rating>4.09</average_rating>
<ratings_count>139</ratings_count>
<publication_year>2013</publication_year>
<publication_month>1</publication_month>
<publication_day>9</publication_day>
<authors>
<author>
<id>2940867</id>
<name>Frederic P.  Miller</name>
<link><![CDATA[https://www.goodreads.com/author/show/2940867.Frederic_P_Miller]]></link>
</author>
</authors>
</book>

          <book>
<id>1073574</id>
<title><![CDATA[Million Dollar Baby: Stories from the Corner]]></title>
<title_without_series><![CDATA[Million Dollar Baby: Stories from the Corner]]></title_without_series>
<link><![CDATA[https://www.goodreads.com/book/show/1073574.Million_Dollar_Baby]]></link>
<small_image_url><![CDATA[https://s.gr-assets.com/assets/nophoto/book/50x75-a91bf249278a81aabab721ef782c4a74.png]]></small_image_url>
<image_url><![CDATA[https://s.gr-assets.com/assets/nophoto/book/111x148-bcc042a9c91a29c1d680899eff700a03.png]]></image_url>
<num_pages>235</num_pages>
<work>
<id>1060269</id>
</work>
<isbn>006081926X</isbn>
<isbn13>9780060819262</isbn13>
<average_rating>4.07</average_rating>
<ratings_count>4199</ratings_count>
<publication_year></publication_year>
<publication_month></publication_month>
<publication_day></publication_day>
<authors>
<author>
<id>169610</id>
<name>F.X. Toole</name>
<link><![CDATA[https://www.goodreads.com/author/show/169610.F_X_Toole]]></link>
</author>
</authors>
</book>

          <book>
<id>1230853</id>
<title>Madame Doubtfire</title>
<title_without_series>Madame Doubtfire</title_without_series>
<link><![CDATA[https://www.goodreads.com/book/show/1230853.Madame_Doubtfire]]></link>
<small_image_url><![CDATA[https://s.gr-assets.com/assets/nophoto/book/50x75-a91bf249278a81aabab721ef782c4a74.png]]></small_image_url>
<image_url><![CDATA[https://s.gr-assets.com/assets/nophoto/book/111x148-bcc042a9c91a29c1d680899eff700a03.png]]></image_url>
<num_pages>192</num_pages>
<work>
<id>1219438</id>
</work>
<isbn>0140373551</isbn>
<isbn13>9780140373554</isbn13>
<average_rating>3.61</average_rating>
<ratings_count>2075</ratings_count>
<publication_year>1995</publication_year>
<publication_month></publication_month>
<publication_day></publication_day>
<authors>
<author>
<id>140688</id>
<name>Anne Fine</name>
<link><![CDATA[https://www.goodreads.com/author/show/140688.Anne_Fine]]></link>
</author>
</authors>
</book>

          <book>
<id>67238</id>
<title>Dead Poets Society</title>
<title_without_series>Dead Poets Society</title_without_series>
<link><![CDATA[https://www.goodreads.com/book/show/67238.Dead_Poets_Society]]></link>
<small_image_url><![CDATA[https://images.gr-assets.com/books/1359814692s/67238.jpg]]></small_image_url>
<image_url><![CDATA[https://images.gr-assets.com/books/1359814692m/67238.jpg]]></image_url>
<num_pages>166</num_pages>
<work>
<id>1207563</id>
</work>
<isbn>0553282980</isbn>
<isbn13>9780553282986</isbn13>
<average_rating>4.21</average_rating>
<ratings_count>37250</ratings_count>
<publication_year>1998</publication_year>
<publication_month>9</publication_month>
<publication_day>8</publication_day>
<authors>
<author>
<id>52601</id>
<name>N.H. Kleinbaum</name>
<link><![CDATA[https://www.goodreads.com/author/show/52601.N_H_Kleinbaum]]></link>
</author>
</authors>
</book>

          <book>
<id>248760</id>
<title>The Devil&apos;s Advocate</title>
<title_without_series>The Devil&apos;s Advocate</title_without_series>
<link><![CDATA[https://www.goodreads.com/book/show/248760.The_Devil_s_Advocate]]></link>
<small_image_url><![CDATA[https://s.gr-assets.com/assets/nophoto/book/50x75-a91bf249278a81aabab721ef782c4a74.png]]></small_image_url>
<image_url><![CDATA[https://s.gr-assets.com/assets/nophoto/book/111x148-bcc042a9c91a29c1d680899eff700a03.png]]></image_url>
<num_pages>336</num_pages>
<work>
<id>241036</id>
</work>
<isbn>0671014102</isbn>
<isbn13>9780671014100</isbn13>
<average_rating>3.97</average_rating>
<ratings_count>5768</ratings_count>
<publication_year>2003</publication_year>
<publication_month>7</publication_month>
<publication_day>1</publication_day>
<authors>
<author>
<id>145370</id>
<name>Andrew Neiderman</name>
<link><![CDATA[https://www.goodreads.com/author/show/145370.Andrew_Neiderman]]></link>
</author>
</authors>
</book>

          <book>
<id>139668</id>
<title><![CDATA[Riding in Cars with Boys: Confessions of a Bad Girl Who Makes Good]]></title>
<title_without_series><![CDATA[Riding in Cars with Boys: Confessions of a Bad Girl Who Makes Good]]></title_without_series>
<link><![CDATA[https://www.goodreads.com/book/show/139668.Riding_in_Cars_with_Boys]]></link>
<small_image_url><![CDATA[https://s.gr-assets.com/assets/nophoto/book/50x75-a91bf249278a81aabab721ef782c4a74.png]]></small_image_url>
<image_url><![CDATA[https://s.gr-assets.com/assets/nophoto/book/111x148-bcc042a9c91a29c1d680899eff700a03.png]]></image_url>
<num_pages>204</num_pages>
<work>
<id>134633</id>
</work>
<isbn>1860499473</isbn>
<isbn13>9781860499470</isbn13>
<average_rating>3.74</average_rating>
<ratings_count>7812</ratings_count>
<publication_year>2001</publication_year>
<publication_month>12</publication_month>
<publication_day>1</publication_day>
<authors>
<author>
<id>80773</id>
<name>Beverly Donofrio</name>
<link><![CDATA[https://www.goodreads.com/author/show/80773.Beverly_Donofrio]]></link>
</author>
</authors>
</book>

          <book>
<id>142227</id>
<title><![CDATA[Home Alone 2: Lost in New York]]></title>
<title_without_series><![CDATA[Home Alone 2: Lost in New York]]></title_without_series>
<link><![CDATA[https://www.goodreads.com/book/show/142227.Home_Alone_2]]></link>
<small_image_url><![CDATA[https://s.gr-assets.com/assets/nophoto/book/50x75-a91bf249278a81aabab721ef782c4a74.png]]></small_image_url>
<image_url><![CDATA[https://s.gr-assets.com/assets/nophoto/book/111x148-bcc042a9c91a29c1d680899eff700a03.png]]></image_url>
<num_pages></num_pages>
<work>
<id>137177</id>
</work>
<isbn>0590457179</isbn>
<isbn13>9780590457170</isbn13>
<average_rating>4.08</average_rating>
<ratings_count>699</ratings_count>
<publication_year>1992</publication_year>
<publication_month>11</publication_month>
<publication_day>1</publication_day>
<authors>
<author>
<id>31468</id>
<name>Todd Strasser</name>
<link><![CDATA[https://www.goodreads.com/author/show/31468.Todd_Strasser]]></link>
</author>
</authors>
</book>

          <book>
<id>7881140</id>
<title><![CDATA[Pengantin Demos Vol. 1 (Akuma no Hanayome, #1)]]></title>
<title_without_series>Pengantin Demos Vol. 1</title_without_series>
<link><![CDATA[https://www.goodreads.com/book/show/7881140-pengantin-demos-vol-1]]></link>
<small_image_url><![CDATA[https://s.gr-assets.com/assets/nophoto/book/50x75-a91bf249278a81aabab721ef782c4a74.png]]></small_image_url>
<image_url><![CDATA[https://s.gr-assets.com/assets/nophoto/book/111x148-bcc042a9c91a29c1d680899eff700a03.png]]></image_url>
<num_pages>207</num_pages>
<work>
<id>11081546</id>
</work>
<isbn>9796632608</isbn>
<isbn13></isbn13>
<average_rating>3.82</average_rating>
<ratings_count>181</ratings_count>
<publication_year>1997</publication_year>
<publication_month></publication_month>
<publication_day></publication_day>
<authors>
<author>
<id>1879422</id>
<name>Etsuko Ikeda</name>
<link><![CDATA[https://www.goodreads.com/author/show/1879422.Etsuko_Ikeda]]></link>
</author>
</authors>
</book>

          <book>
<id>138269</id>
<title><![CDATA[Catch Me If You Can: The True Story of a Real Fake]]></title>
<title_without_series><![CDATA[Catch Me If You Can: The True Story of a Real Fake]]></title_without_series>
<link><![CDATA[https://www.goodreads.com/book/show/138269.Catch_Me_If_You_Can]]></link>
<small_image_url><![CDATA[https://images.gr-assets.com/books/1358730242s/138269.jpg]]></small_image_url>
<image_url><![CDATA[https://images.gr-assets.com/books/1358730242m/138269.jpg]]></image_url>
<num_pages>224</num_pages>
<work>
<id>985716</id>
</work>
<isbn>1840187166</isbn>
<isbn13>9781840187168</isbn13>
<average_rating>4.05</average_rating>
<ratings_count>36233</ratings_count>
<publication_year>2003</publication_year>
<publication_month>1</publication_month>
<publication_day>23</publication_day>
<authors>
<author>
<id>80294</id>
<name>Frank W. Abagnale</name>
<link><![CDATA[https://www.goodreads.com/author/show/80294.Frank_W_Abagnale]]></link>
</author>
</authors>
</book>

          <book>
<id>4857779</id>
<title>Memento</title>
<title_without_series>Memento</title_without_series>
<link><![CDATA[https://www.goodreads.com/book/show/4857779-memento]]></link>
<small_image_url><![CDATA[https://images.gr-assets.com/books/1330203355s/4857779.jpg]]></small_image_url>
<image_url><![CDATA[https://images.gr-assets.com/books/1330203355m/4857779.jpg]]></image_url>
<num_pages>346</num_pages>
<work>
<id>4923058</id>
</work>
<isbn>3351015216</isbn>
<isbn13>9783351015213</isbn13>
<average_rating>3.91</average_rating>
<ratings_count>1198</ratings_count>
<publication_year>1989</publication_year>
<publication_month></publication_month>
<publication_day></publication_day>
<authors>
<author>
<id>1146078</id>
<name>Radek John</name>
<link><![CDATA[https://www.goodreads.com/author/show/1146078.Radek_John]]></link>
</author>
</authors>
</book>

          <book>
<id>37379</id>
<title>The Night at the Museum</title>
<title_without_series>The Night at the Museum</title_without_series>
<link><![CDATA[https://www.goodreads.com/book/show/37379.The_Night_at_the_Museum]]></link>
<small_image_url><![CDATA[https://s.gr-assets.com/assets/nophoto/book/50x75-a91bf249278a81aabab721ef782c4a74.png]]></small_image_url>
<image_url><![CDATA[https://s.gr-assets.com/assets/nophoto/book/111x148-bcc042a9c91a29c1d680899eff700a03.png]]></image_url>
<num_pages>32</num_pages>
<work>
<id>37264</id>
</work>
<isbn>0764136313</isbn>
<isbn13>9780764136313</isbn13>
<average_rating>3.84</average_rating>
<ratings_count>658</ratings_count>
<publication_year>2006</publication_year>
<publication_month>11</publication_month>
<publication_day>1</publication_day>
<authors>
<author>
<id>21008</id>
<name>Milan Trenc</name>
<link><![CDATA[https://www.goodreads.com/author/show/21008.Milan_Trenc]]></link>
</author>
</authors>
</book>

          <book>
<id>543339</id>
<title><![CDATA[Dances with Wolves (Dances with Wolves, #1)]]></title>
<title_without_series>Dances with Wolves</title_without_series>
<link><![CDATA[https://www.goodreads.com/book/show/543339.Dances_with_Wolves]]></link>
<small_image_url><![CDATA[https://s.gr-assets.com/assets/nophoto/book/50x75-a91bf249278a81aabab721ef782c4a74.png]]></small_image_url>
<image_url><![CDATA[https://s.gr-assets.com/assets/nophoto/book/111x148-bcc042a9c91a29c1d680899eff700a03.png]]></image_url>
<num_pages>304</num_pages>
<work>
<id>2935487</id>
</work>
<isbn>0449000753</isbn>
<isbn13>9780449000755</isbn13>
<average_rating>4.19</average_rating>
<ratings_count>20386</ratings_count>
<publication_year>1997</publication_year>
<publication_month>11</publication_month>
<publication_day>1</publication_day>
<authors>
<author>
<id>33295</id>
<name>Michael Blake</name>
<link><![CDATA[https://www.goodreads.com/author/show/33295.Michael_Blake]]></link>
</author>
</authors>
</book>

  </similar_books>
</book>

</GoodreadsResponse>