<?xml version="1.0" encoding="UTF-8"?>
<GoodreadsResponse>
  <Request>
    <authentication>true</authentication>
      <key><![CDATA[all_men_must_serve]]></key>
    <method><![CDATA[book_show]]></method>
  </Request>
  <book>
  <id>10910</id>
  <title>Mercy</title>
  <isbn><![CDATA[0743422449]]></isbn>
  <isbn13><![CDATA[9780743422444]]></isbn13>
  <asin><![CDATA[]]></asin>
  <kindle_asin><![CDATA[B002V091MU]]></kindle_asin>
  <marketplace_id><![CDATA[A1F83G8C2ARO7P]]></marketplace_id>
  <country_code><![CDATA[GB]]></country_code>
  <image_url>https://images.gr-assets.com/books/1299040130m/10910.jpg</image_url>
  <small_image_url>https://images.gr-assets.com/books/1299040130s/10910.jpg</small_image_url>
  <publication_year></publication_year>
  <publication_month></publication_month>
  <publication_day></publication_day>
  <publisher></publisher>
  <language_code>en-GB</language_code>
  <is_ebook>false</is_ebook>
  <description></description>
  <work>
  <id type="integer">3349593</id>
  <books_count type="integer">43</books_count>
  <best_book_id type="integer">10910</best_book_id>
  <reviews_count type="integer">67945</reviews_count>
  <ratings_sum type="integer">141791</ratings_sum>
  <ratings_count type="integer">39746</ratings_count>
  <text_reviews_count type="integer">2502</text_reviews_count>
  <original_publication_year type="integer">1996</original_publication_year>
  <original_publication_month type="integer" nil="true"/>
  <original_publication_day type="integer" nil="true"/>
  <original_title>Mercy</original_title>
  <original_language_id type="integer" nil="true"/>
  <media_type>book</media_type>
  <rating_dist>5:8193|4:13175|3:12700|2:4348|1:1330|total:39746</rating_dist>
  <desc_user_id type="integer" nil="true"/>
  <default_chaptering_book_id type="integer" nil="true"/>
  <default_description_language_code nil="true"/>
</work>
  <average_rating>3.57</average_rating>
  <num_pages><![CDATA[400]]></num_pages>
  <format><![CDATA[]]></format>
  <edition_information><![CDATA[]]></edition_information>
  <ratings_count><![CDATA[37263]]></ratings_count>
  <text_reviews_count><![CDATA[2227]]></text_reviews_count>
  <url><![CDATA[https://www.goodreads.com/book/show/10910.Mercy]]></url>
  <link><![CDATA[https://www.goodreads.com/book/show/10910.Mercy]]></link>
  <authors>
<author>
<id>7128</id>
<name>Jodi Picoult</name>
<role></role>
<image_url nophoto='false'>
<![CDATA[https://images.gr-assets.com/authors/1475775448p5/7128.jpg]]>
</image_url>
<small_image_url nophoto='false'>
<![CDATA[https://images.gr-assets.com/authors/1475775448p2/7128.jpg]]>
</small_image_url>
<link><![CDATA[https://www.goodreads.com/author/show/7128.Jodi_Picoult]]></link>
<average_rating>3.95</average_rating>
<ratings_count>2907008</ratings_count>
<text_reviews_count>172467</text_reviews_count>
</author>
</authors>

    <reviews_widget>
      <![CDATA[
        <style>
  #goodreads-widget {
    font-family: georgia, serif;
    padding: 18px 0;
    width:565px;
  }
  #goodreads-widget h1 {
    font-weight:normal;
    font-size: 16px;
    border-bottom: 1px solid #BBB596;
    margin-bottom: 0;
  }
  #goodreads-widget a {
    text-decoration: none;
    color:#660;
  }
  iframe{
    background-color: #fff;
  }
  #goodreads-widget a:hover { text-decoration: underline; }
  #goodreads-widget a:active {
    color:#660;
  }
  #gr_footer {
    width: 100%;
    border-top: 1px solid #BBB596;
    text-align: right;
  }
  #goodreads-widget .gr_branding{
    color: #382110;
    font-size: 11px;
    text-decoration: none;
    font-family: "Helvetica Neue", Helvetica, Arial, sans-serif;
  }
</style>
<div id="goodreads-widget">
  <div id="gr_header"><h1><a rel="nofollow" href="https://www.goodreads.com/book/show/10910.Mercy">Mercy Reviews</a></h1></div>
  <iframe id="the_iframe" src="https://www.goodreads.com/api/reviews_widget_iframe?did=DEVELOPER_ID&amp;format=html&amp;isbn=0743422449&amp;links=660&amp;min_rating=&amp;review_back=fff&amp;stars=000&amp;text=000" width="565" height="400" frameborder="0"></iframe>
  <div id="gr_footer">
    <a class="gr_branding" target="_blank" rel="nofollow" href="https://www.goodreads.com/book/show/10910.Mercy?utm_medium=api&amp;utm_source=reviews_widget">Reviews from Goodreads.com</a>
  </div>
</div>

      ]]>
    </reviews_widget>
  <popular_shelves>
      <shelf name="to-read" count="17460"/>
      <shelf name="currently-reading" count="955"/>
      <shelf name="jodi-picoult" count="502"/>
      <shelf name="fiction" count="471"/>
      <shelf name="books-i-own" count="206"/>
      <shelf name="owned" count="115"/>
      <shelf name="contemporary" count="100"/>
      <shelf name="chick-lit" count="97"/>
      <shelf name="favorites" count="89"/>
      <shelf name="romance" count="78"/>
      <shelf name="picoult" count="64"/>
      <shelf name="owned-books" count="57"/>
      <shelf name="drama" count="54"/>
      <shelf name="adult-fiction" count="49"/>
      <shelf name="default" count="48"/>
      <shelf name="contemporary-fiction" count="46"/>
      <shelf name="adult" count="44"/>
      <shelf name="general-fiction" count="38"/>
      <shelf name="library" count="36"/>
      <shelf name="book-club" count="33"/>
      <shelf name="novels" count="30"/>
      <shelf name="i-own" count="29"/>
      <shelf name="my-library" count="26"/>
      <shelf name="realistic-fiction" count="26"/>
      <shelf name="my-books" count="24"/>
      <shelf name="to-buy" count="23"/>
      <shelf name="picoult-jodi" count="22"/>
      <shelf name="kindle" count="20"/>
      <shelf name="mystery" count="19"/>
      <shelf name="wish-list" count="18"/>
      <shelf name="euthanasia" count="17"/>
      <shelf name="ebooks" count="17"/>
      <shelf name="audiobook" count="17"/>
      <shelf name="favorite-authors" count="15"/>
      <shelf name="jodi-picoult-books" count="14"/>
      <shelf name="abandoned" count="14"/>
      <shelf name="have" count="14"/>
      <shelf name="audio" count="14"/>
      <shelf name="own-it" count="14"/>
      <shelf name="family" count="13"/>
      <shelf name="favourites" count="13"/>
      <shelf name="audio-book" count="13"/>
      <shelf name="my-bookshelf" count="12"/>
      <shelf name="adultery" count="12"/>
      <shelf name="jodi-piccoult" count="12"/>
      <shelf name="women-s-fiction" count="12"/>
      <shelf name="jodi" count="12"/>
      <shelf name="did-not-finish" count="12"/>
      <shelf name="crime" count="11"/>
      <shelf name="didn-t-finish" count="11"/>
      <shelf name="mercy-killing" count="10"/>
      <shelf name="on-my-bookshelf" count="10"/>
      <shelf name="audio-books" count="10"/>
      <shelf name="womens-fiction" count="10"/>
      <shelf name="shelfari-wishlist" count="9"/>
      <shelf name="read-in-2016" count="9"/>
      <shelf name="read-in-2014" count="9"/>
      <shelf name="read-in-2011" count="9"/>
      <shelf name="couldn-t-finish" count="9"/>
      <shelf name="on-my-shelf" count="9"/>
      <shelf name="audible" count="9"/>
      <shelf name="own-to-read" count="9"/>
      <shelf name="want-to-read" count="9"/>
      <shelf name="mine" count="8"/>
      <shelf name="love" count="8"/>
      <shelf name="tbr" count="8"/>
      <shelf name="to-read-own" count="8"/>
      <shelf name="audiobooks" count="8"/>
      <shelf name="relationships" count="8"/>
      <shelf name="novel" count="8"/>
      <shelf name="chicklit" count="8"/>
      <shelf name="bookclub" count="8"/>
      <shelf name="literary-fiction" count="8"/>
      <shelf name="read-in-2009" count="8"/>
      <shelf name="literature" count="8"/>
      <shelf name="read-in-2006" count="8"/>
      <shelf name="read-in-2008" count="8"/>
      <shelf name="borrowed" count="8"/>
      <shelf name="books" count="7"/>
      <shelf name="i-own-it" count="7"/>
      <shelf name="stopped-reading" count="7"/>
      <shelf name="never-finished" count="7"/>
      <shelf name="dnf" count="7"/>
      <shelf name="modern" count="7"/>
      <shelf name="2010-books" count="7"/>
      <shelf name="e-book" count="7"/>
      <shelf name="own-a-copy" count="7"/>
      <shelf name="tear-jerker" count="7"/>
      <shelf name="read-in-2015" count="6"/>
      <shelf name="on-kindle" count="6"/>
      <shelf name="read-in-2013" count="6"/>
      <shelf name="to-read-owned" count="6"/>
      <shelf name="purchased" count="6"/>
      <shelf name="read-in-2012" count="6"/>
      <shelf name="infidelity" count="6"/>
      <shelf name="ebook" count="6"/>
      <shelf name="read-in-2010" count="6"/>
      <shelf name="assisted-suicide" count="6"/>
      <shelf name="unread" count="6"/>
      <shelf name="favorite-books" count="6"/>
  </popular_shelves>
  <book_links>
    <book_link>
  <id>8</id>
  <name>Libraries</name>
  <link>https://www.goodreads.com/book_link/follow/8</link>
</book_link>

  </book_links>
  <buy_links>
    <buy_link>
<id>1</id>
<name>Amazon</name>
<link>https://www.goodreads.com/book_link/follow/1</link>
</buy_link>
<buy_link>
<id>10</id>
<name>Audible</name>
<link>https://www.goodreads.com/book_link/follow/10</link>
</buy_link>
<buy_link>
<id>3</id>
<name>Barnes &amp; Noble</name>
<link>https://www.goodreads.com/book_link/follow/3</link>
</buy_link>
<buy_link>
<id>1027</id>
<name>Kobo</name>
<link>https://www.goodreads.com/book_link/follow/1027</link>
</buy_link>
<buy_link>
<id>2102</id>
<name>Apple iBooks</name>
<link>https://www.goodreads.com/book_link/follow/2102</link>
</buy_link>
<buy_link>
<id>8036</id>
<name>Google Play</name>
<link>https://www.goodreads.com/book_link/follow/8036</link>
</buy_link>
<buy_link>
<id>4</id>
<name>Abebooks</name>
<link>https://www.goodreads.com/book_link/follow/4</link>
</buy_link>
<buy_link>
<id>882</id>
<name>Book Depository</name>
<link>https://www.goodreads.com/book_link/follow/882</link>
</buy_link>
<buy_link>
<id>9</id>
<name>Indigo</name>
<link>https://www.goodreads.com/book_link/follow/9</link>
</buy_link>
<buy_link>
<id>2</id>
<name>Half.com</name>
<link>https://www.goodreads.com/book_link/follow/2</link>
</buy_link>
<buy_link>
<id>5</id>
<name>Alibris</name>
<link>https://www.goodreads.com/book_link/follow/5</link>
</buy_link>
<buy_link>
<id>107</id>
<name>Better World Books</name>
<link>https://www.goodreads.com/book_link/follow/107</link>
</buy_link>
<buy_link>
<id>7</id>
<name>IndieBound</name>
<link>https://www.goodreads.com/book_link/follow/7</link>
</buy_link>

  </buy_links>
  <series_works>
    
  </series_works>
  <similar_books>
          <book>
<id>8359929</id>
<title>Novels by Jodi Picoult</title>
<title_without_series>Novels by Jodi Picoult</title_without_series>
<link><![CDATA[https://www.goodreads.com/book/show/8359929-novels-by-jodi-picoult]]></link>
<small_image_url><![CDATA[https://s.gr-assets.com/assets/nophoto/book/50x75-a91bf249278a81aabab721ef782c4a74.png]]></small_image_url>
<image_url><![CDATA[https://s.gr-assets.com/assets/nophoto/book/111x148-bcc042a9c91a29c1d680899eff700a03.png]]></image_url>
<num_pages></num_pages>
<work>
<id>13214388</id>
</work>
<isbn>115524057X</isbn>
<isbn13>9781155240572</isbn13>
<average_rating>4.54</average_rating>
<ratings_count>311</ratings_count>
<publication_year></publication_year>
<publication_month></publication_month>
<publication_day></publication_day>
<authors>
<author>
<id>4340042</id>
<name>Books LLC</name>
<link><![CDATA[https://www.goodreads.com/author/show/4340042.Books_LLC]]></link>
</author>
</authors>
</book>

          <book>
<id>297130</id>
<title>If You Believe</title>
<title_without_series>If You Believe</title_without_series>
<link><![CDATA[https://www.goodreads.com/book/show/297130.If_You_Believe]]></link>
<small_image_url><![CDATA[https://s.gr-assets.com/assets/nophoto/book/50x75-a91bf249278a81aabab721ef782c4a74.png]]></small_image_url>
<image_url><![CDATA[https://s.gr-assets.com/assets/nophoto/book/111x148-bcc042a9c91a29c1d680899eff700a03.png]]></image_url>
<num_pages>384</num_pages>
<work>
<id>1563508</id>
</work>
<isbn>0345467108</isbn>
<isbn13>9780345467102</isbn13>
<average_rating>3.73</average_rating>
<ratings_count>1803</ratings_count>
<publication_year>2004</publication_year>
<publication_month>4</publication_month>
<publication_day>27</publication_day>
<authors>
<author>
<id>54493</id>
<name>Kristin Hannah</name>
<link><![CDATA[https://www.goodreads.com/author/show/54493.Kristin_Hannah]]></link>
</author>
</authors>
</book>

          <book>
<id>456762</id>
<title>The Woman Next Door</title>
<title_without_series>The Woman Next Door</title_without_series>
<link><![CDATA[https://www.goodreads.com/book/show/456762.The_Woman_Next_Door]]></link>
<small_image_url><![CDATA[https://s.gr-assets.com/assets/nophoto/book/50x75-a91bf249278a81aabab721ef782c4a74.png]]></small_image_url>
<image_url><![CDATA[https://s.gr-assets.com/assets/nophoto/book/111x148-bcc042a9c91a29c1d680899eff700a03.png]]></image_url>
<num_pages>371</num_pages>
<work>
<id>1895147</id>
</work>
<isbn>0743411250</isbn>
<isbn13>9780743411257</isbn13>
<average_rating>3.69</average_rating>
<ratings_count>3365</ratings_count>
<publication_year>2002</publication_year>
<publication_month>6</publication_month>
<publication_day>25</publication_day>
<authors>
<author>
<id>36492</id>
<name>Barbara Delinsky</name>
<link><![CDATA[https://www.goodreads.com/author/show/36492.Barbara_Delinsky]]></link>
</author>
</authors>
</book>

          <book>
<id>6081394</id>
<title><![CDATA[The Deep Blue Sea for Beginners (Newport, Rhode Island, #2)]]></title>
<title_without_series><![CDATA[The Deep Blue Sea for Beginners]]></title_without_series>
<link><![CDATA[https://www.goodreads.com/book/show/6081394-the-deep-blue-sea-for-beginners]]></link>
<small_image_url><![CDATA[https://images.gr-assets.com/books/1320535809s/6081394.jpg]]></small_image_url>
<image_url><![CDATA[https://images.gr-assets.com/books/1320535809m/6081394.jpg]]></image_url>
<num_pages>307</num_pages>
<work>
<id>6258101</id>
</work>
<isbn>0553805142</isbn>
<isbn13>9780553805147</isbn13>
<average_rating>3.63</average_rating>
<ratings_count>1835</ratings_count>
<publication_year>2009</publication_year>
<publication_month>8</publication_month>
<publication_day>4</publication_day>
<authors>
<author>
<id>5076</id>
<name>Luanne Rice</name>
<link><![CDATA[https://www.goodreads.com/author/show/5076.Luanne_Rice]]></link>
</author>
</authors>
</book>

          <book>
<id>15850</id>
<title>A Theory of Relativity</title>
<title_without_series>A Theory of Relativity</title_without_series>
<link><![CDATA[https://www.goodreads.com/book/show/15850.A_Theory_of_Relativity]]></link>
<small_image_url><![CDATA[https://images.gr-assets.com/books/1408924181s/15850.jpg]]></small_image_url>
<image_url><![CDATA[https://images.gr-assets.com/books/1408924181m/15850.jpg]]></image_url>
<num_pages>449</num_pages>
<work>
<id>1531071</id>
</work>
<isbn>0007139853</isbn>
<isbn13>9780007139859</isbn13>
<average_rating>3.61</average_rating>
<ratings_count>3641</ratings_count>
<publication_year>2001</publication_year>
<publication_month></publication_month>
<publication_day></publication_day>
<authors>
<author>
<id>3504</id>
<name>Jacquelyn Mitchard</name>
<link><![CDATA[https://www.goodreads.com/author/show/3504.Jacquelyn_Mitchard]]></link>
</author>
</authors>
</book>

          <book>
<id>1227249</id>
<title>Marshmallows for Breakfast</title>
<title_without_series>Marshmallows for Breakfast</title_without_series>
<link><![CDATA[https://www.goodreads.com/book/show/1227249.Marshmallows_for_Breakfast]]></link>
<small_image_url><![CDATA[https://images.gr-assets.com/books/1279481004s/1227249.jpg]]></small_image_url>
<image_url><![CDATA[https://images.gr-assets.com/books/1279481004m/1227249.jpg]]></image_url>
<num_pages>440</num_pages>
<work>
<id>1287738</id>
</work>
<isbn>075153708X</isbn>
<isbn13>9780751537086</isbn13>
<average_rating>3.80</average_rating>
<ratings_count>6282</ratings_count>
<publication_year></publication_year>
<publication_month></publication_month>
<publication_day></publication_day>
<authors>
<author>
<id>38651</id>
<name>Dorothy Koomson</name>
<link><![CDATA[https://www.goodreads.com/author/show/38651.Dorothy_Koomson]]></link>
</author>
</authors>
</book>

          <book>
<id>827357</id>
<title>Kiss River (Kiss River #2)</title>
<title_without_series>Kiss River</title_without_series>
<link><![CDATA[https://www.goodreads.com/book/show/827357.Kiss_River]]></link>
<small_image_url><![CDATA[https://images.gr-assets.com/books/1334005701s/827357.jpg]]></small_image_url>
<image_url><![CDATA[https://images.gr-assets.com/books/1334005701m/827357.jpg]]></image_url>
<num_pages>376</num_pages>
<work>
<id>2861434</id>
</work>
<isbn>0778320022</isbn>
<isbn13>9780778320029</isbn13>
<average_rating>3.90</average_rating>
<ratings_count>3829</ratings_count>
<publication_year>2004</publication_year>
<publication_month>1</publication_month>
<publication_day>1</publication_day>
<authors>
<author>
<id>93345</id>
<name>Diane Chamberlain</name>
<link><![CDATA[https://www.goodreads.com/author/show/93345.Diane_Chamberlain]]></link>
</author>
</authors>
</book>

          <book>
<id>205628</id>
<title>Woman in Red</title>
<title_without_series>Woman in Red</title_without_series>
<link><![CDATA[https://www.goodreads.com/book/show/205628.Woman_in_Red]]></link>
<small_image_url><![CDATA[https://s.gr-assets.com/assets/nophoto/book/50x75-a91bf249278a81aabab721ef782c4a74.png]]></small_image_url>
<image_url><![CDATA[https://s.gr-assets.com/assets/nophoto/book/111x148-bcc042a9c91a29c1d680899eff700a03.png]]></image_url>
<num_pages>368</num_pages>
<work>
<id>1424472</id>
</work>
<isbn>1593154445</isbn>
<isbn13>9781593154448</isbn13>
<average_rating>3.76</average_rating>
<ratings_count>1575</ratings_count>
<publication_year>2007</publication_year>
<publication_month>6</publication_month>
<publication_day>12</publication_day>
<authors>
<author>
<id>38423</id>
<name>Eileen Goudge</name>
<link><![CDATA[https://www.goodreads.com/author/show/38423.Eileen_Goudge]]></link>
</author>
</authors>
</book>

          <book>
<id>89115</id>
<title>Happiness Sold Separately</title>
<title_without_series>Happiness Sold Separately</title_without_series>
<link><![CDATA[https://www.goodreads.com/book/show/89115.Happiness_Sold_Separately]]></link>
<small_image_url><![CDATA[https://s.gr-assets.com/assets/nophoto/book/50x75-a91bf249278a81aabab721ef782c4a74.png]]></small_image_url>
<image_url><![CDATA[https://s.gr-assets.com/assets/nophoto/book/111x148-bcc042a9c91a29c1d680899eff700a03.png]]></image_url>
<num_pages></num_pages>
<work>
<id>2297520</id>
</work>
<isbn>0446533068</isbn>
<isbn13>9780446533065</isbn13>
<average_rating>3.28</average_rating>
<ratings_count>5287</ratings_count>
<publication_year></publication_year>
<publication_month></publication_month>
<publication_day></publication_day>
<authors>
<author>
<id>51162</id>
<name>Lolly Winston</name>
<link><![CDATA[https://www.goodreads.com/author/show/51162.Lolly_Winston]]></link>
</author>
</authors>
</book>

          <book>
<id>10874726</id>
<title>The Art of Saying Goodbye</title>
<title_without_series>The Art of Saying Goodbye</title_without_series>
<link><![CDATA[https://www.goodreads.com/book/show/10874726-the-art-of-saying-goodbye]]></link>
<small_image_url><![CDATA[https://images.gr-assets.com/books/1303305487s/10874726.jpg]]></small_image_url>
<image_url><![CDATA[https://images.gr-assets.com/books/1303305487m/10874726.jpg]]></image_url>
<num_pages></num_pages>
<work>
<id>15790066</id>
</work>
<isbn>0062033689</isbn>
<isbn13>9780062033680</isbn13>
<average_rating>3.30</average_rating>
<ratings_count>554</ratings_count>
<publication_year></publication_year>
<publication_month></publication_month>
<publication_day></publication_day>
<authors>
<author>
<id>121727</id>
<name>Ellyn Bache</name>
<link><![CDATA[https://www.goodreads.com/author/show/121727.Ellyn_Bache]]></link>
</author>
</authors>
</book>

          <book>
<id>7027258</id>
<title>Crazy in Love</title>
<title_without_series>Crazy in Love</title_without_series>
<link><![CDATA[https://www.goodreads.com/book/show/7027258-crazy-in-love]]></link>
<small_image_url><![CDATA[https://images.gr-assets.com/books/1419179714s/7027258.jpg]]></small_image_url>
<image_url><![CDATA[https://images.gr-assets.com/books/1419179714m/7027258.jpg]]></image_url>
<num_pages>290</num_pages>
<work>
<id>7274791</id>
</work>
<isbn>0340937041</isbn>
<isbn13>9780340937044</isbn13>
<average_rating>3.12</average_rating>
<ratings_count>387</ratings_count>
<publication_year>2010</publication_year>
<publication_month></publication_month>
<publication_day></publication_day>
<authors>
<author>
<id>3131621</id>
<name>Chrissie Manby</name>
<link><![CDATA[https://www.goodreads.com/author/show/3131621.Chrissie_Manby]]></link>
</author>
</authors>
</book>

          <book>
<id>14960</id>
<title>Eden Close</title>
<title_without_series>Eden Close</title_without_series>
<link><![CDATA[https://www.goodreads.com/book/show/14960.Eden_Close]]></link>
<small_image_url><![CDATA[https://images.gr-assets.com/books/1324230174s/14960.jpg]]></small_image_url>
<image_url><![CDATA[https://images.gr-assets.com/books/1324230174m/14960.jpg]]></image_url>
<num_pages>265</num_pages>
<work>
<id>1543114</id>
</work>
<isbn>0156031337</isbn>
<isbn13>9780156031332</isbn13>
<average_rating>3.64</average_rating>
<ratings_count>8544</ratings_count>
<publication_year></publication_year>
<publication_month></publication_month>
<publication_day></publication_day>
<authors>
<author>
<id>3530</id>
<name>Anita Shreve</name>
<link><![CDATA[https://www.goodreads.com/author/show/3530.Anita_Shreve]]></link>
</author>
</authors>
</book>

          <book>
<id>227784</id>
<title>Coming Back to Me</title>
<title_without_series>Coming Back to Me</title_without_series>
<link><![CDATA[https://www.goodreads.com/book/show/227784.Coming_Back_to_Me]]></link>
<small_image_url><![CDATA[https://images.gr-assets.com/books/1312040324s/227784.jpg]]></small_image_url>
<image_url><![CDATA[https://images.gr-assets.com/books/1312040324m/227784.jpg]]></image_url>
<num_pages></num_pages>
<work>
<id>220623</id>
</work>
<isbn>0312305540</isbn>
<isbn13>9780312305543</isbn13>
<average_rating>3.58</average_rating>
<ratings_count>445</ratings_count>
<publication_year></publication_year>
<publication_month></publication_month>
<publication_day></publication_day>
<authors>
<author>
<id>133325</id>
<name>Caroline Leavitt</name>
<link><![CDATA[https://www.goodreads.com/author/show/133325.Caroline_Leavitt]]></link>
</author>
</authors>
</book>

  </similar_books>
</book>

</GoodreadsResponse>