<?xml version="1.0" encoding="UTF-8"?>
<GoodreadsResponse>
  <Request>
    <authentication>true</authentication>
      <key><![CDATA[all_men_must_serve]]></key>
    <method><![CDATA[book_show]]></method>
  </Request>
  <book>
  <id>10916</id>
  <title>The Pact</title>
  <isbn><![CDATA[0061150142]]></isbn>
  <isbn13><![CDATA[9780061150142]]></isbn13>
  <asin><![CDATA[]]></asin>
  <kindle_asin><![CDATA[B001KDQ4KQ]]></kindle_asin>
  <marketplace_id><![CDATA[A1F83G8C2ARO7P]]></marketplace_id>
  <country_code><![CDATA[GB]]></country_code>
  <image_url>https://images.gr-assets.com/books/1410754561m/10916.jpg</image_url>
  <small_image_url>https://images.gr-assets.com/books/1410754561s/10916.jpg</small_image_url>
  <publication_year>2006</publication_year>
  <publication_month>8</publication_month>
  <publication_day>29</publication_day>
  <publisher>Avon</publisher>
  <language_code>en-US</language_code>
  <is_ebook>false</is_ebook>
  <description><![CDATA[For eighteen years the Hartes and the Golds have lived next door to each other, sharing everything from Chinese food to chicken pox to carpool duty-- they've grown so close it seems they have always been a part of each other's lives. Parents and children alike have been best friends, so it's no surprise that in high school Chris and Emily's friendship blossoms into something more. They've been soul mates since they were born.<br /><br />So when midnight calls from the hospital come in, no one is ready for the appalling truth: Emily is dead at seventeen from a gunshot wound to the head. There's a single unspent bullet in the gun that Chris took from his father's cabinet-- a bullet that Chris tells police he intended for himself. But a local detective has doubts about the suicide pact that Chris has described.]]></description>
  <work>
  <id type="integer">3349846</id>
  <books_count type="integer">76</books_count>
  <best_book_id type="integer">10916</best_book_id>
  <reviews_count type="integer">328558</reviews_count>
  <ratings_sum type="integer">941008</ratings_sum>
  <ratings_count type="integer">235439</ratings_count>
  <text_reviews_count type="integer">9259</text_reviews_count>
  <original_publication_year type="integer">1998</original_publication_year>
  <original_publication_month type="integer" nil="true"/>
  <original_publication_day type="integer" nil="true"/>
  <original_title>The Pact</original_title>
  <original_language_id type="integer" nil="true"/>
  <media_type>book</media_type>
  <rating_dist>5:84091|4:85471|3:50501|2:11790|1:3586|total:235439</rating_dist>
  <desc_user_id type="integer">34247576</desc_user_id>
  <default_chaptering_book_id type="integer" nil="true"/>
  <default_description_language_code nil="true"/>
</work>
  <average_rating>4.00</average_rating>
  <num_pages><![CDATA[512]]></num_pages>
  <format><![CDATA[Paperback]]></format>
  <edition_information><![CDATA[]]></edition_information>
  <ratings_count><![CDATA[221295]]></ratings_count>
  <text_reviews_count><![CDATA[8281]]></text_reviews_count>
  <url><![CDATA[https://www.goodreads.com/book/show/10916.The_Pact]]></url>
  <link><![CDATA[https://www.goodreads.com/book/show/10916.The_Pact]]></link>
  <authors>
<author>
<id>7128</id>
<name>Jodi Picoult</name>
<role></role>
<image_url nophoto='false'>
<![CDATA[https://images.gr-assets.com/authors/1475775448p5/7128.jpg]]>
</image_url>
<small_image_url nophoto='false'>
<![CDATA[https://images.gr-assets.com/authors/1475775448p2/7128.jpg]]>
</small_image_url>
<link><![CDATA[https://www.goodreads.com/author/show/7128.Jodi_Picoult]]></link>
<average_rating>3.95</average_rating>
<ratings_count>2906978</ratings_count>
<text_reviews_count>172465</text_reviews_count>
</author>
</authors>

    <reviews_widget>
      <![CDATA[
        <style>
  #goodreads-widget {
    font-family: georgia, serif;
    padding: 18px 0;
    width:565px;
  }
  #goodreads-widget h1 {
    font-weight:normal;
    font-size: 16px;
    border-bottom: 1px solid #BBB596;
    margin-bottom: 0;
  }
  #goodreads-widget a {
    text-decoration: none;
    color:#660;
  }
  iframe{
    background-color: #fff;
  }
  #goodreads-widget a:hover { text-decoration: underline; }
  #goodreads-widget a:active {
    color:#660;
  }
  #gr_footer {
    width: 100%;
    border-top: 1px solid #BBB596;
    text-align: right;
  }
  #goodreads-widget .gr_branding{
    color: #382110;
    font-size: 11px;
    text-decoration: none;
    font-family: "Helvetica Neue", Helvetica, Arial, sans-serif;
  }
</style>
<div id="goodreads-widget">
  <div id="gr_header"><h1><a rel="nofollow" href="https://www.goodreads.com/book/show/10916.The_Pact">The Pact Reviews</a></h1></div>
  <iframe id="the_iframe" src="https://www.goodreads.com/api/reviews_widget_iframe?did=DEVELOPER_ID&amp;format=html&amp;isbn=0061150142&amp;links=660&amp;min_rating=&amp;review_back=fff&amp;stars=000&amp;text=000" width="565" height="400" frameborder="0"></iframe>
  <div id="gr_footer">
    <a class="gr_branding" target="_blank" rel="nofollow" href="https://www.goodreads.com/book/show/10916.The_Pact?utm_medium=api&amp;utm_source=reviews_widget">Reviews from Goodreads.com</a>
  </div>
</div>

      ]]>
    </reviews_widget>
  <popular_shelves>
      <shelf name="currently-reading" count="2493"/>
      <shelf name="fiction" count="1586"/>
      <shelf name="favorites" count="1248"/>
      <shelf name="jodi-picoult" count="816"/>
      <shelf name="books-i-own" count="529"/>
      <shelf name="romance" count="390"/>
      <shelf name="contemporary" count="338"/>
      <shelf name="chick-lit" count="332"/>
      <shelf name="to-read" count="316"/>
      <shelf name="owned" count="252"/>
      <shelf name="drama" count="236"/>
      <shelf name="adult-fiction" count="185"/>
      <shelf name="mystery" count="171"/>
      <shelf name="contemporary-fiction" count="158"/>
      <shelf name="adult" count="155"/>
      <shelf name="book-club" count="154"/>
      <shelf name="young-adult" count="148"/>
      <shelf name="kindle" count="135"/>
      <shelf name="favourites" count="126"/>
      <shelf name="owned-books" count="103"/>
      <shelf name="suicide" count="103"/>
      <shelf name="picoult" count="102"/>
      <shelf name="general-fiction" count="99"/>
      <shelf name="realistic-fiction" count="97"/>
      <shelf name="library" count="83"/>
      <shelf name="default" count="79"/>
      <shelf name="i-own" count="74"/>
      <shelf name="family" count="69"/>
      <shelf name="my-books" count="69"/>
      <shelf name="novels" count="69"/>
      <shelf name="ebooks" count="62"/>
      <shelf name="relationships" count="57"/>
      <shelf name="death" count="52"/>
      <shelf name="crime" count="52"/>
      <shelf name="ebook" count="50"/>
      <shelf name="love" count="50"/>
      <shelf name="to-buy" count="49"/>
      <shelf name="my-library" count="45"/>
      <shelf name="favorite-books" count="44"/>
      <shelf name="shelfari-favorites" count="43"/>
      <shelf name="wish-list" count="42"/>
      <shelf name="read-in-2012" count="40"/>
      <shelf name="have" count="40"/>
      <shelf name="novel" count="40"/>
      <shelf name="coming-of-age" count="37"/>
      <shelf name="all-time-favorites" count="36"/>
      <shelf name="my-favorites" count="35"/>
      <shelf name="own-it" count="35"/>
      <shelf name="general" count="34"/>
      <shelf name="read-in-2011" count="33"/>
      <shelf name="picoult-jodi" count="33"/>
      <shelf name="5-stars" count="32"/>
      <shelf name="favorite-authors" count="30"/>
      <shelf name="read-in-2014" count="29"/>
      <shelf name="read-in-2013" count="29"/>
      <shelf name="read-in-2010" count="29"/>
      <shelf name="borrowed" count="29"/>
      <shelf name="ya" count="29"/>
      <shelf name="finished" count="29"/>
      <shelf name="high-school" count="28"/>
      <shelf name="stand-alone" count="27"/>
      <shelf name="own-to-read" count="27"/>
      <shelf name="literary-fiction" count="27"/>
      <shelf name="jodi" count="27"/>
      <shelf name="audio" count="27"/>
      <shelf name="suspense" count="27"/>
      <shelf name="tragedy" count="26"/>
      <shelf name="tear-jerker" count="26"/>
      <shelf name="womens-fiction" count="26"/>
      <shelf name="literature" count="26"/>
      <shelf name="bookclub" count="26"/>
      <shelf name="grief" count="25"/>
      <shelf name="made-me-cry" count="25"/>
      <shelf name="family-relationships" count="25"/>
      <shelf name="family-drama" count="25"/>
      <shelf name="books-i-have" count="25"/>
      <shelf name="audiobook" count="25"/>
      <shelf name="faves" count="25"/>
      <shelf name="favorite" count="25"/>
      <shelf name="e-books" count="24"/>
      <shelf name="audiobooks" count="24"/>
      <shelf name="home-library" count="23"/>
      <shelf name="chicklit" count="23"/>
      <shelf name="mental-illness" count="22"/>
      <shelf name="mental-health" count="22"/>
      <shelf name="jodi-piccoult" count="22"/>
      <shelf name="friendship" count="22"/>
      <shelf name="read-in-2016" count="21"/>
      <shelf name="my-bookshelf" count="21"/>
      <shelf name="e-book" count="21"/>
      <shelf name="nook" count="21"/>
      <shelf name="audio-book" count="21"/>
      <shelf name="women-s-fiction" count="21"/>
      <shelf name="purchased" count="21"/>
      <shelf name="realistic" count="21"/>
      <shelf name="chic-lit" count="21"/>
      <shelf name="did-not-finish" count="20"/>
      <shelf name="jodi-picoult-books" count="20"/>
      <shelf name="2006" count="20"/>
      <shelf name="read-in-2008" count="20"/>
  </popular_shelves>
  <book_links>
    <book_link>
  <id>8</id>
  <name>Libraries</name>
  <link>https://www.goodreads.com/book_link/follow/8</link>
</book_link>

  </book_links>
  <buy_links>
    <buy_link>
<id>1</id>
<name>Amazon</name>
<link>https://www.goodreads.com/book_link/follow/1</link>
</buy_link>
<buy_link>
<id>10</id>
<name>Audible</name>
<link>https://www.goodreads.com/book_link/follow/10</link>
</buy_link>
<buy_link>
<id>3</id>
<name>Barnes &amp; Noble</name>
<link>https://www.goodreads.com/book_link/follow/3</link>
</buy_link>
<buy_link>
<id>1027</id>
<name>Kobo</name>
<link>https://www.goodreads.com/book_link/follow/1027</link>
</buy_link>
<buy_link>
<id>2102</id>
<name>Apple iBooks</name>
<link>https://www.goodreads.com/book_link/follow/2102</link>
</buy_link>
<buy_link>
<id>8036</id>
<name>Google Play</name>
<link>https://www.goodreads.com/book_link/follow/8036</link>
</buy_link>
<buy_link>
<id>4</id>
<name>Abebooks</name>
<link>https://www.goodreads.com/book_link/follow/4</link>
</buy_link>
<buy_link>
<id>882</id>
<name>Book Depository</name>
<link>https://www.goodreads.com/book_link/follow/882</link>
</buy_link>
<buy_link>
<id>9</id>
<name>Indigo</name>
<link>https://www.goodreads.com/book_link/follow/9</link>
</buy_link>
<buy_link>
<id>2</id>
<name>Half.com</name>
<link>https://www.goodreads.com/book_link/follow/2</link>
</buy_link>
<buy_link>
<id>5</id>
<name>Alibris</name>
<link>https://www.goodreads.com/book_link/follow/5</link>
</buy_link>
<buy_link>
<id>107</id>
<name>Better World Books</name>
<link>https://www.goodreads.com/book_link/follow/107</link>
</buy_link>
<buy_link>
<id>7</id>
<name>IndieBound</name>
<link>https://www.goodreads.com/book_link/follow/7</link>
</buy_link>

  </buy_links>
  <series_works>
    
  </series_works>
  <similar_books>
          <book>
<id>1470232</id>
<title>Magic Hour</title>
<title_without_series>Magic Hour</title_without_series>
<link><![CDATA[https://www.goodreads.com/book/show/1470232.Magic_Hour]]></link>
<small_image_url><![CDATA[https://images.gr-assets.com/books/1320542057s/1470232.jpg]]></small_image_url>
<image_url><![CDATA[https://images.gr-assets.com/books/1320542057m/1470232.jpg]]></image_url>
<num_pages>451</num_pages>
<work>
<id>1461175</id>
</work>
<isbn>0345467531</isbn>
<isbn13>9780345467539</isbn13>
<average_rating>4.10</average_rating>
<ratings_count>31237</ratings_count>
<publication_year>2007</publication_year>
<publication_month>11</publication_month>
<publication_day>27</publication_day>
<authors>
<author>
<id>54493</id>
<name>Kristin Hannah</name>
<link><![CDATA[https://www.goodreads.com/author/show/54493.Kristin_Hannah]]></link>
</author>
</authors>
</book>

          <book>
<id>6532496</id>
<title>Not My Daughter</title>
<title_without_series>Not My Daughter</title_without_series>
<link><![CDATA[https://www.goodreads.com/book/show/6532496-not-my-daughter]]></link>
<small_image_url><![CDATA[https://s.gr-assets.com/assets/nophoto/book/50x75-a91bf249278a81aabab721ef782c4a74.png]]></small_image_url>
<image_url><![CDATA[https://s.gr-assets.com/assets/nophoto/book/111x148-bcc042a9c91a29c1d680899eff700a03.png]]></image_url>
<num_pages>352</num_pages>
<work>
<id>6724608</id>
</work>
<isbn>0385524986</isbn>
<isbn13>9780385524988</isbn13>
<average_rating>3.77</average_rating>
<ratings_count>17907</ratings_count>
<publication_year>2010</publication_year>
<publication_month>1</publication_month>
<publication_day>5</publication_day>
<authors>
<author>
<id>36492</id>
<name>Barbara Delinsky</name>
<link><![CDATA[https://www.goodreads.com/author/show/36492.Barbara_Delinsky]]></link>
</author>
</authors>
</book>

          <book>
<id>712313</id>
<title>Barefoot</title>
<title_without_series>Barefoot</title_without_series>
<link><![CDATA[https://www.goodreads.com/book/show/712313.Barefoot]]></link>
<small_image_url><![CDATA[https://images.gr-assets.com/books/1344271499s/712313.jpg]]></small_image_url>
<image_url><![CDATA[https://images.gr-assets.com/books/1344271499m/712313.jpg]]></image_url>
<num_pages></num_pages>
<work>
<id>698575</id>
</work>
<isbn>0316018589</isbn>
<isbn13>9780316018586</isbn13>
<average_rating>3.77</average_rating>
<ratings_count>42399</ratings_count>
<publication_year>2007</publication_year>
<publication_month>7</publication_month>
<publication_day>2</publication_day>
<authors>
<author>
<id>88301</id>
<name>Elin Hilderbrand</name>
<link><![CDATA[https://www.goodreads.com/author/show/88301.Elin_Hilderbrand]]></link>
</author>
</authors>
</book>

          <book>
<id>2485785</id>
<title><![CDATA[The Secret Life of CeeCee Wilkes]]></title>
<title_without_series><![CDATA[The Secret Life of CeeCee Wilkes]]></title_without_series>
<link><![CDATA[https://www.goodreads.com/book/show/2485785.The_Secret_Life_of_CeeCee_Wilkes]]></link>
<small_image_url><![CDATA[https://s.gr-assets.com/assets/nophoto/book/50x75-a91bf249278a81aabab721ef782c4a74.png]]></small_image_url>
<image_url><![CDATA[https://s.gr-assets.com/assets/nophoto/book/111x148-bcc042a9c91a29c1d680899eff700a03.png]]></image_url>
<num_pages>522</num_pages>
<work>
<id>1544939</id>
</work>
<isbn>0778325318</isbn>
<isbn13>9780778325314</isbn13>
<average_rating>4.09</average_rating>
<ratings_count>37604</ratings_count>
<publication_year>2008</publication_year>
<publication_month>1</publication_month>
<publication_day>1</publication_day>
<authors>
<author>
<id>93345</id>
<name>Diane Chamberlain</name>
<link><![CDATA[https://www.goodreads.com/author/show/93345.Diane_Chamberlain]]></link>
</author>
</authors>
</book>

          <book>
<id>332348</id>
<title>The Year of Fog</title>
<title_without_series>The Year of Fog</title_without_series>
<link><![CDATA[https://www.goodreads.com/book/show/332348.The_Year_of_Fog]]></link>
<small_image_url><![CDATA[https://images.gr-assets.com/books/1320513174s/332348.jpg]]></small_image_url>
<image_url><![CDATA[https://images.gr-assets.com/books/1320513174m/332348.jpg]]></image_url>
<num_pages>369</num_pages>
<work>
<id>1214929</id>
</work>
<isbn>0385340117</isbn>
<isbn13>9780385340113</isbn13>
<average_rating>3.46</average_rating>
<ratings_count>13261</ratings_count>
<publication_year>2007</publication_year>
<publication_month>3</publication_month>
<publication_day>27</publication_day>
<authors>
<author>
<id>84728</id>
<name>Michelle Richmond</name>
<link><![CDATA[https://www.goodreads.com/author/show/84728.Michelle_Richmond]]></link>
</author>
</authors>
</book>

          <book>
<id>227462</id>
<title>The Doctor&apos;s Wife</title>
<title_without_series>The Doctor&apos;s Wife</title_without_series>
<link><![CDATA[https://www.goodreads.com/book/show/227462.The_Doctor_s_Wife]]></link>
<small_image_url><![CDATA[https://s.gr-assets.com/assets/nophoto/book/50x75-a91bf249278a81aabab721ef782c4a74.png]]></small_image_url>
<image_url><![CDATA[https://s.gr-assets.com/assets/nophoto/book/111x148-bcc042a9c91a29c1d680899eff700a03.png]]></image_url>
<num_pages></num_pages>
<work>
<id>220325</id>
</work>
<isbn>0452286913</isbn>
<isbn13>9780452286917</isbn13>
<average_rating>3.50</average_rating>
<ratings_count>6980</ratings_count>
<publication_year></publication_year>
<publication_month></publication_month>
<publication_day></publication_day>
<authors>
<author>
<id>47980</id>
<name>Elizabeth Brundage</name>
<link><![CDATA[https://www.goodreads.com/author/show/47980.Elizabeth_Brundage]]></link>
</author>
</authors>
</book>

          <book>
<id>2564278</id>
<title>Goodnight, Beautiful</title>
<title_without_series>Goodnight, Beautiful</title_without_series>
<link><![CDATA[https://www.goodreads.com/book/show/2564278-goodnight-beautiful]]></link>
<small_image_url><![CDATA[https://images.gr-assets.com/books/1279481024s/2564278.jpg]]></small_image_url>
<image_url><![CDATA[https://images.gr-assets.com/books/1279481024m/2564278.jpg]]></image_url>
<num_pages>433</num_pages>
<work>
<id>2572781</id>
</work>
<isbn>0751539813</isbn>
<isbn13>9780751539813</isbn13>
<average_rating>4.01</average_rating>
<ratings_count>6597</ratings_count>
<publication_year>2008</publication_year>
<publication_month>2</publication_month>
<publication_day>4</publication_day>
<authors>
<author>
<id>38651</id>
<name>Dorothy Koomson</name>
<link><![CDATA[https://www.goodreads.com/author/show/38651.Dorothy_Koomson]]></link>
</author>
</authors>
</book>

          <book>
<id>7494</id>
<title>Suzanne&apos;s Diary for Nicholas</title>
<title_without_series>Suzanne&apos;s Diary for Nicholas</title_without_series>
<link><![CDATA[https://www.goodreads.com/book/show/7494.Suzanne_s_Diary_for_Nicholas]]></link>
<small_image_url><![CDATA[https://s.gr-assets.com/assets/nophoto/book/50x75-a91bf249278a81aabab721ef782c4a74.png]]></small_image_url>
<image_url><![CDATA[https://s.gr-assets.com/assets/nophoto/book/111x148-bcc042a9c91a29c1d680899eff700a03.png]]></image_url>
<num_pages>289</num_pages>
<work>
<id>141228</id>
</work>
<isbn>0446611085</isbn>
<isbn13>9780446611084</isbn13>
<average_rating>4.16</average_rating>
<ratings_count>124207</ratings_count>
<publication_year></publication_year>
<publication_month></publication_month>
<publication_day></publication_day>
<authors>
<author>
<id>3780</id>
<name>James Patterson</name>
<link><![CDATA[https://www.goodreads.com/author/show/3780.James_Patterson]]></link>
</author>
</authors>
</book>

          <book>
<id>14959</id>
<title>Strange Fits of Passion</title>
<title_without_series>Strange Fits of Passion</title_without_series>
<link><![CDATA[https://www.goodreads.com/book/show/14959.Strange_Fits_of_Passion]]></link>
<small_image_url><![CDATA[https://s.gr-assets.com/assets/nophoto/book/50x75-a91bf249278a81aabab721ef782c4a74.png]]></small_image_url>
<image_url><![CDATA[https://s.gr-assets.com/assets/nophoto/book/111x148-bcc042a9c91a29c1d680899eff700a03.png]]></image_url>
<num_pages></num_pages>
<work>
<id>1221243</id>
</work>
<isbn>0156031396</isbn>
<isbn13>9780156031394</isbn13>
<average_rating>3.74</average_rating>
<ratings_count>7492</ratings_count>
<publication_year></publication_year>
<publication_month></publication_month>
<publication_day></publication_day>
<authors>
<author>
<id>3530</id>
<name>Anita Shreve</name>
<link><![CDATA[https://www.goodreads.com/author/show/3530.Anita_Shreve]]></link>
</author>
</authors>
</book>

          <book>
<id>226858</id>
<title>What We Keep </title>
<title_without_series>What We Keep</title_without_series>
<link><![CDATA[https://www.goodreads.com/book/show/226858.What_We_Keep]]></link>
<small_image_url><![CDATA[https://s.gr-assets.com/assets/nophoto/book/50x75-a91bf249278a81aabab721ef782c4a74.png]]></small_image_url>
<image_url><![CDATA[https://s.gr-assets.com/assets/nophoto/book/111x148-bcc042a9c91a29c1d680899eff700a03.png]]></image_url>
<num_pages>304</num_pages>
<work>
<id>219740</id>
</work>
<isbn>0345423291</isbn>
<isbn13>9780345423290</isbn13>
<average_rating>3.91</average_rating>
<ratings_count>13324</ratings_count>
<publication_year>1999</publication_year>
<publication_month>5</publication_month>
<publication_day>25</publication_day>
<authors>
<author>
<id>3529</id>
<name>Elizabeth Berg</name>
<link><![CDATA[https://www.goodreads.com/author/show/3529.Elizabeth_Berg]]></link>
</author>
</authors>
</book>

          <book>
<id>398674</id>
<title>The Girl In Times Square</title>
<title_without_series>The Girl In Times Square</title_without_series>
<link><![CDATA[https://www.goodreads.com/book/show/398674.The_Girl_In_Times_Square]]></link>
<small_image_url><![CDATA[https://s.gr-assets.com/assets/nophoto/book/50x75-a91bf249278a81aabab721ef782c4a74.png]]></small_image_url>
<image_url><![CDATA[https://s.gr-assets.com/assets/nophoto/book/111x148-bcc042a9c91a29c1d680899eff700a03.png]]></image_url>
<num_pages>602</num_pages>
<work>
<id>80277</id>
</work>
<isbn>0007118929</isbn>
<isbn13>9780007118922</isbn13>
<average_rating>3.88</average_rating>
<ratings_count>5247</ratings_count>
<publication_year>2004</publication_year>
<publication_month>6</publication_month>
<publication_day>30</publication_day>
<authors>
<author>
<id>47499</id>
<name>Paullina Simons</name>
<link><![CDATA[https://www.goodreads.com/author/show/47499.Paullina_Simons]]></link>
</author>
</authors>
</book>

  </similar_books>
</book>

</GoodreadsResponse>