<?xml version="1.0" encoding="UTF-8"?>
<GoodreadsResponse>
  <Request>
    <authentication>true</authentication>
      <key><![CDATA[all_men_must_serve]]></key>
    <method><![CDATA[book_show]]></method>
  </Request>
  <book>
  <id>10931321</id>
  <title><![CDATA[Against All Enemies (Max Moore, #1)]]></title>
  <isbn><![CDATA[0399157301]]></isbn>
  <isbn13><![CDATA[9780399157301]]></isbn13>
  <asin><![CDATA[]]></asin>
  <kindle_asin><![CDATA[B005GET722]]></kindle_asin>
  <marketplace_id><![CDATA[A1F83G8C2ARO7P]]></marketplace_id>
  <country_code><![CDATA[GB]]></country_code>
  <image_url>https://s.gr-assets.com/assets/nophoto/book/111x148-bcc042a9c91a29c1d680899eff700a03.png</image_url>
  <small_image_url>https://s.gr-assets.com/assets/nophoto/book/50x75-a91bf249278a81aabab721ef782c4a74.png</small_image_url>
  <publication_year>2011</publication_year>
  <publication_month>6</publication_month>
  <publication_day>14</publication_day>
  <publisher>Putnam Adult</publisher>
  <language_code>eng</language_code>
  <is_ebook>false</is_ebook>
  <description><![CDATA[<b>The master of international intrigue and explosive action introduces a new hero for a new era of warfare . . . against a new kind of threat.</b><p>Get ready to meet ex-Navy SEAL Max Moore. </p><p>A terrorist bombing in Pakistan wipes out Max Moore’s entire CIA team. As the only survivor, the former Navy SEAL plunges deeper into the treacherous tribal lands to find the terrorist cell, but what he discovers there leads him to a much darker conspiracy in an unexpected part of the globe—the US/Mexico border.</p><p>Here a drug war rages between the Juarez and Sinaloa cartels. The landscape is strewn with bodies, innocents and drug dealers alike, but is there an even deadlier enemy lurking in background? Into this deadly brew, Moore leads a group of specially selected agents whose daring actions reveal shocking answers and uncover an unholy plan—a strike against the very heart of America.</p>]]></description>
  <work>
  <id type="integer">17029041</id>
  <books_count type="integer">49</books_count>
  <best_book_id type="integer">10931321</best_book_id>
  <reviews_count type="integer">14358</reviews_count>
  <ratings_sum type="integer">37434</ratings_sum>
  <ratings_count type="integer">9465</ratings_count>
  <text_reviews_count type="integer">515</text_reviews_count>
  <original_publication_year type="integer">2011</original_publication_year>
  <original_publication_month type="integer">6</original_publication_month>
  <original_publication_day type="integer">14</original_publication_day>
  <original_title>Against All Enemies</original_title>
  <original_language_id type="integer" nil="true"/>
  <media_type>book</media_type>
  <rating_dist>5:3140|4:3557|3:2123|2:492|1:153|total:9465</rating_dist>
  <desc_user_id type="integer">18844579</desc_user_id>
  <default_chaptering_book_id type="integer" nil="true"/>
  <default_description_language_code nil="true"/>
</work>
  <average_rating>3.95</average_rating>
  <num_pages><![CDATA[756]]></num_pages>
  <format><![CDATA[Hardcover]]></format>
  <edition_information><![CDATA[]]></edition_information>
  <ratings_count><![CDATA[8476]]></ratings_count>
  <text_reviews_count><![CDATA[456]]></text_reviews_count>
  <url><![CDATA[https://www.goodreads.com/book/show/10931321-against-all-enemies]]></url>
  <link><![CDATA[https://www.goodreads.com/book/show/10931321-against-all-enemies]]></link>
  <authors>
<author>
<id>3892</id>
<name>Tom Clancy</name>
<role></role>
<image_url nophoto='false'>
<![CDATA[https://images.gr-assets.com/authors/1407672935p5/3892.jpg]]>
</image_url>
<small_image_url nophoto='false'>
<![CDATA[https://images.gr-assets.com/authors/1407672935p2/3892.jpg]]>
</small_image_url>
<link><![CDATA[https://www.goodreads.com/author/show/3892.Tom_Clancy]]></link>
<average_rating>4.00</average_rating>
<ratings_count>1116604</ratings_count>
<text_reviews_count>17165</text_reviews_count>
</author>
<author>
<id>563405</id>
<name>Peter Telep</name>
<role></role>
<image_url nophoto='false'>
<![CDATA[https://images.gr-assets.com/authors/1467830650p5/563405.jpg]]>
</image_url>
<small_image_url nophoto='false'>
<![CDATA[https://images.gr-assets.com/authors/1467830650p2/563405.jpg]]>
</small_image_url>
<link><![CDATA[https://www.goodreads.com/author/show/563405.Peter_Telep]]></link>
<average_rating>3.97</average_rating>
<ratings_count>12405</ratings_count>
<text_reviews_count>680</text_reviews_count>
</author>
</authors>

    <reviews_widget>
      <![CDATA[
        <style>
  #goodreads-widget {
    font-family: georgia, serif;
    padding: 18px 0;
    width:565px;
  }
  #goodreads-widget h1 {
    font-weight:normal;
    font-size: 16px;
    border-bottom: 1px solid #BBB596;
    margin-bottom: 0;
  }
  #goodreads-widget a {
    text-decoration: none;
    color:#660;
  }
  iframe{
    background-color: #fff;
  }
  #goodreads-widget a:hover { text-decoration: underline; }
  #goodreads-widget a:active {
    color:#660;
  }
  #gr_footer {
    width: 100%;
    border-top: 1px solid #BBB596;
    text-align: right;
  }
  #goodreads-widget .gr_branding{
    color: #382110;
    font-size: 11px;
    text-decoration: none;
    font-family: "Helvetica Neue", Helvetica, Arial, sans-serif;
  }
</style>
<div id="goodreads-widget">
  <div id="gr_header"><h1><a rel="nofollow" href="https://www.goodreads.com/book/show/10931321-against-all-enemies">Against All Enemies Reviews</a></h1></div>
  <iframe id="the_iframe" src="https://www.goodreads.com/api/reviews_widget_iframe?did=DEVELOPER_ID&amp;format=html&amp;isbn=0399157301&amp;links=660&amp;min_rating=&amp;review_back=fff&amp;stars=000&amp;text=000" width="565" height="400" frameborder="0"></iframe>
  <div id="gr_footer">
    <a class="gr_branding" target="_blank" rel="nofollow" href="https://www.goodreads.com/book/show/10931321-against-all-enemies?utm_medium=api&amp;utm_source=reviews_widget">Reviews from Goodreads.com</a>
  </div>
</div>

      ]]>
    </reviews_widget>
  <popular_shelves>
      <shelf name="to-read" count="2975"/>
      <shelf name="currently-reading" count="253"/>
      <shelf name="fiction" count="141"/>
      <shelf name="tom-clancy" count="127"/>
      <shelf name="thriller" count="73"/>
      <shelf name="default" count="51"/>
      <shelf name="owned" count="42"/>
      <shelf name="clancy" count="41"/>
      <shelf name="action" count="27"/>
      <shelf name="thrillers" count="23"/>
      <shelf name="military" count="23"/>
      <shelf name="audible" count="17"/>
      <shelf name="kindle" count="16"/>
      <shelf name="adventure" count="16"/>
      <shelf name="military-fiction" count="14"/>
      <shelf name="espionage" count="13"/>
      <shelf name="mystery" count="12"/>
      <shelf name="military-thriller" count="11"/>
      <shelf name="library" count="11"/>
      <shelf name="wish-list" count="10"/>
      <shelf name="techno-thriller" count="10"/>
      <shelf name="clancy-tom" count="9"/>
      <shelf name="my-library" count="9"/>
      <shelf name="ebook" count="9"/>
      <shelf name="series" count="9"/>
      <shelf name="ebooks" count="9"/>
      <shelf name="fic" count="8"/>
      <shelf name="audiobooks" count="8"/>
      <shelf name="owned-books" count="8"/>
      <shelf name="counter-terrorism" count="7"/>
      <shelf name="have" count="7"/>
      <shelf name="suspense" count="7"/>
      <shelf name="mystery-thriller" count="7"/>
      <shelf name="unread" count="6"/>
      <shelf name="paperback" count="6"/>
      <shelf name="books-i-own" count="6"/>
      <shelf name="audio" count="6"/>
      <shelf name="spy" count="6"/>
      <shelf name="did-not-finish" count="5"/>
      <shelf name="books" count="5"/>
      <shelf name="suspense-thriller" count="5"/>
      <shelf name="action-adventure" count="5"/>
      <shelf name="e-books" count="5"/>
      <shelf name="audiobook" count="5"/>
      <shelf name="my-books" count="4"/>
      <shelf name="adult-fiction" count="4"/>
      <shelf name="hardcover" count="4"/>
      <shelf name="politics" count="4"/>
      <shelf name="to-buy" count="4"/>
      <shelf name="spy-thriller" count="4"/>
      <shelf name="audio-books" count="4"/>
      <shelf name="terrorism" count="4"/>
      <shelf name="read-in-2011" count="4"/>
      <shelf name="to-read-fiction" count="3"/>
      <shelf name="to-listen" count="3"/>
      <shelf name="unsorted" count="3"/>
      <shelf name="english" count="3"/>
      <shelf name="kobo" count="3"/>
      <shelf name="bookshelf" count="3"/>
      <shelf name="general-fiction" count="3"/>
      <shelf name="other" count="3"/>
      <shelf name="ibooks" count="3"/>
      <shelf name="novels" count="3"/>
      <shelf name="audio-book" count="3"/>
      <shelf name="maybe" count="3"/>
      <shelf name="i-own" count="3"/>
      <shelf name="novel" count="3"/>
      <shelf name="action-thriller" count="3"/>
      <shelf name="political-thriller" count="3"/>
      <shelf name="war" count="3"/>
      <shelf name="read-2011" count="3"/>
      <shelf name="crime" count="3"/>
      <shelf name="calibre" count="3"/>
      <shelf name="0-owned" count="2"/>
      <shelf name="tbr" count="2"/>
      <shelf name="gave-up-on" count="2"/>
      <shelf name="bram" count="2"/>
      <shelf name="scott" count="2"/>
      <shelf name="on-my-shelf" count="2"/>
      <shelf name="technothriller" count="2"/>
      <shelf name="all-books" count="2"/>
      <shelf name="want-to-read" count="2"/>
      <shelf name="new-additions" count="2"/>
      <shelf name="nook" count="2"/>
      <shelf name="fiction-novel" count="2"/>
      <shelf name="johns-books" count="2"/>
      <shelf name="epub" count="2"/>
      <shelf name="paper" count="2"/>
      <shelf name="want-to-buy" count="2"/>
      <shelf name="spycraft" count="2"/>
      <shelf name="political-thrillers" count="2"/>
      <shelf name="collection" count="2"/>
      <shelf name="i-have" count="2"/>
      <shelf name="library-book" count="2"/>
      <shelf name="own-not-read" count="2"/>
      <shelf name="author-tom-clancy" count="2"/>
      <shelf name="tom-clancy-max-moore" count="2"/>
      <shelf name="e-book" count="2"/>
      <shelf name="tom-clancy-jack-ryan" count="2"/>
      <shelf name="read-in-2013" count="2"/>
  </popular_shelves>
  <book_links>
    <book_link>
  <id>8</id>
  <name>Libraries</name>
  <link>https://www.goodreads.com/book_link/follow/8</link>
</book_link>

  </book_links>
  <buy_links>
    <buy_link>
<id>1</id>
<name>Amazon</name>
<link>https://www.goodreads.com/book_link/follow/1</link>
</buy_link>
<buy_link>
<id>10</id>
<name>Audible</name>
<link>https://www.goodreads.com/book_link/follow/10</link>
</buy_link>
<buy_link>
<id>3</id>
<name>Barnes &amp; Noble</name>
<link>https://www.goodreads.com/book_link/follow/3</link>
</buy_link>
<buy_link>
<id>1027</id>
<name>Kobo</name>
<link>https://www.goodreads.com/book_link/follow/1027</link>
</buy_link>
<buy_link>
<id>2102</id>
<name>Apple iBooks</name>
<link>https://www.goodreads.com/book_link/follow/2102</link>
</buy_link>
<buy_link>
<id>8036</id>
<name>Google Play</name>
<link>https://www.goodreads.com/book_link/follow/8036</link>
</buy_link>
<buy_link>
<id>4</id>
<name>Abebooks</name>
<link>https://www.goodreads.com/book_link/follow/4</link>
</buy_link>
<buy_link>
<id>882</id>
<name>Book Depository</name>
<link>https://www.goodreads.com/book_link/follow/882</link>
</buy_link>
<buy_link>
<id>9</id>
<name>Indigo</name>
<link>https://www.goodreads.com/book_link/follow/9</link>
</buy_link>
<buy_link>
<id>2</id>
<name>Half.com</name>
<link>https://www.goodreads.com/book_link/follow/2</link>
</buy_link>
<buy_link>
<id>5</id>
<name>Alibris</name>
<link>https://www.goodreads.com/book_link/follow/5</link>
</buy_link>
<buy_link>
<id>107</id>
<name>Better World Books</name>
<link>https://www.goodreads.com/book_link/follow/107</link>
</buy_link>
<buy_link>
<id>7</id>
<name>IndieBound</name>
<link>https://www.goodreads.com/book_link/follow/7</link>
</buy_link>

  </buy_links>
  <series_works>
    <series_work>
<id>374463</id>
<user_position>1</user_position>
<series>
<id>79336</id>
<title>
<![CDATA[
    Max Moore
]]>
</title>
<description>
<![CDATA[
]]>
</description>
<note>
<![CDATA[
]]>
</note>
<series_works_count>2</series_works_count>
<primary_work_count>2</primary_work_count>
<numbered>true</numbered>
</series>

</series_work>

  </series_works>
  <similar_books>
          <book>
<id>262924</id>
<title><![CDATA[Acts of War (Tom Clancy's Op-Center, #4)]]></title>
<title_without_series>Acts of War</title_without_series>
<link><![CDATA[https://www.goodreads.com/book/show/262924.Acts_of_War]]></link>
<small_image_url><![CDATA[https://s.gr-assets.com/assets/nophoto/book/50x75-a91bf249278a81aabab721ef782c4a74.png]]></small_image_url>
<image_url><![CDATA[https://s.gr-assets.com/assets/nophoto/book/111x148-bcc042a9c91a29c1d680899eff700a03.png]]></image_url>
<num_pages>0</num_pages>
<work>
<id>23765401</id>
</work>
<isbn>0679449779</isbn>
<isbn13>9780679449775</isbn13>
<average_rating>3.85</average_rating>
<ratings_count>6476</ratings_count>
<publication_year>1997</publication_year>
<publication_month>3</publication_month>
<publication_day>4</publication_day>
<authors>
<author>
<id>11762</id>
<name>Jeff Rovin</name>
<link><![CDATA[https://www.goodreads.com/author/show/11762.Jeff_Rovin]]></link>
</author>
</authors>
</book>

          <book>
<id>7800738</id>
<title><![CDATA[The Hunted (Tom Clancy's EndWar, #2)]]></title>
<title_without_series>The Hunted</title_without_series>
<link><![CDATA[https://www.goodreads.com/book/show/7800738-the-hunted]]></link>
<small_image_url><![CDATA[https://s.gr-assets.com/assets/nophoto/book/50x75-a91bf249278a81aabab721ef782c4a74.png]]></small_image_url>
<image_url><![CDATA[https://s.gr-assets.com/assets/nophoto/book/111x148-bcc042a9c91a29c1d680899eff700a03.png]]></image_url>
<num_pages>385</num_pages>
<work>
<id>10782347</id>
</work>
<isbn>0425237710</isbn>
<isbn13>9780425237717</isbn13>
<average_rating>3.95</average_rating>
<ratings_count>892</ratings_count>
<publication_year>2011</publication_year>
<publication_month>2</publication_month>
<publication_day>1</publication_day>
<authors>
<author>
<id>9833874</id>
<name>David  Michaels</name>
<link><![CDATA[https://www.goodreads.com/author/show/9833874.David_Michaels]]></link>
</author>
</authors>
</book>

          <book>
<id>19671</id>
<title><![CDATA[The Archimedes Effect (Tom Clancy's Net Force, #10)]]></title>
<title_without_series>The Archimedes Effect</title_without_series>
<link><![CDATA[https://www.goodreads.com/book/show/19671.The_Archimedes_Effect]]></link>
<small_image_url><![CDATA[https://images.gr-assets.com/books/1309287477s/19671.jpg]]></small_image_url>
<image_url><![CDATA[https://images.gr-assets.com/books/1309287477m/19671.jpg]]></image_url>
<num_pages>336</num_pages>
<work>
<id>17029010</id>
</work>
<isbn>0425204243</isbn>
<isbn13>9780425204245</isbn13>
<average_rating>3.94</average_rating>
<ratings_count>1100</ratings_count>
<publication_year>2006</publication_year>
<publication_month>2</publication_month>
<publication_day>7</publication_day>
<authors>
<author>
<id>6262</id>
<name>Steve Perry</name>
<link><![CDATA[https://www.goodreads.com/author/show/6262.Steve_Perry]]></link>
</author>
</authors>
</book>

          <book>
<id>19679</id>
<title><![CDATA[Wild Card (Tom Clancy's Power Plays, #8)]]></title>
<title_without_series>Wild Card</title_without_series>
<link><![CDATA[https://www.goodreads.com/book/show/19679.Wild_Card]]></link>
<small_image_url><![CDATA[https://s.gr-assets.com/assets/nophoto/book/50x75-a91bf249278a81aabab721ef782c4a74.png]]></small_image_url>
<image_url><![CDATA[https://s.gr-assets.com/assets/nophoto/book/111x148-bcc042a9c91a29c1d680899eff700a03.png]]></image_url>
<num_pages>352</num_pages>
<work>
<id>20896</id>
</work>
<isbn>0425199118</isbn>
<isbn13>9780425199114</isbn13>
<average_rating>3.85</average_rating>
<ratings_count>640</ratings_count>
<publication_year>2004</publication_year>
<publication_month>11</publication_month>
<publication_day>2</publication_day>
<authors>
<author>
<id>11758</id>
<name>Jerome Preisler</name>
<link><![CDATA[https://www.goodreads.com/author/show/11758.Jerome_Preisler]]></link>
</author>
</authors>
</book>

          <book>
<id>10610698</id>
<title><![CDATA[Combat Ops (Tom Clancy's Ghost Recon, #2)]]></title>
<title_without_series>Combat Ops</title_without_series>
<link><![CDATA[https://www.goodreads.com/book/show/10610698-combat-ops]]></link>
<small_image_url><![CDATA[https://images.gr-assets.com/books/1356090281s/10610698.jpg]]></small_image_url>
<image_url><![CDATA[https://images.gr-assets.com/books/1356090281m/10610698.jpg]]></image_url>
<num_pages>352</num_pages>
<work>
<id>15518743</id>
</work>
<isbn>1101477849</isbn>
<isbn13>9781101477847</isbn13>
<average_rating>4.15</average_rating>
<ratings_count>1553</ratings_count>
<publication_year>2011</publication_year>
<publication_month>3</publication_month>
<publication_day>29</publication_day>
<authors>
<author>
<id>9833874</id>
<name>David  Michaels</name>
<link><![CDATA[https://www.goodreads.com/author/show/9833874.David_Michaels]]></link>
</author>
</authors>
</book>

          <book>
<id>21863539</id>
<title><![CDATA[Support and Defend (Jack Ryan Universe, #17)]]></title>
<title_without_series>Support and Defend</title_without_series>
<link><![CDATA[https://www.goodreads.com/book/show/21863539-support-and-defend]]></link>
<small_image_url><![CDATA[https://images.gr-assets.com/books/1403206081s/21863539.jpg]]></small_image_url>
<image_url><![CDATA[https://images.gr-assets.com/books/1403206081m/21863539.jpg]]></image_url>
<num_pages>503</num_pages>
<work>
<id>41153018</id>
</work>
<isbn>039917334X</isbn>
<isbn13>9780399173349</isbn13>
<average_rating>4.11</average_rating>
<ratings_count>5458</ratings_count>
<publication_year>2014</publication_year>
<publication_month>7</publication_month>
<publication_day>22</publication_day>
<authors>
<author>
<id>2961590</id>
<name>Mark Greaney</name>
<link><![CDATA[https://www.goodreads.com/author/show/2961590.Mark_Greaney]]></link>
</author>
</authors>
</book>

  </similar_books>
</book>

</GoodreadsResponse>