<?xml version="1.0" encoding="UTF-8"?>
<GoodreadsResponse>
  <Request>
    <authentication>true</authentication>
      <key><![CDATA[all_men_must_serve]]></key>
    <method><![CDATA[book_show]]></method>
  </Request>
  <book>
  <id>109499</id>
  <title><![CDATA[Lies Women Believe: And the Truth that Sets Them Free]]></title>
  <isbn><![CDATA[0802472966]]></isbn>
  <isbn13><![CDATA[9780802472960]]></isbn13>
  <asin><![CDATA[]]></asin>
  <kindle_asin><![CDATA[B0038U0TIM]]></kindle_asin>
  <marketplace_id><![CDATA[A1F83G8C2ARO7P]]></marketplace_id>
  <country_code><![CDATA[GB]]></country_code>
  <image_url>https://images.gr-assets.com/books/1328823111m/109499.jpg</image_url>
  <small_image_url>https://images.gr-assets.com/books/1328823111s/109499.jpg</small_image_url>
  <publication_year>2001</publication_year>
  <publication_month>1</publication_month>
  <publication_day>1</publication_day>
  <publisher></publisher>
  <language_code>eng</language_code>
  <is_ebook>false</is_ebook>
  <description><![CDATA[<b>Counter the lies that keep you from abundant living.</b><br /><br />Satan is the master deceiver and his lies are endless. And the lies Christian women believe are at the root of most of their struggles. <br /><br />"Many women live under a cloud of personal guilt and condemnation," says Nancy Leigh DeMoss. "Many are in bondage to their past. Others are gripped by fear of rejection and a longing for approval. Still others are emotional prisoners."<br /><br />In best selling <i>Lies Women Believe</i>, Nancy exposes those areas of deception most commonly believed by Christian women—lies about God, sin, priorities, marriage and family, emotions, and more. She then sheds light on how we can be delivered from bondage and set free to walk in God's grace, forgiveness, and abundant life. Nancy offers the most effective weapon to ounter and overcome Satan's deceptions: God's truth!]]></description>
  <work>
  <id type="integer">105521</id>
  <books_count type="integer">15</books_count>
  <best_book_id type="integer">109499</best_book_id>
  <reviews_count type="integer">17200</reviews_count>
  <ratings_sum type="integer">40362</ratings_sum>
  <ratings_count type="integer">9841</ratings_count>
  <text_reviews_count type="integer">297</text_reviews_count>
  <original_publication_year type="integer">2000</original_publication_year>
  <original_publication_month type="integer" nil="true"/>
  <original_publication_day type="integer" nil="true"/>
  <original_title>Lies Women Believe: And the Truth that Sets Them Free</original_title>
  <original_language_id type="integer" nil="true"/>
  <media_type>book</media_type>
  <rating_dist>5:4439|4:2910|3:1767|2:501|1:224|total:9841</rating_dist>
  <desc_user_id type="integer">-51</desc_user_id>
  <default_chaptering_book_id type="integer" nil="true"/>
  <default_description_language_code nil="true"/>
</work>
  <average_rating>4.10</average_rating>
  <num_pages><![CDATA[284]]></num_pages>
  <format><![CDATA[]]></format>
  <edition_information><![CDATA[]]></edition_information>
  <ratings_count><![CDATA[9722]]></ratings_count>
  <text_reviews_count><![CDATA[282]]></text_reviews_count>
  <url><![CDATA[https://www.goodreads.com/book/show/109499.Lies_Women_Believe]]></url>
  <link><![CDATA[https://www.goodreads.com/book/show/109499.Lies_Women_Believe]]></link>
  <authors>
<author>
<id>63345</id>
<name>Nancy Leigh DeMoss</name>
<role></role>
<image_url nophoto='false'>
<![CDATA[https://images.gr-assets.com/authors/1489513101p5/63345.jpg]]>
</image_url>
<small_image_url nophoto='false'>
<![CDATA[https://images.gr-assets.com/authors/1489513101p2/63345.jpg]]>
</small_image_url>
<link><![CDATA[https://www.goodreads.com/author/show/63345.Nancy_Leigh_DeMoss]]></link>
<average_rating>4.16</average_rating>
<ratings_count>17959</ratings_count>
<text_reviews_count>999</text_reviews_count>
</author>
<author>
<id>6264</id>
<name>Elisabeth Elliot</name>
<role>Foreword</role>
<image_url nophoto='false'>
<![CDATA[https://images.gr-assets.com/authors/1200336337p5/6264.jpg]]>
</image_url>
<small_image_url nophoto='false'>
<![CDATA[https://images.gr-assets.com/authors/1200336337p2/6264.jpg]]>
</small_image_url>
<link><![CDATA[https://www.goodreads.com/author/show/6264.Elisabeth_Elliot]]></link>
<average_rating>4.26</average_rating>
<ratings_count>64976</ratings_count>
<text_reviews_count>2310</text_reviews_count>
</author>
</authors>

    <reviews_widget>
      <![CDATA[
        <style>
  #goodreads-widget {
    font-family: georgia, serif;
    padding: 18px 0;
    width:565px;
  }
  #goodreads-widget h1 {
    font-weight:normal;
    font-size: 16px;
    border-bottom: 1px solid #BBB596;
    margin-bottom: 0;
  }
  #goodreads-widget a {
    text-decoration: none;
    color:#660;
  }
  iframe{
    background-color: #fff;
  }
  #goodreads-widget a:hover { text-decoration: underline; }
  #goodreads-widget a:active {
    color:#660;
  }
  #gr_footer {
    width: 100%;
    border-top: 1px solid #BBB596;
    text-align: right;
  }
  #goodreads-widget .gr_branding{
    color: #382110;
    font-size: 11px;
    text-decoration: none;
    font-family: "Helvetica Neue", Helvetica, Arial, sans-serif;
  }
</style>
<div id="goodreads-widget">
  <div id="gr_header"><h1><a rel="nofollow" href="https://www.goodreads.com/book/show/109499.Lies_Women_Believe">Lies Women Believe Reviews</a></h1></div>
  <iframe id="the_iframe" src="https://www.goodreads.com/api/reviews_widget_iframe?did=DEVELOPER_ID&amp;format=html&amp;isbn=0802472966&amp;links=660&amp;min_rating=&amp;review_back=fff&amp;stars=000&amp;text=000" width="565" height="400" frameborder="0"></iframe>
  <div id="gr_footer">
    <a class="gr_branding" target="_blank" rel="nofollow" href="https://www.goodreads.com/book/show/109499.Lies_Women_Believe?utm_medium=api&amp;utm_source=reviews_widget">Reviews from Goodreads.com</a>
  </div>
</div>

      ]]>
    </reviews_widget>
  <popular_shelves>
      <shelf name="to-read" count="6468"/>
      <shelf name="currently-reading" count="393"/>
      <shelf name="christian" count="89"/>
      <shelf name="non-fiction" count="62"/>
      <shelf name="christian-living" count="44"/>
      <shelf name="nonfiction" count="31"/>
      <shelf name="christianity" count="28"/>
      <shelf name="favorites" count="24"/>
      <shelf name="women" count="24"/>
      <shelf name="self-help" count="22"/>
      <shelf name="faith" count="21"/>
      <shelf name="christian-non-fiction" count="21"/>
      <shelf name="religion" count="16"/>
      <shelf name="owned" count="12"/>
      <shelf name="bible-study" count="12"/>
      <shelf name="christian-nonfiction" count="11"/>
      <shelf name="default" count="10"/>
      <shelf name="christian-life" count="10"/>
      <shelf name="theology" count="10"/>
      <shelf name="books-i-own" count="10"/>
      <shelf name="womanhood" count="9"/>
      <shelf name="christian-books" count="9"/>
      <shelf name="marriage" count="9"/>
      <shelf name="spiritual" count="8"/>
      <shelf name="devotional" count="7"/>
      <shelf name="christian-women" count="7"/>
      <shelf name="religious" count="7"/>
      <shelf name="biblical-womanhood" count="6"/>
      <shelf name="wish-list" count="6"/>
      <shelf name="owned-books" count="6"/>
      <shelf name="for-women" count="6"/>
      <shelf name="i-own" count="5"/>
      <shelf name="bible-studies" count="5"/>
      <shelf name="self-improvement" count="5"/>
      <shelf name="personal-growth" count="5"/>
      <shelf name="christian-growth" count="5"/>
      <shelf name="relationships" count="5"/>
      <shelf name="my-library" count="4"/>
      <shelf name="spiritual-growth" count="4"/>
      <shelf name="paperback" count="4"/>
      <shelf name="my-books" count="4"/>
      <shelf name="personal-development" count="4"/>
      <shelf name="own-it" count="4"/>
      <shelf name="devotionals" count="4"/>
      <shelf name="personal-library" count="3"/>
      <shelf name="book-club" count="3"/>
      <shelf name="counseling" count="3"/>
      <shelf name="inspirational" count="3"/>
      <shelf name="christian-walk" count="3"/>
      <shelf name="reference" count="3"/>
      <shelf name="abandoned" count="3"/>
      <shelf name="womens-issues" count="3"/>
      <shelf name="christian-to-read" count="3"/>
      <shelf name="biblical-counseling" count="3"/>
      <shelf name="adult" count="3"/>
      <shelf name="marriage-and-family" count="2"/>
      <shelf name="jesus" count="2"/>
      <shelf name="books-on-my-shelf" count="2"/>
      <shelf name="non-fiction-to-read" count="2"/>
      <shelf name="motherhood" count="2"/>
      <shelf name="read-2015" count="2"/>
      <shelf name="discipleship" count="2"/>
      <shelf name="1-year-challenge" count="2"/>
      <shelf name="christian-theology" count="2"/>
      <shelf name="to-read-spiritual" count="2"/>
      <shelf name="read-in-2015" count="2"/>
      <shelf name="small-group" count="2"/>
      <shelf name="nonfiction-to-read" count="2"/>
      <shelf name="home-library" count="2"/>
      <shelf name="3" count="2"/>
      <shelf name="my-collection" count="2"/>
      <shelf name="mom" count="2"/>
      <shelf name="women-s-ministry" count="2"/>
      <shelf name="to-finish-reading" count="2"/>
      <shelf name="on-my-shelf" count="2"/>
      <shelf name="borrowed" count="2"/>
      <shelf name="christian-inspiration" count="2"/>
      <shelf name="growth" count="2"/>
      <shelf name="own-to-read" count="2"/>
      <shelf name="spirituality" count="2"/>
      <shelf name="christianity-religion" count="2"/>
      <shelf name="audible" count="2"/>
      <shelf name="home" count="2"/>
      <shelf name="spiritual-formation" count="2"/>
      <shelf name="books" count="2"/>
      <shelf name="2012-reads" count="2"/>
      <shelf name="inspiration" count="2"/>
      <shelf name="read-in-2012" count="2"/>
      <shelf name="to-read-christian" count="2"/>
      <shelf name="living" count="2"/>
      <shelf name="kindle" count="2"/>
      <shelf name="unread" count="2"/>
      <shelf name="2012-book-list" count="2"/>
      <shelf name="bible-theology" count="2"/>
      <shelf name="i-own-it" count="2"/>
      <shelf name="sanctification" count="2"/>
      <shelf name="devotionals-theology" count="2"/>
      <shelf name="psychology" count="2"/>
      <shelf name="feminism" count="2"/>
      <shelf name="submission" count="2"/>
  </popular_shelves>
  <book_links>
    <book_link>
  <id>8</id>
  <name>Libraries</name>
  <link>https://www.goodreads.com/book_link/follow/8</link>
</book_link>

  </book_links>
  <buy_links>
    <buy_link>
<id>1</id>
<name>Amazon</name>
<link>https://www.goodreads.com/book_link/follow/1</link>
</buy_link>
<buy_link>
<id>10</id>
<name>Audible</name>
<link>https://www.goodreads.com/book_link/follow/10</link>
</buy_link>
<buy_link>
<id>3</id>
<name>Barnes &amp; Noble</name>
<link>https://www.goodreads.com/book_link/follow/3</link>
</buy_link>
<buy_link>
<id>1027</id>
<name>Kobo</name>
<link>https://www.goodreads.com/book_link/follow/1027</link>
</buy_link>
<buy_link>
<id>2102</id>
<name>Apple iBooks</name>
<link>https://www.goodreads.com/book_link/follow/2102</link>
</buy_link>
<buy_link>
<id>8036</id>
<name>Google Play</name>
<link>https://www.goodreads.com/book_link/follow/8036</link>
</buy_link>
<buy_link>
<id>4</id>
<name>Abebooks</name>
<link>https://www.goodreads.com/book_link/follow/4</link>
</buy_link>
<buy_link>
<id>882</id>
<name>Book Depository</name>
<link>https://www.goodreads.com/book_link/follow/882</link>
</buy_link>
<buy_link>
<id>9</id>
<name>Indigo</name>
<link>https://www.goodreads.com/book_link/follow/9</link>
</buy_link>
<buy_link>
<id>2</id>
<name>Half.com</name>
<link>https://www.goodreads.com/book_link/follow/2</link>
</buy_link>
<buy_link>
<id>5</id>
<name>Alibris</name>
<link>https://www.goodreads.com/book_link/follow/5</link>
</buy_link>
<buy_link>
<id>107</id>
<name>Better World Books</name>
<link>https://www.goodreads.com/book_link/follow/107</link>
</buy_link>
<buy_link>
<id>7</id>
<name>IndieBound</name>
<link>https://www.goodreads.com/book_link/follow/7</link>
</buy_link>

  </buy_links>
  <series_works>
    
  </series_works>
  <similar_books>
          <book>
<id>7845338</id>
<title><![CDATA[Girls Gone Wise in a World Gone Wild]]></title>
<title_without_series><![CDATA[Girls Gone Wise in a World Gone Wild]]></title_without_series>
<link><![CDATA[https://www.goodreads.com/book/show/7845338-girls-gone-wise-in-a-world-gone-wild]]></link>
<small_image_url><![CDATA[https://images.gr-assets.com/books/1328823006s/7845338.jpg]]></small_image_url>
<image_url><![CDATA[https://images.gr-assets.com/books/1328823006m/7845338.jpg]]></image_url>
<num_pages>264</num_pages>
<work>
<id>10950516</id>
</work>
<isbn>0802451543</isbn>
<isbn13>9780802451545</isbn13>
<average_rating>4.14</average_rating>
<ratings_count>619</ratings_count>
<publication_year>2010</publication_year>
<publication_month>4</publication_month>
<publication_day>1</publication_day>
<authors>
<author>
<id>74279</id>
<name>Mary A. Kassian</name>
<link><![CDATA[https://www.goodreads.com/author/show/74279.Mary_A_Kassian]]></link>
</author>
</authors>
</book>

          <book>
<id>83219</id>
<title><![CDATA[The Excellent Wife: A Biblical Perspective]]></title>
<title_without_series><![CDATA[The Excellent Wife: A Biblical Perspective]]></title_without_series>
<link><![CDATA[https://www.goodreads.com/book/show/83219.The_Excellent_Wife]]></link>
<small_image_url><![CDATA[https://s.gr-assets.com/assets/nophoto/book/50x75-a91bf249278a81aabab721ef782c4a74.png]]></small_image_url>
<image_url><![CDATA[https://s.gr-assets.com/assets/nophoto/book/111x148-bcc042a9c91a29c1d680899eff700a03.png]]></image_url>
<num_pages>256</num_pages>
<work>
<id>80351</id>
</work>
<isbn>1885904088</isbn>
<isbn13>9781885904089</isbn13>
<average_rating>4.06</average_rating>
<ratings_count>4350</ratings_count>
<publication_year>1997</publication_year>
<publication_month>8</publication_month>
<publication_day>1</publication_day>
<authors>
<author>
<id>47554</id>
<name>Martha Peace</name>
<link><![CDATA[https://www.goodreads.com/author/show/47554.Martha_Peace]]></link>
</author>
</authors>
</book>

          <book>
<id>56396</id>
<title>Let Me be a Woman</title>
<title_without_series>Let Me be a Woman</title_without_series>
<link><![CDATA[https://www.goodreads.com/book/show/56396.Let_Me_be_a_Woman]]></link>
<small_image_url><![CDATA[https://images.gr-assets.com/books/1464899212s/56396.jpg]]></small_image_url>
<image_url><![CDATA[https://images.gr-assets.com/books/1464899212m/56396.jpg]]></image_url>
<num_pages></num_pages>
<work>
<id>121519</id>
</work>
<isbn>0842321624</isbn>
<isbn13>9780842321624</isbn13>
<average_rating>4.27</average_rating>
<ratings_count>4067</ratings_count>
<publication_year></publication_year>
<publication_month></publication_month>
<publication_day></publication_day>
<authors>
<author>
<id>6264</id>
<name>Elisabeth Elliot</name>
<link><![CDATA[https://www.goodreads.com/author/show/6264.Elisabeth_Elliot]]></link>
</author>
</authors>
</book>

          <book>
<id>145646</id>
<title><![CDATA[Feminine Appeal: Seven Virtues of a Godly Wife and Mother]]></title>
<title_without_series><![CDATA[Feminine Appeal: Seven Virtues of a Godly Wife and Mother]]></title_without_series>
<link><![CDATA[https://www.goodreads.com/book/show/145646.Feminine_Appeal]]></link>
<small_image_url><![CDATA[https://images.gr-assets.com/books/1369819099s/145646.jpg]]></small_image_url>
<image_url><![CDATA[https://images.gr-assets.com/books/1369819099m/145646.jpg]]></image_url>
<num_pages>192</num_pages>
<work>
<id>140544</id>
</work>
<isbn>1581346158</isbn>
<isbn13>9781581346152</isbn13>
<average_rating>4.16</average_rating>
<ratings_count>2147</ratings_count>
<publication_year>2004</publication_year>
<publication_month>6</publication_month>
<publication_day>14</publication_day>
<authors>
<author>
<id>84253</id>
<name>Carolyn Mahaney</name>
<link><![CDATA[https://www.goodreads.com/author/show/84253.Carolyn_Mahaney]]></link>
</author>
</authors>
</book>

          <book>
<id>216304</id>
<title>A Woman After God&apos;s Own Heart</title>
<title_without_series>A Woman After God&apos;s Own Heart</title_without_series>
<link><![CDATA[https://www.goodreads.com/book/show/216304.A_Woman_After_God_s_Own_Heart]]></link>
<small_image_url><![CDATA[https://s.gr-assets.com/assets/nophoto/book/50x75-a91bf249278a81aabab721ef782c4a74.png]]></small_image_url>
<image_url><![CDATA[https://s.gr-assets.com/assets/nophoto/book/111x148-bcc042a9c91a29c1d680899eff700a03.png]]></image_url>
<num_pages>303</num_pages>
<work>
<id>830280</id>
</work>
<isbn>0736918833</isbn>
<isbn13>9780736918831</isbn13>
<average_rating>4.29</average_rating>
<ratings_count>16498</ratings_count>
<publication_year>2006</publication_year>
<publication_month>7</publication_month>
<publication_day>1</publication_day>
<authors>
<author>
<id>17560</id>
<name>Elizabeth George</name>
<link><![CDATA[https://www.goodreads.com/author/show/17560.Elizabeth_George]]></link>
</author>
</authors>
</book>

          <book>
<id>2894841</id>
<title><![CDATA[Set-Apart Femininity: God's Sacred Intent for Every Young Woman]]></title>
<title_without_series><![CDATA[Set-Apart Femininity: God's Sacred Intent for Every Young Woman]]></title_without_series>
<link><![CDATA[https://www.goodreads.com/book/show/2894841-set-apart-femininity]]></link>
<small_image_url><![CDATA[https://s.gr-assets.com/assets/nophoto/book/50x75-a91bf249278a81aabab721ef782c4a74.png]]></small_image_url>
<image_url><![CDATA[https://s.gr-assets.com/assets/nophoto/book/111x148-bcc042a9c91a29c1d680899eff700a03.png]]></image_url>
<num_pages>240</num_pages>
<work>
<id>2921167</id>
</work>
<isbn>0736922865</isbn>
<isbn13>9780736922869</isbn13>
<average_rating>4.13</average_rating>
<ratings_count>1209</ratings_count>
<publication_year>2008</publication_year>
<publication_month>8</publication_month>
<publication_day>1</publication_day>
<authors>
<author>
<id>41896</id>
<name>Leslie Ludy</name>
<link><![CDATA[https://www.goodreads.com/author/show/41896.Leslie_Ludy]]></link>
</author>
</authors>
</book>

          <book>
<id>2040229</id>
<title><![CDATA[Passionate Housewives Desperate for God: Fresh Vision for the Hopeful Homemaker]]></title>
<title_without_series><![CDATA[Passionate Housewives Desperate for God: Fresh Vision for the Hopeful Homemaker]]></title_without_series>
<link><![CDATA[https://www.goodreads.com/book/show/2040229.Passionate_Housewives_Desperate_for_God]]></link>
<small_image_url><![CDATA[https://s.gr-assets.com/assets/nophoto/book/50x75-a91bf249278a81aabab721ef782c4a74.png]]></small_image_url>
<image_url><![CDATA[https://s.gr-assets.com/assets/nophoto/book/111x148-bcc042a9c91a29c1d680899eff700a03.png]]></image_url>
<num_pages></num_pages>
<work>
<id>2045112</id>
</work>
<isbn>1934554154</isbn>
<isbn13>9781934554159</isbn13>
<average_rating>4.00</average_rating>
<ratings_count>630</ratings_count>
<publication_year></publication_year>
<publication_month></publication_month>
<publication_day></publication_day>
<authors>
<author>
<id>1091711</id>
<name>Jennie Chancey</name>
<link><![CDATA[https://www.goodreads.com/author/show/1091711.Jennie_Chancey]]></link>
</author>
</authors>
</book>

          <book>
<id>42633</id>
<title><![CDATA[Having a Mary Spirit: Allowing God to Change Us from the Inside Out]]></title>
<title_without_series><![CDATA[Having a Mary Spirit: Allowing God to Change Us from the Inside Out]]></title_without_series>
<link><![CDATA[https://www.goodreads.com/book/show/42633.Having_a_Mary_Spirit]]></link>
<small_image_url><![CDATA[https://images.gr-assets.com/books/1406509730s/42633.jpg]]></small_image_url>
<image_url><![CDATA[https://images.gr-assets.com/books/1406509730m/42633.jpg]]></image_url>
<num_pages>278</num_pages>
<work>
<id>185991</id>
</work>
<isbn>1400072476</isbn>
<isbn13>9781400072477</isbn13>
<average_rating>4.26</average_rating>
<ratings_count>1966</ratings_count>
<publication_year></publication_year>
<publication_month></publication_month>
<publication_day></publication_day>
<authors>
<author>
<id>23987</id>
<name>Joanna Weaver</name>
<link><![CDATA[https://www.goodreads.com/author/show/23987.Joanna_Weaver]]></link>
</author>
</authors>
</book>

          <book>
<id>76405</id>
<title>Calm My Anxious Heart</title>
<title_without_series>Calm My Anxious Heart</title_without_series>
<link><![CDATA[https://www.goodreads.com/book/show/76405.Calm_My_Anxious_Heart]]></link>
<small_image_url><![CDATA[https://s.gr-assets.com/assets/nophoto/book/50x75-a91bf249278a81aabab721ef782c4a74.png]]></small_image_url>
<image_url><![CDATA[https://s.gr-assets.com/assets/nophoto/book/111x148-bcc042a9c91a29c1d680899eff700a03.png]]></image_url>
<num_pages>239</num_pages>
<work>
<id>2641006</id>
</work>
<isbn>1576830470</isbn>
<isbn13>9781576830475</isbn13>
<average_rating>4.29</average_rating>
<ratings_count>3334</ratings_count>
<publication_year>2002</publication_year>
<publication_month>10</publication_month>
<publication_day>21</publication_day>
<authors>
<author>
<id>10571</id>
<name>Linda Dillow</name>
<link><![CDATA[https://www.goodreads.com/author/show/10571.Linda_Dillow]]></link>
</author>
</authors>
</book>

          <book>
<id>3252352</id>
<title><![CDATA[Because He Loves Me: How Christ Transforms Our Daily Life]]></title>
<title_without_series><![CDATA[Because He Loves Me: How Christ Transforms Our Daily Life]]></title_without_series>
<link><![CDATA[https://www.goodreads.com/book/show/3252352-because-he-loves-me]]></link>
<small_image_url><![CDATA[https://images.gr-assets.com/books/1369820583s/3252352.jpg]]></small_image_url>
<image_url><![CDATA[https://images.gr-assets.com/books/1369820583m/3252352.jpg]]></image_url>
<num_pages></num_pages>
<work>
<id>3287505</id>
</work>
<isbn>158134905X</isbn>
<isbn13>9781581349054</isbn13>
<average_rating>4.37</average_rating>
<ratings_count>1455</ratings_count>
<publication_year></publication_year>
<publication_month></publication_month>
<publication_day></publication_day>
<authors>
<author>
<id>51983</id>
<name>Elyse M. Fitzpatrick</name>
<link><![CDATA[https://www.goodreads.com/author/show/51983.Elyse_M_Fitzpatrick]]></link>
</author>
</authors>
</book>

          <book>
<id>29023</id>
<title><![CDATA[Twelve Extraordinary Women: How God Shaped Women of the Bible, and What He Wants to Do with You]]></title>
<title_without_series><![CDATA[Twelve Extraordinary Women: How God Shaped Women of the Bible, and What He Wants to Do with You]]></title_without_series>
<link><![CDATA[https://www.goodreads.com/book/show/29023.Twelve_Extraordinary_Women]]></link>
<small_image_url><![CDATA[https://s.gr-assets.com/assets/nophoto/book/50x75-a91bf249278a81aabab721ef782c4a74.png]]></small_image_url>
<image_url><![CDATA[https://s.gr-assets.com/assets/nophoto/book/111x148-bcc042a9c91a29c1d680899eff700a03.png]]></image_url>
<num_pages>206</num_pages>
<work>
<id>29496</id>
</work>
<isbn>0785262563</isbn>
<isbn13>9780785262565</isbn13>
<average_rating>4.16</average_rating>
<ratings_count>2936</ratings_count>
<publication_year>2005</publication_year>
<publication_month>11</publication_month>
<publication_day>1</publication_day>
<authors>
<author>
<id>1058367</id>
<name>John F. MacArthur Jr.</name>
<link><![CDATA[https://www.goodreads.com/author/show/1058367.John_F_MacArthur_Jr_]]></link>
</author>
</authors>
</book>

          <book>
<id>26661</id>
<title><![CDATA[Praying God's Word: Breaking Free From Spiritual Strongholds]]></title>
<title_without_series><![CDATA[Praying God's Word: Breaking Free From Spiritual Strongholds]]></title_without_series>
<link><![CDATA[https://www.goodreads.com/book/show/26661.Praying_God_s_Word]]></link>
<small_image_url><![CDATA[https://images.gr-assets.com/books/1266101982s/26661.jpg]]></small_image_url>
<image_url><![CDATA[https://images.gr-assets.com/books/1266101982m/26661.jpg]]></image_url>
<num_pages>352</num_pages>
<work>
<id>27340</id>
</work>
<isbn>0805423516</isbn>
<isbn13>9780805423518</isbn13>
<average_rating>4.45</average_rating>
<ratings_count>10394</ratings_count>
<publication_year>2000</publication_year>
<publication_month>4</publication_month>
<publication_day>1</publication_day>
<authors>
<author>
<id>10418</id>
<name>Beth Moore</name>
<link><![CDATA[https://www.goodreads.com/author/show/10418.Beth_Moore]]></link>
</author>
</authors>
</book>

          <book>
<id>535785</id>
<title>Shepherding a Child&apos;s Heart</title>
<title_without_series>Shepherding a Child&apos;s Heart</title_without_series>
<link><![CDATA[https://www.goodreads.com/book/show/535785.Shepherding_a_Child_s_Heart]]></link>
<small_image_url><![CDATA[https://s.gr-assets.com/assets/nophoto/book/50x75-a91bf249278a81aabab721ef782c4a74.png]]></small_image_url>
<image_url><![CDATA[https://s.gr-assets.com/assets/nophoto/book/111x148-bcc042a9c91a29c1d680899eff700a03.png]]></image_url>
<num_pages>212</num_pages>
<work>
<id>275633</id>
</work>
<isbn>0966378601</isbn>
<isbn13>9780966378603</isbn13>
<average_rating>4.22</average_rating>
<ratings_count>8132</ratings_count>
<publication_year>2005</publication_year>
<publication_month>9</publication_month>
<publication_day>28</publication_day>
<authors>
<author>
<id>26973</id>
<name>Tedd Tripp</name>
<link><![CDATA[https://www.goodreads.com/author/show/26973.Tedd_Tripp]]></link>
</author>
</authors>
</book>

          <book>
<id>5207766</id>
<title><![CDATA[Radical Womanhood: Feminine Faith in a Feminist World]]></title>
<title_without_series><![CDATA[Radical Womanhood: Feminine Faith in a Feminist World]]></title_without_series>
<link><![CDATA[https://www.goodreads.com/book/show/5207766-radical-womanhood]]></link>
<small_image_url><![CDATA[https://images.gr-assets.com/books/1328823003s/5207766.jpg]]></small_image_url>
<image_url><![CDATA[https://images.gr-assets.com/books/1328823003m/5207766.jpg]]></image_url>
<num_pages></num_pages>
<work>
<id>5274933</id>
</work>
<isbn>0802450849</isbn>
<isbn13>9780802450845</isbn13>
<average_rating>4.02</average_rating>
<ratings_count>354</ratings_count>
<publication_year></publication_year>
<publication_month></publication_month>
<publication_day></publication_day>
<authors>
<author>
<id>97186</id>
<name>Carolyn McCulley</name>
<link><![CDATA[https://www.goodreads.com/author/show/97186.Carolyn_McCulley]]></link>
</author>
</authors>
</book>

          <book>
<id>27571</id>
<title><![CDATA[Every Woman's Battle: Discovering God's Plan for Sexual and Emotional Fulfillment]]></title>
<title_without_series><![CDATA[Every Woman's Battle: Discovering God's Plan for Sexual and Emotional Fulfillment]]></title_without_series>
<link><![CDATA[https://www.goodreads.com/book/show/27571.Every_Woman_s_Battle]]></link>
<small_image_url><![CDATA[https://s.gr-assets.com/assets/nophoto/book/50x75-a91bf249278a81aabab721ef782c4a74.png]]></small_image_url>
<image_url><![CDATA[https://s.gr-assets.com/assets/nophoto/book/111x148-bcc042a9c91a29c1d680899eff700a03.png]]></image_url>
<num_pages></num_pages>
<work>
<id>28185</id>
</work>
<isbn>1578566851</isbn>
<isbn13>9781578566853</isbn13>
<average_rating>4.12</average_rating>
<ratings_count>1796</ratings_count>
<publication_year></publication_year>
<publication_month></publication_month>
<publication_day></publication_day>
<authors>
<author>
<id>15493</id>
<name>Shannon Ethridge</name>
<link><![CDATA[https://www.goodreads.com/author/show/15493.Shannon_Ethridge]]></link>
</author>
</authors>
</book>

  </similar_books>
</book>

</GoodreadsResponse>