<?xml version="1.0" encoding="UTF-8"?>
<GoodreadsResponse>
  <Request>
    <authentication>true</authentication>
      <key><![CDATA[all_men_must_serve]]></key>
    <method><![CDATA[book_show]]></method>
  </Request>
  <book>
  <id>109520</id>
  <title>I Am Not Myself These Days</title>
  <isbn><![CDATA[0060817321]]></isbn>
  <isbn13><![CDATA[9780060817329]]></isbn13>
  <asin><![CDATA[]]></asin>
  <kindle_asin><![CDATA[B0069SQ08I]]></kindle_asin>
  <marketplace_id><![CDATA[A1F83G8C2ARO7P]]></marketplace_id>
  <country_code><![CDATA[GB]]></country_code>
  <image_url>https://s.gr-assets.com/assets/nophoto/book/111x148-bcc042a9c91a29c1d680899eff700a03.png</image_url>
  <small_image_url>https://s.gr-assets.com/assets/nophoto/book/50x75-a91bf249278a81aabab721ef782c4a74.png</small_image_url>
  <publication_year>2006</publication_year>
  <publication_month>2</publication_month>
  <publication_day>7</publication_day>
  <publisher>Harper Perennial</publisher>
  <language_code>eng</language_code>
  <is_ebook>false</is_ebook>
  <description><![CDATA[The <i>New York Times</i> bestselling, darkly funny memoir of a young New Yorker's daring dual life—advertising art director by day, glitter-dripping drag queen and nightclub beauty-pageant hopeful by night—was a smash literary debut for Josh Kilmer-Purcell, now known for his popular Planet Green television series <i>The Fabulous Beekman Boys</i>. His story begins here—before the homemade goat milk soaps and hand-gathered honeys, before his memoir of the city mouse’s move to the country, <i>The Bucolic Plague</i>—in <i>I Am Not Myself These Days</i>,  with “plenty of dishy anecdotes and moments of tragi-camp delight” (<em>WashingtonPost</em>).]]></description>
  <work>
  <id type="integer">1631</id>
  <books_count type="integer">24</books_count>
  <best_book_id type="integer">109520</best_book_id>
  <reviews_count type="integer">26470</reviews_count>
  <ratings_sum type="integer">42208</ratings_sum>
  <ratings_count type="integer">10666</ratings_count>
  <text_reviews_count type="integer">860</text_reviews_count>
  <original_publication_year type="integer">2006</original_publication_year>
  <original_publication_month type="integer" nil="true"/>
  <original_publication_day type="integer" nil="true"/>
  <original_title>I Am Not Myself These Days</original_title>
  <original_language_id type="integer" nil="true"/>
  <media_type>book</media_type>
  <rating_dist>5:3637|4:3875|3:2394|2:581|1:179|total:10666</rating_dist>
  <desc_user_id type="integer">14436845</desc_user_id>
  <default_chaptering_book_id type="integer" nil="true"/>
  <default_description_language_code nil="true"/>
</work>
  <average_rating>3.96</average_rating>
  <num_pages><![CDATA[305]]></num_pages>
  <format><![CDATA[Paperback]]></format>
  <edition_information><![CDATA[]]></edition_information>
  <ratings_count><![CDATA[9967]]></ratings_count>
  <text_reviews_count><![CDATA[789]]></text_reviews_count>
  <url><![CDATA[https://www.goodreads.com/book/show/109520.I_Am_Not_Myself_These_Days]]></url>
  <link><![CDATA[https://www.goodreads.com/book/show/109520.I_Am_Not_Myself_These_Days]]></link>
  <authors>
<author>
<id>63356</id>
<name>Josh Kilmer-Purcell</name>
<role></role>
<image_url nophoto='false'>
<![CDATA[https://images.gr-assets.com/authors/1232849099p5/63356.jpg]]>
</image_url>
<small_image_url nophoto='false'>
<![CDATA[https://images.gr-assets.com/authors/1232849099p2/63356.jpg]]>
</small_image_url>
<link><![CDATA[https://www.goodreads.com/author/show/63356.Josh_Kilmer_Purcell]]></link>
<average_rating>3.97</average_rating>
<ratings_count>17028</ratings_count>
<text_reviews_count>1822</text_reviews_count>
</author>
</authors>

    <reviews_widget>
      <![CDATA[
        <style>
  #goodreads-widget {
    font-family: georgia, serif;
    padding: 18px 0;
    width:565px;
  }
  #goodreads-widget h1 {
    font-weight:normal;
    font-size: 16px;
    border-bottom: 1px solid #BBB596;
    margin-bottom: 0;
  }
  #goodreads-widget a {
    text-decoration: none;
    color:#660;
  }
  iframe{
    background-color: #fff;
  }
  #goodreads-widget a:hover { text-decoration: underline; }
  #goodreads-widget a:active {
    color:#660;
  }
  #gr_footer {
    width: 100%;
    border-top: 1px solid #BBB596;
    text-align: right;
  }
  #goodreads-widget .gr_branding{
    color: #382110;
    font-size: 11px;
    text-decoration: none;
    font-family: "Helvetica Neue", Helvetica, Arial, sans-serif;
  }
</style>
<div id="goodreads-widget">
  <div id="gr_header"><h1><a rel="nofollow" href="https://www.goodreads.com/book/show/109520.I_Am_Not_Myself_These_Days">I Am Not Myself These Days Reviews</a></h1></div>
  <iframe id="the_iframe" src="https://www.goodreads.com/api/reviews_widget_iframe?did=DEVELOPER_ID&amp;format=html&amp;isbn=0060817321&amp;links=660&amp;min_rating=&amp;review_back=fff&amp;stars=000&amp;text=000" width="565" height="400" frameborder="0"></iframe>
  <div id="gr_footer">
    <a class="gr_branding" target="_blank" rel="nofollow" href="https://www.goodreads.com/book/show/109520.I_Am_Not_Myself_These_Days?utm_medium=api&amp;utm_source=reviews_widget">Reviews from Goodreads.com</a>
  </div>
</div>

      ]]>
    </reviews_widget>
  <popular_shelves>
      <shelf name="to-read" count="14714"/>
      <shelf name="memoir" count="227"/>
      <shelf name="currently-reading" count="157"/>
      <shelf name="non-fiction" count="153"/>
      <shelf name="memoirs" count="114"/>
      <shelf name="favorites" count="104"/>
      <shelf name="nonfiction" count="81"/>
      <shelf name="lgbt" count="74"/>
      <shelf name="biography" count="51"/>
      <shelf name="humor" count="50"/>
      <shelf name="queer" count="33"/>
      <shelf name="lgbtq" count="31"/>
      <shelf name="glbt" count="29"/>
      <shelf name="books-i-own" count="29"/>
      <shelf name="fiction" count="29"/>
      <shelf name="owned" count="26"/>
      <shelf name="kindle" count="25"/>
      <shelf name="book-club" count="23"/>
      <shelf name="autobiography" count="19"/>
      <shelf name="gay" count="18"/>
      <shelf name="memoir-biography" count="18"/>
      <shelf name="library" count="15"/>
      <shelf name="contemporary" count="15"/>
      <shelf name="biography-memoir" count="15"/>
      <shelf name="to-buy" count="15"/>
      <shelf name="ebooks" count="11"/>
      <shelf name="biographies" count="10"/>
      <shelf name="wish-list" count="10"/>
      <shelf name="nook" count="9"/>
      <shelf name="adult" count="9"/>
      <shelf name="nyc" count="9"/>
      <shelf name="addiction" count="9"/>
      <shelf name="owned-books" count="8"/>
      <shelf name="new-york" count="7"/>
      <shelf name="bio" count="7"/>
      <shelf name="romance" count="7"/>
      <shelf name="humour" count="7"/>
      <shelf name="glbtq" count="7"/>
      <shelf name="memoir-autobiography" count="7"/>
      <shelf name="lgbtqia" count="6"/>
      <shelf name="kindle-books" count="6"/>
      <shelf name="comedy" count="6"/>
      <shelf name="favourites" count="6"/>
      <shelf name="relationships" count="6"/>
      <shelf name="read-in-2010" count="6"/>
      <shelf name="own-it" count="6"/>
      <shelf name="funny" count="6"/>
      <shelf name="to-read-nonfiction" count="5"/>
      <shelf name="maybe" count="5"/>
      <shelf name="bio-memoir" count="5"/>
      <shelf name="read-2012" count="5"/>
      <shelf name="ebook" count="5"/>
      <shelf name="sexuality" count="5"/>
      <shelf name="m-m" count="5"/>
      <shelf name="memoirs-biographies" count="5"/>
      <shelf name="adult-non-fiction" count="5"/>
      <shelf name="memoirs-and-biographies" count="5"/>
      <shelf name="want-to-read" count="5"/>
      <shelf name="drugs" count="5"/>
      <shelf name="default" count="4"/>
      <shelf name="read-in-2015" count="4"/>
      <shelf name="faves" count="4"/>
      <shelf name="audiobook" count="4"/>
      <shelf name="to-read-non-fiction" count="4"/>
      <shelf name="drag" count="4"/>
      <shelf name="favs" count="4"/>
      <shelf name="read-in-2011" count="4"/>
      <shelf name="my-books" count="4"/>
      <shelf name="memoir-bio" count="4"/>
      <shelf name="read-in-2009" count="4"/>
      <shelf name="shelfari-wishlist" count="3"/>
      <shelf name="drag-queen" count="3"/>
      <shelf name="general-fiction" count="3"/>
      <shelf name="josh-kilmer-purcell" count="3"/>
      <shelf name="queer-lit" count="3"/>
      <shelf name="audiobooks" count="3"/>
      <shelf name="essays" count="3"/>
      <shelf name="2014-reads" count="3"/>
      <shelf name="autobiographies" count="3"/>
      <shelf name="to-read-fiction" count="3"/>
      <shelf name="memoirs-to-read" count="3"/>
      <shelf name="must-read" count="3"/>
      <shelf name="books-to-read" count="3"/>
      <shelf name="lgbtqi" count="3"/>
      <shelf name="read-in-2013" count="3"/>
      <shelf name="want" count="3"/>
      <shelf name="other" count="3"/>
      <shelf name="loved-it" count="3"/>
      <shelf name="nonfic" count="3"/>
      <shelf name="young-adult" count="3"/>
      <shelf name="psychology" count="3"/>
      <shelf name="people" count="3"/>
      <shelf name="josh" count="3"/>
      <shelf name="on-my-shelf" count="3"/>
      <shelf name="re-read" count="3"/>
      <shelf name="paperback" count="3"/>
      <shelf name="read-2009" count="3"/>
      <shelf name="love" count="3"/>
      <shelf name="abandoned" count="3"/>
      <shelf name="i-own" count="3"/>
  </popular_shelves>
  <book_links>
    <book_link>
  <id>8</id>
  <name>Libraries</name>
  <link>https://www.goodreads.com/book_link/follow/8</link>
</book_link>

  </book_links>
  <buy_links>
    <buy_link>
<id>1</id>
<name>Amazon</name>
<link>https://www.goodreads.com/book_link/follow/1</link>
</buy_link>
<buy_link>
<id>10</id>
<name>Audible</name>
<link>https://www.goodreads.com/book_link/follow/10</link>
</buy_link>
<buy_link>
<id>3</id>
<name>Barnes &amp; Noble</name>
<link>https://www.goodreads.com/book_link/follow/3</link>
</buy_link>
<buy_link>
<id>1027</id>
<name>Kobo</name>
<link>https://www.goodreads.com/book_link/follow/1027</link>
</buy_link>
<buy_link>
<id>2102</id>
<name>Apple iBooks</name>
<link>https://www.goodreads.com/book_link/follow/2102</link>
</buy_link>
<buy_link>
<id>8036</id>
<name>Google Play</name>
<link>https://www.goodreads.com/book_link/follow/8036</link>
</buy_link>
<buy_link>
<id>4</id>
<name>Abebooks</name>
<link>https://www.goodreads.com/book_link/follow/4</link>
</buy_link>
<buy_link>
<id>882</id>
<name>Book Depository</name>
<link>https://www.goodreads.com/book_link/follow/882</link>
</buy_link>
<buy_link>
<id>9</id>
<name>Indigo</name>
<link>https://www.goodreads.com/book_link/follow/9</link>
</buy_link>
<buy_link>
<id>2</id>
<name>Half.com</name>
<link>https://www.goodreads.com/book_link/follow/2</link>
</buy_link>
<buy_link>
<id>5</id>
<name>Alibris</name>
<link>https://www.goodreads.com/book_link/follow/5</link>
</buy_link>
<buy_link>
<id>107</id>
<name>Better World Books</name>
<link>https://www.goodreads.com/book_link/follow/107</link>
</buy_link>
<buy_link>
<id>7</id>
<name>IndieBound</name>
<link>https://www.goodreads.com/book_link/follow/7</link>
</buy_link>

  </buy_links>
  <series_works>
    
  </series_works>
  <similar_books>
          <book>
<id>177425</id>
<title><![CDATA[Exile in Guyville: How a Punk Rock Redneck Faggot Texan Moved to West Hollywood and Refused to Be Shiny and Happy]]></title>
<title_without_series><![CDATA[Exile in Guyville: How a Punk Rock Redneck Faggot Texan Moved to West Hollywood and Refused to Be Shiny and Happy]]></title_without_series>
<link><![CDATA[https://www.goodreads.com/book/show/177425.Exile_in_Guyville]]></link>
<small_image_url><![CDATA[https://images.gr-assets.com/books/1328758860s/177425.jpg]]></small_image_url>
<image_url><![CDATA[https://images.gr-assets.com/books/1328758860m/177425.jpg]]></image_url>
<num_pages>245</num_pages>
<work>
<id>171397</id>
</work>
<isbn>1555839320</isbn>
<isbn13>9781555839321</isbn13>
<average_rating>4.03</average_rating>
<ratings_count>314</ratings_count>
<publication_year></publication_year>
<publication_month></publication_month>
<publication_day></publication_day>
<authors>
<author>
<id>1274313</id>
<name>Dave  White</name>
<link><![CDATA[https://www.goodreads.com/author/show/1274313.Dave_White]]></link>
</author>
</authors>
</book>

          <book>
<id>3205065</id>
<title><![CDATA[Swish: My Quest to Become the Gayest Person Ever]]></title>
<title_without_series><![CDATA[Swish: My Quest to Become the Gayest Person Ever]]></title_without_series>
<link><![CDATA[https://www.goodreads.com/book/show/3205065-swish]]></link>
<small_image_url><![CDATA[https://images.gr-assets.com/books/1320414722s/3205065.jpg]]></small_image_url>
<image_url><![CDATA[https://images.gr-assets.com/books/1320414722m/3205065.jpg]]></image_url>
<num_pages>255</num_pages>
<work>
<id>3238414</id>
</work>
<isbn>0767924304</isbn>
<isbn13>9780767924306</isbn13>
<average_rating>3.77</average_rating>
<ratings_count>731</ratings_count>
<publication_year>2008</publication_year>
<publication_month>5</publication_month>
<publication_day>13</publication_day>
<authors>
<author>
<id>123839</id>
<name>Joel Derfner</name>
<link><![CDATA[https://www.goodreads.com/author/show/123839.Joel_Derfner]]></link>
</author>
</authors>
</book>

          <book>
<id>910086</id>
<title><![CDATA[How I Learned to Snap: A Small Town Coming-Out and Coming-of-Age Story]]></title>
<title_without_series><![CDATA[How I Learned to Snap: A Small Town Coming-Out and Coming-of-Age Story]]></title_without_series>
<link><![CDATA[https://www.goodreads.com/book/show/910086.How_I_Learned_to_Snap]]></link>
<small_image_url><![CDATA[https://s.gr-assets.com/assets/nophoto/book/50x75-a91bf249278a81aabab721ef782c4a74.png]]></small_image_url>
<image_url><![CDATA[https://s.gr-assets.com/assets/nophoto/book/111x148-bcc042a9c91a29c1d680899eff700a03.png]]></image_url>
<num_pages></num_pages>
<work>
<id>895198</id>
</work>
<isbn>0142002992</isbn>
<isbn13>9780142002995</isbn13>
<average_rating>3.78</average_rating>
<ratings_count>465</ratings_count>
<publication_year></publication_year>
<publication_month></publication_month>
<publication_day></publication_day>
<authors>
<author>
<id>85542</id>
<name>Kirk Read</name>
<link><![CDATA[https://www.goodreads.com/author/show/85542.Kirk_Read]]></link>
</author>
</authors>
</book>

          <book>
<id>113326</id>
<title><![CDATA[The Kid: What Happened After My Boyfriend and I Decided to Go Get Pregnant]]></title>
<title_without_series><![CDATA[The Kid: What Happened After My Boyfriend and I Decided to Go Get Pregnant]]></title_without_series>
<link><![CDATA[https://www.goodreads.com/book/show/113326.The_Kid]]></link>
<small_image_url><![CDATA[https://images.gr-assets.com/books/1309284329s/113326.jpg]]></small_image_url>
<image_url><![CDATA[https://images.gr-assets.com/books/1309284329m/113326.jpg]]></image_url>
<num_pages>246</num_pages>
<work>
<id>109107</id>
</work>
<isbn>0452281768</isbn>
<isbn13>9780452281769</isbn13>
<average_rating>4.03</average_rating>
<ratings_count>7862</ratings_count>
<publication_year></publication_year>
<publication_month></publication_month>
<publication_day></publication_day>
<authors>
<author>
<id>14085</id>
<name>Dan Savage</name>
<link><![CDATA[https://www.goodreads.com/author/show/14085.Dan_Savage]]></link>
</author>
</authors>
</book>

          <book>
<id>109173</id>
<title>The Chelsea Whistle</title>
<title_without_series>The Chelsea Whistle</title_without_series>
<link><![CDATA[https://www.goodreads.com/book/show/109173.The_Chelsea_Whistle]]></link>
<small_image_url><![CDATA[https://s.gr-assets.com/assets/nophoto/book/50x75-a91bf249278a81aabab721ef782c4a74.png]]></small_image_url>
<image_url><![CDATA[https://s.gr-assets.com/assets/nophoto/book/111x148-bcc042a9c91a29c1d680899eff700a03.png]]></image_url>
<num_pages>331</num_pages>
<work>
<id>3328452</id>
</work>
<isbn>1580050735</isbn>
<isbn13>9781580050739</isbn13>
<average_rating>3.87</average_rating>
<ratings_count>1064</ratings_count>
<publication_year>2002</publication_year>
<publication_month>8</publication_month>
<publication_day>2</publication_day>
<authors>
<author>
<id>16059</id>
<name>Michelle Tea</name>
<link><![CDATA[https://www.goodreads.com/author/show/16059.Michelle_Tea]]></link>
</author>
</authors>
</book>

          <book>
<id>52614</id>
<title>Borrowed Time: An AIDS Memoir</title>
<title_without_series>Borrowed Time: An AIDS Memoir</title_without_series>
<link><![CDATA[https://www.goodreads.com/book/show/52614.Borrowed_Time]]></link>
<small_image_url><![CDATA[https://images.gr-assets.com/books/1283824906s/52614.jpg]]></small_image_url>
<image_url><![CDATA[https://images.gr-assets.com/books/1283824906m/52614.jpg]]></image_url>
<num_pages></num_pages>
<work>
<id>2596511</id>
</work>
<isbn>0156005816</isbn>
<isbn13>9780156005814</isbn13>
<average_rating>4.31</average_rating>
<ratings_count>1796</ratings_count>
<publication_year>1998</publication_year>
<publication_month>6</publication_month>
<publication_day>1</publication_day>
<authors>
<author>
<id>29691</id>
<name>Paul Monette</name>
<link><![CDATA[https://www.goodreads.com/author/show/29691.Paul_Monette]]></link>
</author>
</authors>
</book>

          <book>
<id>7200675</id>
<title><![CDATA[Secret Historian: The Life and Times of Samuel Steward, Professor, Tattoo Artist, and Sexual Renegade]]></title>
<title_without_series><![CDATA[Secret Historian: The Life and Times of Samuel Steward, Professor, Tattoo Artist, and Sexual Renegade]]></title_without_series>
<link><![CDATA[https://www.goodreads.com/book/show/7200675-secret-historian]]></link>
<small_image_url><![CDATA[https://images.gr-assets.com/books/1311972963s/7200675.jpg]]></small_image_url>
<image_url><![CDATA[https://images.gr-assets.com/books/1311972963m/7200675.jpg]]></image_url>
<num_pages>496</num_pages>
<work>
<id>7877000</id>
</work>
<isbn>0374281343</isbn>
<isbn13>9780374281342</isbn13>
<average_rating>4.03</average_rating>
<ratings_count>1352</ratings_count>
<publication_year>2010</publication_year>
<publication_month>8</publication_month>
<publication_day>17</publication_day>
<authors>
<author>
<id>296522</id>
<name>Justin Spring</name>
<link><![CDATA[https://www.goodreads.com/author/show/296522.Justin_Spring]]></link>
</author>
</authors>
</book>

          <book>
<id>344752</id>
<title><![CDATA[Dress Codes: Of Three Girlhoods--My Mother's, My Father's, and Mine]]></title>
<title_without_series><![CDATA[Dress Codes: Of Three Girlhoods--My Mother's, My Father's, and Mine]]></title_without_series>
<link><![CDATA[https://www.goodreads.com/book/show/344752.Dress_Codes]]></link>
<small_image_url><![CDATA[https://images.gr-assets.com/books/1311994928s/344752.jpg]]></small_image_url>
<image_url><![CDATA[https://images.gr-assets.com/books/1311994928m/344752.jpg]]></image_url>
<num_pages>352</num_pages>
<work>
<id>1807166</id>
</work>
<isbn>0312422202</isbn>
<isbn13>9780312422202</isbn13>
<average_rating>3.56</average_rating>
<ratings_count>432</ratings_count>
<publication_year>2003</publication_year>
<publication_month>5</publication_month>
<publication_day>2</publication_day>
<authors>
<author>
<id>146711</id>
<name>Noelle Howey</name>
<link><![CDATA[https://www.goodreads.com/author/show/146711.Noelle_Howey]]></link>
</author>
</authors>
</book>

          <book>
<id>46986</id>
<title><![CDATA[Queen of the Oddballs: And Other True Stories from a Life Unaccording to Plan]]></title>
<title_without_series><![CDATA[Queen of the Oddballs: And Other True Stories from a Life Unaccording to Plan]]></title_without_series>
<link><![CDATA[https://www.goodreads.com/book/show/46986.Queen_of_the_Oddballs]]></link>
<small_image_url><![CDATA[https://s.gr-assets.com/assets/nophoto/book/50x75-a91bf249278a81aabab721ef782c4a74.png]]></small_image_url>
<image_url><![CDATA[https://s.gr-assets.com/assets/nophoto/book/111x148-bcc042a9c91a29c1d680899eff700a03.png]]></image_url>
<num_pages>273</num_pages>
<work>
<id>46056</id>
</work>
<isbn>0060878835</isbn>
<isbn13>9780060878832</isbn13>
<average_rating>3.62</average_rating>
<ratings_count>1075</ratings_count>
<publication_year>2006</publication_year>
<publication_month>4</publication_month>
<publication_day>25</publication_day>
<authors>
<author>
<id>24900</id>
<name>Hillary Carlip</name>
<link><![CDATA[https://www.goodreads.com/author/show/24900.Hillary_Carlip]]></link>
</author>
</authors>
</book>

          <book>
<id>6901097</id>
<title>Musical Chairs</title>
<title_without_series>Musical Chairs</title_without_series>
<link><![CDATA[https://www.goodreads.com/book/show/6901097-musical-chairs]]></link>
<small_image_url><![CDATA[https://s.gr-assets.com/assets/nophoto/book/50x75-a91bf249278a81aabab721ef782c4a74.png]]></small_image_url>
<image_url><![CDATA[https://s.gr-assets.com/assets/nophoto/book/111x148-bcc042a9c91a29c1d680899eff700a03.png]]></image_url>
<num_pages>176</num_pages>
<work>
<id>7124371</id>
</work>
<isbn>0984259422</isbn>
<isbn13>9780984259427</isbn13>
<average_rating>4.04</average_rating>
<ratings_count>253</ratings_count>
<publication_year>2009</publication_year>
<publication_month>10</publication_month>
<publication_day>3</publication_day>
<authors>
<author>
<id>3088610</id>
<name>Jen Knox</name>
<link><![CDATA[https://www.goodreads.com/author/show/3088610.Jen_Knox]]></link>
</author>
</authors>
</book>

          <book>
<id>12651419</id>
<title><![CDATA[A Queer and Pleasant Danger: The True Story of a Nice Jewish Boy Who Joins the Church of Scientology and Leaves Twelve Years Later to Become the Lovely Lady She is Today]]></title>
<title_without_series><![CDATA[A Queer and Pleasant Danger: The True Story of a Nice Jewish Boy Who Joins the Church of Scientology and Leaves Twelve Years Later to Become the Lovely Lady She is Today]]></title_without_series>
<link><![CDATA[https://www.goodreads.com/book/show/12651419-a-queer-and-pleasant-danger]]></link>
<small_image_url><![CDATA[https://images.gr-assets.com/books/1333579428s/12651419.jpg]]></small_image_url>
<image_url><![CDATA[https://images.gr-assets.com/books/1333579428m/12651419.jpg]]></image_url>
<num_pages>258</num_pages>
<work>
<id>17765085</id>
</work>
<isbn>0807001651</isbn>
<isbn13>9780807001653</isbn13>
<average_rating>3.92</average_rating>
<ratings_count>2005</ratings_count>
<publication_year>2012</publication_year>
<publication_month>5</publication_month>
<publication_day>1</publication_day>
<authors>
<author>
<id>5854</id>
<name>Kate Bornstein</name>
<link><![CDATA[https://www.goodreads.com/author/show/5854.Kate_Bornstein]]></link>
</author>
</authors>
</book>

          <book>
<id>6929931</id>
<title><![CDATA[Portrait of an Addict as a Young Man: A Memoir]]></title>
<title_without_series><![CDATA[Portrait of an Addict as a Young Man: A Memoir]]></title_without_series>
<link><![CDATA[https://www.goodreads.com/book/show/6929931-portrait-of-an-addict-as-a-young-man]]></link>
<small_image_url><![CDATA[https://s.gr-assets.com/assets/nophoto/book/50x75-a91bf249278a81aabab721ef782c4a74.png]]></small_image_url>
<image_url><![CDATA[https://s.gr-assets.com/assets/nophoto/book/111x148-bcc042a9c91a29c1d680899eff700a03.png]]></image_url>
<num_pages></num_pages>
<work>
<id>7160664</id>
</work>
<isbn>0316054674</isbn>
<isbn13>9780316054676</isbn13>
<average_rating>3.68</average_rating>
<ratings_count>3158</ratings_count>
<publication_year></publication_year>
<publication_month></publication_month>
<publication_day></publication_day>
<authors>
<author>
<id>3099070</id>
<name>Bill Clegg</name>
<link><![CDATA[https://www.goodreads.com/author/show/3099070.Bill_Clegg]]></link>
</author>
</authors>
</book>

          <book>
<id>235791</id>
<title>Driving with Dead People</title>
<title_without_series>Driving with Dead People</title_without_series>
<link><![CDATA[https://www.goodreads.com/book/show/235791.Driving_with_Dead_People]]></link>
<small_image_url><![CDATA[https://s.gr-assets.com/assets/nophoto/book/50x75-a91bf249278a81aabab721ef782c4a74.png]]></small_image_url>
<image_url><![CDATA[https://s.gr-assets.com/assets/nophoto/book/111x148-bcc042a9c91a29c1d680899eff700a03.png]]></image_url>
<num_pages>327</num_pages>
<work>
<id>1070629</id>
</work>
<isbn>1416940022</isbn>
<isbn13>9781416940029</isbn13>
<average_rating>3.83</average_rating>
<ratings_count>4699</ratings_count>
<publication_year>2007</publication_year>
<publication_month>3</publication_month>
<publication_day>6</publication_day>
<authors>
<author>
<id>137937</id>
<name>Monica Holloway</name>
<link><![CDATA[https://www.goodreads.com/author/show/137937.Monica_Holloway]]></link>
</author>
</authors>
</book>

          <book>
<id>268920</id>
<title><![CDATA[Hyper-chondriac: One Man's Quest to Hurry Up and Calm Down]]></title>
<title_without_series><![CDATA[Hyper-chondriac: One Man's Quest to Hurry Up and Calm Down]]></title_without_series>
<link><![CDATA[https://www.goodreads.com/book/show/268920.Hyper_chondriac]]></link>
<small_image_url><![CDATA[https://s.gr-assets.com/assets/nophoto/book/50x75-a91bf249278a81aabab721ef782c4a74.png]]></small_image_url>
<image_url><![CDATA[https://s.gr-assets.com/assets/nophoto/book/111x148-bcc042a9c91a29c1d680899eff700a03.png]]></image_url>
<num_pages></num_pages>
<work>
<id>260688</id>
</work>
<isbn>0743293398</isbn>
<isbn13>9780743293396</isbn13>
<average_rating>3.70</average_rating>
<ratings_count>310</ratings_count>
<publication_year></publication_year>
<publication_month></publication_month>
<publication_day></publication_day>
<authors>
<author>
<id>156864</id>
<name>Brian Frazer</name>
<link><![CDATA[https://www.goodreads.com/author/show/156864.Brian_Frazer]]></link>
</author>
</authors>
</book>

          <book>
<id>518982</id>
<title><![CDATA[Prayers for Bobby: A Mother's Coming to Terms with the Suicide of Her Gay Son]]></title>
<title_without_series><![CDATA[Prayers for Bobby: A Mother's Coming to Terms with the Suicide of Her Gay Son]]></title_without_series>
<link><![CDATA[https://www.goodreads.com/book/show/518982.Prayers_for_Bobby]]></link>
<small_image_url><![CDATA[https://s.gr-assets.com/assets/nophoto/book/50x75-a91bf249278a81aabab721ef782c4a74.png]]></small_image_url>
<image_url><![CDATA[https://s.gr-assets.com/assets/nophoto/book/111x148-bcc042a9c91a29c1d680899eff700a03.png]]></image_url>
<num_pages>271</num_pages>
<work>
<id>506898</id>
</work>
<isbn>0062511238</isbn>
<isbn13>9780062511232</isbn13>
<average_rating>4.25</average_rating>
<ratings_count>1024</ratings_count>
<publication_year>1996</publication_year>
<publication_month>8</publication_month>
<publication_day>9</publication_day>
<authors>
<author>
<id>288136</id>
<name>Leroy Aarons</name>
<link><![CDATA[https://www.goodreads.com/author/show/288136.Leroy_Aarons]]></link>
</author>
</authors>
</book>

          <book>
<id>82676</id>
<title><![CDATA[Girlbomb: A Halfway Homeless Memoir]]></title>
<title_without_series><![CDATA[Girlbomb: A Halfway Homeless Memoir]]></title_without_series>
<link><![CDATA[https://www.goodreads.com/book/show/82676.Girlbomb]]></link>
<small_image_url><![CDATA[https://s.gr-assets.com/assets/nophoto/book/50x75-a91bf249278a81aabab721ef782c4a74.png]]></small_image_url>
<image_url><![CDATA[https://s.gr-assets.com/assets/nophoto/book/111x148-bcc042a9c91a29c1d680899eff700a03.png]]></image_url>
<num_pages>252</num_pages>
<work>
<id>79820</id>
</work>
<isbn>0812974565</isbn>
<isbn13>9780812974560</isbn13>
<average_rating>3.71</average_rating>
<ratings_count>3718</ratings_count>
<publication_year>2007</publication_year>
<publication_month>3</publication_month>
<publication_day>6</publication_day>
<authors>
<author>
<id>47247</id>
<name>Janice Erlbaum</name>
<link><![CDATA[https://www.goodreads.com/author/show/47247.Janice_Erlbaum]]></link>
</author>
</authors>
</book>

          <book>
<id>70320</id>
<title>The Last Time I Wore a Dress</title>
<title_without_series>The Last Time I Wore a Dress</title_without_series>
<link><![CDATA[https://www.goodreads.com/book/show/70320.The_Last_Time_I_Wore_a_Dress]]></link>
<small_image_url><![CDATA[https://s.gr-assets.com/assets/nophoto/book/50x75-a91bf249278a81aabab721ef782c4a74.png]]></small_image_url>
<image_url><![CDATA[https://s.gr-assets.com/assets/nophoto/book/111x148-bcc042a9c91a29c1d680899eff700a03.png]]></image_url>
<num_pages>224</num_pages>
<work>
<id>528660</id>
</work>
<isbn>1573226963</isbn>
<isbn13>9781573226967</isbn13>
<average_rating>3.84</average_rating>
<ratings_count>2002</ratings_count>
<publication_year>1998</publication_year>
<publication_month>10</publication_month>
<publication_day>1</publication_day>
<authors>
<author>
<id>39641</id>
<name>Daphne Scholinski</name>
<link><![CDATA[https://www.goodreads.com/author/show/39641.Daphne_Scholinski]]></link>
</author>
</authors>
</book>

          <book>
<id>140121</id>
<title><![CDATA[Why I'm Like This: True Stories ]]></title>
<title_without_series><![CDATA[Why I'm Like This: True Stories]]></title_without_series>
<link><![CDATA[https://www.goodreads.com/book/show/140121.Why_I_m_Like_This]]></link>
<small_image_url><![CDATA[https://s.gr-assets.com/assets/nophoto/book/50x75-a91bf249278a81aabab721ef782c4a74.png]]></small_image_url>
<image_url><![CDATA[https://s.gr-assets.com/assets/nophoto/book/111x148-bcc042a9c91a29c1d680899eff700a03.png]]></image_url>
<num_pages></num_pages>
<work>
<id>135084</id>
</work>
<isbn>0061283967</isbn>
<isbn13>9780061283963</isbn13>
<average_rating>3.53</average_rating>
<ratings_count>2607</ratings_count>
<publication_year></publication_year>
<publication_month></publication_month>
<publication_day></publication_day>
<authors>
<author>
<id>81025</id>
<name>Cynthia Kaplan</name>
<link><![CDATA[https://www.goodreads.com/author/show/81025.Cynthia_Kaplan]]></link>
</author>
</authors>
</book>

  </similar_books>
</book>

</GoodreadsResponse>