<?xml version="1.0" encoding="UTF-8"?>
<GoodreadsResponse>
  <Request>
    <authentication>true</authentication>
      <key><![CDATA[all_men_must_serve]]></key>
    <method><![CDATA[book_show]]></method>
  </Request>
  <book>
  <id>10954979</id>
  <title><![CDATA[The Swerve: How the World Became Modern]]></title>
  <isbn><![CDATA[0393064476]]></isbn>
  <isbn13><![CDATA[9780393064476]]></isbn13>
  <asin><![CDATA[]]></asin>
  <kindle_asin><![CDATA[B005L18C4E]]></kindle_asin>
  <marketplace_id><![CDATA[A1F83G8C2ARO7P]]></marketplace_id>
  <country_code><![CDATA[GB]]></country_code>
  <image_url>https://images.gr-assets.com/books/1406088245m/10954979.jpg</image_url>
  <small_image_url>https://images.gr-assets.com/books/1406088245s/10954979.jpg</small_image_url>
  <publication_year>2011</publication_year>
  <publication_month>9</publication_month>
  <publication_day>26</publication_day>
  <publisher>W. W. Norton  Company</publisher>
  <language_code>eng</language_code>
  <is_ebook>false</is_ebook>
  <description><![CDATA[Nearly six hundred years ago, a short, genial, cannily alert man in his late thirties took a very old manuscript off a library shelf, saw with excitement what he had discovered, and ordered that it be copied. That book was the last surviving manuscript of an ancient Roman philosophical epic, <em>On the Nature of Things</em>, by Lucretius—a beautiful poem of the most dangerous ideas: that the universe functioned without the aid of gods, that religious fear was damaging to human life, and that matter was made up of very small particles in eternal motion, colliding and swerving in new directions. <br /><br />The copying and translation of this ancient book—the greatest discovery of the greatest book-hunter of his age—fueled the Renaissance, inspiring artists such as Botticelli and thinkers such as Giordano Bruno; shaped the thought of Galileo and Freud, Darwin and Einstein; and had a revolutionary influence on writers such as Montaigne and Shakespeare and even Thomas Jefferson.]]></description>
  <work>
  <id type="integer">15872618</id>
  <books_count type="integer">37</books_count>
  <best_book_id type="integer">13707734</best_book_id>
  <reviews_count type="integer">62115</reviews_count>
  <ratings_sum type="integer">79791</ratings_sum>
  <ratings_count type="integer">20813</ratings_count>
  <text_reviews_count type="integer">2183</text_reviews_count>
  <original_publication_year type="integer">2011</original_publication_year>
  <original_publication_month type="integer" nil="true"/>
  <original_publication_day type="integer" nil="true"/>
  <original_title>The Swerve: How the World Became Modern</original_title>
  <original_language_id type="integer" nil="true"/>
  <media_type>book</media_type>
  <rating_dist>5:6653|4:7221|3:4574|2:1555|1:810|total:20813</rating_dist>
  <desc_user_id type="integer">39669069</desc_user_id>
  <default_chaptering_book_id type="integer" nil="true"/>
  <default_description_language_code nil="true"/>
</work>
  <average_rating>3.83</average_rating>
  <num_pages><![CDATA[356]]></num_pages>
  <format><![CDATA[Hardcover]]></format>
  <edition_information><![CDATA[1st Edition]]></edition_information>
  <ratings_count><![CDATA[13405]]></ratings_count>
  <text_reviews_count><![CDATA[1501]]></text_reviews_count>
  <url><![CDATA[https://www.goodreads.com/book/show/10954979-the-swerve]]></url>
  <link><![CDATA[https://www.goodreads.com/book/show/10954979-the-swerve]]></link>
  <authors>
<author>
<id>4194881</id>
<name>Stephen Greenblatt</name>
<role></role>
<image_url nophoto='false'>
<![CDATA[https://images.gr-assets.com/authors/1302117239p5/4194881.jpg]]>
</image_url>
<small_image_url nophoto='false'>
<![CDATA[https://images.gr-assets.com/authors/1302117239p2/4194881.jpg]]>
</small_image_url>
<link><![CDATA[https://www.goodreads.com/author/show/4194881.Stephen_Greenblatt]]></link>
<average_rating>3.97</average_rating>
<ratings_count>45708</ratings_count>
<text_reviews_count>3537</text_reviews_count>
</author>
</authors>

    <reviews_widget>
      <![CDATA[
        <style>
  #goodreads-widget {
    font-family: georgia, serif;
    padding: 18px 0;
    width:565px;
  }
  #goodreads-widget h1 {
    font-weight:normal;
    font-size: 16px;
    border-bottom: 1px solid #BBB596;
    margin-bottom: 0;
  }
  #goodreads-widget a {
    text-decoration: none;
    color:#660;
  }
  iframe{
    background-color: #fff;
  }
  #goodreads-widget a:hover { text-decoration: underline; }
  #goodreads-widget a:active {
    color:#660;
  }
  #gr_footer {
    width: 100%;
    border-top: 1px solid #BBB596;
    text-align: right;
  }
  #goodreads-widget .gr_branding{
    color: #382110;
    font-size: 11px;
    text-decoration: none;
    font-family: "Helvetica Neue", Helvetica, Arial, sans-serif;
  }
</style>
<div id="goodreads-widget">
  <div id="gr_header"><h1><a rel="nofollow" href="https://www.goodreads.com/book/show/10954979-the-swerve">The Swerve Reviews</a></h1></div>
  <iframe id="the_iframe" src="https://www.goodreads.com/api/reviews_widget_iframe?did=DEVELOPER_ID&amp;format=html&amp;isbn=0393064476&amp;links=660&amp;min_rating=&amp;review_back=fff&amp;stars=000&amp;text=000" width="565" height="400" frameborder="0"></iframe>
  <div id="gr_footer">
    <a class="gr_branding" target="_blank" rel="nofollow" href="https://www.goodreads.com/book/show/10954979-the-swerve?utm_medium=api&amp;utm_source=reviews_widget">Reviews from Goodreads.com</a>
  </div>
</div>

      ]]>
    </reviews_widget>
  <popular_shelves>
      <shelf name="to-read" count="14386"/>
      <shelf name="history" count="1244"/>
      <shelf name="non-fiction" count="818"/>
      <shelf name="nonfiction" count="353"/>
      <shelf name="currently-reading" count="281"/>
      <shelf name="philosophy" count="281"/>
      <shelf name="science" count="95"/>
      <shelf name="favorites" count="89"/>
      <shelf name="renaissance" count="70"/>
      <shelf name="book-club" count="66"/>
      <shelf name="religion" count="64"/>
      <shelf name="owned" count="57"/>
      <shelf name="pulitzer" count="55"/>
      <shelf name="historical" count="55"/>
      <shelf name="classics" count="50"/>
      <shelf name="audiobook" count="47"/>
      <shelf name="kindle" count="38"/>
      <shelf name="audiobooks" count="36"/>
      <shelf name="to-buy" count="36"/>
      <shelf name="audio" count="35"/>
      <shelf name="books-about-books" count="35"/>
      <shelf name="library" count="34"/>
      <shelf name="pulitzer-prize" count="33"/>
      <shelf name="audible" count="31"/>
      <shelf name="biography" count="29"/>
      <shelf name="world-history" count="29"/>
      <shelf name="italy" count="29"/>
      <shelf name="ancient-history" count="27"/>
      <shelf name="books-i-own" count="26"/>
      <shelf name="non-fiction-to-read" count="24"/>
      <shelf name="abandoned" count="24"/>
      <shelf name="ebook" count="24"/>
      <shelf name="european-history" count="22"/>
      <shelf name="to-read-non-fiction" count="22"/>
      <shelf name="national-book-award" count="21"/>
      <shelf name="europe" count="20"/>
      <shelf name="non-fic" count="18"/>
      <shelf name="culture" count="18"/>
      <shelf name="literature" count="18"/>
      <shelf name="owned-books" count="16"/>
      <shelf name="to-read-history" count="16"/>
      <shelf name="wish-list" count="16"/>
      <shelf name="didn-t-finish" count="15"/>
      <shelf name="poetry" count="15"/>
      <shelf name="art" count="15"/>
      <shelf name="read-in-2012" count="14"/>
      <shelf name="medieval" count="14"/>
      <shelf name="default" count="13"/>
      <shelf name="pulitzer-non-fiction" count="13"/>
      <shelf name="intellectual-history" count="13"/>
      <shelf name="fiction" count="13"/>
      <shelf name="adult" count="13"/>
      <shelf name="politics" count="13"/>
      <shelf name="history-biography" count="13"/>
      <shelf name="21st-century" count="12"/>
      <shelf name="pulitzer-prize-winners" count="12"/>
      <shelf name="nonfiction-to-read" count="12"/>
      <shelf name="nonfiction-history" count="12"/>
      <shelf name="books" count="12"/>
      <shelf name="bookclub" count="12"/>
      <shelf name="audio-books" count="12"/>
      <shelf name="rome" count="12"/>
      <shelf name="book-group" count="11"/>
      <shelf name="pulitzer-nonfiction" count="10"/>
      <shelf name="ancient" count="10"/>
      <shelf name="ebooks" count="10"/>
      <shelf name="shelfari-wishlist" count="9"/>
      <shelf name="read-in-2015" count="9"/>
      <shelf name="my-library" count="9"/>
      <shelf name="audio-book" count="9"/>
      <shelf name="gave-up" count="9"/>
      <shelf name="social-science" count="9"/>
      <shelf name="historia" count="9"/>
      <shelf name="reference" count="9"/>
      <shelf name="history-of-ideas" count="9"/>
      <shelf name="history-ancient" count="9"/>
      <shelf name="sociology" count="9"/>
      <shelf name="on-the-nature-of-things" count="8"/>
      <shelf name="english" count="8"/>
      <shelf name="general-non-fiction" count="8"/>
      <shelf name="favourites" count="8"/>
      <shelf name="want" count="8"/>
      <shelf name="criticism" count="8"/>
      <shelf name="middle-ages" count="8"/>
      <shelf name="history-world" count="8"/>
      <shelf name="interesting" count="8"/>
      <shelf name="shelfari-favorites" count="7"/>
      <shelf name="to-read-nonfiction" count="7"/>
      <shelf name="read-in-2014" count="7"/>
      <shelf name="literary-criticism" count="7"/>
      <shelf name="read-in-2013" count="7"/>
      <shelf name="my-books" count="7"/>
      <shelf name="society" count="7"/>
      <shelf name="history-of-science" count="7"/>
      <shelf name="general-history" count="7"/>
      <shelf name="history-european" count="7"/>
      <shelf name="pulitzer-winners" count="7"/>
      <shelf name="literary" count="7"/>
      <shelf name="want-to-read" count="7"/>
      <shelf name="classic-literature" count="6"/>
  </popular_shelves>
  <book_links>
    <book_link>
  <id>8</id>
  <name>Libraries</name>
  <link>https://www.goodreads.com/book_link/follow/8</link>
</book_link>

  </book_links>
  <buy_links>
    <buy_link>
<id>1</id>
<name>Amazon</name>
<link>https://www.goodreads.com/book_link/follow/1</link>
</buy_link>
<buy_link>
<id>10</id>
<name>Audible</name>
<link>https://www.goodreads.com/book_link/follow/10</link>
</buy_link>
<buy_link>
<id>3</id>
<name>Barnes &amp; Noble</name>
<link>https://www.goodreads.com/book_link/follow/3</link>
</buy_link>
<buy_link>
<id>1027</id>
<name>Kobo</name>
<link>https://www.goodreads.com/book_link/follow/1027</link>
</buy_link>
<buy_link>
<id>2102</id>
<name>Apple iBooks</name>
<link>https://www.goodreads.com/book_link/follow/2102</link>
</buy_link>
<buy_link>
<id>8036</id>
<name>Google Play</name>
<link>https://www.goodreads.com/book_link/follow/8036</link>
</buy_link>
<buy_link>
<id>4</id>
<name>Abebooks</name>
<link>https://www.goodreads.com/book_link/follow/4</link>
</buy_link>
<buy_link>
<id>882</id>
<name>Book Depository</name>
<link>https://www.goodreads.com/book_link/follow/882</link>
</buy_link>
<buy_link>
<id>9</id>
<name>Indigo</name>
<link>https://www.goodreads.com/book_link/follow/9</link>
</buy_link>
<buy_link>
<id>2</id>
<name>Half.com</name>
<link>https://www.goodreads.com/book_link/follow/2</link>
</buy_link>
<buy_link>
<id>5</id>
<name>Alibris</name>
<link>https://www.goodreads.com/book_link/follow/5</link>
</buy_link>
<buy_link>
<id>107</id>
<name>Better World Books</name>
<link>https://www.goodreads.com/book_link/follow/107</link>
</buy_link>
<buy_link>
<id>7</id>
<name>IndieBound</name>
<link>https://www.goodreads.com/book_link/follow/7</link>
</buy_link>

  </buy_links>
  <series_works>
    
  </series_works>
  <similar_books>
          <book>
<id>11910982</id>
<title><![CDATA[George F. Kennan: An American Life]]></title>
<title_without_series><![CDATA[George F. Kennan: An American Life]]></title_without_series>
<link><![CDATA[https://www.goodreads.com/book/show/11910982-george-f-kennan]]></link>
<small_image_url><![CDATA[https://s.gr-assets.com/assets/nophoto/book/50x75-a91bf249278a81aabab721ef782c4a74.png]]></small_image_url>
<image_url><![CDATA[https://s.gr-assets.com/assets/nophoto/book/111x148-bcc042a9c91a29c1d680899eff700a03.png]]></image_url>
<num_pages></num_pages>
<work>
<id>16870212</id>
</work>
<isbn>1594203121</isbn>
<isbn13>9781594203121</isbn13>
<average_rating>4.06</average_rating>
<ratings_count>1334</ratings_count>
<publication_year></publication_year>
<publication_month></publication_month>
<publication_day></publication_day>
<authors>
<author>
<id>15990</id>
<name>John Lewis Gaddis</name>
<link><![CDATA[https://www.goodreads.com/author/show/15990.John_Lewis_Gaddis]]></link>
</author>
</authors>
</book>

          <book>
<id>11494894</id>
<title><![CDATA[Rome: A Cultural, Visual, and Personal History]]></title>
<title_without_series><![CDATA[Rome: A Cultural, Visual, and Personal History]]></title_without_series>
<link><![CDATA[https://www.goodreads.com/book/show/11494894-rome]]></link>
<small_image_url><![CDATA[https://images.gr-assets.com/books/1320396289s/11494894.jpg]]></small_image_url>
<image_url><![CDATA[https://images.gr-assets.com/books/1320396289m/11494894.jpg]]></image_url>
<num_pages>512</num_pages>
<work>
<id>16430356</id>
</work>
<isbn>0307268446</isbn>
<isbn13>9780307268440</isbn13>
<average_rating>3.80</average_rating>
<ratings_count>906</ratings_count>
<publication_year>2011</publication_year>
<publication_month>11</publication_month>
<publication_day>1</publication_day>
<authors>
<author>
<id>48890</id>
<name>Robert Hughes</name>
<link><![CDATA[https://www.goodreads.com/author/show/48890.Robert_Hughes]]></link>
</author>
</authors>
</book>

          <book>
<id>2763494</id>
<title><![CDATA[The Man Who Loved China: The Fantastic Story of the Eccentric Scientist Who Unlocked the Mysteries of the Middle Kingdom]]></title>
<title_without_series><![CDATA[The Man Who Loved China: The Fantastic Story of the Eccentric Scientist Who Unlocked the Mysteries of the Middle Kingdom]]></title_without_series>
<link><![CDATA[https://www.goodreads.com/book/show/2763494-the-man-who-loved-china]]></link>
<small_image_url><![CDATA[https://s.gr-assets.com/assets/nophoto/book/50x75-a91bf249278a81aabab721ef782c4a74.png]]></small_image_url>
<image_url><![CDATA[https://s.gr-assets.com/assets/nophoto/book/111x148-bcc042a9c91a29c1d680899eff700a03.png]]></image_url>
<num_pages>328</num_pages>
<work>
<id>10010357</id>
</work>
<isbn>0060884592</isbn>
<isbn13>9780060884598</isbn13>
<average_rating>3.79</average_rating>
<ratings_count>3271</ratings_count>
<publication_year>2008</publication_year>
<publication_month>5</publication_month>
<publication_day>6</publication_day>
<authors>
<author>
<id>14053</id>
<name>Simon Winchester</name>
<link><![CDATA[https://www.goodreads.com/author/show/14053.Simon_Winchester]]></link>
</author>
</authors>
</book>

          <book>
<id>4371507</id>
<title><![CDATA[The Age of Wonder: How the Romantic Generation Discovered the Beauty and Terror of Science]]></title>
<title_without_series><![CDATA[The Age of Wonder: How the Romantic Generation Discovered the Beauty and Terror of Science]]></title_without_series>
<link><![CDATA[https://www.goodreads.com/book/show/4371507-the-age-of-wonder]]></link>
<small_image_url><![CDATA[https://images.gr-assets.com/books/1328477467s/4371507.jpg]]></small_image_url>
<image_url><![CDATA[https://images.gr-assets.com/books/1328477467m/4371507.jpg]]></image_url>
<num_pages>380</num_pages>
<work>
<id>4419518</id>
</work>
<isbn>0007149522</isbn>
<isbn13>9780007149520</isbn13>
<average_rating>3.96</average_rating>
<ratings_count>7333</ratings_count>
<publication_year>2009</publication_year>
<publication_month>7</publication_month>
<publication_day>14</publication_day>
<authors>
<author>
<id>31054</id>
<name>Richard  Holmes</name>
<link><![CDATA[https://www.goodreads.com/author/show/31054.Richard_Holmes]]></link>
</author>
</authors>
</book>

          <book>
<id>10099327</id>
<title><![CDATA[The Great Sea: A Human History of the Mediterranean]]></title>
<title_without_series><![CDATA[The Great Sea: A Human History of the Mediterranean]]></title_without_series>
<link><![CDATA[https://www.goodreads.com/book/show/10099327-the-great-sea]]></link>
<small_image_url><![CDATA[https://images.gr-assets.com/books/1327926239s/10099327.jpg]]></small_image_url>
<image_url><![CDATA[https://images.gr-assets.com/books/1327926239m/10099327.jpg]]></image_url>
<num_pages>783</num_pages>
<work>
<id>14996428</id>
</work>
<isbn>0713999349</isbn>
<isbn13>9780713999341</isbn13>
<average_rating>3.87</average_rating>
<ratings_count>1149</ratings_count>
<publication_year>2011</publication_year>
<publication_month>5</publication_month>
<publication_day>17</publication_day>
<authors>
<author>
<id>211889</id>
<name>David Abulafia</name>
<link><![CDATA[https://www.goodreads.com/author/show/211889.David_Abulafia]]></link>
</author>
</authors>
</book>

          <book>
<id>178709</id>
<title><![CDATA[The Problem of Slavery in Western Culture]]></title>
<title_without_series><![CDATA[The Problem of Slavery in Western Culture]]></title_without_series>
<link><![CDATA[https://www.goodreads.com/book/show/178709.The_Problem_of_Slavery_in_Western_Culture]]></link>
<small_image_url><![CDATA[https://s.gr-assets.com/assets/nophoto/book/50x75-a91bf249278a81aabab721ef782c4a74.png]]></small_image_url>
<image_url><![CDATA[https://s.gr-assets.com/assets/nophoto/book/111x148-bcc042a9c91a29c1d680899eff700a03.png]]></image_url>
<num_pages>528</num_pages>
<work>
<id>172648</id>
</work>
<isbn>0195056396</isbn>
<isbn13>9780195056396</isbn13>
<average_rating>3.98</average_rating>
<ratings_count>97</ratings_count>
<publication_year>1988</publication_year>
<publication_month>10</publication_month>
<publication_day>20</publication_day>
<authors>
<author>
<id>104072</id>
<name>David Brion Davis</name>
<link><![CDATA[https://www.goodreads.com/author/show/104072.David_Brion_Davis]]></link>
</author>
</authors>
</book>

          <book>
<id>28202</id>
<title>The Metaphysical Club</title>
<title_without_series>The Metaphysical Club</title_without_series>
<link><![CDATA[https://www.goodreads.com/book/show/28202.The_Metaphysical_Club]]></link>
<small_image_url><![CDATA[https://s.gr-assets.com/assets/nophoto/book/50x75-a91bf249278a81aabab721ef782c4a74.png]]></small_image_url>
<image_url><![CDATA[https://s.gr-assets.com/assets/nophoto/book/111x148-bcc042a9c91a29c1d680899eff700a03.png]]></image_url>
<num_pages>560</num_pages>
<work>
<id>889248</id>
</work>
<isbn>0007126905</isbn>
<isbn13>9780007126903</isbn13>
<average_rating>4.08</average_rating>
<ratings_count>3493</ratings_count>
<publication_year>2010</publication_year>
<publication_month>2</publication_month>
<publication_day>1</publication_day>
<authors>
<author>
<id>15874</id>
<name>Louis Menand</name>
<link><![CDATA[https://www.goodreads.com/author/show/15874.Louis_Menand]]></link>
</author>
</authors>
</book>

          <book>
<id>7624457</id>
<title><![CDATA[How to Live: A Life of Montaigne in One Question and Twenty Attempts at An Answer]]></title>
<title_without_series><![CDATA[How to Live: A Life of Montaigne in One Question and Twenty Attempts at An Answer]]></title_without_series>
<link><![CDATA[https://www.goodreads.com/book/show/7624457-how-to-live]]></link>
<small_image_url><![CDATA[https://images.gr-assets.com/books/1320521919s/7624457.jpg]]></small_image_url>
<image_url><![CDATA[https://images.gr-assets.com/books/1320521919m/7624457.jpg]]></image_url>
<num_pages>387</num_pages>
<work>
<id>10108715</id>
</work>
<isbn>0701178922</isbn>
<isbn13>9780701178925</isbn13>
<average_rating>4.10</average_rating>
<ratings_count>4123</ratings_count>
<publication_year>2010</publication_year>
<publication_month>2</publication_month>
<publication_day>16</publication_day>
<authors>
<author>
<id>1191388</id>
<name>Sarah Bakewell</name>
<link><![CDATA[https://www.goodreads.com/author/show/1191388.Sarah_Bakewell]]></link>
</author>
</authors>
</book>

          <book>
<id>80226</id>
<title><![CDATA[Doubt: A History: The Great Doubters and Their Legacy of Innovation from Socrates and Jesus to Thomas Jefferson and Emily Dickinson]]></title>
<title_without_series><![CDATA[Doubt: A History: The Great Doubters and Their Legacy of Innovation from Socrates and Jesus to Thomas Jefferson and Emily Dickinson]]></title_without_series>
<link><![CDATA[https://www.goodreads.com/book/show/80226.Doubt]]></link>
<small_image_url><![CDATA[https://images.gr-assets.com/books/1407706652s/80226.jpg]]></small_image_url>
<image_url><![CDATA[https://images.gr-assets.com/books/1407706652m/80226.jpg]]></image_url>
<num_pages>576</num_pages>
<work>
<id>810463</id>
</work>
<isbn>0060097957</isbn>
<isbn13>9780060097950</isbn13>
<average_rating>4.06</average_rating>
<ratings_count>2559</ratings_count>
<publication_year>2004</publication_year>
<publication_month>9</publication_month>
<publication_day>7</publication_day>
<authors>
<author>
<id>45673</id>
<name>Jennifer Michael Hecht</name>
<link><![CDATA[https://www.goodreads.com/author/show/45673.Jennifer_Michael_Hecht]]></link>
</author>
</authors>
</book>

          <book>
<id>10900047</id>
<title><![CDATA[Midnight Rising: John Brown and the Raid That Sparked the Civil War]]></title>
<title_without_series><![CDATA[Midnight Rising: John Brown and the Raid That Sparked the Civil War]]></title_without_series>
<link><![CDATA[https://www.goodreads.com/book/show/10900047-midnight-rising]]></link>
<small_image_url><![CDATA[https://s.gr-assets.com/assets/nophoto/book/50x75-a91bf249278a81aabab721ef782c4a74.png]]></small_image_url>
<image_url><![CDATA[https://s.gr-assets.com/assets/nophoto/book/111x148-bcc042a9c91a29c1d680899eff700a03.png]]></image_url>
<num_pages>384</num_pages>
<work>
<id>15816001</id>
</work>
<isbn>080509153X</isbn>
<isbn13>9780805091533</isbn13>
<average_rating>3.91</average_rating>
<ratings_count>3767</ratings_count>
<publication_year>2011</publication_year>
<publication_month>10</publication_month>
<publication_day>25</publication_day>
<authors>
<author>
<id>16541</id>
<name>Tony Horwitz</name>
<link><![CDATA[https://www.goodreads.com/author/show/16541.Tony_Horwitz]]></link>
</author>
</authors>
</book>

          <book>
<id>9138231</id>
<title><![CDATA[The Philosophical Breakfast Club: Four Remarkable Friends Who Transformed Science and Changed the World]]></title>
<title_without_series><![CDATA[The Philosophical Breakfast Club: Four Remarkable Friends Who Transformed Science and Changed the World]]></title_without_series>
<link><![CDATA[https://www.goodreads.com/book/show/9138231-the-philosophical-breakfast-club]]></link>
<small_image_url><![CDATA[https://images.gr-assets.com/books/1320550198s/9138231.jpg]]></small_image_url>
<image_url><![CDATA[https://images.gr-assets.com/books/1320550198m/9138231.jpg]]></image_url>
<num_pages>448</num_pages>
<work>
<id>14017010</id>
</work>
<isbn>0767930487</isbn>
<isbn13>9780767930482</isbn13>
<average_rating>4.00</average_rating>
<ratings_count>352</ratings_count>
<publication_year></publication_year>
<publication_month></publication_month>
<publication_day></publication_day>
<authors>
<author>
<id>1559493</id>
<name>Laura J. Snyder</name>
<link><![CDATA[https://www.goodreads.com/author/show/1559493.Laura_J_Snyder]]></link>
</author>
</authors>
</book>

          <book>
<id>8796854</id>
<title><![CDATA[A World on Fire: Britain's Crucial Role in the American Civil War]]></title>
<title_without_series><![CDATA[A World on Fire: Britain's Crucial Role in the American Civil War]]></title_without_series>
<link><![CDATA[https://www.goodreads.com/book/show/8796854-a-world-on-fire]]></link>
<small_image_url><![CDATA[https://images.gr-assets.com/books/1333577814s/8796854.jpg]]></small_image_url>
<image_url><![CDATA[https://images.gr-assets.com/books/1333577814m/8796854.jpg]]></image_url>
<num_pages>988</num_pages>
<work>
<id>13670896</id>
</work>
<isbn>037550494X</isbn>
<isbn13>9780375504945</isbn13>
<average_rating>3.96</average_rating>
<ratings_count>1714</ratings_count>
<publication_year>2011</publication_year>
<publication_month>6</publication_month>
<publication_day>28</publication_day>
<authors>
<author>
<id>183491</id>
<name>Amanda Foreman</name>
<link><![CDATA[https://www.goodreads.com/author/show/183491.Amanda_Foreman]]></link>
</author>
</authors>
</book>

          <book>
<id>10767816</id>
<title><![CDATA[Ghost on the Throne: The Death of Alexander the Great and the War for Crown and Empire]]></title>
<title_without_series><![CDATA[Ghost on the Throne: The Death of Alexander the Great and the War for Crown and Empire]]></title_without_series>
<link><![CDATA[https://www.goodreads.com/book/show/10767816-ghost-on-the-throne]]></link>
<small_image_url><![CDATA[https://images.gr-assets.com/books/1320549753s/10767816.jpg]]></small_image_url>
<image_url><![CDATA[https://images.gr-assets.com/books/1320549753m/10767816.jpg]]></image_url>
<num_pages>341</num_pages>
<work>
<id>15679314</id>
</work>
<isbn>0307271641</isbn>
<isbn13>9780307271648</isbn13>
<average_rating>4.21</average_rating>
<ratings_count>802</ratings_count>
<publication_year>2011</publication_year>
<publication_month></publication_month>
<publication_day></publication_day>
<authors>
<author>
<id>2302217</id>
<name>James Romm</name>
<link><![CDATA[https://www.goodreads.com/author/show/2302217.James_Romm]]></link>
</author>
</authors>
</book>

          <book>
<id>138929</id>
<title><![CDATA[The Closing of the Western Mind: The Rise of Faith and the Fall of Reason]]></title>
<title_without_series><![CDATA[The Closing of the Western Mind: The Rise of Faith and the Fall of Reason]]></title_without_series>
<link><![CDATA[https://www.goodreads.com/book/show/138929.The_Closing_of_the_Western_Mind]]></link>
<small_image_url><![CDATA[https://images.gr-assets.com/books/1327795614s/138929.jpg]]></small_image_url>
<image_url><![CDATA[https://images.gr-assets.com/books/1327795614m/138929.jpg]]></image_url>
<num_pages>432</num_pages>
<work>
<id>133916</id>
</work>
<isbn>1400033802</isbn>
<isbn13>9781400033805</isbn13>
<average_rating>4.04</average_rating>
<ratings_count>1521</ratings_count>
<publication_year>2007</publication_year>
<publication_month>12</publication_month>
<publication_day>18</publication_day>
<authors>
<author>
<id>42336</id>
<name>Charles Freeman</name>
<link><![CDATA[https://www.goodreads.com/author/show/42336.Charles_Freeman]]></link>
</author>
</authors>
</book>

          <book>
<id>110995</id>
<title><![CDATA[Before the Dawn: Recovering the Lost History of Our Ancestors]]></title>
<title_without_series><![CDATA[Before the Dawn: Recovering the Lost History of Our Ancestors]]></title_without_series>
<link><![CDATA[https://www.goodreads.com/book/show/110995.Before_the_Dawn]]></link>
<small_image_url><![CDATA[https://s.gr-assets.com/assets/nophoto/book/50x75-a91bf249278a81aabab721ef782c4a74.png]]></small_image_url>
<image_url><![CDATA[https://s.gr-assets.com/assets/nophoto/book/111x148-bcc042a9c91a29c1d680899eff700a03.png]]></image_url>
<num_pages>314</num_pages>
<work>
<id>2922823</id>
</work>
<isbn>014303832X</isbn>
<isbn13>9780143038320</isbn13>
<average_rating>4.00</average_rating>
<ratings_count>3261</ratings_count>
<publication_year>2007</publication_year>
<publication_month>3</publication_month>
<publication_day>27</publication_day>
<authors>
<author>
<id>64203</id>
<name>Nicholas Wade</name>
<link><![CDATA[https://www.goodreads.com/author/show/64203.Nicholas_Wade]]></link>
</author>
</authors>
</book>

          <book>
<id>27199</id>
<title><![CDATA[Mysteries of the Middle Ages: The Rise of Feminism, Science and Art from the Cults of Catholic Europe]]></title>
<title_without_series><![CDATA[Mysteries of the Middle Ages: The Rise of Feminism, Science and Art from the Cults of Catholic Europe]]></title_without_series>
<link><![CDATA[https://www.goodreads.com/book/show/27199.Mysteries_of_the_Middle_Ages]]></link>
<small_image_url><![CDATA[https://s.gr-assets.com/assets/nophoto/book/50x75-a91bf249278a81aabab721ef782c4a74.png]]></small_image_url>
<image_url><![CDATA[https://s.gr-assets.com/assets/nophoto/book/111x148-bcc042a9c91a29c1d680899eff700a03.png]]></image_url>
<num_pages></num_pages>
<work>
<id>27846</id>
</work>
<isbn>0385495552</isbn>
<isbn13>9780385495554</isbn13>
<average_rating>3.81</average_rating>
<ratings_count>3216</ratings_count>
<publication_year></publication_year>
<publication_month></publication_month>
<publication_day></publication_day>
<authors>
<author>
<id>14055</id>
<name>Thomas Cahill</name>
<link><![CDATA[https://www.goodreads.com/author/show/14055.Thomas_Cahill]]></link>
</author>
</authors>
</book>

          <book>
<id>16280866</id>
<title><![CDATA[Masters of the Word: How Media Shaped History]]></title>
<title_without_series><![CDATA[Masters of the Word: How Media Shaped History]]></title_without_series>
<link><![CDATA[https://www.goodreads.com/book/show/16280866-masters-of-the-word]]></link>
<small_image_url><![CDATA[https://images.gr-assets.com/books/1369869915s/16280866.jpg]]></small_image_url>
<image_url><![CDATA[https://images.gr-assets.com/books/1369869915m/16280866.jpg]]></image_url>
<num_pages></num_pages>
<work>
<id>22382592</id>
</work>
<isbn>0802121381</isbn>
<isbn13>9780802121387</isbn13>
<average_rating>3.89</average_rating>
<ratings_count>143</ratings_count>
<publication_year></publication_year>
<publication_month></publication_month>
<publication_day></publication_day>
<authors>
<author>
<id>45093</id>
<name>William J. Bernstein</name>
<link><![CDATA[https://www.goodreads.com/author/show/45093.William_J_Bernstein]]></link>
</author>
</authors>
</book>

          <book>
<id>16113463</id>
<title><![CDATA[The Enlightenment: And Why It Still Matters]]></title>
<title_without_series><![CDATA[The Enlightenment: And Why It Still Matters]]></title_without_series>
<link><![CDATA[https://www.goodreads.com/book/show/16113463-the-enlightenment]]></link>
<small_image_url><![CDATA[https://images.gr-assets.com/books/1357952569s/16113463.jpg]]></small_image_url>
<image_url><![CDATA[https://images.gr-assets.com/books/1357952569m/16113463.jpg]]></image_url>
<num_pages>528</num_pages>
<work>
<id>21930029</id>
</work>
<isbn>0679645314</isbn>
<isbn13>9780679645313</isbn13>
<average_rating>3.65</average_rating>
<ratings_count>207</ratings_count>
<publication_year>2013</publication_year>
<publication_month>4</publication_month>
<publication_day>23</publication_day>
<authors>
<author>
<id>361697</id>
<name>Anthony Pagden</name>
<link><![CDATA[https://www.goodreads.com/author/show/361697.Anthony_Pagden]]></link>
</author>
</authors>
</book>

  </similar_books>
</book>

</GoodreadsResponse>