<?xml version="1.0" encoding="UTF-8"?>
<GoodreadsResponse>
  <Request>
    <authentication>true</authentication>
      <key><![CDATA[all_men_must_serve]]></key>
    <method><![CDATA[book_show]]></method>
  </Request>
  <book>
  <id>10959277</id>
  <title>The Future of Us</title>
  <isbn><![CDATA[1595144919]]></isbn>
  <isbn13><![CDATA[9781595144911]]></isbn13>
  <asin><![CDATA[]]></asin>
  <kindle_asin><![CDATA[B006J3FNVS]]></kindle_asin>
  <marketplace_id><![CDATA[A1F83G8C2ARO7P]]></marketplace_id>
  <country_code><![CDATA[GB]]></country_code>
  <image_url>https://images.gr-assets.com/books/1366214559m/10959277.jpg</image_url>
  <small_image_url>https://images.gr-assets.com/books/1366214559s/10959277.jpg</small_image_url>
  <publication_year>2011</publication_year>
  <publication_month>11</publication_month>
  <publication_day>21</publication_day>
  <publisher>Razorbill</publisher>
  <language_code>en-US</language_code>
  <is_ebook>false</is_ebook>
  <description><![CDATA[It's 1996, and Josh and Emma have been neighbors their whole lives. They've been best friends almost as long—at least, up until last November, when Josh did something that changed everything. Things have been weird between them ever since, but when Josh's family gets a free AOL CD in the mail, his mom makes him bring it over so that Emma can install it on her new computer. When they sign on, they're automatically logged onto their Facebook pages. But Facebook hasn't been invented yet. And they're looking at themselves fifteen years in the future.<br /><br />By refreshing their pages, they learn that making different decisions now will affect the outcome of their lives later. And as they grapple with the ups and downs of what their futures hold, they're forced to confront what they're doing right—and wrong—in the present.]]></description>
  <work>
  <id type="integer">15876972</id>
  <books_count type="integer">40</books_count>
  <best_book_id type="integer">10959277</best_book_id>
  <reviews_count type="integer">80137</reviews_count>
  <ratings_sum type="integer">131628</ratings_sum>
  <ratings_count type="integer">36789</ratings_count>
  <text_reviews_count type="integer">5273</text_reviews_count>
  <original_publication_year type="integer">2011</original_publication_year>
  <original_publication_month type="integer">11</original_publication_month>
  <original_publication_day type="integer">1</original_publication_day>
  <original_title>The Future of Us</original_title>
  <original_language_id type="integer" nil="true"/>
  <media_type>book</media_type>
  <rating_dist>5:7481|4:12336|3:11873|2:4161|1:938|total:36789</rating_dist>
  <desc_user_id type="integer">3594300</desc_user_id>
  <default_chaptering_book_id type="integer" nil="true"/>
  <default_description_language_code nil="true"/>
</work>
  <average_rating>3.58</average_rating>
  <num_pages><![CDATA[356]]></num_pages>
  <format><![CDATA[]]></format>
  <edition_information><![CDATA[]]></edition_information>
  <ratings_count><![CDATA[32999]]></ratings_count>
  <text_reviews_count><![CDATA[4636]]></text_reviews_count>
  <url><![CDATA[https://www.goodreads.com/book/show/10959277-the-future-of-us]]></url>
  <link><![CDATA[https://www.goodreads.com/book/show/10959277-the-future-of-us]]></link>
  <authors>
<author>
<id>569269</id>
<name>Jay Asher</name>
<role></role>
<image_url nophoto='false'>
<![CDATA[https://images.gr-assets.com/authors/1243931536p5/569269.jpg]]>
</image_url>
<small_image_url nophoto='false'>
<![CDATA[https://images.gr-assets.com/authors/1243931536p2/569269.jpg]]>
</small_image_url>
<link><![CDATA[https://www.goodreads.com/author/show/569269.Jay_Asher]]></link>
<average_rating>3.99</average_rating>
<ratings_count>617483</ratings_count>
<text_reviews_count>50652</text_reviews_count>
</author>
<author>
<id>27621</id>
<name>Carolyn Mackler</name>
<role></role>
<image_url nophoto='false'>
<![CDATA[https://images.gr-assets.com/authors/1428601083p5/27621.jpg]]>
</image_url>
<small_image_url nophoto='false'>
<![CDATA[https://images.gr-assets.com/authors/1428601083p2/27621.jpg]]>
</small_image_url>
<link><![CDATA[https://www.goodreads.com/author/show/27621.Carolyn_Mackler]]></link>
<average_rating>3.65</average_rating>
<ratings_count>77329</ratings_count>
<text_reviews_count>8876</text_reviews_count>
</author>
</authors>

    <reviews_widget>
      <![CDATA[
        <style>
  #goodreads-widget {
    font-family: georgia, serif;
    padding: 18px 0;
    width:565px;
  }
  #goodreads-widget h1 {
    font-weight:normal;
    font-size: 16px;
    border-bottom: 1px solid #BBB596;
    margin-bottom: 0;
  }
  #goodreads-widget a {
    text-decoration: none;
    color:#660;
  }
  iframe{
    background-color: #fff;
  }
  #goodreads-widget a:hover { text-decoration: underline; }
  #goodreads-widget a:active {
    color:#660;
  }
  #gr_footer {
    width: 100%;
    border-top: 1px solid #BBB596;
    text-align: right;
  }
  #goodreads-widget .gr_branding{
    color: #382110;
    font-size: 11px;
    text-decoration: none;
    font-family: "Helvetica Neue", Helvetica, Arial, sans-serif;
  }
</style>
<div id="goodreads-widget">
  <div id="gr_header"><h1><a rel="nofollow" href="https://www.goodreads.com/book/show/10959277-the-future-of-us">The Future of Us Reviews</a></h1></div>
  <iframe id="the_iframe" src="https://www.goodreads.com/api/reviews_widget_iframe?did=DEVELOPER_ID&amp;format=html&amp;isbn=1595144919&amp;links=660&amp;min_rating=&amp;review_back=fff&amp;stars=000&amp;text=000" width="565" height="400" frameborder="0"></iframe>
  <div id="gr_footer">
    <a class="gr_branding" target="_blank" rel="nofollow" href="https://www.goodreads.com/book/show/10959277-the-future-of-us?utm_medium=api&amp;utm_source=reviews_widget">Reviews from Goodreads.com</a>
  </div>
</div>

      ]]>
    </reviews_widget>
  <popular_shelves>
      <shelf name="young-adult" count="1345"/>
      <shelf name="ya" count="832"/>
      <shelf name="to-read" count="497"/>
      <shelf name="romance" count="444"/>
      <shelf name="favorites" count="394"/>
      <shelf name="books-i-own" count="350"/>
      <shelf name="fiction" count="309"/>
      <shelf name="contemporary" count="281"/>
      <shelf name="science-fiction" count="240"/>
      <shelf name="sci-fi" count="207"/>
      <shelf name="owned" count="176"/>
      <shelf name="time-travel" count="174"/>
      <shelf name="read-in-2012" count="155"/>
      <shelf name="teen" count="150"/>
      <shelf name="fantasy" count="143"/>
      <shelf name="ya-fiction" count="107"/>
      <shelf name="realistic-fiction" count="106"/>
      <shelf name="library" count="97"/>
      <shelf name="friendship" count="87"/>
      <shelf name="to-buy" count="81"/>
      <shelf name="high-school" count="79"/>
      <shelf name="stand-alone" count="73"/>
      <shelf name="currently-reading" count="66"/>
      <shelf name="read-in-2011" count="64"/>
      <shelf name="coming-of-age" count="61"/>
      <shelf name="owned-books" count="60"/>
      <shelf name="young-adult-fiction" count="56"/>
      <shelf name="read-in-2013" count="55"/>
      <shelf name="relationships" count="54"/>
      <shelf name="arc" count="54"/>
      <shelf name="audiobooks" count="53"/>
      <shelf name="ya-lit" count="52"/>
      <shelf name="wish-list" count="52"/>
      <shelf name="i-own" count="51"/>
      <shelf name="ebook" count="49"/>
      <shelf name="ya-books" count="47"/>
      <shelf name="facebook" count="45"/>
      <shelf name="read-in-2014" count="42"/>
      <shelf name="audiobook" count="42"/>
      <shelf name="ebooks" count="42"/>
      <shelf name="ya-contemporary" count="42"/>
      <shelf name="teen-fiction" count="42"/>
      <shelf name="maybe" count="42"/>
      <shelf name="kindle" count="38"/>
      <shelf name="read-2012" count="37"/>
      <shelf name="my-books" count="36"/>
      <shelf name="chick-lit" count="36"/>
      <shelf name="audio" count="35"/>
      <shelf name="future" count="35"/>
      <shelf name="historical-fiction" count="32"/>
      <shelf name="library-books" count="31"/>
      <shelf name="book-club" count="31"/>
      <shelf name="realistic" count="31"/>
      <shelf name="read-in-2015" count="30"/>
      <shelf name="reviewed" count="30"/>
      <shelf name="contemporary-fiction" count="30"/>
      <shelf name="3-stars" count="29"/>
      <shelf name="2012-reads" count="29"/>
      <shelf name="magical-realism" count="29"/>
      <shelf name="read-2013" count="28"/>
      <shelf name="borrowed" count="28"/>
      <shelf name="alternating-viewpoints" count="27"/>
      <shelf name="school" count="27"/>
      <shelf name="scifi" count="26"/>
      <shelf name="want-to-read" count="26"/>
      <shelf name="jay-asher" count="25"/>
      <shelf name="standalone" count="24"/>
      <shelf name="love" count="23"/>
      <shelf name="favourites" count="23"/>
      <shelf name="ya-romance" count="23"/>
      <shelf name="meh" count="22"/>
      <shelf name="drama" count="22"/>
      <shelf name="mystery" count="21"/>
      <shelf name="internet" count="21"/>
      <shelf name="abandoned" count="21"/>
      <shelf name="stand-alones" count="20"/>
      <shelf name="youngadult" count="20"/>
      <shelf name="teen-books" count="20"/>
      <shelf name="need-to-buy" count="20"/>
      <shelf name="read-2014" count="19"/>
      <shelf name="e-books" count="19"/>
      <shelf name="my-library" count="19"/>
      <shelf name="books" count="18"/>
      <shelf name="2-stars" count="18"/>
      <shelf name="audio-books" count="18"/>
      <shelf name="audio-book" count="18"/>
      <shelf name="want-to-buy" count="18"/>
      <shelf name="library-book" count="18"/>
      <shelf name="have" count="18"/>
      <shelf name="young-adult-books" count="18"/>
      <shelf name="english" count="18"/>
      <shelf name="read-in-8th-grade" count="17"/>
      <shelf name="didn-t-finish" count="17"/>
      <shelf name="disappointing" count="17"/>
      <shelf name="young-adult-lit" count="17"/>
      <shelf name="teen-romance" count="17"/>
      <shelf name="for-review" count="17"/>
      <shelf name="2014-reads" count="16"/>
      <shelf name="1990s" count="16"/>
      <shelf name="2012-books" count="16"/>
  </popular_shelves>
  <book_links>
    <book_link>
  <id>8</id>
  <name>Libraries</name>
  <link>https://www.goodreads.com/book_link/follow/8</link>
</book_link>

  </book_links>
  <buy_links>
    <buy_link>
<id>1</id>
<name>Amazon</name>
<link>https://www.goodreads.com/book_link/follow/1</link>
</buy_link>
<buy_link>
<id>10</id>
<name>Audible</name>
<link>https://www.goodreads.com/book_link/follow/10</link>
</buy_link>
<buy_link>
<id>3</id>
<name>Barnes &amp; Noble</name>
<link>https://www.goodreads.com/book_link/follow/3</link>
</buy_link>
<buy_link>
<id>1027</id>
<name>Kobo</name>
<link>https://www.goodreads.com/book_link/follow/1027</link>
</buy_link>
<buy_link>
<id>2102</id>
<name>Apple iBooks</name>
<link>https://www.goodreads.com/book_link/follow/2102</link>
</buy_link>
<buy_link>
<id>8036</id>
<name>Google Play</name>
<link>https://www.goodreads.com/book_link/follow/8036</link>
</buy_link>
<buy_link>
<id>4</id>
<name>Abebooks</name>
<link>https://www.goodreads.com/book_link/follow/4</link>
</buy_link>
<buy_link>
<id>882</id>
<name>Book Depository</name>
<link>https://www.goodreads.com/book_link/follow/882</link>
</buy_link>
<buy_link>
<id>9</id>
<name>Indigo</name>
<link>https://www.goodreads.com/book_link/follow/9</link>
</buy_link>
<buy_link>
<id>2</id>
<name>Half.com</name>
<link>https://www.goodreads.com/book_link/follow/2</link>
</buy_link>
<buy_link>
<id>5</id>
<name>Alibris</name>
<link>https://www.goodreads.com/book_link/follow/5</link>
</buy_link>
<buy_link>
<id>107</id>
<name>Better World Books</name>
<link>https://www.goodreads.com/book_link/follow/107</link>
</buy_link>
<buy_link>
<id>7</id>
<name>IndieBound</name>
<link>https://www.goodreads.com/book_link/follow/7</link>
</buy_link>

  </buy_links>
  <series_works>
    
  </series_works>
  <similar_books>
          <book>
<id>8715124</id>
<title>Dreamland Social Club</title>
<title_without_series>Dreamland Social Club</title_without_series>
<link><![CDATA[https://www.goodreads.com/book/show/8715124-dreamland-social-club]]></link>
<small_image_url><![CDATA[https://s.gr-assets.com/assets/nophoto/book/50x75-a91bf249278a81aabab721ef782c4a74.png]]></small_image_url>
<image_url><![CDATA[https://s.gr-assets.com/assets/nophoto/book/111x148-bcc042a9c91a29c1d680899eff700a03.png]]></image_url>
<num_pages>389</num_pages>
<work>
<id>13588007</id>
</work>
<isbn>0525423257</isbn>
<isbn13>9780525423256</isbn13>
<average_rating>3.71</average_rating>
<ratings_count>807</ratings_count>
<publication_year>2011</publication_year>
<publication_month>5</publication_month>
<publication_day>12</publication_day>
<authors>
<author>
<id>168413</id>
<name>Tara Altebrando</name>
<link><![CDATA[https://www.goodreads.com/author/show/168413.Tara_Altebrando]]></link>
</author>
</authors>
</book>

          <book>
<id>7092348</id>
<title><![CDATA[Seth Baumgartner's Love Manifesto]]></title>
<title_without_series><![CDATA[Seth Baumgartner's Love Manifesto]]></title_without_series>
<link><![CDATA[https://www.goodreads.com/book/show/7092348-seth-baumgartner-s-love-manifesto]]></link>
<small_image_url><![CDATA[https://images.gr-assets.com/books/1257816266s/7092348.jpg]]></small_image_url>
<image_url><![CDATA[https://images.gr-assets.com/books/1257816266m/7092348.jpg]]></image_url>
<num_pages>293</num_pages>
<work>
<id>7348736</id>
</work>
<isbn>0061827533</isbn>
<isbn13>9780061827532</isbn13>
<average_rating>3.56</average_rating>
<ratings_count>857</ratings_count>
<publication_year>2010</publication_year>
<publication_month>6</publication_month>
<publication_day>8</publication_day>
<authors>
<author>
<id>641402</id>
<name>Eric Luper</name>
<link><![CDATA[https://www.goodreads.com/author/show/641402.Eric_Luper]]></link>
</author>
</authors>
</book>

          <book>
<id>10355643</id>
<title>Going Underground</title>
<title_without_series>Going Underground</title_without_series>
<link><![CDATA[https://www.goodreads.com/book/show/10355643-going-underground]]></link>
<small_image_url><![CDATA[https://images.gr-assets.com/books/1346806128s/10355643.jpg]]></small_image_url>
<image_url><![CDATA[https://images.gr-assets.com/books/1346806128m/10355643.jpg]]></image_url>
<num_pages>336</num_pages>
<work>
<id>15258587</id>
</work>
<isbn>1599906406</isbn>
<isbn13>9781599906409</isbn13>
<average_rating>3.71</average_rating>
<ratings_count>678</ratings_count>
<publication_year>2011</publication_year>
<publication_month>9</publication_month>
<publication_day>13</publication_day>
<authors>
<author>
<id>230018</id>
<name>Susan Vaught</name>
<link><![CDATA[https://www.goodreads.com/author/show/230018.Susan_Vaught]]></link>
</author>
</authors>
</book>

          <book>
<id>10051706</id>
<title><![CDATA[Au Revoir, Crazy European Chick (Perry & Gobi, #1)]]></title>
<title_without_series><![CDATA[Au Revoir, Crazy European Chick]]></title_without_series>
<link><![CDATA[https://www.goodreads.com/book/show/10051706-au-revoir-crazy-european-chick]]></link>
<small_image_url><![CDATA[https://images.gr-assets.com/books/1344947017s/10051706.jpg]]></small_image_url>
<image_url><![CDATA[https://images.gr-assets.com/books/1344947017m/10051706.jpg]]></image_url>
<num_pages>190</num_pages>
<work>
<id>14836611</id>
</work>
<isbn>0547577389</isbn>
<isbn13>9780547577388</isbn13>
<average_rating>3.59</average_rating>
<ratings_count>4060</ratings_count>
<publication_year>2011</publication_year>
<publication_month>10</publication_month>
<publication_day>25</publication_day>
<authors>
<author>
<id>263547</id>
<name>Joe Schreiber</name>
<link><![CDATA[https://www.goodreads.com/author/show/263547.Joe_Schreiber]]></link>
</author>
</authors>
</book>

          <book>
<id>6693333</id>
<title>Gimme a Call</title>
<title_without_series>Gimme a Call</title_without_series>
<link><![CDATA[https://www.goodreads.com/book/show/6693333-gimme-a-call]]></link>
<small_image_url><![CDATA[https://images.gr-assets.com/books/1384374692s/6693333.jpg]]></small_image_url>
<image_url><![CDATA[https://images.gr-assets.com/books/1384374692m/6693333.jpg]]></image_url>
<num_pages></num_pages>
<work>
<id>6888829</id>
</work>
<isbn>038573588X</isbn>
<isbn13>9780385735889</isbn13>
<average_rating>3.76</average_rating>
<ratings_count>4820</ratings_count>
<publication_year></publication_year>
<publication_month></publication_month>
<publication_day></publication_day>
<authors>
<author>
<id>771</id>
<name>Sarah Mlynowski</name>
<link><![CDATA[https://www.goodreads.com/author/show/771.Sarah_Mlynowski]]></link>
</author>
</authors>
</book>

          <book>
<id>8922184</id>
<title>Want to Go Private?</title>
<title_without_series>Want to Go Private?</title_without_series>
<link><![CDATA[https://www.goodreads.com/book/show/8922184-want-to-go-private]]></link>
<small_image_url><![CDATA[https://images.gr-assets.com/books/1298185274s/8922184.jpg]]></small_image_url>
<image_url><![CDATA[https://images.gr-assets.com/books/1298185274m/8922184.jpg]]></image_url>
<num_pages>330</num_pages>
<work>
<id>13798641</id>
</work>
<isbn>0545151465</isbn>
<isbn13>9780545151467</isbn13>
<average_rating>3.80</average_rating>
<ratings_count>3328</ratings_count>
<publication_year>2011</publication_year>
<publication_month>8</publication_month>
<publication_day>1</publication_day>
<authors>
<author>
<id>50274</id>
<name>Sarah Darer Littman</name>
<link><![CDATA[https://www.goodreads.com/author/show/50274.Sarah_Darer_Littman]]></link>
</author>
</authors>
</book>

          <book>
<id>8884822</id>
<title>Small Town Sinners</title>
<title_without_series>Small Town Sinners</title_without_series>
<link><![CDATA[https://www.goodreads.com/book/show/8884822-small-town-sinners]]></link>
<small_image_url><![CDATA[https://images.gr-assets.com/books/1288904420s/8884822.jpg]]></small_image_url>
<image_url><![CDATA[https://images.gr-assets.com/books/1288904420m/8884822.jpg]]></image_url>
<num_pages>259</num_pages>
<work>
<id>13798553</id>
</work>
<isbn></isbn>
<isbn13>978159990527</isbn13>
<average_rating>3.51</average_rating>
<ratings_count>1201</ratings_count>
<publication_year>2011</publication_year>
<publication_month>7</publication_month>
<publication_day>19</publication_day>
<authors>
<author>
<id>888893</id>
<name>Melissa C. Walker</name>
<link><![CDATA[https://www.goodreads.com/author/show/888893.Melissa_C_Walker]]></link>
</author>
</authors>
</book>

          <book>
<id>10668038</id>
<title>Virtuosity</title>
<title_without_series>Virtuosity</title_without_series>
<link><![CDATA[https://www.goodreads.com/book/show/10668038-virtuosity]]></link>
<small_image_url><![CDATA[https://images.gr-assets.com/books/1322969710s/10668038.jpg]]></small_image_url>
<image_url><![CDATA[https://images.gr-assets.com/books/1322969710m/10668038.jpg]]></image_url>
<num_pages>294</num_pages>
<work>
<id>13282328</id>
</work>
<isbn>1442420529</isbn>
<isbn13>9781442420526</isbn13>
<average_rating>3.77</average_rating>
<ratings_count>3782</ratings_count>
<publication_year>2011</publication_year>
<publication_month>10</publication_month>
<publication_day>18</publication_day>
<authors>
<author>
<id>4074037</id>
<name>Jessica Martinez</name>
<link><![CDATA[https://www.goodreads.com/author/show/4074037.Jessica_Martinez]]></link>
</author>
</authors>
</book>

          <book>
<id>10757844</id>
<title>Winter Town</title>
<title_without_series>Winter Town</title_without_series>
<link><![CDATA[https://www.goodreads.com/book/show/10757844-winter-town]]></link>
<small_image_url><![CDATA[https://images.gr-assets.com/books/1371968905s/10757844.jpg]]></small_image_url>
<image_url><![CDATA[https://images.gr-assets.com/books/1371968905m/10757844.jpg]]></image_url>
<num_pages>331</num_pages>
<work>
<id>14697097</id>
</work>
<isbn>0316133329</isbn>
<isbn13>9780316133326</isbn13>
<average_rating>3.43</average_rating>
<ratings_count>2867</ratings_count>
<publication_year></publication_year>
<publication_month></publication_month>
<publication_day></publication_day>
<authors>
<author>
<id>2915925</id>
<name>Stephen Emond</name>
<link><![CDATA[https://www.goodreads.com/author/show/2915925.Stephen_Emond]]></link>
</author>
</authors>
</book>

          <book>
<id>9972838</id>
<title>Every You, Every Me</title>
<title_without_series>Every You, Every Me</title_without_series>
<link><![CDATA[https://www.goodreads.com/book/show/9972838-every-you-every-me]]></link>
<small_image_url><![CDATA[https://images.gr-assets.com/books/1320533301s/9972838.jpg]]></small_image_url>
<image_url><![CDATA[https://images.gr-assets.com/books/1320533301m/9972838.jpg]]></image_url>
<num_pages>245</num_pages>
<work>
<id>14867116</id>
</work>
<isbn>0375860983</isbn>
<isbn13>9780375860980</isbn13>
<average_rating>3.42</average_rating>
<ratings_count>7008</ratings_count>
<publication_year>2011</publication_year>
<publication_month>9</publication_month>
<publication_day>13</publication_day>
<authors>
<author>
<id>11664</id>
<name>David Levithan</name>
<link><![CDATA[https://www.goodreads.com/author/show/11664.David_Levithan]]></link>
</author>
</authors>
</book>

          <book>
<id>8663305</id>
<title>Ten Miles Past Normal</title>
<title_without_series>Ten Miles Past Normal</title_without_series>
<link><![CDATA[https://www.goodreads.com/book/show/8663305-ten-miles-past-normal]]></link>
<small_image_url><![CDATA[https://images.gr-assets.com/books/1304604321s/8663305.jpg]]></small_image_url>
<image_url><![CDATA[https://images.gr-assets.com/books/1304604321m/8663305.jpg]]></image_url>
<num_pages>211</num_pages>
<work>
<id>13534796</id>
</work>
<isbn>1416995854</isbn>
<isbn13>9781416995852</isbn13>
<average_rating>3.60</average_rating>
<ratings_count>2443</ratings_count>
<publication_year>2011</publication_year>
<publication_month>3</publication_month>
<publication_day>22</publication_day>
<authors>
<author>
<id>79632</id>
<name>Frances O&apos;Roark Dowell</name>
<link><![CDATA[https://www.goodreads.com/author/show/79632.Frances_O_Roark_Dowell]]></link>
</author>
</authors>
</book>

          <book>
<id>9415951</id>
<title>Forgotten</title>
<title_without_series>Forgotten</title_without_series>
<link><![CDATA[https://www.goodreads.com/book/show/9415951-forgotten]]></link>
<small_image_url><![CDATA[https://images.gr-assets.com/books/1327916264s/9415951.jpg]]></small_image_url>
<image_url><![CDATA[https://images.gr-assets.com/books/1327916264m/9415951.jpg]]></image_url>
<num_pages>304</num_pages>
<work>
<id>13902945</id>
</work>
<isbn>0316094617</isbn>
<isbn13>9780316094610</isbn13>
<average_rating>3.79</average_rating>
<ratings_count>16687</ratings_count>
<publication_year>2011</publication_year>
<publication_month>6</publication_month>
<publication_day>7</publication_day>
<authors>
<author>
<id>4254441</id>
<name>Cat Patrick</name>
<link><![CDATA[https://www.goodreads.com/author/show/4254441.Cat_Patrick]]></link>
</author>
</authors>
</book>

          <book>
<id>9858517</id>
<title><![CDATA[All These Things I've Done (Birthright, #1)]]></title>
<title_without_series>All These Things I&apos;ve Done</title_without_series>
<link><![CDATA[https://www.goodreads.com/book/show/9858517-all-these-things-i-ve-done]]></link>
<small_image_url><![CDATA[https://s.gr-assets.com/assets/nophoto/book/50x75-a91bf249278a81aabab721ef782c4a74.png]]></small_image_url>
<image_url><![CDATA[https://s.gr-assets.com/assets/nophoto/book/111x148-bcc042a9c91a29c1d680899eff700a03.png]]></image_url>
<num_pages>354</num_pages>
<work>
<id>13155860</id>
</work>
<isbn>0374302103</isbn>
<isbn13>9780374302108</isbn13>
<average_rating>3.72</average_rating>
<ratings_count>12495</ratings_count>
<publication_year>2011</publication_year>
<publication_month>9</publication_month>
<publication_day>6</publication_day>
<authors>
<author>
<id>40593</id>
<name>Gabrielle Zevin</name>
<link><![CDATA[https://www.goodreads.com/author/show/40593.Gabrielle_Zevin]]></link>
</author>
</authors>
</book>

          <book>
<id>6435578</id>
<title><![CDATA[The Dark Days of Hamburger Halpin]]></title>
<title_without_series><![CDATA[The Dark Days of Hamburger Halpin]]></title_without_series>
<link><![CDATA[https://www.goodreads.com/book/show/6435578-the-dark-days-of-hamburger-halpin]]></link>
<small_image_url><![CDATA[https://images.gr-assets.com/books/1320389581s/6435578.jpg]]></small_image_url>
<image_url><![CDATA[https://images.gr-assets.com/books/1320389581m/6435578.jpg]]></image_url>
<num_pages>248</num_pages>
<work>
<id>6625130</id>
</work>
<isbn>0375956999</isbn>
<isbn13>9780375956997</isbn13>
<average_rating>3.61</average_rating>
<ratings_count>1353</ratings_count>
<publication_year>2010</publication_year>
<publication_month>2</publication_month>
<publication_day>9</publication_day>
<authors>
<author>
<id>2917433</id>
<name>Josh Berk</name>
<link><![CDATA[https://www.goodreads.com/author/show/2917433.Josh_Berk]]></link>
</author>
</authors>
</book>

          <book>
<id>10757806</id>
<title>How to Save a Life</title>
<title_without_series>How to Save a Life</title_without_series>
<link><![CDATA[https://www.goodreads.com/book/show/10757806-how-to-save-a-life]]></link>
<small_image_url><![CDATA[https://images.gr-assets.com/books/1337211222s/10757806.jpg]]></small_image_url>
<image_url><![CDATA[https://images.gr-assets.com/books/1337211222m/10757806.jpg]]></image_url>
<num_pages>341</num_pages>
<work>
<id>14982110</id>
</work>
<isbn>0316036064</isbn>
<isbn13>9780316036061</isbn13>
<average_rating>3.89</average_rating>
<ratings_count>14341</ratings_count>
<publication_year>2011</publication_year>
<publication_month>10</publication_month>
<publication_day>18</publication_day>
<authors>
<author>
<id>19093</id>
<name>Sara Zarr</name>
<link><![CDATA[https://www.goodreads.com/author/show/19093.Sara_Zarr]]></link>
</author>
</authors>
</book>

          <book>
<id>10429005</id>
<title>The Beginning of After</title>
<title_without_series>The Beginning of After</title_without_series>
<link><![CDATA[https://www.goodreads.com/book/show/10429005-the-beginning-of-after]]></link>
<small_image_url><![CDATA[https://images.gr-assets.com/books/1299063090s/10429005.jpg]]></small_image_url>
<image_url><![CDATA[https://images.gr-assets.com/books/1299063090m/10429005.jpg]]></image_url>
<num_pages>425</num_pages>
<work>
<id>15333418</id>
</work>
<isbn>0061985791</isbn>
<isbn13>9780061985799</isbn13>
<average_rating>3.77</average_rating>
<ratings_count>7534</ratings_count>
<publication_year>2011</publication_year>
<publication_month>9</publication_month>
<publication_day>6</publication_day>
<authors>
<author>
<id>397315</id>
<name>Jennifer Castle</name>
<link><![CDATA[https://www.goodreads.com/author/show/397315.Jennifer_Castle]]></link>
</author>
</authors>
</book>

          <book>
<id>4284815</id>
<title>Brutal</title>
<title_without_series>Brutal</title_without_series>
<link><![CDATA[https://www.goodreads.com/book/show/4284815-brutal]]></link>
<small_image_url><![CDATA[https://images.gr-assets.com/books/1320488755s/4284815.jpg]]></small_image_url>
<image_url><![CDATA[https://images.gr-assets.com/books/1320488755m/4284815.jpg]]></image_url>
<num_pages>256</num_pages>
<work>
<id>4332368</id>
</work>
<isbn>0375940995</isbn>
<isbn13>9780375940996</isbn13>
<average_rating>3.70</average_rating>
<ratings_count>918</ratings_count>
<publication_year>2009</publication_year>
<publication_month>3</publication_month>
<publication_day>10</publication_day>
<authors>
<author>
<id>270820</id>
<name>Michael Harmon</name>
<link><![CDATA[https://www.goodreads.com/author/show/270820.Michael_Harmon]]></link>
</author>
</authors>
</book>

          <book>
<id>10841337</id>
<title>If I Tell</title>
<title_without_series>If I Tell</title_without_series>
<link><![CDATA[https://www.goodreads.com/book/show/10841337-if-i-tell]]></link>
<small_image_url><![CDATA[https://images.gr-assets.com/books/1304190476s/10841337.jpg]]></small_image_url>
<image_url><![CDATA[https://images.gr-assets.com/books/1304190476m/10841337.jpg]]></image_url>
<num_pages></num_pages>
<work>
<id>15755649</id>
</work>
<isbn>1402261039</isbn>
<isbn13>9781402261039</isbn13>
<average_rating>3.65</average_rating>
<ratings_count>1481</ratings_count>
<publication_year></publication_year>
<publication_month></publication_month>
<publication_day></publication_day>
<authors>
<author>
<id>4147574</id>
<name>Janet Gurtler</name>
<link><![CDATA[https://www.goodreads.com/author/show/4147574.Janet_Gurtler]]></link>
</author>
</authors>
</book>

  </similar_books>
</book>

</GoodreadsResponse>