<?xml version="1.0" encoding="UTF-8"?>
<GoodreadsResponse>
  <Request>
    <authentication>true</authentication>
      <key><![CDATA[all_men_must_serve]]></key>
    <method><![CDATA[book_show]]></method>
  </Request>
  <book>
  <id>109510</id>
  <title>The Negotiator</title>
  <isbn><![CDATA[0553283936]]></isbn>
  <isbn13><![CDATA[9780553283938]]></isbn13>
  <asin><![CDATA[]]></asin>
  <kindle_asin><![CDATA[B0051UT72G]]></kindle_asin>
  <marketplace_id><![CDATA[A1F83G8C2ARO7P]]></marketplace_id>
  <country_code><![CDATA[GB]]></country_code>
  <image_url>https://images.gr-assets.com/books/1320493289m/109510.jpg</image_url>
  <small_image_url>https://images.gr-assets.com/books/1320493289s/109510.jpg</small_image_url>
  <publication_year>1990</publication_year>
  <publication_month>3</publication_month>
  <publication_day></publication_day>
  <publisher>Bantam</publisher>
  <language_code>eng</language_code>
  <is_ebook>false</is_ebook>
  <description><![CDATA[Frederick Forsyth,  master of the international thriller, retums with  an electrifying story of a man of immense power and  a conspiracy to crush the President of the United  States. Only one man--Forsyth's most  unforgettable hero yet--can prevent the plan from succeeding.  His name is Quinn. He is the  Negotiator.President Cormack is  bent on a signing a sweeping U.S.-Soviet  disarmament treaty, and the master conspirator is  determined to stop him. The kidnapping of a young man on a  country road in Oxfordshire is but the first  brutal step in the explosive plot engineer the  president's destruction. Enter  Quinn.  Quinn plays the  kidnappers like a master musician. . . until, in a shocking  tumabout, he discovers that ransom was not their  objection after all--and that he has been lured  into a cunningly woven web. Now he must draw upon  his deepest strengths--to save not only the victim  but the entire free  world.]]></description>
  <work>
  <id type="integer">1807840</id>
  <books_count type="integer">58</books_count>
  <best_book_id type="integer">109510</best_book_id>
  <reviews_count type="integer">13016</reviews_count>
  <ratings_sum type="integer">36427</ratings_sum>
  <ratings_count type="integer">9231</ratings_count>
  <text_reviews_count type="integer">168</text_reviews_count>
  <original_publication_year type="integer">1989</original_publication_year>
  <original_publication_month type="integer" nil="true"/>
  <original_publication_day type="integer" nil="true"/>
  <original_title>The Negotiator</original_title>
  <original_language_id type="integer" nil="true"/>
  <media_type>book</media_type>
  <rating_dist>5:2641|4:3921|3:2269|2:331|1:69|total:9231</rating_dist>
  <desc_user_id type="integer">184795</desc_user_id>
  <default_chaptering_book_id type="integer" nil="true"/>
  <default_description_language_code nil="true"/>
</work>
  <average_rating>3.95</average_rating>
  <num_pages><![CDATA[512]]></num_pages>
  <format><![CDATA[Mass Market Paperback]]></format>
  <edition_information><![CDATA[]]></edition_information>
  <ratings_count><![CDATA[8686]]></ratings_count>
  <text_reviews_count><![CDATA[136]]></text_reviews_count>
  <url><![CDATA[https://www.goodreads.com/book/show/109510.The_Negotiator]]></url>
  <link><![CDATA[https://www.goodreads.com/book/show/109510.The_Negotiator]]></link>
  <authors>
<author>
<id>36714</id>
<name>Frederick Forsyth</name>
<role></role>
<image_url nophoto='false'>
<![CDATA[https://images.gr-assets.com/authors/1224097067p5/36714.jpg]]>
</image_url>
<small_image_url nophoto='false'>
<![CDATA[https://images.gr-assets.com/authors/1224097067p2/36714.jpg]]>
</small_image_url>
<link><![CDATA[https://www.goodreads.com/author/show/36714.Frederick_Forsyth]]></link>
<average_rating>4.05</average_rating>
<ratings_count>255959</ratings_count>
<text_reviews_count>5949</text_reviews_count>
</author>
</authors>

    <reviews_widget>
      <![CDATA[
        <style>
  #goodreads-widget {
    font-family: georgia, serif;
    padding: 18px 0;
    width:565px;
  }
  #goodreads-widget h1 {
    font-weight:normal;
    font-size: 16px;
    border-bottom: 1px solid #BBB596;
    margin-bottom: 0;
  }
  #goodreads-widget a {
    text-decoration: none;
    color:#660;
  }
  iframe{
    background-color: #fff;
  }
  #goodreads-widget a:hover { text-decoration: underline; }
  #goodreads-widget a:active {
    color:#660;
  }
  #gr_footer {
    width: 100%;
    border-top: 1px solid #BBB596;
    text-align: right;
  }
  #goodreads-widget .gr_branding{
    color: #382110;
    font-size: 11px;
    text-decoration: none;
    font-family: "Helvetica Neue", Helvetica, Arial, sans-serif;
  }
</style>
<div id="goodreads-widget">
  <div id="gr_header"><h1><a rel="nofollow" href="https://www.goodreads.com/book/show/109510.The_Negotiator">The Negotiator Reviews</a></h1></div>
  <iframe id="the_iframe" src="https://www.goodreads.com/api/reviews_widget_iframe?did=DEVELOPER_ID&amp;format=html&amp;isbn=0553283936&amp;links=660&amp;min_rating=&amp;review_back=fff&amp;stars=000&amp;text=000" width="565" height="400" frameborder="0"></iframe>
  <div id="gr_footer">
    <a class="gr_branding" target="_blank" rel="nofollow" href="https://www.goodreads.com/book/show/109510.The_Negotiator?utm_medium=api&amp;utm_source=reviews_widget">Reviews from Goodreads.com</a>
  </div>
</div>

      ]]>
    </reviews_widget>
  <popular_shelves>
      <shelf name="to-read" count="505"/>
      <shelf name="fiction" count="132"/>
      <shelf name="thriller" count="108"/>
      <shelf name="frederick-forsyth" count="43"/>
      <shelf name="default" count="42"/>
      <shelf name="thrillers" count="29"/>
      <shelf name="owned" count="24"/>
      <shelf name="forsyth" count="21"/>
      <shelf name="mystery" count="19"/>
      <shelf name="espionage" count="18"/>
      <shelf name="suspense" count="17"/>
      <shelf name="currently-reading" count="12"/>
      <shelf name="adventure" count="12"/>
      <shelf name="favorites" count="12"/>
      <shelf name="novels" count="11"/>
      <shelf name="owned-books" count="9"/>
      <shelf name="library" count="8"/>
      <shelf name="politics" count="8"/>
      <shelf name="forsyth-frederick" count="8"/>
      <shelf name="spy" count="8"/>
      <shelf name="books-i-own" count="7"/>
      <shelf name="my-books" count="6"/>
      <shelf name="novel" count="6"/>
      <shelf name="action-adventure" count="5"/>
      <shelf name="calibre" count="5"/>
      <shelf name="action" count="5"/>
      <shelf name="english" count="5"/>
      <shelf name="ebooks" count="5"/>
      <shelf name="crime" count="5"/>
      <shelf name="conspiracy" count="5"/>
      <shelf name="political-thriller" count="4"/>
      <shelf name="suspense-thriller" count="4"/>
      <shelf name="fiction-thriller" count="4"/>
      <shelf name="personal-library" count="4"/>
      <shelf name="mystery-thriller" count="4"/>
      <shelf name="kidnapping" count="4"/>
      <shelf name="frederick" count="4"/>
      <shelf name="spy-thriller" count="4"/>
      <shelf name="my-library" count="4"/>
      <shelf name="shelfari-favorites" count="3"/>
      <shelf name="espionage-intrigue" count="3"/>
      <shelf name="books" count="3"/>
      <shelf name="mystery-thrillers" count="3"/>
      <shelf name="unread" count="3"/>
      <shelf name="kindle" count="3"/>
      <shelf name="have" count="3"/>
      <shelf name="crime-fiction" count="3"/>
      <shelf name="general" count="3"/>
      <shelf name="spy-fiction" count="3"/>
      <shelf name="ebook" count="3"/>
      <shelf name="spionaggio" count="3"/>
      <shelf name="i-own" count="3"/>
      <shelf name="audiobook" count="3"/>
      <shelf name="thuis" count="2"/>
      <shelf name="home-library" count="2"/>
      <shelf name="mysteries-thrillers" count="2"/>
      <shelf name="kelly" count="2"/>
      <shelf name="mysteries" count="2"/>
      <shelf name="have-it" count="2"/>
      <shelf name="general-fiction" count="2"/>
      <shelf name="mystery-suspense-thriller" count="2"/>
      <shelf name="fiction-suspense" count="2"/>
      <shelf name="narrativa" count="2"/>
      <shelf name="to-read-thriller" count="2"/>
      <shelf name="shelved" count="2"/>
      <shelf name="finished" count="2"/>
      <shelf name="just-there" count="2"/>
      <shelf name="spy-novels" count="2"/>
      <shelf name="4-stars" count="2"/>
      <shelf name="to-buy" count="2"/>
      <shelf name="to-read-fiction" count="2"/>
      <shelf name="best" count="2"/>
      <shelf name="hard-copy" count="2"/>
      <shelf name="biblioteca" count="2"/>
      <shelf name="terrorism" count="2"/>
      <shelf name="page-turner" count="2"/>
      <shelf name="fiction-and-literature" count="2"/>
      <shelf name="cold-war" count="2"/>
      <shelf name="wish-list" count="2"/>
      <shelf name="fredrick-forsyth" count="2"/>
      <shelf name="f" count="2"/>
      <shelf name="war" count="2"/>
      <shelf name="political" count="2"/>
      <shelf name="offenses" count="2"/>
      <shelf name="crimes" count="2"/>
      <shelf name="old" count="2"/>
      <shelf name="favourites" count="2"/>
      <shelf name="genre-thriller" count="2"/>
      <shelf name="hardcover" count="2"/>
      <shelf name="dutch" count="2"/>
      <shelf name="paperback" count="2"/>
      <shelf name="crime-thriller" count="2"/>
      <shelf name="suspense-thrillers" count="2"/>
      <shelf name="other" count="2"/>
      <shelf name="indonesian" count="2"/>
      <shelf name="favorite" count="1"/>
      <shelf name="nous-possėdons" count="1"/>
      <shelf name="thrillers-normal" count="1"/>
      <shelf name="recent-fiction" count="1"/>
      <shelf name="spy-novel-or-thriller" count="1"/>
  </popular_shelves>
  <book_links>
    <book_link>
  <id>8</id>
  <name>Libraries</name>
  <link>https://www.goodreads.com/book_link/follow/8</link>
</book_link>

  </book_links>
  <buy_links>
    <buy_link>
<id>1</id>
<name>Amazon</name>
<link>https://www.goodreads.com/book_link/follow/1</link>
</buy_link>
<buy_link>
<id>10</id>
<name>Audible</name>
<link>https://www.goodreads.com/book_link/follow/10</link>
</buy_link>
<buy_link>
<id>3</id>
<name>Barnes &amp; Noble</name>
<link>https://www.goodreads.com/book_link/follow/3</link>
</buy_link>
<buy_link>
<id>1027</id>
<name>Kobo</name>
<link>https://www.goodreads.com/book_link/follow/1027</link>
</buy_link>
<buy_link>
<id>2102</id>
<name>Apple iBooks</name>
<link>https://www.goodreads.com/book_link/follow/2102</link>
</buy_link>
<buy_link>
<id>8036</id>
<name>Google Play</name>
<link>https://www.goodreads.com/book_link/follow/8036</link>
</buy_link>
<buy_link>
<id>4</id>
<name>Abebooks</name>
<link>https://www.goodreads.com/book_link/follow/4</link>
</buy_link>
<buy_link>
<id>882</id>
<name>Book Depository</name>
<link>https://www.goodreads.com/book_link/follow/882</link>
</buy_link>
<buy_link>
<id>9</id>
<name>Indigo</name>
<link>https://www.goodreads.com/book_link/follow/9</link>
</buy_link>
<buy_link>
<id>2</id>
<name>Half.com</name>
<link>https://www.goodreads.com/book_link/follow/2</link>
</buy_link>
<buy_link>
<id>5</id>
<name>Alibris</name>
<link>https://www.goodreads.com/book_link/follow/5</link>
</buy_link>
<buy_link>
<id>107</id>
<name>Better World Books</name>
<link>https://www.goodreads.com/book_link/follow/107</link>
</buy_link>
<buy_link>
<id>7</id>
<name>IndieBound</name>
<link>https://www.goodreads.com/book_link/follow/7</link>
</buy_link>

  </buy_links>
  <series_works>
    
  </series_works>
  <similar_books>
          <book>
<id>31265</id>
<title>The Scorpio Illusion</title>
<title_without_series>The Scorpio Illusion</title_without_series>
<link><![CDATA[https://www.goodreads.com/book/show/31265.The_Scorpio_Illusion]]></link>
<small_image_url><![CDATA[https://s.gr-assets.com/assets/nophoto/book/50x75-a91bf249278a81aabab721ef782c4a74.png]]></small_image_url>
<image_url><![CDATA[https://s.gr-assets.com/assets/nophoto/book/111x148-bcc042a9c91a29c1d680899eff700a03.png]]></image_url>
<num_pages>624</num_pages>
<work>
<id>3357799</id>
</work>
<isbn>0752858475</isbn>
<isbn13>9780752858470</isbn13>
<average_rating>3.84</average_rating>
<ratings_count>5937</ratings_count>
<publication_year>2005</publication_year>
<publication_month></publication_month>
<publication_day></publication_day>
<authors>
<author>
<id>5293</id>
<name>Robert Ludlum</name>
<link><![CDATA[https://www.goodreads.com/author/show/5293.Robert_Ludlum]]></link>
</author>
</authors>
</book>

          <book>
<id>1809256</id>
<title><![CDATA[Winter Hawk (Mitchell Gant, #3)]]></title>
<title_without_series>Winter Hawk</title_without_series>
<link><![CDATA[https://www.goodreads.com/book/show/1809256.Winter_Hawk]]></link>
<small_image_url><![CDATA[https://images.gr-assets.com/books/1319764774s/1809256.jpg]]></small_image_url>
<image_url><![CDATA[https://images.gr-assets.com/books/1319764774m/1809256.jpg]]></image_url>
<num_pages>605</num_pages>
<work>
<id>1936432</id>
</work>
<isbn>0006174345</isbn>
<isbn13>9780006174349</isbn13>
<average_rating>3.65</average_rating>
<ratings_count>346</ratings_count>
<publication_year>1988</publication_year>
<publication_month></publication_month>
<publication_day></publication_day>
<authors>
<author>
<id>111791</id>
<name>Craig Thomas</name>
<link><![CDATA[https://www.goodreads.com/author/show/111791.Craig_Thomas]]></link>
</author>
</authors>
</book>

          <book>
<id>124919</id>
<title>The Evening News</title>
<title_without_series>The Evening News</title_without_series>
<link><![CDATA[https://www.goodreads.com/book/show/124919.The_Evening_News]]></link>
<small_image_url><![CDATA[https://s.gr-assets.com/assets/nophoto/book/50x75-a91bf249278a81aabab721ef782c4a74.png]]></small_image_url>
<image_url><![CDATA[https://s.gr-assets.com/assets/nophoto/book/111x148-bcc042a9c91a29c1d680899eff700a03.png]]></image_url>
<num_pages>580</num_pages>
<work>
<id>120304</id>
</work>
<isbn>0385504241</isbn>
<isbn13>9780385504249</isbn13>
<average_rating>3.88</average_rating>
<ratings_count>2833</ratings_count>
<publication_year>2001</publication_year>
<publication_month>7</publication_month>
<publication_day>10</publication_day>
<authors>
<author>
<id>71955</id>
<name>Arthur Hailey</name>
<link><![CDATA[https://www.goodreads.com/author/show/71955.Arthur_Hailey]]></link>
</author>
</authors>
</book>

          <book>
<id>1039347</id>
<title>Athabasca</title>
<title_without_series>Athabasca</title_without_series>
<link><![CDATA[https://www.goodreads.com/book/show/1039347.Athabasca]]></link>
<small_image_url><![CDATA[https://images.gr-assets.com/books/1318441615s/1039347.jpg]]></small_image_url>
<image_url><![CDATA[https://images.gr-assets.com/books/1318441615m/1039347.jpg]]></image_url>
<num_pages>288</num_pages>
<work>
<id>2526327</id>
</work>
<isbn>0449200019</isbn>
<isbn13>9780449200018</isbn13>
<average_rating>3.49</average_rating>
<ratings_count>1667</ratings_count>
<publication_year>1982</publication_year>
<publication_month>3</publication_month>
<publication_day>12</publication_day>
<authors>
<author>
<id>26970</id>
<name>Alistair MacLean</name>
<link><![CDATA[https://www.goodreads.com/author/show/26970.Alistair_MacLean]]></link>
</author>
</authors>
</book>

          <book>
<id>858075</id>
<title><![CDATA[The Kindaichi Case Files, Vol. 9: The Headless Samurai]]></title>
<title_without_series><![CDATA[The Kindaichi Case Files, Vol. 9: The Headless Samurai]]></title_without_series>
<link><![CDATA[https://www.goodreads.com/book/show/858075.The_Kindaichi_Case_Files_Vol_9]]></link>
<small_image_url><![CDATA[https://s.gr-assets.com/assets/nophoto/book/50x75-a91bf249278a81aabab721ef782c4a74.png]]></small_image_url>
<image_url><![CDATA[https://s.gr-assets.com/assets/nophoto/book/111x148-bcc042a9c91a29c1d680899eff700a03.png]]></image_url>
<num_pages></num_pages>
<work>
<id>843524</id>
</work>
<isbn>159182480X</isbn>
<isbn13>9781591824800</isbn13>
<average_rating>4.01</average_rating>
<ratings_count>142</ratings_count>
<publication_year></publication_year>
<publication_month></publication_month>
<publication_day></publication_day>
<authors>
<author>
<id>256988</id>
<name>Kanari Yozaburo</name>
<link><![CDATA[https://www.goodreads.com/author/show/256988.Kanari_Yozaburo]]></link>
</author>
</authors>
</book>

          <book>
<id>482128</id>
<title>Spy Hook (Bernard Samson, #4)</title>
<title_without_series>Spy Hook</title_without_series>
<link><![CDATA[https://www.goodreads.com/book/show/482128.Spy_Hook]]></link>
<small_image_url><![CDATA[https://images.gr-assets.com/books/1338861768s/482128.jpg]]></small_image_url>
<image_url><![CDATA[https://images.gr-assets.com/books/1338861768m/482128.jpg]]></image_url>
<num_pages>208</num_pages>
<work>
<id>1605212</id>
</work>
<isbn>0345420160</isbn>
<isbn13>9780345420169</isbn13>
<average_rating>3.96</average_rating>
<ratings_count>2026</ratings_count>
<publication_year>1997</publication_year>
<publication_month>9</publication_month>
<publication_day>10</publication_day>
<authors>
<author>
<id>31234</id>
<name>Len Deighton</name>
<link><![CDATA[https://www.goodreads.com/author/show/31234.Len_Deighton]]></link>
</author>
</authors>
</book>

          <book>
<id>1303931</id>
<title><![CDATA[Cross of Fire (Tweed & Co. #10)]]></title>
<title_without_series>Cross of Fire</title_without_series>
<link><![CDATA[https://www.goodreads.com/book/show/1303931.Cross_of_Fire]]></link>
<small_image_url><![CDATA[https://images.gr-assets.com/books/1348265841s/1303931.jpg]]></small_image_url>
<image_url><![CDATA[https://images.gr-assets.com/books/1348265841m/1303931.jpg]]></image_url>
<num_pages>560</num_pages>
<work>
<id>1293162</id>
</work>
<isbn>0330322419</isbn>
<isbn13>9780330322416</isbn13>
<average_rating>3.71</average_rating>
<ratings_count>288</ratings_count>
<publication_year>1992</publication_year>
<publication_month></publication_month>
<publication_day></publication_day>
<authors>
<author>
<id>243122</id>
<name>Colin Forbes</name>
<link><![CDATA[https://www.goodreads.com/author/show/243122.Colin_Forbes]]></link>
</author>
</authors>
</book>

          <book>
<id>716576</id>
<title><![CDATA[Cold Harbour (Dougal Munro and Jack Carter, #2)]]></title>
<title_without_series>Cold Harbour</title_without_series>
<link><![CDATA[https://www.goodreads.com/book/show/716576.Cold_Harbour]]></link>
<small_image_url><![CDATA[https://images.gr-assets.com/books/1309201987s/716576.jpg]]></small_image_url>
<image_url><![CDATA[https://images.gr-assets.com/books/1309201987m/716576.jpg]]></image_url>
<num_pages>304</num_pages>
<work>
<id>702827</id>
</work>
<isbn>0425193209</isbn>
<isbn13>9780425193204</isbn13>
<average_rating>3.88</average_rating>
<ratings_count>2681</ratings_count>
<publication_year>2003</publication_year>
<publication_month>12</publication_month>
<publication_day>2</publication_day>
<authors>
<author>
<id>19706</id>
<name>Jack Higgins</name>
<link><![CDATA[https://www.goodreads.com/author/show/19706.Jack_Higgins]]></link>
</author>
</authors>
</book>

  </similar_books>
</book>

</GoodreadsResponse>