<?xml version="1.0" encoding="UTF-8"?>
<GoodreadsResponse>
  <Request>
    <authentication>true</authentication>
      <key><![CDATA[all_men_must_serve]]></key>
    <method><![CDATA[book_show]]></method>
  </Request>
  <book>
  <id>10964693</id>
  <title>The Marriage Plot</title>
  <isbn><![CDATA[0374203059]]></isbn>
  <isbn13><![CDATA[9780374203054]]></isbn13>
  <asin><![CDATA[]]></asin>
  <kindle_asin><![CDATA[B005E88OKG]]></kindle_asin>
  <marketplace_id><![CDATA[A1F83G8C2ARO7P]]></marketplace_id>
  <country_code><![CDATA[GB]]></country_code>
  <image_url>https://images.gr-assets.com/books/1328736940m/10964693.jpg</image_url>
  <small_image_url>https://images.gr-assets.com/books/1328736940s/10964693.jpg</small_image_url>
  <publication_year></publication_year>
  <publication_month></publication_month>
  <publication_day></publication_day>
  <publisher></publisher>
  <language_code>eng</language_code>
  <is_ebook>false</is_ebook>
  <description><![CDATA[With devastating wit and an abiding understanding of and affection for his characters, Jeffrey Eugenides revives the motivating energies of the Novel, while creating a story so contemporary and fresh that it reads like the intimate journal of our own lives.<br /><br />It's the early 1980s - the country is in a deep recession, and life after college is harder than ever. In the cafés on College Hill, the wised-up kids are inhaling Derrida and listening to the Talking Heads. But Madeleine Hanna, dutiful English major, is writing her senior thesis on Jane Austen and George Eliot, purveyors of the marriage plot that lies at the heart of the greatest English novels. <br /><br />As Madeleine tries to understand why "it became laughable to read writers like Cheever and Updike, who wrote about the suburbia Madeleine and most of her friends had grown up in, in favor of reading the Marquis de Sade, who wrote about deflowering virgins in eighteenth century France," real life, in the form of two very different guys, intervenes. Leonard Bankhead - charismatic loner, college Darwinist, and lost Portland boy - suddenly turns up in a semiotics seminar, and soon Madeleine finds herself in a highly charged erotic and intellectual relationship with him. At the same time, her old "friend" Mitchell Grammaticus - who's been reading Christian mysticism and generally acting strange - resurfaces, obsessed with the idea that Madeleine is destined to be his mate. <br /><br />Over the next year, as the members of the triangle in this amazing, spellbinding novel graduate from college and enter the real world, events force them to reevaluate everything they learned in school. Leonard and Madeleine move to a biology laboratory on Cape Cod, but can't escape the secret responsible for Leonard's seemingly inexhaustible energy and plunging moods. And Mitchell, traveling around the world to get Madeleine out of his mind, finds himself face-to-face with ultimate questions about the meaning of life, the existence of God, and the true nature of love. <br /><br />Are the great love stories of the nineteenth century dead? Or can there be a new story, written for today and alive to the realities of feminism, sexual freedom, prenups, and divorce? With devastating wit and an abiding understanding of and affection for his characters, Jeffrey Eugenides revives the motivating energies of the Novel, while creating a story so contemporary and fresh that it reads like the intimate journal of our own lives.]]></description>
  <work>
  <id type="integer">15668403</id>
  <books_count type="integer">78</books_count>
  <best_book_id type="integer">10964693</best_book_id>
  <reviews_count type="integer">185245</reviews_count>
  <ratings_sum type="integer">340036</ratings_sum>
  <ratings_count type="integer">99308</ratings_count>
  <text_reviews_count type="integer">10637</text_reviews_count>
  <original_publication_year type="integer">2011</original_publication_year>
  <original_publication_month type="integer">10</original_publication_month>
  <original_publication_day type="integer">2</original_publication_day>
  <original_title>The Marriage Plot</original_title>
  <original_language_id type="integer" nil="true"/>
  <media_type>book</media_type>
  <rating_dist>5:14947|4:33822|3:33408|2:12658|1:4473|total:99308</rating_dist>
  <desc_user_id type="integer">1945495</desc_user_id>
  <default_chaptering_book_id type="integer" nil="true"/>
  <default_description_language_code nil="true"/>
</work>
  <average_rating>3.42</average_rating>
  <num_pages><![CDATA[406]]></num_pages>
  <format><![CDATA[]]></format>
  <edition_information><![CDATA[First Edition]]></edition_information>
  <ratings_count><![CDATA[90582]]></ratings_count>
  <text_reviews_count><![CDATA[9509]]></text_reviews_count>
  <url><![CDATA[https://www.goodreads.com/book/show/10964693-the-marriage-plot]]></url>
  <link><![CDATA[https://www.goodreads.com/book/show/10964693-the-marriage-plot]]></link>
  <authors>
<author>
<id>1467</id>
<name>Jeffrey Eugenides</name>
<role></role>
<image_url nophoto='false'>
<![CDATA[https://images.gr-assets.com/authors/1374107943p5/1467.jpg]]>
</image_url>
<small_image_url nophoto='false'>
<![CDATA[https://images.gr-assets.com/authors/1374107943p2/1467.jpg]]>
</small_image_url>
<link><![CDATA[https://www.goodreads.com/author/show/1467.Jeffrey_Eugenides]]></link>
<average_rating>3.95</average_rating>
<ratings_count>1382303</ratings_count>
<text_reviews_count>52769</text_reviews_count>
</author>
</authors>

    <reviews_widget>
      <![CDATA[
        <style>
  #goodreads-widget {
    font-family: georgia, serif;
    padding: 18px 0;
    width:565px;
  }
  #goodreads-widget h1 {
    font-weight:normal;
    font-size: 16px;
    border-bottom: 1px solid #BBB596;
    margin-bottom: 0;
  }
  #goodreads-widget a {
    text-decoration: none;
    color:#660;
  }
  iframe{
    background-color: #fff;
  }
  #goodreads-widget a:hover { text-decoration: underline; }
  #goodreads-widget a:active {
    color:#660;
  }
  #gr_footer {
    width: 100%;
    border-top: 1px solid #BBB596;
    text-align: right;
  }
  #goodreads-widget .gr_branding{
    color: #382110;
    font-size: 11px;
    text-decoration: none;
    font-family: "Helvetica Neue", Helvetica, Arial, sans-serif;
  }
</style>
<div id="goodreads-widget">
  <div id="gr_header"><h1><a rel="nofollow" href="https://www.goodreads.com/book/show/10964693-the-marriage-plot">The Marriage Plot Reviews</a></h1></div>
  <iframe id="the_iframe" src="https://www.goodreads.com/api/reviews_widget_iframe?did=DEVELOPER_ID&amp;format=html&amp;isbn=0374203059&amp;links=660&amp;min_rating=&amp;review_back=fff&amp;stars=000&amp;text=000" width="565" height="400" frameborder="0"></iframe>
  <div id="gr_footer">
    <a class="gr_branding" target="_blank" rel="nofollow" href="https://www.goodreads.com/book/show/10964693-the-marriage-plot?utm_medium=api&amp;utm_source=reviews_widget">Reviews from Goodreads.com</a>
  </div>
</div>

      ]]>
    </reviews_widget>
  <popular_shelves>
      <shelf name="to-read" count="73473"/>
      <shelf name="currently-reading" count="2604"/>
      <shelf name="fiction" count="2082"/>
      <shelf name="book-club" count="552"/>
      <shelf name="books-i-own" count="247"/>
      <shelf name="contemporary" count="234"/>
      <shelf name="literary-fiction" count="221"/>
      <shelf name="owned" count="212"/>
      <shelf name="romance" count="209"/>
      <shelf name="contemporary-fiction" count="201"/>
      <shelf name="novels" count="181"/>
      <shelf name="abandoned" count="165"/>
      <shelf name="kindle" count="147"/>
      <shelf name="audiobook" count="142"/>
      <shelf name="audiobooks" count="140"/>
      <shelf name="read-in-2012" count="137"/>
      <shelf name="library" count="133"/>
      <shelf name="adult-fiction" count="131"/>
      <shelf name="literature" count="130"/>
      <shelf name="adult" count="120"/>
      <shelf name="audio" count="103"/>
      <shelf name="american" count="103"/>
      <shelf name="1001-books" count="99"/>
      <shelf name="did-not-finish" count="95"/>
      <shelf name="bookclub" count="89"/>
      <shelf name="american-literature" count="87"/>
      <shelf name="mental-illness" count="86"/>
      <shelf name="contempor​ary" count="75"/>
      <shelf name="literary" count="74"/>
      <shelf name="didn-t-finish" count="73"/>
      <shelf name="coming-of-age" count="70"/>
      <shelf name="general-fiction" count="69"/>
      <shelf name="novel" count="69"/>
      <shelf name="to-buy" count="69"/>
      <shelf name="owned-books" count="66"/>
      <shelf name="relationships" count="66"/>
      <shelf name="couldn-t-finish" count="66"/>
      <shelf name="read-2012" count="65"/>
      <shelf name="ebook" count="64"/>
      <shelf name="read-in-2011" count="59"/>
      <shelf name="read-in-2013" count="58"/>
      <shelf name="realistic-fiction" count="57"/>
      <shelf name="1001" count="56"/>
      <shelf name="gave-up-on" count="52"/>
      <shelf name="my-library" count="50"/>
      <shelf name="21st-century" count="49"/>
      <shelf name="modern-fiction" count="49"/>
      <shelf name="college" count="46"/>
      <shelf name="unfinished" count="45"/>
      <shelf name="religion" count="45"/>
      <shelf name="audio-books" count="43"/>
      <shelf name="books-about-books" count="42"/>
      <shelf name="wish-list" count="42"/>
      <shelf name="jeffrey-eugenides" count="41"/>
      <shelf name="to-read-fiction" count="41"/>
      <shelf name="read-in-2014" count="39"/>
      <shelf name="audio-book" count="39"/>
      <shelf name="gave-up" count="38"/>
      <shelf name="ebooks" count="38"/>
      <shelf name="2012-books" count="37"/>
      <shelf name="book-club-books" count="37"/>
      <shelf name="usa" count="37"/>
      <shelf name="read-2013" count="36"/>
      <shelf name="could-not-finish" count="36"/>
      <shelf name="i-own" count="36"/>
      <shelf name="read-in-2015" count="35"/>
      <shelf name="book-group" count="35"/>
      <shelf name="drama" count="35"/>
      <shelf name="favourites" count="35"/>
      <shelf name="historical-fiction" count="34"/>
      <shelf name="dnf" count="33"/>
      <shelf name="e-book" count="33"/>
      <shelf name="academia" count="33"/>
      <shelf name="read-2011" count="33"/>
      <shelf name="english" count="32"/>
      <shelf name="read-in-2016" count="30"/>
      <shelf name="love" count="30"/>
      <shelf name="stopped-reading" count="30"/>
      <shelf name="my-books" count="29"/>
      <shelf name="never-finished" count="29"/>
      <shelf name="marriage" count="28"/>
      <shelf name="audible" count="28"/>
      <shelf name="library-books" count="28"/>
      <shelf name="1001-import" count="27"/>
      <shelf name="2012-reads" count="27"/>
      <shelf name="favorites" count="26"/>
      <shelf name="1001-books-to-read-before-you-die" count="26"/>
      <shelf name="america" count="24"/>
      <shelf name="mental-health" count="23"/>
      <shelf name="library-book" count="23"/>
      <shelf name="maybe" count="23"/>
      <shelf name="contemporary-lit" count="23"/>
      <shelf name="2010s" count="22"/>
      <shelf name="chick-lit" count="22"/>
      <shelf name="read-2014" count="21"/>
      <shelf name="own-to-read" count="21"/>
      <shelf name="recommended" count="21"/>
      <shelf name="india" count="21"/>
      <shelf name="american-lit" count="21"/>
      <shelf name="books-read-in-2012" count="20"/>
  </popular_shelves>
  <book_links>
    <book_link>
  <id>8</id>
  <name>Libraries</name>
  <link>https://www.goodreads.com/book_link/follow/8</link>
</book_link>

  </book_links>
  <buy_links>
    <buy_link>
<id>1</id>
<name>Amazon</name>
<link>https://www.goodreads.com/book_link/follow/1</link>
</buy_link>
<buy_link>
<id>10</id>
<name>Audible</name>
<link>https://www.goodreads.com/book_link/follow/10</link>
</buy_link>
<buy_link>
<id>3</id>
<name>Barnes &amp; Noble</name>
<link>https://www.goodreads.com/book_link/follow/3</link>
</buy_link>
<buy_link>
<id>1027</id>
<name>Kobo</name>
<link>https://www.goodreads.com/book_link/follow/1027</link>
</buy_link>
<buy_link>
<id>2102</id>
<name>Apple iBooks</name>
<link>https://www.goodreads.com/book_link/follow/2102</link>
</buy_link>
<buy_link>
<id>8036</id>
<name>Google Play</name>
<link>https://www.goodreads.com/book_link/follow/8036</link>
</buy_link>
<buy_link>
<id>4</id>
<name>Abebooks</name>
<link>https://www.goodreads.com/book_link/follow/4</link>
</buy_link>
<buy_link>
<id>882</id>
<name>Book Depository</name>
<link>https://www.goodreads.com/book_link/follow/882</link>
</buy_link>
<buy_link>
<id>9</id>
<name>Indigo</name>
<link>https://www.goodreads.com/book_link/follow/9</link>
</buy_link>
<buy_link>
<id>2</id>
<name>Half.com</name>
<link>https://www.goodreads.com/book_link/follow/2</link>
</buy_link>
<buy_link>
<id>5</id>
<name>Alibris</name>
<link>https://www.goodreads.com/book_link/follow/5</link>
</buy_link>
<buy_link>
<id>107</id>
<name>Better World Books</name>
<link>https://www.goodreads.com/book_link/follow/107</link>
</buy_link>
<buy_link>
<id>7</id>
<name>IndieBound</name>
<link>https://www.goodreads.com/book_link/follow/7</link>
</buy_link>

  </buy_links>
  <series_works>
    
  </series_works>
  <similar_books>
          <book>
<id>9271896</id>
<title>The Tragedy of Arthur</title>
<title_without_series>The Tragedy of Arthur</title_without_series>
<link><![CDATA[https://www.goodreads.com/book/show/9271896-the-tragedy-of-arthur]]></link>
<small_image_url><![CDATA[https://images.gr-assets.com/books/1382094161s/9271896.jpg]]></small_image_url>
<image_url><![CDATA[https://images.gr-assets.com/books/1382094161m/9271896.jpg]]></image_url>
<num_pages>368</num_pages>
<work>
<id>14153607</id>
</work>
<isbn>1400066476</isbn>
<isbn13>9781400066476</isbn13>
<average_rating>3.45</average_rating>
<ratings_count>2710</ratings_count>
<publication_year>2011</publication_year>
<publication_month>4</publication_month>
<publication_day>19</publication_day>
<authors>
<author>
<id>16223</id>
<name>Arthur Phillips</name>
<link><![CDATA[https://www.goodreads.com/author/show/16223.Arthur_Phillips]]></link>
</author>
</authors>
</book>

          <book>
<id>10996342</id>
<title>The Art of Fielding</title>
<title_without_series>The Art of Fielding</title_without_series>
<link><![CDATA[https://www.goodreads.com/book/show/10996342-the-art-of-fielding]]></link>
<small_image_url><![CDATA[https://images.gr-assets.com/books/1327882787s/10996342.jpg]]></small_image_url>
<image_url><![CDATA[https://images.gr-assets.com/books/1327882787m/10996342.jpg]]></image_url>
<num_pages>512</num_pages>
<work>
<id>15915002</id>
</work>
<isbn>0316126691</isbn>
<isbn13>9780316126694</isbn13>
<average_rating>3.99</average_rating>
<ratings_count>89280</ratings_count>
<publication_year>2011</publication_year>
<publication_month>9</publication_month>
<publication_day>7</publication_day>
<authors>
<author>
<id>3452783</id>
<name>Chad Harbach</name>
<link><![CDATA[https://www.goodreads.com/author/show/3452783.Chad_Harbach]]></link>
</author>
</authors>
</book>

          <book>
<id>13093000</id>
<title>The Newlyweds</title>
<title_without_series>The Newlyweds</title_without_series>
<link><![CDATA[https://www.goodreads.com/book/show/13093000-the-newlyweds]]></link>
<small_image_url><![CDATA[https://images.gr-assets.com/books/1333576392s/13093000.jpg]]></small_image_url>
<image_url><![CDATA[https://images.gr-assets.com/books/1333576392m/13093000.jpg]]></image_url>
<num_pages>337</num_pages>
<work>
<id>18264887</id>
</work>
<isbn>0307268845</isbn>
<isbn13>9780307268846</isbn13>
<average_rating>3.41</average_rating>
<ratings_count>8094</ratings_count>
<publication_year>2012</publication_year>
<publication_month>5</publication_month>
<publication_day>1</publication_day>
<authors>
<author>
<id>24358</id>
<name>Nell Freudenberger</name>
<link><![CDATA[https://www.goodreads.com/author/show/24358.Nell_Freudenberger]]></link>
</author>
</authors>
</book>

          <book>
<id>9777374</id>
<title>You Deserve Nothing</title>
<title_without_series>You Deserve Nothing</title_without_series>
<link><![CDATA[https://www.goodreads.com/book/show/9777374-you-deserve-nothing]]></link>
<small_image_url><![CDATA[https://images.gr-assets.com/books/1381681445s/9777374.jpg]]></small_image_url>
<image_url><![CDATA[https://images.gr-assets.com/books/1381681445m/9777374.jpg]]></image_url>
<num_pages>323</num_pages>
<work>
<id>14667081</id>
</work>
<isbn>1848545703</isbn>
<isbn13>9781848545700</isbn13>
<average_rating>3.60</average_rating>
<ratings_count>3531</ratings_count>
<publication_year>2011</publication_year>
<publication_month>9</publication_month>
<publication_day>15</publication_day>
<authors>
<author>
<id>4481447</id>
<name>Alexander Maksik</name>
<link><![CDATA[https://www.goodreads.com/author/show/4481447.Alexander_Maksik]]></link>
</author>
</authors>
</book>

          <book>
<id>10187223</id>
<title>There but for the</title>
<title_without_series>There but for the</title_without_series>
<link><![CDATA[https://www.goodreads.com/book/show/10187223-there-but-for-the]]></link>
<small_image_url><![CDATA[https://images.gr-assets.com/books/1327192600s/10187223.jpg]]></small_image_url>
<image_url><![CDATA[https://images.gr-assets.com/books/1327192600m/10187223.jpg]]></image_url>
<num_pages>357</num_pages>
<work>
<id>15086278</id>
</work>
<isbn>0241143403</isbn>
<isbn13>9780241143407</isbn13>
<average_rating>3.38</average_rating>
<ratings_count>5760</ratings_count>
<publication_year>2011</publication_year>
<publication_month>6</publication_month>
<publication_day>2</publication_day>
<authors>
<author>
<id>68992</id>
<name>Ali Smith</name>
<link><![CDATA[https://www.goodreads.com/author/show/68992.Ali_Smith]]></link>
</author>
</authors>
</book>

          <book>
<id>12853341</id>
<title>Birds of Paradise</title>
<title_without_series>Birds of Paradise</title_without_series>
<link><![CDATA[https://www.goodreads.com/book/show/12853341-birds-of-paradise]]></link>
<small_image_url><![CDATA[https://images.gr-assets.com/books/1338411859s/12853341.jpg]]></small_image_url>
<image_url><![CDATA[https://images.gr-assets.com/books/1338411859m/12853341.jpg]]></image_url>
<num_pages>362</num_pages>
<work>
<id>15751449</id>
</work>
<isbn>039334259X</isbn>
<isbn13>9780393342598</isbn13>
<average_rating>3.31</average_rating>
<ratings_count>1417</ratings_count>
<publication_year>2012</publication_year>
<publication_month>5</publication_month>
<publication_day>7</publication_day>
<authors>
<author>
<id>6330</id>
<name>Diana Abu-Jaber</name>
<link><![CDATA[https://www.goodreads.com/author/show/6330.Diana_Abu_Jaber]]></link>
</author>
</authors>
</book>

          <book>
<id>7552716</id>
<title>The Stranger&apos;s Child</title>
<title_without_series>The Stranger&apos;s Child</title_without_series>
<link><![CDATA[https://www.goodreads.com/book/show/7552716-the-stranger-s-child]]></link>
<small_image_url><![CDATA[https://images.gr-assets.com/books/1304729778s/7552716.jpg]]></small_image_url>
<image_url><![CDATA[https://images.gr-assets.com/books/1304729778m/7552716.jpg]]></image_url>
<num_pages>564</num_pages>
<work>
<id>9850206</id>
</work>
<isbn>0330483242</isbn>
<isbn13>9780330483247</isbn13>
<average_rating>3.30</average_rating>
<ratings_count>8775</ratings_count>
<publication_year>2011</publication_year>
<publication_month>7</publication_month>
<publication_day>4</publication_day>
<authors>
<author>
<id>15543</id>
<name>Alan Hollinghurst</name>
<link><![CDATA[https://www.goodreads.com/author/show/15543.Alan_Hollinghurst]]></link>
</author>
</authors>
</book>

          <book>
<id>13537891</id>
<title>NW</title>
<title_without_series>NW</title_without_series>
<link><![CDATA[https://www.goodreads.com/book/show/13537891-nw]]></link>
<small_image_url><![CDATA[https://images.gr-assets.com/books/1492591246s/13537891.jpg]]></small_image_url>
<image_url><![CDATA[https://images.gr-assets.com/books/1492591246m/13537891.jpg]]></image_url>
<num_pages>296</num_pages>
<work>
<id>18625843</id>
</work>
<isbn>0241144140</isbn>
<isbn13>9780241144145</isbn13>
<average_rating>3.41</average_rating>
<ratings_count>23951</ratings_count>
<publication_year>2012</publication_year>
<publication_month>9</publication_month>
<publication_day>4</publication_day>
<authors>
<author>
<id>2522</id>
<name>Zadie Smith</name>
<link><![CDATA[https://www.goodreads.com/author/show/2522.Zadie_Smith]]></link>
</author>
</authors>
</book>

          <book>
<id>10756240</id>
<title>Telegraph Avenue</title>
<title_without_series>Telegraph Avenue</title_without_series>
<link><![CDATA[https://www.goodreads.com/book/show/10756240-telegraph-avenue]]></link>
<small_image_url><![CDATA[https://images.gr-assets.com/books/1335716595s/10756240.jpg]]></small_image_url>
<image_url><![CDATA[https://images.gr-assets.com/books/1335716595m/10756240.jpg]]></image_url>
<num_pages>465</num_pages>
<work>
<id>15667548</id>
</work>
<isbn>0061493341</isbn>
<isbn13>9780061493348</isbn13>
<average_rating>3.36</average_rating>
<ratings_count>17521</ratings_count>
<publication_year>2012</publication_year>
<publication_month>9</publication_month>
<publication_day>11</publication_day>
<authors>
<author>
<id>2715</id>
<name>Michael Chabon</name>
<link><![CDATA[https://www.goodreads.com/author/show/2715.Michael_Chabon]]></link>
</author>
</authors>
</book>

          <book>
<id>8979518</id>
<title>The Year We Left Home</title>
<title_without_series>The Year We Left Home</title_without_series>
<link><![CDATA[https://www.goodreads.com/book/show/8979518-the-year-we-left-home]]></link>
<small_image_url><![CDATA[https://images.gr-assets.com/books/1327883554s/8979518.jpg]]></small_image_url>
<image_url><![CDATA[https://images.gr-assets.com/books/1327883554m/8979518.jpg]]></image_url>
<num_pages>325</num_pages>
<work>
<id>14617268</id>
</work>
<isbn>1439175888</isbn>
<isbn13>9781439175880</isbn13>
<average_rating>3.40</average_rating>
<ratings_count>5584</ratings_count>
<publication_year></publication_year>
<publication_month></publication_month>
<publication_day></publication_day>
<authors>
<author>
<id>170967</id>
<name>Jean Thompson</name>
<link><![CDATA[https://www.goodreads.com/author/show/170967.Jean_Thompson]]></link>
</author>
</authors>
</book>

          <book>
<id>6942071</id>
<title><![CDATA[If I Loved You, I Would Tell You This]]></title>
<title_without_series><![CDATA[If I Loved You, I Would Tell You This]]></title_without_series>
<link><![CDATA[https://www.goodreads.com/book/show/6942071-if-i-loved-you-i-would-tell-you-this]]></link>
<small_image_url><![CDATA[https://images.gr-assets.com/books/1320394716s/6942071.jpg]]></small_image_url>
<image_url><![CDATA[https://images.gr-assets.com/books/1320394716m/6942071.jpg]]></image_url>
<num_pages></num_pages>
<work>
<id>7175136</id>
</work>
<isbn>1400068576</isbn>
<isbn13>9781400068579</isbn13>
<average_rating>3.74</average_rating>
<ratings_count>2041</ratings_count>
<publication_year></publication_year>
<publication_month></publication_month>
<publication_day></publication_day>
<authors>
<author>
<id>3103341</id>
<name>Robin    Black</name>
<link><![CDATA[https://www.goodreads.com/author/show/3103341.Robin_Black]]></link>
</author>
</authors>
</book>

          <book>
<id>5086417</id>
<title>Legend of a Suicide</title>
<title_without_series>Legend of a Suicide</title_without_series>
<link><![CDATA[https://www.goodreads.com/book/show/5086417-legend-of-a-suicide]]></link>
<small_image_url><![CDATA[https://s.gr-assets.com/assets/nophoto/book/50x75-a91bf249278a81aabab721ef782c4a74.png]]></small_image_url>
<image_url><![CDATA[https://s.gr-assets.com/assets/nophoto/book/111x148-bcc042a9c91a29c1d680899eff700a03.png]]></image_url>
<num_pages>172</num_pages>
<work>
<id>5153141</id>
</work>
<isbn>1558496726</isbn>
<isbn13>9781558496729</isbn13>
<average_rating>3.77</average_rating>
<ratings_count>2010</ratings_count>
<publication_year>2008</publication_year>
<publication_month>11</publication_month>
<publication_day>1</publication_day>
<authors>
<author>
<id>482295</id>
<name>David Vann</name>
<link><![CDATA[https://www.goodreads.com/author/show/482295.David_Vann]]></link>
</author>
</authors>
</book>

          <book>
<id>7146335</id>
<title>Skippy Dies</title>
<title_without_series>Skippy Dies</title_without_series>
<link><![CDATA[https://www.goodreads.com/book/show/7146335-skippy-dies]]></link>
<small_image_url><![CDATA[https://images.gr-assets.com/books/1301970939s/7146335.jpg]]></small_image_url>
<image_url><![CDATA[https://images.gr-assets.com/books/1301970939m/7146335.jpg]]></image_url>
<num_pages>661</num_pages>
<work>
<id>7410973</id>
</work>
<isbn>0241141826</isbn>
<isbn13>9780241141823</isbn13>
<average_rating>3.72</average_rating>
<ratings_count>17357</ratings_count>
<publication_year>2010</publication_year>
<publication_month>1</publication_month>
<publication_day>1</publication_day>
<authors>
<author>
<id>4408937</id>
<name>Paul Murray</name>
<link><![CDATA[https://www.goodreads.com/author/show/4408937.Paul_Murray]]></link>
</author>
</authors>
</book>

          <book>
<id>10870053</id>
<title>Lost Memory of Skin</title>
<title_without_series>Lost Memory of Skin</title_without_series>
<link><![CDATA[https://www.goodreads.com/book/show/10870053-lost-memory-of-skin]]></link>
<small_image_url><![CDATA[https://s.gr-assets.com/assets/nophoto/book/50x75-a91bf249278a81aabab721ef782c4a74.png]]></small_image_url>
<image_url><![CDATA[https://s.gr-assets.com/assets/nophoto/book/111x148-bcc042a9c91a29c1d680899eff700a03.png]]></image_url>
<num_pages>417</num_pages>
<work>
<id>15785308</id>
</work>
<isbn>0061857637</isbn>
<isbn13>9780061857638</isbn13>
<average_rating>3.58</average_rating>
<ratings_count>5721</ratings_count>
<publication_year>2011</publication_year>
<publication_month>9</publication_month>
<publication_day>27</publication_day>
<authors>
<author>
<id>15128</id>
<name>Russell Banks</name>
<link><![CDATA[https://www.goodreads.com/author/show/15128.Russell_Banks]]></link>
</author>
</authors>
</book>

          <book>
<id>13239376</id>
<title><![CDATA[What Happened to Sophie Wilder]]></title>
<title_without_series><![CDATA[What Happened to Sophie Wilder]]></title_without_series>
<link><![CDATA[https://www.goodreads.com/book/show/13239376-what-happened-to-sophie-wilder]]></link>
<small_image_url><![CDATA[https://images.gr-assets.com/books/1340133173s/13239376.jpg]]></small_image_url>
<image_url><![CDATA[https://images.gr-assets.com/books/1340133173m/13239376.jpg]]></image_url>
<num_pages>256</num_pages>
<work>
<id>18438532</id>
</work>
<isbn>1935639315</isbn>
<isbn13>9781935639312</isbn13>
<average_rating>3.45</average_rating>
<ratings_count>1427</ratings_count>
<publication_year>2012</publication_year>
<publication_month>5</publication_month>
<publication_day>29</publication_day>
<authors>
<author>
<id>1966603</id>
<name>Christopher R. Beha</name>
<link><![CDATA[https://www.goodreads.com/author/show/1966603.Christopher_R_Beha]]></link>
</author>
</authors>
</book>

          <book>
<id>11076177</id>
<title>The Cat&apos;s Table</title>
<title_without_series>The Cat&apos;s Table</title_without_series>
<link><![CDATA[https://www.goodreads.com/book/show/11076177-the-cat-s-table]]></link>
<small_image_url><![CDATA[https://images.gr-assets.com/books/1327934764s/11076177.jpg]]></small_image_url>
<image_url><![CDATA[https://images.gr-assets.com/books/1327934764m/11076177.jpg]]></image_url>
<num_pages>269</num_pages>
<work>
<id>15238056</id>
</work>
<isbn>0224093614</isbn>
<isbn13>9780224093613</isbn13>
<average_rating>3.58</average_rating>
<ratings_count>20587</ratings_count>
<publication_year>2011</publication_year>
<publication_month></publication_month>
<publication_day></publication_day>
<authors>
<author>
<id>4030</id>
<name>Michael Ondaatje</name>
<link><![CDATA[https://www.goodreads.com/author/show/4030.Michael_Ondaatje]]></link>
</author>
</authors>
</book>

          <book>
<id>9662903</id>
<title>The London Train</title>
<title_without_series>The London Train</title_without_series>
<link><![CDATA[https://www.goodreads.com/book/show/9662903-the-london-train]]></link>
<small_image_url><![CDATA[https://images.gr-assets.com/books/1327934753s/9662903.jpg]]></small_image_url>
<image_url><![CDATA[https://images.gr-assets.com/books/1327934753m/9662903.jpg]]></image_url>
<num_pages>324</num_pages>
<work>
<id>14550577</id>
</work>
<isbn>0062011839</isbn>
<isbn13>9780062011831</isbn13>
<average_rating>3.17</average_rating>
<ratings_count>1787</ratings_count>
<publication_year>2011</publication_year>
<publication_month>5</publication_month>
<publication_day>24</publication_day>
<authors>
<author>
<id>374096</id>
<name>Tessa Hadley</name>
<link><![CDATA[https://www.goodreads.com/author/show/374096.Tessa_Hadley]]></link>
</author>
</authors>
</book>

          <book>
<id>534821</id>
<title>The Position</title>
<title_without_series>The Position</title_without_series>
<link><![CDATA[https://www.goodreads.com/book/show/534821.The_Position]]></link>
<small_image_url><![CDATA[https://images.gr-assets.com/books/1403399578s/534821.jpg]]></small_image_url>
<image_url><![CDATA[https://images.gr-assets.com/books/1403399578m/534821.jpg]]></image_url>
<num_pages></num_pages>
<work>
<id>522314</id>
</work>
<isbn>0743261801</isbn>
<isbn13>9780743261807</isbn13>
<average_rating>3.30</average_rating>
<ratings_count>3268</ratings_count>
<publication_year></publication_year>
<publication_month></publication_month>
<publication_day></publication_day>
<authors>
<author>
<id>113936</id>
<name>Meg Wolitzer</name>
<link><![CDATA[https://www.goodreads.com/author/show/113936.Meg_Wolitzer]]></link>
</author>
</authors>
</book>

  </similar_books>
</book>

</GoodreadsResponse>