<?xml version="1.0" encoding="UTF-8"?>
<GoodreadsResponse>
  <Request>
    <authentication>true</authentication>
      <key><![CDATA[all_men_must_serve]]></key>
    <method><![CDATA[book_show]]></method>
  </Request>
  <book>
  <id>10975</id>
  <title>The Sound and the Fury</title>
  <isbn><![CDATA[]]></isbn>
  <isbn13><![CDATA[]]></isbn13>
  <asin><![CDATA[]]></asin>
  <kindle_asin><![CDATA[]]></kindle_asin>
  <marketplace_id><![CDATA[]]></marketplace_id>
  <country_code><![CDATA[GB]]></country_code>
  <image_url>https://images.gr-assets.com/books/1433089995m/10975.jpg</image_url>
  <small_image_url>https://images.gr-assets.com/books/1433089995s/10975.jpg</small_image_url>
  <publication_year>1990</publication_year>
  <publication_month>10</publication_month>
  <publication_day></publication_day>
  <publisher>Vintage</publisher>
  <language_code>eng</language_code>
  <is_ebook>false</is_ebook>
  <description><![CDATA[<i>The Sound and the Fury</i> is the tragedy of the Compson family, featuring some of the most memorable characters in literature: beautiful, rebellious Caddy; the manchild Benjy; haunted, neurotic Quentin; Jason, the brutal cynic; and Dilsey, their black servant. Their lives fragmented and harrowed by history and legacy, the character’s voices and actions mesh to create what is arguably Faulkner’s masterpiece and one of the greatest novels of the twentieth century.]]></description>
  <work>
  <id type="integer">1168289</id>
  <books_count type="integer">221</books_count>
  <best_book_id type="integer">10975</best_book_id>
  <reviews_count type="integer">274196</reviews_count>
  <ratings_sum type="integer">514512</ratings_sum>
  <ratings_count type="integer">133395</ratings_count>
  <text_reviews_count type="integer">5490</text_reviews_count>
  <original_publication_year type="integer">1929</original_publication_year>
  <original_publication_month type="integer">10</original_publication_month>
  <original_publication_day type="integer">7</original_publication_day>
  <original_title>The Sound and the Fury</original_title>
  <original_language_id type="integer" nil="true"/>
  <media_type>book</media_type>
  <rating_dist>5:48848|4:40936|3:26032|2:10853|1:6726|total:133395</rating_dist>
  <desc_user_id type="integer">2764643</desc_user_id>
  <default_chaptering_book_id type="integer" nil="true"/>
  <default_description_language_code nil="true"/>
</work>
  <average_rating>3.86</average_rating>
  <num_pages><![CDATA[326]]></num_pages>
  <format><![CDATA[Paperback]]></format>
  <edition_information><![CDATA[]]></edition_information>
  <ratings_count><![CDATA[124714]]></ratings_count>
  <text_reviews_count><![CDATA[4369]]></text_reviews_count>
  <url><![CDATA[https://www.goodreads.com/book/show/10975.The_Sound_and_the_Fury]]></url>
  <link><![CDATA[https://www.goodreads.com/book/show/10975.The_Sound_and_the_Fury]]></link>
  <authors>
<author>
<id>3535</id>
<name>William Faulkner</name>
<role></role>
<image_url nophoto='false'>
<![CDATA[https://images.gr-assets.com/authors/1437805575p5/3535.jpg]]>
</image_url>
<small_image_url nophoto='false'>
<![CDATA[https://images.gr-assets.com/authors/1437805575p2/3535.jpg]]>
</small_image_url>
<link><![CDATA[https://www.goodreads.com/author/show/3535.William_Faulkner]]></link>
<average_rating>3.85</average_rating>
<ratings_count>418509</ratings_count>
<text_reviews_count>19618</text_reviews_count>
</author>
</authors>

    <reviews_widget>
      <![CDATA[
        <style>
  #goodreads-widget {
    font-family: georgia, serif;
    padding: 18px 0;
    width:565px;
  }
  #goodreads-widget h1 {
    font-weight:normal;
    font-size: 16px;
    border-bottom: 1px solid #BBB596;
    margin-bottom: 0;
  }
  #goodreads-widget a {
    text-decoration: none;
    color:#660;
  }
  iframe{
    background-color: #fff;
  }
  #goodreads-widget a:hover { text-decoration: underline; }
  #goodreads-widget a:active {
    color:#660;
  }
  #gr_footer {
    width: 100%;
    border-top: 1px solid #BBB596;
    text-align: right;
  }
  #goodreads-widget .gr_branding{
    color: #382110;
    font-size: 11px;
    text-decoration: none;
    font-family: "Helvetica Neue", Helvetica, Arial, sans-serif;
  }
</style>
<div id="goodreads-widget">
  <div id="gr_header"><h1><a rel="nofollow" href="https://www.goodreads.com/book/show/10975.The_Sound_and_the_Fury">The Sound and the Fury Reviews</a></h1></div>
  <iframe id="the_iframe" src="https://www.goodreads.com/api/reviews_widget_iframe?did=DEVELOPER_ID&amp;format=html&amp;links=660&amp;min_rating=&amp;review_back=fff&amp;stars=000&amp;text=000" width="565" height="400" frameborder="0"></iframe>
  <div id="gr_footer">
    <a class="gr_branding" target="_blank" rel="nofollow" href="https://www.goodreads.com/book/show/10975.The_Sound_and_the_Fury?utm_medium=api&amp;utm_source=reviews_widget">Reviews from Goodreads.com</a>
  </div>
</div>

      ]]>
    </reviews_widget>
  <popular_shelves>
      <shelf name="fiction" count="2554"/>
      <shelf name="favorites" count="1710"/>
      <shelf name="literature" count="598"/>
      <shelf name="classic" count="552"/>
      <shelf name="books-i-own" count="342"/>
      <shelf name="american" count="327"/>
      <shelf name="american-literature" count="302"/>
      <shelf name="novels" count="298"/>
      <shelf name="to-read" count="281"/>
      <shelf name="to-buy" count="198"/>
      <shelf name="1001-books" count="189"/>
      <shelf name="20th-century" count="168"/>
      <shelf name="owned-books" count="161"/>
      <shelf name="american-lit" count="159"/>
      <shelf name="school" count="156"/>
      <shelf name="southern" count="155"/>
      <shelf name="southern-gothic" count="149"/>
      <shelf name="classics-to-read" count="145"/>
      <shelf name="novel" count="143"/>
      <shelf name="literary-fiction" count="130"/>
      <shelf name="rory-gilmore-reading-challenge" count="129"/>
      <shelf name="classic-literature" count="125"/>
      <shelf name="modernism" count="123"/>
      <shelf name="book-club" count="122"/>
      <shelf name="library" count="117"/>
      <shelf name="default" count="107"/>
      <shelf name="faulkner" count="102"/>
      <shelf name="1001" count="99"/>
      <shelf name="favourites" count="96"/>
      <shelf name="usa" count="92"/>
      <shelf name="to-read-classics" count="88"/>
      <shelf name="my-library" count="87"/>
      <shelf name="modern-classics" count="87"/>
      <shelf name="historical-fiction" count="87"/>
      <shelf name="abandoned" count="86"/>
      <shelf name="southern-lit" count="85"/>
      <shelf name="nobel" count="76"/>
      <shelf name="literary" count="74"/>
      <shelf name="classic-fiction" count="72"/>
      <shelf name="1001-books-to-read-before-you-die" count="67"/>
      <shelf name="rory-gilmore-challenge" count="65"/>
      <shelf name="re-read" count="65"/>
      <shelf name="to-read-fiction" count="65"/>
      <shelf name="gothic" count="64"/>
      <shelf name="modern-library-100" count="62"/>
      <shelf name="rory-gilmore" count="60"/>
      <shelf name="1920s" count="60"/>
      <shelf name="adult-fiction" count="60"/>
      <shelf name="nobel-prize" count="59"/>
      <shelf name="adult" count="59"/>
      <shelf name="general-fiction" count="59"/>
      <shelf name="wish-list" count="58"/>
      <shelf name="unfinished" count="56"/>
      <shelf name="english" count="56"/>
      <shelf name="time-100" count="56"/>
      <shelf name="read-for-school" count="56"/>
      <shelf name="school-books" count="55"/>
      <shelf name="stream-of-consciousness" count="54"/>
      <shelf name="oprah-s-book-club" count="54"/>
      <shelf name="classic-lit" count="53"/>
      <shelf name="high-school" count="53"/>
      <shelf name="college" count="52"/>
      <shelf name="all-time-favorites" count="51"/>
      <shelf name="lit" count="51"/>
      <shelf name="for-school" count="50"/>
      <shelf name="to-re-read" count="50"/>
      <shelf name="william-faulkner" count="49"/>
      <shelf name="modern-library-top-100" count="49"/>
      <shelf name="oprah" count="49"/>
      <shelf name="america" count="48"/>
      <shelf name="the-south" count="48"/>
      <shelf name="american-classics" count="48"/>
      <shelf name="own-it" count="47"/>
      <shelf name="gilmore-girls" count="46"/>
      <shelf name="my-books" count="45"/>
      <shelf name="kindle" count="45"/>
      <shelf name="favorite-books" count="45"/>
      <shelf name="rory-gilmore-reading-list" count="44"/>
      <shelf name="modern-library-100-best-novels" count="44"/>
      <shelf name="did-not-finish" count="43"/>
      <shelf name="top-100" count="42"/>
      <shelf name="americana" count="42"/>
      <shelf name="nobel-laureates" count="41"/>
      <shelf name="audiobook" count="41"/>
      <shelf name="southern-literature" count="41"/>
      <shelf name="audiobooks" count="41"/>
      <shelf name="to-reread" count="38"/>
      <shelf name="southern-fiction" count="37"/>
      <shelf name="home-library" count="37"/>
      <shelf name="the-classics" count="36"/>
      <shelf name="family" count="36"/>
      <shelf name="oprah-book-club" count="35"/>
      <shelf name="i-own" count="35"/>
      <shelf name="1001-books-you-must-read-before-you" count="34"/>
      <shelf name="modernist" count="34"/>
      <shelf name="ebook" count="33"/>
      <shelf name="american-fiction" count="33"/>
      <shelf name="south" count="32"/>
      <shelf name="must-read" count="31"/>
      <shelf name="ebooks" count="31"/>
  </popular_shelves>
  <book_links>
    <book_link>
  <id>8</id>
  <name>Libraries</name>
  <link>https://www.goodreads.com/book_link/follow/8</link>
</book_link>

  </book_links>
  <buy_links>
    <buy_link>
<id>1</id>
<name>Amazon</name>
<link>https://www.goodreads.com/book_link/follow/1</link>
</buy_link>
<buy_link>
<id>10</id>
<name>Audible</name>
<link>https://www.goodreads.com/book_link/follow/10</link>
</buy_link>
<buy_link>
<id>3</id>
<name>Barnes &amp; Noble</name>
<link>https://www.goodreads.com/book_link/follow/3</link>
</buy_link>
<buy_link>
<id>1027</id>
<name>Kobo</name>
<link>https://www.goodreads.com/book_link/follow/1027</link>
</buy_link>
<buy_link>
<id>2102</id>
<name>Apple iBooks</name>
<link>https://www.goodreads.com/book_link/follow/2102</link>
</buy_link>
<buy_link>
<id>8036</id>
<name>Google Play</name>
<link>https://www.goodreads.com/book_link/follow/8036</link>
</buy_link>
<buy_link>
<id>4</id>
<name>Abebooks</name>
<link>https://www.goodreads.com/book_link/follow/4</link>
</buy_link>
<buy_link>
<id>882</id>
<name>Book Depository</name>
<link>https://www.goodreads.com/book_link/follow/882</link>
</buy_link>
<buy_link>
<id>9</id>
<name>Indigo</name>
<link>https://www.goodreads.com/book_link/follow/9</link>
</buy_link>
<buy_link>
<id>2</id>
<name>Half.com</name>
<link>https://www.goodreads.com/book_link/follow/2</link>
</buy_link>
<buy_link>
<id>5</id>
<name>Alibris</name>
<link>https://www.goodreads.com/book_link/follow/5</link>
</buy_link>
<buy_link>
<id>107</id>
<name>Better World Books</name>
<link>https://www.goodreads.com/book_link/follow/107</link>
</buy_link>
<buy_link>
<id>7</id>
<name>IndieBound</name>
<link>https://www.goodreads.com/book_link/follow/7</link>
</buy_link>

  </buy_links>
  <series_works>
    
  </series_works>
  <similar_books>
          <book>
<id>126603</id>
<title>Studs Lonigan</title>
<title_without_series>Studs Lonigan</title_without_series>
<link><![CDATA[https://www.goodreads.com/book/show/126603.Studs_Lonigan]]></link>
<small_image_url><![CDATA[https://s.gr-assets.com/assets/nophoto/book/50x75-a91bf249278a81aabab721ef782c4a74.png]]></small_image_url>
<image_url><![CDATA[https://s.gr-assets.com/assets/nophoto/book/111x148-bcc042a9c91a29c1d680899eff700a03.png]]></image_url>
<num_pages></num_pages>
<work>
<id>121922</id>
</work>
<isbn>1931082553</isbn>
<isbn13>9781931082556</isbn13>
<average_rating>3.80</average_rating>
<ratings_count>1919</ratings_count>
<publication_year>2004</publication_year>
<publication_month></publication_month>
<publication_day></publication_day>
<authors>
<author>
<id>6165</id>
<name>James T. Farrell</name>
<link><![CDATA[https://www.goodreads.com/author/show/6165.James_T_Farrell]]></link>
</author>
</authors>
</book>

          <book>
<id>16113</id>
<title><![CDATA[A Dance to the Music of Time: 1st Movement (A Dance to the Music of Time, #1-3)]]></title>
<title_without_series><![CDATA[A Dance to the Music of Time: 1st Movement]]></title_without_series>
<link><![CDATA[https://www.goodreads.com/book/show/16113.A_Dance_to_the_Music_of_Time]]></link>
<small_image_url><![CDATA[https://s.gr-assets.com/assets/nophoto/book/50x75-a91bf249278a81aabab721ef782c4a74.png]]></small_image_url>
<image_url><![CDATA[https://s.gr-assets.com/assets/nophoto/book/111x148-bcc042a9c91a29c1d680899eff700a03.png]]></image_url>
<num_pages>718</num_pages>
<work>
<id>17890</id>
</work>
<isbn>0226677141</isbn>
<isbn13>9780226677149</isbn13>
<average_rating>3.94</average_rating>
<ratings_count>3480</ratings_count>
<publication_year>1995</publication_year>
<publication_month>5</publication_month>
<publication_day>31</publication_day>
<authors>
<author>
<id>9947</id>
<name>Anthony Powell</name>
<link><![CDATA[https://www.goodreads.com/author/show/9947.Anthony_Powell]]></link>
</author>
</authors>
</book>

          <book>
<id>91494</id>
<title>The Death of the Heart</title>
<title_without_series>The Death of the Heart</title_without_series>
<link><![CDATA[https://www.goodreads.com/book/show/91494.The_Death_of_the_Heart]]></link>
<small_image_url><![CDATA[https://images.gr-assets.com/books/1497190244s/91494.jpg]]></small_image_url>
<image_url><![CDATA[https://images.gr-assets.com/books/1497190244m/91494.jpg]]></image_url>
<num_pages>418</num_pages>
<work>
<id>2225358</id>
</work>
<isbn>0385720173</isbn>
<isbn13>9780385720175</isbn13>
<average_rating>3.70</average_rating>
<ratings_count>5028</ratings_count>
<publication_year>2000</publication_year>
<publication_month>5</publication_month>
<publication_day>9</publication_day>
<authors>
<author>
<id>52578</id>
<name>Elizabeth Bowen</name>
<link><![CDATA[https://www.goodreads.com/author/show/52578.Elizabeth_Bowen]]></link>
</author>
</authors>
</book>

          <book>
<id>7103</id>
<title>The Big Money (U.S.A., #3)</title>
<title_without_series>The Big Money</title_without_series>
<link><![CDATA[https://www.goodreads.com/book/show/7103.The_Big_Money]]></link>
<small_image_url><![CDATA[https://images.gr-assets.com/books/1398915355s/7103.jpg]]></small_image_url>
<image_url><![CDATA[https://images.gr-assets.com/books/1398915355m/7103.jpg]]></image_url>
<num_pages></num_pages>
<work>
<id>130564</id>
</work>
<isbn>0618056831</isbn>
<isbn13>9780618056835</isbn13>
<average_rating>4.04</average_rating>
<ratings_count>1935</ratings_count>
<publication_year></publication_year>
<publication_month></publication_month>
<publication_day></publication_day>
<authors>
<author>
<id>4778</id>
<name>John Dos Passos</name>
<link><![CDATA[https://www.goodreads.com/author/show/4778.John_Dos_Passos]]></link>
</author>
</authors>
</book>

          <book>
<id>366524</id>
<title>Call It Sleep</title>
<title_without_series>Call It Sleep</title_without_series>
<link><![CDATA[https://www.goodreads.com/book/show/366524.Call_It_Sleep]]></link>
<small_image_url><![CDATA[https://s.gr-assets.com/assets/nophoto/book/50x75-a91bf249278a81aabab721ef782c4a74.png]]></small_image_url>
<image_url><![CDATA[https://s.gr-assets.com/assets/nophoto/book/111x148-bcc042a9c91a29c1d680899eff700a03.png]]></image_url>
<num_pages>462</num_pages>
<work>
<id>1544609</id>
</work>
<isbn>0374522928</isbn>
<isbn13>9780374522926</isbn13>
<average_rating>3.84</average_rating>
<ratings_count>6691</ratings_count>
<publication_year>1994</publication_year>
<publication_month></publication_month>
<publication_day></publication_day>
<authors>
<author>
<id>26338</id>
<name>Henry Roth</name>
<link><![CDATA[https://www.goodreads.com/author/show/26338.Henry_Roth]]></link>
</author>
</authors>
</book>

          <book>
<id>17143</id>
<title>Go Tell It on the Mountain</title>
<title_without_series>Go Tell It on the Mountain</title_without_series>
<link><![CDATA[https://www.goodreads.com/book/show/17143.Go_Tell_It_on_the_Mountain]]></link>
<small_image_url><![CDATA[https://s.gr-assets.com/assets/nophoto/book/50x75-a91bf249278a81aabab721ef782c4a74.png]]></small_image_url>
<image_url><![CDATA[https://s.gr-assets.com/assets/nophoto/book/111x148-bcc042a9c91a29c1d680899eff700a03.png]]></image_url>
<num_pages>256</num_pages>
<work>
<id>1027995</id>
</work>
<isbn>0141185910</isbn>
<isbn13>9780141185910</isbn13>
<average_rating>4.00</average_rating>
<ratings_count>30765</ratings_count>
<publication_year>2001</publication_year>
<publication_month></publication_month>
<publication_day></publication_day>
<authors>
<author>
<id>10427</id>
<name>James     Baldwin</name>
<link><![CDATA[https://www.goodreads.com/author/show/10427.James_Baldwin]]></link>
</author>
</authors>
</book>

          <book>
<id>7628</id>
<title>The Good Soldier</title>
<title_without_series>The Good Soldier</title_without_series>
<link><![CDATA[https://www.goodreads.com/book/show/7628.The_Good_Soldier]]></link>
<small_image_url><![CDATA[https://images.gr-assets.com/books/1389213508s/7628.jpg]]></small_image_url>
<image_url><![CDATA[https://images.gr-assets.com/books/1389213508m/7628.jpg]]></image_url>
<num_pages>368</num_pages>
<work>
<id>1881188</id>
</work>
<isbn>1551113813</isbn>
<isbn13>9781551113814</isbn13>
<average_rating>3.72</average_rating>
<ratings_count>17636</ratings_count>
<publication_year>2003</publication_year>
<publication_month>1</publication_month>
<publication_day>2</publication_day>
<authors>
<author>
<id>1209</id>
<name>Ford Madox Ford</name>
<link><![CDATA[https://www.goodreads.com/author/show/1209.Ford_Madox_Ford]]></link>
</author>
</authors>
</book>

          <book>
<id>31072</id>
<title>Under the Volcano</title>
<title_without_series>Under the Volcano</title_without_series>
<link><![CDATA[https://www.goodreads.com/book/show/31072.Under_the_Volcano]]></link>
<small_image_url><![CDATA[https://s.gr-assets.com/assets/nophoto/book/50x75-a91bf249278a81aabab721ef782c4a74.png]]></small_image_url>
<image_url><![CDATA[https://s.gr-assets.com/assets/nophoto/book/111x148-bcc042a9c91a29c1d680899eff700a03.png]]></image_url>
<num_pages>397</num_pages>
<work>
<id>1321805</id>
</work>
<isbn>0060955228</isbn>
<isbn13>9780060955229</isbn13>
<average_rating>3.80</average_rating>
<ratings_count>18010</ratings_count>
<publication_year>2000</publication_year>
<publication_month>4</publication_month>
<publication_day>26</publication_day>
<authors>
<author>
<id>17439</id>
<name>Malcolm Lowry</name>
<link><![CDATA[https://www.goodreads.com/author/show/17439.Malcolm_Lowry]]></link>
</author>
</authors>
</book>

          <book>
<id>115476</id>
<title>Nostromo</title>
<title_without_series>Nostromo</title_without_series>
<link><![CDATA[https://www.goodreads.com/book/show/115476.Nostromo]]></link>
<small_image_url><![CDATA[https://images.gr-assets.com/books/1328865264s/115476.jpg]]></small_image_url>
<image_url><![CDATA[https://images.gr-assets.com/books/1328865264m/115476.jpg]]></image_url>
<num_pages>336</num_pages>
<work>
<id>678519</id>
</work>
<isbn>0486424529</isbn>
<isbn13>9780486424521</isbn13>
<average_rating>3.81</average_rating>
<ratings_count>12684</ratings_count>
<publication_year>2002</publication_year>
<publication_month>12</publication_month>
<publication_day>31</publication_day>
<authors>
<author>
<id>3345</id>
<name>Joseph Conrad</name>
<link><![CDATA[https://www.goodreads.com/author/show/3345.Joseph_Conrad]]></link>
</author>
</authors>
</book>

          <book>
<id>13033</id>
<title><![CDATA[The Alexandria Quartet  (The Alexandria Quartet #1-4)]]></title>
<title_without_series>The Alexandria Quartet</title_without_series>
<link><![CDATA[https://www.goodreads.com/book/show/13033.The_Alexandria_Quartet]]></link>
<small_image_url><![CDATA[https://s.gr-assets.com/assets/nophoto/book/50x75-a91bf249278a81aabab721ef782c4a74.png]]></small_image_url>
<image_url><![CDATA[https://s.gr-assets.com/assets/nophoto/book/111x148-bcc042a9c91a29c1d680899eff700a03.png]]></image_url>
<num_pages>884</num_pages>
<work>
<id>4003808</id>
</work>
<isbn>0140153179</isbn>
<isbn13>9780140153170</isbn13>
<average_rating>4.17</average_rating>
<ratings_count>9744</ratings_count>
<publication_year>1991</publication_year>
<publication_month>12</publication_month>
<publication_day>1</publication_day>
<authors>
<author>
<id>8166</id>
<name>Lawrence Durrell</name>
<link><![CDATA[https://www.goodreads.com/author/show/8166.Lawrence_Durrell]]></link>
</author>
</authors>
</book>

          <book>
<id>24835</id>
<title>The Sot-Weed Factor</title>
<title_without_series>The Sot-Weed Factor</title_without_series>
<link><![CDATA[https://www.goodreads.com/book/show/24835.The_Sot_Weed_Factor]]></link>
<small_image_url><![CDATA[https://s.gr-assets.com/assets/nophoto/book/50x75-a91bf249278a81aabab721ef782c4a74.png]]></small_image_url>
<image_url><![CDATA[https://s.gr-assets.com/assets/nophoto/book/111x148-bcc042a9c91a29c1d680899eff700a03.png]]></image_url>
<num_pages>756</num_pages>
<work>
<id>457683</id>
</work>
<isbn>1903809509</isbn>
<isbn13>9781903809501</isbn13>
<average_rating>4.08</average_rating>
<ratings_count>5923</ratings_count>
<publication_year>2005</publication_year>
<publication_month>3</publication_month>
<publication_day>1</publication_day>
<authors>
<author>
<id>8113</id>
<name>John Barth</name>
<link><![CDATA[https://www.goodreads.com/author/show/8113.John_Barth]]></link>
</author>
</authors>
</book>

          <book>
<id>15622</id>
<title>Native Son</title>
<title_without_series>Native Son</title_without_series>
<link><![CDATA[https://www.goodreads.com/book/show/15622.Native_Son]]></link>
<small_image_url><![CDATA[https://s.gr-assets.com/assets/nophoto/book/50x75-a91bf249278a81aabab721ef782c4a74.png]]></small_image_url>
<image_url><![CDATA[https://s.gr-assets.com/assets/nophoto/book/111x148-bcc042a9c91a29c1d680899eff700a03.png]]></image_url>
<num_pages>504</num_pages>
<work>
<id>3159084</id>
</work>
<isbn>006083756X</isbn>
<isbn13>9780060837563</isbn13>
<average_rating>3.96</average_rating>
<ratings_count>70078</ratings_count>
<publication_year></publication_year>
<publication_month></publication_month>
<publication_day></publication_day>
<authors>
<author>
<id>9657</id>
<name>Richard Wright</name>
<link><![CDATA[https://www.goodreads.com/author/show/9657.Richard_Wright]]></link>
</author>
</authors>
</book>

          <book>
<id>18799</id>
<title><![CDATA[Sodom and Gomorrah (In Search of Lost Time, #4)]]></title>
<title_without_series>Sodom and Gomorrah</title_without_series>
<link><![CDATA[https://www.goodreads.com/book/show/18799.Sodom_and_Gomorrah]]></link>
<small_image_url><![CDATA[https://s.gr-assets.com/assets/nophoto/book/50x75-a91bf249278a81aabab721ef782c4a74.png]]></small_image_url>
<image_url><![CDATA[https://s.gr-assets.com/assets/nophoto/book/111x148-bcc042a9c91a29c1d680899eff700a03.png]]></image_url>
<num_pages>557</num_pages>
<work>
<id>850515</id>
</work>
<isbn>0143039318</isbn>
<isbn13>9780143039310</isbn13>
<average_rating>4.37</average_rating>
<ratings_count>3875</ratings_count>
<publication_year>2005</publication_year>
<publication_month>11</publication_month>
<publication_day>1</publication_day>
<authors>
<author>
<id>233619</id>
<name>Marcel Proust</name>
<link><![CDATA[https://www.goodreads.com/author/show/233619.Marcel_Proust]]></link>
</author>
</authors>
</book>

          <book>
<id>188454</id>
<title>The Old Wives&apos; Tale</title>
<title_without_series>The Old Wives&apos; Tale</title_without_series>
<link><![CDATA[https://www.goodreads.com/book/show/188454.The_Old_Wives_Tale]]></link>
<small_image_url><![CDATA[https://images.gr-assets.com/books/1489465786s/188454.jpg]]></small_image_url>
<image_url><![CDATA[https://images.gr-assets.com/books/1489465786m/188454.jpg]]></image_url>
<num_pages>565</num_pages>
<work>
<id>2248867</id>
</work>
<isbn>0375754903</isbn>
<isbn13>9780375754906</isbn13>
<average_rating>3.80</average_rating>
<ratings_count>3373</ratings_count>
<publication_year>1999</publication_year>
<publication_month>11</publication_month>
<publication_day>1</publication_day>
<authors>
<author>
<id>3314</id>
<name>Arnold Bennett</name>
<link><![CDATA[https://www.goodreads.com/author/show/3314.Arnold_Bennett]]></link>
</author>
</authors>
</book>

          <book>
<id>771507</id>
<title>Loving</title>
<title_without_series>Loving</title_without_series>
<link><![CDATA[https://www.goodreads.com/book/show/771507.Loving]]></link>
<small_image_url><![CDATA[https://images.gr-assets.com/books/1358882664s/771507.jpg]]></small_image_url>
<image_url><![CDATA[https://images.gr-assets.com/books/1358882664m/771507.jpg]]></image_url>
<num_pages>224</num_pages>
<work>
<id>3105878</id>
</work>
<isbn>0099285096</isbn>
<isbn13>9780099285090</isbn13>
<average_rating>3.57</average_rating>
<ratings_count>2668</ratings_count>
<publication_year>2001</publication_year>
<publication_month>5</publication_month>
<publication_day>30</publication_day>
<authors>
<author>
<id>16649</id>
<name>Henry Green</name>
<link><![CDATA[https://www.goodreads.com/author/show/16649.Henry_Green]]></link>
</author>
</authors>
</book>

          <book>
<id>10739</id>
<title>The Moviegoer</title>
<title_without_series>The Moviegoer</title_without_series>
<link><![CDATA[https://www.goodreads.com/book/show/10739.The_Moviegoer]]></link>
<small_image_url><![CDATA[https://images.gr-assets.com/books/1437668043s/10739.jpg]]></small_image_url>
<image_url><![CDATA[https://images.gr-assets.com/books/1437668043m/10739.jpg]]></image_url>
<num_pages>242</num_pages>
<work>
<id>1209450</id>
</work>
<isbn>0375701966</isbn>
<isbn13>9780375701962</isbn13>
<average_rating>3.70</average_rating>
<ratings_count>20110</ratings_count>
<publication_year></publication_year>
<publication_month></publication_month>
<publication_day></publication_day>
<authors>
<author>
<id>337</id>
<name>Walker Percy</name>
<link><![CDATA[https://www.goodreads.com/author/show/337.Walker_Percy]]></link>
</author>
</authors>
</book>

          <book>
<id>11890</id>
<title>The Wapshot Chronicle</title>
<title_without_series>The Wapshot Chronicle</title_without_series>
<link><![CDATA[https://www.goodreads.com/book/show/11890.The_Wapshot_Chronicle]]></link>
<small_image_url><![CDATA[https://images.gr-assets.com/books/1405912722s/11890.jpg]]></small_image_url>
<image_url><![CDATA[https://images.gr-assets.com/books/1405912722m/11890.jpg]]></image_url>
<num_pages>352</num_pages>
<work>
<id>1527547</id>
</work>
<isbn>0060528877</isbn>
<isbn13>9780060528874</isbn13>
<average_rating>3.76</average_rating>
<ratings_count>5747</ratings_count>
<publication_year></publication_year>
<publication_month></publication_month>
<publication_day></publication_day>
<authors>
<author>
<id>7464</id>
<name>John Cheever</name>
<link><![CDATA[https://www.goodreads.com/author/show/7464.John_Cheever]]></link>
</author>
</authors>
</book>

          <book>
<id>48465</id>
<title><![CDATA[3 by Flannery O'Connor: The Violent Bear It Away / Everything That Rises Must Converge / Wise Blood]]></title>
<title_without_series><![CDATA[3 by Flannery O'Connor: The Violent Bear It Away / Everything That Rises Must Converge / Wise Blood]]></title_without_series>
<link><![CDATA[https://www.goodreads.com/book/show/48465.3_by_Flannery_O_Connor]]></link>
<small_image_url><![CDATA[https://s.gr-assets.com/assets/nophoto/book/50x75-a91bf249278a81aabab721ef782c4a74.png]]></small_image_url>
<image_url><![CDATA[https://s.gr-assets.com/assets/nophoto/book/111x148-bcc042a9c91a29c1d680899eff700a03.png]]></image_url>
<num_pages>496</num_pages>
<work>
<id>47411</id>
</work>
<isbn></isbn>
<isbn13>9780451525147</isbn13>
<average_rating>4.30</average_rating>
<ratings_count>1691</ratings_count>
<publication_year>1986</publication_year>
<publication_month>8</publication_month>
<publication_day>21</publication_day>
<authors>
<author>
<id>22694</id>
<name>Flannery O&apos;Connor</name>
<link><![CDATA[https://www.goodreads.com/author/show/22694.Flannery_O_Connor]]></link>
</author>
</authors>
</book>

  </similar_books>
</book>

</GoodreadsResponse>