<?xml version="1.0" encoding="UTF-8"?>
<GoodreadsResponse>
  <Request>
    <authentication>true</authentication>
      <key><![CDATA[all_men_must_serve]]></key>
    <method><![CDATA[book_show]]></method>
  </Request>
  <book>
  <id>10987</id>
  <title>Voyager (Outlander, #3)</title>
  <isbn><![CDATA[0385335997]]></isbn>
  <isbn13><![CDATA[9780385335997]]></isbn13>
  <asin><![CDATA[]]></asin>
  <kindle_asin><![CDATA[B005H0CBZ0]]></kindle_asin>
  <marketplace_id><![CDATA[A1F83G8C2ARO7P]]></marketplace_id>
  <country_code><![CDATA[GB]]></country_code>
  <image_url>https://images.gr-assets.com/books/1483278195m/10987.jpg</image_url>
  <small_image_url>https://images.gr-assets.com/books/1483278195s/10987.jpg</small_image_url>
  <publication_year>2001</publication_year>
  <publication_month>8</publication_month>
  <publication_day>7</publication_day>
  <publisher>Delta</publisher>
  <language_code>eng</language_code>
  <is_ebook>false</is_ebook>
  <description><![CDATA[From the author of the breathtaking bestsellers <i>Outlander</i> and <i>Dragonfly in Amber</i>, the extraordinary saga continues.<p>Their passionate encounter happened long ago by whatever measurement Claire Randall took. Two decades before, she had traveled back in time and into the arms of a gallant eighteenth-century Scot named Jamie Fraser. Then she returned to her own century to bear his child, believing him dead in the tragic battle of Culloden. Yet his memory has never lessened its hold on her... and her body still cries out for him in her dreams.</p><p>Then Claire discovers that Jamie survived. Torn between returning to him and staying with their daughter in her own era, Claire must choose her destiny. And as time and space come full circle, she must find the courage to face the passion and pain awaiting her...the deadly intrigues raging in a divided Scotland... and the daring voyage into the dark unknown that can reunite or forever doom her timeless love.</p>]]></description>
  <work>
  <id type="integer">1131570</id>
  <books_count type="integer">105</books_count>
  <best_book_id type="integer">10987</best_book_id>
  <reviews_count type="integer">272425</reviews_count>
  <ratings_sum type="integer">807637</ratings_sum>
  <ratings_count type="integer">184426</ratings_count>
  <text_reviews_count type="integer">8388</text_reviews_count>
  <original_publication_year type="integer">1993</original_publication_year>
  <original_publication_month type="integer">12</original_publication_month>
  <original_publication_day type="integer">1</original_publication_day>
  <original_title>Voyager</original_title>
  <original_language_id type="integer" nil="true"/>
  <media_type>book</media_type>
  <rating_dist>5:99902|4:59244|3:21418|2:3035|1:827|total:184426</rating_dist>
  <desc_user_id type="integer">881049</desc_user_id>
  <default_chaptering_book_id type="integer" nil="true"/>
  <default_description_language_code nil="true"/>
</work>
  <average_rating>4.38</average_rating>
  <num_pages><![CDATA[870]]></num_pages>
  <format><![CDATA[Paperback]]></format>
  <edition_information><![CDATA[]]></edition_information>
  <ratings_count><![CDATA[157548]]></ratings_count>
  <text_reviews_count><![CDATA[6784]]></text_reviews_count>
  <url><![CDATA[https://www.goodreads.com/book/show/10987.Voyager]]></url>
  <link><![CDATA[https://www.goodreads.com/book/show/10987.Voyager]]></link>
  <authors>
<author>
<id>3617</id>
<name>Diana Gabaldon</name>
<role></role>
<image_url nophoto='false'>
<![CDATA[https://images.gr-assets.com/authors/1213918339p5/3617.jpg]]>
</image_url>
<small_image_url nophoto='false'>
<![CDATA[https://images.gr-assets.com/authors/1213918339p2/3617.jpg]]>
</small_image_url>
<link><![CDATA[https://www.goodreads.com/author/show/3617.Diana_Gabaldon]]></link>
<average_rating>4.25</average_rating>
<ratings_count>1708095</ratings_count>
<text_reviews_count>96995</text_reviews_count>
</author>
</authors>

    <reviews_widget>
      <![CDATA[
        <style>
  #goodreads-widget {
    font-family: georgia, serif;
    padding: 18px 0;
    width:565px;
  }
  #goodreads-widget h1 {
    font-weight:normal;
    font-size: 16px;
    border-bottom: 1px solid #BBB596;
    margin-bottom: 0;
  }
  #goodreads-widget a {
    text-decoration: none;
    color:#660;
  }
  iframe{
    background-color: #fff;
  }
  #goodreads-widget a:hover { text-decoration: underline; }
  #goodreads-widget a:active {
    color:#660;
  }
  #gr_footer {
    width: 100%;
    border-top: 1px solid #BBB596;
    text-align: right;
  }
  #goodreads-widget .gr_branding{
    color: #382110;
    font-size: 11px;
    text-decoration: none;
    font-family: "Helvetica Neue", Helvetica, Arial, sans-serif;
  }
</style>
<div id="goodreads-widget">
  <div id="gr_header"><h1><a rel="nofollow" href="https://www.goodreads.com/book/show/10987.Voyager">Voyager Reviews</a></h1></div>
  <iframe id="the_iframe" src="https://www.goodreads.com/api/reviews_widget_iframe?did=DEVELOPER_ID&amp;format=html&amp;isbn=0385335997&amp;links=660&amp;min_rating=&amp;review_back=fff&amp;stars=000&amp;text=000" width="565" height="400" frameborder="0"></iframe>
  <div id="gr_footer">
    <a class="gr_branding" target="_blank" rel="nofollow" href="https://www.goodreads.com/book/show/10987.Voyager?utm_medium=api&amp;utm_source=reviews_widget">Reviews from Goodreads.com</a>
  </div>
</div>

      ]]>
    </reviews_widget>
  <popular_shelves>
      <shelf name="historical-fiction" count="3807"/>
      <shelf name="romance" count="2080"/>
      <shelf name="fantasy" count="1579"/>
      <shelf name="fiction" count="1395"/>
      <shelf name="time-travel" count="1258"/>
      <shelf name="to-read" count="1247"/>
      <shelf name="historical" count="1101"/>
      <shelf name="currently-reading" count="804"/>
      <shelf name="series" count="741"/>
      <shelf name="historical-romance" count="735"/>
      <shelf name="books-i-own" count="516"/>
      <shelf name="outlander" count="510"/>
      <shelf name="diana-gabaldon" count="496"/>
      <shelf name="owned" count="345"/>
      <shelf name="scotland" count="282"/>
      <shelf name="adult" count="280"/>
      <shelf name="audiobook" count="279"/>
      <shelf name="adventure" count="262"/>
      <shelf name="kindle" count="257"/>
      <shelf name="outlander-series" count="248"/>
      <shelf name="audiobooks" count="218"/>
      <shelf name="history" count="195"/>
      <shelf name="audible" count="187"/>
      <shelf name="audio" count="176"/>
      <shelf name="owned-books" count="173"/>
      <shelf name="science-fiction" count="152"/>
      <shelf name="adult-fiction" count="151"/>
      <shelf name="favourites" count="143"/>
      <shelf name="favorites" count="129"/>
      <shelf name="read-in-2016" count="126"/>
      <shelf name="re-read" count="123"/>
      <shelf name="read-in-2015" count="119"/>
      <shelf name="default" count="119"/>
      <shelf name="library" count="118"/>
      <shelf name="ebook" count="115"/>
      <shelf name="sci-fi" count="110"/>
      <shelf name="gabaldon" count="108"/>
      <shelf name="paranormal" count="103"/>
      <shelf name="ebooks" count="103"/>
      <shelf name="chick-lit" count="102"/>
      <shelf name="read-in-2014" count="92"/>
      <shelf name="to-buy" count="92"/>
      <shelf name="audio-book" count="86"/>
      <shelf name="audio-books" count="85"/>
      <shelf name="18th-century" count="81"/>
      <shelf name="my-books" count="79"/>
      <shelf name="sci-fi-fantasy" count="77"/>
      <shelf name="all-time-favorites" count="76"/>
      <shelf name="own-it" count="72"/>
      <shelf name="highlanders" count="71"/>
      <shelf name="favorite" count="66"/>
      <shelf name="read-2014" count="66"/>
      <shelf name="drama" count="66"/>
      <shelf name="i-own" count="65"/>
      <shelf name="gabaldon-diana" count="63"/>
      <shelf name="my-library" count="62"/>
      <shelf name="fantasy-sci-fi" count="59"/>
      <shelf name="epic" count="58"/>
      <shelf name="highlander" count="57"/>
      <shelf name="historical-fantasy" count="56"/>
      <shelf name="read-2015" count="56"/>
      <shelf name="e-book" count="56"/>
      <shelf name="novels" count="56"/>
      <shelf name="romance-historical" count="55"/>
      <shelf name="shelfari-favorites" count="53"/>
      <shelf name="historic-fiction" count="53"/>
      <shelf name="fiction-historical" count="52"/>
      <shelf name="séries" count="52"/>
      <shelf name="reread" count="52"/>
      <shelf name="5-stars" count="52"/>
      <shelf name="travel" count="49"/>
      <shelf name="favorite-books" count="49"/>
      <shelf name="part-of-a-series" count="48"/>
      <shelf name="read-2016" count="47"/>
      <shelf name="re-reading" count="47"/>
      <shelf name="e-books" count="47"/>
      <shelf name="read-in-2013" count="46"/>
      <shelf name="general-fiction" count="46"/>
      <shelf name="favorite-series" count="46"/>
      <shelf name="read-in-2017" count="45"/>
      <shelf name="paranormal-romance" count="45"/>
      <shelf name="favorite-authors" count="45"/>
      <shelf name="supernatural" count="44"/>
      <shelf name="read-in-2011" count="42"/>
      <shelf name="re-reads" count="42"/>
      <shelf name="finished" count="42"/>
      <shelf name="my-favorites" count="41"/>
      <shelf name="guilty-pleasures" count="41"/>
      <shelf name="magic" count="40"/>
      <shelf name="2016-reads" count="39"/>
      <shelf name="love" count="39"/>
      <shelf name="historicalfiction" count="39"/>
      <shelf name="borrowed" count="39"/>
      <shelf name="scottish" count="38"/>
      <shelf name="nook" count="38"/>
      <shelf name="time-travel-romance" count="38"/>
      <shelf name="read-more-than-once" count="37"/>
      <shelf name="2015-reads" count="36"/>
      <shelf name="tbr" count="36"/>
      <shelf name="kindle-books" count="36"/>
  </popular_shelves>
  <book_links>
    <book_link>
  <id>8</id>
  <name>Libraries</name>
  <link>https://www.goodreads.com/book_link/follow/8</link>
</book_link>

  </book_links>
  <buy_links>
    <buy_link>
<id>1</id>
<name>Amazon</name>
<link>https://www.goodreads.com/book_link/follow/1</link>
</buy_link>
<buy_link>
<id>10</id>
<name>Audible</name>
<link>https://www.goodreads.com/book_link/follow/10</link>
</buy_link>
<buy_link>
<id>3</id>
<name>Barnes &amp; Noble</name>
<link>https://www.goodreads.com/book_link/follow/3</link>
</buy_link>
<buy_link>
<id>1027</id>
<name>Kobo</name>
<link>https://www.goodreads.com/book_link/follow/1027</link>
</buy_link>
<buy_link>
<id>2102</id>
<name>Apple iBooks</name>
<link>https://www.goodreads.com/book_link/follow/2102</link>
</buy_link>
<buy_link>
<id>8036</id>
<name>Google Play</name>
<link>https://www.goodreads.com/book_link/follow/8036</link>
</buy_link>
<buy_link>
<id>4</id>
<name>Abebooks</name>
<link>https://www.goodreads.com/book_link/follow/4</link>
</buy_link>
<buy_link>
<id>882</id>
<name>Book Depository</name>
<link>https://www.goodreads.com/book_link/follow/882</link>
</buy_link>
<buy_link>
<id>9</id>
<name>Indigo</name>
<link>https://www.goodreads.com/book_link/follow/9</link>
</buy_link>
<buy_link>
<id>2</id>
<name>Half.com</name>
<link>https://www.goodreads.com/book_link/follow/2</link>
</buy_link>
<buy_link>
<id>5</id>
<name>Alibris</name>
<link>https://www.goodreads.com/book_link/follow/5</link>
</buy_link>
<buy_link>
<id>107</id>
<name>Better World Books</name>
<link>https://www.goodreads.com/book_link/follow/107</link>
</buy_link>
<buy_link>
<id>7</id>
<name>IndieBound</name>
<link>https://www.goodreads.com/book_link/follow/7</link>
</buy_link>

  </buy_links>
  <series_works>
    <series_work>
<id>155158</id>
<user_position>3</user_position>
<series>
<id>43943</id>
<title>
<![CDATA[
    Outlander
]]>
</title>
<description>
<![CDATA[
    Please note: This series is comprised of one epic story. Each book is like a chapter in that larger story. It is recommended that you read the books in the order they were published. 
    
    <b>Related Series</b>
    <a href="http://www.goodreads.com/series/44511-lord-john-grey">The Lord John Grey Series</a>. In the greater Outlander Chronology, the Lord John Grey stories occur during the years covered in Voyager. 
    
    You can find the reading order of the Lord John Grey series and Outlander series <a href="http://www.dianagabaldon.com/books/chronology-of-the-outlander-series/">here</a>.
]]>
</description>
<note>
<![CDATA[
    DO NOT change the numbering and keep the Lord John Grey series separate.
]]>
</note>
<series_works_count>27</series_works_count>
<primary_work_count>9</primary_work_count>
<numbered>true</numbered>
</series>

</series_work>
<series_work>
<id>517868</id>
<user_position>5</user_position>
<series>
<id>106893</id>
<title>
<![CDATA[
    Le Chardon et le Tartan
]]>
</title>
<description>
<![CDATA[
    French Translation of <a href="http://www.goodreads.com/series/43943-outlander">Outlander</a>
    
    Le Chardon et le Tartan is the French series from publisher J'ai Lu.
    There is also a French series that is called Le cercle de Pierre. 
    Some newer French editions have Outlander as series name.
]]>
</description>
<note>
<![CDATA[
    See Wikipedia for the different ways the books are split up in French, sometimes with the same title and different content: https://fr.wikipedia.org/wiki/Le_Chardon_et_le_Tartan
]]>
</note>
<series_works_count>13</series_works_count>
<primary_work_count>13</primary_work_count>
<numbered>true</numbered>
</series>

</series_work>

  </series_works>
  <similar_books>
          <book>
<id>5292764</id>
<title><![CDATA[The Endless Forest (Wilderness, #6)]]></title>
<title_without_series>The Endless Forest</title_without_series>
<link><![CDATA[https://www.goodreads.com/book/show/5292764-the-endless-forest]]></link>
<small_image_url><![CDATA[https://images.gr-assets.com/books/1262375790s/5292764.jpg]]></small_image_url>
<image_url><![CDATA[https://images.gr-assets.com/books/1262375790m/5292764.jpg]]></image_url>
<num_pages>628</num_pages>
<work>
<id>6450953</id>
</work>
<isbn>1863255419</isbn>
<isbn13>9781863255417</isbn13>
<average_rating>4.41</average_rating>
<ratings_count>7295</ratings_count>
<publication_year>2010</publication_year>
<publication_month>2</publication_month>
<publication_day>2</publication_day>
<authors>
<author>
<id>41193</id>
<name>Sara Donati</name>
<link><![CDATA[https://www.goodreads.com/author/show/41193.Sara_Donati]]></link>
</author>
</authors>
</book>

          <book>
<id>3711150</id>
<title><![CDATA[Untamed (MacKinnon's Rangers, #2)]]></title>
<title_without_series>Untamed</title_without_series>
<link><![CDATA[https://www.goodreads.com/book/show/3711150-untamed]]></link>
<small_image_url><![CDATA[https://images.gr-assets.com/books/1325216112s/3711150.jpg]]></small_image_url>
<image_url><![CDATA[https://images.gr-assets.com/books/1325216112m/3711150.jpg]]></image_url>
<num_pages>347</num_pages>
<work>
<id>3754715</id>
</work>
<isbn>0843954892</isbn>
<isbn13>9780843954890</isbn13>
<average_rating>4.26</average_rating>
<ratings_count>3196</ratings_count>
<publication_year></publication_year>
<publication_month></publication_month>
<publication_day></publication_day>
<authors>
<author>
<id>92650</id>
<name>Pamela Clare</name>
<link><![CDATA[https://www.goodreads.com/author/show/92650.Pamela_Clare]]></link>
</author>
</authors>
</book>

          <book>
<id>6503378</id>
<title><![CDATA[A Highlander's Homecoming (Daughters of the Glen, #6)]]></title>
<title_without_series>A Highlander&apos;s Homecoming</title_without_series>
<link><![CDATA[https://www.goodreads.com/book/show/6503378-a-highlander-s-homecoming]]></link>
<small_image_url><![CDATA[https://images.gr-assets.com/books/1461592871s/6503378.jpg]]></small_image_url>
<image_url><![CDATA[https://images.gr-assets.com/books/1461592871m/6503378.jpg]]></image_url>
<num_pages>384</num_pages>
<work>
<id>6694929</id>
</work>
<isbn>1439144257</isbn>
<isbn13>9781439144251</isbn13>
<average_rating>4.18</average_rating>
<ratings_count>1245</ratings_count>
<publication_year>2010</publication_year>
<publication_month>1</publication_month>
<publication_day>26</publication_day>
<authors>
<author>
<id>389599</id>
<name>Melissa Mayhue</name>
<link><![CDATA[https://www.goodreads.com/author/show/389599.Melissa_Mayhue]]></link>
</author>
</authors>
</book>

          <book>
<id>25802</id>
<title><![CDATA[The Deception of the Emerald Ring (Pink Carnation, #3)]]></title>
<title_without_series><![CDATA[The Deception of the Emerald Ring]]></title_without_series>
<link><![CDATA[https://www.goodreads.com/book/show/25802.The_Deception_of_the_Emerald_Ring]]></link>
<small_image_url><![CDATA[https://s.gr-assets.com/assets/nophoto/book/50x75-a91bf249278a81aabab721ef782c4a74.png]]></small_image_url>
<image_url><![CDATA[https://s.gr-assets.com/assets/nophoto/book/111x148-bcc042a9c91a29c1d680899eff700a03.png]]></image_url>
<num_pages>387</num_pages>
<work>
<id>26522</id>
</work>
<isbn>0525949771</isbn>
<isbn13>9780525949770</isbn13>
<average_rating>3.90</average_rating>
<ratings_count>8568</ratings_count>
<publication_year></publication_year>
<publication_month></publication_month>
<publication_day></publication_day>
<authors>
<author>
<id>14469</id>
<name>Lauren Willig</name>
<link><![CDATA[https://www.goodreads.com/author/show/14469.Lauren_Willig]]></link>
</author>
</authors>
</book>

          <book>
<id>608216</id>
<title><![CDATA[The Summer Garden (The Bronze Horseman, #3)]]></title>
<title_without_series>The Summer Garden</title_without_series>
<link><![CDATA[https://www.goodreads.com/book/show/608216.The_Summer_Garden]]></link>
<small_image_url><![CDATA[https://images.gr-assets.com/books/1411993309s/608216.jpg]]></small_image_url>
<image_url><![CDATA[https://images.gr-assets.com/books/1411993309m/608216.jpg]]></image_url>
<num_pages>742</num_pages>
<work>
<id>2098474</id>
</work>
<isbn>0007162499</isbn>
<isbn13>9780007162499</isbn13>
<average_rating>4.13</average_rating>
<ratings_count>19147</ratings_count>
<publication_year>2007</publication_year>
<publication_month>7</publication_month>
<publication_day></publication_day>
<authors>
<author>
<id>47499</id>
<name>Paullina Simons</name>
<link><![CDATA[https://www.goodreads.com/author/show/47499.Paullina_Simons]]></link>
</author>
</authors>
</book>

          <book>
<id>112755</id>
<title><![CDATA[The Dark Highlander (Highlander, #5)]]></title>
<title_without_series>The Dark Highlander</title_without_series>
<link><![CDATA[https://www.goodreads.com/book/show/112755.The_Dark_Highlander]]></link>
<small_image_url><![CDATA[https://s.gr-assets.com/assets/nophoto/book/50x75-a91bf249278a81aabab721ef782c4a74.png]]></small_image_url>
<image_url><![CDATA[https://s.gr-assets.com/assets/nophoto/book/111x148-bcc042a9c91a29c1d680899eff700a03.png]]></image_url>
<num_pages>370</num_pages>
<work>
<id>2203425</id>
</work>
<isbn>0440237556</isbn>
<isbn13>9780440237556</isbn13>
<average_rating>4.31</average_rating>
<ratings_count>29565</ratings_count>
<publication_year>2002</publication_year>
<publication_month>10</publication_month>
<publication_day>1</publication_day>
<authors>
<author>
<id>48206</id>
<name>Karen Marie Moning</name>
<link><![CDATA[https://www.goodreads.com/author/show/48206.Karen_Marie_Moning]]></link>
</author>
</authors>
</book>

          <book>
<id>11099141</id>
<title><![CDATA[Embrace the Highland Warrior (Connor Clan, #2)]]></title>
<title_without_series>Embrace the Highland Warrior</title_without_series>
<link><![CDATA[https://www.goodreads.com/book/show/11099141-embrace-the-highland-warrior]]></link>
<small_image_url><![CDATA[https://images.gr-assets.com/books/1305631651s/11099141.jpg]]></small_image_url>
<image_url><![CDATA[https://images.gr-assets.com/books/1305631651m/11099141.jpg]]></image_url>
<num_pages>400</num_pages>
<work>
<id>16021185</id>
</work>
<isbn>1402251262</isbn>
<isbn13>9781402251269</isbn13>
<average_rating>4.15</average_rating>
<ratings_count>1230</ratings_count>
<publication_year>2011</publication_year>
<publication_month>11</publication_month>
<publication_day>1</publication_day>
<authors>
<author>
<id>4446076</id>
<name>Anita Clenney</name>
<link><![CDATA[https://www.goodreads.com/author/show/4446076.Anita_Clenney]]></link>
</author>
</authors>
</book>

          <book>
<id>77448</id>
<title><![CDATA[Falls the Shadow  (Welsh Princes, #2)]]></title>
<title_without_series>Falls the Shadow</title_without_series>
<link><![CDATA[https://www.goodreads.com/book/show/77448.Falls_the_Shadow]]></link>
<small_image_url><![CDATA[https://images.gr-assets.com/books/1448657270s/77448.jpg]]></small_image_url>
<image_url><![CDATA[https://images.gr-assets.com/books/1448657270m/77448.jpg]]></image_url>
<num_pages></num_pages>
<work>
<id>991472</id>
</work>
<isbn>0345360338</isbn>
<isbn13>9780345360335</isbn13>
<average_rating>4.39</average_rating>
<ratings_count>7547</ratings_count>
<publication_year></publication_year>
<publication_month></publication_month>
<publication_day></publication_day>
<authors>
<author>
<id>24655</id>
<name>Sharon Kay Penman</name>
<link><![CDATA[https://www.goodreads.com/author/show/24655.Sharon_Kay_Penman]]></link>
</author>
</authors>
</book>

          <book>
<id>891793</id>
<title><![CDATA[Midnight Honor (Highlands, #3)]]></title>
<title_without_series>Midnight Honor</title_without_series>
<link><![CDATA[https://www.goodreads.com/book/show/891793.Midnight_Honor]]></link>
<small_image_url><![CDATA[https://s.gr-assets.com/assets/nophoto/book/50x75-a91bf249278a81aabab721ef782c4a74.png]]></small_image_url>
<image_url><![CDATA[https://s.gr-assets.com/assets/nophoto/book/111x148-bcc042a9c91a29c1d680899eff700a03.png]]></image_url>
<num_pages>388</num_pages>
<work>
<id>877033</id>
</work>
<isbn>0440235227</isbn>
<isbn13>9780440235224</isbn13>
<average_rating>4.12</average_rating>
<ratings_count>680</ratings_count>
<publication_year>2001</publication_year>
<publication_month>4</publication_month>
<publication_day>10</publication_day>
<authors>
<author>
<id>371595</id>
<name>Marsha Canham</name>
<link><![CDATA[https://www.goodreads.com/author/show/371595.Marsha_Canham]]></link>
</author>
</authors>
</book>

          <book>
<id>7816298</id>
<title><![CDATA[Silent Vows (MacCoinnich Time Travel Trilogy, #2)]]></title>
<title_without_series>Silent Vows</title_without_series>
<link><![CDATA[https://www.goodreads.com/book/show/7816298-silent-vows]]></link>
<small_image_url><![CDATA[https://images.gr-assets.com/books/1358299025s/7816298.jpg]]></small_image_url>
<image_url><![CDATA[https://images.gr-assets.com/books/1358299025m/7816298.jpg]]></image_url>
<num_pages>302</num_pages>
<work>
<id>10842449</id>
</work>
<isbn>1601548117</isbn>
<isbn13>9781601548115</isbn13>
<average_rating>4.18</average_rating>
<ratings_count>1215</ratings_count>
<publication_year>2010</publication_year>
<publication_month>9</publication_month>
<publication_day>3</publication_day>
<authors>
<author>
<id>2905789</id>
<name>Catherine Bybee</name>
<link><![CDATA[https://www.goodreads.com/author/show/2905789.Catherine_Bybee]]></link>
</author>
</authors>
</book>

          <book>
<id>961831</id>
<title>The Shadowy Horses</title>
<title_without_series>The Shadowy Horses</title_without_series>
<link><![CDATA[https://www.goodreads.com/book/show/961831.The_Shadowy_Horses]]></link>
<small_image_url><![CDATA[https://images.gr-assets.com/books/1428617658s/961831.jpg]]></small_image_url>
<image_url><![CDATA[https://images.gr-assets.com/books/1428617658m/961831.jpg]]></image_url>
<num_pages>432</num_pages>
<work>
<id>960794</id>
</work>
<isbn>0515124648</isbn>
<isbn13>9780515124644</isbn13>
<average_rating>3.92</average_rating>
<ratings_count>13943</ratings_count>
<publication_year>1999</publication_year>
<publication_month>3</publication_month>
<publication_day>1</publication_day>
<authors>
<author>
<id>486812</id>
<name>Susanna Kearsley</name>
<link><![CDATA[https://www.goodreads.com/author/show/486812.Susanna_Kearsley]]></link>
</author>
</authors>
</book>

          <book>
<id>299514</id>
<title>Lady of Hay</title>
<title_without_series>Lady of Hay</title_without_series>
<link><![CDATA[https://www.goodreads.com/book/show/299514.Lady_of_Hay]]></link>
<small_image_url><![CDATA[https://s.gr-assets.com/assets/nophoto/book/50x75-a91bf249278a81aabab721ef782c4a74.png]]></small_image_url>
<image_url><![CDATA[https://s.gr-assets.com/assets/nophoto/book/111x148-bcc042a9c91a29c1d680899eff700a03.png]]></image_url>
<num_pages>600</num_pages>
<work>
<id>290588</id>
</work>
<isbn>1566491606</isbn>
<isbn13>9781566491600</isbn13>
<average_rating>4.04</average_rating>
<ratings_count>5538</ratings_count>
<publication_year>2001</publication_year>
<publication_month>3</publication_month>
<publication_day>13</publication_day>
<authors>
<author>
<id>63659</id>
<name>Barbara Erskine</name>
<link><![CDATA[https://www.goodreads.com/author/show/63659.Barbara_Erskine]]></link>
</author>
</authors>
</book>

  </similar_books>
</book>

</GoodreadsResponse>