<?xml version="1.0" encoding="UTF-8"?>
<GoodreadsResponse>
  <Request>
    <authentication>true</authentication>
      <key><![CDATA[all_men_must_serve]]></key>
    <method><![CDATA[book_show]]></method>
  </Request>
  <book>
  <id>109901</id>
  <title><![CDATA[The Cold Dish (Walt Longmire, #1)]]></title>
  <isbn><![CDATA[0143036424]]></isbn>
  <isbn13><![CDATA[9780143036425]]></isbn13>
  <asin><![CDATA[]]></asin>
  <kindle_asin><![CDATA[B00F50EQMI]]></kindle_asin>
  <marketplace_id><![CDATA[A1F83G8C2ARO7P]]></marketplace_id>
  <country_code><![CDATA[GB]]></country_code>
  <image_url>https://images.gr-assets.com/books/1398028367m/109901.jpg</image_url>
  <small_image_url>https://images.gr-assets.com/books/1398028367s/109901.jpg</small_image_url>
  <publication_year>2006</publication_year>
  <publication_month>3</publication_month>
  <publication_day>28</publication_day>
  <publisher>Penguin Books</publisher>
  <language_code>eng</language_code>
  <is_ebook>false</is_ebook>
  <description><![CDATA[Walt Longmire, sheriff of Wyoming's Absaroka County, knows he's got trouble when Cody Pritchard is found dead. Two years earlier, Cody and three accomplices had been given suspended sentences for raping a Northern Cheyenne girl. Is someone seeking vengeance? Longmire faces one of the more volatile and challenging cases in his twenty-four years as sheriff and means to see that revenge, a dish that is best served cold, is never served at all.]]></description>
  <work>
  <id type="integer">105919</id>
  <books_count type="integer">27</books_count>
  <best_book_id type="integer">109901</best_book_id>
  <reviews_count type="integer">34184</reviews_count>
  <ratings_sum type="integer">74996</ratings_sum>
  <ratings_count type="integer">18130</ratings_count>
  <text_reviews_count type="integer">2457</text_reviews_count>
  <original_publication_year type="integer">2004</original_publication_year>
  <original_publication_month type="integer">12</original_publication_month>
  <original_publication_day type="integer">29</original_publication_day>
  <original_title>The Cold Dish</original_title>
  <original_language_id type="integer" nil="true"/>
  <media_type>book</media_type>
  <rating_dist>5:6724|4:7990|3:2764|2:472|1:180|total:18130</rating_dist>
  <desc_user_id type="integer">5538907</desc_user_id>
  <default_chaptering_book_id type="integer" nil="true"/>
  <default_description_language_code nil="true"/>
</work>
  <average_rating>4.14</average_rating>
  <num_pages><![CDATA[354]]></num_pages>
  <format><![CDATA[Paperback]]></format>
  <edition_information><![CDATA[]]></edition_information>
  <ratings_count><![CDATA[14506]]></ratings_count>
  <text_reviews_count><![CDATA[2016]]></text_reviews_count>
  <url><![CDATA[https://www.goodreads.com/book/show/109901.The_Cold_Dish]]></url>
  <link><![CDATA[https://www.goodreads.com/book/show/109901.The_Cold_Dish]]></link>
  <authors>
<author>
<id>63607</id>
<name>Craig Johnson</name>
<role></role>
<image_url nophoto='false'>
<![CDATA[https://images.gr-assets.com/authors/1349965600p5/63607.jpg]]>
</image_url>
<small_image_url nophoto='false'>
<![CDATA[https://images.gr-assets.com/authors/1349965600p2/63607.jpg]]>
</small_image_url>
<link><![CDATA[https://www.goodreads.com/author/show/63607.Craig_Johnson]]></link>
<average_rating>4.22</average_rating>
<ratings_count>117515</ratings_count>
<text_reviews_count>11970</text_reviews_count>
</author>
</authors>

    <reviews_widget>
      <![CDATA[
        <style>
  #goodreads-widget {
    font-family: georgia, serif;
    padding: 18px 0;
    width:565px;
  }
  #goodreads-widget h1 {
    font-weight:normal;
    font-size: 16px;
    border-bottom: 1px solid #BBB596;
    margin-bottom: 0;
  }
  #goodreads-widget a {
    text-decoration: none;
    color:#660;
  }
  iframe{
    background-color: #fff;
  }
  #goodreads-widget a:hover { text-decoration: underline; }
  #goodreads-widget a:active {
    color:#660;
  }
  #gr_footer {
    width: 100%;
    border-top: 1px solid #BBB596;
    text-align: right;
  }
  #goodreads-widget .gr_branding{
    color: #382110;
    font-size: 11px;
    text-decoration: none;
    font-family: "Helvetica Neue", Helvetica, Arial, sans-serif;
  }
</style>
<div id="goodreads-widget">
  <div id="gr_header"><h1><a rel="nofollow" href="https://www.goodreads.com/book/show/109901.The_Cold_Dish">The Cold Dish Reviews</a></h1></div>
  <iframe id="the_iframe" src="https://www.goodreads.com/api/reviews_widget_iframe?did=DEVELOPER_ID&amp;format=html&amp;isbn=0143036424&amp;links=660&amp;min_rating=&amp;review_back=fff&amp;stars=000&amp;text=000" width="565" height="400" frameborder="0"></iframe>
  <div id="gr_footer">
    <a class="gr_branding" target="_blank" rel="nofollow" href="https://www.goodreads.com/book/show/109901.The_Cold_Dish?utm_medium=api&amp;utm_source=reviews_widget">Reviews from Goodreads.com</a>
  </div>
</div>

      ]]>
    </reviews_widget>
  <popular_shelves>
      <shelf name="to-read" count="12339"/>
      <shelf name="mystery" count="964"/>
      <shelf name="currently-reading" count="942"/>
      <shelf name="fiction" count="300"/>
      <shelf name="western" count="243"/>
      <shelf name="series" count="132"/>
      <shelf name="mysteries" count="130"/>
      <shelf name="crime" count="124"/>
      <shelf name="favorites" count="98"/>
      <shelf name="longmire" count="95"/>
      <shelf name="mystery-thriller" count="84"/>
      <shelf name="craig-johnson" count="76"/>
      <shelf name="audio" count="72"/>
      <shelf name="kindle" count="66"/>
      <shelf name="audible" count="59"/>
      <shelf name="audiobook" count="59"/>
      <shelf name="library" count="56"/>
      <shelf name="audiobooks" count="53"/>
      <shelf name="thriller" count="51"/>
      <shelf name="westerns" count="48"/>
      <shelf name="wyoming" count="42"/>
      <shelf name="owned" count="34"/>
      <shelf name="ebook" count="33"/>
      <shelf name="walt-longmire" count="32"/>
      <shelf name="crime-fiction" count="32"/>
      <shelf name="crime-mystery" count="30"/>
      <shelf name="book-club" count="30"/>
      <shelf name="mystery-suspense" count="29"/>
      <shelf name="detective" count="28"/>
      <shelf name="audio-book" count="27"/>
      <shelf name="contemporary" count="27"/>
      <shelf name="police-procedural" count="27"/>
      <shelf name="suspense" count="26"/>
      <shelf name="adult" count="25"/>
      <shelf name="mystery-crime" count="24"/>
      <shelf name="default" count="22"/>
      <shelf name="first-in-series" count="21"/>
      <shelf name="american" count="18"/>
      <shelf name="read-in-2016" count="17"/>
      <shelf name="read-in-2015" count="17"/>
      <shelf name="johnson-craig" count="16"/>
      <shelf name="native-american" count="16"/>
      <shelf name="contemporary-fiction" count="16"/>
      <shelf name="books-i-own" count="16"/>
      <shelf name="adult-fiction" count="15"/>
      <shelf name="read-2013" count="14"/>
      <shelf name="mystery-detective" count="14"/>
      <shelf name="murder-mystery" count="13"/>
      <shelf name="listened-to" count="13"/>
      <shelf name="owned-books" count="12"/>
      <shelf name="e-book" count="12"/>
      <shelf name="police" count="12"/>
      <shelf name="ebooks" count="12"/>
      <shelf name="library-book" count="12"/>
      <shelf name="did-not-finish" count="12"/>
      <shelf name="read-in-2014" count="11"/>
      <shelf name="abandoned" count="11"/>
      <shelf name="to-buy" count="11"/>
      <shelf name="thrillers" count="11"/>
      <shelf name="american-west" count="11"/>
      <shelf name="mystery-series" count="11"/>
      <shelf name="wish-list" count="11"/>
      <shelf name="read-2014" count="10"/>
      <shelf name="library-books" count="10"/>
      <shelf name="read-in-2012" count="10"/>
      <shelf name="mystery-thrillers" count="10"/>
      <shelf name="borrowed" count="10"/>
      <shelf name="the-west" count="10"/>
      <shelf name="sheriff" count="9"/>
      <shelf name="audio-books" count="9"/>
      <shelf name="murder" count="9"/>
      <shelf name="reviewed" count="9"/>
      <shelf name="i-own" count="9"/>
      <shelf name="novel" count="9"/>
      <shelf name="read-2016" count="8"/>
      <shelf name="general-fiction" count="8"/>
      <shelf name="novels" count="8"/>
      <shelf name="to-read-mystery" count="8"/>
      <shelf name="walt" count="8"/>
      <shelf name="kindle-books" count="8"/>
      <shelf name="2012-reads" count="8"/>
      <shelf name="crime-thriller" count="8"/>
      <shelf name="calibre" count="8"/>
      <shelf name="detective-fiction" count="8"/>
      <shelf name="to-read-fiction" count="8"/>
      <shelf name="detective-mystery" count="8"/>
      <shelf name="2017-reads" count="7"/>
      <shelf name="action" count="7"/>
      <shelf name="walt-longmire-series" count="7"/>
      <shelf name="longmire-series" count="7"/>
      <shelf name="finished" count="7"/>
      <shelf name="dnf" count="7"/>
      <shelf name="adult-mystery" count="7"/>
      <shelf name="johnson" count="7"/>
      <shelf name="overdrive" count="7"/>
      <shelf name="recommended" count="7"/>
      <shelf name="maybe" count="7"/>
      <shelf name="humor" count="7"/>
      <shelf name="native" count="7"/>
      <shelf name="1st-sheriff-walt-longmire" count="6"/>
  </popular_shelves>
  <book_links>
    <book_link>
  <id>8</id>
  <name>Libraries</name>
  <link>https://www.goodreads.com/book_link/follow/8</link>
</book_link>

  </book_links>
  <buy_links>
    <buy_link>
<id>1</id>
<name>Amazon</name>
<link>https://www.goodreads.com/book_link/follow/1</link>
</buy_link>
<buy_link>
<id>10</id>
<name>Audible</name>
<link>https://www.goodreads.com/book_link/follow/10</link>
</buy_link>
<buy_link>
<id>3</id>
<name>Barnes &amp; Noble</name>
<link>https://www.goodreads.com/book_link/follow/3</link>
</buy_link>
<buy_link>
<id>1027</id>
<name>Kobo</name>
<link>https://www.goodreads.com/book_link/follow/1027</link>
</buy_link>
<buy_link>
<id>2102</id>
<name>Apple iBooks</name>
<link>https://www.goodreads.com/book_link/follow/2102</link>
</buy_link>
<buy_link>
<id>8036</id>
<name>Google Play</name>
<link>https://www.goodreads.com/book_link/follow/8036</link>
</buy_link>
<buy_link>
<id>4</id>
<name>Abebooks</name>
<link>https://www.goodreads.com/book_link/follow/4</link>
</buy_link>
<buy_link>
<id>882</id>
<name>Book Depository</name>
<link>https://www.goodreads.com/book_link/follow/882</link>
</buy_link>
<buy_link>
<id>9</id>
<name>Indigo</name>
<link>https://www.goodreads.com/book_link/follow/9</link>
</buy_link>
<buy_link>
<id>2</id>
<name>Half.com</name>
<link>https://www.goodreads.com/book_link/follow/2</link>
</buy_link>
<buy_link>
<id>5</id>
<name>Alibris</name>
<link>https://www.goodreads.com/book_link/follow/5</link>
</buy_link>
<buy_link>
<id>107</id>
<name>Better World Books</name>
<link>https://www.goodreads.com/book_link/follow/107</link>
</buy_link>
<buy_link>
<id>7</id>
<name>IndieBound</name>
<link>https://www.goodreads.com/book_link/follow/7</link>
</buy_link>

  </buy_links>
  <series_works>
    <series_work>
<id>145875</id>
<user_position>1</user_position>
<series>
<id>41170</id>
<title>
<![CDATA[
    Walt Longmire
]]>
</title>
<description>
<![CDATA[
    Walt Longmire is Sheriff of Wyoming's Absaroka County.
]]>
</description>
<note>
<![CDATA[
]]>
</note>
<series_works_count>23</series_works_count>
<primary_work_count>13</primary_work_count>
<numbered>true</numbered>
</series>

</series_work>

  </series_works>
  <similar_books>
          <book>
<id>163920</id>
<title><![CDATA[Tilt-a-Whirl (John Ceepak Mystery, #1)]]></title>
<title_without_series>Tilt-a-Whirl</title_without_series>
<link><![CDATA[https://www.goodreads.com/book/show/163920.Tilt_a_Whirl]]></link>
<small_image_url><![CDATA[https://s.gr-assets.com/assets/nophoto/book/50x75-a91bf249278a81aabab721ef782c4a74.png]]></small_image_url>
<image_url><![CDATA[https://s.gr-assets.com/assets/nophoto/book/111x148-bcc042a9c91a29c1d680899eff700a03.png]]></image_url>
<num_pages></num_pages>
<work>
<id>16261842</id>
</work>
<isbn>0786717815</isbn>
<isbn13>9780786717811</isbn13>
<average_rating>3.77</average_rating>
<ratings_count>2748</ratings_count>
<publication_year></publication_year>
<publication_month></publication_month>
<publication_day></publication_day>
<authors>
<author>
<id>95190</id>
<name>Chris Grabenstein</name>
<link><![CDATA[https://www.goodreads.com/author/show/95190.Chris_Grabenstein]]></link>
</author>
</authors>
</book>

          <book>
<id>244099</id>
<title>Free Fire (Joe Pickett, #7)</title>
<title_without_series>Free Fire</title_without_series>
<link><![CDATA[https://www.goodreads.com/book/show/244099.Free_Fire]]></link>
<small_image_url><![CDATA[https://s.gr-assets.com/assets/nophoto/book/50x75-a91bf249278a81aabab721ef782c4a74.png]]></small_image_url>
<image_url><![CDATA[https://s.gr-assets.com/assets/nophoto/book/111x148-bcc042a9c91a29c1d680899eff700a03.png]]></image_url>
<num_pages>368</num_pages>
<work>
<id>236493</id>
</work>
<isbn>0399154272</isbn>
<isbn13>9780399154270</isbn13>
<average_rating>4.21</average_rating>
<ratings_count>6079</ratings_count>
<publication_year>2007</publication_year>
<publication_month>5</publication_month>
<publication_day>10</publication_day>
<authors>
<author>
<id>314195</id>
<name>C.J. Box</name>
<link><![CDATA[https://www.goodreads.com/author/show/314195.C_J_Box]]></link>
</author>
</authors>
</book>

          <book>
<id>492866</id>
<title>A Nail Through the Heart</title>
<title_without_series>A Nail Through the Heart</title_without_series>
<link><![CDATA[https://www.goodreads.com/book/show/492866.A_Nail_Through_the_Heart]]></link>
<small_image_url><![CDATA[https://s.gr-assets.com/assets/nophoto/book/50x75-a91bf249278a81aabab721ef782c4a74.png]]></small_image_url>
<image_url><![CDATA[https://s.gr-assets.com/assets/nophoto/book/111x148-bcc042a9c91a29c1d680899eff700a03.png]]></image_url>
<num_pages>336</num_pages>
<work>
<id>481047</id>
</work>
<isbn>0061255807</isbn>
<isbn13>9780061255809</isbn13>
<average_rating>3.84</average_rating>
<ratings_count>1371</ratings_count>
<publication_year>2007</publication_year>
<publication_month>6</publication_month>
<publication_day>26</publication_day>
<authors>
<author>
<id>274986</id>
<name>Timothy Hallinan</name>
<link><![CDATA[https://www.goodreads.com/author/show/274986.Timothy_Hallinan]]></link>
</author>
</authors>
</book>

          <book>
<id>325429</id>
<title><![CDATA[Purgatory Ridge (Cork O'Connor, #3)]]></title>
<title_without_series>Purgatory Ridge</title_without_series>
<link><![CDATA[https://www.goodreads.com/book/show/325429.Purgatory_Ridge]]></link>
<small_image_url><![CDATA[https://images.gr-assets.com/books/1298405018s/325429.jpg]]></small_image_url>
<image_url><![CDATA[https://images.gr-assets.com/books/1298405018m/325429.jpg]]></image_url>
<num_pages>428</num_pages>
<work>
<id>2416240</id>
</work>
<isbn>067104754X</isbn>
<isbn13>9780671047542</isbn13>
<average_rating>4.15</average_rating>
<ratings_count>4882</ratings_count>
<publication_year></publication_year>
<publication_month></publication_month>
<publication_day></publication_day>
<authors>
<author>
<id>71170</id>
<name>William Kent Krueger</name>
<link><![CDATA[https://www.goodreads.com/author/show/71170.William_Kent_Krueger]]></link>
</author>
</authors>
</book>

          <book>
<id>1616870</id>
<title><![CDATA[Heartshot (Bill Gastner Mystery, #1)]]></title>
<title_without_series>Heartshot</title_without_series>
<link><![CDATA[https://www.goodreads.com/book/show/1616870.Heartshot]]></link>
<small_image_url><![CDATA[https://images.gr-assets.com/books/1316779815s/1616870.jpg]]></small_image_url>
<image_url><![CDATA[https://images.gr-assets.com/books/1316779815m/1616870.jpg]]></image_url>
<num_pages>208</num_pages>
<work>
<id>1610750</id>
</work>
<isbn>1890208299</isbn>
<isbn13>9781890208295</isbn13>
<average_rating>3.96</average_rating>
<ratings_count>720</ratings_count>
<publication_year>2007</publication_year>
<publication_month>4</publication_month>
<publication_day>1</publication_day>
<authors>
<author>
<id>118151</id>
<name>Steven F. Havill</name>
<link><![CDATA[https://www.goodreads.com/author/show/118151.Steven_F_Havill]]></link>
</author>
</authors>
</book>

          <book>
<id>521229</id>
<title><![CDATA[The Eagle Catcher (Wind River Reservation, #1)]]></title>
<title_without_series>The Eagle Catcher</title_without_series>
<link><![CDATA[https://www.goodreads.com/book/show/521229.The_Eagle_Catcher]]></link>
<small_image_url><![CDATA[https://s.gr-assets.com/assets/nophoto/book/50x75-a91bf249278a81aabab721ef782c4a74.png]]></small_image_url>
<image_url><![CDATA[https://s.gr-assets.com/assets/nophoto/book/111x148-bcc042a9c91a29c1d680899eff700a03.png]]></image_url>
<num_pages>241</num_pages>
<work>
<id>1925173</id>
</work>
<isbn>0425154637</isbn>
<isbn13>9780425154632</isbn13>
<average_rating>3.83</average_rating>
<ratings_count>2496</ratings_count>
<publication_year>1996</publication_year>
<publication_month>9</publication_month>
<publication_day>1</publication_day>
<authors>
<author>
<id>61761</id>
<name>Margaret Coel</name>
<link><![CDATA[https://www.goodreads.com/author/show/61761.Margaret_Coel]]></link>
</author>
</authors>
</book>

          <book>
<id>13008754</id>
<title><![CDATA[The Cold Cold Ground (Detective Sean Duffy, #1)]]></title>
<title_without_series>The Cold Cold Ground</title_without_series>
<link><![CDATA[https://www.goodreads.com/book/show/13008754-the-cold-cold-ground]]></link>
<small_image_url><![CDATA[https://images.gr-assets.com/books/1355027843s/13008754.jpg]]></small_image_url>
<image_url><![CDATA[https://images.gr-assets.com/books/1355027843m/13008754.jpg]]></image_url>
<num_pages></num_pages>
<work>
<id>18170309</id>
</work>
<isbn>1441785698</isbn>
<isbn13>9781441785695</isbn13>
<average_rating>3.92</average_rating>
<ratings_count>4973</ratings_count>
<publication_year>2012</publication_year>
<publication_month>1</publication_month>
<publication_day>3</publication_day>
<authors>
<author>
<id>12433</id>
<name>Adrian McKinty</name>
<link><![CDATA[https://www.goodreads.com/author/show/12433.Adrian_McKinty]]></link>
</author>
</authors>
</book>

          <book>
<id>48115</id>
<title><![CDATA[The Fallen Man (Leaphorn & Chee, #12)]]></title>
<title_without_series>The Fallen Man</title_without_series>
<link><![CDATA[https://www.goodreads.com/book/show/48115.The_Fallen_Man]]></link>
<small_image_url><![CDATA[https://s.gr-assets.com/assets/nophoto/book/50x75-a91bf249278a81aabab721ef782c4a74.png]]></small_image_url>
<image_url><![CDATA[https://s.gr-assets.com/assets/nophoto/book/111x148-bcc042a9c91a29c1d680899eff700a03.png]]></image_url>
<num_pages>336</num_pages>
<work>
<id>2990384</id>
</work>
<isbn>0061092886</isbn>
<isbn13>9780061092886</isbn13>
<average_rating>4.05</average_rating>
<ratings_count>5166</ratings_count>
<publication_year>1997</publication_year>
<publication_month>9</publication_month>
<publication_day>10</publication_day>
<authors>
<author>
<id>26917</id>
<name>Tony Hillerman</name>
<link><![CDATA[https://www.goodreads.com/author/show/26917.Tony_Hillerman]]></link>
</author>
</authors>
</book>

  </similar_books>
</book>

</GoodreadsResponse>