<?xml version="1.0" encoding="UTF-8"?>
<GoodreadsResponse>
  <Request>
    <authentication>true</authentication>
      <key><![CDATA[all_men_must_serve]]></key>
    <method><![CDATA[book_show]]></method>
  </Request>
  <book>
  <id>110090</id>
  <title><![CDATA[True History of the Kelly Gang]]></title>
  <isbn><![CDATA[0375724672]]></isbn>
  <isbn13><![CDATA[9780375724671]]></isbn13>
  <asin><![CDATA[]]></asin>
  <kindle_asin><![CDATA[B004MW5FWA]]></kindle_asin>
  <marketplace_id><![CDATA[A1F83G8C2ARO7P]]></marketplace_id>
  <country_code><![CDATA[GB]]></country_code>
  <image_url>https://s.gr-assets.com/assets/nophoto/book/111x148-bcc042a9c91a29c1d680899eff700a03.png</image_url>
  <small_image_url>https://s.gr-assets.com/assets/nophoto/book/50x75-a91bf249278a81aabab721ef782c4a74.png</small_image_url>
  <publication_year></publication_year>
  <publication_month></publication_month>
  <publication_day></publication_day>
  <publisher></publisher>
  <language_code>en-US</language_code>
  <is_ebook>false</is_ebook>
  <description><![CDATA[“I lost my own father at 12 yr. of age and know what it is to be raised on lies and silences my dear daughter you are presently too young to understand a word I write but this history is for you and will contain no single lie may I burn in Hell if I speak false.”<br /><br />In <b>True History of the Kelly Gang</b><i>,</i> the legendary Ned Kelly speaks for himself, scribbling his narrative on errant scraps of paper in semiliterate but magically descriptive prose as he flees from the police. To his pursuers, Kelly is nothing but a monstrous criminal, a thief and a murderer. To his own people, the lowly class of ordinary Australians, the bushranger is a hero, defying the authority of the English to direct their lives. Indentured by his bootlegger mother to a famous horse thief (who was also her lover), Ned saw his first prison cell at 15 and by the age of 26 had become the most wanted man in the wild colony of Victoria, taking over whole towns and defying the law until he was finally captured and hanged. Here is a classic outlaw tale, made alive by the skill of a great novelist.<i>
  <br /></i>]]></description>
  <work>
  <id type="integer">2134852</id>
  <books_count type="integer">65</books_count>
  <best_book_id type="integer">110090</best_book_id>
  <reviews_count type="integer">26978</reviews_count>
  <ratings_sum type="integer">60601</ratings_sum>
  <ratings_count type="integer">15937</ratings_count>
  <text_reviews_count type="integer">839</text_reviews_count>
  <original_publication_year type="integer">2000</original_publication_year>
  <original_publication_month type="integer" nil="true"/>
  <original_publication_day type="integer" nil="true"/>
  <original_title>True History of the Kelly Gang</original_title>
  <original_language_id type="integer" nil="true"/>
  <media_type>book</media_type>
  <rating_dist>5:4228|4:6300|3:3879|2:1094|1:436|total:15937</rating_dist>
  <desc_user_id type="integer">3193277</desc_user_id>
  <default_chaptering_book_id type="integer" nil="true"/>
  <default_description_language_code nil="true"/>
</work>
  <average_rating>3.80</average_rating>
  <num_pages><![CDATA[]]></num_pages>
  <format><![CDATA[]]></format>
  <edition_information><![CDATA[]]></edition_information>
  <ratings_count><![CDATA[14355]]></ratings_count>
  <text_reviews_count><![CDATA[667]]></text_reviews_count>
  <url><![CDATA[https://www.goodreads.com/book/show/110090.True_History_of_the_Kelly_Gang]]></url>
  <link><![CDATA[https://www.goodreads.com/book/show/110090.True_History_of_the_Kelly_Gang]]></link>
  <authors>
<author>
<id>22595</id>
<name>Peter Carey</name>
<role></role>
<image_url nophoto='false'>
<![CDATA[https://images.gr-assets.com/authors/1334883386p5/22595.jpg]]>
</image_url>
<small_image_url nophoto='false'>
<![CDATA[https://images.gr-assets.com/authors/1334883386p2/22595.jpg]]>
</small_image_url>
<link><![CDATA[https://www.goodreads.com/author/show/22595.Peter_Carey]]></link>
<average_rating>3.60</average_rating>
<ratings_count>65984</ratings_count>
<text_reviews_count>5425</text_reviews_count>
</author>
</authors>

    <reviews_widget>
      <![CDATA[
        <style>
  #goodreads-widget {
    font-family: georgia, serif;
    padding: 18px 0;
    width:565px;
  }
  #goodreads-widget h1 {
    font-weight:normal;
    font-size: 16px;
    border-bottom: 1px solid #BBB596;
    margin-bottom: 0;
  }
  #goodreads-widget a {
    text-decoration: none;
    color:#660;
  }
  iframe{
    background-color: #fff;
  }
  #goodreads-widget a:hover { text-decoration: underline; }
  #goodreads-widget a:active {
    color:#660;
  }
  #gr_footer {
    width: 100%;
    border-top: 1px solid #BBB596;
    text-align: right;
  }
  #goodreads-widget .gr_branding{
    color: #382110;
    font-size: 11px;
    text-decoration: none;
    font-family: "Helvetica Neue", Helvetica, Arial, sans-serif;
  }
</style>
<div id="goodreads-widget">
  <div id="gr_header"><h1><a rel="nofollow" href="https://www.goodreads.com/book/show/110090.True_History_of_the_Kelly_Gang">True History of the Kelly Gang Reviews</a></h1></div>
  <iframe id="the_iframe" src="https://www.goodreads.com/api/reviews_widget_iframe?did=DEVELOPER_ID&amp;format=html&amp;isbn=0375724672&amp;links=660&amp;min_rating=&amp;review_back=fff&amp;stars=000&amp;text=000" width="565" height="400" frameborder="0"></iframe>
  <div id="gr_footer">
    <a class="gr_branding" target="_blank" rel="nofollow" href="https://www.goodreads.com/book/show/110090.True_History_of_the_Kelly_Gang?utm_medium=api&amp;utm_source=reviews_widget">Reviews from Goodreads.com</a>
  </div>
</div>

      ]]>
    </reviews_widget>
  <popular_shelves>
      <shelf name="to-read" count="1394"/>
      <shelf name="fiction" count="388"/>
      <shelf name="historical-fiction" count="299"/>
      <shelf name="australia" count="185"/>
      <shelf name="australian" count="109"/>
      <shelf name="booker-prize" count="103"/>
      <shelf name="favorites" count="92"/>
      <shelf name="man-booker-prize" count="87"/>
      <shelf name="owned" count="83"/>
      <shelf name="history" count="81"/>
      <shelf name="historical" count="72"/>
      <shelf name="man-booker" count="66"/>
      <shelf name="booker-prize-winners" count="65"/>
      <shelf name="booker" count="63"/>
      <shelf name="crime" count="52"/>
      <shelf name="literature" count="43"/>
      <shelf name="currently-reading" count="42"/>
      <shelf name="books-i-own" count="42"/>
      <shelf name="non-fiction" count="41"/>
      <shelf name="literary-fiction" count="40"/>
      <shelf name="novels" count="39"/>
      <shelf name="library" count="37"/>
      <shelf name="book-club" count="34"/>
      <shelf name="default" count="33"/>
      <shelf name="booker-winners" count="28"/>
      <shelf name="biography" count="26"/>
      <shelf name="man-booker-prize-winners" count="24"/>
      <shelf name="literary" count="22"/>
      <shelf name="booker-prize-winner" count="22"/>
      <shelf name="novel" count="22"/>
      <shelf name="australian-literature" count="21"/>
      <shelf name="australian-fiction" count="21"/>
      <shelf name="contemporary" count="19"/>
      <shelf name="owned-books" count="17"/>
      <shelf name="21st-century" count="16"/>
      <shelf name="abandoned" count="15"/>
      <shelf name="booker-winner" count="15"/>
      <shelf name="kindle" count="14"/>
      <shelf name="adventure" count="14"/>
      <shelf name="australian-authors" count="14"/>
      <shelf name="my-library" count="13"/>
      <shelf name="man-booker-winners" count="13"/>
      <shelf name="favourites" count="12"/>
      <shelf name="to-buy" count="12"/>
      <shelf name="19th-century" count="12"/>
      <shelf name="wish-list" count="12"/>
      <shelf name="australian-lit" count="12"/>
      <shelf name="classics" count="11"/>
      <shelf name="bookers" count="11"/>
      <shelf name="mystery" count="11"/>
      <shelf name="australian-author" count="11"/>
      <shelf name="aussie" count="11"/>
      <shelf name="nonfiction" count="11"/>
      <shelf name="general-fiction" count="11"/>
      <shelf name="audio" count="11"/>
      <shelf name="bookclub" count="11"/>
      <shelf name="school" count="11"/>
      <shelf name="ebooks" count="10"/>
      <shelf name="ebook" count="10"/>
      <shelf name="ned" count="10"/>
      <shelf name="contemporary-fiction" count="10"/>
      <shelf name="i-own" count="10"/>
      <shelf name="modern-fiction" count="10"/>
      <shelf name="english" count="9"/>
      <shelf name="award-winner" count="9"/>
      <shelf name="guardian-1000" count="8"/>
      <shelf name="did-not-finish" count="8"/>
      <shelf name="bushrangers" count="8"/>
      <shelf name="new" count="8"/>
      <shelf name="western" count="8"/>
      <shelf name="prize-winners" count="8"/>
      <shelf name="kelly" count="8"/>
      <shelf name="unread" count="8"/>
      <shelf name="australiana" count="8"/>
      <shelf name="biographical" count="8"/>
      <shelf name="own-it" count="8"/>
      <shelf name="to-read-fiction" count="8"/>
      <shelf name="didn-t-finish" count="8"/>
      <shelf name="westerns" count="8"/>
      <shelf name="oceania" count="7"/>
      <shelf name="tbr" count="7"/>
      <shelf name="robbers" count="7"/>
      <shelf name="general" count="7"/>
      <shelf name="audiobooks" count="7"/>
      <shelf name="2000s" count="7"/>
      <shelf name="historical-novels" count="7"/>
      <shelf name="on-shelf" count="6"/>
      <shelf name="man-booker-prize-winner" count="6"/>
      <shelf name="contemporary-literature" count="6"/>
      <shelf name="bookshelf" count="6"/>
      <shelf name="award-winners" count="6"/>
      <shelf name="wales" count="6"/>
      <shelf name="south" count="6"/>
      <shelf name="victoria" count="6"/>
      <shelf name="bank" count="6"/>
      <shelf name="contemporary-lit" count="6"/>
      <shelf name="peter-carey" count="6"/>
      <shelf name="recommended" count="6"/>
      <shelf name="award-winning" count="6"/>
      <shelf name="outlaws" count="6"/>
  </popular_shelves>
  <book_links>
    <book_link>
  <id>8</id>
  <name>Libraries</name>
  <link>https://www.goodreads.com/book_link/follow/8</link>
</book_link>

  </book_links>
  <buy_links>
    <buy_link>
<id>1</id>
<name>Amazon</name>
<link>https://www.goodreads.com/book_link/follow/1</link>
</buy_link>
<buy_link>
<id>10</id>
<name>Audible</name>
<link>https://www.goodreads.com/book_link/follow/10</link>
</buy_link>
<buy_link>
<id>3</id>
<name>Barnes &amp; Noble</name>
<link>https://www.goodreads.com/book_link/follow/3</link>
</buy_link>
<buy_link>
<id>1027</id>
<name>Kobo</name>
<link>https://www.goodreads.com/book_link/follow/1027</link>
</buy_link>
<buy_link>
<id>2102</id>
<name>Apple iBooks</name>
<link>https://www.goodreads.com/book_link/follow/2102</link>
</buy_link>
<buy_link>
<id>8036</id>
<name>Google Play</name>
<link>https://www.goodreads.com/book_link/follow/8036</link>
</buy_link>
<buy_link>
<id>4</id>
<name>Abebooks</name>
<link>https://www.goodreads.com/book_link/follow/4</link>
</buy_link>
<buy_link>
<id>882</id>
<name>Book Depository</name>
<link>https://www.goodreads.com/book_link/follow/882</link>
</buy_link>
<buy_link>
<id>9</id>
<name>Indigo</name>
<link>https://www.goodreads.com/book_link/follow/9</link>
</buy_link>
<buy_link>
<id>2</id>
<name>Half.com</name>
<link>https://www.goodreads.com/book_link/follow/2</link>
</buy_link>
<buy_link>
<id>5</id>
<name>Alibris</name>
<link>https://www.goodreads.com/book_link/follow/5</link>
</buy_link>
<buy_link>
<id>107</id>
<name>Better World Books</name>
<link>https://www.goodreads.com/book_link/follow/107</link>
</buy_link>
<buy_link>
<id>7</id>
<name>IndieBound</name>
<link>https://www.goodreads.com/book_link/follow/7</link>
</buy_link>

  </buy_links>
  <series_works>
    
  </series_works>
  <similar_books>
          <book>
<id>171833</id>
<title>Saville</title>
<title_without_series>Saville</title_without_series>
<link><![CDATA[https://www.goodreads.com/book/show/171833.Saville]]></link>
<small_image_url><![CDATA[https://images.gr-assets.com/books/1479899303s/171833.jpg]]></small_image_url>
<image_url><![CDATA[https://images.gr-assets.com/books/1479899303m/171833.jpg]]></image_url>
<num_pages>597</num_pages>
<work>
<id>1766634</id>
</work>
<isbn>0380018896</isbn>
<isbn13>9780380018895</isbn13>
<average_rating>3.39</average_rating>
<ratings_count>585</ratings_count>
<publication_year>1978</publication_year>
<publication_month>6</publication_month>
<publication_day>1</publication_day>
<authors>
<author>
<id>100219</id>
<name>David Storey</name>
<link><![CDATA[https://www.goodreads.com/author/show/100219.David_Storey]]></link>
</author>
</authors>
</book>

          <book>
<id>4449027</id>
<title>Something to Answer For</title>
<title_without_series>Something to Answer For</title_without_series>
<link><![CDATA[https://www.goodreads.com/book/show/4449027-something-to-answer-for]]></link>
<small_image_url><![CDATA[https://s.gr-assets.com/assets/nophoto/book/50x75-a91bf249278a81aabab721ef782c4a74.png]]></small_image_url>
<image_url><![CDATA[https://s.gr-assets.com/assets/nophoto/book/111x148-bcc042a9c91a29c1d680899eff700a03.png]]></image_url>
<num_pages>284</num_pages>
<work>
<id>2876623</id>
</work>
<isbn>0571243258</isbn>
<isbn13>9780571243259</isbn13>
<average_rating>3.14</average_rating>
<ratings_count>387</ratings_count>
<publication_year>2008</publication_year>
<publication_month></publication_month>
<publication_day></publication_day>
<authors>
<author>
<id>1238024</id>
<name>P.H. Newby</name>
<link><![CDATA[https://www.goodreads.com/author/show/1238024.P_H_Newby]]></link>
</author>
</authors>
</book>

          <book>
<id>2066739</id>
<title>Holiday</title>
<title_without_series>Holiday</title_without_series>
<link><![CDATA[https://www.goodreads.com/book/show/2066739.Holiday]]></link>
<small_image_url><![CDATA[https://images.gr-assets.com/books/1374712300s/2066739.jpg]]></small_image_url>
<image_url><![CDATA[https://images.gr-assets.com/books/1374712300m/2066739.jpg]]></image_url>
<num_pages>239</num_pages>
<work>
<id>2071966</id>
</work>
<isbn>0907123430</isbn>
<isbn13>9780907123439</isbn13>
<average_rating>3.33</average_rating>
<ratings_count>454</ratings_count>
<publication_year>1999</publication_year>
<publication_month>8</publication_month>
<publication_day>1</publication_day>
<authors>
<author>
<id>59002</id>
<name>Stanley Middleton</name>
<link><![CDATA[https://www.goodreads.com/author/show/59002.Stanley_Middleton]]></link>
</author>
</authors>
</book>

          <book>
<id>14431</id>
<title><![CDATA[Rites of Passage (To the Ends of the Earth, #1)]]></title>
<title_without_series>Rites of Passage</title_without_series>
<link><![CDATA[https://www.goodreads.com/book/show/14431.Rites_of_Passage]]></link>
<small_image_url><![CDATA[https://images.gr-assets.com/books/1375876979s/14431.jpg]]></small_image_url>
<image_url><![CDATA[https://images.gr-assets.com/books/1375876979m/14431.jpg]]></image_url>
<num_pages>278</num_pages>
<work>
<id>1834097</id>
</work>
<isbn>0571209432</isbn>
<isbn13>9780571209439</isbn13>
<average_rating>3.61</average_rating>
<ratings_count>2639</ratings_count>
<publication_year>2001</publication_year>
<publication_month></publication_month>
<publication_day></publication_day>
<authors>
<author>
<id>306</id>
<name>William Golding</name>
<link><![CDATA[https://www.goodreads.com/author/show/306.William_Golding]]></link>
</author>
</authors>
</book>

          <book>
<id>1565490</id>
<title>The Elected Member</title>
<title_without_series>The Elected Member</title_without_series>
<link><![CDATA[https://www.goodreads.com/book/show/1565490.The_Elected_Member]]></link>
<small_image_url><![CDATA[https://images.gr-assets.com/books/1421010229s/1565490.jpg]]></small_image_url>
<image_url><![CDATA[https://images.gr-assets.com/books/1421010229m/1565490.jpg]]></image_url>
<num_pages>240</num_pages>
<work>
<id>1558073</id>
</work>
<isbn>0349130221</isbn>
<isbn13>9780349130224</isbn13>
<average_rating>3.63</average_rating>
<ratings_count>800</ratings_count>
<publication_year>1991</publication_year>
<publication_month>7</publication_month>
<publication_day>1</publication_day>
<authors>
<author>
<id>430857</id>
<name>Bernice Rubens</name>
<link><![CDATA[https://www.goodreads.com/author/show/430857.Bernice_Rubens]]></link>
</author>
</authors>
</book>

          <book>
<id>89208</id>
<title>How Late it Was, How Late</title>
<title_without_series>How Late it Was, How Late</title_without_series>
<link><![CDATA[https://www.goodreads.com/book/show/89208.How_Late_it_Was_How_Late]]></link>
<small_image_url><![CDATA[https://images.gr-assets.com/books/1358745713s/89208.jpg]]></small_image_url>
<image_url><![CDATA[https://images.gr-assets.com/books/1358745713m/89208.jpg]]></image_url>
<num_pages>384</num_pages>
<work>
<id>1193963</id>
</work>
<isbn>039332799X</isbn>
<isbn13>9780393327991</isbn13>
<average_rating>3.57</average_rating>
<ratings_count>2868</ratings_count>
<publication_year>2005</publication_year>
<publication_month>10</publication_month>
<publication_day>17</publication_day>
<authors>
<author>
<id>51209</id>
<name>James Kelman</name>
<link><![CDATA[https://www.goodreads.com/author/show/51209.James_Kelman]]></link>
</author>
</authors>
</book>

          <book>
<id>366427</id>
<title>The Old Devils</title>
<title_without_series>The Old Devils</title_without_series>
<link><![CDATA[https://www.goodreads.com/book/show/366427.The_Old_Devils]]></link>
<small_image_url><![CDATA[https://images.gr-assets.com/books/1320448230s/366427.jpg]]></small_image_url>
<image_url><![CDATA[https://images.gr-assets.com/books/1320448230m/366427.jpg]]></image_url>
<num_pages>400</num_pages>
<work>
<id>3098660</id>
</work>
<isbn>0099461056</isbn>
<isbn13>9780099461050</isbn13>
<average_rating>3.34</average_rating>
<ratings_count>2334</ratings_count>
<publication_year>2004</publication_year>
<publication_month>1</publication_month>
<publication_day>15</publication_day>
<authors>
<author>
<id>13078</id>
<name>Kingsley Amis</name>
<link><![CDATA[https://www.goodreads.com/author/show/13078.Kingsley_Amis]]></link>
</author>
</authors>
</book>

          <book>
<id>256280</id>
<title>The Siege of Krishnapur</title>
<title_without_series>The Siege of Krishnapur</title_without_series>
<link><![CDATA[https://www.goodreads.com/book/show/256280.The_Siege_of_Krishnapur]]></link>
<small_image_url><![CDATA[https://s.gr-assets.com/assets/nophoto/book/50x75-a91bf249278a81aabab721ef782c4a74.png]]></small_image_url>
<image_url><![CDATA[https://s.gr-assets.com/assets/nophoto/book/111x148-bcc042a9c91a29c1d680899eff700a03.png]]></image_url>
<num_pages>344</num_pages>
<work>
<id>1046167</id>
</work>
<isbn>159017092X</isbn>
<isbn13>9781590170922</isbn13>
<average_rating>3.88</average_rating>
<ratings_count>4935</ratings_count>
<publication_year>2004</publication_year>
<publication_month>4</publication_month>
<publication_day>1</publication_day>
<authors>
<author>
<id>1417512</id>
<name>J.G. Farrell</name>
<link><![CDATA[https://www.goodreads.com/author/show/1417512.J_G_Farrell]]></link>
</author>
</authors>
</book>

          <book>
<id>299813</id>
<title>G.</title>
<title_without_series>G.</title_without_series>
<link><![CDATA[https://www.goodreads.com/book/show/299813.G_]]></link>
<small_image_url><![CDATA[https://s.gr-assets.com/assets/nophoto/book/50x75-a91bf249278a81aabab721ef782c4a74.png]]></small_image_url>
<image_url><![CDATA[https://s.gr-assets.com/assets/nophoto/book/111x148-bcc042a9c91a29c1d680899eff700a03.png]]></image_url>
<num_pages>336</num_pages>
<work>
<id>295874</id>
</work>
<isbn>0679736549</isbn>
<isbn13>9780679736547</isbn13>
<average_rating>3.51</average_rating>
<ratings_count>1854</ratings_count>
<publication_year>1992</publication_year>
<publication_month>1</publication_month>
<publication_day>8</publication_day>
<authors>
<author>
<id>29919</id>
<name>John Berger</name>
<link><![CDATA[https://www.goodreads.com/author/show/29919.John_Berger]]></link>
</author>
</authors>
</book>

          <book>
<id>49742</id>
<title>In a Free State</title>
<title_without_series>In a Free State</title_without_series>
<link><![CDATA[https://www.goodreads.com/book/show/49742.In_a_Free_State]]></link>
<small_image_url><![CDATA[https://images.gr-assets.com/books/1328700259s/49742.jpg]]></small_image_url>
<image_url><![CDATA[https://images.gr-assets.com/books/1328700259m/49742.jpg]]></image_url>
<num_pages>247</num_pages>
<work>
<id>832772</id>
</work>
<isbn>1400030552</isbn>
<isbn13>9781400030552</isbn13>
<average_rating>3.49</average_rating>
<ratings_count>2720</ratings_count>
<publication_year>2002</publication_year>
<publication_month>2</publication_month>
<publication_day>12</publication_day>
<authors>
<author>
<id>3989</id>
<name>V.S. Naipaul</name>
<link><![CDATA[https://www.goodreads.com/author/show/3989.V_S_Naipaul]]></link>
</author>
</authors>
</book>

          <book>
<id>414824</id>
<title>Staying On</title>
<title_without_series>Staying On</title_without_series>
<link><![CDATA[https://www.goodreads.com/book/show/414824.Staying_On]]></link>
<small_image_url><![CDATA[https://s.gr-assets.com/assets/nophoto/book/50x75-a91bf249278a81aabab721ef782c4a74.png]]></small_image_url>
<image_url><![CDATA[https://s.gr-assets.com/assets/nophoto/book/111x148-bcc042a9c91a29c1d680899eff700a03.png]]></image_url>
<num_pages>256</num_pages>
<work>
<id>404036</id>
</work>
<isbn>0099443198</isbn>
<isbn13>9780099443193</isbn13>
<average_rating>3.90</average_rating>
<ratings_count>2815</ratings_count>
<publication_year>1999</publication_year>
<publication_month>9</publication_month>
<publication_day>2</publication_day>
<authors>
<author>
<id>3119</id>
<name>Paul Scott</name>
<link><![CDATA[https://www.goodreads.com/author/show/3119.Paul_Scott]]></link>
</author>
</authors>
</book>

          <book>
<id>96337</id>
<title>The Conservationist</title>
<title_without_series>The Conservationist</title_without_series>
<link><![CDATA[https://www.goodreads.com/book/show/96337.The_Conservationist]]></link>
<small_image_url><![CDATA[https://s.gr-assets.com/assets/nophoto/book/50x75-a91bf249278a81aabab721ef782c4a74.png]]></small_image_url>
<image_url><![CDATA[https://s.gr-assets.com/assets/nophoto/book/111x148-bcc042a9c91a29c1d680899eff700a03.png]]></image_url>
<num_pages>267</num_pages>
<work>
<id>1499841</id>
</work>
<isbn>0140047166</isbn>
<isbn13>9780140047165</isbn13>
<average_rating>3.39</average_rating>
<ratings_count>1909</ratings_count>
<publication_year>1983</publication_year>
<publication_month>2</publication_month>
<publication_day>24</publication_day>
<authors>
<author>
<id>55397</id>
<name>Nadine Gordimer</name>
<link><![CDATA[https://www.goodreads.com/author/show/55397.Nadine_Gordimer]]></link>
</author>
</authors>
</book>

          <book>
<id>5068</id>
<title>Last Orders</title>
<title_without_series>Last Orders</title_without_series>
<link><![CDATA[https://www.goodreads.com/book/show/5068.Last_Orders]]></link>
<small_image_url><![CDATA[https://images.gr-assets.com/books/1457623323s/5068.jpg]]></small_image_url>
<image_url><![CDATA[https://images.gr-assets.com/books/1457623323m/5068.jpg]]></image_url>
<num_pages></num_pages>
<work>
<id>958782</id>
</work>
<isbn>0330489674</isbn>
<isbn13>9780330489676</isbn13>
<average_rating>3.68</average_rating>
<ratings_count>10397</ratings_count>
<publication_year></publication_year>
<publication_month></publication_month>
<publication_day></publication_day>
<authors>
<author>
<id>3449</id>
<name>Graham Swift</name>
<link><![CDATA[https://www.goodreads.com/author/show/3449.Graham_Swift]]></link>
</author>
</authors>
</book>

          <book>
<id>239592</id>
<title>Sacred Hunger</title>
<title_without_series>Sacred Hunger</title_without_series>
<link><![CDATA[https://www.goodreads.com/book/show/239592.Sacred_Hunger]]></link>
<small_image_url><![CDATA[https://s.gr-assets.com/assets/nophoto/book/50x75-a91bf249278a81aabab721ef782c4a74.png]]></small_image_url>
<image_url><![CDATA[https://s.gr-assets.com/assets/nophoto/book/111x148-bcc042a9c91a29c1d680899eff700a03.png]]></image_url>
<num_pages>630</num_pages>
<work>
<id>2781088</id>
</work>
<isbn>0393311147</isbn>
<isbn13>9780393311143</isbn13>
<average_rating>4.10</average_rating>
<ratings_count>5098</ratings_count>
<publication_year></publication_year>
<publication_month></publication_month>
<publication_day></publication_day>
<authors>
<author>
<id>3101</id>
<name>Barry Unsworth</name>
<link><![CDATA[https://www.goodreads.com/author/show/3101.Barry_Unsworth]]></link>
</author>
</authors>
</book>

          <book>
<id>827326</id>
<title>Remembering Babylon</title>
<title_without_series>Remembering Babylon</title_without_series>
<link><![CDATA[https://www.goodreads.com/book/show/827326.Remembering_Babylon]]></link>
<small_image_url><![CDATA[https://images.gr-assets.com/books/1429429945s/827326.jpg]]></small_image_url>
<image_url><![CDATA[https://images.gr-assets.com/books/1429429945m/827326.jpg]]></image_url>
<num_pages>200</num_pages>
<work>
<id>995164</id>
</work>
<isbn>0679749519</isbn>
<isbn13>9780679749516</isbn13>
<average_rating>3.49</average_rating>
<ratings_count>2214</ratings_count>
<publication_year>1994</publication_year>
<publication_month>10</publication_month>
<publication_day>4</publication_day>
<authors>
<author>
<id>4216</id>
<name>David Malouf</name>
<link><![CDATA[https://www.goodreads.com/author/show/4216.David_Malouf]]></link>
</author>
</authors>
</book>

          <book>
<id>108615</id>
<title>Offshore</title>
<title_without_series>Offshore</title_without_series>
<link><![CDATA[https://www.goodreads.com/book/show/108615.Offshore]]></link>
<small_image_url><![CDATA[https://s.gr-assets.com/assets/nophoto/book/50x75-a91bf249278a81aabab721ef782c4a74.png]]></small_image_url>
<image_url><![CDATA[https://s.gr-assets.com/assets/nophoto/book/111x148-bcc042a9c91a29c1d680899eff700a03.png]]></image_url>
<num_pages>140</num_pages>
<work>
<id>753048</id>
</work>
<isbn>0006542565</isbn>
<isbn13>9780006542568</isbn13>
<average_rating>3.59</average_rating>
<ratings_count>3326</ratings_count>
<publication_year>2003</publication_year>
<publication_month>9</publication_month>
<publication_day>1</publication_day>
<authors>
<author>
<id>3222</id>
<name>Penelope Fitzgerald</name>
<link><![CDATA[https://www.goodreads.com/author/show/3222.Penelope_Fitzgerald]]></link>
</author>
</authors>
</book>

          <book>
<id>1604523</id>
<title>Capricornia</title>
<title_without_series>Capricornia</title_without_series>
<link><![CDATA[https://www.goodreads.com/book/show/1604523.Capricornia]]></link>
<small_image_url><![CDATA[https://s.gr-assets.com/assets/nophoto/book/50x75-a91bf249278a81aabab721ef782c4a74.png]]></small_image_url>
<image_url><![CDATA[https://s.gr-assets.com/assets/nophoto/book/111x148-bcc042a9c91a29c1d680899eff700a03.png]]></image_url>
<num_pages>530</num_pages>
<work>
<id>1597827</id>
</work>
<isbn>020717024X</isbn>
<isbn13>9780207170249</isbn13>
<average_rating>3.67</average_rating>
<ratings_count>426</ratings_count>
<publication_year>1990</publication_year>
<publication_month>12</publication_month>
<publication_day>31</publication_day>
<authors>
<author>
<id>118391</id>
<name>Xavier Herbert</name>
<link><![CDATA[https://www.goodreads.com/author/show/118391.Xavier_Herbert]]></link>
</author>
</authors>
</book>

          <book>
<id>130028</id>
<title>Moon Tiger</title>
<title_without_series>Moon Tiger</title_without_series>
<link><![CDATA[https://www.goodreads.com/book/show/130028.Moon_Tiger]]></link>
<small_image_url><![CDATA[https://s.gr-assets.com/assets/nophoto/book/50x75-a91bf249278a81aabab721ef782c4a74.png]]></small_image_url>
<image_url><![CDATA[https://s.gr-assets.com/assets/nophoto/book/111x148-bcc042a9c91a29c1d680899eff700a03.png]]></image_url>
<num_pages></num_pages>
<work>
<id>2877263</id>
</work>
<isbn>0802135331</isbn>
<isbn13>9780802135339</isbn13>
<average_rating>3.86</average_rating>
<ratings_count>7430</ratings_count>
<publication_year></publication_year>
<publication_month></publication_month>
<publication_day></publication_day>
<authors>
<author>
<id>9738</id>
<name>Penelope Lively</name>
<link><![CDATA[https://www.goodreads.com/author/show/9738.Penelope_Lively]]></link>
</author>
</authors>
</book>

  </similar_books>
</book>

</GoodreadsResponse>