<?xml version="1.0" encoding="UTF-8"?>
<GoodreadsResponse>
  <Request>
    <authentication>true</authentication>
      <key><![CDATA[all_men_must_serve]]></key>
    <method><![CDATA[book_show]]></method>
  </Request>
  <book>
  <id>11012</id>
  <title>Dubliners</title>
  <isbn><![CDATA[0192839993]]></isbn>
  <isbn13><![CDATA[9780192839992]]></isbn13>
  <asin><![CDATA[]]></asin>
  <kindle_asin><![CDATA[B074GNHKM5]]></kindle_asin>
  <marketplace_id><![CDATA[A1F83G8C2ARO7P]]></marketplace_id>
  <country_code><![CDATA[GB]]></country_code>
  <image_url>https://images.gr-assets.com/books/1334138184m/11012.jpg</image_url>
  <small_image_url>https://images.gr-assets.com/books/1334138184s/11012.jpg</small_image_url>
  <publication_year>2001</publication_year>
  <publication_month>3</publication_month>
  <publication_day>15</publication_day>
  <publisher>Oxford University Press</publisher>
  <language_code>eng</language_code>
  <is_ebook>false</is_ebook>
  <description><![CDATA[This work of art reflects life in Ireland at the turn of the last century, and by rejecting euphemism, reveals to the Irish their unromantic reality. Each of the 15 stories offers glimpses into the lives of ordinary Dubliners, and collectively they paint a portrait of a nation.]]></description>
  <work>
  <id type="integer">260248</id>
  <books_count type="integer">1101</books_count>
  <best_book_id type="integer">11012</best_book_id>
  <reviews_count type="integer">165895</reviews_count>
  <ratings_sum type="integer">352125</ratings_sum>
  <ratings_count type="integer">91349</ratings_count>
  <text_reviews_count type="integer">4079</text_reviews_count>
  <original_publication_year type="integer">1914</original_publication_year>
  <original_publication_month type="integer" nil="true"/>
  <original_publication_day type="integer" nil="true"/>
  <original_title>Dubliners</original_title>
  <original_language_id type="integer" nil="true"/>
  <media_type>book</media_type>
  <rating_dist>5:27513|4:33473|3:22034|2:6237|1:2092|total:91349</rating_dist>
  <desc_user_id type="integer">15523061</desc_user_id>
  <default_chaptering_book_id type="integer" nil="true"/>
  <default_description_language_code nil="true"/>
</work>
  <average_rating>3.85</average_rating>
  <num_pages><![CDATA[207]]></num_pages>
  <format><![CDATA[Paperback]]></format>
  <edition_information><![CDATA[Oxford World's Classics]]></edition_information>
  <ratings_count><![CDATA[73213]]></ratings_count>
  <text_reviews_count><![CDATA[2548]]></text_reviews_count>
  <url><![CDATA[https://www.goodreads.com/book/show/11012.Dubliners]]></url>
  <link><![CDATA[https://www.goodreads.com/book/show/11012.Dubliners]]></link>
  <authors>
<author>
<id>5144</id>
<name>James Joyce</name>
<role></role>
<image_url nophoto='false'>
<![CDATA[https://images.gr-assets.com/authors/1418595211p5/5144.jpg]]>
</image_url>
<small_image_url nophoto='false'>
<![CDATA[https://images.gr-assets.com/authors/1418595211p2/5144.jpg]]>
</small_image_url>
<link><![CDATA[https://www.goodreads.com/author/show/5144.James_Joyce]]></link>
<average_rating>3.74</average_rating>
<ratings_count>325582</ratings_count>
<text_reviews_count>15698</text_reviews_count>
</author>
<author>
<id>621651</id>
<name>Jeri Johnson</name>
<role>Editor, Introduction and Notes</role>
<image_url nophoto='true'>
<![CDATA[https://s.gr-assets.com/assets/nophoto/user/u_200x266-e183445fd1a1b5cc7075bb1cf7043306.png]]>
</image_url>
<small_image_url nophoto='true'>
<![CDATA[https://s.gr-assets.com/assets/nophoto/user/u_50x66-632230dc9882b4352d753eedf9396530.png]]>
</small_image_url>
<link><![CDATA[https://www.goodreads.com/author/show/621651.Jeri_Johnson]]></link>
<average_rating>3.86</average_rating>
<ratings_count>74641</ratings_count>
<text_reviews_count>2710</text_reviews_count>
</author>
</authors>

    <reviews_widget>
      <![CDATA[
        <style>
  #goodreads-widget {
    font-family: georgia, serif;
    padding: 18px 0;
    width:565px;
  }
  #goodreads-widget h1 {
    font-weight:normal;
    font-size: 16px;
    border-bottom: 1px solid #BBB596;
    margin-bottom: 0;
  }
  #goodreads-widget a {
    text-decoration: none;
    color:#660;
  }
  iframe{
    background-color: #fff;
  }
  #goodreads-widget a:hover { text-decoration: underline; }
  #goodreads-widget a:active {
    color:#660;
  }
  #gr_footer {
    width: 100%;
    border-top: 1px solid #BBB596;
    text-align: right;
  }
  #goodreads-widget .gr_branding{
    color: #382110;
    font-size: 11px;
    text-decoration: none;
    font-family: "Helvetica Neue", Helvetica, Arial, sans-serif;
  }
</style>
<div id="goodreads-widget">
  <div id="gr_header"><h1><a rel="nofollow" href="https://www.goodreads.com/book/show/11012.Dubliners">Dubliners Reviews</a></h1></div>
  <iframe id="the_iframe" src="https://www.goodreads.com/api/reviews_widget_iframe?did=DEVELOPER_ID&amp;format=html&amp;isbn=0192839993&amp;links=660&amp;min_rating=&amp;review_back=fff&amp;stars=000&amp;text=000" width="565" height="400" frameborder="0"></iframe>
  <div id="gr_footer">
    <a class="gr_branding" target="_blank" rel="nofollow" href="https://www.goodreads.com/book/show/11012.Dubliners?utm_medium=api&amp;utm_source=reviews_widget">Reviews from Goodreads.com</a>
  </div>
</div>

      ]]>
    </reviews_widget>
  <popular_shelves>
      <shelf name="to-read" count="52519"/>
      <shelf name="currently-reading" count="5774"/>
      <shelf name="classics" count="2657"/>
      <shelf name="fiction" count="2164"/>
      <shelf name="short-stories" count="1859"/>
      <shelf name="favorites" count="933"/>
      <shelf name="owned" count="518"/>
      <shelf name="literature" count="486"/>
      <shelf name="ireland" count="460"/>
      <shelf name="irish" count="417"/>
      <shelf name="classic" count="416"/>
      <shelf name="books-i-own" count="371"/>
      <shelf name="20th-century" count="174"/>
      <shelf name="irish-literature" count="169"/>
      <shelf name="short-story" count="163"/>
      <shelf name="owned-books" count="153"/>
      <shelf name="default" count="151"/>
      <shelf name="school" count="135"/>
      <shelf name="modernism" count="125"/>
      <shelf name="english" count="124"/>
      <shelf name="kindle" count="113"/>
      <shelf name="literary-fiction" count="101"/>
      <shelf name="irish-lit" count="101"/>
      <shelf name="novels" count="91"/>
      <shelf name="library" count="90"/>
      <shelf name="short-fiction" count="89"/>
      <shelf name="favourites" count="87"/>
      <shelf name="my-library" count="83"/>
      <shelf name="historical-fiction" count="83"/>
      <shelf name="ebook" count="82"/>
      <shelf name="stories" count="80"/>
      <shelf name="classic-literature" count="80"/>
      <shelf name="joyce" count="76"/>
      <shelf name="james-joyce" count="73"/>
      <shelf name="short-story-collections" count="70"/>
      <shelf name="unfinished" count="69"/>
      <shelf name="to-buy" count="68"/>
      <shelf name="modern-classics" count="68"/>
      <shelf name="literary" count="62"/>
      <shelf name="my-books" count="62"/>
      <shelf name="english-literature" count="61"/>
      <shelf name="classic-fiction" count="60"/>
      <shelf name="ebooks" count="59"/>
      <shelf name="british-literature" count="55"/>
      <shelf name="college" count="55"/>
      <shelf name="1910s" count="55"/>
      <shelf name="short" count="54"/>
      <shelf name="read-for-school" count="53"/>
      <shelf name="british" count="53"/>
      <shelf name="re-read" count="53"/>
      <shelf name="classic-lit" count="51"/>
      <shelf name="classici" count="50"/>
      <shelf name="book-club" count="50"/>
      <shelf name="i-own" count="49"/>
      <shelf name="audiobook" count="47"/>
      <shelf name="classics-to-read" count="47"/>
      <shelf name="novel" count="47"/>
      <shelf name="my-ebooks" count="46"/>
      <shelf name="historical" count="46"/>
      <shelf name="university" count="44"/>
      <shelf name="lit" count="44"/>
      <shelf name="adult" count="43"/>
      <shelf name="adult-fiction" count="43"/>
      <shelf name="short-story-collection" count="42"/>
      <shelf name="read-in-english" count="41"/>
      <shelf name="europe" count="41"/>
      <shelf name="abandoned" count="41"/>
      <shelf name="read-in-2014" count="40"/>
      <shelf name="school-books" count="40"/>
      <shelf name="general-fiction" count="40"/>
      <shelf name="personal-library" count="39"/>
      <shelf name="racconti" count="36"/>
      <shelf name="uni" count="36"/>
      <shelf name="home-library" count="35"/>
      <shelf name="read-in-2015" count="34"/>
      <shelf name="wish-list" count="34"/>
      <shelf name="for-school" count="34"/>
      <shelf name="on-hold" count="33"/>
      <shelf name="dublin" count="32"/>
      <shelf name="in-english" count="32"/>
      <shelf name="to-re-read" count="32"/>
      <shelf name="read-in-2016" count="31"/>
      <shelf name="anthology" count="31"/>
      <shelf name="to-read-classics" count="31"/>
      <shelf name="audiobooks" count="31"/>
      <shelf name="shortstories" count="31"/>
      <shelf name="finished" count="30"/>
      <shelf name="bookshelf" count="30"/>
      <shelf name="own-it" count="30"/>
      <shelf name="all-time-favorites" count="30"/>
      <shelf name="modernist" count="29"/>
      <shelf name="irish-authors" count="29"/>
      <shelf name="collection" count="29"/>
      <shelf name="high-school" count="29"/>
      <shelf name="my-bookshelf" count="28"/>
      <shelf name="to-read-fiction" count="28"/>
      <shelf name="narrativa" count="28"/>
      <shelf name="e-books" count="28"/>
      <shelf name="to-reread" count="27"/>
      <shelf name="e-book" count="26"/>
  </popular_shelves>
  <book_links>
    <book_link>
  <id>8</id>
  <name>Libraries</name>
  <link>https://www.goodreads.com/book_link/follow/8</link>
</book_link>

  </book_links>
  <buy_links>
    <buy_link>
<id>1</id>
<name>Amazon</name>
<link>https://www.goodreads.com/book_link/follow/1</link>
</buy_link>
<buy_link>
<id>10</id>
<name>Audible</name>
<link>https://www.goodreads.com/book_link/follow/10</link>
</buy_link>
<buy_link>
<id>3</id>
<name>Barnes &amp; Noble</name>
<link>https://www.goodreads.com/book_link/follow/3</link>
</buy_link>
<buy_link>
<id>1027</id>
<name>Kobo</name>
<link>https://www.goodreads.com/book_link/follow/1027</link>
</buy_link>
<buy_link>
<id>2102</id>
<name>Apple iBooks</name>
<link>https://www.goodreads.com/book_link/follow/2102</link>
</buy_link>
<buy_link>
<id>8036</id>
<name>Google Play</name>
<link>https://www.goodreads.com/book_link/follow/8036</link>
</buy_link>
<buy_link>
<id>4</id>
<name>Abebooks</name>
<link>https://www.goodreads.com/book_link/follow/4</link>
</buy_link>
<buy_link>
<id>882</id>
<name>Book Depository</name>
<link>https://www.goodreads.com/book_link/follow/882</link>
</buy_link>
<buy_link>
<id>9</id>
<name>Indigo</name>
<link>https://www.goodreads.com/book_link/follow/9</link>
</buy_link>
<buy_link>
<id>2</id>
<name>Half.com</name>
<link>https://www.goodreads.com/book_link/follow/2</link>
</buy_link>
<buy_link>
<id>5</id>
<name>Alibris</name>
<link>https://www.goodreads.com/book_link/follow/5</link>
</buy_link>
<buy_link>
<id>107</id>
<name>Better World Books</name>
<link>https://www.goodreads.com/book_link/follow/107</link>
</buy_link>
<buy_link>
<id>7</id>
<name>IndieBound</name>
<link>https://www.goodreads.com/book_link/follow/7</link>
</buy_link>

  </buy_links>
  <series_works>
    
  </series_works>
      <public_document>
        <id>313</id>
        <document_url>
          http://feedbooks.com/book/5.epub
        </document_url>
      </public_document>
  <similar_books>
          <book>
<id>195990</id>
<title>The Last September</title>
<title_without_series>The Last September</title_without_series>
<link><![CDATA[https://www.goodreads.com/book/show/195990.The_Last_September]]></link>
<small_image_url><![CDATA[https://images.gr-assets.com/books/1378737674s/195990.jpg]]></small_image_url>
<image_url><![CDATA[https://images.gr-assets.com/books/1378737674m/195990.jpg]]></image_url>
<num_pages>303</num_pages>
<work>
<id>2054543</id>
</work>
<isbn>0385720149</isbn>
<isbn13>9780385720144</isbn13>
<average_rating>3.44</average_rating>
<ratings_count>1715</ratings_count>
<publication_year>2000</publication_year>
<publication_month>3</publication_month>
<publication_day>14</publication_day>
<authors>
<author>
<id>52578</id>
<name>Elizabeth Bowen</name>
<link><![CDATA[https://www.goodreads.com/author/show/52578.Elizabeth_Bowen]]></link>
</author>
</authors>
</book>

          <book>
<id>1564832</id>
<title>Far Away and Long Ago</title>
<title_without_series>Far Away and Long Ago</title_without_series>
<link><![CDATA[https://www.goodreads.com/book/show/1564832.Far_Away_and_Long_Ago]]></link>
<small_image_url><![CDATA[https://s.gr-assets.com/assets/nophoto/book/50x75-a91bf249278a81aabab721ef782c4a74.png]]></small_image_url>
<image_url><![CDATA[https://s.gr-assets.com/assets/nophoto/book/111x148-bcc042a9c91a29c1d680899eff700a03.png]]></image_url>
<num_pages>248</num_pages>
<work>
<id>76011</id>
</work>
<isbn>1426413793</isbn>
<isbn13>9781426413797</isbn13>
<average_rating>3.90</average_rating>
<ratings_count>210</ratings_count>
<publication_year>2008</publication_year>
<publication_month>5</publication_month>
<publication_day>29</publication_day>
<authors>
<author>
<id>389792</id>
<name>William Henry Hudson</name>
<link><![CDATA[https://www.goodreads.com/author/show/389792.William_Henry_Hudson]]></link>
</author>
</authors>
</book>

          <book>
<id>27208</id>
<title>The Third Policeman</title>
<title_without_series>The Third Policeman</title_without_series>
<link><![CDATA[https://www.goodreads.com/book/show/27208.The_Third_Policeman]]></link>
<small_image_url><![CDATA[https://images.gr-assets.com/books/1343027425s/27208.jpg]]></small_image_url>
<image_url><![CDATA[https://images.gr-assets.com/books/1343027425m/27208.jpg]]></image_url>
<num_pages>200</num_pages>
<work>
<id>3359269</id>
</work>
<isbn>156478214X</isbn>
<isbn13>9781564782144</isbn13>
<average_rating>4.02</average_rating>
<ratings_count>12315</ratings_count>
<publication_year>1999</publication_year>
<publication_month>3</publication_month>
<publication_day>1</publication_day>
<authors>
<author>
<id>15248</id>
<name>Flann O&apos;Brien</name>
<link><![CDATA[https://www.goodreads.com/author/show/15248.Flann_O_Brien]]></link>
</author>
</authors>
</book>

          <book>
<id>133621</id>
<title><![CDATA[Enormous Changes at the Last Minute]]></title>
<title_without_series><![CDATA[Enormous Changes at the Last Minute]]></title_without_series>
<link><![CDATA[https://www.goodreads.com/book/show/133621.Enormous_Changes_at_the_Last_Minute]]></link>
<small_image_url><![CDATA[https://images.gr-assets.com/books/1311993358s/133621.jpg]]></small_image_url>
<image_url><![CDATA[https://images.gr-assets.com/books/1311993358m/133621.jpg]]></image_url>
<num_pages>198</num_pages>
<work>
<id>128717</id>
</work>
<isbn>0374515247</isbn>
<isbn13>9780374515249</isbn13>
<average_rating>4.10</average_rating>
<ratings_count>1876</ratings_count>
<publication_year></publication_year>
<publication_month></publication_month>
<publication_day></publication_day>
<authors>
<author>
<id>41028</id>
<name>Grace Paley</name>
<link><![CDATA[https://www.goodreads.com/author/show/41028.Grace_Paley]]></link>
</author>
</authors>
</book>

          <book>
<id>595038</id>
<title><![CDATA[The New Bloomsday Book: A Guide Through Ulysses]]></title>
<title_without_series><![CDATA[The New Bloomsday Book: A Guide Through Ulysses]]></title_without_series>
<link><![CDATA[https://www.goodreads.com/book/show/595038.The_New_Bloomsday_Book]]></link>
<small_image_url><![CDATA[https://images.gr-assets.com/books/1345208104s/595038.jpg]]></small_image_url>
<image_url><![CDATA[https://images.gr-assets.com/books/1345208104m/595038.jpg]]></image_url>
<num_pages>253</num_pages>
<work>
<id>1929805</id>
</work>
<isbn>0415138582</isbn>
<isbn13>9780415138581</isbn13>
<average_rating>3.96</average_rating>
<ratings_count>938</ratings_count>
<publication_year>1996</publication_year>
<publication_month>9</publication_month>
<publication_day>26</publication_day>
<authors>
<author>
<id>8092</id>
<name>Harry Blamires</name>
<link><![CDATA[https://www.goodreads.com/author/show/8092.Harry_Blamires]]></link>
</author>
</authors>
</book>

          <book>
<id>164434</id>
<title>James Joyce</title>
<title_without_series>James Joyce</title_without_series>
<link><![CDATA[https://www.goodreads.com/book/show/164434.James_Joyce]]></link>
<small_image_url><![CDATA[https://s.gr-assets.com/assets/nophoto/book/50x75-a91bf249278a81aabab721ef782c4a74.png]]></small_image_url>
<image_url><![CDATA[https://s.gr-assets.com/assets/nophoto/book/111x148-bcc042a9c91a29c1d680899eff700a03.png]]></image_url>
<num_pages>887</num_pages>
<work>
<id>2880132</id>
</work>
<isbn>0195033817</isbn>
<isbn13>9780195033816</isbn13>
<average_rating>4.31</average_rating>
<ratings_count>2015</ratings_count>
<publication_year></publication_year>
<publication_month></publication_month>
<publication_day></publication_day>
<authors>
<author>
<id>3572</id>
<name>Richard Ellmann</name>
<link><![CDATA[https://www.goodreads.com/author/show/3572.Richard_Ellmann]]></link>
</author>
</authors>
</book>

          <book>
<id>53064</id>
<title><![CDATA[Death in Venice and Other Tales]]></title>
<title_without_series><![CDATA[Death in Venice and Other Tales]]></title_without_series>
<link><![CDATA[https://www.goodreads.com/book/show/53064.Death_in_Venice_and_Other_Tales]]></link>
<small_image_url><![CDATA[https://images.gr-assets.com/books/1309376701s/53064.jpg]]></small_image_url>
<image_url><![CDATA[https://images.gr-assets.com/books/1309376701m/53064.jpg]]></image_url>
<num_pages>384</num_pages>
<work>
<id>3458170</id>
</work>
<isbn>0141181737</isbn>
<isbn13>9780141181738</isbn13>
<average_rating>3.87</average_rating>
<ratings_count>15888</ratings_count>
<publication_year>1999</publication_year>
<publication_month>5</publication_month>
<publication_day>1</publication_day>
<authors>
<author>
<id>19405</id>
<name>Thomas Mann</name>
<link><![CDATA[https://www.goodreads.com/author/show/19405.Thomas_Mann]]></link>
</author>
</authors>
</book>

          <book>
<id>10543</id>
<title>Ulysses Annotated</title>
<title_without_series>Ulysses Annotated</title_without_series>
<link><![CDATA[https://www.goodreads.com/book/show/10543.Ulysses_Annotated]]></link>
<small_image_url><![CDATA[https://s.gr-assets.com/assets/nophoto/book/50x75-a91bf249278a81aabab721ef782c4a74.png]]></small_image_url>
<image_url><![CDATA[https://s.gr-assets.com/assets/nophoto/book/111x148-bcc042a9c91a29c1d680899eff700a03.png]]></image_url>
<num_pages>698</num_pages>
<work>
<id>13227</id>
</work>
<isbn>0520067452</isbn>
<isbn13>9780520067455</isbn13>
<average_rating>4.19</average_rating>
<ratings_count>2649</ratings_count>
<publication_year>1989</publication_year>
<publication_month>9</publication_month>
<publication_day>7</publication_day>
<authors>
<author>
<id>6925</id>
<name>Don Gifford</name>
<link><![CDATA[https://www.goodreads.com/author/show/6925.Don_Gifford]]></link>
</author>
</authors>
</book>

          <book>
<id>233987</id>
<title>Paris Stories</title>
<title_without_series>Paris Stories</title_without_series>
<link><![CDATA[https://www.goodreads.com/book/show/233987.Paris_Stories]]></link>
<small_image_url><![CDATA[https://s.gr-assets.com/assets/nophoto/book/50x75-a91bf249278a81aabab721ef782c4a74.png]]></small_image_url>
<image_url><![CDATA[https://s.gr-assets.com/assets/nophoto/book/111x148-bcc042a9c91a29c1d680899eff700a03.png]]></image_url>
<num_pages>378</num_pages>
<work>
<id>1285392</id>
</work>
<isbn>1590170229</isbn>
<isbn13>9781590170229</isbn13>
<average_rating>3.94</average_rating>
<ratings_count>1047</ratings_count>
<publication_year>2002</publication_year>
<publication_month>10</publication_month>
<publication_day>31</publication_day>
<authors>
<author>
<id>99482</id>
<name>Mavis Gallant</name>
<link><![CDATA[https://www.goodreads.com/author/show/99482.Mavis_Gallant]]></link>
</author>
</authors>
</book>

          <book>
<id>812893</id>
<title>The Blue Hotel</title>
<title_without_series>The Blue Hotel</title_without_series>
<link><![CDATA[https://www.goodreads.com/book/show/812893.The_Blue_Hotel]]></link>
<small_image_url><![CDATA[https://s.gr-assets.com/assets/nophoto/book/50x75-a91bf249278a81aabab721ef782c4a74.png]]></small_image_url>
<image_url><![CDATA[https://s.gr-assets.com/assets/nophoto/book/111x148-bcc042a9c91a29c1d680899eff700a03.png]]></image_url>
<num_pages>86</num_pages>
<work>
<id>798829</id>
</work>
<isbn>2867463211</isbn>
<isbn13>9782867463211</isbn13>
<average_rating>3.62</average_rating>
<ratings_count>673</ratings_count>
<publication_year></publication_year>
<publication_month></publication_month>
<publication_day></publication_day>
<authors>
<author>
<id>19879</id>
<name>Stephen Crane</name>
<link><![CDATA[https://www.goodreads.com/author/show/19879.Stephen_Crane]]></link>
</author>
</authors>
</book>

          <book>
<id>28385</id>
<title><![CDATA[In the Shadow of Young Girls in Flower (In Search of Lost Time, #2)]]></title>
<title_without_series><![CDATA[In the Shadow of Young Girls in Flower]]></title_without_series>
<link><![CDATA[https://www.goodreads.com/book/show/28385.In_the_Shadow_of_Young_Girls_in_Flower]]></link>
<small_image_url><![CDATA[https://images.gr-assets.com/books/1401293709s/28385.jpg]]></small_image_url>
<image_url><![CDATA[https://images.gr-assets.com/books/1401293709m/28385.jpg]]></image_url>
<num_pages>576</num_pages>
<work>
<id>17046445</id>
</work>
<isbn>0143039075</isbn>
<isbn13>9780143039075</isbn13>
<average_rating>4.40</average_rating>
<ratings_count>7019</ratings_count>
<publication_year>2005</publication_year>
<publication_month>1</publication_month>
<publication_day>25</publication_day>
<authors>
<author>
<id>233619</id>
<name>Marcel Proust</name>
<link><![CDATA[https://www.goodreads.com/author/show/233619.Marcel_Proust]]></link>
</author>
</authors>
</book>

          <book>
<id>333314</id>
<title>Murphy</title>
<title_without_series>Murphy</title_without_series>
<link><![CDATA[https://www.goodreads.com/book/show/333314.Murphy]]></link>
<small_image_url><![CDATA[https://s.gr-assets.com/assets/nophoto/book/50x75-a91bf249278a81aabab721ef782c4a74.png]]></small_image_url>
<image_url><![CDATA[https://s.gr-assets.com/assets/nophoto/book/111x148-bcc042a9c91a29c1d680899eff700a03.png]]></image_url>
<num_pages>288</num_pages>
<work>
<id>52684</id>
</work>
<isbn>0802150373</isbn>
<isbn13>9780802150370</isbn13>
<average_rating>3.88</average_rating>
<ratings_count>3730</ratings_count>
<publication_year>1994</publication_year>
<publication_month>1</publication_month>
<publication_day>20</publication_day>
<authors>
<author>
<id>1433597</id>
<name>Samuel Beckett</name>
<link><![CDATA[https://www.goodreads.com/author/show/1433597.Samuel_Beckett]]></link>
</author>
</authors>
</book>

          <book>
<id>396751</id>
<title>Collected Stories</title>
<title_without_series>Collected Stories</title_without_series>
<link><![CDATA[https://www.goodreads.com/book/show/396751.Collected_Stories]]></link>
<small_image_url><![CDATA[https://s.gr-assets.com/assets/nophoto/book/50x75-a91bf249278a81aabab721ef782c4a74.png]]></small_image_url>
<image_url><![CDATA[https://s.gr-assets.com/assets/nophoto/book/111x148-bcc042a9c91a29c1d680899eff700a03.png]]></image_url>
<num_pages>720</num_pages>
<work>
<id>1009241</id>
</work>
<isbn>0394710487</isbn>
<isbn13>9780394710488</isbn13>
<average_rating>4.28</average_rating>
<ratings_count>410</ratings_count>
<publication_year>1982</publication_year>
<publication_month>8</publication_month>
<publication_day>12</publication_day>
<authors>
<author>
<id>64199</id>
<name>Frank O&apos;Connor</name>
<link><![CDATA[https://www.goodreads.com/author/show/64199.Frank_O_Connor]]></link>
</author>
</authors>
</book>

          <book>
<id>118345</id>
<title>Sixty Stories</title>
<title_without_series>Sixty Stories</title_without_series>
<link><![CDATA[https://www.goodreads.com/book/show/118345.Sixty_Stories]]></link>
<small_image_url><![CDATA[https://images.gr-assets.com/books/1327948558s/118345.jpg]]></small_image_url>
<image_url><![CDATA[https://images.gr-assets.com/books/1327948558m/118345.jpg]]></image_url>
<num_pages>451</num_pages>
<work>
<id>1574240</id>
</work>
<isbn>0141180935</isbn>
<isbn13>9780141180939</isbn13>
<average_rating>4.21</average_rating>
<ratings_count>4893</ratings_count>
<publication_year>2005</publication_year>
<publication_month>4</publication_month>
<publication_day>7</publication_day>
<authors>
<author>
<id>24425</id>
<name>Donald Barthelme</name>
<link><![CDATA[https://www.goodreads.com/author/show/24425.Donald_Barthelme]]></link>
</author>
</authors>
</book>

          <book>
<id>458832</id>
<title>The Collected Stories</title>
<title_without_series>The Collected Stories</title_without_series>
<link><![CDATA[https://www.goodreads.com/book/show/458832.The_Collected_Stories]]></link>
<small_image_url><![CDATA[https://images.gr-assets.com/books/1320462688s/458832.jpg]]></small_image_url>
<image_url><![CDATA[https://images.gr-assets.com/books/1320462688m/458832.jpg]]></image_url>
<num_pages>416</num_pages>
<work>
<id>670588</id>
</work>
<isbn>0679744010</isbn>
<isbn13>9780679744016</isbn13>
<average_rating>4.25</average_rating>
<ratings_count>225</ratings_count>
<publication_year>1994</publication_year>
<publication_month>3</publication_month>
<publication_day>15</publication_day>
<authors>
<author>
<id>45497</id>
<name>John McGahern</name>
<link><![CDATA[https://www.goodreads.com/author/show/45497.John_McGahern]]></link>
</author>
</authors>
</book>

          <book>
<id>570736</id>
<title><![CDATA[Three Plays: Juno and the Paycock / The Shadow of a Gunman / The Plow and the Stars]]></title>
<title_without_series><![CDATA[Three Plays: Juno and the Paycock / The Shadow of a Gunman / The Plow and the Stars]]></title_without_series>
<link><![CDATA[https://www.goodreads.com/book/show/570736.Three_Plays]]></link>
<small_image_url><![CDATA[https://images.gr-assets.com/books/1311993423s/570736.jpg]]></small_image_url>
<image_url><![CDATA[https://images.gr-assets.com/books/1311993423m/570736.jpg]]></image_url>
<num_pages>218</num_pages>
<work>
<id>557778</id>
</work>
<isbn>0312802900</isbn>
<isbn13>9780312802905</isbn13>
<average_rating>3.96</average_rating>
<ratings_count>1253</ratings_count>
<publication_year>1969</publication_year>
<publication_month>10</publication_month>
<publication_day>15</publication_day>
<authors>
<author>
<id>11582</id>
<name>Seán O&apos;Casey</name>
<link><![CDATA[https://www.goodreads.com/author/show/11582.Se_n_O_Casey]]></link>
</author>
</authors>
</book>

          <book>
<id>12194</id>
<title>Lord Jim</title>
<title_without_series>Lord Jim</title_without_series>
<link><![CDATA[https://www.goodreads.com/book/show/12194.Lord_Jim]]></link>
<small_image_url><![CDATA[https://images.gr-assets.com/books/1372366969s/12194.jpg]]></small_image_url>
<image_url><![CDATA[https://images.gr-assets.com/books/1372366969m/12194.jpg]]></image_url>
<num_pages>455</num_pages>
<work>
<id>2578988</id>
</work>
<isbn>1551111721</isbn>
<isbn13>9781551111728</isbn13>
<average_rating>3.61</average_rating>
<ratings_count>22723</ratings_count>
<publication_year>2000</publication_year>
<publication_month>11</publication_month>
<publication_day>7</publication_day>
<authors>
<author>
<id>3345</id>
<name>Joseph Conrad</name>
<link><![CDATA[https://www.goodreads.com/author/show/3345.Joseph_Conrad]]></link>
</author>
</authors>
</book>

          <book>
<id>161402</id>
<title>Three Lives</title>
<title_without_series>Three Lives</title_without_series>
<link><![CDATA[https://www.goodreads.com/book/show/161402.Three_Lives]]></link>
<small_image_url><![CDATA[https://images.gr-assets.com/books/1328867225s/161402.jpg]]></small_image_url>
<image_url><![CDATA[https://images.gr-assets.com/books/1328867225m/161402.jpg]]></image_url>
<num_pages>176</num_pages>
<work>
<id>621881</id>
</work>
<isbn>0486280594</isbn>
<isbn13>9780486280592</isbn13>
<average_rating>3.14</average_rating>
<ratings_count>2779</ratings_count>
<publication_year>2011</publication_year>
<publication_month>3</publication_month>
<publication_day>17</publication_day>
<authors>
<author>
<id>9325</id>
<name>Gertrude Stein</name>
<link><![CDATA[https://www.goodreads.com/author/show/9325.Gertrude_Stein]]></link>
</author>
</authors>
</book>

  </similar_books>
</book>

</GoodreadsResponse>