<?xml version="1.0" encoding="UTF-8"?>
<GoodreadsResponse>
  <Request>
    <authentication>true</authentication>
      <key><![CDATA[all_men_must_serve]]></key>
    <method><![CDATA[book_show]]></method>
  </Request>
  <book>
  <id>110393</id>
  <title><![CDATA[It's in His Kiss (Bridgertons, #7)]]></title>
  <isbn><![CDATA[006053124X]]></isbn>
  <isbn13><![CDATA[9780060531249]]></isbn13>
  <asin><![CDATA[]]></asin>
  <kindle_asin><![CDATA[B00UG8RP6S]]></kindle_asin>
  <marketplace_id><![CDATA[A1F83G8C2ARO7P]]></marketplace_id>
  <country_code><![CDATA[GB]]></country_code>
  <image_url>https://images.gr-assets.com/books/1314461965m/110393.jpg</image_url>
  <small_image_url>https://images.gr-assets.com/books/1314461965s/110393.jpg</small_image_url>
  <publication_year>2005</publication_year>
  <publication_month>6</publication_month>
  <publication_day>28</publication_day>
  <publisher>Avon Books</publisher>
  <language_code>eng</language_code>
  <is_ebook>false</is_ebook>
  <description><![CDATA[IF IT'S IN HIS HEART ... IT'S IN HIS KISS<br /><br />MEET OUR HERO...<br /><br />Gareth St. Clair is in a bind. His father, who detests him, is determined to beggar the St. Clair estates and ruin his inheritance. Gareth's sole bequest is an old family diary, which may or may not contain the secrets of his past... and the key to his future. The problem is—it's written in Italian, of which Gareth speaks not a word.<br /><br />MEET OUR HEROINE ...<br /><br />All the <i>ton</i> agreed: there was no one quite like Hyacinth Bridgerton. She's fiendishly smart, devilishly outspoken, and according to Gareth, probably best in small doses. But there's something about her—something charming and vexing—that grabs him and won't quite let go...<br /><br />MEET POOR MR. MOZART...<br /><br />Or don't. But rest assured, he's spinning in his grave when Gareth and Hyacinth cross paths at the annual—and annually discordant—Smythe-Smith musicale. To Hyacinth, Gareth's every word seems a dare, and she offers to translate his diary, even though her Italian is slightly less than perfect. But as they delve into the mysterious text, they discover that the answers they seek lie not in the diary, but in each other ... and that there is nothing as simple—or as complicated—as a single, perfect kiss.]]></description>
  <work>
  <id type="integer">1460849</id>
  <books_count type="integer">46</books_count>
  <best_book_id type="integer">110393</best_book_id>
  <reviews_count type="integer">30950</reviews_count>
  <ratings_sum type="integer">89063</ratings_sum>
  <ratings_count type="integer">22203</ratings_count>
  <text_reviews_count type="integer">920</text_reviews_count>
  <original_publication_year type="integer">2005</original_publication_year>
  <original_publication_month type="integer">6</original_publication_month>
  <original_publication_day type="integer">28</original_publication_day>
  <original_title>It's In His Kiss</original_title>
  <original_language_id type="integer" nil="true"/>
  <media_type>book</media_type>
  <rating_dist>5:7449|4:8717|3:5025|2:863|1:149|total:22203</rating_dist>
  <desc_user_id type="integer">155288</desc_user_id>
  <default_chaptering_book_id type="integer" nil="true"/>
  <default_description_language_code nil="true"/>
</work>
  <average_rating>4.01</average_rating>
  <num_pages><![CDATA[384]]></num_pages>
  <format><![CDATA[Paperback]]></format>
  <edition_information><![CDATA[]]></edition_information>
  <ratings_count><![CDATA[20391]]></ratings_count>
  <text_reviews_count><![CDATA[727]]></text_reviews_count>
  <url><![CDATA[https://www.goodreads.com/book/show/110393.It_s_in_His_Kiss]]></url>
  <link><![CDATA[https://www.goodreads.com/book/show/110393.It_s_in_His_Kiss]]></link>
  <authors>
<author>
<id>63898</id>
<name>Julia Quinn</name>
<role></role>
<image_url nophoto='false'>
<![CDATA[https://images.gr-assets.com/authors/1493243934p5/63898.jpg]]>
</image_url>
<small_image_url nophoto='false'>
<![CDATA[https://images.gr-assets.com/authors/1493243934p2/63898.jpg]]>
</small_image_url>
<link><![CDATA[https://www.goodreads.com/author/show/63898.Julia_Quinn]]></link>
<average_rating>3.98</average_rating>
<ratings_count>554330</ratings_count>
<text_reviews_count>29250</text_reviews_count>
</author>
</authors>

    <reviews_widget>
      <![CDATA[
        <style>
  #goodreads-widget {
    font-family: georgia, serif;
    padding: 18px 0;
    width:565px;
  }
  #goodreads-widget h1 {
    font-weight:normal;
    font-size: 16px;
    border-bottom: 1px solid #BBB596;
    margin-bottom: 0;
  }
  #goodreads-widget a {
    text-decoration: none;
    color:#660;
  }
  iframe{
    background-color: #fff;
  }
  #goodreads-widget a:hover { text-decoration: underline; }
  #goodreads-widget a:active {
    color:#660;
  }
  #gr_footer {
    width: 100%;
    border-top: 1px solid #BBB596;
    text-align: right;
  }
  #goodreads-widget .gr_branding{
    color: #382110;
    font-size: 11px;
    text-decoration: none;
    font-family: "Helvetica Neue", Helvetica, Arial, sans-serif;
  }
</style>
<div id="goodreads-widget">
  <div id="gr_header"><h1><a rel="nofollow" href="https://www.goodreads.com/book/show/110393.It_s_in_His_Kiss">It&#39;s in His Kiss Reviews</a></h1></div>
  <iframe id="the_iframe" src="https://www.goodreads.com/api/reviews_widget_iframe?did=DEVELOPER_ID&amp;format=html&amp;isbn=006053124X&amp;links=660&amp;min_rating=&amp;review_back=fff&amp;stars=000&amp;text=000" width="565" height="400" frameborder="0"></iframe>
  <div id="gr_footer">
    <a class="gr_branding" target="_blank" rel="nofollow" href="https://www.goodreads.com/book/show/110393.It_s_in_His_Kiss?utm_medium=api&amp;utm_source=reviews_widget">Reviews from Goodreads.com</a>
  </div>
</div>

      ]]>
    </reviews_widget>
  <popular_shelves>
      <shelf name="historical-romance" count="1312"/>
      <shelf name="romance" count="1238"/>
      <shelf name="to-read" count="652"/>
      <shelf name="historical" count="505"/>
      <shelf name="julia-quinn" count="336"/>
      <shelf name="regency" count="181"/>
      <shelf name="historical-fiction" count="171"/>
      <shelf name="favorites" count="164"/>
      <shelf name="series" count="120"/>
      <shelf name="regency-romance" count="113"/>
      <shelf name="currently-reading" count="104"/>
      <shelf name="romance-historical" count="98"/>
      <shelf name="fiction" count="95"/>
      <shelf name="adult" count="81"/>
      <shelf name="books-i-own" count="65"/>
      <shelf name="ebook" count="61"/>
      <shelf name="owned" count="54"/>
      <shelf name="kindle" count="53"/>
      <shelf name="bridgertons" count="40"/>
      <shelf name="chick-lit" count="35"/>
      <shelf name="ebooks" count="34"/>
      <shelf name="library" count="32"/>
      <shelf name="england" count="30"/>
      <shelf name="humor" count="26"/>
      <shelf name="default" count="25"/>
      <shelf name="funny" count="25"/>
      <shelf name="part-of-a-series" count="24"/>
      <shelf name="paperback" count="24"/>
      <shelf name="bridgerton-series" count="24"/>
      <shelf name="quinn-julia" count="23"/>
      <shelf name="author-julia-quinn" count="23"/>
      <shelf name="historical-romances" count="22"/>
      <shelf name="mystery" count="21"/>
      <shelf name="historicals" count="20"/>
      <shelf name="audiobook" count="20"/>
      <shelf name="4-stars" count="19"/>
      <shelf name="e-book" count="19"/>
      <shelf name="read-in-2016" count="18"/>
      <shelf name="family" count="18"/>
      <shelf name="5-stars" count="18"/>
      <shelf name="favourites" count="18"/>
      <shelf name="romance-regency" count="18"/>
      <shelf name="romance-novels" count="17"/>
      <shelf name="read-2016" count="16"/>
      <shelf name="hr" count="16"/>
      <shelf name="read-in-2012" count="16"/>
      <shelf name="owned-books" count="16"/>
      <shelf name="historicalromance" count="16"/>
      <shelf name="read-in-2015" count="15"/>
      <shelf name="read-in-2014" count="15"/>
      <shelf name="favorite-series" count="15"/>
      <shelf name="re-read" count="15"/>
      <shelf name="read-2015" count="14"/>
      <shelf name="read-in-2013" count="14"/>
      <shelf name="3-stars" count="14"/>
      <shelf name="historical-regency" count="14"/>
      <shelf name="adult-fiction" count="14"/>
      <shelf name="read-in-2011" count="13"/>
      <shelf name="guilty-pleasures" count="13"/>
      <shelf name="read-2014" count="12"/>
      <shelf name="historic-romance" count="12"/>
      <shelf name="my-books" count="12"/>
      <shelf name="part-of-series" count="12"/>
      <shelf name="friends-to-lovers" count="12"/>
      <shelf name="own-it" count="12"/>
      <shelf name="i-own" count="12"/>
      <shelf name="audiobooks" count="12"/>
      <shelf name="read-2013" count="11"/>
      <shelf name="humour" count="11"/>
      <shelf name="virgin-heroine" count="11"/>
      <shelf name="humorous" count="11"/>
      <shelf name="favorite" count="11"/>
      <shelf name="loved-it" count="11"/>
      <shelf name="e-books" count="11"/>
      <shelf name="audio" count="11"/>
      <shelf name="favorite-author" count="11"/>
      <shelf name="bridgerton" count="11"/>
      <shelf name="quinn" count="11"/>
      <shelf name="romances" count="11"/>
      <shelf name="m-f" count="10"/>
      <shelf name="library-book" count="10"/>
      <shelf name="calibre" count="10"/>
      <shelf name="to-buy" count="10"/>
      <shelf name="genre-romance-historical" count="10"/>
      <shelf name="genre-historical-romance" count="10"/>
      <shelf name="nook" count="10"/>
      <shelf name="reviewed" count="10"/>
      <shelf name="bridgertons-series" count="10"/>
      <shelf name="made-me-laugh" count="10"/>
      <shelf name="guilty-pleasure" count="10"/>
      <shelf name="2013-reads" count="9"/>
      <shelf name="series-bridgertons" count="9"/>
      <shelf name="read-in-2010" count="9"/>
      <shelf name="favorite-authors" count="9"/>
      <shelf name="trashy-romance" count="9"/>
      <shelf name="keepers" count="9"/>
      <shelf name="1" count="8"/>
      <shelf name="steamy" count="8"/>
      <shelf name="kobo" count="8"/>
      <shelf name="kindle-books" count="8"/>
  </popular_shelves>
  <book_links>
    <book_link>
  <id>8</id>
  <name>Libraries</name>
  <link>https://www.goodreads.com/book_link/follow/8</link>
</book_link>

  </book_links>
  <buy_links>
    <buy_link>
<id>1</id>
<name>Amazon</name>
<link>https://www.goodreads.com/book_link/follow/1</link>
</buy_link>
<buy_link>
<id>10</id>
<name>Audible</name>
<link>https://www.goodreads.com/book_link/follow/10</link>
</buy_link>
<buy_link>
<id>3</id>
<name>Barnes &amp; Noble</name>
<link>https://www.goodreads.com/book_link/follow/3</link>
</buy_link>
<buy_link>
<id>1027</id>
<name>Kobo</name>
<link>https://www.goodreads.com/book_link/follow/1027</link>
</buy_link>
<buy_link>
<id>2102</id>
<name>Apple iBooks</name>
<link>https://www.goodreads.com/book_link/follow/2102</link>
</buy_link>
<buy_link>
<id>8036</id>
<name>Google Play</name>
<link>https://www.goodreads.com/book_link/follow/8036</link>
</buy_link>
<buy_link>
<id>4</id>
<name>Abebooks</name>
<link>https://www.goodreads.com/book_link/follow/4</link>
</buy_link>
<buy_link>
<id>882</id>
<name>Book Depository</name>
<link>https://www.goodreads.com/book_link/follow/882</link>
</buy_link>
<buy_link>
<id>9</id>
<name>Indigo</name>
<link>https://www.goodreads.com/book_link/follow/9</link>
</buy_link>
<buy_link>
<id>2</id>
<name>Half.com</name>
<link>https://www.goodreads.com/book_link/follow/2</link>
</buy_link>
<buy_link>
<id>5</id>
<name>Alibris</name>
<link>https://www.goodreads.com/book_link/follow/5</link>
</buy_link>
<buy_link>
<id>107</id>
<name>Better World Books</name>
<link>https://www.goodreads.com/book_link/follow/107</link>
</buy_link>
<buy_link>
<id>7</id>
<name>IndieBound</name>
<link>https://www.goodreads.com/book_link/follow/7</link>
</buy_link>

  </buy_links>
  <series_works>
    <series_work>
<id>157371</id>
<user_position>7</user_position>
<series>
<id>40393</id>
<title>
<![CDATA[
    Bridgertons
]]>
</title>
<description>
<![CDATA[
    Regency romance. See also <a href="http://www.goodreads.com/series/51906-lady-whistledown">The Lady Whistledown</a> story collections, and the new <a href="https://www.goodreads.com/series/165625">Rokesbys</a> prequel series.
]]>
</description>
<note>
<![CDATA[
]]>
</note>
<series_works_count>20</series_works_count>
<primary_work_count>8</primary_work_count>
<numbered>true</numbered>
</series>

</series_work>

  </series_works>
  <similar_books>
          <book>
<id>7198269</id>
<title><![CDATA[Married By Morning (The Hathaways, #4)]]></title>
<title_without_series>Married By Morning</title_without_series>
<link><![CDATA[https://www.goodreads.com/book/show/7198269-married-by-morning]]></link>
<small_image_url><![CDATA[https://images.gr-assets.com/books/1380326600s/7198269.jpg]]></small_image_url>
<image_url><![CDATA[https://images.gr-assets.com/books/1380326600m/7198269.jpg]]></image_url>
<num_pages>341</num_pages>
<work>
<id>7178698</id>
</work>
<isbn>0312605382</isbn>
<isbn13>9780312605384</isbn13>
<average_rating>4.14</average_rating>
<ratings_count>24631</ratings_count>
<publication_year>2010</publication_year>
<publication_month>5</publication_month>
<publication_day>25</publication_day>
<authors>
<author>
<id>27847</id>
<name>Lisa Kleypas</name>
<link><![CDATA[https://www.goodreads.com/author/show/27847.Lisa_Kleypas]]></link>
</author>
</authors>
</book>

          <book>
<id>7781699</id>
<title><![CDATA[Ten Ways to Be Adored When Landing a Lord (Love By Numbers, #2)]]></title>
<title_without_series><![CDATA[Ten Ways to Be Adored When Landing a Lord]]></title_without_series>
<link><![CDATA[https://www.goodreads.com/book/show/7781699-ten-ways-to-be-adored-when-landing-a-lord]]></link>
<small_image_url><![CDATA[https://images.gr-assets.com/books/1322231419s/7781699.jpg]]></small_image_url>
<image_url><![CDATA[https://images.gr-assets.com/books/1322231419m/7781699.jpg]]></image_url>
<num_pages>384</num_pages>
<work>
<id>10706071</id>
</work>
<isbn>0061852066</isbn>
<isbn13>9780061852060</isbn13>
<average_rating>3.91</average_rating>
<ratings_count>14272</ratings_count>
<publication_year>2010</publication_year>
<publication_month>10</publication_month>
<publication_day>26</publication_day>
<authors>
<author>
<id>1598076</id>
<name>Sarah MacLean</name>
<link><![CDATA[https://www.goodreads.com/author/show/1598076.Sarah_MacLean]]></link>
</author>
</authors>
</book>

          <book>
<id>71661</id>
<title><![CDATA[Slightly Scandalous (Bedwyn Saga, #3)]]></title>
<title_without_series>Slightly Scandalous</title_without_series>
<link><![CDATA[https://www.goodreads.com/book/show/71661.Slightly_Scandalous]]></link>
<small_image_url><![CDATA[https://s.gr-assets.com/assets/nophoto/book/50x75-a91bf249278a81aabab721ef782c4a74.png]]></small_image_url>
<image_url><![CDATA[https://s.gr-assets.com/assets/nophoto/book/111x148-bcc042a9c91a29c1d680899eff700a03.png]]></image_url>
<num_pages>374</num_pages>
<work>
<id>1111586</id>
</work>
<isbn>0440241111</isbn>
<isbn13>9780440241119</isbn13>
<average_rating>4.01</average_rating>
<ratings_count>7777</ratings_count>
<publication_year>2011</publication_year>
<publication_month>10</publication_month>
<publication_day></publication_day>
<authors>
<author>
<id>9759</id>
<name>Mary Balogh</name>
<link><![CDATA[https://www.goodreads.com/author/show/9759.Mary_Balogh]]></link>
</author>
</authors>
</book>

          <book>
<id>106546</id>
<title><![CDATA[One Night with a Prince (Royal Brotherhood, #3)]]></title>
<title_without_series>One Night with a Prince</title_without_series>
<link><![CDATA[https://www.goodreads.com/book/show/106546.One_Night_with_a_Prince]]></link>
<small_image_url><![CDATA[https://s.gr-assets.com/assets/nophoto/book/50x75-a91bf249278a81aabab721ef782c4a74.png]]></small_image_url>
<image_url><![CDATA[https://s.gr-assets.com/assets/nophoto/book/111x148-bcc042a9c91a29c1d680899eff700a03.png]]></image_url>
<num_pages></num_pages>
<work>
<id>26220774</id>
</work>
<isbn>1416523855</isbn>
<isbn13>9781416523857</isbn13>
<average_rating>4.10</average_rating>
<ratings_count>6245</ratings_count>
<publication_year></publication_year>
<publication_month></publication_month>
<publication_day></publication_day>
<authors>
<author>
<id>50886</id>
<name>Sabrina Jeffries</name>
<link><![CDATA[https://www.goodreads.com/author/show/50886.Sabrina_Jeffries]]></link>
</author>
</authors>
</book>

          <book>
<id>8597949</id>
<title><![CDATA[Notorious Pleasures (Maiden Lane, #2)]]></title>
<title_without_series>Notorious Pleasures</title_without_series>
<link><![CDATA[https://www.goodreads.com/book/show/8597949-notorious-pleasures]]></link>
<small_image_url><![CDATA[https://images.gr-assets.com/books/1340943364s/8597949.jpg]]></small_image_url>
<image_url><![CDATA[https://images.gr-assets.com/books/1340943364m/8597949.jpg]]></image_url>
<num_pages>371</num_pages>
<work>
<id>13361916</id>
</work>
<isbn>0446558958</isbn>
<isbn13>9780446558952</isbn13>
<average_rating>3.97</average_rating>
<ratings_count>8484</ratings_count>
<publication_year>2011</publication_year>
<publication_month>2</publication_month>
<publication_day>1</publication_day>
<authors>
<author>
<id>16202</id>
<name>Elizabeth Hoyt</name>
<link><![CDATA[https://www.goodreads.com/author/show/16202.Elizabeth_Hoyt]]></link>
</author>
</authors>
</book>

          <book>
<id>485434</id>
<title><![CDATA[The Perfect Rake (The Merridew Sisters, #1)]]></title>
<title_without_series>The Perfect Rake</title_without_series>
<link><![CDATA[https://www.goodreads.com/book/show/485434.The_Perfect_Rake]]></link>
<small_image_url><![CDATA[https://s.gr-assets.com/assets/nophoto/book/50x75-a91bf249278a81aabab721ef782c4a74.png]]></small_image_url>
<image_url><![CDATA[https://s.gr-assets.com/assets/nophoto/book/111x148-bcc042a9c91a29c1d680899eff700a03.png]]></image_url>
<num_pages>360</num_pages>
<work>
<id>473727</id>
</work>
<isbn>0425203956</isbn>
<isbn13>9780425203958</isbn13>
<average_rating>3.91</average_rating>
<ratings_count>7367</ratings_count>
<publication_year>2005</publication_year>
<publication_month>7</publication_month>
<publication_day>5</publication_day>
<authors>
<author>
<id>65591</id>
<name>Anne Gracie</name>
<link><![CDATA[https://www.goodreads.com/author/show/65591.Anne_Gracie]]></link>
</author>
</authors>
</book>

          <book>
<id>428677</id>
<title><![CDATA[Pleasure for Pleasure (Essex Sisters, #4)]]></title>
<title_without_series>Pleasure for Pleasure</title_without_series>
<link><![CDATA[https://www.goodreads.com/book/show/428677.Pleasure_for_Pleasure]]></link>
<small_image_url><![CDATA[https://images.gr-assets.com/books/1407707344s/428677.jpg]]></small_image_url>
<image_url><![CDATA[https://images.gr-assets.com/books/1407707344m/428677.jpg]]></image_url>
<num_pages>404</num_pages>
<work>
<id>417683</id>
</work>
<isbn>0060781920</isbn>
<isbn13>9780060781927</isbn13>
<average_rating>3.95</average_rating>
<ratings_count>6247</ratings_count>
<publication_year>2006</publication_year>
<publication_month>11</publication_month>
<publication_day>28</publication_day>
<authors>
<author>
<id>86778</id>
<name>Eloisa James</name>
<link><![CDATA[https://www.goodreads.com/author/show/86778.Eloisa_James]]></link>
</author>
</authors>
</book>

          <book>
<id>833923</id>
<title><![CDATA[England's Perfect Hero (Lessons in Love, #3)]]></title>
<title_without_series>England&apos;s Perfect Hero</title_without_series>
<link><![CDATA[https://www.goodreads.com/book/show/833923.England_s_Perfect_Hero]]></link>
<small_image_url><![CDATA[https://images.gr-assets.com/books/1331516514s/833923.jpg]]></small_image_url>
<image_url><![CDATA[https://images.gr-assets.com/books/1331516514m/833923.jpg]]></image_url>
<num_pages>374</num_pages>
<work>
<id>2556108</id>
</work>
<isbn>0060543132</isbn>
<isbn13>9780060543136</isbn13>
<average_rating>4.08</average_rating>
<ratings_count>5395</ratings_count>
<publication_year>2004</publication_year>
<publication_month>2</publication_month>
<publication_day>24</publication_day>
<authors>
<author>
<id>23294</id>
<name>Suzanne Enoch</name>
<link><![CDATA[https://www.goodreads.com/author/show/23294.Suzanne_Enoch]]></link>
</author>
</authors>
</book>

          <book>
<id>363499</id>
<title>Devil&apos;s Bride (Cynster, #1)</title>
<title_without_series>Devil&apos;s Bride</title_without_series>
<link><![CDATA[https://www.goodreads.com/book/show/363499.Devil_s_Bride]]></link>
<small_image_url><![CDATA[https://s.gr-assets.com/assets/nophoto/book/50x75-a91bf249278a81aabab721ef782c4a74.png]]></small_image_url>
<image_url><![CDATA[https://s.gr-assets.com/assets/nophoto/book/111x148-bcc042a9c91a29c1d680899eff700a03.png]]></image_url>
<num_pages>388</num_pages>
<work>
<id>2524956</id>
</work>
<isbn>038079456X</isbn>
<isbn13>9780380794560</isbn13>
<average_rating>4.10</average_rating>
<ratings_count>14861</ratings_count>
<publication_year></publication_year>
<publication_month></publication_month>
<publication_day></publication_day>
<authors>
<author>
<id>9241</id>
<name>Stephanie Laurens</name>
<link><![CDATA[https://www.goodreads.com/author/show/9241.Stephanie_Laurens]]></link>
</author>
</authors>
</book>

  </similar_books>
</book>

</GoodreadsResponse>