<?xml version="1.0" encoding="UTF-8"?>
<GoodreadsResponse>
  <Request>
    <authentication>true</authentication>
      <key><![CDATA[all_men_must_serve]]></key>
    <method><![CDATA[book_show]]></method>
  </Request>
  <book>
  <id>110384</id>
  <title><![CDATA[Romancing Mister Bridgerton (Bridgertons, #4)]]></title>
  <isbn><![CDATA[0380820846]]></isbn>
  <isbn13><![CDATA[9780380820849]]></isbn13>
  <asin><![CDATA[]]></asin>
  <kindle_asin><![CDATA[B004KSRPX8]]></kindle_asin>
  <marketplace_id><![CDATA[A1F83G8C2ARO7P]]></marketplace_id>
  <country_code><![CDATA[GB]]></country_code>
  <image_url>https://images.gr-assets.com/books/1274211494m/110384.jpg</image_url>
  <small_image_url>https://images.gr-assets.com/books/1274211494s/110384.jpg</small_image_url>
  <publication_year>2002</publication_year>
  <publication_month>7</publication_month>
  <publication_day>2</publication_day>
  <publisher></publisher>
  <language_code>eng</language_code>
  <is_ebook>false</is_ebook>
  <description><![CDATA[Penelope Featherington has secretly adored her best friend's brother for... well, it feels like forever. After half a lifetime of watching Colin Bridgerton from afar, she thinks she knows everything about him, until she stumbles across his deepest secret... and fears she doesn't know him at all. <br /><br />Colin Bridgerton is tired of being thought nothing but an empty-headed charmer, tired of everyone's preoccupation with the notorious gossip columnist Lady Whistledown, who can't seem to publish an edition without mentioning him in the first paragraph. <br /><br />But when Colin returns to London from a trip aboard, he discovers nothing in his life is quite the same, especially Penelope Featherington, the girl haunting his dreams! <br /><br />And when he discovers that Penelope has secrets of her own, this elusive bachelor must decide... is she his biggest threat, or his promise of a happy ending?]]></description>
  <work>
  <id type="integer">659482</id>
  <books_count type="integer">47</books_count>
  <best_book_id type="integer">110384</best_book_id>
  <reviews_count type="integer">47631</reviews_count>
  <ratings_sum type="integer">145754</ratings_sum>
  <ratings_count type="integer">34741</ratings_count>
  <text_reviews_count type="integer">1642</text_reviews_count>
  <original_publication_year type="integer">2002</original_publication_year>
  <original_publication_month type="integer">7</original_publication_month>
  <original_publication_day type="integer">1</original_publication_day>
  <original_title>Romancing Mister Bridgerton (Bridgertons, #4)</original_title>
  <original_language_id type="integer" nil="true"/>
  <media_type>book</media_type>
  <rating_dist>5:15286|4:12382|3:5885|2:953|1:235|total:34741</rating_dist>
  <desc_user_id type="integer">8138275</desc_user_id>
  <default_chaptering_book_id type="integer" nil="true"/>
  <default_description_language_code nil="true"/>
</work>
  <average_rating>4.20</average_rating>
  <num_pages><![CDATA[370]]></num_pages>
  <format><![CDATA[]]></format>
  <edition_information><![CDATA[]]></edition_information>
  <ratings_count><![CDATA[31680]]></ratings_count>
  <text_reviews_count><![CDATA[1259]]></text_reviews_count>
  <url><![CDATA[https://www.goodreads.com/book/show/110384.Romancing_Mister_Bridgerton]]></url>
  <link><![CDATA[https://www.goodreads.com/book/show/110384.Romancing_Mister_Bridgerton]]></link>
  <authors>
<author>
<id>63898</id>
<name>Julia Quinn</name>
<role></role>
<image_url nophoto='false'>
<![CDATA[https://images.gr-assets.com/authors/1493243934p5/63898.jpg]]>
</image_url>
<small_image_url nophoto='false'>
<![CDATA[https://images.gr-assets.com/authors/1493243934p2/63898.jpg]]>
</small_image_url>
<link><![CDATA[https://www.goodreads.com/author/show/63898.Julia_Quinn]]></link>
<average_rating>3.98</average_rating>
<ratings_count>554322</ratings_count>
<text_reviews_count>29249</text_reviews_count>
</author>
</authors>

    <reviews_widget>
      <![CDATA[
        <style>
  #goodreads-widget {
    font-family: georgia, serif;
    padding: 18px 0;
    width:565px;
  }
  #goodreads-widget h1 {
    font-weight:normal;
    font-size: 16px;
    border-bottom: 1px solid #BBB596;
    margin-bottom: 0;
  }
  #goodreads-widget a {
    text-decoration: none;
    color:#660;
  }
  iframe{
    background-color: #fff;
  }
  #goodreads-widget a:hover { text-decoration: underline; }
  #goodreads-widget a:active {
    color:#660;
  }
  #gr_footer {
    width: 100%;
    border-top: 1px solid #BBB596;
    text-align: right;
  }
  #goodreads-widget .gr_branding{
    color: #382110;
    font-size: 11px;
    text-decoration: none;
    font-family: "Helvetica Neue", Helvetica, Arial, sans-serif;
  }
</style>
<div id="goodreads-widget">
  <div id="gr_header"><h1><a rel="nofollow" href="https://www.goodreads.com/book/show/110384.Romancing_Mister_Bridgerton">Romancing Mister Bridgerton Reviews</a></h1></div>
  <iframe id="the_iframe" src="https://www.goodreads.com/api/reviews_widget_iframe?did=DEVELOPER_ID&amp;format=html&amp;isbn=0380820846&amp;links=660&amp;min_rating=&amp;review_back=fff&amp;stars=000&amp;text=000" width="565" height="400" frameborder="0"></iframe>
  <div id="gr_footer">
    <a class="gr_branding" target="_blank" rel="nofollow" href="https://www.goodreads.com/book/show/110384.Romancing_Mister_Bridgerton?utm_medium=api&amp;utm_source=reviews_widget">Reviews from Goodreads.com</a>
  </div>
</div>

      ]]>
    </reviews_widget>
  <popular_shelves>
      <shelf name="to-read" count="7468"/>
      <shelf name="historical-romance" count="1879"/>
      <shelf name="romance" count="1668"/>
      <shelf name="historical" count="757"/>
      <shelf name="favorites" count="563"/>
      <shelf name="julia-quinn" count="394"/>
      <shelf name="currently-reading" count="271"/>
      <shelf name="regency" count="260"/>
      <shelf name="historical-fiction" count="252"/>
      <shelf name="series" count="159"/>
      <shelf name="regency-romance" count="154"/>
      <shelf name="fiction" count="125"/>
      <shelf name="romance-historical" count="120"/>
      <shelf name="adult" count="116"/>
      <shelf name="books-i-own" count="85"/>
      <shelf name="friends-to-lovers" count="76"/>
      <shelf name="ebook" count="74"/>
      <shelf name="kindle" count="73"/>
      <shelf name="owned" count="70"/>
      <shelf name="chick-lit" count="66"/>
      <shelf name="favourites" count="58"/>
      <shelf name="re-read" count="52"/>
      <shelf name="funny" count="50"/>
      <shelf name="humor" count="49"/>
      <shelf name="england" count="49"/>
      <shelf name="bridgertons" count="47"/>
      <shelf name="favorite" count="45"/>
      <shelf name="5-stars" count="39"/>
      <shelf name="library" count="38"/>
      <shelf name="ebooks" count="37"/>
      <shelf name="historical-romances" count="32"/>
      <shelf name="paperback" count="32"/>
      <shelf name="part-of-a-series" count="31"/>
      <shelf name="author-julia-quinn" count="31"/>
      <shelf name="read-in-2015" count="28"/>
      <shelf name="quinn-julia" count="28"/>
      <shelf name="default" count="27"/>
      <shelf name="hr" count="27"/>
      <shelf name="e-book" count="27"/>
      <shelf name="bridgerton-series" count="27"/>
      <shelf name="read-in-2016" count="26"/>
      <shelf name="owned-books" count="26"/>
      <shelf name="historicals" count="26"/>
      <shelf name="read-in-2011" count="25"/>
      <shelf name="family" count="25"/>
      <shelf name="read-in-2014" count="24"/>
      <shelf name="4-stars" count="24"/>
      <shelf name="unrequited-love" count="24"/>
      <shelf name="historic-romance" count="22"/>
      <shelf name="favorite-series" count="22"/>
      <shelf name="romance-regency" count="21"/>
      <shelf name="my-books" count="21"/>
      <shelf name="historical-regency" count="21"/>
      <shelf name="plain-jane" count="21"/>
      <shelf name="read-2014" count="20"/>
      <shelf name="read-in-2013" count="20"/>
      <shelf name="library-book" count="20"/>
      <shelf name="romance-novels" count="20"/>
      <shelf name="read-2016" count="19"/>
      <shelf name="humorous" count="19"/>
      <shelf name="guilty-pleasures" count="19"/>
      <shelf name="m-f" count="18"/>
      <shelf name="adult-fiction" count="18"/>
      <shelf name="genre-historical-romance" count="17"/>
      <shelf name="read-in-2012" count="17"/>
      <shelf name="e-books" count="17"/>
      <shelf name="guilty-pleasure" count="17"/>
      <shelf name="bridgerton" count="17"/>
      <shelf name="all-time-favorites" count="17"/>
      <shelf name="keepers" count="17"/>
      <shelf name="historicalromance" count="17"/>
      <shelf name="3-stars" count="16"/>
      <shelf name="wallflower" count="16"/>
      <shelf name="beta-hero" count="16"/>
      <shelf name="romances" count="16"/>
      <shelf name="i-own" count="16"/>
      <shelf name="audiobook" count="15"/>
      <shelf name="love" count="15"/>
      <shelf name="own-it" count="15"/>
      <shelf name="virgin-heroine" count="14"/>
      <shelf name="favorite-authors" count="14"/>
      <shelf name="favorite-books" count="14"/>
      <shelf name="quinn" count="14"/>
      <shelf name="reviewed" count="14"/>
      <shelf name="séries" count="13"/>
      <shelf name="read-2015" count="13"/>
      <shelf name="read-in-2010" count="13"/>
      <shelf name="favorite-author" count="13"/>
      <shelf name="spinster" count="13"/>
      <shelf name="borrowed" count="13"/>
      <shelf name="part-of-series" count="13"/>
      <shelf name="genre-historical" count="13"/>
      <shelf name="reread" count="13"/>
      <shelf name="2016-reads" count="12"/>
      <shelf name="history" count="12"/>
      <shelf name="bridgertons-series" count="12"/>
      <shelf name="humour" count="12"/>
      <shelf name="favorite-hero" count="12"/>
      <shelf name="nook" count="12"/>
      <shelf name="loved" count="12"/>
  </popular_shelves>
  <book_links>
    <book_link>
  <id>8</id>
  <name>Libraries</name>
  <link>https://www.goodreads.com/book_link/follow/8</link>
</book_link>

  </book_links>
  <buy_links>
    <buy_link>
<id>1</id>
<name>Amazon</name>
<link>https://www.goodreads.com/book_link/follow/1</link>
</buy_link>
<buy_link>
<id>10</id>
<name>Audible</name>
<link>https://www.goodreads.com/book_link/follow/10</link>
</buy_link>
<buy_link>
<id>3</id>
<name>Barnes &amp; Noble</name>
<link>https://www.goodreads.com/book_link/follow/3</link>
</buy_link>
<buy_link>
<id>1027</id>
<name>Kobo</name>
<link>https://www.goodreads.com/book_link/follow/1027</link>
</buy_link>
<buy_link>
<id>2102</id>
<name>Apple iBooks</name>
<link>https://www.goodreads.com/book_link/follow/2102</link>
</buy_link>
<buy_link>
<id>8036</id>
<name>Google Play</name>
<link>https://www.goodreads.com/book_link/follow/8036</link>
</buy_link>
<buy_link>
<id>4</id>
<name>Abebooks</name>
<link>https://www.goodreads.com/book_link/follow/4</link>
</buy_link>
<buy_link>
<id>882</id>
<name>Book Depository</name>
<link>https://www.goodreads.com/book_link/follow/882</link>
</buy_link>
<buy_link>
<id>9</id>
<name>Indigo</name>
<link>https://www.goodreads.com/book_link/follow/9</link>
</buy_link>
<buy_link>
<id>2</id>
<name>Half.com</name>
<link>https://www.goodreads.com/book_link/follow/2</link>
</buy_link>
<buy_link>
<id>5</id>
<name>Alibris</name>
<link>https://www.goodreads.com/book_link/follow/5</link>
</buy_link>
<buy_link>
<id>107</id>
<name>Better World Books</name>
<link>https://www.goodreads.com/book_link/follow/107</link>
</buy_link>
<buy_link>
<id>7</id>
<name>IndieBound</name>
<link>https://www.goodreads.com/book_link/follow/7</link>
</buy_link>

  </buy_links>
  <series_works>
    <series_work>
<id>151495</id>
<user_position>4</user_position>
<series>
<id>40393</id>
<title>
<![CDATA[
    Bridgertons
]]>
</title>
<description>
<![CDATA[
    Regency romance. See also <a href="http://www.goodreads.com/series/51906-lady-whistledown">The Lady Whistledown</a> story collections, and the new <a href="https://www.goodreads.com/series/165625">Rokesbys</a> prequel series.
]]>
</description>
<note>
<![CDATA[
]]>
</note>
<series_works_count>20</series_works_count>
<primary_work_count>8</primary_work_count>
<numbered>true</numbered>
</series>

</series_work>

  </series_works>
  <similar_books>
          <book>
<id>114166</id>
<title><![CDATA[Devil in Winter (Wallflowers, #3)]]></title>
<title_without_series>Devil in Winter</title_without_series>
<link><![CDATA[https://www.goodreads.com/book/show/114166.Devil_in_Winter]]></link>
<small_image_url><![CDATA[https://images.gr-assets.com/books/1309220205s/114166.jpg]]></small_image_url>
<image_url><![CDATA[https://images.gr-assets.com/books/1309220205m/114166.jpg]]></image_url>
<num_pages>368</num_pages>
<work>
<id>1823830</id>
</work>
<isbn>006056251X</isbn>
<isbn13>9780060562519</isbn13>
<average_rating>4.26</average_rating>
<ratings_count>41986</ratings_count>
<publication_year>2006</publication_year>
<publication_month>2</publication_month>
<publication_day>28</publication_day>
<authors>
<author>
<id>27847</id>
<name>Lisa Kleypas</name>
<link><![CDATA[https://www.goodreads.com/author/show/27847.Lisa_Kleypas]]></link>
</author>
</authors>
</book>

          <book>
<id>833923</id>
<title><![CDATA[England's Perfect Hero (Lessons in Love, #3)]]></title>
<title_without_series>England&apos;s Perfect Hero</title_without_series>
<link><![CDATA[https://www.goodreads.com/book/show/833923.England_s_Perfect_Hero]]></link>
<small_image_url><![CDATA[https://images.gr-assets.com/books/1331516514s/833923.jpg]]></small_image_url>
<image_url><![CDATA[https://images.gr-assets.com/books/1331516514m/833923.jpg]]></image_url>
<num_pages>374</num_pages>
<work>
<id>2556108</id>
</work>
<isbn>0060543132</isbn>
<isbn13>9780060543136</isbn13>
<average_rating>4.08</average_rating>
<ratings_count>5395</ratings_count>
<publication_year>2004</publication_year>
<publication_month>2</publication_month>
<publication_day>24</publication_day>
<authors>
<author>
<id>23294</id>
<name>Suzanne Enoch</name>
<link><![CDATA[https://www.goodreads.com/author/show/23294.Suzanne_Enoch]]></link>
</author>
</authors>
</book>

          <book>
<id>67512</id>
<title>Guilty Pleasures (Guilty, #1)</title>
<title_without_series>Guilty Pleasures</title_without_series>
<link><![CDATA[https://www.goodreads.com/book/show/67512.Guilty_Pleasures]]></link>
<small_image_url><![CDATA[https://images.gr-assets.com/books/1349738301s/67512.jpg]]></small_image_url>
<image_url><![CDATA[https://images.gr-assets.com/books/1349738301m/67512.jpg]]></image_url>
<num_pages>384</num_pages>
<work>
<id>65476</id>
</work>
<isbn>0060541741</isbn>
<isbn13>9780060541743</isbn13>
<average_rating>3.91</average_rating>
<ratings_count>6650</ratings_count>
<publication_year>2004</publication_year>
<publication_month>1</publication_month>
<publication_day>27</publication_day>
<authors>
<author>
<id>38065</id>
<name>Laura Lee Guhrke</name>
<link><![CDATA[https://www.goodreads.com/author/show/38065.Laura_Lee_Guhrke]]></link>
</author>
</authors>
</book>

          <book>
<id>11430898</id>
<title>Unlocked (Turner, #1.5)</title>
<title_without_series>Unlocked</title_without_series>
<link><![CDATA[https://www.goodreads.com/book/show/11430898-unlocked]]></link>
<small_image_url><![CDATA[https://s.gr-assets.com/assets/nophoto/book/50x75-a91bf249278a81aabab721ef782c4a74.png]]></small_image_url>
<image_url><![CDATA[https://s.gr-assets.com/assets/nophoto/book/111x148-bcc042a9c91a29c1d680899eff700a03.png]]></image_url>
<num_pages>111</num_pages>
<work>
<id>16364298</id>
</work>
<isbn></isbn>
<isbn13>9781937248000</isbn13>
<average_rating>3.73</average_rating>
<ratings_count>6171</ratings_count>
<publication_year>2011</publication_year>
<publication_month>5</publication_month>
<publication_day>31</publication_day>
<authors>
<author>
<id>2906892</id>
<name>Courtney Milan</name>
<link><![CDATA[https://www.goodreads.com/author/show/2906892.Courtney_Milan]]></link>
</author>
</authors>
</book>

          <book>
<id>71648</id>
<title><![CDATA[Slightly Dangerous (Bedwyn Saga, #6)]]></title>
<title_without_series>Slightly Dangerous</title_without_series>
<link><![CDATA[https://www.goodreads.com/book/show/71648.Slightly_Dangerous]]></link>
<small_image_url><![CDATA[https://s.gr-assets.com/assets/nophoto/book/50x75-a91bf249278a81aabab721ef782c4a74.png]]></small_image_url>
<image_url><![CDATA[https://s.gr-assets.com/assets/nophoto/book/111x148-bcc042a9c91a29c1d680899eff700a03.png]]></image_url>
<num_pages>365</num_pages>
<work>
<id>69382</id>
</work>
<isbn>044024112X</isbn>
<isbn13>9780440241126</isbn13>
<average_rating>4.21</average_rating>
<ratings_count>12849</ratings_count>
<publication_year>2005</publication_year>
<publication_month>3</publication_month>
<publication_day>1</publication_day>
<authors>
<author>
<id>9759</id>
<name>Mary Balogh</name>
<link><![CDATA[https://www.goodreads.com/author/show/9759.Mary_Balogh]]></link>
</author>
</authors>
</book>

          <book>
<id>7781699</id>
<title><![CDATA[Ten Ways to Be Adored When Landing a Lord (Love By Numbers, #2)]]></title>
<title_without_series><![CDATA[Ten Ways to Be Adored When Landing a Lord]]></title_without_series>
<link><![CDATA[https://www.goodreads.com/book/show/7781699-ten-ways-to-be-adored-when-landing-a-lord]]></link>
<small_image_url><![CDATA[https://images.gr-assets.com/books/1322231419s/7781699.jpg]]></small_image_url>
<image_url><![CDATA[https://images.gr-assets.com/books/1322231419m/7781699.jpg]]></image_url>
<num_pages>384</num_pages>
<work>
<id>10706071</id>
</work>
<isbn>0061852066</isbn>
<isbn13>9780061852060</isbn13>
<average_rating>3.91</average_rating>
<ratings_count>14272</ratings_count>
<publication_year>2010</publication_year>
<publication_month>10</publication_month>
<publication_day>26</publication_day>
<authors>
<author>
<id>1598076</id>
<name>Sarah MacLean</name>
<link><![CDATA[https://www.goodreads.com/author/show/1598076.Sarah_MacLean]]></link>
</author>
</authors>
</book>

          <book>
<id>6290413</id>
<title><![CDATA[To Wed a Wicked Earl (Devine & Friends, #2)]]></title>
<title_without_series>To Wed a Wicked Earl</title_without_series>
<link><![CDATA[https://www.goodreads.com/book/show/6290413-to-wed-a-wicked-earl]]></link>
<small_image_url><![CDATA[https://images.gr-assets.com/books/1463677854s/6290413.jpg]]></small_image_url>
<image_url><![CDATA[https://images.gr-assets.com/books/1463677854m/6290413.jpg]]></image_url>
<num_pages>371</num_pages>
<work>
<id>6474774</id>
</work>
<isbn>0061712787</isbn>
<isbn13>9780061712784</isbn13>
<average_rating>3.96</average_rating>
<ratings_count>3855</ratings_count>
<publication_year>2009</publication_year>
<publication_month>8</publication_month>
<publication_day>25</publication_day>
<authors>
<author>
<id>1036134</id>
<name>Olivia Parker</name>
<link><![CDATA[https://www.goodreads.com/author/show/1036134.Olivia_Parker]]></link>
</author>
</authors>
</book>

          <book>
<id>485434</id>
<title><![CDATA[The Perfect Rake (The Merridew Sisters, #1)]]></title>
<title_without_series>The Perfect Rake</title_without_series>
<link><![CDATA[https://www.goodreads.com/book/show/485434.The_Perfect_Rake]]></link>
<small_image_url><![CDATA[https://s.gr-assets.com/assets/nophoto/book/50x75-a91bf249278a81aabab721ef782c4a74.png]]></small_image_url>
<image_url><![CDATA[https://s.gr-assets.com/assets/nophoto/book/111x148-bcc042a9c91a29c1d680899eff700a03.png]]></image_url>
<num_pages>360</num_pages>
<work>
<id>473727</id>
</work>
<isbn>0425203956</isbn>
<isbn13>9780425203958</isbn13>
<average_rating>3.91</average_rating>
<ratings_count>7367</ratings_count>
<publication_year>2005</publication_year>
<publication_month>7</publication_month>
<publication_day>5</publication_day>
<authors>
<author>
<id>65591</id>
<name>Anne Gracie</name>
<link><![CDATA[https://www.goodreads.com/author/show/65591.Anne_Gracie]]></link>
</author>
</authors>
</book>

  </similar_books>
</book>

</GoodreadsResponse>