<?xml version="1.0" encoding="UTF-8"?>
<GoodreadsResponse>
  <Request>
    <authentication>true</authentication>
      <key><![CDATA[all_men_must_serve]]></key>
    <method><![CDATA[book_show]]></method>
  </Request>
  <book>
  <id>110385</id>
  <title><![CDATA[An Offer From a Gentleman (Bridgertons, #3)]]></title>
  <isbn><![CDATA[0380815583]]></isbn>
  <isbn13><![CDATA[9780380815586]]></isbn13>
  <asin><![CDATA[]]></asin>
  <kindle_asin><![CDATA[B00UG8RP2W]]></kindle_asin>
  <marketplace_id><![CDATA[A1F83G8C2ARO7P]]></marketplace_id>
  <country_code><![CDATA[GB]]></country_code>
  <image_url>https://images.gr-assets.com/books/1306208628m/110385.jpg</image_url>
  <small_image_url>https://images.gr-assets.com/books/1306208628s/110385.jpg</small_image_url>
  <publication_year>2001</publication_year>
  <publication_month>7</publication_month>
  <publication_day>1</publication_day>
  <publisher>Avon</publisher>
  <language_code>en-US</language_code>
  <is_ebook>false</is_ebook>
  <description><![CDATA[Will she accept the offer before the clock strikes midnight?<br /><br />Sophie Beckett never dreamed she'd be able to sneak into Lady Bridgerton's famed masquerade ball. Though the daughter of an earl, Sophie has been relegated to the role of servant by her disdainful stepmother. But now, waltzing in the strong arms of the debonair and devastatingly handsome Benedict Bridgerton, she feels like royalty. Alas, she knows all enchantments must end when the clock strikes midnight.<br /><br /><em>Who was that extraordinary woman?</em> Ever since that magical night, a radiant vision in silver has blinded Benedict to the attractions of any other— except, perhaps, this alluring and oddly familiar beauty dressed in housemaid's garb. He has sworn to find and wed his mystery miss, but this breathtaking maid makes him weak with wanting her. If he offers her his heart, will he sacrifice his only chance for a fairy-tale love?]]></description>
  <work>
  <id type="integer">846764</id>
  <books_count type="integer">46</books_count>
  <best_book_id type="integer">9408584</best_book_id>
  <reviews_count type="integer">39392</reviews_count>
  <ratings_sum type="integer">117845</ratings_sum>
  <ratings_count type="integer">28908</ratings_count>
  <text_reviews_count type="integer">1550</text_reviews_count>
  <original_publication_year type="integer">2001</original_publication_year>
  <original_publication_month type="integer">7</original_publication_month>
  <original_publication_day type="integer">1</original_publication_day>
  <original_title>An Offer From a Gentleman</original_title>
  <original_language_id type="integer" nil="true"/>
  <media_type>book</media_type>
  <rating_dist>5:10639|4:11164|3:5970|2:949|1:186|total:28908</rating_dist>
  <desc_user_id type="integer">4335426</desc_user_id>
  <default_chaptering_book_id type="integer" nil="true"/>
  <default_description_language_code nil="true"/>
</work>
  <average_rating>4.08</average_rating>
  <num_pages><![CDATA[358]]></num_pages>
  <format><![CDATA[Mass Market Paperback]]></format>
  <edition_information><![CDATA[]]></edition_information>
  <ratings_count><![CDATA[17402]]></ratings_count>
  <text_reviews_count><![CDATA[734]]></text_reviews_count>
  <url><![CDATA[https://www.goodreads.com/book/show/110385.An_Offer_From_a_Gentleman]]></url>
  <link><![CDATA[https://www.goodreads.com/book/show/110385.An_Offer_From_a_Gentleman]]></link>
  <authors>
<author>
<id>63898</id>
<name>Julia Quinn</name>
<role></role>
<image_url nophoto='false'>
<![CDATA[https://images.gr-assets.com/authors/1493243934p5/63898.jpg]]>
</image_url>
<small_image_url nophoto='false'>
<![CDATA[https://images.gr-assets.com/authors/1493243934p2/63898.jpg]]>
</small_image_url>
<link><![CDATA[https://www.goodreads.com/author/show/63898.Julia_Quinn]]></link>
<average_rating>3.98</average_rating>
<ratings_count>554325</ratings_count>
<text_reviews_count>29249</text_reviews_count>
</author>
</authors>

    <reviews_widget>
      <![CDATA[
        <style>
  #goodreads-widget {
    font-family: georgia, serif;
    padding: 18px 0;
    width:565px;
  }
  #goodreads-widget h1 {
    font-weight:normal;
    font-size: 16px;
    border-bottom: 1px solid #BBB596;
    margin-bottom: 0;
  }
  #goodreads-widget a {
    text-decoration: none;
    color:#660;
  }
  iframe{
    background-color: #fff;
  }
  #goodreads-widget a:hover { text-decoration: underline; }
  #goodreads-widget a:active {
    color:#660;
  }
  #gr_footer {
    width: 100%;
    border-top: 1px solid #BBB596;
    text-align: right;
  }
  #goodreads-widget .gr_branding{
    color: #382110;
    font-size: 11px;
    text-decoration: none;
    font-family: "Helvetica Neue", Helvetica, Arial, sans-serif;
  }
</style>
<div id="goodreads-widget">
  <div id="gr_header"><h1><a rel="nofollow" href="https://www.goodreads.com/book/show/110385.An_Offer_From_a_Gentleman">An Offer From a Gentleman Reviews</a></h1></div>
  <iframe id="the_iframe" src="https://www.goodreads.com/api/reviews_widget_iframe?did=DEVELOPER_ID&amp;format=html&amp;isbn=0380815583&amp;links=660&amp;min_rating=&amp;review_back=fff&amp;stars=000&amp;text=000" width="565" height="400" frameborder="0"></iframe>
  <div id="gr_footer">
    <a class="gr_branding" target="_blank" rel="nofollow" href="https://www.goodreads.com/book/show/110385.An_Offer_From_a_Gentleman?utm_medium=api&amp;utm_source=reviews_widget">Reviews from Goodreads.com</a>
  </div>
</div>

      ]]>
    </reviews_widget>
  <popular_shelves>
      <shelf name="to-read" count="1388"/>
      <shelf name="historical-romance" count="339"/>
      <shelf name="romance" count="301"/>
      <shelf name="regency" count="257"/>
      <shelf name="historical-fiction" count="226"/>
      <shelf name="regency-romance" count="149"/>
      <shelf name="currently-reading" count="137"/>
      <shelf name="historical" count="124"/>
      <shelf name="fiction" count="124"/>
      <shelf name="adult" count="122"/>
      <shelf name="romance-historical" count="96"/>
      <shelf name="favorites" count="79"/>
      <shelf name="owned" count="79"/>
      <shelf name="books-i-own" count="78"/>
      <shelf name="ebook" count="73"/>
      <shelf name="kindle" count="68"/>
      <shelf name="chick-lit" count="63"/>
      <shelf name="julia-quinn" count="51"/>
      <shelf name="england" count="47"/>
      <shelf name="bridgertons" count="45"/>
      <shelf name="ebooks" count="43"/>
      <shelf name="favourites" count="41"/>
      <shelf name="read-in-2016" count="35"/>
      <shelf name="fairy-tales" count="34"/>
      <shelf name="part-of-a-series" count="32"/>
      <shelf name="5-stars" count="30"/>
      <shelf name="humor" count="30"/>
      <shelf name="e-book" count="30"/>
      <shelf name="historical-romances" count="30"/>
      <shelf name="funny" count="30"/>
      <shelf name="default" count="29"/>
      <shelf name="library" count="29"/>
      <shelf name="bridgerton-series" count="29"/>
      <shelf name="hr" count="28"/>
      <shelf name="re-read" count="28"/>
      <shelf name="historicals" count="28"/>
      <shelf name="paperback" count="28"/>
      <shelf name="fairy-tale" count="27"/>
      <shelf name="quinn-julia" count="26"/>
      <shelf name="cinderella" count="26"/>
      <shelf name="series" count="25"/>
      <shelf name="4-stars" count="25"/>
      <shelf name="favorite" count="25"/>
      <shelf name="owned-books" count="23"/>
      <shelf name="romance-novels" count="23"/>
      <shelf name="read-in-2015" count="22"/>
      <shelf name="virgin-heroine" count="22"/>
      <shelf name="retellings" count="22"/>
      <shelf name="adult-fiction" count="22"/>
      <shelf name="read-in-2011" count="21"/>
      <shelf name="romance-regency" count="21"/>
      <shelf name="read-in-2014" count="20"/>
      <shelf name="historic-romance" count="20"/>
      <shelf name="e-books" count="20"/>
      <shelf name="historicalromance" count="20"/>
      <shelf name="read-2016" count="19"/>
      <shelf name="favorite-series" count="19"/>
      <shelf name="historical-regency" count="19"/>
      <shelf name="author-julia-quinn" count="18"/>
      <shelf name="read-in-2013" count="17"/>
      <shelf name="read-in-2012" count="17"/>
      <shelf name="library-book" count="17"/>
      <shelf name="my-books" count="17"/>
      <shelf name="guilty-pleasures" count="17"/>
      <shelf name="reread" count="17"/>
      <shelf name="1" count="16"/>
      <shelf name="guilty-pleasure" count="16"/>
      <shelf name="audiobook" count="15"/>
      <shelf name="read-in-2010" count="15"/>
      <shelf name="bridgerton" count="15"/>
      <shelf name="reviewed" count="15"/>
      <shelf name="i-own" count="15"/>
      <shelf name="romances" count="15"/>
      <shelf name="read-2015" count="14"/>
      <shelf name="part-of-series" count="14"/>
      <shelf name="adult-romance" count="14"/>
      <shelf name="favorite-author" count="14"/>
      <shelf name="favorite-authors" count="14"/>
      <shelf name="read-2014" count="13"/>
      <shelf name="retelling" count="13"/>
      <shelf name="family" count="13"/>
      <shelf name="history" count="13"/>
      <shelf name="m-f" count="13"/>
      <shelf name="fairytales" count="12"/>
      <shelf name="read-2013" count="12"/>
      <shelf name="3-stars" count="12"/>
      <shelf name="own-it" count="12"/>
      <shelf name="2016-reads" count="11"/>
      <shelf name="2013-reads" count="11"/>
      <shelf name="borrowed" count="11"/>
      <shelf name="humorous" count="11"/>
      <shelf name="novels" count="11"/>
      <shelf name="bridgertons-series" count="11"/>
      <shelf name="english" count="11"/>
      <shelf name="all-time-favorites" count="11"/>
      <shelf name="nook" count="11"/>
      <shelf name="regency-era" count="11"/>
      <shelf name="read-in-2009" count="11"/>
      <shelf name="keepers" count="11"/>
      <shelf name="favs" count="10"/>
  </popular_shelves>
  <book_links>
    <book_link>
  <id>8</id>
  <name>Libraries</name>
  <link>https://www.goodreads.com/book_link/follow/8</link>
</book_link>

  </book_links>
  <buy_links>
    <buy_link>
<id>1</id>
<name>Amazon</name>
<link>https://www.goodreads.com/book_link/follow/1</link>
</buy_link>
<buy_link>
<id>10</id>
<name>Audible</name>
<link>https://www.goodreads.com/book_link/follow/10</link>
</buy_link>
<buy_link>
<id>3</id>
<name>Barnes &amp; Noble</name>
<link>https://www.goodreads.com/book_link/follow/3</link>
</buy_link>
<buy_link>
<id>1027</id>
<name>Kobo</name>
<link>https://www.goodreads.com/book_link/follow/1027</link>
</buy_link>
<buy_link>
<id>2102</id>
<name>Apple iBooks</name>
<link>https://www.goodreads.com/book_link/follow/2102</link>
</buy_link>
<buy_link>
<id>8036</id>
<name>Google Play</name>
<link>https://www.goodreads.com/book_link/follow/8036</link>
</buy_link>
<buy_link>
<id>4</id>
<name>Abebooks</name>
<link>https://www.goodreads.com/book_link/follow/4</link>
</buy_link>
<buy_link>
<id>882</id>
<name>Book Depository</name>
<link>https://www.goodreads.com/book_link/follow/882</link>
</buy_link>
<buy_link>
<id>9</id>
<name>Indigo</name>
<link>https://www.goodreads.com/book_link/follow/9</link>
</buy_link>
<buy_link>
<id>2</id>
<name>Half.com</name>
<link>https://www.goodreads.com/book_link/follow/2</link>
</buy_link>
<buy_link>
<id>5</id>
<name>Alibris</name>
<link>https://www.goodreads.com/book_link/follow/5</link>
</buy_link>
<buy_link>
<id>107</id>
<name>Better World Books</name>
<link>https://www.goodreads.com/book_link/follow/107</link>
</buy_link>
<buy_link>
<id>7</id>
<name>IndieBound</name>
<link>https://www.goodreads.com/book_link/follow/7</link>
</buy_link>

  </buy_links>
  <series_works>
    <series_work>
<id>153046</id>
<user_position>3</user_position>
<series>
<id>40393</id>
<title>
<![CDATA[
    Bridgertons
]]>
</title>
<description>
<![CDATA[
    Regency romance. See also <a href="http://www.goodreads.com/series/51906-lady-whistledown">The Lady Whistledown</a> story collections, and the new <a href="https://www.goodreads.com/series/165625">Rokesbys</a> prequel series.
]]>
</description>
<note>
<![CDATA[
]]>
</note>
<series_works_count>20</series_works_count>
<primary_work_count>8</primary_work_count>
<numbered>true</numbered>
</series>

</series_work>

  </series_works>
  <similar_books>
          <book>
<id>7198269</id>
<title><![CDATA[Married By Morning (The Hathaways, #4)]]></title>
<title_without_series>Married By Morning</title_without_series>
<link><![CDATA[https://www.goodreads.com/book/show/7198269-married-by-morning]]></link>
<small_image_url><![CDATA[https://images.gr-assets.com/books/1380326600s/7198269.jpg]]></small_image_url>
<image_url><![CDATA[https://images.gr-assets.com/books/1380326600m/7198269.jpg]]></image_url>
<num_pages>341</num_pages>
<work>
<id>7178698</id>
</work>
<isbn>0312605382</isbn>
<isbn13>9780312605384</isbn13>
<average_rating>4.14</average_rating>
<ratings_count>24631</ratings_count>
<publication_year>2010</publication_year>
<publication_month>5</publication_month>
<publication_day>25</publication_day>
<authors>
<author>
<id>27847</id>
<name>Lisa Kleypas</name>
<link><![CDATA[https://www.goodreads.com/author/show/27847.Lisa_Kleypas]]></link>
</author>
</authors>
</book>

          <book>
<id>833923</id>
<title><![CDATA[England's Perfect Hero (Lessons in Love, #3)]]></title>
<title_without_series>England&apos;s Perfect Hero</title_without_series>
<link><![CDATA[https://www.goodreads.com/book/show/833923.England_s_Perfect_Hero]]></link>
<small_image_url><![CDATA[https://images.gr-assets.com/books/1331516514s/833923.jpg]]></small_image_url>
<image_url><![CDATA[https://images.gr-assets.com/books/1331516514m/833923.jpg]]></image_url>
<num_pages>374</num_pages>
<work>
<id>2556108</id>
</work>
<isbn>0060543132</isbn>
<isbn13>9780060543136</isbn13>
<average_rating>4.08</average_rating>
<ratings_count>5395</ratings_count>
<publication_year>2004</publication_year>
<publication_month>2</publication_month>
<publication_day>24</publication_day>
<authors>
<author>
<id>23294</id>
<name>Suzanne Enoch</name>
<link><![CDATA[https://www.goodreads.com/author/show/23294.Suzanne_Enoch]]></link>
</author>
</authors>
</book>

          <book>
<id>37346</id>
<title><![CDATA[Slightly Wicked (Bedwyn Saga, #2)]]></title>
<title_without_series>Slightly Wicked</title_without_series>
<link><![CDATA[https://www.goodreads.com/book/show/37346.Slightly_Wicked]]></link>
<small_image_url><![CDATA[https://s.gr-assets.com/assets/nophoto/book/50x75-a91bf249278a81aabab721ef782c4a74.png]]></small_image_url>
<image_url><![CDATA[https://s.gr-assets.com/assets/nophoto/book/111x148-bcc042a9c91a29c1d680899eff700a03.png]]></image_url>
<num_pages>342</num_pages>
<work>
<id>1322475</id>
</work>
<isbn>0440241057</isbn>
<isbn13>9780440241058</isbn13>
<average_rating>3.99</average_rating>
<ratings_count>7736</ratings_count>
<publication_year>2011</publication_year>
<publication_month>10</publication_month>
<publication_day></publication_day>
<authors>
<author>
<id>9759</id>
<name>Mary Balogh</name>
<link><![CDATA[https://www.goodreads.com/author/show/9759.Mary_Balogh]]></link>
</author>
</authors>
</book>

          <book>
<id>7781699</id>
<title><![CDATA[Ten Ways to Be Adored When Landing a Lord (Love By Numbers, #2)]]></title>
<title_without_series><![CDATA[Ten Ways to Be Adored When Landing a Lord]]></title_without_series>
<link><![CDATA[https://www.goodreads.com/book/show/7781699-ten-ways-to-be-adored-when-landing-a-lord]]></link>
<small_image_url><![CDATA[https://images.gr-assets.com/books/1322231419s/7781699.jpg]]></small_image_url>
<image_url><![CDATA[https://images.gr-assets.com/books/1322231419m/7781699.jpg]]></image_url>
<num_pages>384</num_pages>
<work>
<id>10706071</id>
</work>
<isbn>0061852066</isbn>
<isbn13>9780061852060</isbn13>
<average_rating>3.91</average_rating>
<ratings_count>14272</ratings_count>
<publication_year>2010</publication_year>
<publication_month>10</publication_month>
<publication_day>26</publication_day>
<authors>
<author>
<id>1598076</id>
<name>Sarah MacLean</name>
<link><![CDATA[https://www.goodreads.com/author/show/1598076.Sarah_MacLean]]></link>
</author>
</authors>
</book>

          <book>
<id>1264115</id>
<title><![CDATA[To Pleasure a Prince (Royal Brotherhood, #2)]]></title>
<title_without_series>To Pleasure a Prince</title_without_series>
<link><![CDATA[https://www.goodreads.com/book/show/1264115.To_Pleasure_a_Prince]]></link>
<small_image_url><![CDATA[https://s.gr-assets.com/assets/nophoto/book/50x75-a91bf249278a81aabab721ef782c4a74.png]]></small_image_url>
<image_url><![CDATA[https://s.gr-assets.com/assets/nophoto/book/111x148-bcc042a9c91a29c1d680899eff700a03.png]]></image_url>
<num_pages>364</num_pages>
<work>
<id>26220950</id>
</work>
<isbn>0743477715</isbn>
<isbn13>9780743477710</isbn13>
<average_rating>4.04</average_rating>
<ratings_count>4730</ratings_count>
<publication_year>2005</publication_year>
<publication_month>3</publication_month>
<publication_day>1</publication_day>
<authors>
<author>
<id>50886</id>
<name>Sabrina Jeffries</name>
<link><![CDATA[https://www.goodreads.com/author/show/50886.Sabrina_Jeffries]]></link>
</author>
</authors>
</book>

          <book>
<id>15724338</id>
<title><![CDATA[Any Duchess Will Do (Spindle Cove, #4)]]></title>
<title_without_series>Any Duchess Will Do</title_without_series>
<link><![CDATA[https://www.goodreads.com/book/show/15724338-any-duchess-will-do]]></link>
<small_image_url><![CDATA[https://images.gr-assets.com/books/1357240391s/15724338.jpg]]></small_image_url>
<image_url><![CDATA[https://images.gr-assets.com/books/1357240391m/15724338.jpg]]></image_url>
<num_pages>375</num_pages>
<work>
<id>21399879</id>
</work>
<isbn>0062240129</isbn>
<isbn13>9780062240125</isbn13>
<average_rating>4.06</average_rating>
<ratings_count>11671</ratings_count>
<publication_year>2013</publication_year>
<publication_month>5</publication_month>
<publication_day>28</publication_day>
<authors>
<author>
<id>2752928</id>
<name>Tessa Dare</name>
<link><![CDATA[https://www.goodreads.com/author/show/2752928.Tessa_Dare]]></link>
</author>
</authors>
</book>

          <book>
<id>958535</id>
<title><![CDATA[The Duke (Knight Miscellany, #1)]]></title>
<title_without_series>The Duke</title_without_series>
<link><![CDATA[https://www.goodreads.com/book/show/958535.The_Duke]]></link>
<small_image_url><![CDATA[https://images.gr-assets.com/books/1403192132s/958535.jpg]]></small_image_url>
<image_url><![CDATA[https://images.gr-assets.com/books/1403192132m/958535.jpg]]></image_url>
<num_pages>396</num_pages>
<work>
<id>1104093</id>
</work>
<isbn>0449006360</isbn>
<isbn13>9780449006368</isbn13>
<average_rating>4.02</average_rating>
<ratings_count>8936</ratings_count>
<publication_year>2000</publication_year>
<publication_month>11</publication_month>
<publication_day>28</publication_day>
<authors>
<author>
<id>83086</id>
<name>Gaelen Foley</name>
<link><![CDATA[https://www.goodreads.com/author/show/83086.Gaelen_Foley]]></link>
</author>
</authors>
</book>

          <book>
<id>156565</id>
<title><![CDATA[The Leopard Prince (Princes Trilogy, #2)]]></title>
<title_without_series>The Leopard Prince</title_without_series>
<link><![CDATA[https://www.goodreads.com/book/show/156565.The_Leopard_Prince]]></link>
<small_image_url><![CDATA[https://images.gr-assets.com/books/1311811634s/156565.jpg]]></small_image_url>
<image_url><![CDATA[https://images.gr-assets.com/books/1311811634m/156565.jpg]]></image_url>
<num_pages>372</num_pages>
<work>
<id>2673256</id>
</work>
<isbn>0446618489</isbn>
<isbn13>9780446618489</isbn13>
<average_rating>3.91</average_rating>
<ratings_count>7608</ratings_count>
<publication_year></publication_year>
<publication_month></publication_month>
<publication_day></publication_day>
<authors>
<author>
<id>16202</id>
<name>Elizabeth Hoyt</name>
<link><![CDATA[https://www.goodreads.com/author/show/16202.Elizabeth_Hoyt]]></link>
</author>
</authors>
</book>

  </similar_books>
</book>

</GoodreadsResponse>