<?xml version="1.0" encoding="UTF-8"?>
<GoodreadsResponse>
  <Request>
    <authentication>true</authentication>
      <key><![CDATA[all_men_must_serve]]></key>
    <method><![CDATA[book_show]]></method>
  </Request>
  <book>
  <id>110494</id>
  <title><![CDATA[Living Dead in Dallas (Sookie Stackhouse, #2)]]></title>
  <isbn><![CDATA[1841493007]]></isbn>
  <isbn13><![CDATA[9781841493008]]></isbn13>
  <asin><![CDATA[]]></asin>
  <kindle_asin><![CDATA[B00374723E]]></kindle_asin>
  <marketplace_id><![CDATA[A1F83G8C2ARO7P]]></marketplace_id>
  <country_code><![CDATA[GB]]></country_code>
  <image_url>https://images.gr-assets.com/books/1329501808m/110494.jpg</image_url>
  <small_image_url>https://images.gr-assets.com/books/1329501808s/110494.jpg</small_image_url>
  <publication_year>2004</publication_year>
  <publication_month>4</publication_month>
  <publication_day>1</publication_day>
  <publisher>Orbit</publisher>
  <language_code>eng</language_code>
  <is_ebook>false</is_ebook>
  <description><![CDATA[Cocktail waitress Sookie Stackhouse is having a streak of bad luck. First her co-worker is killed, and no one seems to care. Then she comes face to-face with a beastly creature that gives her a painful and poisonous lashing. Enter the vampires, who graciously suck the poison from her veins (like they didn't enjoy it).<br /><br />The point is: they saved her life. So when one of the bloodsuckers asks for a favor, she obliges - and soon Sookie's in Dallas, using her telepathic skills to search for a missing vampire. She's supposed to interview certain humans involved, but she makes one condition: the vampires must promise to behave and let the humans go unharmed. But that's easier said than done, and all it takes is one delicious blonde and one small mistake for things to turn deadly....]]></description>
  <work>
  <id type="integer">738775</id>
  <books_count type="integer">97</books_count>
  <best_book_id type="integer">110494</best_book_id>
  <reviews_count type="integer">271286</reviews_count>
  <ratings_sum type="integer">832295</ratings_sum>
  <ratings_count type="integer">209406</ratings_count>
  <text_reviews_count type="integer">6392</text_reviews_count>
  <original_publication_year type="integer">2002</original_publication_year>
  <original_publication_month type="integer">4</original_publication_month>
  <original_publication_day type="integer" nil="true"/>
  <original_title>Living Dead in Dallas</original_title>
  <original_language_id type="integer" nil="true"/>
  <media_type>book</media_type>
  <rating_dist>5:67192|4:81621|3:50242|2:8774|1:1577|total:209406</rating_dist>
  <desc_user_id type="integer">8654954</desc_user_id>
  <default_chaptering_book_id type="integer" nil="true"/>
  <default_description_language_code nil="true"/>
</work>
  <average_rating>3.97</average_rating>
  <num_pages><![CDATA[291]]></num_pages>
  <format><![CDATA[Mass Market Paperback]]></format>
  <edition_information><![CDATA[]]></edition_information>
  <ratings_count><![CDATA[190625]]></ratings_count>
  <text_reviews_count><![CDATA[4950]]></text_reviews_count>
  <url><![CDATA[https://www.goodreads.com/book/show/110494.Living_Dead_in_Dallas]]></url>
  <link><![CDATA[https://www.goodreads.com/book/show/110494.Living_Dead_in_Dallas]]></link>
  <authors>
<author>
<id>17061</id>
<name>Charlaine Harris</name>
<role></role>
<image_url nophoto='false'>
<![CDATA[https://images.gr-assets.com/authors/1399317093p5/17061.jpg]]>
</image_url>
<small_image_url nophoto='false'>
<![CDATA[https://images.gr-assets.com/authors/1399317093p2/17061.jpg]]>
</small_image_url>
<link><![CDATA[https://www.goodreads.com/author/show/17061.Charlaine_Harris]]></link>
<average_rating>3.94</average_rating>
<ratings_count>2916223</ratings_count>
<text_reviews_count>114584</text_reviews_count>
</author>
</authors>

    <reviews_widget>
      <![CDATA[
        <style>
  #goodreads-widget {
    font-family: georgia, serif;
    padding: 18px 0;
    width:565px;
  }
  #goodreads-widget h1 {
    font-weight:normal;
    font-size: 16px;
    border-bottom: 1px solid #BBB596;
    margin-bottom: 0;
  }
  #goodreads-widget a {
    text-decoration: none;
    color:#660;
  }
  iframe{
    background-color: #fff;
  }
  #goodreads-widget a:hover { text-decoration: underline; }
  #goodreads-widget a:active {
    color:#660;
  }
  #gr_footer {
    width: 100%;
    border-top: 1px solid #BBB596;
    text-align: right;
  }
  #goodreads-widget .gr_branding{
    color: #382110;
    font-size: 11px;
    text-decoration: none;
    font-family: "Helvetica Neue", Helvetica, Arial, sans-serif;
  }
</style>
<div id="goodreads-widget">
  <div id="gr_header"><h1><a rel="nofollow" href="https://www.goodreads.com/book/show/110494.Living_Dead_in_Dallas">Living Dead in Dallas Reviews</a></h1></div>
  <iframe id="the_iframe" src="https://www.goodreads.com/api/reviews_widget_iframe?did=DEVELOPER_ID&amp;format=html&amp;isbn=1841493007&amp;links=660&amp;min_rating=&amp;review_back=fff&amp;stars=000&amp;text=000" width="565" height="400" frameborder="0"></iframe>
  <div id="gr_footer">
    <a class="gr_branding" target="_blank" rel="nofollow" href="https://www.goodreads.com/book/show/110494.Living_Dead_in_Dallas?utm_medium=api&amp;utm_source=reviews_widget">Reviews from Goodreads.com</a>
  </div>
</div>

      ]]>
    </reviews_widget>
  <popular_shelves>
      <shelf name="to-read" count="20265"/>
      <shelf name="fantasy" count="3049"/>
      <shelf name="vampires" count="2935"/>
      <shelf name="paranormal" count="2149"/>
      <shelf name="urban-fantasy" count="1655"/>
      <shelf name="fiction" count="1425"/>
      <shelf name="romance" count="1392"/>
      <shelf name="currently-reading" count="1304"/>
      <shelf name="mystery" count="1196"/>
      <shelf name="vampire" count="1183"/>
      <shelf name="paranormal-romance" count="906"/>
      <shelf name="series" count="882"/>
      <shelf name="books-i-own" count="847"/>
      <shelf name="favorites" count="784"/>
      <shelf name="supernatural" count="782"/>
      <shelf name="charlaine-harris" count="761"/>
      <shelf name="sookie-stackhouse" count="751"/>
      <shelf name="owned" count="560"/>
      <shelf name="adult" count="451"/>
      <shelf name="horror" count="372"/>
      <shelf name="default" count="262"/>
      <shelf name="sookie" count="239"/>
      <shelf name="chick-lit" count="239"/>
      <shelf name="werewolves" count="229"/>
      <shelf name="kindle" count="221"/>
      <shelf name="owned-books" count="203"/>
      <shelf name="sci-fi-fantasy" count="200"/>
      <shelf name="séries" count="191"/>
      <shelf name="true-blood" count="187"/>
      <shelf name="sookie-stackhouse-series" count="178"/>
      <shelf name="read-in-2009" count="174"/>
      <shelf name="adult-fiction" count="168"/>
      <shelf name="vamps" count="167"/>
      <shelf name="audiobook" count="163"/>
      <shelf name="ebook" count="159"/>
      <shelf name="read-in-2010" count="156"/>
      <shelf name="audiobooks" count="151"/>
      <shelf name="my-books" count="148"/>
      <shelf name="shapeshifters" count="147"/>
      <shelf name="shifters" count="144"/>
      <shelf name="library" count="141"/>
      <shelf name="i-own" count="140"/>
      <shelf name="guilty-pleasures" count="138"/>
      <shelf name="contemporary" count="133"/>
      <shelf name="ebooks" count="123"/>
      <shelf name="read-in-2011" count="122"/>
      <shelf name="pnr" count="113"/>
      <shelf name="my-library" count="113"/>
      <shelf name="fantasy-sci-fi" count="105"/>
      <shelf name="read-in-2012" count="103"/>
      <shelf name="audio" count="102"/>
      <shelf name="magic" count="95"/>
      <shelf name="harris-charlaine" count="94"/>
      <shelf name="vampire-books" count="92"/>
      <shelf name="mysteries" count="88"/>
      <shelf name="paranormal-fantasy" count="86"/>
      <shelf name="sci-fi" count="85"/>
      <shelf name="fantasy-paranormal" count="84"/>
      <shelf name="scifi-fantasy" count="84"/>
      <shelf name="paperback" count="81"/>
      <shelf name="own-it" count="80"/>
      <shelf name="re-read" count="78"/>
      <shelf name="humor" count="78"/>
      <shelf name="read-2009" count="72"/>
      <shelf name="southern" count="72"/>
      <shelf name="young-adult" count="71"/>
      <shelf name="fae" count="68"/>
      <shelf name="guilty-pleasure" count="68"/>
      <shelf name="borrowed" count="67"/>
      <shelf name="part-of-a-series" count="65"/>
      <shelf name="vampire-fiction" count="65"/>
      <shelf name="read-2010" count="61"/>
      <shelf name="science-fiction" count="58"/>
      <shelf name="read-in-2013" count="56"/>
      <shelf name="4-stars" count="56"/>
      <shelf name="favourites" count="56"/>
      <shelf name="audible" count="55"/>
      <shelf name="read-2011" count="54"/>
      <shelf name="harris" count="54"/>
      <shelf name="american" count="54"/>
      <shelf name="fluff" count="54"/>
      <shelf name="mystery-thriller" count="54"/>
      <shelf name="books" count="52"/>
      <shelf name="have" count="52"/>
      <shelf name="witches" count="52"/>
      <shelf name="e-books" count="51"/>
      <shelf name="shelfari-favorites" count="50"/>
      <shelf name="science-fiction-fantasy" count="50"/>
      <shelf name="novels" count="49"/>
      <shelf name="e-book" count="48"/>
      <shelf name="vampire-romance" count="47"/>
      <shelf name="paranormal-fiction" count="47"/>
      <shelf name="audio-books" count="46"/>
      <shelf name="suspense" count="46"/>
      <shelf name="english" count="45"/>
      <shelf name="read-2012" count="44"/>
      <shelf name="mystery-suspense" count="44"/>
      <shelf name="paranormal-urban-fantasy" count="43"/>
      <shelf name="crime" count="43"/>
      <shelf name="read-in-2014" count="42"/>
  </popular_shelves>
  <book_links>
    <book_link>
  <id>8</id>
  <name>Libraries</name>
  <link>https://www.goodreads.com/book_link/follow/8</link>
</book_link>

  </book_links>
  <buy_links>
    <buy_link>
<id>1</id>
<name>Amazon</name>
<link>https://www.goodreads.com/book_link/follow/1</link>
</buy_link>
<buy_link>
<id>10</id>
<name>Audible</name>
<link>https://www.goodreads.com/book_link/follow/10</link>
</buy_link>
<buy_link>
<id>3</id>
<name>Barnes &amp; Noble</name>
<link>https://www.goodreads.com/book_link/follow/3</link>
</buy_link>
<buy_link>
<id>1027</id>
<name>Kobo</name>
<link>https://www.goodreads.com/book_link/follow/1027</link>
</buy_link>
<buy_link>
<id>2102</id>
<name>Apple iBooks</name>
<link>https://www.goodreads.com/book_link/follow/2102</link>
</buy_link>
<buy_link>
<id>8036</id>
<name>Google Play</name>
<link>https://www.goodreads.com/book_link/follow/8036</link>
</buy_link>
<buy_link>
<id>4</id>
<name>Abebooks</name>
<link>https://www.goodreads.com/book_link/follow/4</link>
</buy_link>
<buy_link>
<id>882</id>
<name>Book Depository</name>
<link>https://www.goodreads.com/book_link/follow/882</link>
</buy_link>
<buy_link>
<id>9</id>
<name>Indigo</name>
<link>https://www.goodreads.com/book_link/follow/9</link>
</buy_link>
<buy_link>
<id>2</id>
<name>Half.com</name>
<link>https://www.goodreads.com/book_link/follow/2</link>
</buy_link>
<buy_link>
<id>5</id>
<name>Alibris</name>
<link>https://www.goodreads.com/book_link/follow/5</link>
</buy_link>
<buy_link>
<id>107</id>
<name>Better World Books</name>
<link>https://www.goodreads.com/book_link/follow/107</link>
</buy_link>
<buy_link>
<id>7</id>
<name>IndieBound</name>
<link>https://www.goodreads.com/book_link/follow/7</link>
</buy_link>

  </buy_links>
  <series_works>
    <series_work>
<id>152096</id>
<user_position>2</user_position>
<series>
<id>42636</id>
<title>
<![CDATA[
    Sookie Stackhouse
]]>
</title>
<description>
<![CDATA[
    The Southern Vampire Mysteries (short stories and novellas) can be found<a href="https://www.goodreads.com/series/134191-the-southern-vampire-mysteries-short-stories-and-novellas"> here</a>
    
    Also known as:
    * The Sookie Stackhouse Novels
    * The Southern Vampire Mysteries
    * True Blood (TV show's title)
    * La Communauté du Sud (FR)
    
    The Sookie Stackhouse Novels, also known as The Southern Vampire Mysteries, is a series of books written by bestselling author Charlaine Harris that were first published in 2001 and now serve as the source material for the HBO television series True Blood.
    
    The series is narrated in first person perspective by Sookie Stackhouse. She is a waitress and a telepath in the fictional town of Bon Temps, Louisiana. The first book in the series, Dead Until Dark, won the Anthony Award for Best Paperback Mystery in 2001. The recently released thirteenth book, "Dead Ever After", is the final book in the series.
    
    Please note: Each book in this series is a whole story with a beginning and an ending, however the plot of each book relies heavily on the prior books in the series. It is recommended that you read the full length novels in the order they were published.
]]>
</description>
<note>
<![CDATA[
    Short Stories in the order in which they occur in Sookie’s life: 
    
    * “Fairy Dust” (from Powers of Detection) after the events in Dead to the World
    * “Dracula Night” (from Many Bloody Returns) before the action of Dead as a Doornail
    * “One Word Answer” (from Bite) after Dead as a Doornail
    * “Lucky” (from Unusual Suspects ) after All Together Dead
    * “Gift Wrap” (from Wolfsbane and Mistletoe) before Dead and Gone
]]>
</note>
<series_works_count>35</series_works_count>
<primary_work_count>13</primary_work_count>
<numbered>true</numbered>
</series>

</series_work>

  </series_works>
  <similar_books>
          <book>
<id>3570231</id>
<title><![CDATA[At Grave's End (Night Huntress, #3)]]></title>
<title_without_series>At Grave&apos;s End</title_without_series>
<link><![CDATA[https://www.goodreads.com/book/show/3570231-at-grave-s-end]]></link>
<small_image_url><![CDATA[https://images.gr-assets.com/books/1448167943s/3570231.jpg]]></small_image_url>
<image_url><![CDATA[https://images.gr-assets.com/books/1448167943m/3570231.jpg]]></image_url>
<num_pages>342</num_pages>
<work>
<id>3612435</id>
</work>
<isbn>0061583073</isbn>
<isbn13>9780061583070</isbn13>
<average_rating>4.31</average_rating>
<ratings_count>69854</ratings_count>
<publication_year>2009</publication_year>
<publication_month>1</publication_month>
<publication_day>1</publication_day>
<authors>
<author>
<id>669810</id>
<name>Jeaniene Frost</name>
<link><![CDATA[https://www.goodreads.com/author/show/669810.Jeaniene_Frost]]></link>
</author>
</authors>
</book>

          <book>
<id>478659</id>
<title><![CDATA[Undead and Unpopular (Undead, #5)]]></title>
<title_without_series>Undead and Unpopular</title_without_series>
<link><![CDATA[https://www.goodreads.com/book/show/478659.Undead_and_Unpopular]]></link>
<small_image_url><![CDATA[https://images.gr-assets.com/books/1362695342s/478659.jpg]]></small_image_url>
<image_url><![CDATA[https://images.gr-assets.com/books/1362695342m/478659.jpg]]></image_url>
<num_pages>286</num_pages>
<work>
<id>1239001</id>
</work>
<isbn>0425215997</isbn>
<isbn13>9780425215999</isbn13>
<average_rating>3.84</average_rating>
<ratings_count>16659</ratings_count>
<publication_year>2007</publication_year>
<publication_month>5</publication_month>
<publication_day>1</publication_day>
<authors>
<author>
<id>1429808</id>
<name>MaryJanice Davidson</name>
<link><![CDATA[https://www.goodreads.com/author/show/1429808.MaryJanice_Davidson]]></link>
</author>
</authors>
</book>

          <book>
<id>15309</id>
<title><![CDATA[The Laughing Corpse (Anita Blake, Vampire Hunter, #2)]]></title>
<title_without_series>The Laughing Corpse</title_without_series>
<link><![CDATA[https://www.goodreads.com/book/show/15309.The_Laughing_Corpse]]></link>
<small_image_url><![CDATA[https://s.gr-assets.com/assets/nophoto/book/50x75-a91bf249278a81aabab721ef782c4a74.png]]></small_image_url>
<image_url><![CDATA[https://s.gr-assets.com/assets/nophoto/book/111x148-bcc042a9c91a29c1d680899eff700a03.png]]></image_url>
<num_pages>301</num_pages>
<work>
<id>2428162</id>
</work>
<isbn>0425204669</isbn>
<isbn13>9780425204665</isbn13>
<average_rating>4.11</average_rating>
<ratings_count>69346</ratings_count>
<publication_year>2005</publication_year>
<publication_month>8</publication_month>
<publication_day>2</publication_day>
<authors>
<author>
<id>9550</id>
<name>Laurell K. Hamilton</name>
<link><![CDATA[https://www.goodreads.com/author/show/9550.Laurell_K_Hamilton]]></link>
</author>
</authors>
</book>

          <book>
<id>1412138</id>
<title><![CDATA[Iron Kissed (Mercy Thompson, #3)]]></title>
<title_without_series>Iron Kissed</title_without_series>
<link><![CDATA[https://www.goodreads.com/book/show/1412138.Iron_Kissed]]></link>
<small_image_url><![CDATA[https://images.gr-assets.com/books/1358229529s/1412138.jpg]]></small_image_url>
<image_url><![CDATA[https://images.gr-assets.com/books/1358229529m/1412138.jpg]]></image_url>
<num_pages>287</num_pages>
<work>
<id>1178926</id>
</work>
<isbn>0441015662</isbn>
<isbn13>9780441015665</isbn13>
<average_rating>4.36</average_rating>
<ratings_count>88501</ratings_count>
<publication_year></publication_year>
<publication_month></publication_month>
<publication_day></publication_day>
<authors>
<author>
<id>40563</id>
<name>Patricia Briggs</name>
<link><![CDATA[https://www.goodreads.com/author/show/40563.Patricia_Briggs]]></link>
</author>
</authors>
</book>

          <book>
<id>6547188</id>
<title><![CDATA[Black Magic Sanction (The Hollows, #8)]]></title>
<title_without_series>Black Magic Sanction</title_without_series>
<link><![CDATA[https://www.goodreads.com/book/show/6547188-black-magic-sanction]]></link>
<small_image_url><![CDATA[https://images.gr-assets.com/books/1310918991s/6547188.jpg]]></small_image_url>
<image_url><![CDATA[https://images.gr-assets.com/books/1310918991m/6547188.jpg]]></image_url>
<num_pages>487</num_pages>
<work>
<id>6739626</id>
</work>
<isbn>0061138037</isbn>
<isbn13>9780061138034</isbn13>
<average_rating>4.39</average_rating>
<ratings_count>39283</ratings_count>
<publication_year>2010</publication_year>
<publication_month>2</publication_month>
<publication_day>23</publication_day>
<authors>
<author>
<id>17054</id>
<name>Kim Harrison</name>
<link><![CDATA[https://www.goodreads.com/author/show/17054.Kim_Harrison]]></link>
</author>
</authors>
</book>

          <book>
<id>1088892</id>
<title><![CDATA[Biting the Bullet (Jaz Parks, #3)]]></title>
<title_without_series>Biting the Bullet</title_without_series>
<link><![CDATA[https://www.goodreads.com/book/show/1088892.Biting_the_Bullet]]></link>
<small_image_url><![CDATA[https://s.gr-assets.com/assets/nophoto/book/50x75-a91bf249278a81aabab721ef782c4a74.png]]></small_image_url>
<image_url><![CDATA[https://s.gr-assets.com/assets/nophoto/book/111x148-bcc042a9c91a29c1d680899eff700a03.png]]></image_url>
<num_pages>314</num_pages>
<work>
<id>3247694</id>
</work>
<isbn>0316020583</isbn>
<isbn13>9780316020589</isbn13>
<average_rating>4.00</average_rating>
<ratings_count>5167</ratings_count>
<publication_year></publication_year>
<publication_month></publication_month>
<publication_day></publication_day>
<authors>
<author>
<id>477469</id>
<name>Jennifer Rardin</name>
<link><![CDATA[https://www.goodreads.com/author/show/477469.Jennifer_Rardin]]></link>
</author>
</authors>
</book>

          <book>
<id>2702704</id>
<title>Faefever (Fever, #3)</title>
<title_without_series>Faefever</title_without_series>
<link><![CDATA[https://www.goodreads.com/book/show/2702704-faefever]]></link>
<small_image_url><![CDATA[https://s.gr-assets.com/assets/nophoto/book/50x75-a91bf249278a81aabab721ef782c4a74.png]]></small_image_url>
<image_url><![CDATA[https://s.gr-assets.com/assets/nophoto/book/111x148-bcc042a9c91a29c1d680899eff700a03.png]]></image_url>
<num_pages>327</num_pages>
<work>
<id>2728068</id>
</work>
<isbn>0385341636</isbn>
<isbn13>9780385341639</isbn13>
<average_rating>4.34</average_rating>
<ratings_count>76728</ratings_count>
<publication_year></publication_year>
<publication_month></publication_month>
<publication_day></publication_day>
<authors>
<author>
<id>48206</id>
<name>Karen Marie Moning</name>
<link><![CDATA[https://www.goodreads.com/author/show/48206.Karen_Marie_Moning]]></link>
</author>
</authors>
</book>

          <book>
<id>338122</id>
<title><![CDATA[Blood Trail (Vicki Nelson, #2)]]></title>
<title_without_series>Blood Trail</title_without_series>
<link><![CDATA[https://www.goodreads.com/book/show/338122.Blood_Trail]]></link>
<small_image_url><![CDATA[https://s.gr-assets.com/assets/nophoto/book/50x75-a91bf249278a81aabab721ef782c4a74.png]]></small_image_url>
<image_url><![CDATA[https://s.gr-assets.com/assets/nophoto/book/111x148-bcc042a9c91a29c1d680899eff700a03.png]]></image_url>
<num_pages>352</num_pages>
<work>
<id>748249</id>
</work>
<isbn>1841493570</isbn>
<isbn13>9781841493572</isbn13>
<average_rating>3.80</average_rating>
<ratings_count>5634</ratings_count>
<publication_year></publication_year>
<publication_month></publication_month>
<publication_day></publication_day>
<authors>
<author>
<id>1967</id>
<name>Tanya Huff</name>
<link><![CDATA[https://www.goodreads.com/author/show/1967.Tanya_Huff]]></link>
</author>
</authors>
</book>

          <book>
<id>3395318</id>
<title><![CDATA[Unusual Suspects: Stories of Mystery & Fantasy]]></title>
<title_without_series><![CDATA[Unusual Suspects: Stories of Mystery & Fantasy]]></title_without_series>
<link><![CDATA[https://www.goodreads.com/book/show/3395318-unusual-suspects]]></link>
<small_image_url><![CDATA[https://s.gr-assets.com/assets/nophoto/book/50x75-a91bf249278a81aabab721ef782c4a74.png]]></small_image_url>
<image_url><![CDATA[https://s.gr-assets.com/assets/nophoto/book/111x148-bcc042a9c91a29c1d680899eff700a03.png]]></image_url>
<num_pages>306</num_pages>
<work>
<id>3435306</id>
</work>
<isbn>0441016375</isbn>
<isbn13>9780441016372</isbn13>
<average_rating>3.74</average_rating>
<ratings_count>2016</ratings_count>
<publication_year></publication_year>
<publication_month></publication_month>
<publication_day></publication_day>
<authors>
<author>
<id>158170</id>
<name>Dana Stabenow</name>
<link><![CDATA[https://www.goodreads.com/author/show/158170.Dana_Stabenow]]></link>
</author>
</authors>
</book>

          <book>
<id>1316617</id>
<title><![CDATA[Succubus on Top (Georgina Kincaid, #2)]]></title>
<title_without_series>Succubus on Top</title_without_series>
<link><![CDATA[https://www.goodreads.com/book/show/1316617.Succubus_on_Top]]></link>
<small_image_url><![CDATA[https://images.gr-assets.com/books/1315977158s/1316617.jpg]]></small_image_url>
<image_url><![CDATA[https://images.gr-assets.com/books/1315977158m/1316617.jpg]]></image_url>
<num_pages>314</num_pages>
<work>
<id>1305924</id>
</work>
<isbn>0758216424</isbn>
<isbn13>9780758216427</isbn13>
<average_rating>4.07</average_rating>
<ratings_count>26600</ratings_count>
<publication_year></publication_year>
<publication_month></publication_month>
<publication_day></publication_day>
<authors>
<author>
<id>137902</id>
<name>Richelle Mead</name>
<link><![CDATA[https://www.goodreads.com/author/show/137902.Richelle_Mead]]></link>
</author>
</authors>
</book>

          <book>
<id>125925</id>
<title><![CDATA[Industrial Magic (Women of the Otherworld, #4)]]></title>
<title_without_series>Industrial Magic</title_without_series>
<link><![CDATA[https://www.goodreads.com/book/show/125925.Industrial_Magic]]></link>
<small_image_url><![CDATA[https://s.gr-assets.com/assets/nophoto/book/50x75-a91bf249278a81aabab721ef782c4a74.png]]></small_image_url>
<image_url><![CDATA[https://s.gr-assets.com/assets/nophoto/book/111x148-bcc042a9c91a29c1d680899eff700a03.png]]></image_url>
<num_pages>528</num_pages>
<work>
<id>121282</id>
</work>
<isbn>0553590162</isbn>
<isbn13>9780553590166</isbn13>
<average_rating>4.12</average_rating>
<ratings_count>30326</ratings_count>
<publication_year>2007</publication_year>
<publication_month>3</publication_month>
<publication_day>27</publication_day>
<authors>
<author>
<id>7581</id>
<name>Kelley Armstrong</name>
<link><![CDATA[https://www.goodreads.com/author/show/7581.Kelley_Armstrong]]></link>
</author>
</authors>
</book>

          <book>
<id>504699</id>
<title><![CDATA[Ashes to Ashes (Blood Ties, #3)]]></title>
<title_without_series>Ashes to Ashes</title_without_series>
<link><![CDATA[https://www.goodreads.com/book/show/504699.Ashes_to_Ashes]]></link>
<small_image_url><![CDATA[https://images.gr-assets.com/books/1327873001s/504699.jpg]]></small_image_url>
<image_url><![CDATA[https://images.gr-assets.com/books/1327873001m/504699.jpg]]></image_url>
<num_pages>384</num_pages>
<work>
<id>492748</id>
</work>
<isbn>077832494X</isbn>
<isbn13>9780778324942</isbn13>
<average_rating>3.84</average_rating>
<ratings_count>3160</ratings_count>
<publication_year>2007</publication_year>
<publication_month>8</publication_month>
<publication_day>1</publication_day>
<authors>
<author>
<id>8202779</id>
<name>Jennifer Armintrout</name>
<link><![CDATA[https://www.goodreads.com/author/show/8202779.Jennifer_Armintrout]]></link>
</author>
</authors>
</book>

  </similar_books>
</book>

</GoodreadsResponse>