<?xml version="1.0" encoding="UTF-8"?>
<GoodreadsResponse>
  <Request>
    <authentication>true</authentication>
      <key><![CDATA[all_men_must_serve]]></key>
    <method><![CDATA[book_show]]></method>
  </Request>
  <book>
  <id>11057626</id>
  <title>Red Mist (Kay Scarpetta, #19)</title>
  <isbn><![CDATA[0399158022]]></isbn>
  <isbn13><![CDATA[9780399158025]]></isbn13>
  <asin><![CDATA[]]></asin>
  <kindle_asin><![CDATA[B005LN0DBW]]></kindle_asin>
  <marketplace_id><![CDATA[A1F83G8C2ARO7P]]></marketplace_id>
  <country_code><![CDATA[GB]]></country_code>
  <image_url>https://s.gr-assets.com/assets/nophoto/book/111x148-bcc042a9c91a29c1d680899eff700a03.png</image_url>
  <small_image_url>https://s.gr-assets.com/assets/nophoto/book/50x75-a91bf249278a81aabab721ef782c4a74.png</small_image_url>
  <publication_year>2011</publication_year>
  <publication_month>12</publication_month>
  <publication_day>6</publication_day>
  <publisher>G.P. Putnam's Sons</publisher>
  <language_code>eng</language_code>
  <is_ebook>false</is_ebook>
  <description><![CDATA[<b> The new Kay Scarpetta novel from the world's #1 bestselling crime writer. </b>Determined to find out what happened to her former deputy chief, Jack Fielding, murdered six months earlier, Kay Scarpetta travels to the Georgia Prison for Women, where an inmate has information not only on Fielding, but also on a string of grisly killings. The murder of an Atlanta family years ago, a young woman on death row, and the inexplicable deaths of homeless people as far away as California seem unrelated. But Scarpetta discovers connections that compel her to conclude that what she thought ended with Fielding's death and an attempt on her own life is only the beginning of something far more destructive: a terrifying terrain of conspiracy and potential terrorism on an international scale. And she is the only one who can stop it.]]></description>
  <work>
  <id type="integer">15978848</id>
  <books_count type="integer">48</books_count>
  <best_book_id type="integer">11057626</best_book_id>
  <reviews_count type="integer">35104</reviews_count>
  <ratings_sum type="integer">72299</ratings_sum>
  <ratings_count type="integer">19304</ratings_count>
  <text_reviews_count type="integer">1640</text_reviews_count>
  <original_publication_year type="integer">2011</original_publication_year>
  <original_publication_month type="integer">1</original_publication_month>
  <original_publication_day type="integer">1</original_publication_day>
  <original_title>Red Mist</original_title>
  <original_language_id type="integer" nil="true"/>
  <media_type>book</media_type>
  <rating_dist>5:5067|4:6717|3:5495|2:1586|1:439|total:19304</rating_dist>
  <desc_user_id type="integer">-110</desc_user_id>
  <default_chaptering_book_id type="integer" nil="true"/>
  <default_description_language_code nil="true"/>
</work>
  <average_rating>3.75</average_rating>
  <num_pages><![CDATA[512]]></num_pages>
  <format><![CDATA[Hardcover]]></format>
  <edition_information><![CDATA[]]></edition_information>
  <ratings_count><![CDATA[16400]]></ratings_count>
  <text_reviews_count><![CDATA[1443]]></text_reviews_count>
  <url><![CDATA[https://www.goodreads.com/book/show/11057626-red-mist]]></url>
  <link><![CDATA[https://www.goodreads.com/book/show/11057626-red-mist]]></link>
  <authors>
<author>
<id>1025097</id>
<name>Patricia Cornwell</name>
<role></role>
<image_url nophoto='false'>
<![CDATA[https://images.gr-assets.com/authors/1486394658p5/1025097.jpg]]>
</image_url>
<small_image_url nophoto='false'>
<![CDATA[https://images.gr-assets.com/authors/1486394658p2/1025097.jpg]]>
</small_image_url>
<link><![CDATA[https://www.goodreads.com/author/show/1025097.Patricia_Cornwell]]></link>
<average_rating>3.87</average_rating>
<ratings_count>988307</ratings_count>
<text_reviews_count>29572</text_reviews_count>
</author>
</authors>

    <reviews_widget>
      <![CDATA[
        <style>
  #goodreads-widget {
    font-family: georgia, serif;
    padding: 18px 0;
    width:565px;
  }
  #goodreads-widget h1 {
    font-weight:normal;
    font-size: 16px;
    border-bottom: 1px solid #BBB596;
    margin-bottom: 0;
  }
  #goodreads-widget a {
    text-decoration: none;
    color:#660;
  }
  iframe{
    background-color: #fff;
  }
  #goodreads-widget a:hover { text-decoration: underline; }
  #goodreads-widget a:active {
    color:#660;
  }
  #gr_footer {
    width: 100%;
    border-top: 1px solid #BBB596;
    text-align: right;
  }
  #goodreads-widget .gr_branding{
    color: #382110;
    font-size: 11px;
    text-decoration: none;
    font-family: "Helvetica Neue", Helvetica, Arial, sans-serif;
  }
</style>
<div id="goodreads-widget">
  <div id="gr_header"><h1><a rel="nofollow" href="https://www.goodreads.com/book/show/11057626-red-mist">Red Mist Reviews</a></h1></div>
  <iframe id="the_iframe" src="https://www.goodreads.com/api/reviews_widget_iframe?did=DEVELOPER_ID&amp;format=html&amp;isbn=0399158022&amp;links=660&amp;min_rating=&amp;review_back=fff&amp;stars=000&amp;text=000" width="565" height="400" frameborder="0"></iframe>
  <div id="gr_footer">
    <a class="gr_branding" target="_blank" rel="nofollow" href="https://www.goodreads.com/book/show/11057626-red-mist?utm_medium=api&amp;utm_source=reviews_widget">Reviews from Goodreads.com</a>
  </div>
</div>

      ]]>
    </reviews_widget>
  <popular_shelves>
      <shelf name="to-read" count="2958"/>
      <shelf name="patricia-cornwell" count="328"/>
      <shelf name="mystery" count="147"/>
      <shelf name="crime" count="136"/>
      <shelf name="currently-reading" count="128"/>
      <shelf name="thriller" count="102"/>
      <shelf name="default" count="88"/>
      <shelf name="fiction" count="77"/>
      <shelf name="kay-scarpetta" count="71"/>
      <shelf name="scarpetta" count="65"/>
      <shelf name="cornwell-patricia" count="52"/>
      <shelf name="series" count="46"/>
      <shelf name="books-i-own" count="44"/>
      <shelf name="owned" count="40"/>
      <shelf name="kay-scarpetta-series" count="39"/>
      <shelf name="mystery-thriller" count="37"/>
      <shelf name="cornwell" count="28"/>
      <shelf name="kindle" count="28"/>
      <shelf name="audiobook" count="27"/>
      <shelf name="audio" count="27"/>
      <shelf name="suspense" count="25"/>
      <shelf name="crime-fiction" count="24"/>
      <shelf name="mysteries" count="23"/>
      <shelf name="audio-books" count="23"/>
      <shelf name="mystery-suspense" count="23"/>
      <shelf name="read-in-2012" count="22"/>
      <shelf name="to-buy" count="22"/>
      <shelf name="thrillers" count="21"/>
      <shelf name="library" count="20"/>
      <shelf name="murder-mystery" count="20"/>
      <shelf name="scarpetta-series" count="19"/>
      <shelf name="crime-mystery" count="18"/>
      <shelf name="ebooks" count="17"/>
      <shelf name="audiobooks" count="17"/>
      <shelf name="favorites" count="16"/>
      <shelf name="wish-list" count="16"/>
      <shelf name="owned-books" count="15"/>
      <shelf name="my-books" count="14"/>
      <shelf name="audio-book" count="14"/>
      <shelf name="adult-fiction" count="13"/>
      <shelf name="read-2012" count="13"/>
      <shelf name="detective" count="12"/>
      <shelf name="forensic" count="12"/>
      <shelf name="mystery-series" count="12"/>
      <shelf name="forensics" count="10"/>
      <shelf name="finished" count="10"/>
      <shelf name="nook" count="10"/>
      <shelf name="audible" count="10"/>
      <shelf name="patricia-cornwall" count="9"/>
      <shelf name="have" count="9"/>
      <shelf name="crime-thriller" count="9"/>
      <shelf name="library-book" count="9"/>
      <shelf name="medical-examiner" count="8"/>
      <shelf name="adult" count="8"/>
      <shelf name="favorite-authors" count="8"/>
      <shelf name="forensic-mystery" count="8"/>
      <shelf name="elly-s-choice" count="7"/>
      <shelf name="ebook" count="7"/>
      <shelf name="red-mist" count="7"/>
      <shelf name="did-not-finish" count="7"/>
      <shelf name="serial-killer" count="7"/>
      <shelf name="medical" count="7"/>
      <shelf name="calibre" count="7"/>
      <shelf name="e-books" count="7"/>
      <shelf name="reviewed" count="7"/>
      <shelf name="my-library" count="7"/>
      <shelf name="shelfari-favorites" count="6"/>
      <shelf name="mystery-crime" count="6"/>
      <shelf name="want-to-buy" count="6"/>
      <shelf name="need" count="6"/>
      <shelf name="drama" count="6"/>
      <shelf name="patrica-cornwell" count="6"/>
      <shelf name="paperback" count="6"/>
      <shelf name="mystery-thriller-suspense" count="6"/>
      <shelf name="borrowed" count="6"/>
      <shelf name="couldn-t-finish" count="6"/>
      <shelf name="read-2011" count="6"/>
      <shelf name="own-it" count="5"/>
      <shelf name="collection" count="5"/>
      <shelf name="read-2014" count="5"/>
      <shelf name="patricia-cornwell-kay-scarpetta" count="5"/>
      <shelf name="owned-to-read" count="5"/>
      <shelf name="books" count="5"/>
      <shelf name="forensic-thriller" count="5"/>
      <shelf name="mystery-thrillers" count="5"/>
      <shelf name="forensic-mysteries" count="5"/>
      <shelf name="suspense-thriller" count="5"/>
      <shelf name="personal-library" count="5"/>
      <shelf name="mysteries-thrillers" count="5"/>
      <shelf name="murder" count="5"/>
      <shelf name="crime-novels" count="5"/>
      <shelf name="p-cornwell" count="5"/>
      <shelf name="own-to-read" count="4"/>
      <shelf name="forensic-science" count="4"/>
      <shelf name="unread" count="4"/>
      <shelf name="cornwell-scarpetta" count="4"/>
      <shelf name="patricia" count="4"/>
      <shelf name="home-library" count="4"/>
      <shelf name="2014-reads" count="4"/>
      <shelf name="done" count="4"/>
  </popular_shelves>
  <book_links>
    <book_link>
  <id>8</id>
  <name>Libraries</name>
  <link>https://www.goodreads.com/book_link/follow/8</link>
</book_link>

  </book_links>
  <buy_links>
    <buy_link>
<id>1</id>
<name>Amazon</name>
<link>https://www.goodreads.com/book_link/follow/1</link>
</buy_link>
<buy_link>
<id>10</id>
<name>Audible</name>
<link>https://www.goodreads.com/book_link/follow/10</link>
</buy_link>
<buy_link>
<id>3</id>
<name>Barnes &amp; Noble</name>
<link>https://www.goodreads.com/book_link/follow/3</link>
</buy_link>
<buy_link>
<id>1027</id>
<name>Kobo</name>
<link>https://www.goodreads.com/book_link/follow/1027</link>
</buy_link>
<buy_link>
<id>2102</id>
<name>Apple iBooks</name>
<link>https://www.goodreads.com/book_link/follow/2102</link>
</buy_link>
<buy_link>
<id>8036</id>
<name>Google Play</name>
<link>https://www.goodreads.com/book_link/follow/8036</link>
</buy_link>
<buy_link>
<id>4</id>
<name>Abebooks</name>
<link>https://www.goodreads.com/book_link/follow/4</link>
</buy_link>
<buy_link>
<id>882</id>
<name>Book Depository</name>
<link>https://www.goodreads.com/book_link/follow/882</link>
</buy_link>
<buy_link>
<id>9</id>
<name>Indigo</name>
<link>https://www.goodreads.com/book_link/follow/9</link>
</buy_link>
<buy_link>
<id>2</id>
<name>Half.com</name>
<link>https://www.goodreads.com/book_link/follow/2</link>
</buy_link>
<buy_link>
<id>5</id>
<name>Alibris</name>
<link>https://www.goodreads.com/book_link/follow/5</link>
</buy_link>
<buy_link>
<id>107</id>
<name>Better World Books</name>
<link>https://www.goodreads.com/book_link/follow/107</link>
</buy_link>
<buy_link>
<id>7</id>
<name>IndieBound</name>
<link>https://www.goodreads.com/book_link/follow/7</link>
</buy_link>

  </buy_links>
  <series_works>
    <series_work>
<id>253988</id>
<user_position>19</user_position>
<series>
<id>40351</id>
<title>
<![CDATA[
    Kay Scarpetta
]]>
</title>
<description>
<![CDATA[
    Dr. Kay Scarpetta is best known as the beautiful blonde Chief Medical Examiner for the Commonwealth of Virginia at Richmond. She is also known as one of the top forensic pathologists in the country. Along the way, the series also features FBI profiler Benton Wesley, Kay’s genius niece Lucy Farinelli, and the unhealthy and balding homicide detective, Pete Marino.
]]>
</description>
<note>
<![CDATA[
]]>
</note>
<series_works_count>41</series_works_count>
<primary_work_count>24</primary_work_count>
<numbered>true</numbered>
</series>

</series_work>

  </series_works>
  <similar_books>
          <book>
<id>9998705</id>
<title><![CDATA[Flash and Bones (Temperance Brennan, #14)]]></title>
<title_without_series>Flash and Bones</title_without_series>
<link><![CDATA[https://www.goodreads.com/book/show/9998705-flash-and-bones]]></link>
<small_image_url><![CDATA[https://images.gr-assets.com/books/1306253347s/9998705.jpg]]></small_image_url>
<image_url><![CDATA[https://images.gr-assets.com/books/1306253347m/9998705.jpg]]></image_url>
<num_pages>288</num_pages>
<work>
<id>14893625</id>
</work>
<isbn>1439102414</isbn>
<isbn13>9781439102411</isbn13>
<average_rating>3.86</average_rating>
<ratings_count>16491</ratings_count>
<publication_year></publication_year>
<publication_month></publication_month>
<publication_day></publication_day>
<authors>
<author>
<id>26372</id>
<name>Kathy Reichs</name>
<link><![CDATA[https://www.goodreads.com/author/show/26372.Kathy_Reichs]]></link>
</author>
</authors>
</book>

          <book>
<id>12025895</id>
<title><![CDATA[Gun Games (Peter Decker/Rina Lazarus, #20)]]></title>
<title_without_series>Gun Games</title_without_series>
<link><![CDATA[https://www.goodreads.com/book/show/12025895-gun-games]]></link>
<small_image_url><![CDATA[https://s.gr-assets.com/assets/nophoto/book/50x75-a91bf249278a81aabab721ef782c4a74.png]]></small_image_url>
<image_url><![CDATA[https://s.gr-assets.com/assets/nophoto/book/111x148-bcc042a9c91a29c1d680899eff700a03.png]]></image_url>
<num_pages></num_pages>
<work>
<id>16991893</id>
</work>
<isbn>0062064320</isbn>
<isbn13>9780062064325</isbn13>
<average_rating>3.85</average_rating>
<ratings_count>4870</ratings_count>
<publication_year></publication_year>
<publication_month></publication_month>
<publication_day></publication_day>
<authors>
<author>
<id>48913</id>
<name>Faye Kellerman</name>
<link><![CDATA[https://www.goodreads.com/author/show/48913.Faye_Kellerman]]></link>
</author>
</authors>
</book>

          <book>
<id>320181</id>
<title><![CDATA[The Complete Patricia Cornwell Companion]]></title>
<title_without_series><![CDATA[The Complete Patricia Cornwell Companion]]></title_without_series>
<link><![CDATA[https://www.goodreads.com/book/show/320181.The_Complete_Patricia_Cornwell_Companion]]></link>
<small_image_url><![CDATA[https://images.gr-assets.com/books/1309285331s/320181.jpg]]></small_image_url>
<image_url><![CDATA[https://images.gr-assets.com/books/1309285331m/320181.jpg]]></image_url>
<num_pages>368</num_pages>
<work>
<id>310935</id>
</work>
<isbn>0425201317</isbn>
<isbn13>9780425201312</isbn13>
<average_rating>4.16</average_rating>
<ratings_count>328</ratings_count>
<publication_year>2005</publication_year>
<publication_month>1</publication_month>
<publication_day>4</publication_day>
<authors>
<author>
<id>183952</id>
<name>Glenn L. Feole</name>
<link><![CDATA[https://www.goodreads.com/author/show/183952.Glenn_L_Feole]]></link>
</author>
</authors>
</book>

          <book>
<id>8765012</id>
<title>Mystery (Alex Delaware, #26)</title>
<title_without_series>Mystery</title_without_series>
<link><![CDATA[https://www.goodreads.com/book/show/8765012-mystery]]></link>
<small_image_url><![CDATA[https://s.gr-assets.com/assets/nophoto/book/50x75-a91bf249278a81aabab721ef782c4a74.png]]></small_image_url>
<image_url><![CDATA[https://s.gr-assets.com/assets/nophoto/book/111x148-bcc042a9c91a29c1d680899eff700a03.png]]></image_url>
<num_pages>320</num_pages>
<work>
<id>13638399</id>
</work>
<isbn>0345505697</isbn>
<isbn13>9780345505699</isbn13>
<average_rating>3.87</average_rating>
<ratings_count>11285</ratings_count>
<publication_year>2011</publication_year>
<publication_month>3</publication_month>
<publication_day>29</publication_day>
<authors>
<author>
<id>43626</id>
<name>Jonathan Kellerman</name>
<link><![CDATA[https://www.goodreads.com/author/show/43626.Jonathan_Kellerman]]></link>
</author>
</authors>
</book>

          <book>
<id>9789566</id>
<title><![CDATA[Quinn (Eve Duncan, #13; Eve, Quinn and Bonnie #2)]]></title>
<title_without_series>Quinn</title_without_series>
<link><![CDATA[https://www.goodreads.com/book/show/9789566-quinn]]></link>
<small_image_url><![CDATA[https://s.gr-assets.com/assets/nophoto/book/50x75-a91bf249278a81aabab721ef782c4a74.png]]></small_image_url>
<image_url><![CDATA[https://s.gr-assets.com/assets/nophoto/book/111x148-bcc042a9c91a29c1d680899eff700a03.png]]></image_url>
<num_pages>374</num_pages>
<work>
<id>14679600</id>
</work>
<isbn>031265121X</isbn>
<isbn13>9780312651213</isbn13>
<average_rating>4.14</average_rating>
<ratings_count>10599</ratings_count>
<publication_year></publication_year>
<publication_month></publication_month>
<publication_day></publication_day>
<authors>
<author>
<id>32498</id>
<name>Iris Johansen</name>
<link><![CDATA[https://www.goodreads.com/author/show/32498.Iris_Johansen]]></link>
</author>
</authors>
</book>

          <book>
<id>10852027</id>
<title><![CDATA[V is for Vengeance (Kinsey Millhone, #22)]]></title>
<title_without_series>V is for Vengeance</title_without_series>
<link><![CDATA[https://www.goodreads.com/book/show/10852027-v-is-for-vengeance]]></link>
<small_image_url><![CDATA[https://s.gr-assets.com/assets/nophoto/book/50x75-a91bf249278a81aabab721ef782c4a74.png]]></small_image_url>
<image_url><![CDATA[https://s.gr-assets.com/assets/nophoto/book/111x148-bcc042a9c91a29c1d680899eff700a03.png]]></image_url>
<num_pages>437</num_pages>
<work>
<id>15766774</id>
</work>
<isbn>0399157867</isbn>
<isbn13>9780399157868</isbn13>
<average_rating>3.93</average_rating>
<ratings_count>22226</ratings_count>
<publication_year>2011</publication_year>
<publication_month>11</publication_month>
<publication_day>14</publication_day>
<authors>
<author>
<id>9559</id>
<name>Sue Grafton</name>
<link><![CDATA[https://www.goodreads.com/author/show/9559.Sue_Grafton]]></link>
</author>
</authors>
</book>

          <book>
<id>12445552</id>
<title><![CDATA[Left for Dead (Ali Reynolds, #7)]]></title>
<title_without_series>Left for Dead</title_without_series>
<link><![CDATA[https://www.goodreads.com/book/show/12445552-left-for-dead]]></link>
<small_image_url><![CDATA[https://images.gr-assets.com/books/1331565970s/12445552.jpg]]></small_image_url>
<image_url><![CDATA[https://images.gr-assets.com/books/1331565970m/12445552.jpg]]></image_url>
<num_pages>304</num_pages>
<work>
<id>17428541</id>
</work>
<isbn>1451628625</isbn>
<isbn13>9781451628623</isbn13>
<average_rating>3.96</average_rating>
<ratings_count>3496</ratings_count>
<publication_year>2012</publication_year>
<publication_month>2</publication_month>
<publication_day>7</publication_day>
<authors>
<author>
<id>3453636</id>
<name>J.A. Jance</name>
<link><![CDATA[https://www.goodreads.com/author/show/3453636.J_A_Jance]]></link>
</author>
</authors>
</book>

          <book>
<id>9578677</id>
<title><![CDATA[The Silent Girl (Rizzoli & Isles, #9)]]></title>
<title_without_series>The Silent Girl</title_without_series>
<link><![CDATA[https://www.goodreads.com/book/show/9578677-the-silent-girl]]></link>
<small_image_url><![CDATA[https://s.gr-assets.com/assets/nophoto/book/50x75-a91bf249278a81aabab721ef782c4a74.png]]></small_image_url>
<image_url><![CDATA[https://s.gr-assets.com/assets/nophoto/book/111x148-bcc042a9c91a29c1d680899eff700a03.png]]></image_url>
<num_pages>315</num_pages>
<work>
<id>14465565</id>
</work>
<isbn>0345515501</isbn>
<isbn13>9780345515506</isbn13>
<average_rating>4.13</average_rating>
<ratings_count>25540</ratings_count>
<publication_year>2011</publication_year>
<publication_month>7</publication_month>
<publication_day>5</publication_day>
<authors>
<author>
<id>18149</id>
<name>Tess Gerritsen</name>
<link><![CDATA[https://www.goodreads.com/author/show/18149.Tess_Gerritsen]]></link>
</author>
</authors>
</book>

          <book>
<id>10808006</id>
<title><![CDATA[Private #1 Suspect (Private, #2)]]></title>
<title_without_series>Private #1 Suspect</title_without_series>
<link><![CDATA[https://www.goodreads.com/book/show/10808006-private-1-suspect]]></link>
<small_image_url><![CDATA[https://s.gr-assets.com/assets/nophoto/book/50x75-a91bf249278a81aabab721ef782c4a74.png]]></small_image_url>
<image_url><![CDATA[https://s.gr-assets.com/assets/nophoto/book/111x148-bcc042a9c91a29c1d680899eff700a03.png]]></image_url>
<num_pages>401</num_pages>
<work>
<id>15721497</id>
</work>
<isbn>0316097403</isbn>
<isbn13>9780316097406</isbn13>
<average_rating>3.95</average_rating>
<ratings_count>16420</ratings_count>
<publication_year>2012</publication_year>
<publication_month>1</publication_month>
<publication_day>2</publication_day>
<authors>
<author>
<id>3780</id>
<name>James Patterson</name>
<link><![CDATA[https://www.goodreads.com/author/show/3780.James_Patterson]]></link>
</author>
</authors>
</book>

          <book>
<id>8853981</id>
<title><![CDATA[Silent Mercy (Alexandra Cooper, #13)]]></title>
<title_without_series>Silent Mercy</title_without_series>
<link><![CDATA[https://www.goodreads.com/book/show/8853981-silent-mercy]]></link>
<small_image_url><![CDATA[https://s.gr-assets.com/assets/nophoto/book/50x75-a91bf249278a81aabab721ef782c4a74.png]]></small_image_url>
<image_url><![CDATA[https://s.gr-assets.com/assets/nophoto/book/111x148-bcc042a9c91a29c1d680899eff700a03.png]]></image_url>
<num_pages>400</num_pages>
<work>
<id>13729082</id>
</work>
<isbn>0525952020</isbn>
<isbn13>9780525952022</isbn13>
<average_rating>3.93</average_rating>
<ratings_count>4274</ratings_count>
<publication_year>2011</publication_year>
<publication_month>3</publication_month>
<publication_day>8</publication_day>
<authors>
<author>
<id>48895</id>
<name>Linda Fairstein</name>
<link><![CDATA[https://www.goodreads.com/author/show/48895.Linda_Fairstein]]></link>
</author>
</authors>
</book>

          <book>
<id>9485701</id>
<title><![CDATA[Split Second (FBI Thriller, #15)]]></title>
<title_without_series>Split Second</title_without_series>
<link><![CDATA[https://www.goodreads.com/book/show/9485701-split-second]]></link>
<small_image_url><![CDATA[https://s.gr-assets.com/assets/nophoto/book/50x75-a91bf249278a81aabab721ef782c4a74.png]]></small_image_url>
<image_url><![CDATA[https://s.gr-assets.com/assets/nophoto/book/111x148-bcc042a9c91a29c1d680899eff700a03.png]]></image_url>
<num_pages>419</num_pages>
<work>
<id>14371118</id>
</work>
<isbn>0399157433</isbn>
<isbn13>9780399157431</isbn13>
<average_rating>4.14</average_rating>
<ratings_count>10698</ratings_count>
<publication_year></publication_year>
<publication_month></publication_month>
<publication_day></publication_day>
<authors>
<author>
<id>1239</id>
<name>Catherine Coulter</name>
<link><![CDATA[https://www.goodreads.com/author/show/1239.Catherine_Coulter]]></link>
</author>
</authors>
</book>

          <book>
<id>10778948</id>
<title><![CDATA[Down the Darkest Road (Oak Knoll, #3)]]></title>
<title_without_series>Down the Darkest Road</title_without_series>
<link><![CDATA[https://www.goodreads.com/book/show/10778948-down-the-darkest-road]]></link>
<small_image_url><![CDATA[https://s.gr-assets.com/assets/nophoto/book/50x75-a91bf249278a81aabab721ef782c4a74.png]]></small_image_url>
<image_url><![CDATA[https://s.gr-assets.com/assets/nophoto/book/111x148-bcc042a9c91a29c1d680899eff700a03.png]]></image_url>
<num_pages>432</num_pages>
<work>
<id>15690818</id>
</work>
<isbn>052595239X</isbn>
<isbn13>9780525952398</isbn13>
<average_rating>4.03</average_rating>
<ratings_count>11264</ratings_count>
<publication_year>2011</publication_year>
<publication_month>12</publication_month>
<publication_day>27</publication_day>
<authors>
<author>
<id>9890</id>
<name>Tami Hoag</name>
<link><![CDATA[https://www.goodreads.com/author/show/9890.Tami_Hoag]]></link>
</author>
</authors>
</book>

          <book>
<id>10813117</id>
<title><![CDATA[Death Benefit (Pia Grazdani #1)]]></title>
<title_without_series>Death Benefit</title_without_series>
<link><![CDATA[https://www.goodreads.com/book/show/10813117-death-benefit]]></link>
<small_image_url><![CDATA[https://images.gr-assets.com/books/1303675835s/10813117.jpg]]></small_image_url>
<image_url><![CDATA[https://images.gr-assets.com/books/1303675835m/10813117.jpg]]></image_url>
<num_pages>432</num_pages>
<work>
<id>15726721</id>
</work>
<isbn>0399157468</isbn>
<isbn13>9780399157462</isbn13>
<average_rating>3.53</average_rating>
<ratings_count>2711</ratings_count>
<publication_year>2011</publication_year>
<publication_month>12</publication_month>
<publication_day>27</publication_day>
<authors>
<author>
<id>19697</id>
<name>Robin Cook</name>
<link><![CDATA[https://www.goodreads.com/author/show/19697.Robin_Cook]]></link>
</author>
</authors>
</book>

          <book>
<id>7099389</id>
<title><![CDATA[The Burning Wire (Lincoln Rhyme, #9)]]></title>
<title_without_series>The Burning Wire</title_without_series>
<link><![CDATA[https://www.goodreads.com/book/show/7099389-the-burning-wire]]></link>
<small_image_url><![CDATA[https://images.gr-assets.com/books/1441925165s/7099389.jpg]]></small_image_url>
<image_url><![CDATA[https://images.gr-assets.com/books/1441925165m/7099389.jpg]]></image_url>
<num_pages>414</num_pages>
<work>
<id>7357104</id>
</work>
<isbn>1439156336</isbn>
<isbn13>9781439156339</isbn13>
<average_rating>4.04</average_rating>
<ratings_count>13320</ratings_count>
<publication_year></publication_year>
<publication_month></publication_month>
<publication_day></publication_day>
<authors>
<author>
<id>1612</id>
<name>Jeffery Deaver</name>
<link><![CDATA[https://www.goodreads.com/author/show/1612.Jeffery_Deaver]]></link>
</author>
</authors>
</book>

          <book>
<id>11890806</id>
<title><![CDATA[D.C. Dead (Stone Barrington, #22)]]></title>
<title_without_series>D.C. Dead</title_without_series>
<link><![CDATA[https://www.goodreads.com/book/show/11890806-d-c-dead]]></link>
<small_image_url><![CDATA[https://images.gr-assets.com/books/1314730445s/11890806.jpg]]></small_image_url>
<image_url><![CDATA[https://images.gr-assets.com/books/1314730445m/11890806.jpg]]></image_url>
<num_pages>290</num_pages>
<work>
<id>16849808</id>
</work>
<isbn>0399157662</isbn>
<isbn13>9780399157660</isbn13>
<average_rating>3.75</average_rating>
<ratings_count>3937</ratings_count>
<publication_year>2011</publication_year>
<publication_month>12</publication_month>
<publication_day>22</publication_day>
<authors>
<author>
<id>3936</id>
<name>Stuart Woods</name>
<link><![CDATA[https://www.goodreads.com/author/show/3936.Stuart_Woods]]></link>
</author>
</authors>
</book>

  </similar_books>
</book>

</GoodreadsResponse>