<?xml version="1.0" encoding="UTF-8"?>
<GoodreadsResponse>
  <Request>
    <authentication>true</authentication>
      <key><![CDATA[all_men_must_serve]]></key>
    <method><![CDATA[book_show]]></method>
  </Request>
  <book>
  <id>11051889</id>
  <title><![CDATA[The Fallen Star (Fallen Star, #1)]]></title>
  <isbn><![CDATA[1461052149]]></isbn>
  <isbn13><![CDATA[9781461052142]]></isbn13>
  <asin><![CDATA[]]></asin>
  <kindle_asin><![CDATA[B004W0COEY]]></kindle_asin>
  <marketplace_id><![CDATA[A1F83G8C2ARO7P]]></marketplace_id>
  <country_code><![CDATA[GB]]></country_code>
  <image_url>https://images.gr-assets.com/books/1331385411m/11051889.jpg</image_url>
  <small_image_url>https://images.gr-assets.com/books/1331385411s/11051889.jpg</small_image_url>
  <publication_year>2011</publication_year>
  <publication_month>4</publication_month>
  <publication_day>11</publication_day>
  <publisher>Createspace Independent Publishing Platform</publisher>
  <language_code></language_code>
  <is_ebook>false</is_ebook>
  <description><![CDATA[For eighteen year-old Gemma, life has never been normal. Up until recently, she has been incapable of feeling emotion. And when she's around Alex, the gorgeous new guy at school, she can feel electricity that makes her skin buzz. Not to mention the monsters that haunt her nightmares have crossed over into real-life. But with Alex seeming to hate her and secrets popping up everywhere, Gemma's life is turning into a chaotic mess. Things that shouldn't be real suddenly seem to exist. And as her world falls apart, figuring out the secrets of her past becomes a matter of life and death.]]></description>
  <work>
  <id type="integer">15972972</id>
  <books_count type="integer">11</books_count>
  <best_book_id type="integer">11051889</best_book_id>
  <reviews_count type="integer">56567</reviews_count>
  <ratings_sum type="integer">101515</ratings_sum>
  <ratings_count type="integer">25957</ratings_count>
  <text_reviews_count type="integer">1607</text_reviews_count>
  <original_publication_year type="integer">2011</original_publication_year>
  <original_publication_month type="integer">4</original_publication_month>
  <original_publication_day type="integer">7</original_publication_day>
  <original_title></original_title>
  <original_language_id type="integer" nil="true"/>
  <media_type>book</media_type>
  <rating_dist>5:9662|4:8049|3:5471|2:1821|1:954|total:25957</rating_dist>
  <desc_user_id type="integer">4924299</desc_user_id>
  <default_chaptering_book_id type="integer" nil="true"/>
  <default_description_language_code nil="true"/>
</work>
  <average_rating>3.91</average_rating>
  <num_pages><![CDATA[449]]></num_pages>
  <format><![CDATA[Paperback]]></format>
  <edition_information><![CDATA[]]></edition_information>
  <ratings_count><![CDATA[19791]]></ratings_count>
  <text_reviews_count><![CDATA[1362]]></text_reviews_count>
  <url><![CDATA[https://www.goodreads.com/book/show/11051889-the-fallen-star]]></url>
  <link><![CDATA[https://www.goodreads.com/book/show/11051889-the-fallen-star]]></link>
  <authors>
<author>
<id>4601855</id>
<name>Jessica Sorensen</name>
<role></role>
<image_url nophoto='false'>
<![CDATA[https://images.gr-assets.com/authors/1388093087p5/4601855.jpg]]>
</image_url>
<small_image_url nophoto='false'>
<![CDATA[https://images.gr-assets.com/authors/1388093087p2/4601855.jpg]]>
</small_image_url>
<link><![CDATA[https://www.goodreads.com/author/show/4601855.Jessica_Sorensen]]></link>
<average_rating>4.08</average_rating>
<ratings_count>505678</ratings_count>
<text_reviews_count>31962</text_reviews_count>
</author>
</authors>

    <reviews_widget>
      <![CDATA[
        <style>
  #goodreads-widget {
    font-family: georgia, serif;
    padding: 18px 0;
    width:565px;
  }
  #goodreads-widget h1 {
    font-weight:normal;
    font-size: 16px;
    border-bottom: 1px solid #BBB596;
    margin-bottom: 0;
  }
  #goodreads-widget a {
    text-decoration: none;
    color:#660;
  }
  iframe{
    background-color: #fff;
  }
  #goodreads-widget a:hover { text-decoration: underline; }
  #goodreads-widget a:active {
    color:#660;
  }
  #gr_footer {
    width: 100%;
    border-top: 1px solid #BBB596;
    text-align: right;
  }
  #goodreads-widget .gr_branding{
    color: #382110;
    font-size: 11px;
    text-decoration: none;
    font-family: "Helvetica Neue", Helvetica, Arial, sans-serif;
  }
</style>
<div id="goodreads-widget">
  <div id="gr_header"><h1><a rel="nofollow" href="https://www.goodreads.com/book/show/11051889-the-fallen-star">The Fallen Star Reviews</a></h1></div>
  <iframe id="the_iframe" src="https://www.goodreads.com/api/reviews_widget_iframe?did=DEVELOPER_ID&amp;format=html&amp;isbn=1461052149&amp;links=660&amp;min_rating=&amp;review_back=fff&amp;stars=000&amp;text=000" width="565" height="400" frameborder="0"></iframe>
  <div id="gr_footer">
    <a class="gr_branding" target="_blank" rel="nofollow" href="https://www.goodreads.com/book/show/11051889-the-fallen-star?utm_medium=api&amp;utm_source=reviews_widget">Reviews from Goodreads.com</a>
  </div>
</div>

      ]]>
    </reviews_widget>
  <popular_shelves>
      <shelf name="to-read" count="25314"/>
      <shelf name="currently-reading" count="916"/>
      <shelf name="paranormal" count="358"/>
      <shelf name="young-adult" count="343"/>
      <shelf name="kindle" count="335"/>
      <shelf name="fantasy" count="311"/>
      <shelf name="favorites" count="219"/>
      <shelf name="romance" count="177"/>
      <shelf name="ya" count="165"/>
      <shelf name="series" count="164"/>
      <shelf name="vampires" count="125"/>
      <shelf name="ebooks" count="110"/>
      <shelf name="paranormal-romance" count="101"/>
      <shelf name="supernatural" count="95"/>
      <shelf name="magic" count="91"/>
      <shelf name="ebook" count="88"/>
      <shelf name="kindle-books" count="80"/>
      <shelf name="books-i-own" count="78"/>
      <shelf name="owned" count="66"/>
      <shelf name="jessica-sorensen" count="65"/>
      <shelf name="e-books" count="54"/>
      <shelf name="fiction" count="51"/>
      <shelf name="on-my-kindle" count="44"/>
      <shelf name="e-book" count="42"/>
      <shelf name="freebies" count="41"/>
      <shelf name="urban-fantasy" count="41"/>
      <shelf name="fallen-star" count="39"/>
      <shelf name="ya-paranormal" count="34"/>
      <shelf name="freebie" count="33"/>
      <shelf name="on-kindle" count="32"/>
      <shelf name="dnf" count="30"/>
      <shelf name="vampire" count="29"/>
      <shelf name="nook" count="29"/>
      <shelf name="free" count="28"/>
      <shelf name="first-in-series" count="26"/>
      <shelf name="maybe" count="25"/>
      <shelf name="nook-books" count="23"/>
      <shelf name="ebooks-i-own" count="23"/>
      <shelf name="witches" count="23"/>
      <shelf name="owned-books" count="23"/>
      <shelf name="wish-list" count="23"/>
      <shelf name="my-books" count="22"/>
      <shelf name="own-it" count="21"/>
      <shelf name="have" count="21"/>
      <shelf name="read-in-2013" count="20"/>
      <shelf name="read-in-2012" count="20"/>
      <shelf name="teen" count="20"/>
      <shelf name="kindle-to-read" count="19"/>
      <shelf name="kindle-freebies" count="18"/>
      <shelf name="i-own" count="18"/>
      <shelf name="kindle-freebie" count="17"/>
      <shelf name="fallen-star-series" count="17"/>
      <shelf name="favourites" count="17"/>
      <shelf name="sci-fi" count="17"/>
      <shelf name="the-fallen-star" count="16"/>
      <shelf name="kindle-tbr" count="16"/>
      <shelf name="to-buy" count="16"/>
      <shelf name="demons" count="16"/>
      <shelf name="read-2013" count="15"/>
      <shelf name="own-to-read" count="15"/>
      <shelf name="pnr" count="14"/>
      <shelf name="ibooks" count="14"/>
      <shelf name="did-not-finish" count="14"/>
      <shelf name="ya-fantasy" count="14"/>
      <shelf name="to-read-own" count="14"/>
      <shelf name="reviewed" count="13"/>
      <shelf name="paranormal-fantasy" count="13"/>
      <shelf name="own-ebook" count="13"/>
      <shelf name="my-kindle-books" count="13"/>
      <shelf name="read-in-2011" count="13"/>
      <shelf name="amazon" count="12"/>
      <shelf name="own-kindle" count="12"/>
      <shelf name="own-on-kindle" count="12"/>
      <shelf name="to-read-kindle" count="12"/>
      <shelf name="tbr" count="12"/>
      <shelf name="my-ebooks" count="12"/>
      <shelf name="read-2012" count="12"/>
      <shelf name="free-ebooks" count="12"/>
      <shelf name="indie" count="12"/>
      <shelf name="read-in-2014" count="11"/>
      <shelf name="dropped" count="11"/>
      <shelf name="new-adult" count="11"/>
      <shelf name="library" count="11"/>
      <shelf name="purchased" count="11"/>
      <shelf name="couldn-t-finish" count="11"/>
      <shelf name="kindle-lendable" count="11"/>
      <shelf name="1st-in-series" count="11"/>
      <shelf name="abandoned" count="11"/>
      <shelf name="series-to-read" count="11"/>
      <shelf name="part-of-a-series" count="11"/>
      <shelf name="books" count="10"/>
      <shelf name="own-tbr" count="10"/>
      <shelf name="not-interested" count="10"/>
      <shelf name="kindle-free" count="10"/>
      <shelf name="kindle-owned" count="10"/>
      <shelf name="owned-e-books" count="10"/>
      <shelf name="science-fiction" count="10"/>
      <shelf name="2012-reads" count="10"/>
      <shelf name="to-read-on-kindle" count="10"/>
      <shelf name="to-read-i-own" count="10"/>
  </popular_shelves>
  <book_links>
    <book_link>
  <id>8</id>
  <name>Libraries</name>
  <link>https://www.goodreads.com/book_link/follow/8</link>
</book_link>

  </book_links>
  <buy_links>
    <buy_link>
<id>1</id>
<name>Amazon</name>
<link>https://www.goodreads.com/book_link/follow/1</link>
</buy_link>
<buy_link>
<id>10</id>
<name>Audible</name>
<link>https://www.goodreads.com/book_link/follow/10</link>
</buy_link>
<buy_link>
<id>3</id>
<name>Barnes &amp; Noble</name>
<link>https://www.goodreads.com/book_link/follow/3</link>
</buy_link>
<buy_link>
<id>1027</id>
<name>Kobo</name>
<link>https://www.goodreads.com/book_link/follow/1027</link>
</buy_link>
<buy_link>
<id>2102</id>
<name>Apple iBooks</name>
<link>https://www.goodreads.com/book_link/follow/2102</link>
</buy_link>
<buy_link>
<id>8036</id>
<name>Google Play</name>
<link>https://www.goodreads.com/book_link/follow/8036</link>
</buy_link>
<buy_link>
<id>4</id>
<name>Abebooks</name>
<link>https://www.goodreads.com/book_link/follow/4</link>
</buy_link>
<buy_link>
<id>882</id>
<name>Book Depository</name>
<link>https://www.goodreads.com/book_link/follow/882</link>
</buy_link>
<buy_link>
<id>9</id>
<name>Indigo</name>
<link>https://www.goodreads.com/book_link/follow/9</link>
</buy_link>
<buy_link>
<id>2</id>
<name>Half.com</name>
<link>https://www.goodreads.com/book_link/follow/2</link>
</buy_link>
<buy_link>
<id>5</id>
<name>Alibris</name>
<link>https://www.goodreads.com/book_link/follow/5</link>
</buy_link>
<buy_link>
<id>107</id>
<name>Better World Books</name>
<link>https://www.goodreads.com/book_link/follow/107</link>
</buy_link>
<buy_link>
<id>7</id>
<name>IndieBound</name>
<link>https://www.goodreads.com/book_link/follow/7</link>
</buy_link>

  </buy_links>
  <series_works>
    <series_work>
<id>253599</id>
<user_position>1</user_position>
<series>
<id>59811</id>
<title>
<![CDATA[
    Fallen Star
]]>
</title>
<description>
<![CDATA[
    <a href="http://www.goodreads.com/series/82228-fallen-souls">Fallen Souls</a> series is a spinoff of this series.
    <a href="http://www.goodreads.com/series/93772-shattered-promises" target="">Shattered Promises</a> series is a re-imagining of this series told at a New Adult level.
]]>
</description>
<note>
<![CDATA[
]]>
</note>
<series_works_count>5</series_works_count>
<primary_work_count>4</primary_work_count>
<numbered>true</numbered>
</series>

</series_work>

  </series_works>
  <similar_books>
          <book>
<id>9132056</id>
<title><![CDATA[Insight (Insight #1; Web of Hearts and Souls #1)]]></title>
<title_without_series>Insight</title_without_series>
<link><![CDATA[https://www.goodreads.com/book/show/9132056-insight]]></link>
<small_image_url><![CDATA[https://images.gr-assets.com/books/1312523984s/9132056.jpg]]></small_image_url>
<image_url><![CDATA[https://images.gr-assets.com/books/1312523984m/9132056.jpg]]></image_url>
<num_pages></num_pages>
<work>
<id>13760821</id>
</work>
<isbn>0557522935</isbn>
<isbn13>9780557522934</isbn13>
<average_rating>3.81</average_rating>
<ratings_count>5261</ratings_count>
<publication_year>2010</publication_year>
<publication_month>7</publication_month>
<publication_day>20</publication_day>
<authors>
<author>
<id>4200019</id>
<name>Jamie Magee</name>
<link><![CDATA[https://www.goodreads.com/author/show/4200019.Jamie_Magee]]></link>
</author>
</authors>
</book>

          <book>
<id>8122052</id>
<title>Glimpse (Zellie Wells, #1)</title>
<title_without_series>Glimpse</title_without_series>
<link><![CDATA[https://www.goodreads.com/book/show/8122052-glimpse]]></link>
<small_image_url><![CDATA[https://images.gr-assets.com/books/1333585383s/8122052.jpg]]></small_image_url>
<image_url><![CDATA[https://images.gr-assets.com/books/1333585383m/8122052.jpg]]></image_url>
<num_pages>262</num_pages>
<work>
<id>12917539</id>
</work>
<isbn>1452858748</isbn>
<isbn13>9781452858746</isbn13>
<average_rating>3.59</average_rating>
<ratings_count>5674</ratings_count>
<publication_year>2010</publication_year>
<publication_month>5</publication_month>
<publication_day>9</publication_day>
<authors>
<author>
<id>3512625</id>
<name>Stacey Wallace Benefiel</name>
<link><![CDATA[https://www.goodreads.com/author/show/3512625.Stacey_Wallace_Benefiel]]></link>
</author>
</authors>
</book>

          <book>
<id>11384302</id>
<title>Gravity (Gravity, #1)</title>
<title_without_series>Gravity</title_without_series>
<link><![CDATA[https://www.goodreads.com/book/show/11384302-gravity]]></link>
<small_image_url><![CDATA[https://images.gr-assets.com/books/1329254849s/11384302.jpg]]></small_image_url>
<image_url><![CDATA[https://images.gr-assets.com/books/1329254849m/11384302.jpg]]></image_url>
<num_pages>257</num_pages>
<work>
<id>16315984</id>
</work>
<isbn></isbn>
<isbn13></isbn13>
<average_rating>3.81</average_rating>
<ratings_count>2912</ratings_count>
<publication_year>2011</publication_year>
<publication_month>5</publication_month>
<publication_day>13</publication_day>
<authors>
<author>
<id>4858270</id>
<name>Abigail Boyd</name>
<link><![CDATA[https://www.goodreads.com/author/show/4858270.Abigail_Boyd]]></link>
</author>
</authors>
</book>

          <book>
<id>10809019</id>
<title><![CDATA[Meant to Be (The Saving Angels, #1)]]></title>
<title_without_series>Meant to Be</title_without_series>
<link><![CDATA[https://www.goodreads.com/book/show/10809019-meant-to-be]]></link>
<small_image_url><![CDATA[https://images.gr-assets.com/books/1351113044s/10809019.jpg]]></small_image_url>
<image_url><![CDATA[https://images.gr-assets.com/books/1351113044m/10809019.jpg]]></image_url>
<num_pages>287</num_pages>
<work>
<id>15710429</id>
</work>
<isbn></isbn>
<isbn13></isbn13>
<average_rating>3.73</average_rating>
<ratings_count>5118</ratings_count>
<publication_year>2011</publication_year>
<publication_month>3</publication_month>
<publication_day>17</publication_day>
<authors>
<author>
<id>4719619</id>
<name>Tiffany King</name>
<link><![CDATA[https://www.goodreads.com/author/show/4719619.Tiffany_King]]></link>
</author>
</authors>
</book>

          <book>
<id>29858242</id>
<title>Captivated (Affliction, #1)</title>
<title_without_series>Captivated</title_without_series>
<link><![CDATA[https://www.goodreads.com/book/show/29858242-captivated]]></link>
<small_image_url><![CDATA[https://images.gr-assets.com/books/1460184087s/29858242.jpg]]></small_image_url>
<image_url><![CDATA[https://images.gr-assets.com/books/1460184087m/29858242.jpg]]></image_url>
<num_pages></num_pages>
<work>
<id>16004137</id>
</work>
<isbn></isbn>
<isbn13></isbn13>
<average_rating>3.90</average_rating>
<ratings_count>2675</ratings_count>
<publication_year>2016</publication_year>
<publication_month>4</publication_month>
<publication_day>5</publication_day>
<authors>
<author>
<id>4784370</id>
<name>E.M. Jade</name>
<link><![CDATA[https://www.goodreads.com/author/show/4784370.E_M_Jade]]></link>
</author>
</authors>
</book>

          <book>
<id>11274597</id>
<title>Earth (Elemental, #1)</title>
<title_without_series>Earth</title_without_series>
<link><![CDATA[https://www.goodreads.com/book/show/11274597-earth]]></link>
<small_image_url><![CDATA[https://images.gr-assets.com/books/1304552526s/11274597.jpg]]></small_image_url>
<image_url><![CDATA[https://images.gr-assets.com/books/1304552526m/11274597.jpg]]></image_url>
<num_pages>237</num_pages>
<work>
<id>16201644</id>
</work>
<isbn></isbn>
<isbn13>2940012582744</isbn13>
<average_rating>3.73</average_rating>
<ratings_count>1514</ratings_count>
<publication_year>2011</publication_year>
<publication_month>5</publication_month>
<publication_day>1</publication_day>
<authors>
<author>
<id>4828875</id>
<name>Shauna Granger</name>
<link><![CDATA[https://www.goodreads.com/author/show/4828875.Shauna_Granger]]></link>
</author>
</authors>
</book>

          <book>
<id>12801856</id>
<title>Bound (Arelia LaRue, #1)</title>
<title_without_series>Bound</title_without_series>
<link><![CDATA[https://www.goodreads.com/book/show/12801856-bound]]></link>
<small_image_url><![CDATA[https://s.gr-assets.com/assets/nophoto/book/50x75-a91bf249278a81aabab721ef782c4a74.png]]></small_image_url>
<image_url><![CDATA[https://s.gr-assets.com/assets/nophoto/book/111x148-bcc042a9c91a29c1d680899eff700a03.png]]></image_url>
<num_pages></num_pages>
<work>
<id>17950269</id>
</work>
<isbn></isbn>
<isbn13>2940032871132</isbn13>
<average_rating>3.80</average_rating>
<ratings_count>5964</ratings_count>
<publication_year>2011</publication_year>
<publication_month>11</publication_month>
<publication_day>1</publication_day>
<authors>
<author>
<id>5254679</id>
<name>Kira Saito</name>
<link><![CDATA[https://www.goodreads.com/author/show/5254679.Kira_Saito]]></link>
</author>
</authors>
</book>

          <book>
<id>12516692</id>
<title><![CDATA[Mortal Obligation (Dark Betrayal Trilogy, #1)]]></title>
<title_without_series>Mortal Obligation</title_without_series>
<link><![CDATA[https://www.goodreads.com/book/show/12516692-mortal-obligation]]></link>
<small_image_url><![CDATA[https://images.gr-assets.com/books/1339735342s/12516692.jpg]]></small_image_url>
<image_url><![CDATA[https://images.gr-assets.com/books/1339735342m/12516692.jpg]]></image_url>
<num_pages>192</num_pages>
<work>
<id>17131309</id>
</work>
<isbn>1466231440</isbn>
<isbn13>9781466231443</isbn13>
<average_rating>3.78</average_rating>
<ratings_count>3643</ratings_count>
<publication_year>2011</publication_year>
<publication_month>8</publication_month>
<publication_day>1</publication_day>
<authors>
<author>
<id>5074162</id>
<name>Nichole Chase</name>
<link><![CDATA[https://www.goodreads.com/author/show/5074162.Nichole_Chase]]></link>
</author>
</authors>
</book>

          <book>
<id>11449247</id>
<title><![CDATA[Anathema (Causal Enchantment, #1)]]></title>
<title_without_series>Anathema</title_without_series>
<link><![CDATA[https://www.goodreads.com/book/show/11449247-anathema]]></link>
<small_image_url><![CDATA[https://images.gr-assets.com/books/1367949012s/11449247.jpg]]></small_image_url>
<image_url><![CDATA[https://images.gr-assets.com/books/1367949012m/11449247.jpg]]></image_url>
<num_pages>284</num_pages>
<work>
<id>16351210</id>
</work>
<isbn>0986915505</isbn>
<isbn13>9780986915505</isbn13>
<average_rating>3.83</average_rating>
<ratings_count>4218</ratings_count>
<publication_year>2011</publication_year>
<publication_month>7</publication_month>
<publication_day>15</publication_day>
<authors>
<author>
<id>4866520</id>
<name>K.A. Tucker</name>
<link><![CDATA[https://www.goodreads.com/author/show/4866520.K_A_Tucker]]></link>
</author>
</authors>
</book>

          <book>
<id>19351259</id>
<title>Marked (Soul Guardians, #1)</title>
<title_without_series>Marked</title_without_series>
<link><![CDATA[https://www.goodreads.com/book/show/19351259-marked]]></link>
<small_image_url><![CDATA[https://images.gr-assets.com/books/1386704315s/19351259.jpg]]></small_image_url>
<image_url><![CDATA[https://images.gr-assets.com/books/1386704315m/19351259.jpg]]></image_url>
<num_pages>288</num_pages>
<work>
<id>15729324</id>
</work>
<isbn></isbn>
<isbn13></isbn13>
<average_rating>3.71</average_rating>
<ratings_count>5635</ratings_count>
<publication_year>2011</publication_year>
<publication_month>3</publication_month>
<publication_day>15</publication_day>
<authors>
<author>
<id>2053448</id>
<name>Kim Richardson</name>
<link><![CDATA[https://www.goodreads.com/author/show/2053448.Kim_Richardson]]></link>
</author>
</authors>
</book>

          <book>
<id>9306975</id>
<title><![CDATA[Jenny Pox (The Paranormals, #1)]]></title>
<title_without_series>Jenny Pox</title_without_series>
<link><![CDATA[https://www.goodreads.com/book/show/9306975-jenny-pox]]></link>
<small_image_url><![CDATA[https://images.gr-assets.com/books/1298773614s/9306975.jpg]]></small_image_url>
<image_url><![CDATA[https://images.gr-assets.com/books/1298773614m/9306975.jpg]]></image_url>
<num_pages>310</num_pages>
<work>
<id>13688634</id>
</work>
<isbn></isbn>
<isbn13>9781452484761</isbn13>
<average_rating>3.63</average_rating>
<ratings_count>7122</ratings_count>
<publication_year>2010</publication_year>
<publication_month>7</publication_month>
<publication_day>22</publication_day>
<authors>
<author>
<id>2917423</id>
<name>J.L. Bryan</name>
<link><![CDATA[https://www.goodreads.com/author/show/2917423.J_L_Bryan]]></link>
</author>
</authors>
</book>

          <book>
<id>6687158</id>
<title><![CDATA[Starfire Angels (Starfire Angels: Dark Angel Chronicles, #1)]]></title>
<title_without_series>Starfire Angels</title_without_series>
<link><![CDATA[https://www.goodreads.com/book/show/6687158-starfire-angels]]></link>
<small_image_url><![CDATA[https://images.gr-assets.com/books/1352859478s/6687158.jpg]]></small_image_url>
<image_url><![CDATA[https://images.gr-assets.com/books/1352859478m/6687158.jpg]]></image_url>
<num_pages>190</num_pages>
<work>
<id>6882492</id>
</work>
<isbn>1448631343</isbn>
<isbn13>9781448631346</isbn13>
<average_rating>3.74</average_rating>
<ratings_count>3673</ratings_count>
<publication_year>2009</publication_year>
<publication_month>8</publication_month>
<publication_day>4</publication_day>
<authors>
<author>
<id>2056014</id>
<name>Melanie Nilles</name>
<link><![CDATA[https://www.goodreads.com/author/show/2056014.Melanie_Nilles]]></link>
</author>
</authors>
</book>

          <book>
<id>9411579</id>
<title>Tempest (Destroyers, #1)</title>
<title_without_series>Tempest</title_without_series>
<link><![CDATA[https://www.goodreads.com/book/show/9411579-tempest]]></link>
<small_image_url><![CDATA[https://images.gr-assets.com/books/1370633543s/9411579.jpg]]></small_image_url>
<image_url><![CDATA[https://images.gr-assets.com/books/1370633543m/9411579.jpg]]></image_url>
<num_pages>286</num_pages>
<work>
<id>14295668</id>
</work>
<isbn></isbn>
<isbn13></isbn13>
<average_rating>3.60</average_rating>
<ratings_count>1793</ratings_count>
<publication_year>2010</publication_year>
<publication_month>9</publication_month>
<publication_day>14</publication_day>
<authors>
<author>
<id>4114641</id>
<name>Holly Hook</name>
<link><![CDATA[https://www.goodreads.com/author/show/4114641.Holly_Hook]]></link>
</author>
</authors>
</book>

          <book>
<id>11948797</id>
<title><![CDATA[Brightest Kind of Darkness (Brightest Kind of Darkness, #1)]]></title>
<title_without_series>Brightest Kind of Darkness</title_without_series>
<link><![CDATA[https://www.goodreads.com/book/show/11948797-brightest-kind-of-darkness]]></link>
<small_image_url><![CDATA[https://images.gr-assets.com/books/1327093449s/11948797.jpg]]></small_image_url>
<image_url><![CDATA[https://images.gr-assets.com/books/1327093449m/11948797.jpg]]></image_url>
<num_pages>357</num_pages>
<work>
<id>16331631</id>
</work>
<isbn></isbn>
<isbn13></isbn13>
<average_rating>3.93</average_rating>
<ratings_count>6086</ratings_count>
<publication_year>2011</publication_year>
<publication_month>6</publication_month>
<publication_day>27</publication_day>
<authors>
<author>
<id>4862274</id>
<name>P.T. Michelle</name>
<link><![CDATA[https://www.goodreads.com/author/show/4862274.P_T_Michelle]]></link>
</author>
</authors>
</book>

          <book>
<id>12884001</id>
<title>Ignite (Midnight Fire, #1)</title>
<title_without_series>Ignite</title_without_series>
<link><![CDATA[https://www.goodreads.com/book/show/12884001-ignite]]></link>
<small_image_url><![CDATA[https://images.gr-assets.com/books/1391060119s/12884001.jpg]]></small_image_url>
<image_url><![CDATA[https://images.gr-assets.com/books/1391060119m/12884001.jpg]]></image_url>
<num_pages>395</num_pages>
<work>
<id>18037309</id>
</work>
<isbn></isbn>
<isbn13></isbn13>
<average_rating>3.87</average_rating>
<ratings_count>6895</ratings_count>
<publication_year>2013</publication_year>
<publication_month>12</publication_month>
<publication_day>16</publication_day>
<authors>
<author>
<id>5276341</id>
<name>Kaitlyn Davis</name>
<link><![CDATA[https://www.goodreads.com/author/show/5276341.Kaitlyn_Davis]]></link>
</author>
</authors>
</book>

          <book>
<id>13077293</id>
<title><![CDATA[Survival (The Guardians of Vesturon, #1)]]></title>
<title_without_series>Survival</title_without_series>
<link><![CDATA[https://www.goodreads.com/book/show/13077293-survival]]></link>
<small_image_url><![CDATA[https://images.gr-assets.com/books/1342638285s/13077293.jpg]]></small_image_url>
<image_url><![CDATA[https://images.gr-assets.com/books/1342638285m/13077293.jpg]]></image_url>
<num_pages>276</num_pages>
<work>
<id>18244277</id>
</work>
<isbn></isbn>
<isbn13></isbn13>
<average_rating>3.78</average_rating>
<ratings_count>1575</ratings_count>
<publication_year>2012</publication_year>
<publication_month>7</publication_month>
<publication_day>26</publication_day>
<authors>
<author>
<id>5338829</id>
<name>A.M. Hargrove</name>
<link><![CDATA[https://www.goodreads.com/author/show/5338829.A_M_Hargrove]]></link>
</author>
</authors>
</book>

          <book>
<id>12567090</id>
<title>Become (Desolation, #1)</title>
<title_without_series>Become</title_without_series>
<link><![CDATA[https://www.goodreads.com/book/show/12567090-become]]></link>
<small_image_url><![CDATA[https://images.gr-assets.com/books/1355340288s/12567090.jpg]]></small_image_url>
<image_url><![CDATA[https://images.gr-assets.com/books/1355340288m/12567090.jpg]]></image_url>
<num_pages>340</num_pages>
<work>
<id>17575193</id>
</work>
<isbn></isbn>
<isbn13></isbn13>
<average_rating>3.64</average_rating>
<ratings_count>1749</ratings_count>
<publication_year>2011</publication_year>
<publication_month>10</publication_month>
<publication_day>15</publication_day>
<authors>
<author>
<id>5188441</id>
<name>Ali Cross</name>
<link><![CDATA[https://www.goodreads.com/author/show/5188441.Ali_Cross]]></link>
</author>
</authors>
</book>

          <book>
<id>12846930</id>
<title>Awakening (The Watchers, #1)</title>
<title_without_series>Awakening</title_without_series>
<link><![CDATA[https://www.goodreads.com/book/show/12846930-awakening]]></link>
<small_image_url><![CDATA[https://images.gr-assets.com/books/1328773870s/12846930.jpg]]></small_image_url>
<image_url><![CDATA[https://images.gr-assets.com/books/1328773870m/12846930.jpg]]></image_url>
<num_pages>312</num_pages>
<work>
<id>17998049</id>
</work>
<isbn>0615535186</isbn>
<isbn13>9780615535180</isbn13>
<average_rating>3.66</average_rating>
<ratings_count>6076</ratings_count>
<publication_year>2011</publication_year>
<publication_month>9</publication_month>
<publication_day>27</publication_day>
<authors>
<author>
<id>5240334</id>
<name>Karice Bolton</name>
<link><![CDATA[https://www.goodreads.com/author/show/5240334.Karice_Bolton]]></link>
</author>
</authors>
</book>

  </similar_books>
</book>

</GoodreadsResponse>