<?xml version="1.0" encoding="UTF-8"?>
<GoodreadsResponse>
  <Request>
    <authentication>true</authentication>
      <key><![CDATA[all_men_must_serve]]></key>
    <method><![CDATA[book_show]]></method>
  </Request>
  <book>
  <id>11076177</id>
  <title>The Cat&apos;s Table</title>
  <isbn><![CDATA[0224093614]]></isbn>
  <isbn13><![CDATA[9780224093613]]></isbn13>
  <asin><![CDATA[]]></asin>
  <kindle_asin><![CDATA[B005GOSTQC]]></kindle_asin>
  <marketplace_id><![CDATA[A1F83G8C2ARO7P]]></marketplace_id>
  <country_code><![CDATA[GB]]></country_code>
  <image_url>https://images.gr-assets.com/books/1327934764m/11076177.jpg</image_url>
  <small_image_url>https://images.gr-assets.com/books/1327934764s/11076177.jpg</small_image_url>
  <publication_year>2011</publication_year>
  <publication_month></publication_month>
  <publication_day></publication_day>
  <publisher>Cape</publisher>
  <language_code>eng</language_code>
  <is_ebook>false</is_ebook>
  <description><![CDATA[A spellbinding story - by turns poignant and electrifying - about the magical, often forbidden, discoveries of childhood and a lifelong journey that begins unexpectedly with a spectacular sea voyage.<br /><br />In the early 1950s, an eleven-year-old boy in Colombo boards a ship bound for England. At mealtimes he is seated at the "cat's table" - as far from the Captain's Table as can be - with a ragtag group of "insignificant" adults and two other boys, Cassius and Ramadhin. As the ship makes its way across the Indian Ocean, through the Suez Canal, into the Mediterranean, the boys tumble from one adventure to another, bursting all over the place like freed mercury. But there are other diversions as well: one man talks with them about jazz and women, another opens the door to the world of literature. The narrator's elusive, beautiful cousin Emily becomes his confidante, allowing him to see himself "with a distant eye" for the first time, and to feel the first stirring of desire. Another Cat's Table denizen, the shadowy Miss Lasqueti, is perhaps more than what she seems. And very late every night, the boys spy on a shackled prisoner, his crime and his fate a galvanizing mystery that will haunt them forever.<br /><br />As the narrative moves between the decks and holds of the ship and the boy's adult years, it tells a spellbinding story - by turns poignant and electrifying - about the magical, often forbidden, discoveries of childhood and a lifelong journey that begins unexpectedly with a spectacular sea voyage.]]></description>
  <work>
  <id type="integer">15238056</id>
  <books_count type="integer">62</books_count>
  <best_book_id type="integer">11076177</best_book_id>
  <reviews_count type="integer">37051</reviews_count>
  <ratings_sum type="integer">73803</ratings_sum>
  <ratings_count type="integer">20587</ratings_count>
  <text_reviews_count type="integer">2764</text_reviews_count>
  <original_publication_year type="integer">2011</original_publication_year>
  <original_publication_month type="integer" nil="true"/>
  <original_publication_day type="integer" nil="true"/>
  <original_title></original_title>
  <original_language_id type="integer" nil="true"/>
  <media_type>book</media_type>
  <rating_dist>5:3427|4:8275|3:6363|2:1957|1:565|total:20587</rating_dist>
  <desc_user_id type="integer">6355728</desc_user_id>
  <default_chaptering_book_id type="integer" nil="true"/>
  <default_description_language_code nil="true"/>
</work>
  <average_rating>3.58</average_rating>
  <num_pages><![CDATA[269]]></num_pages>
  <format><![CDATA[Hardcover]]></format>
  <edition_information><![CDATA[1st]]></edition_information>
  <ratings_count><![CDATA[16631]]></ratings_count>
  <text_reviews_count><![CDATA[2089]]></text_reviews_count>
  <url><![CDATA[https://www.goodreads.com/book/show/11076177-the-cat-s-table]]></url>
  <link><![CDATA[https://www.goodreads.com/book/show/11076177-the-cat-s-table]]></link>
  <authors>
<author>
<id>4030</id>
<name>Michael Ondaatje</name>
<role></role>
<image_url nophoto='false'>
<![CDATA[https://images.gr-assets.com/authors/1390116915p5/4030.jpg]]>
</image_url>
<small_image_url nophoto='false'>
<![CDATA[https://images.gr-assets.com/authors/1390116915p2/4030.jpg]]>
</small_image_url>
<link><![CDATA[https://www.goodreads.com/author/show/4030.Michael_Ondaatje]]></link>
<average_rating>3.80</average_rating>
<ratings_count>167633</ratings_count>
<text_reviews_count>10876</text_reviews_count>
</author>
</authors>

    <reviews_widget>
      <![CDATA[
        <style>
  #goodreads-widget {
    font-family: georgia, serif;
    padding: 18px 0;
    width:565px;
  }
  #goodreads-widget h1 {
    font-weight:normal;
    font-size: 16px;
    border-bottom: 1px solid #BBB596;
    margin-bottom: 0;
  }
  #goodreads-widget a {
    text-decoration: none;
    color:#660;
  }
  iframe{
    background-color: #fff;
  }
  #goodreads-widget a:hover { text-decoration: underline; }
  #goodreads-widget a:active {
    color:#660;
  }
  #gr_footer {
    width: 100%;
    border-top: 1px solid #BBB596;
    text-align: right;
  }
  #goodreads-widget .gr_branding{
    color: #382110;
    font-size: 11px;
    text-decoration: none;
    font-family: "Helvetica Neue", Helvetica, Arial, sans-serif;
  }
</style>
<div id="goodreads-widget">
  <div id="gr_header"><h1><a rel="nofollow" href="https://www.goodreads.com/book/show/11076177-the-cat-s-table">The Cat&#39;s Table Reviews</a></h1></div>
  <iframe id="the_iframe" src="https://www.goodreads.com/api/reviews_widget_iframe?did=DEVELOPER_ID&amp;format=html&amp;isbn=0224093614&amp;links=660&amp;min_rating=&amp;review_back=fff&amp;stars=000&amp;text=000" width="565" height="400" frameborder="0"></iframe>
  <div id="gr_footer">
    <a class="gr_branding" target="_blank" rel="nofollow" href="https://www.goodreads.com/book/show/11076177-the-cat-s-table?utm_medium=api&amp;utm_source=reviews_widget">Reviews from Goodreads.com</a>
  </div>
</div>

      ]]>
    </reviews_widget>
  <popular_shelves>
      <shelf name="to-read" count="1799"/>
      <shelf name="fiction" count="123"/>
      <shelf name="historical-fiction" count="47"/>
      <shelf name="kindle" count="41"/>
      <shelf name="coming-of-age" count="35"/>
      <shelf name="book-club" count="35"/>
      <shelf name="book-group" count="34"/>
      <shelf name="audio" count="33"/>
      <shelf name="audiobook" count="31"/>
      <shelf name="books-i-own" count="23"/>
      <shelf name="canadian" count="22"/>
      <shelf name="novel" count="22"/>
      <shelf name="didn-t-finish" count="22"/>
      <shelf name="did-not-finish" count="21"/>
      <shelf name="owned" count="20"/>
      <shelf name="adult" count="20"/>
      <shelf name="to-buy" count="20"/>
      <shelf name="1950s" count="19"/>
      <shelf name="read-in-2013" count="19"/>
      <shelf name="favorites" count="18"/>
      <shelf name="unfinished" count="17"/>
      <shelf name="memoir" count="17"/>
      <shelf name="mystery" count="17"/>
      <shelf name="to-read-fiction" count="17"/>
      <shelf name="sea-voyage" count="16"/>
      <shelf name="friendship" count="16"/>
      <shelf name="michael-ondaatje" count="16"/>
      <shelf name="relationships" count="15"/>
      <shelf name="owned-books" count="14"/>
      <shelf name="audiobooks" count="14"/>
      <shelf name="asia" count="14"/>
      <shelf name="wish-list" count="14"/>
      <shelf name="canadian-lit" count="13"/>
      <shelf name="2012-reads" count="13"/>
      <shelf name="england" count="13"/>
      <shelf name="contemporary-fiction" count="12"/>
      <shelf name="gave-up" count="12"/>
      <shelf name="modern-fiction" count="12"/>
      <shelf name="audio-book" count="12"/>
      <shelf name="adult-fiction" count="11"/>
      <shelf name="adventure" count="11"/>
      <shelf name="read-in-2014" count="11"/>
      <shelf name="young-adult" count="11"/>
      <shelf name="tournament-of-books-2012" count="11"/>
      <shelf name="tob-2012" count="11"/>
      <shelf name="audio-books" count="11"/>
      <shelf name="sri-lanka" count="10"/>
      <shelf name="bookclub" count="10"/>
      <shelf name="travel" count="9"/>
      <shelf name="canadá" count="9"/>
      <shelf name="i-own" count="9"/>
      <shelf name="sea" count="9"/>
      <shelf name="fiction-general" count="9"/>
      <shelf name="maybe" count="9"/>
      <shelf name="favourites" count="8"/>
      <shelf name="2013-reads" count="8"/>
      <shelf name="dnf" count="8"/>
      <shelf name="my-library" count="8"/>
      <shelf name="book-club-reads" count="8"/>
      <shelf name="library-book" count="8"/>
      <shelf name="contemporary-lit" count="8"/>
      <shelf name="2010s" count="8"/>
      <shelf name="kobo" count="8"/>
      <shelf name="currently-reading" count="7"/>
      <shelf name="read-in-2016" count="7"/>
      <shelf name="ondaatje" count="7"/>
      <shelf name="drama" count="7"/>
      <shelf name="india" count="7"/>
      <shelf name="have" count="7"/>
      <shelf name="canlit" count="6"/>
      <shelf name="historical" count="6"/>
      <shelf name="abandoned" count="6"/>
      <shelf name="immigrants" count="6"/>
      <shelf name="my-books" count="6"/>
      <shelf name="could-not-finish" count="6"/>
      <shelf name="of" count="6"/>
      <shelf name="coming" count="6"/>
      <shelf name="age" count="6"/>
      <shelf name="never-finished" count="6"/>
      <shelf name="listened-to" count="6"/>
      <shelf name="finished" count="6"/>
      <shelf name="literary-fiction" count="5"/>
      <shelf name="library" count="5"/>
      <shelf name="adolescents-unsupervised" count="5"/>
      <shelf name="shelfari-favorites" count="5"/>
      <shelf name="default" count="5"/>
      <shelf name="general-fiction" count="5"/>
      <shelf name="read-in-2015" count="5"/>
      <shelf name="read-2014" count="5"/>
      <shelf name="quit-reading" count="5"/>
      <shelf name="tbr" count="5"/>
      <shelf name="2013-books" count="5"/>
      <shelf name="own-to-read" count="5"/>
      <shelf name="read-2013" count="5"/>
      <shelf name="reviewed" count="5"/>
      <shelf name="sri" count="5"/>
      <shelf name="lanka" count="5"/>
      <shelf name="home-library" count="5"/>
      <shelf name="gave-up-on" count="5"/>
      <shelf name="on-hold" count="5"/>
  </popular_shelves>
  <book_links>
    <book_link>
  <id>8</id>
  <name>Libraries</name>
  <link>https://www.goodreads.com/book_link/follow/8</link>
</book_link>

  </book_links>
  <buy_links>
    <buy_link>
<id>1</id>
<name>Amazon</name>
<link>https://www.goodreads.com/book_link/follow/1</link>
</buy_link>
<buy_link>
<id>10</id>
<name>Audible</name>
<link>https://www.goodreads.com/book_link/follow/10</link>
</buy_link>
<buy_link>
<id>3</id>
<name>Barnes &amp; Noble</name>
<link>https://www.goodreads.com/book_link/follow/3</link>
</buy_link>
<buy_link>
<id>1027</id>
<name>Kobo</name>
<link>https://www.goodreads.com/book_link/follow/1027</link>
</buy_link>
<buy_link>
<id>2102</id>
<name>Apple iBooks</name>
<link>https://www.goodreads.com/book_link/follow/2102</link>
</buy_link>
<buy_link>
<id>8036</id>
<name>Google Play</name>
<link>https://www.goodreads.com/book_link/follow/8036</link>
</buy_link>
<buy_link>
<id>4</id>
<name>Abebooks</name>
<link>https://www.goodreads.com/book_link/follow/4</link>
</buy_link>
<buy_link>
<id>882</id>
<name>Book Depository</name>
<link>https://www.goodreads.com/book_link/follow/882</link>
</buy_link>
<buy_link>
<id>9</id>
<name>Indigo</name>
<link>https://www.goodreads.com/book_link/follow/9</link>
</buy_link>
<buy_link>
<id>2</id>
<name>Half.com</name>
<link>https://www.goodreads.com/book_link/follow/2</link>
</buy_link>
<buy_link>
<id>5</id>
<name>Alibris</name>
<link>https://www.goodreads.com/book_link/follow/5</link>
</buy_link>
<buy_link>
<id>107</id>
<name>Better World Books</name>
<link>https://www.goodreads.com/book_link/follow/107</link>
</buy_link>
<buy_link>
<id>7</id>
<name>IndieBound</name>
<link>https://www.goodreads.com/book_link/follow/7</link>
</buy_link>

  </buy_links>
  <series_works>
    
  </series_works>
      <public_document>
        <id>23728</id>
        <document_url>
          https://s3.amazonaws.com/compressed.photo.goodreads.com/documents/1341006340books/13536264.pdf
        </document_url>
      </public_document>
  <similar_books>
          <book>
<id>8801805</id>
<title>The Free World</title>
<title_without_series>The Free World</title_without_series>
<link><![CDATA[https://www.goodreads.com/book/show/8801805-the-free-world]]></link>
<small_image_url><![CDATA[https://images.gr-assets.com/books/1315596454s/8801805.jpg]]></small_image_url>
<image_url><![CDATA[https://images.gr-assets.com/books/1315596454m/8801805.jpg]]></image_url>
<num_pages></num_pages>
<work>
<id>13675919</id>
</work>
<isbn>0374281408</isbn>
<isbn13>9780374281403</isbn13>
<average_rating>3.33</average_rating>
<ratings_count>1513</ratings_count>
<publication_year>2011</publication_year>
<publication_month>3</publication_month>
<publication_day>29</publication_day>
<authors>
<author>
<id>55940</id>
<name>David Bezmozgis</name>
<link><![CDATA[https://www.goodreads.com/author/show/55940.David_Bezmozgis]]></link>
</author>
</authors>
</book>

          <book>
<id>12343668</id>
<title>The Antagonist</title>
<title_without_series>The Antagonist</title_without_series>
<link><![CDATA[https://www.goodreads.com/book/show/12343668-the-antagonist]]></link>
<small_image_url><![CDATA[https://images.gr-assets.com/books/1312915177s/12343668.jpg]]></small_image_url>
<image_url><![CDATA[https://images.gr-assets.com/books/1312915177m/12343668.jpg]]></image_url>
<num_pages>337</num_pages>
<work>
<id>17323002</id>
</work>
<isbn>0887842968</isbn>
<isbn13>9780887842962</isbn13>
<average_rating>3.60</average_rating>
<ratings_count>1544</ratings_count>
<publication_year>2011</publication_year>
<publication_month>9</publication_month>
<publication_day>3</publication_day>
<authors>
<author>
<id>189000</id>
<name>Lynn Coady</name>
<link><![CDATA[https://www.goodreads.com/author/show/189000.Lynn_Coady]]></link>
</author>
</authors>
</book>

          <book>
<id>11076123</id>
<title>Half Blood Blues</title>
<title_without_series>Half Blood Blues</title_without_series>
<link><![CDATA[https://www.goodreads.com/book/show/11076123-half-blood-blues]]></link>
<small_image_url><![CDATA[https://images.gr-assets.com/books/1309737674s/11076123.jpg]]></small_image_url>
<image_url><![CDATA[https://images.gr-assets.com/books/1309737674m/11076123.jpg]]></image_url>
<num_pages>343</num_pages>
<work>
<id>15997604</id>
</work>
<isbn>1846687756</isbn>
<isbn13>9781846687754</isbn13>
<average_rating>3.63</average_rating>
<ratings_count>11509</ratings_count>
<publication_year>2011</publication_year>
<publication_month>4</publication_month>
<publication_day>1</publication_day>
<authors>
<author>
<id>245590</id>
<name>Esi Edugyan</name>
<link><![CDATA[https://www.goodreads.com/author/show/245590.Esi_Edugyan]]></link>
</author>
</authors>
</book>

          <book>
<id>10772848</id>
<title>Into the Heart of the Country</title>
<title_without_series>Into the Heart of the Country</title_without_series>
<link><![CDATA[https://www.goodreads.com/book/show/10772848-into-the-heart-of-the-country]]></link>
<small_image_url><![CDATA[https://images.gr-assets.com/books/1343552158s/10772848.jpg]]></small_image_url>
<image_url><![CDATA[https://images.gr-assets.com/books/1343552158m/10772848.jpg]]></image_url>
<num_pages>400</num_pages>
<work>
<id>15684554</id>
</work>
<isbn>1554686342</isbn>
<isbn13>9781554686346</isbn13>
<average_rating>3.46</average_rating>
<ratings_count>80</ratings_count>
<publication_year></publication_year>
<publication_month></publication_month>
<publication_day></publication_day>
<authors>
<author>
<id>778405</id>
<name>Pauline Holdstock</name>
<link><![CDATA[https://www.goodreads.com/author/show/778405.Pauline_Holdstock]]></link>
</author>
</authors>
</book>

          <book>
<id>9083994</id>
<title>The Last Brother</title>
<title_without_series>The Last Brother</title_without_series>
<link><![CDATA[https://www.goodreads.com/book/show/9083994-the-last-brother]]></link>
<small_image_url><![CDATA[https://images.gr-assets.com/books/1312024054s/9083994.jpg]]></small_image_url>
<image_url><![CDATA[https://images.gr-assets.com/books/1312024054m/9083994.jpg]]></image_url>
<num_pages>165</num_pages>
<work>
<id>13962226</id>
</work>
<isbn>1555975755</isbn>
<isbn13>9781555975753</isbn13>
<average_rating>3.74</average_rating>
<ratings_count>1135</ratings_count>
<publication_year>2011</publication_year>
<publication_month>2</publication_month>
<publication_day>1</publication_day>
<authors>
<author>
<id>698775</id>
<name>Nathacha Appanah</name>
<link><![CDATA[https://www.goodreads.com/author/show/698775.Nathacha_Appanah]]></link>
</author>
</authors>
</book>

          <book>
<id>11074570</id>
<title>A Good Man</title>
<title_without_series>A Good Man</title_without_series>
<link><![CDATA[https://www.goodreads.com/book/show/11074570-a-good-man]]></link>
<small_image_url><![CDATA[https://images.gr-assets.com/books/1310572755s/11074570.jpg]]></small_image_url>
<image_url><![CDATA[https://images.gr-assets.com/books/1310572755m/11074570.jpg]]></image_url>
<num_pages>464</num_pages>
<work>
<id>15996042</id>
</work>
<isbn>0771087403</isbn>
<isbn13>9780771087400</isbn13>
<average_rating>3.92</average_rating>
<ratings_count>813</ratings_count>
<publication_year>2011</publication_year>
<publication_month>9</publication_month>
<publication_day>13</publication_day>
<authors>
<author>
<id>98125</id>
<name>Guy Vanderhaeghe</name>
<link><![CDATA[https://www.goodreads.com/author/show/98125.Guy_Vanderhaeghe]]></link>
</author>
</authors>
</book>

          <book>
<id>9351344</id>
<title>Light Lifting</title>
<title_without_series>Light Lifting</title_without_series>
<link><![CDATA[https://www.goodreads.com/book/show/9351344-light-lifting]]></link>
<small_image_url><![CDATA[https://images.gr-assets.com/books/1328697637s/9351344.jpg]]></small_image_url>
<image_url><![CDATA[https://images.gr-assets.com/books/1328697637m/9351344.jpg]]></image_url>
<num_pages>219</num_pages>
<work>
<id>14234730</id>
</work>
<isbn>1897231946</isbn>
<isbn13>9781897231944</isbn13>
<average_rating>3.90</average_rating>
<ratings_count>949</ratings_count>
<publication_year>2011</publication_year>
<publication_month>4</publication_month>
<publication_day>5</publication_day>
<authors>
<author>
<id>1966968</id>
<name>Alexander MacLeod</name>
<link><![CDATA[https://www.goodreads.com/author/show/1966968.Alexander_MacLeod]]></link>
</author>
</authors>
</book>

          <book>
<id>10868799</id>
<title>The Little Shadows</title>
<title_without_series>The Little Shadows</title_without_series>
<link><![CDATA[https://www.goodreads.com/book/show/10868799-the-little-shadows]]></link>
<small_image_url><![CDATA[https://s.gr-assets.com/assets/nophoto/book/50x75-a91bf249278a81aabab721ef782c4a74.png]]></small_image_url>
<image_url><![CDATA[https://s.gr-assets.com/assets/nophoto/book/111x148-bcc042a9c91a29c1d680899eff700a03.png]]></image_url>
<num_pages>544</num_pages>
<work>
<id>15784036</id>
</work>
<isbn>0385668910</isbn>
<isbn13>9780385668910</isbn13>
<average_rating>3.26</average_rating>
<ratings_count>720</ratings_count>
<publication_year>2011</publication_year>
<publication_month>9</publication_month>
<publication_day>27</publication_day>
<authors>
<author>
<id>1567757</id>
<name>Marina Endicott</name>
<link><![CDATA[https://www.goodreads.com/author/show/1567757.Marina_Endicott]]></link>
</author>
</authors>
</book>

          <book>
<id>6486765</id>
<title>February</title>
<title_without_series>February</title_without_series>
<link><![CDATA[https://www.goodreads.com/book/show/6486765-february]]></link>
<small_image_url><![CDATA[https://images.gr-assets.com/books/1328027313s/6486765.jpg]]></small_image_url>
<image_url><![CDATA[https://images.gr-assets.com/books/1328027313m/6486765.jpg]]></image_url>
<num_pages>310</num_pages>
<work>
<id>6678127</id>
</work>
<isbn>088784202X</isbn>
<isbn13>9780887842023</isbn13>
<average_rating>3.69</average_rating>
<ratings_count>5730</ratings_count>
<publication_year>2009</publication_year>
<publication_month>6</publication_month>
<publication_day>15</publication_day>
<authors>
<author>
<id>45886</id>
<name>Lisa Moore</name>
<link><![CDATA[https://www.goodreads.com/author/show/45886.Lisa_Moore]]></link>
</author>
</authors>
</book>

          <book>
<id>6276276</id>
<title>Galore</title>
<title_without_series>Galore</title_without_series>
<link><![CDATA[https://www.goodreads.com/book/show/6276276-galore]]></link>
<small_image_url><![CDATA[https://images.gr-assets.com/books/1327879454s/6276276.jpg]]></small_image_url>
<image_url><![CDATA[https://images.gr-assets.com/books/1327879454m/6276276.jpg]]></image_url>
<num_pages>336</num_pages>
<work>
<id>6459759</id>
</work>
<isbn>0385663145</isbn>
<isbn13>9780385663144</isbn13>
<average_rating>3.73</average_rating>
<ratings_count>4025</ratings_count>
<publication_year>2009</publication_year>
<publication_month>8</publication_month>
<publication_day>11</publication_day>
<authors>
<author>
<id>171079</id>
<name>Michael Crummey</name>
<link><![CDATA[https://www.goodreads.com/author/show/171079.Michael_Crummey]]></link>
</author>
</authors>
</book>

          <book>
<id>11691235</id>
<title>A World Elsewhere</title>
<title_without_series>A World Elsewhere</title_without_series>
<link><![CDATA[https://www.goodreads.com/book/show/11691235-a-world-elsewhere]]></link>
<small_image_url><![CDATA[https://images.gr-assets.com/books/1320423549s/11691235.jpg]]></small_image_url>
<image_url><![CDATA[https://images.gr-assets.com/books/1320423549m/11691235.jpg]]></image_url>
<num_pages>320</num_pages>
<work>
<id>16637952</id>
</work>
<isbn>0307399893</isbn>
<isbn13>9780307399892</isbn13>
<average_rating>3.49</average_rating>
<ratings_count>673</ratings_count>
<publication_year>2011</publication_year>
<publication_month>8</publication_month>
<publication_day>9</publication_day>
<authors>
<author>
<id>54816</id>
<name>Wayne Johnston</name>
<link><![CDATA[https://www.goodreads.com/author/show/54816.Wayne_Johnston]]></link>
</author>
</authors>
</book>

          <book>
<id>11010479</id>
<title>Monoceros</title>
<title_without_series>Monoceros</title_without_series>
<link><![CDATA[https://www.goodreads.com/book/show/11010479-monoceros]]></link>
<small_image_url><![CDATA[https://images.gr-assets.com/books/1328759374s/11010479.jpg]]></small_image_url>
<image_url><![CDATA[https://images.gr-assets.com/books/1328759374m/11010479.jpg]]></image_url>
<num_pages>272</num_pages>
<work>
<id>15929501</id>
</work>
<isbn>1552452417</isbn>
<isbn13>9781552452417</isbn13>
<average_rating>3.75</average_rating>
<ratings_count>371</ratings_count>
<publication_year>2011</publication_year>
<publication_month>10</publication_month>
<publication_day>4</publication_day>
<authors>
<author>
<id>182686</id>
<name>Suzette Mayr</name>
<link><![CDATA[https://www.goodreads.com/author/show/182686.Suzette_Mayr]]></link>
</author>
</authors>
</book>

          <book>
<id>11994903</id>
<title>Indian Horse</title>
<title_without_series>Indian Horse</title_without_series>
<link><![CDATA[https://www.goodreads.com/book/show/11994903-indian-horse]]></link>
<small_image_url><![CDATA[https://images.gr-assets.com/books/1327688060s/11994903.jpg]]></small_image_url>
<image_url><![CDATA[https://images.gr-assets.com/books/1327688060m/11994903.jpg]]></image_url>
<num_pages>221</num_pages>
<work>
<id>16959031</id>
</work>
<isbn>1553654021</isbn>
<isbn13>9781553654025</isbn13>
<average_rating>4.30</average_rating>
<ratings_count>5786</ratings_count>
<publication_year>2012</publication_year>
<publication_month>3</publication_month>
<publication_day>7</publication_day>
<authors>
<author>
<id>321537</id>
<name>Richard Wagamese</name>
<link><![CDATA[https://www.goodreads.com/author/show/321537.Richard_Wagamese]]></link>
</author>
</authors>
</book>

          <book>
<id>7811046</id>
<title>Cool Water (Juliet in Water)</title>
<title_without_series>Cool Water</title_without_series>
<link><![CDATA[https://www.goodreads.com/book/show/7811046-cool-water]]></link>
<small_image_url><![CDATA[https://images.gr-assets.com/books/1328027402s/7811046.jpg]]></small_image_url>
<image_url><![CDATA[https://images.gr-assets.com/books/1328027402m/7811046.jpg]]></image_url>
<num_pages>328</num_pages>
<work>
<id>10822802</id>
</work>
<isbn>1554685583</isbn>
<isbn13>9781554685585</isbn13>
<average_rating>3.68</average_rating>
<ratings_count>2250</ratings_count>
<publication_year>2010</publication_year>
<publication_month>3</publication_month>
<publication_day>1</publication_day>
<authors>
<author>
<id>307548</id>
<name>Dianne Warren</name>
<link><![CDATA[https://www.goodreads.com/author/show/307548.Dianne_Warren]]></link>
</author>
</authors>
</book>

          <book>
<id>8548164</id>
<title>Sanctuary Line</title>
<title_without_series>Sanctuary Line</title_without_series>
<link><![CDATA[https://www.goodreads.com/book/show/8548164-sanctuary-line]]></link>
<small_image_url><![CDATA[https://s.gr-assets.com/assets/nophoto/book/50x75-a91bf249278a81aabab721ef782c4a74.png]]></small_image_url>
<image_url><![CDATA[https://s.gr-assets.com/assets/nophoto/book/111x148-bcc042a9c91a29c1d680899eff700a03.png]]></image_url>
<num_pages>200</num_pages>
<work>
<id>13416090</id>
</work>
<isbn>1596923660</isbn>
<isbn13>9781596923669</isbn13>
<average_rating>3.47</average_rating>
<ratings_count>915</ratings_count>
<publication_year>2011</publication_year>
<publication_month>2</publication_month>
<publication_day>1</publication_day>
<authors>
<author>
<id>67482</id>
<name>Jane Urquhart</name>
<link><![CDATA[https://www.goodreads.com/author/show/67482.Jane_Urquhart]]></link>
</author>
</authors>
</book>

          <book>
<id>7975804</id>
<title>The High Road</title>
<title_without_series>The High Road</title_without_series>
<link><![CDATA[https://www.goodreads.com/book/show/7975804-the-high-road]]></link>
<small_image_url><![CDATA[https://images.gr-assets.com/books/1320562026s/7975804.jpg]]></small_image_url>
<image_url><![CDATA[https://images.gr-assets.com/books/1320562026m/7975804.jpg]]></image_url>
<num_pages>352</num_pages>
<work>
<id>12266716</id>
</work>
<isbn>0771047878</isbn>
<isbn13>9780771047879</isbn13>
<average_rating>3.97</average_rating>
<ratings_count>1955</ratings_count>
<publication_year>2010</publication_year>
<publication_month>9</publication_month>
<publication_day>7</publication_day>
<authors>
<author>
<id>908869</id>
<name>Terry Fallis</name>
<link><![CDATA[https://www.goodreads.com/author/show/908869.Terry_Fallis]]></link>
</author>
</authors>
</book>

          <book>
<id>9638778</id>
<title>The Beggar&apos;s Garden</title>
<title_without_series>The Beggar&apos;s Garden</title_without_series>
<link><![CDATA[https://www.goodreads.com/book/show/9638778-the-beggar-s-garden]]></link>
<small_image_url><![CDATA[https://images.gr-assets.com/books/1330669430s/9638778.jpg]]></small_image_url>
<image_url><![CDATA[https://images.gr-assets.com/books/1330669430m/9638778.jpg]]></image_url>
<num_pages>262</num_pages>
<work>
<id>14526177</id>
</work>
<isbn>1554688299</isbn>
<isbn13>9781554688296</isbn13>
<average_rating>3.78</average_rating>
<ratings_count>384</ratings_count>
<publication_year>2011</publication_year>
<publication_month>1</publication_month>
<publication_day>25</publication_day>
<authors>
<author>
<id>1034501</id>
<name>Michael Christie</name>
<link><![CDATA[https://www.goodreads.com/author/show/1034501.Michael_Christie]]></link>
</author>
</authors>
</book>

          <book>
<id>4578640</id>
<title>Born with a Tooth</title>
<title_without_series>Born with a Tooth</title_without_series>
<link><![CDATA[https://www.goodreads.com/book/show/4578640-born-with-a-tooth]]></link>
<small_image_url><![CDATA[https://images.gr-assets.com/books/1393783423s/4578640.jpg]]></small_image_url>
<image_url><![CDATA[https://images.gr-assets.com/books/1393783423m/4578640.jpg]]></image_url>
<num_pages>245</num_pages>
<work>
<id>4628032</id>
</work>
<isbn>1897151349</isbn>
<isbn13>9781897151341</isbn13>
<average_rating>4.04</average_rating>
<ratings_count>768</ratings_count>
<publication_year>2008</publication_year>
<publication_month>9</publication_month>
<publication_day>1</publication_day>
<authors>
<author>
<id>88550</id>
<name>Joseph Boyden</name>
<link><![CDATA[https://www.goodreads.com/author/show/88550.Joseph_Boyden]]></link>
</author>
</authors>
</book>

  </similar_books>
</book>

</GoodreadsResponse>