<?xml version="1.0" encoding="UTF-8"?>
<GoodreadsResponse>
  <Request>
    <authentication>true</authentication>
      <key><![CDATA[all_men_must_serve]]></key>
    <method><![CDATA[book_show]]></method>
  </Request>
  <book>
  <id>110763</id>
  <title>The Gnostic Gospels</title>
  <isbn><![CDATA[0679724532]]></isbn>
  <isbn13><![CDATA[9780679724537]]></isbn13>
  <asin><![CDATA[]]></asin>
  <kindle_asin><![CDATA[B00DHHFJSG]]></kindle_asin>
  <marketplace_id><![CDATA[A1F83G8C2ARO7P]]></marketplace_id>
  <country_code><![CDATA[GB]]></country_code>
  <image_url>https://images.gr-assets.com/books/1403187711m/110763.jpg</image_url>
  <small_image_url>https://images.gr-assets.com/books/1403187711s/110763.jpg</small_image_url>
  <publication_year>1989</publication_year>
  <publication_month>9</publication_month>
  <publication_day>19</publication_day>
  <publisher>Vintage</publisher>
  <language_code>en-US</language_code>
  <is_ebook>false</is_ebook>
  <description><![CDATA[The Gnostic Gospels is a landmark study of the long-buried roots of Christianity, a work of luminous scholarship and wide popular appeal. First published in 1979 to critical acclaim, winning the National Book Award and the National Book Critics Circle Award, The Gnostic Gospels has continued to grow in reputation and influence over the past two decades. It is now widely recognized as one of the most brilliant and accessible histories of early Christian spirituality published in our time.<br /><br />In 1945 an Egyptian peasant unearthed what proved to be the Gnostic Gospels, thirteen papyrus volumes that expounded a radically different view of the life and teachings of Jesus Christ from that of the New Testament. In this spellbinding book, renowned religious scholar Elaine Pagels elucidates the mysteries and meanings of these sacred texts both in the world of the first Christians and in the context of Christianity today.<br /><br />With insight and passion, Pagels explores a remarkable range of recently discovered gospels, including the Gospel of Thomas and the Gospel of Mary Magdalene, to show how a variety of “Christianities” emerged at a time of extraordinary spiritual upheaval. Some Christians questioned the need for clergy and church doctrine, and taught that the divine could be discovered through spiritual search. Many others, like Buddhists and Hindus, sought enlightenment — and access to God — within. Such explorations raised questions: Was the resurrection to be understood symbolically and not literally? Was God to be envisioned only in masculine form, or feminine as well? Was martyrdom a necessary — or worthy — expression of faith? These early Christians dared to ask questions that orthodox Christians later suppressed — and their explorations led to profoundly different visions of Jesus and his message. <br /><br />Brilliant, provocative, and stunning in its implications, The Gnostic Gospels is a radical, eloquent reconsideration of the origins of the Christian faith.]]></description>
  <work>
  <id type="integer">1167079</id>
  <books_count type="integer">37</books_count>
  <best_book_id type="integer">110763</best_book_id>
  <reviews_count type="integer">25217</reviews_count>
  <ratings_sum type="integer">46339</ratings_sum>
  <ratings_count type="integer">11789</ratings_count>
  <text_reviews_count type="integer">504</text_reviews_count>
  <original_publication_year type="integer">1979</original_publication_year>
  <original_publication_month type="integer">11</original_publication_month>
  <original_publication_day type="integer">12</original_publication_day>
  <original_title>The Gnostic Gospels</original_title>
  <original_language_id type="integer" nil="true"/>
  <media_type>book</media_type>
  <rating_dist>5:3751|4:4547|3:2676|2:553|1:262|total:11789</rating_dist>
  <desc_user_id type="integer">974210</desc_user_id>
  <default_chaptering_book_id type="integer" nil="true"/>
  <default_description_language_code nil="true"/>
</work>
  <average_rating>3.93</average_rating>
  <num_pages><![CDATA[218]]></num_pages>
  <format><![CDATA[Paperback]]></format>
  <edition_information><![CDATA[]]></edition_information>
  <ratings_count><![CDATA[11218]]></ratings_count>
  <text_reviews_count><![CDATA[454]]></text_reviews_count>
  <url><![CDATA[https://www.goodreads.com/book/show/110763.The_Gnostic_Gospels]]></url>
  <link><![CDATA[https://www.goodreads.com/book/show/110763.The_Gnostic_Gospels]]></link>
  <authors>
<author>
<id>14417372</id>
<name>Elaine Pagels</name>
<role></role>
<image_url nophoto='false'>
<![CDATA[https://images.gr-assets.com/authors/1442955411p5/14417372.jpg]]>
</image_url>
<small_image_url nophoto='false'>
<![CDATA[https://images.gr-assets.com/authors/1442955411p2/14417372.jpg]]>
</small_image_url>
<link><![CDATA[https://www.goodreads.com/author/show/14417372.Elaine_Pagels]]></link>
<average_rating>3.91</average_rating>
<ratings_count>27219</ratings_count>
<text_reviews_count>1336</text_reviews_count>
</author>
</authors>

    <reviews_widget>
      <![CDATA[
        <style>
  #goodreads-widget {
    font-family: georgia, serif;
    padding: 18px 0;
    width:565px;
  }
  #goodreads-widget h1 {
    font-weight:normal;
    font-size: 16px;
    border-bottom: 1px solid #BBB596;
    margin-bottom: 0;
  }
  #goodreads-widget a {
    text-decoration: none;
    color:#660;
  }
  iframe{
    background-color: #fff;
  }
  #goodreads-widget a:hover { text-decoration: underline; }
  #goodreads-widget a:active {
    color:#660;
  }
  #gr_footer {
    width: 100%;
    border-top: 1px solid #BBB596;
    text-align: right;
  }
  #goodreads-widget .gr_branding{
    color: #382110;
    font-size: 11px;
    text-decoration: none;
    font-family: "Helvetica Neue", Helvetica, Arial, sans-serif;
  }
</style>
<div id="goodreads-widget">
  <div id="gr_header"><h1><a rel="nofollow" href="https://www.goodreads.com/book/show/110763.The_Gnostic_Gospels">The Gnostic Gospels Reviews</a></h1></div>
  <iframe id="the_iframe" src="https://www.goodreads.com/api/reviews_widget_iframe?did=DEVELOPER_ID&amp;format=html&amp;isbn=0679724532&amp;links=660&amp;min_rating=&amp;review_back=fff&amp;stars=000&amp;text=000" width="565" height="400" frameborder="0"></iframe>
  <div id="gr_footer">
    <a class="gr_branding" target="_blank" rel="nofollow" href="https://www.goodreads.com/book/show/110763.The_Gnostic_Gospels?utm_medium=api&amp;utm_source=reviews_widget">Reviews from Goodreads.com</a>
  </div>
</div>

      ]]>
    </reviews_widget>
  <popular_shelves>
      <shelf name="to-read" count="2616"/>
      <shelf name="non-fiction" count="307"/>
      <shelf name="history" count="247"/>
      <shelf name="nonfiction" count="148"/>
      <shelf name="rory-gilmore-reading-challenge" count="128"/>
      <shelf name="currently-reading" count="111"/>
      <shelf name="religion" count="87"/>
      <shelf name="spirituality" count="84"/>
      <shelf name="christianity" count="83"/>
      <shelf name="rory-gilmore-challenge" count="62"/>
      <shelf name="theology" count="58"/>
      <shelf name="rory-gilmore" count="57"/>
      <shelf name="spiritual" count="50"/>
      <shelf name="philosophy" count="47"/>
      <shelf name="gilmore-girls" count="45"/>
      <shelf name="rory-gilmore-reading-list" count="42"/>
      <shelf name="favorites" count="40"/>
      <shelf name="gnosticism" count="40"/>
      <shelf name="religious" count="30"/>
      <shelf name="religious-studies" count="30"/>
      <shelf name="religion-spirituality" count="27"/>
      <shelf name="owned" count="26"/>
      <shelf name="gilmore" count="23"/>
      <shelf name="books-i-own" count="21"/>
      <shelf name="rory-gilmore-book-challenge" count="20"/>
      <shelf name="religion-philosophy" count="19"/>
      <shelf name="gilmore-girls-reading-list" count="18"/>
      <shelf name="bowie" count="17"/>
      <shelf name="christian" count="17"/>
      <shelf name="library" count="17"/>
      <shelf name="owned-books" count="14"/>
      <shelf name="reference" count="14"/>
      <shelf name="the-rory-gilmore-reading-challenge" count="13"/>
      <shelf name="gilmore-challenge" count="13"/>
      <shelf name="wish-list" count="13"/>
      <shelf name="spirituality-religion" count="13"/>
      <shelf name="gilmore-girls-reading-challenge" count="12"/>
      <shelf name="female-author" count="12"/>
      <shelf name="default" count="10"/>
      <shelf name="classics" count="10"/>
      <shelf name="audiobooks" count="9"/>
      <shelf name="fiction" count="9"/>
      <shelf name="national-book-award" count="9"/>
      <shelf name="rory" count="9"/>
      <shelf name="philosophy-religion" count="9"/>
      <shelf name="historical" count="9"/>
      <shelf name="biblical-studies" count="9"/>
      <shelf name="rory-gilmore-s-reading-challenge" count="8"/>
      <shelf name="rory-gilmore-list" count="8"/>
      <shelf name="church-history" count="8"/>
      <shelf name="faith" count="8"/>
      <shelf name="ancient-history" count="8"/>
      <shelf name="gnostic" count="8"/>
      <shelf name="rory-challenge" count="7"/>
      <shelf name="religion-and-spirituality" count="7"/>
      <shelf name="religion-and-philosophy" count="7"/>
      <shelf name="20th-century" count="7"/>
      <shelf name="to-buy" count="7"/>
      <shelf name="1970s" count="7"/>
      <shelf name="biblical" count="7"/>
      <shelf name="i-own" count="7"/>
      <shelf name="audiobook" count="7"/>
      <shelf name="my-library" count="7"/>
      <shelf name="religion-christianity" count="7"/>
      <shelf name="spirit" count="7"/>
      <shelf name="history-of-religion" count="6"/>
      <shelf name="gilmore-reading-list" count="6"/>
      <shelf name="rory-gilmore-book-list" count="6"/>
      <shelf name="gilmore-girls-book-list" count="6"/>
      <shelf name="to-read-non-fiction" count="6"/>
      <shelf name="bowie-s-top-100" count="6"/>
      <shelf name="reading-challenge" count="6"/>
      <shelf name="history-religion" count="6"/>
      <shelf name="gnosis" count="6"/>
      <shelf name="mythology" count="6"/>
      <shelf name="to-read-nonfiction" count="6"/>
      <shelf name="mysticism" count="6"/>
      <shelf name="rory-gilmore-s-reading-list" count="5"/>
      <shelf name="rory-gilmore-s-book-list" count="5"/>
      <shelf name="rory-s-book-list" count="5"/>
      <shelf name="esoterica" count="5"/>
      <shelf name="early-christianity" count="5"/>
      <shelf name="elaine-pagels" count="5"/>
      <shelf name="metaphysics" count="5"/>
      <shelf name="research" count="5"/>
      <shelf name="david-bowie-top-100" count="4"/>
      <shelf name="rory-gilmore-booklist" count="4"/>
      <shelf name="non-fic" count="4"/>
      <shelf name="gilmore-girls-books" count="4"/>
      <shelf name="ebook" count="4"/>
      <shelf name="rory-gilmore-books" count="4"/>
      <shelf name="the-rory-gilmore-book-challenge" count="4"/>
      <shelf name="gilmore-girls-list" count="4"/>
      <shelf name="my-books" count="4"/>
      <shelf name="rory-reading-challenge" count="4"/>
      <shelf name="home-library" count="4"/>
      <shelf name="gilmore-girls-challenge" count="4"/>
      <shelf name="rg-challenge" count="4"/>
      <shelf name="in-my-library" count="4"/>
      <shelf name="rory-s-list" count="4"/>
  </popular_shelves>
  <book_links>
    <book_link>
  <id>8</id>
  <name>Libraries</name>
  <link>https://www.goodreads.com/book_link/follow/8</link>
</book_link>

  </book_links>
  <buy_links>
    <buy_link>
<id>1</id>
<name>Amazon</name>
<link>https://www.goodreads.com/book_link/follow/1</link>
</buy_link>
<buy_link>
<id>10</id>
<name>Audible</name>
<link>https://www.goodreads.com/book_link/follow/10</link>
</buy_link>
<buy_link>
<id>3</id>
<name>Barnes &amp; Noble</name>
<link>https://www.goodreads.com/book_link/follow/3</link>
</buy_link>
<buy_link>
<id>1027</id>
<name>Kobo</name>
<link>https://www.goodreads.com/book_link/follow/1027</link>
</buy_link>
<buy_link>
<id>2102</id>
<name>Apple iBooks</name>
<link>https://www.goodreads.com/book_link/follow/2102</link>
</buy_link>
<buy_link>
<id>8036</id>
<name>Google Play</name>
<link>https://www.goodreads.com/book_link/follow/8036</link>
</buy_link>
<buy_link>
<id>4</id>
<name>Abebooks</name>
<link>https://www.goodreads.com/book_link/follow/4</link>
</buy_link>
<buy_link>
<id>882</id>
<name>Book Depository</name>
<link>https://www.goodreads.com/book_link/follow/882</link>
</buy_link>
<buy_link>
<id>9</id>
<name>Indigo</name>
<link>https://www.goodreads.com/book_link/follow/9</link>
</buy_link>
<buy_link>
<id>2</id>
<name>Half.com</name>
<link>https://www.goodreads.com/book_link/follow/2</link>
</buy_link>
<buy_link>
<id>5</id>
<name>Alibris</name>
<link>https://www.goodreads.com/book_link/follow/5</link>
</buy_link>
<buy_link>
<id>107</id>
<name>Better World Books</name>
<link>https://www.goodreads.com/book_link/follow/107</link>
</buy_link>
<buy_link>
<id>7</id>
<name>IndieBound</name>
<link>https://www.goodreads.com/book_link/follow/7</link>
</buy_link>

  </buy_links>
  <series_works>
    
  </series_works>
  <similar_books>
          <book>
<id>743049</id>
<title>The Nag Hammadi Library</title>
<title_without_series>The Nag Hammadi Library</title_without_series>
<link><![CDATA[https://www.goodreads.com/book/show/743049.The_Nag_Hammadi_Library]]></link>
<small_image_url><![CDATA[https://s.gr-assets.com/assets/nophoto/book/50x75-a91bf249278a81aabab721ef782c4a74.png]]></small_image_url>
<image_url><![CDATA[https://s.gr-assets.com/assets/nophoto/book/111x148-bcc042a9c91a29c1d680899eff700a03.png]]></image_url>
<num_pages>576</num_pages>
<work>
<id>729201</id>
</work>
<isbn>0060669357</isbn>
<isbn13>9780060669355</isbn13>
<average_rating>4.19</average_rating>
<ratings_count>3156</ratings_count>
<publication_year>1990</publication_year>
<publication_month>11</publication_month>
<publication_day>21</publication_day>
<authors>
<author>
<id>5158478</id>
<name>Anonymous</name>
<link><![CDATA[https://www.goodreads.com/author/show/5158478.Anonymous]]></link>
</author>
</authors>
</book>

          <book>
<id>90018</id>
<title>The Gnostic Bible</title>
<title_without_series>The Gnostic Bible</title_without_series>
<link><![CDATA[https://www.goodreads.com/book/show/90018.The_Gnostic_Bible]]></link>
<small_image_url><![CDATA[https://images.gr-assets.com/books/1320556836s/90018.jpg]]></small_image_url>
<image_url><![CDATA[https://images.gr-assets.com/books/1320556836m/90018.jpg]]></image_url>
<num_pages>880</num_pages>
<work>
<id>86882</id>
</work>
<isbn>1590301994</isbn>
<isbn13>9781590301999</isbn13>
<average_rating>4.15</average_rating>
<ratings_count>1815</ratings_count>
<publication_year>2009</publication_year>
<publication_month>6</publication_month>
<publication_day>30</publication_day>
<authors>
<author>
<id>51703</id>
<name>Willis Barnstone</name>
<link><![CDATA[https://www.goodreads.com/author/show/51703.Willis_Barnstone]]></link>
</author>
</authors>
</book>

          <book>
<id>71646</id>
<title><![CDATA[The Gospel of Mary of Magdala: Jesus and the First Woman Apostle]]></title>
<title_without_series><![CDATA[The Gospel of Mary of Magdala: Jesus and the First Woman Apostle]]></title_without_series>
<link><![CDATA[https://www.goodreads.com/book/show/71646.The_Gospel_of_Mary_of_Magdala]]></link>
<small_image_url><![CDATA[https://s.gr-assets.com/assets/nophoto/book/50x75-a91bf249278a81aabab721ef782c4a74.png]]></small_image_url>
<image_url><![CDATA[https://s.gr-assets.com/assets/nophoto/book/111x148-bcc042a9c91a29c1d680899eff700a03.png]]></image_url>
<num_pages></num_pages>
<work>
<id>69380</id>
</work>
<isbn>0944344585</isbn>
<isbn13>9780944344583</isbn13>
<average_rating>4.04</average_rating>
<ratings_count>792</ratings_count>
<publication_year></publication_year>
<publication_month></publication_month>
<publication_day></publication_day>
<authors>
<author>
<id>30944</id>
<name>Karen L. King</name>
<link><![CDATA[https://www.goodreads.com/author/show/30944.Karen_L_King]]></link>
</author>
</authors>
</book>

          <book>
<id>107273</id>
<title><![CDATA[Lost Christianities: The Battles for Scripture and the Faiths We Never Knew]]></title>
<title_without_series><![CDATA[Lost Christianities: The Battles for Scripture and the Faiths We Never Knew]]></title_without_series>
<link><![CDATA[https://www.goodreads.com/book/show/107273.Lost_Christianities]]></link>
<small_image_url><![CDATA[https://images.gr-assets.com/books/1477449180s/107273.jpg]]></small_image_url>
<image_url><![CDATA[https://images.gr-assets.com/books/1477449180m/107273.jpg]]></image_url>
<num_pages>294</num_pages>
<work>
<id>103407</id>
</work>
<isbn>0195182499</isbn>
<isbn13>9780195182491</isbn13>
<average_rating>4.03</average_rating>
<ratings_count>4364</ratings_count>
<publication_year>2005</publication_year>
<publication_month>9</publication_month>
<publication_day>15</publication_day>
<authors>
<author>
<id>643</id>
<name>Bart D. Ehrman</name>
<link><![CDATA[https://www.goodreads.com/author/show/643.Bart_D_Ehrman]]></link>
</author>
</authors>
</book>

          <book>
<id>392722</id>
<title><![CDATA[Gnosticism: New Light on the Ancient Tradition of Inner Knowing]]></title>
<title_without_series><![CDATA[Gnosticism: New Light on the Ancient Tradition of Inner Knowing]]></title_without_series>
<link><![CDATA[https://www.goodreads.com/book/show/392722.Gnosticism]]></link>
<small_image_url><![CDATA[https://images.gr-assets.com/books/1374654070s/392722.jpg]]></small_image_url>
<image_url><![CDATA[https://images.gr-assets.com/books/1374654070m/392722.jpg]]></image_url>
<num_pages>272</num_pages>
<work>
<id>382297</id>
</work>
<isbn>0835608166</isbn>
<isbn13>9780835608169</isbn13>
<average_rating>3.96</average_rating>
<ratings_count>280</ratings_count>
<publication_year>2002</publication_year>
<publication_month>7</publication_month>
<publication_day>1</publication_day>
<authors>
<author>
<id>223105</id>
<name>Stephan A. Hoeller</name>
<link><![CDATA[https://www.goodreads.com/author/show/223105.Stephan_A_Hoeller]]></link>
</author>
</authors>
</book>

          <book>
<id>197354</id>
<title><![CDATA[The Gospel of Thomas: The Hidden Sayings of Jesus]]></title>
<title_without_series><![CDATA[The Gospel of Thomas: The Hidden Sayings of Jesus]]></title_without_series>
<link><![CDATA[https://www.goodreads.com/book/show/197354.The_Gospel_of_Thomas]]></link>
<small_image_url><![CDATA[https://s.gr-assets.com/assets/nophoto/book/50x75-a91bf249278a81aabab721ef782c4a74.png]]></small_image_url>
<image_url><![CDATA[https://s.gr-assets.com/assets/nophoto/book/111x148-bcc042a9c91a29c1d680899eff700a03.png]]></image_url>
<num_pages></num_pages>
<work>
<id>190896</id>
</work>
<isbn>006065581X</isbn>
<isbn13>9780060655815</isbn13>
<average_rating>4.11</average_rating>
<ratings_count>1635</ratings_count>
<publication_year>1992</publication_year>
<publication_month>11</publication_month>
<publication_day>13</publication_day>
<authors>
<author>
<id>7710769</id>
<name>Apostle Thomas</name>
<link><![CDATA[https://www.goodreads.com/author/show/7710769.Apostle_Thomas]]></link>
</author>
</authors>
</book>

          <book>
<id>104278</id>
<title>The Gospel of Judas</title>
<title_without_series>The Gospel of Judas</title_without_series>
<link><![CDATA[https://www.goodreads.com/book/show/104278.The_Gospel_of_Judas]]></link>
<small_image_url><![CDATA[https://images.gr-assets.com/books/1320489368s/104278.jpg]]></small_image_url>
<image_url><![CDATA[https://images.gr-assets.com/books/1320489368m/104278.jpg]]></image_url>
<num_pages>192</num_pages>
<work>
<id>100540</id>
</work>
<isbn>1426200420</isbn>
<isbn13>9781426200427</isbn13>
<average_rating>3.76</average_rating>
<ratings_count>2220</ratings_count>
<publication_year>2006</publication_year>
<publication_month>4</publication_month>
<publication_day>6</publication_day>
<authors>
<author>
<id>535496</id>
<name>Rodolphe Kasser</name>
<link><![CDATA[https://www.goodreads.com/author/show/535496.Rodolphe_Kasser]]></link>
</author>
</authors>
</book>

          <book>
<id>223887</id>
<title><![CDATA[The Jesus Mysteries: Was the "Original Jesus" a Pagan God?]]></title>
<title_without_series><![CDATA[The Jesus Mysteries: Was the "Original Jesus" a Pagan God?]]></title_without_series>
<link><![CDATA[https://www.goodreads.com/book/show/223887.The_Jesus_Mysteries]]></link>
<small_image_url><![CDATA[https://s.gr-assets.com/assets/nophoto/book/50x75-a91bf249278a81aabab721ef782c4a74.png]]></small_image_url>
<image_url><![CDATA[https://s.gr-assets.com/assets/nophoto/book/111x148-bcc042a9c91a29c1d680899eff700a03.png]]></image_url>
<num_pages>360</num_pages>
<work>
<id>972676</id>
</work>
<isbn>0609807986</isbn>
<isbn13>9780609807989</isbn13>
<average_rating>3.95</average_rating>
<ratings_count>1295</ratings_count>
<publication_year>2001</publication_year>
<publication_month>9</publication_month>
<publication_day>25</publication_day>
<authors>
<author>
<id>5383</id>
<name>Tim Freke</name>
<link><![CDATA[https://www.goodreads.com/author/show/5383.Tim_Freke]]></link>
</author>
</authors>
</book>

          <book>
<id>40531</id>
<title><![CDATA[Meeting Jesus Again for the First Time: The Historical Jesus and the Heart of Contemporary Faith]]></title>
<title_without_series><![CDATA[Meeting Jesus Again for the First Time: The Historical Jesus and the Heart of Contemporary Faith]]></title_without_series>
<link><![CDATA[https://www.goodreads.com/book/show/40531.Meeting_Jesus_Again_for_the_First_Time]]></link>
<small_image_url><![CDATA[https://images.gr-assets.com/books/1400833927s/40531.jpg]]></small_image_url>
<image_url><![CDATA[https://images.gr-assets.com/books/1400833927m/40531.jpg]]></image_url>
<num_pages>160</num_pages>
<work>
<id>40118</id>
</work>
<isbn>0060609176</isbn>
<isbn13>9780060609177</isbn13>
<average_rating>4.12</average_rating>
<ratings_count>3681</ratings_count>
<publication_year>2015</publication_year>
<publication_month>4</publication_month>
<publication_day>7</publication_day>
<authors>
<author>
<id>22721</id>
<name>Marcus J. Borg</name>
<link><![CDATA[https://www.goodreads.com/author/show/22721.Marcus_J_Borg]]></link>
</author>
</authors>
</book>

          <book>
<id>88475</id>
<title><![CDATA[Forbidden Faith: The Secret History of Gnosticism]]></title>
<title_without_series><![CDATA[Forbidden Faith: The Secret History of Gnosticism]]></title_without_series>
<link><![CDATA[https://www.goodreads.com/book/show/88475.Forbidden_Faith]]></link>
<small_image_url><![CDATA[https://images.gr-assets.com/books/1422817383s/88475.jpg]]></small_image_url>
<image_url><![CDATA[https://images.gr-assets.com/books/1422817383m/88475.jpg]]></image_url>
<num_pages>256</num_pages>
<work>
<id>85378</id>
</work>
<isbn>0060783397</isbn>
<isbn13>9780060783396</isbn13>
<average_rating>3.73</average_rating>
<ratings_count>160</ratings_count>
<publication_year>2006</publication_year>
<publication_month>4</publication_month>
<publication_day>1</publication_day>
<authors>
<author>
<id>50857</id>
<name>Richard Smoley</name>
<link><![CDATA[https://www.goodreads.com/author/show/50857.Richard_Smoley]]></link>
</author>
</authors>
</book>

          <book>
<id>610018</id>
<title><![CDATA[The Historical Jesus: The Life of a Mediterranean Jewish Peasant]]></title>
<title_without_series><![CDATA[The Historical Jesus: The Life of a Mediterranean Jewish Peasant]]></title_without_series>
<link><![CDATA[https://www.goodreads.com/book/show/610018.The_Historical_Jesus]]></link>
<small_image_url><![CDATA[https://s.gr-assets.com/assets/nophoto/book/50x75-a91bf249278a81aabab721ef782c4a74.png]]></small_image_url>
<image_url><![CDATA[https://s.gr-assets.com/assets/nophoto/book/111x148-bcc042a9c91a29c1d680899eff700a03.png]]></image_url>
<num_pages></num_pages>
<work>
<id>596499</id>
</work>
<isbn>0060616296</isbn>
<isbn13>9780060616298</isbn13>
<average_rating>4.03</average_rating>
<ratings_count>1497</ratings_count>
<publication_year>1993</publication_year>
<publication_month>2</publication_month>
<publication_day>26</publication_day>
<authors>
<author>
<id>43692</id>
<name>John Dominic Crossan</name>
<link><![CDATA[https://www.goodreads.com/author/show/43692.John_Dominic_Crossan]]></link>
</author>
</authors>
</book>

          <book>
<id>64990</id>
<title><![CDATA[The Lost Gospel: The Book of Q and Christian Origins]]></title>
<title_without_series><![CDATA[The Lost Gospel: The Book of Q and Christian Origins]]></title_without_series>
<link><![CDATA[https://www.goodreads.com/book/show/64990.The_Lost_Gospel]]></link>
<small_image_url><![CDATA[https://s.gr-assets.com/assets/nophoto/book/50x75-a91bf249278a81aabab721ef782c4a74.png]]></small_image_url>
<image_url><![CDATA[https://s.gr-assets.com/assets/nophoto/book/111x148-bcc042a9c91a29c1d680899eff700a03.png]]></image_url>
<num_pages></num_pages>
<work>
<id>63064</id>
</work>
<isbn>0060653752</isbn>
<isbn13>9780060653750</isbn13>
<average_rating>3.90</average_rating>
<ratings_count>650</ratings_count>
<publication_year></publication_year>
<publication_month></publication_month>
<publication_day></publication_day>
<authors>
<author>
<id>36671</id>
<name>Burton L. Mack</name>
<link><![CDATA[https://www.goodreads.com/author/show/36671.Burton_L_Mack]]></link>
</author>
</authors>
</book>

          <book>
<id>893023</id>
<title><![CDATA[The Mojo Collection: The Ultimate Music Companion]]></title>
<title_without_series><![CDATA[The Mojo Collection: The Ultimate Music Companion]]></title_without_series>
<link><![CDATA[https://www.goodreads.com/book/show/893023.The_Mojo_Collection]]></link>
<small_image_url><![CDATA[https://s.gr-assets.com/assets/nophoto/book/50x75-a91bf249278a81aabab721ef782c4a74.png]]></small_image_url>
<image_url><![CDATA[https://s.gr-assets.com/assets/nophoto/book/111x148-bcc042a9c91a29c1d680899eff700a03.png]]></image_url>
<num_pages>868</num_pages>
<work>
<id>878255</id>
</work>
<isbn>1841954381</isbn>
<isbn13>9781841954387</isbn13>
<average_rating>3.97</average_rating>
<ratings_count>201</ratings_count>
<publication_year>2003</publication_year>
<publication_month>10</publication_month>
<publication_day>6</publication_day>
<authors>
<author>
<id>458586</id>
<name>Jim Irvin</name>
<link><![CDATA[https://www.goodreads.com/author/show/458586.Jim_Irvin]]></link>
</author>
</authors>
</book>

          <book>
<id>90021</id>
<title><![CDATA[The Gnostic Scriptures: Ancient Wisdom for the New Age]]></title>
<title_without_series><![CDATA[The Gnostic Scriptures: Ancient Wisdom for the New Age]]></title_without_series>
<link><![CDATA[https://www.goodreads.com/book/show/90021.The_Gnostic_Scriptures]]></link>
<small_image_url><![CDATA[https://s.gr-assets.com/assets/nophoto/book/50x75-a91bf249278a81aabab721ef782c4a74.png]]></small_image_url>
<image_url><![CDATA[https://s.gr-assets.com/assets/nophoto/book/111x148-bcc042a9c91a29c1d680899eff700a03.png]]></image_url>
<num_pages>576</num_pages>
<work>
<id>86885</id>
</work>
<isbn></isbn>
<isbn13>9780385478434</isbn13>
<average_rating>3.99</average_rating>
<ratings_count>92</ratings_count>
<publication_year>1995</publication_year>
<publication_month>8</publication_month>
<publication_day>1</publication_day>
<authors>
<author>
<id>51702</id>
<name>Bentley Layton</name>
<link><![CDATA[https://www.goodreads.com/author/show/51702.Bentley_Layton]]></link>
</author>
</authors>
</book>

          <book>
<id>724925</id>
<title><![CDATA[The Fall of the Athenian Empire]]></title>
<title_without_series><![CDATA[The Fall of the Athenian Empire]]></title_without_series>
<link><![CDATA[https://www.goodreads.com/book/show/724925.The_Fall_of_the_Athenian_Empire]]></link>
<small_image_url><![CDATA[https://s.gr-assets.com/assets/nophoto/book/50x75-a91bf249278a81aabab721ef782c4a74.png]]></small_image_url>
<image_url><![CDATA[https://s.gr-assets.com/assets/nophoto/book/111x148-bcc042a9c91a29c1d680899eff700a03.png]]></image_url>
<num_pages>480</num_pages>
<work>
<id>288090</id>
</work>
<isbn>0801499844</isbn>
<isbn13>9780801499845</isbn13>
<average_rating>4.07</average_rating>
<ratings_count>175</ratings_count>
<publication_year>1991</publication_year>
<publication_month>7</publication_month>
<publication_day>23</publication_day>
<authors>
<author>
<id>12805</id>
<name>Donald Kagan</name>
<link><![CDATA[https://www.goodreads.com/author/show/12805.Donald_Kagan]]></link>
</author>
</authors>
</book>

          <book>
<id>789185</id>
<title><![CDATA[Gnosis: The Nature and History of Gnosticism]]></title>
<title_without_series><![CDATA[Gnosis: The Nature and History of Gnosticism]]></title_without_series>
<link><![CDATA[https://www.goodreads.com/book/show/789185.Gnosis]]></link>
<small_image_url><![CDATA[https://s.gr-assets.com/assets/nophoto/book/50x75-a91bf249278a81aabab721ef782c4a74.png]]></small_image_url>
<image_url><![CDATA[https://s.gr-assets.com/assets/nophoto/book/111x148-bcc042a9c91a29c1d680899eff700a03.png]]></image_url>
<num_pages>413</num_pages>
<work>
<id>775174</id>
</work>
<isbn>0060670185</isbn>
<isbn13>9780060670184</isbn13>
<average_rating>3.90</average_rating>
<ratings_count>162</ratings_count>
<publication_year>1987</publication_year>
<publication_month>5</publication_month>
<publication_day>6</publication_day>
<authors>
<author>
<id>319648</id>
<name>Kurt Rudolph</name>
<link><![CDATA[https://www.goodreads.com/author/show/319648.Kurt_Rudolph]]></link>
</author>
</authors>
</book>

          <book>
<id>650432</id>
<title><![CDATA[The Gnostic Religion: The Message of the Alien God and the Beginnings of Christianity]]></title>
<title_without_series><![CDATA[The Gnostic Religion: The Message of the Alien God and the Beginnings of Christianity]]></title_without_series>
<link><![CDATA[https://www.goodreads.com/book/show/650432.The_Gnostic_Religion]]></link>
<small_image_url><![CDATA[https://s.gr-assets.com/assets/nophoto/book/50x75-a91bf249278a81aabab721ef782c4a74.png]]></small_image_url>
<image_url><![CDATA[https://s.gr-assets.com/assets/nophoto/book/111x148-bcc042a9c91a29c1d680899eff700a03.png]]></image_url>
<num_pages>396</num_pages>
<work>
<id>636570</id>
</work>
<isbn>0807058017</isbn>
<isbn13>9780807058015</isbn13>
<average_rating>4.19</average_rating>
<ratings_count>246</ratings_count>
<publication_year>2001</publication_year>
<publication_month>1</publication_month>
<publication_day>16</publication_day>
<authors>
<author>
<id>5391</id>
<name>Hans Jonas</name>
<link><![CDATA[https://www.goodreads.com/author/show/5391.Hans_Jonas]]></link>
</author>
</authors>
</book>

          <book>
<id>876172</id>
<title><![CDATA[The Life And Times Of Little Richard]]></title>
<title_without_series><![CDATA[The Life And Times Of Little Richard]]></title_without_series>
<link><![CDATA[https://www.goodreads.com/book/show/876172.The_Life_And_Times_Of_Little_Richard]]></link>
<small_image_url><![CDATA[https://images.gr-assets.com/books/1328831577s/876172.jpg]]></small_image_url>
<image_url><![CDATA[https://images.gr-assets.com/books/1328831577m/876172.jpg]]></image_url>
<num_pages></num_pages>
<work>
<id>633200</id>
</work>
<isbn>0711997616</isbn>
<isbn13>9780711997615</isbn13>
<average_rating>3.95</average_rating>
<ratings_count>253</ratings_count>
<publication_year></publication_year>
<publication_month></publication_month>
<publication_day></publication_day>
<authors>
<author>
<id>4112922</id>
<name>Charles      White</name>
<link><![CDATA[https://www.goodreads.com/author/show/4112922.Charles_White]]></link>
</author>
</authors>
</book>

  </similar_books>
</book>

</GoodreadsResponse>