<?xml version="1.0" encoding="UTF-8"?>
<GoodreadsResponse>
  <Request>
    <authentication>true</authentication>
      <key><![CDATA[all_men_must_serve]]></key>
    <method><![CDATA[book_show]]></method>
  </Request>
  <book>
  <id>110737</id>
  <title><![CDATA[Seabiscuit: An American Legend]]></title>
  <isbn><![CDATA[0345465083]]></isbn>
  <isbn13><![CDATA[9780345465085]]></isbn13>
  <asin><![CDATA[]]></asin>
  <kindle_asin><![CDATA[B00HY59F4G]]></kindle_asin>
  <marketplace_id><![CDATA[A1F83G8C2ARO7P]]></marketplace_id>
  <country_code><![CDATA[GB]]></country_code>
  <image_url>https://images.gr-assets.com/books/1171644213m/110737.jpg</image_url>
  <small_image_url>https://images.gr-assets.com/books/1171644213s/110737.jpg</small_image_url>
  <publication_year></publication_year>
  <publication_month></publication_month>
  <publication_day></publication_day>
  <publisher></publisher>
  <language_code>en-US</language_code>
  <is_ebook>false</is_ebook>
  <description><![CDATA[<b>There's an alternate cover edition <a href="https://www.goodreads.com/book/show/16164863-seabiscuit" rel="nofollow">here</a></b><br /><br />Seabiscuit was one of the most electrifying and popular attractions in sports history and the single biggest newsmaker in the world in 1938, receiving more coverage than FDR, Hitler, or Mussolini. But his success was a surprise to the racing establishment, which had written off the crooked-legged racehorse with the sad tail. Three men changed Seabiscuit’s fortunes:<br /><br />Charles Howard was a onetime bicycle repairman who introduced the automobile to the western United States and became an overnight millionaire. When he needed a trainer for his new racehorses, he hired Tom Smith, a mysterious mustang breaker from the Colorado plains. Smith urged Howard to buy Seabiscuit for a bargain-basement price, then hired as his jockey Red Pollard, a failed boxer who was blind in one eye, half-crippled, and prone to quoting passages from Ralph Waldo Emerson. Over four years, these unlikely partners survived a phenomenal run of bad fortune, conspiracy, and severe injury to transform Seabiscuit from a neurotic, pathologically indolent also-ran into an American sports icon. <br /><br />Author Laura Hillenbrand brilliantly re-creates a universal underdog story, one that proves life is a horse race.<br /><br /><br /><i>From the Hardcover edition.</i>]]></description>
  <work>
  <id type="integer">17572</id>
  <books_count type="integer">63</books_count>
  <best_book_id type="integer">110737</best_book_id>
  <reviews_count type="integer">164176</reviews_count>
  <ratings_sum type="integer">491238</ratings_sum>
  <ratings_count type="integer">117042</ratings_count>
  <text_reviews_count type="integer">3638</text_reviews_count>
  <original_publication_year type="integer">1999</original_publication_year>
  <original_publication_month type="integer">6</original_publication_month>
  <original_publication_day type="integer">30</original_publication_day>
  <original_title>Seabiscuit</original_title>
  <original_language_id type="integer" nil="true"/>
  <media_type>book</media_type>
  <rating_dist>5:52226|4:41897|3:18074|2:3453|1:1392|total:117042</rating_dist>
  <desc_user_id type="integer">9032903</desc_user_id>
  <default_chaptering_book_id type="integer" nil="true"/>
  <default_description_language_code nil="true"/>
</work>
  <average_rating>4.20</average_rating>
  <num_pages><![CDATA[457]]></num_pages>
  <format><![CDATA[Mass Market Paperback]]></format>
  <edition_information><![CDATA[]]></edition_information>
  <ratings_count><![CDATA[111552]]></ratings_count>
  <text_reviews_count><![CDATA[3103]]></text_reviews_count>
  <url><![CDATA[https://www.goodreads.com/book/show/110737.Seabiscuit]]></url>
  <link><![CDATA[https://www.goodreads.com/book/show/110737.Seabiscuit]]></link>
  <authors>
<author>
<id>30913</id>
<name>Laura Hillenbrand</name>
<role></role>
<image_url nophoto='false'>
<![CDATA[https://images.gr-assets.com/authors/1381983639p5/30913.jpg]]>
</image_url>
<small_image_url nophoto='false'>
<![CDATA[https://images.gr-assets.com/authors/1381983639p2/30913.jpg]]>
</small_image_url>
<link><![CDATA[https://www.goodreads.com/author/show/30913.Laura_Hillenbrand]]></link>
<average_rating>4.36</average_rating>
<ratings_count>648695</ratings_count>
<text_reviews_count>45522</text_reviews_count>
</author>
</authors>

    <reviews_widget>
      <![CDATA[
        <style>
  #goodreads-widget {
    font-family: georgia, serif;
    padding: 18px 0;
    width:565px;
  }
  #goodreads-widget h1 {
    font-weight:normal;
    font-size: 16px;
    border-bottom: 1px solid #BBB596;
    margin-bottom: 0;
  }
  #goodreads-widget a {
    text-decoration: none;
    color:#660;
  }
  iframe{
    background-color: #fff;
  }
  #goodreads-widget a:hover { text-decoration: underline; }
  #goodreads-widget a:active {
    color:#660;
  }
  #gr_footer {
    width: 100%;
    border-top: 1px solid #BBB596;
    text-align: right;
  }
  #goodreads-widget .gr_branding{
    color: #382110;
    font-size: 11px;
    text-decoration: none;
    font-family: "Helvetica Neue", Helvetica, Arial, sans-serif;
  }
</style>
<div id="goodreads-widget">
  <div id="gr_header"><h1><a rel="nofollow" href="https://www.goodreads.com/book/show/110737.Seabiscuit">Seabiscuit Reviews</a></h1></div>
  <iframe id="the_iframe" src="https://www.goodreads.com/api/reviews_widget_iframe?did=DEVELOPER_ID&amp;format=html&amp;isbn=0345465083&amp;links=660&amp;min_rating=&amp;review_back=fff&amp;stars=000&amp;text=000" width="565" height="400" frameborder="0"></iframe>
  <div id="gr_footer">
    <a class="gr_branding" target="_blank" rel="nofollow" href="https://www.goodreads.com/book/show/110737.Seabiscuit?utm_medium=api&amp;utm_source=reviews_widget">Reviews from Goodreads.com</a>
  </div>
</div>

      ]]>
    </reviews_widget>
  <popular_shelves>
      <shelf name="non-fiction" count="1695"/>
      <shelf name="to-read" count="1183"/>
      <shelf name="currently-reading" count="898"/>
      <shelf name="nonfiction" count="749"/>
      <shelf name="history" count="710"/>
      <shelf name="favorites" count="575"/>
      <shelf name="biography" count="529"/>
      <shelf name="sports" count="365"/>
      <shelf name="animals" count="279"/>
      <shelf name="horses" count="195"/>
      <shelf name="book-club" count="187"/>
      <shelf name="books-i-own" count="181"/>
      <shelf name="owned" count="171"/>
      <shelf name="historical" count="113"/>
      <shelf name="rory-gilmore-reading-challenge" count="110"/>
      <shelf name="fiction" count="99"/>
      <shelf name="audio" count="71"/>
      <shelf name="american-history" count="71"/>
      <shelf name="historical-fiction" count="70"/>
      <shelf name="horse-racing" count="68"/>
      <shelf name="biographies" count="65"/>
      <shelf name="owned-books" count="62"/>
      <shelf name="default" count="61"/>
      <shelf name="rory-gilmore-challenge" count="59"/>
      <shelf name="biography-memoir" count="59"/>
      <shelf name="audiobook" count="51"/>
      <shelf name="adult" count="47"/>
      <shelf name="rory-gilmore" count="46"/>
      <shelf name="bookclub" count="45"/>
      <shelf name="audiobooks" count="44"/>
      <shelf name="memoir" count="44"/>
      <shelf name="rory-gilmore-reading-list" count="38"/>
      <shelf name="library" count="38"/>
      <shelf name="horse-books" count="37"/>
      <shelf name="book-group" count="35"/>
      <shelf name="kindle" count="34"/>
      <shelf name="gilmore-girls" count="31"/>
      <shelf name="sport" count="31"/>
      <shelf name="my-books" count="29"/>
      <shelf name="horse" count="29"/>
      <shelf name="my-library" count="29"/>
      <shelf name="favorite" count="27"/>
      <shelf name="book-club-books" count="26"/>
      <shelf name="audio-book" count="26"/>
      <shelf name="audio-books" count="25"/>
      <shelf name="classics" count="24"/>
      <shelf name="memoir-biography" count="24"/>
      <shelf name="racing" count="23"/>
      <shelf name="animal" count="23"/>
      <shelf name="animal-stories" count="23"/>
      <shelf name="all-time-favorites" count="23"/>
      <shelf name="adult-nonfiction" count="23"/>
      <shelf name="own-it" count="23"/>
      <shelf name="american" count="23"/>
      <shelf name="i-own" count="21"/>
      <shelf name="abandoned" count="20"/>
      <shelf name="audible" count="20"/>
      <shelf name="historical-non-fiction" count="20"/>
      <shelf name="historical-nonfiction" count="20"/>
      <shelf name="to-buy" count="19"/>
      <shelf name="laura-hillenbrand" count="19"/>
      <shelf name="shelfari-favorites" count="18"/>
      <shelf name="gilmore" count="18"/>
      <shelf name="paperback" count="18"/>
      <shelf name="adult-non-fiction" count="18"/>
      <shelf name="ebook" count="17"/>
      <shelf name="home-library" count="17"/>
      <shelf name="1930s" count="17"/>
      <shelf name="2003" count="17"/>
      <shelf name="didn-t-finish" count="16"/>
      <shelf name="wish-list" count="16"/>
      <shelf name="favourites" count="16"/>
      <shelf name="did-not-finish" count="16"/>
      <shelf name="animal-books" count="16"/>
      <shelf name="rory-gilmore-book-challenge" count="15"/>
      <shelf name="gilmore-girls-reading-list" count="15"/>
      <shelf name="have" count="15"/>
      <shelf name="biography-autobiography" count="15"/>
      <shelf name="true-stories" count="15"/>
      <shelf name="favorite-books" count="15"/>
      <shelf name="20th-century" count="15"/>
      <shelf name="book-club-reads" count="15"/>
      <shelf name="5-stars" count="14"/>
      <shelf name="great-depression" count="14"/>
      <shelf name="my-favorites" count="14"/>
      <shelf name="narrative-nonfiction" count="14"/>
      <shelf name="inspirational" count="14"/>
      <shelf name="non-fic" count="14"/>
      <shelf name="memoirs" count="14"/>
      <shelf name="to-read-non-fiction" count="14"/>
      <shelf name="equine" count="13"/>
      <shelf name="contemporary" count="13"/>
      <shelf name="book-to-movie" count="13"/>
      <shelf name="non-fiction-history" count="13"/>
      <shelf name="books-to-movies" count="13"/>
      <shelf name="movies" count="13"/>
      <shelf name="non-fiction-to-read" count="12"/>
      <shelf name="seabiscuit" count="12"/>
      <shelf name="maybe" count="12"/>
      <shelf name="books-made-into-movies" count="12"/>
  </popular_shelves>
  <book_links>
    <book_link>
  <id>8</id>
  <name>Libraries</name>
  <link>https://www.goodreads.com/book_link/follow/8</link>
</book_link>

  </book_links>
  <buy_links>
    <buy_link>
<id>1</id>
<name>Amazon</name>
<link>https://www.goodreads.com/book_link/follow/1</link>
</buy_link>
<buy_link>
<id>10</id>
<name>Audible</name>
<link>https://www.goodreads.com/book_link/follow/10</link>
</buy_link>
<buy_link>
<id>3</id>
<name>Barnes &amp; Noble</name>
<link>https://www.goodreads.com/book_link/follow/3</link>
</buy_link>
<buy_link>
<id>1027</id>
<name>Kobo</name>
<link>https://www.goodreads.com/book_link/follow/1027</link>
</buy_link>
<buy_link>
<id>2102</id>
<name>Apple iBooks</name>
<link>https://www.goodreads.com/book_link/follow/2102</link>
</buy_link>
<buy_link>
<id>8036</id>
<name>Google Play</name>
<link>https://www.goodreads.com/book_link/follow/8036</link>
</buy_link>
<buy_link>
<id>4</id>
<name>Abebooks</name>
<link>https://www.goodreads.com/book_link/follow/4</link>
</buy_link>
<buy_link>
<id>882</id>
<name>Book Depository</name>
<link>https://www.goodreads.com/book_link/follow/882</link>
</buy_link>
<buy_link>
<id>9</id>
<name>Indigo</name>
<link>https://www.goodreads.com/book_link/follow/9</link>
</buy_link>
<buy_link>
<id>2</id>
<name>Half.com</name>
<link>https://www.goodreads.com/book_link/follow/2</link>
</buy_link>
<buy_link>
<id>5</id>
<name>Alibris</name>
<link>https://www.goodreads.com/book_link/follow/5</link>
</buy_link>
<buy_link>
<id>107</id>
<name>Better World Books</name>
<link>https://www.goodreads.com/book_link/follow/107</link>
</buy_link>
<buy_link>
<id>7</id>
<name>IndieBound</name>
<link>https://www.goodreads.com/book_link/follow/7</link>
</buy_link>

  </buy_links>
  <series_works>
    
  </series_works>
  <similar_books>
          <book>
<id>1043542</id>
<title><![CDATA[Secretariat: The Making of a Champion]]></title>
<title_without_series><![CDATA[Secretariat: The Making of a Champion]]></title_without_series>
<link><![CDATA[https://www.goodreads.com/book/show/1043542.Secretariat]]></link>
<small_image_url><![CDATA[https://s.gr-assets.com/assets/nophoto/book/50x75-a91bf249278a81aabab721ef782c4a74.png]]></small_image_url>
<image_url><![CDATA[https://s.gr-assets.com/assets/nophoto/book/111x148-bcc042a9c91a29c1d680899eff700a03.png]]></image_url>
<num_pages>384</num_pages>
<work>
<id>1029947</id>
</work>
<isbn>0306811332</isbn>
<isbn13>9780306811333</isbn13>
<average_rating>4.20</average_rating>
<ratings_count>8140</ratings_count>
<publication_year>2002</publication_year>
<publication_month>4</publication_month>
<publication_day>4</publication_day>
<authors>
<author>
<id>435742</id>
<name>William Nack</name>
<link><![CDATA[https://www.goodreads.com/author/show/435742.William_Nack]]></link>
</author>
</authors>
</book>

          <book>
<id>847681</id>
<title><![CDATA[Ruffian: Burning From the Start]]></title>
<title_without_series><![CDATA[Ruffian: Burning From the Start]]></title_without_series>
<link><![CDATA[https://www.goodreads.com/book/show/847681.Ruffian]]></link>
<small_image_url><![CDATA[https://images.gr-assets.com/books/1320503446s/847681.jpg]]></small_image_url>
<image_url><![CDATA[https://images.gr-assets.com/books/1320503446m/847681.jpg]]></image_url>
<num_pages>344</num_pages>
<work>
<id>833196</id>
</work>
<isbn>0345450000</isbn>
<isbn13>9780345450005</isbn13>
<average_rating>4.34</average_rating>
<ratings_count>2181</ratings_count>
<publication_year>2002</publication_year>
<publication_month>4</publication_month>
<publication_day>30</publication_day>
<authors>
<author>
<id>439391</id>
<name>Jane Schwartz</name>
<link><![CDATA[https://www.goodreads.com/author/show/439391.Jane_Schwartz]]></link>
</author>
</authors>
</book>

          <book>
<id>8515</id>
<title>The Man Who Listens to Horses</title>
<title_without_series>The Man Who Listens to Horses</title_without_series>
<link><![CDATA[https://www.goodreads.com/book/show/8515.The_Man_Who_Listens_to_Horses]]></link>
<small_image_url><![CDATA[https://s.gr-assets.com/assets/nophoto/book/50x75-a91bf249278a81aabab721ef782c4a74.png]]></small_image_url>
<image_url><![CDATA[https://s.gr-assets.com/assets/nophoto/book/111x148-bcc042a9c91a29c1d680899eff700a03.png]]></image_url>
<num_pages>352</num_pages>
<work>
<id>3038432</id>
</work>
<isbn>034542705X</isbn>
<isbn13>9780345427052</isbn13>
<average_rating>4.10</average_rating>
<ratings_count>9515</ratings_count>
<publication_year>1998</publication_year>
<publication_month>11</publication_month>
<publication_day>28</publication_day>
<authors>
<author>
<id>5559</id>
<name>Monty Roberts</name>
<link><![CDATA[https://www.goodreads.com/author/show/5559.Monty_Roberts]]></link>
</author>
</authors>
</book>

          <book>
<id>1091580</id>
<title><![CDATA[Man o' War: A Legend Like Lightning]]></title>
<title_without_series><![CDATA[Man o' War: A Legend Like Lightning]]></title_without_series>
<link><![CDATA[https://www.goodreads.com/book/show/1091580.Man_o_War]]></link>
<small_image_url><![CDATA[https://images.gr-assets.com/books/1312030902s/1091580.jpg]]></small_image_url>
<image_url><![CDATA[https://images.gr-assets.com/books/1312030902m/1091580.jpg]]></image_url>
<num_pages></num_pages>
<work>
<id>1078383</id>
</work>
<isbn>0312340990</isbn>
<isbn13>9780312340995</isbn13>
<average_rating>4.25</average_rating>
<ratings_count>1574</ratings_count>
<publication_year></publication_year>
<publication_month></publication_month>
<publication_day></publication_day>
<authors>
<author>
<id>523239</id>
<name>Dorothy Ours</name>
<link><![CDATA[https://www.goodreads.com/author/show/523239.Dorothy_Ours]]></link>
</author>
</authors>
</book>

          <book>
<id>474850</id>
<title>Funny Cide</title>
<title_without_series>Funny Cide</title_without_series>
<link><![CDATA[https://www.goodreads.com/book/show/474850.Funny_Cide]]></link>
<small_image_url><![CDATA[https://images.gr-assets.com/books/1309288564s/474850.jpg]]></small_image_url>
<image_url><![CDATA[https://images.gr-assets.com/books/1309288564m/474850.jpg]]></image_url>
<num_pages>304</num_pages>
<work>
<id>463093</id>
</work>
<isbn>0425200302</isbn>
<isbn13>9780425200308</isbn13>
<average_rating>3.91</average_rating>
<ratings_count>610</ratings_count>
<publication_year>2005</publication_year>
<publication_month>3</publication_month>
<publication_day>1</publication_day>
<authors>
<author>
<id>5648135</id>
<name>Funny Cide Team</name>
<link><![CDATA[https://www.goodreads.com/author/show/5648135.Funny_Cide_Team]]></link>
</author>
</authors>
</book>

          <book>
<id>199157</id>
<title>A Quiet Storm</title>
<title_without_series>A Quiet Storm</title_without_series>
<link><![CDATA[https://www.goodreads.com/book/show/199157.A_Quiet_Storm]]></link>
<small_image_url><![CDATA[https://images.gr-assets.com/books/1404632016s/199157.jpg]]></small_image_url>
<image_url><![CDATA[https://images.gr-assets.com/books/1404632016m/199157.jpg]]></image_url>
<num_pages>256</num_pages>
<work>
<id>192660</id>
</work>
<isbn>074322616X</isbn>
<isbn13>9780743226165</isbn13>
<average_rating>3.64</average_rating>
<ratings_count>459</ratings_count>
<publication_year>2002</publication_year>
<publication_month>9</publication_month>
<publication_day>10</publication_day>
<authors>
<author>
<id>116117</id>
<name>Rachel Howzell Hall</name>
<link><![CDATA[https://www.goodreads.com/author/show/116117.Rachel_Howzell_Hall]]></link>
</author>
</authors>
</book>

          <book>
<id>714968</id>
<title>The Horse God Built</title>
<title_without_series>The Horse God Built</title_without_series>
<link><![CDATA[https://www.goodreads.com/book/show/714968.The_Horse_God_Built]]></link>
<small_image_url><![CDATA[https://images.gr-assets.com/books/1311972331s/714968.jpg]]></small_image_url>
<image_url><![CDATA[https://images.gr-assets.com/books/1311972331m/714968.jpg]]></image_url>
<num_pages>352</num_pages>
<work>
<id>701221</id>
</work>
<isbn>0312367244</isbn>
<isbn13>9780312367244</isbn13>
<average_rating>4.20</average_rating>
<ratings_count>1436</ratings_count>
<publication_year>2007</publication_year>
<publication_month>5</publication_month>
<publication_day>1</publication_day>
<authors>
<author>
<id>380625</id>
<name>Lawrence Scanlan</name>
<link><![CDATA[https://www.goodreads.com/author/show/380625.Lawrence_Scanlan]]></link>
</author>
</authors>
</book>

          <book>
<id>343459</id>
<title><![CDATA[Chicken Soup For The Horse Lover's Soul: Inspirational Stories About Horses and the People Who Love Them]]></title>
<title_without_series><![CDATA[Chicken Soup For The Horse Lover's Soul: Inspirational Stories About Horses and the People Who Love Them]]></title_without_series>
<link><![CDATA[https://www.goodreads.com/book/show/343459.Chicken_Soup_For_The_Horse_Lover_s_Soul]]></link>
<small_image_url><![CDATA[https://s.gr-assets.com/assets/nophoto/book/50x75-a91bf249278a81aabab721ef782c4a74.png]]></small_image_url>
<image_url><![CDATA[https://s.gr-assets.com/assets/nophoto/book/111x148-bcc042a9c91a29c1d680899eff700a03.png]]></image_url>
<num_pages>380</num_pages>
<work>
<id>333805</id>
</work>
<isbn>0757300987</isbn>
<isbn13>9780757300981</isbn13>
<average_rating>4.12</average_rating>
<ratings_count>2066</ratings_count>
<publication_year>2003</publication_year>
<publication_month>7</publication_month>
<publication_day>10</publication_day>
<authors>
<author>
<id>35476</id>
<name>Jack Canfield</name>
<link><![CDATA[https://www.goodreads.com/author/show/35476.Jack_Canfield]]></link>
</author>
</authors>
</book>

          <book>
<id>1735376</id>
<title>Stud: Adventures in Breeding</title>
<title_without_series>Stud: Adventures in Breeding</title_without_series>
<link><![CDATA[https://www.goodreads.com/book/show/1735376.Stud]]></link>
<small_image_url><![CDATA[https://images.gr-assets.com/books/1312030003s/1735376.jpg]]></small_image_url>
<image_url><![CDATA[https://images.gr-assets.com/books/1312030003m/1735376.jpg]]></image_url>
<num_pages>288</num_pages>
<work>
<id>1732886</id>
</work>
<isbn>1582341842</isbn>
<isbn13>9781582341842</isbn13>
<average_rating>4.03</average_rating>
<ratings_count>252</ratings_count>
<publication_year>2002</publication_year>
<publication_month>3</publication_month>
<publication_day>26</publication_day>
<authors>
<author>
<id>796787</id>
<name>Kevin Conley</name>
<link><![CDATA[https://www.goodreads.com/author/show/796787.Kevin_Conley]]></link>
</author>
</authors>
</book>

          <book>
<id>103236</id>
<title>Sacred Time</title>
<title_without_series>Sacred Time</title_without_series>
<link><![CDATA[https://www.goodreads.com/book/show/103236.Sacred_Time]]></link>
<small_image_url><![CDATA[https://images.gr-assets.com/books/1404632099s/103236.jpg]]></small_image_url>
<image_url><![CDATA[https://images.gr-assets.com/books/1404632099m/103236.jpg]]></image_url>
<num_pages>240</num_pages>
<work>
<id>813593</id>
</work>
<isbn>0743255992</isbn>
<isbn13>9780743255998</isbn13>
<average_rating>3.51</average_rating>
<ratings_count>1649</ratings_count>
<publication_year></publication_year>
<publication_month></publication_month>
<publication_day></publication_day>
<authors>
<author>
<id>3536</id>
<name>Ursula Hegi</name>
<link><![CDATA[https://www.goodreads.com/author/show/3536.Ursula_Hegi]]></link>
</author>
</authors>
</book>

          <book>
<id>32226</id>
<title>Horse Heaven</title>
<title_without_series>Horse Heaven</title_without_series>
<link><![CDATA[https://www.goodreads.com/book/show/32226.Horse_Heaven]]></link>
<small_image_url><![CDATA[https://images.gr-assets.com/books/1327934607s/32226.jpg]]></small_image_url>
<image_url><![CDATA[https://images.gr-assets.com/books/1327934607m/32226.jpg]]></image_url>
<num_pages>640</num_pages>
<work>
<id>801323</id>
</work>
<isbn>0804119430</isbn>
<isbn13>9780804119436</isbn13>
<average_rating>3.87</average_rating>
<ratings_count>4511</ratings_count>
<publication_year>2003</publication_year>
<publication_month>8</publication_month>
<publication_day>26</publication_day>
<authors>
<author>
<id>1339</id>
<name>Jane Smiley</name>
<link><![CDATA[https://www.goodreads.com/author/show/1339.Jane_Smiley]]></link>
</author>
</authors>
</book>

          <book>
<id>10340846</id>
<title><![CDATA[The Eighty-Dollar Champion: Snowman, the Horse That Inspired a Nation]]></title>
<title_without_series><![CDATA[The Eighty-Dollar Champion: Snowman, the Horse That Inspired a Nation]]></title_without_series>
<link><![CDATA[https://www.goodreads.com/book/show/10340846-the-eighty-dollar-champion]]></link>
<small_image_url><![CDATA[https://images.gr-assets.com/books/1333577658s/10340846.jpg]]></small_image_url>
<image_url><![CDATA[https://images.gr-assets.com/books/1333577658m/10340846.jpg]]></image_url>
<num_pages>329</num_pages>
<work>
<id>15243554</id>
</work>
<isbn>0345521080</isbn>
<isbn13>9780345521088</isbn13>
<average_rating>4.16</average_rating>
<ratings_count>9090</ratings_count>
<publication_year>2011</publication_year>
<publication_month>8</publication_month>
<publication_day>23</publication_day>
<authors>
<author>
<id>568672</id>
<name>Elizabeth Letts</name>
<link><![CDATA[https://www.goodreads.com/author/show/568672.Elizabeth_Letts]]></link>
</author>
</authors>
</book>

          <book>
<id>158930</id>
<title>Man O&apos;War</title>
<title_without_series>Man O&apos;War</title_without_series>
<link><![CDATA[https://www.goodreads.com/book/show/158930.Man_O_War]]></link>
<small_image_url><![CDATA[https://images.gr-assets.com/books/1311278014s/158930.jpg]]></small_image_url>
<image_url><![CDATA[https://images.gr-assets.com/books/1311278014m/158930.jpg]]></image_url>
<num_pages>352</num_pages>
<work>
<id>777763</id>
</work>
<isbn>0394860152</isbn>
<isbn13>9780394860152</isbn13>
<average_rating>4.28</average_rating>
<ratings_count>7932</ratings_count>
<publication_year>1983</publication_year>
<publication_month>9</publication_month>
<publication_day>12</publication_day>
<authors>
<author>
<id>16628</id>
<name>Walter Farley</name>
<link><![CDATA[https://www.goodreads.com/author/show/16628.Walter_Farley]]></link>
</author>
</authors>
</book>

          <book>
<id>2216544</id>
<title><![CDATA[Crazy Good: The True Story of Dan Patch, the Most Famous Horse in America]]></title>
<title_without_series><![CDATA[Crazy Good: The True Story of Dan Patch, the Most Famous Horse in America]]></title_without_series>
<link><![CDATA[https://www.goodreads.com/book/show/2216544.Crazy_Good]]></link>
<small_image_url><![CDATA[https://s.gr-assets.com/assets/nophoto/book/50x75-a91bf249278a81aabab721ef782c4a74.png]]></small_image_url>
<image_url><![CDATA[https://s.gr-assets.com/assets/nophoto/book/111x148-bcc042a9c91a29c1d680899eff700a03.png]]></image_url>
<num_pages>355</num_pages>
<work>
<id>2222332</id>
</work>
<isbn>0743291778</isbn>
<isbn13>9780743291774</isbn13>
<average_rating>3.91</average_rating>
<ratings_count>362</ratings_count>
<publication_year>2008</publication_year>
<publication_month>5</publication_month>
<publication_day>20</publication_day>
<authors>
<author>
<id>151501</id>
<name>Charles Leerhsen</name>
<link><![CDATA[https://www.goodreads.com/author/show/151501.Charles_Leerhsen]]></link>
</author>
</authors>
</book>

          <book>
<id>70764</id>
<title>Secretariat</title>
<title_without_series>Secretariat</title_without_series>
<link><![CDATA[https://www.goodreads.com/book/show/70764.Secretariat]]></link>
<small_image_url><![CDATA[https://s.gr-assets.com/assets/nophoto/book/50x75-a91bf249278a81aabab721ef782c4a74.png]]></small_image_url>
<image_url><![CDATA[https://s.gr-assets.com/assets/nophoto/book/111x148-bcc042a9c91a29c1d680899eff700a03.png]]></image_url>
<num_pages>228</num_pages>
<work>
<id>68565</id>
</work>
<isbn>1586670670</isbn>
<isbn13>9781586670672</isbn13>
<average_rating>4.26</average_rating>
<ratings_count>310</ratings_count>
<publication_year>2001</publication_year>
<publication_month>5</publication_month>
<publication_day>29</publication_day>
<authors>
<author>
<id>4049740</id>
<name>Raymond G. Woolfe Jr.</name>
<link><![CDATA[https://www.goodreads.com/author/show/4049740.Raymond_G_Woolfe_Jr_]]></link>
</author>
</authors>
</book>

          <book>
<id>722041</id>
<title><![CDATA[A Month of Sundays: Searching for the Spirit and My Sister]]></title>
<title_without_series><![CDATA[A Month of Sundays: Searching for the Spirit and My Sister]]></title_without_series>
<link><![CDATA[https://www.goodreads.com/book/show/722041.A_Month_of_Sundays]]></link>
<small_image_url><![CDATA[https://s.gr-assets.com/assets/nophoto/book/50x75-a91bf249278a81aabab721ef782c4a74.png]]></small_image_url>
<image_url><![CDATA[https://s.gr-assets.com/assets/nophoto/book/111x148-bcc042a9c91a29c1d680899eff700a03.png]]></image_url>
<num_pages>224</num_pages>
<work>
<id>708279</id>
</work>
<isbn>0974207454</isbn>
<isbn13>9780974207452</isbn13>
<average_rating>3.58</average_rating>
<ratings_count>460</ratings_count>
<publication_year>2005</publication_year>
<publication_month>5</publication_month>
<publication_day>1</publication_day>
<authors>
<author>
<id>141589</id>
<name>Julie Mars</name>
<link><![CDATA[https://www.goodreads.com/author/show/141589.Julie_Mars]]></link>
</author>
</authors>
</book>

          <book>
<id>111723</id>
<title>Pushkin: A Biography</title>
<title_without_series>Pushkin: A Biography</title_without_series>
<link><![CDATA[https://www.goodreads.com/book/show/111723.Pushkin]]></link>
<small_image_url><![CDATA[https://images.gr-assets.com/books/1320457613s/111723.jpg]]></small_image_url>
<image_url><![CDATA[https://images.gr-assets.com/books/1320457613m/111723.jpg]]></image_url>
<num_pages>784</num_pages>
<work>
<id>1222352</id>
</work>
<isbn>1400076528</isbn>
<isbn13>9781400076529</isbn13>
<average_rating>3.79</average_rating>
<ratings_count>259</ratings_count>
<publication_year>2004</publication_year>
<publication_month>11</publication_month>
<publication_day>9</publication_day>
<authors>
<author>
<id>64626</id>
<name>T.J. Binyon</name>
<link><![CDATA[https://www.goodreads.com/author/show/64626.T_J_Binyon]]></link>
</author>
</authors>
</book>

          <book>
<id>901310</id>
<title><![CDATA[Mustang: Wild Spirit of the West]]></title>
<title_without_series><![CDATA[Mustang: Wild Spirit of the West]]></title_without_series>
<link><![CDATA[https://www.goodreads.com/book/show/901310.Mustang]]></link>
<small_image_url><![CDATA[https://s.gr-assets.com/assets/nophoto/book/50x75-a91bf249278a81aabab721ef782c4a74.png]]></small_image_url>
<image_url><![CDATA[https://s.gr-assets.com/assets/nophoto/book/111x148-bcc042a9c91a29c1d680899eff700a03.png]]></image_url>
<num_pages>224</num_pages>
<work>
<id>662881</id>
</work>
<isbn>068971601X</isbn>
<isbn13>9780689716010</isbn13>
<average_rating>4.03</average_rating>
<ratings_count>2691</ratings_count>
<publication_year>1992</publication_year>
<publication_month>4</publication_month>
<publication_day>30</publication_day>
<authors>
<author>
<id>10652</id>
<name>Marguerite Henry</name>
<link><![CDATA[https://www.goodreads.com/author/show/10652.Marguerite_Henry]]></link>
</author>
</authors>
</book>

  </similar_books>
</book>

</GoodreadsResponse>