<?xml version="1.0" encoding="UTF-8"?>
<GoodreadsResponse>
  <Request>
    <authentication>true</authentication>
      <key><![CDATA[all_men_must_serve]]></key>
    <method><![CDATA[book_show]]></method>
  </Request>
  <book>
  <id>11071466</id>
  <title>Second Chance Summer</title>
  <isbn><![CDATA[1416990674]]></isbn>
  <isbn13><![CDATA[9781416990673]]></isbn13>
  <asin><![CDATA[]]></asin>
  <kindle_asin><![CDATA[B007IL4ZOQ]]></kindle_asin>
  <marketplace_id><![CDATA[A1F83G8C2ARO7P]]></marketplace_id>
  <country_code><![CDATA[GB]]></country_code>
  <image_url>https://images.gr-assets.com/books/1337189920m/11071466.jpg</image_url>
  <small_image_url>https://images.gr-assets.com/books/1337189920s/11071466.jpg</small_image_url>
  <publication_year>2012</publication_year>
  <publication_month>5</publication_month>
  <publication_day>8</publication_day>
  <publisher>Simon &amp; Schuster Children's Publishing</publisher>
  <language_code>eng</language_code>
  <is_ebook>false</is_ebook>
  <description><![CDATA[<b>From the Flying Start author of <i>Amy &amp; Roger’s Epic Detour</i>, a powerful novel about hope in the face of <i>heartbreak.</i> </b><br /><br />Taylor Edwards’ family might not be the closest-knit—everyone is a little too busy and overscheduled—but for the most part, they get along just fine. Then Taylor’s dad gets devastating news, and her parents decide that the family will spend one last summer all together at their old lake house in the Pocono Mountains.<br /><br />Crammed into a place much smaller and more rustic than they are used to, they begin to get to know each other again. And Taylor discovers that the people she thought she had left behind haven’t actually gone anywhere. Her former best friend is still around, as is her first boyfriend…and he’s much cuter at seventeen than he was at twelve.<br /><br />As the summer progresses and the Edwards become more of a family, they’re more aware than ever that they’re battling a ticking clock. Sometimes, though, there is just enough time to get a second chance—with family, with friends, and with love.]]></description>
  <work>
  <id type="integer">15992791</id>
  <books_count type="integer">30</books_count>
  <best_book_id type="integer">11071466</best_book_id>
  <reviews_count type="integer">100166</reviews_count>
  <ratings_sum type="integer">145306</ratings_sum>
  <ratings_count type="integer">34953</ratings_count>
  <text_reviews_count type="integer">4485</text_reviews_count>
  <original_publication_year type="integer">2012</original_publication_year>
  <original_publication_month type="integer">5</original_publication_month>
  <original_publication_day type="integer">8</original_publication_day>
  <original_title>Second Chance Summer</original_title>
  <original_language_id type="integer" nil="true"/>
  <media_type>book</media_type>
  <rating_dist>5:15393|4:11964|3:5772|2:1345|1:479|total:34953</rating_dist>
  <desc_user_id type="integer">6204489</desc_user_id>
  <default_chaptering_book_id type="integer" nil="true"/>
  <default_description_language_code nil="true"/>
</work>
  <average_rating>4.16</average_rating>
  <num_pages><![CDATA[468]]></num_pages>
  <format><![CDATA[Hardcover]]></format>
  <edition_information><![CDATA[]]></edition_information>
  <ratings_count><![CDATA[32013]]></ratings_count>
  <text_reviews_count><![CDATA[3705]]></text_reviews_count>
  <url><![CDATA[https://www.goodreads.com/book/show/11071466-second-chance-summer]]></url>
  <link><![CDATA[https://www.goodreads.com/book/show/11071466-second-chance-summer]]></link>
  <authors>
<author>
<id>3351454</id>
<name>Morgan Matson</name>
<role></role>
<image_url nophoto='false'>
<![CDATA[https://images.gr-assets.com/authors/1281591801p5/3351454.jpg]]>
</image_url>
<small_image_url nophoto='false'>
<![CDATA[https://images.gr-assets.com/authors/1281591801p2/3351454.jpg]]>
</small_image_url>
<link><![CDATA[https://www.goodreads.com/author/show/3351454.Morgan_Matson]]></link>
<average_rating>4.12</average_rating>
<ratings_count>191831</ratings_count>
<text_reviews_count>24679</text_reviews_count>
</author>
</authors>

    <reviews_widget>
      <![CDATA[
        <style>
  #goodreads-widget {
    font-family: georgia, serif;
    padding: 18px 0;
    width:565px;
  }
  #goodreads-widget h1 {
    font-weight:normal;
    font-size: 16px;
    border-bottom: 1px solid #BBB596;
    margin-bottom: 0;
  }
  #goodreads-widget a {
    text-decoration: none;
    color:#660;
  }
  iframe{
    background-color: #fff;
  }
  #goodreads-widget a:hover { text-decoration: underline; }
  #goodreads-widget a:active {
    color:#660;
  }
  #gr_footer {
    width: 100%;
    border-top: 1px solid #BBB596;
    text-align: right;
  }
  #goodreads-widget .gr_branding{
    color: #382110;
    font-size: 11px;
    text-decoration: none;
    font-family: "Helvetica Neue", Helvetica, Arial, sans-serif;
  }
</style>
<div id="goodreads-widget">
  <div id="gr_header"><h1><a rel="nofollow" href="https://www.goodreads.com/book/show/11071466-second-chance-summer">Second Chance Summer Reviews</a></h1></div>
  <iframe id="the_iframe" src="https://www.goodreads.com/api/reviews_widget_iframe?did=DEVELOPER_ID&amp;format=html&amp;isbn=1416990674&amp;links=660&amp;min_rating=&amp;review_back=fff&amp;stars=000&amp;text=000" width="565" height="400" frameborder="0"></iframe>
  <div id="gr_footer">
    <a class="gr_branding" target="_blank" rel="nofollow" href="https://www.goodreads.com/book/show/11071466-second-chance-summer?utm_medium=api&amp;utm_source=reviews_widget">Reviews from Goodreads.com</a>
  </div>
</div>

      ]]>
    </reviews_widget>
  <popular_shelves>
      <shelf name="to-read" count="15086"/>
      <shelf name="favorites" count="1086"/>
      <shelf name="ya" count="455"/>
      <shelf name="contemporary" count="403"/>
      <shelf name="young-adult" count="325"/>
      <shelf name="currently-reading" count="237"/>
      <shelf name="realistic-fiction" count="182"/>
      <shelf name="romance" count="178"/>
      <shelf name="books-i-own" count="170"/>
      <shelf name="summer-reads" count="152"/>
      <shelf name="to-buy" count="146"/>
      <shelf name="fiction" count="118"/>
      <shelf name="owned" count="106"/>
      <shelf name="stand-alone" count="101"/>
      <shelf name="chick-lit" count="99"/>
      <shelf name="library" count="85"/>
      <shelf name="read-in-2014" count="82"/>
      <shelf name="read-in-2016" count="79"/>
      <shelf name="family" count="74"/>
      <shelf name="kindle" count="71"/>
      <shelf name="ebooks" count="64"/>
      <shelf name="death" count="63"/>
      <shelf name="read-in-2012" count="58"/>
      <shelf name="owned-books" count="57"/>
      <shelf name="5-stars" count="57"/>
      <shelf name="stand-alones" count="57"/>
      <shelf name="read-in-2015" count="55"/>
      <shelf name="read-in-2013" count="49"/>
      <shelf name="tbr" count="49"/>
      <shelf name="standalone" count="49"/>
      <shelf name="ya-romance" count="48"/>
      <shelf name="friendship" count="47"/>
      <shelf name="maybe" count="47"/>
      <shelf name="books-that-made-me-cry" count="45"/>
      <shelf name="i-own" count="43"/>
      <shelf name="teen" count="42"/>
      <shelf name="summer" count="40"/>
      <shelf name="made-me-cry" count="40"/>
      <shelf name="favourites" count="40"/>
      <shelf name="realistic" count="40"/>
      <shelf name="contemporary-romance" count="38"/>
      <shelf name="ya-contemporary" count="37"/>
      <shelf name="2015-reads" count="37"/>
      <shelf name="ya-fiction" count="37"/>
      <shelf name="contemporary-ya" count="36"/>
      <shelf name="summer-books" count="36"/>
      <shelf name="on-my-shelf" count="35"/>
      <shelf name="2016-reads" count="34"/>
      <shelf name="4-stars" count="34"/>
      <shelf name="reviewed" count="34"/>
      <shelf name="coming-of-age" count="34"/>
      <shelf name="i-cried" count="33"/>
      <shelf name="tear-jerker" count="33"/>
      <shelf name="favorite-books" count="31"/>
      <shelf name="ya-books" count="31"/>
      <shelf name="e-book" count="31"/>
      <shelf name="my-books" count="31"/>
      <shelf name="drama" count="30"/>
      <shelf name="read-2016" count="29"/>
      <shelf name="read-2014" count="29"/>
      <shelf name="cancer" count="29"/>
      <shelf name="sad" count="29"/>
      <shelf name="standalones" count="28"/>
      <shelf name="summer-reading" count="28"/>
      <shelf name="young-adult-fiction" count="28"/>
      <shelf name="read-in-2017" count="27"/>
      <shelf name="2014-reads" count="27"/>
      <shelf name="e-books" count="27"/>
      <shelf name="want-to-read" count="27"/>
      <shelf name="did-not-finish" count="25"/>
      <shelf name="favorite" count="25"/>
      <shelf name="dnf" count="24"/>
      <shelf name="need-to-buy" count="24"/>
      <shelf name="books-to-buy" count="24"/>
      <shelf name="2012-releases" count="24"/>
      <shelf name="library-books" count="23"/>
      <shelf name="must-read" count="23"/>
      <shelf name="contemporary-fiction" count="23"/>
      <shelf name="read-in-english" count="22"/>
      <shelf name="english" count="22"/>
      <shelf name="cute" count="21"/>
      <shelf name="ya-lit" count="21"/>
      <shelf name="tear-jerkers" count="20"/>
      <shelf name="signed" count="20"/>
      <shelf name="want-to-buy" count="20"/>
      <shelf name="cover-love" count="20"/>
      <shelf name="on-my-bookshelf" count="19"/>
      <shelf name="2012-release" count="19"/>
      <shelf name="ebook" count="18"/>
      <shelf name="contemporaries" count="18"/>
      <shelf name="all-time-favorites" count="18"/>
      <shelf name="summer-read" count="18"/>
      <shelf name="faves" count="18"/>
      <shelf name="read-2017" count="17"/>
      <shelf name="summer-2016" count="17"/>
      <shelf name="contemporary-tbr" count="17"/>
      <shelf name="my-bookshelf" count="17"/>
      <shelf name="read-2013" count="17"/>
      <shelf name="really-want-to-read" count="17"/>
      <shelf name="2013-reads" count="16"/>
  </popular_shelves>
  <book_links>
    <book_link>
  <id>8</id>
  <name>Libraries</name>
  <link>https://www.goodreads.com/book_link/follow/8</link>
</book_link>

  </book_links>
  <buy_links>
    <buy_link>
<id>1</id>
<name>Amazon</name>
<link>https://www.goodreads.com/book_link/follow/1</link>
</buy_link>
<buy_link>
<id>10</id>
<name>Audible</name>
<link>https://www.goodreads.com/book_link/follow/10</link>
</buy_link>
<buy_link>
<id>3</id>
<name>Barnes &amp; Noble</name>
<link>https://www.goodreads.com/book_link/follow/3</link>
</buy_link>
<buy_link>
<id>1027</id>
<name>Kobo</name>
<link>https://www.goodreads.com/book_link/follow/1027</link>
</buy_link>
<buy_link>
<id>2102</id>
<name>Apple iBooks</name>
<link>https://www.goodreads.com/book_link/follow/2102</link>
</buy_link>
<buy_link>
<id>8036</id>
<name>Google Play</name>
<link>https://www.goodreads.com/book_link/follow/8036</link>
</buy_link>
<buy_link>
<id>4</id>
<name>Abebooks</name>
<link>https://www.goodreads.com/book_link/follow/4</link>
</buy_link>
<buy_link>
<id>882</id>
<name>Book Depository</name>
<link>https://www.goodreads.com/book_link/follow/882</link>
</buy_link>
<buy_link>
<id>9</id>
<name>Indigo</name>
<link>https://www.goodreads.com/book_link/follow/9</link>
</buy_link>
<buy_link>
<id>2</id>
<name>Half.com</name>
<link>https://www.goodreads.com/book_link/follow/2</link>
</buy_link>
<buy_link>
<id>5</id>
<name>Alibris</name>
<link>https://www.goodreads.com/book_link/follow/5</link>
</buy_link>
<buy_link>
<id>107</id>
<name>Better World Books</name>
<link>https://www.goodreads.com/book_link/follow/107</link>
</buy_link>
<buy_link>
<id>7</id>
<name>IndieBound</name>
<link>https://www.goodreads.com/book_link/follow/7</link>
</buy_link>

  </buy_links>
  <series_works>
    
  </series_works>
  <similar_books>
          <book>
<id>12049227</id>
<title>In Honor</title>
<title_without_series>In Honor</title_without_series>
<link><![CDATA[https://www.goodreads.com/book/show/12049227-in-honor]]></link>
<small_image_url><![CDATA[https://images.gr-assets.com/books/1333626377s/12049227.jpg]]></small_image_url>
<image_url><![CDATA[https://images.gr-assets.com/books/1333626377m/12049227.jpg]]></image_url>
<num_pages>235</num_pages>
<work>
<id>17016133</id>
</work>
<isbn>1442416971</isbn>
<isbn13>9781442416970</isbn13>
<average_rating>3.70</average_rating>
<ratings_count>8128</ratings_count>
<publication_year>2012</publication_year>
<publication_month>5</publication_month>
<publication_day>8</publication_day>
<authors>
<author>
<id>4106087</id>
<name>Jessi Kirby</name>
<link><![CDATA[https://www.goodreads.com/author/show/4106087.Jessi_Kirby]]></link>
</author>
</authors>
</book>

          <book>
<id>13060734</id>
<title>Unbreak My Heart</title>
<title_without_series>Unbreak My Heart</title_without_series>
<link><![CDATA[https://www.goodreads.com/book/show/13060734-unbreak-my-heart]]></link>
<small_image_url><![CDATA[https://images.gr-assets.com/books/1324618881s/13060734.jpg]]></small_image_url>
<image_url><![CDATA[https://images.gr-assets.com/books/1324618881m/13060734.jpg]]></image_url>
<num_pages>232</num_pages>
<work>
<id>18226128</id>
</work>
<isbn>1599905280</isbn>
<isbn13>9781599905280</isbn13>
<average_rating>3.81</average_rating>
<ratings_count>5314</ratings_count>
<publication_year>2012</publication_year>
<publication_month>5</publication_month>
<publication_day>22</publication_day>
<authors>
<author>
<id>888893</id>
<name>Melissa C. Walker</name>
<link><![CDATA[https://www.goodreads.com/author/show/888893.Melissa_C_Walker]]></link>
</author>
</authors>
</book>

          <book>
<id>6625698</id>
<title>Don&apos;t Breathe a Word</title>
<title_without_series>Don&apos;t Breathe a Word</title_without_series>
<link><![CDATA[https://www.goodreads.com/book/show/6625698-don-t-breathe-a-word]]></link>
<small_image_url><![CDATA[https://images.gr-assets.com/books/1303823558s/6625698.jpg]]></small_image_url>
<image_url><![CDATA[https://images.gr-assets.com/books/1303823558m/6625698.jpg]]></image_url>
<num_pages>299</num_pages>
<work>
<id>16953665</id>
</work>
<isbn>0061766690</isbn>
<isbn13>9780061766695</isbn13>
<average_rating>3.89</average_rating>
<ratings_count>3015</ratings_count>
<publication_year>2012</publication_year>
<publication_month>1</publication_month>
<publication_day>3</publication_day>
<authors>
<author>
<id>2989576</id>
<name>Holly Cupala</name>
<link><![CDATA[https://www.goodreads.com/author/show/2989576.Holly_Cupala]]></link>
</author>
</authors>
</book>

          <book>
<id>12819342</id>
<title>What Happens Next</title>
<title_without_series>What Happens Next</title_without_series>
<link><![CDATA[https://www.goodreads.com/book/show/12819342-what-happens-next]]></link>
<small_image_url><![CDATA[https://images.gr-assets.com/books/1358196621s/12819342.jpg]]></small_image_url>
<image_url><![CDATA[https://images.gr-assets.com/books/1358196621m/12819342.jpg]]></image_url>
<num_pages>310</num_pages>
<work>
<id>17968862</id>
</work>
<isbn>0316198684</isbn>
<isbn13>9780316198684</isbn13>
<average_rating>3.97</average_rating>
<ratings_count>5314</ratings_count>
<publication_year>2012</publication_year>
<publication_month>10</publication_month>
<publication_day>9</publication_day>
<authors>
<author>
<id>5259422</id>
<name>Colleen Clayton</name>
<link><![CDATA[https://www.goodreads.com/author/show/5259422.Colleen_Clayton]]></link>
</author>
</authors>
</book>

          <book>
<id>10191879</id>
<title>The Survival Kit</title>
<title_without_series>The Survival Kit</title_without_series>
<link><![CDATA[https://www.goodreads.com/book/show/10191879-the-survival-kit]]></link>
<small_image_url><![CDATA[https://images.gr-assets.com/books/1317067595s/10191879.jpg]]></small_image_url>
<image_url><![CDATA[https://images.gr-assets.com/books/1317067595m/10191879.jpg]]></image_url>
<num_pages>351</num_pages>
<work>
<id>15091000</id>
</work>
<isbn>0374399174</isbn>
<isbn13>9780374399177</isbn13>
<average_rating>3.99</average_rating>
<ratings_count>3568</ratings_count>
<publication_year>2011</publication_year>
<publication_month>10</publication_month>
<publication_day>11</publication_day>
<authors>
<author>
<id>19106</id>
<name>Donna Freitas</name>
<link><![CDATA[https://www.goodreads.com/author/show/19106.Donna_Freitas]]></link>
</author>
</authors>
</book>

          <book>
<id>10914560</id>
<title>Breaking Beautiful</title>
<title_without_series>Breaking Beautiful</title_without_series>
<link><![CDATA[https://www.goodreads.com/book/show/10914560-breaking-beautiful]]></link>
<small_image_url><![CDATA[https://images.gr-assets.com/books/1311740644s/10914560.jpg]]></small_image_url>
<image_url><![CDATA[https://images.gr-assets.com/books/1311740644m/10914560.jpg]]></image_url>
<num_pages>354</num_pages>
<work>
<id>15830837</id>
</work>
<isbn>0802723527</isbn>
<isbn13>9780802723529</isbn13>
<average_rating>3.96</average_rating>
<ratings_count>5159</ratings_count>
<publication_year>2012</publication_year>
<publication_month>4</publication_month>
<publication_day>24</publication_day>
<authors>
<author>
<id>4750309</id>
<name>Jennifer Shaw Wolf</name>
<link><![CDATA[https://www.goodreads.com/author/show/4750309.Jennifer_Shaw_Wolf]]></link>
</author>
</authors>
</book>

          <book>
<id>12267664</id>
<title>Waiting</title>
<title_without_series>Waiting</title_without_series>
<link><![CDATA[https://www.goodreads.com/book/show/12267664-waiting]]></link>
<small_image_url><![CDATA[https://images.gr-assets.com/books/1344394243s/12267664.jpg]]></small_image_url>
<image_url><![CDATA[https://images.gr-assets.com/books/1344394243m/12267664.jpg]]></image_url>
<num_pages>352</num_pages>
<work>
<id>17242808</id>
</work>
<isbn>1442443537</isbn>
<isbn13>9781442443532</isbn13>
<average_rating>3.92</average_rating>
<ratings_count>2801</ratings_count>
<publication_year>2012</publication_year>
<publication_month>5</publication_month>
<publication_day>1</publication_day>
<authors>
<author>
<id>288481</id>
<name>Carol Lynch Williams</name>
<link><![CDATA[https://www.goodreads.com/author/show/288481.Carol_Lynch_Williams]]></link>
</author>
</authors>
</book>

          <book>
<id>11797479</id>
<title>7 Clues to Winning You</title>
<title_without_series>7 Clues to Winning You</title_without_series>
<link><![CDATA[https://www.goodreads.com/book/show/11797479-7-clues-to-winning-you]]></link>
<small_image_url><![CDATA[https://images.gr-assets.com/books/1413160143s/11797479.jpg]]></small_image_url>
<image_url><![CDATA[https://images.gr-assets.com/books/1413160143m/11797479.jpg]]></image_url>
<num_pages>252</num_pages>
<work>
<id>19202918</id>
</work>
<isbn>0692275789</isbn>
<isbn13>9780692275788</isbn13>
<average_rating>3.88</average_rating>
<ratings_count>1858</ratings_count>
<publication_year>2014</publication_year>
<publication_month>8</publication_month>
<publication_day>19</publication_day>
<authors>
<author>
<id>2414644</id>
<name>Kristin Walker</name>
<link><![CDATA[https://www.goodreads.com/author/show/2414644.Kristin_Walker]]></link>
</author>
</authors>
</book>

          <book>
<id>12989112</id>
<title>Such a Rush</title>
<title_without_series>Such a Rush</title_without_series>
<link><![CDATA[https://www.goodreads.com/book/show/12989112-such-a-rush]]></link>
<small_image_url><![CDATA[https://images.gr-assets.com/books/1345851913s/12989112.jpg]]></small_image_url>
<image_url><![CDATA[https://images.gr-assets.com/books/1345851913m/12989112.jpg]]></image_url>
<num_pages>325</num_pages>
<work>
<id>15502516</id>
</work>
<isbn>145165801X</isbn>
<isbn13>9781451658019</isbn13>
<average_rating>3.84</average_rating>
<ratings_count>13799</ratings_count>
<publication_year>2012</publication_year>
<publication_month>7</publication_month>
<publication_day>10</publication_day>
<authors>
<author>
<id>203238</id>
<name>Jennifer Echols</name>
<link><![CDATA[https://www.goodreads.com/author/show/203238.Jennifer_Echols]]></link>
</author>
</authors>
</book>

          <book>
<id>13069681</id>
<title>Speechless</title>
<title_without_series>Speechless</title_without_series>
<link><![CDATA[https://www.goodreads.com/book/show/13069681-speechless]]></link>
<small_image_url><![CDATA[https://images.gr-assets.com/books/1344037666s/13069681.jpg]]></small_image_url>
<image_url><![CDATA[https://images.gr-assets.com/books/1344037666m/13069681.jpg]]></image_url>
<num_pages>288</num_pages>
<work>
<id>18235813</id>
</work>
<isbn>0373210523</isbn>
<isbn13>9780373210527</isbn13>
<average_rating>3.97</average_rating>
<ratings_count>10338</ratings_count>
<publication_year>2012</publication_year>
<publication_month>8</publication_month>
<publication_day>28</publication_day>
<authors>
<author>
<id>4086928</id>
<name>Hannah Harrington</name>
<link><![CDATA[https://www.goodreads.com/author/show/4086928.Hannah_Harrington]]></link>
</author>
</authors>
</book>

          <book>
<id>12912154</id>
<title>While He Was Away</title>
<title_without_series>While He Was Away</title_without_series>
<link><![CDATA[https://www.goodreads.com/book/show/12912154-while-he-was-away]]></link>
<small_image_url><![CDATA[https://images.gr-assets.com/books/1331604439s/12912154.jpg]]></small_image_url>
<image_url><![CDATA[https://images.gr-assets.com/books/1331604439m/12912154.jpg]]></image_url>
<num_pages>249</num_pages>
<work>
<id>18067012</id>
</work>
<isbn>140226402X</isbn>
<isbn13>9781402264023</isbn13>
<average_rating>3.46</average_rating>
<ratings_count>1617</ratings_count>
<publication_year>2012</publication_year>
<publication_month>5</publication_month>
<publication_day>1</publication_day>
<authors>
<author>
<id>5283506</id>
<name>Karen Halvorsen Schreck</name>
<link><![CDATA[https://www.goodreads.com/author/show/5283506.Karen_Halvorsen_Schreck]]></link>
</author>
</authors>
</book>

          <book>
<id>13013029</id>
<title>The Summer My Life Began</title>
<title_without_series>The Summer My Life Began</title_without_series>
<link><![CDATA[https://www.goodreads.com/book/show/13013029-the-summer-my-life-began]]></link>
<small_image_url><![CDATA[https://images.gr-assets.com/books/1321422324s/13013029.jpg]]></small_image_url>
<image_url><![CDATA[https://images.gr-assets.com/books/1321422324m/13013029.jpg]]></image_url>
<num_pages>250</num_pages>
<work>
<id>18174884</id>
</work>
<isbn>014241347X</isbn>
<isbn13>9780142413470</isbn13>
<average_rating>3.73</average_rating>
<ratings_count>1143</ratings_count>
<publication_year>2012</publication_year>
<publication_month>5</publication_month>
<publication_day>10</publication_day>
<authors>
<author>
<id>345637</id>
<name>Shannon Greenland</name>
<link><![CDATA[https://www.goodreads.com/author/show/345637.Shannon_Greenland]]></link>
</author>
</authors>
</book>

          <book>
<id>12988064</id>
<title>Reunited</title>
<title_without_series>Reunited</title_without_series>
<link><![CDATA[https://www.goodreads.com/book/show/12988064-reunited]]></link>
<small_image_url><![CDATA[https://images.gr-assets.com/books/1327899537s/12988064.jpg]]></small_image_url>
<image_url><![CDATA[https://images.gr-assets.com/books/1327899537m/12988064.jpg]]></image_url>
<num_pages>325</num_pages>
<work>
<id>13402780</id>
</work>
<isbn>144243984X</isbn>
<isbn13>9781442439849</isbn13>
<average_rating>3.67</average_rating>
<ratings_count>1637</ratings_count>
<publication_year>2012</publication_year>
<publication_month>6</publication_month>
<publication_day>12</publication_day>
<authors>
<author>
<id>4106085</id>
<name>Hilary Weisman Graham</name>
<link><![CDATA[https://www.goodreads.com/author/show/4106085.Hilary_Weisman_Graham]]></link>
</author>
</authors>
</book>

          <book>
<id>9807262</id>
<title>Wanderlove</title>
<title_without_series>Wanderlove</title_without_series>
<link><![CDATA[https://www.goodreads.com/book/show/9807262-wanderlove]]></link>
<small_image_url><![CDATA[https://images.gr-assets.com/books/1327877152s/9807262.jpg]]></small_image_url>
<image_url><![CDATA[https://images.gr-assets.com/books/1327877152m/9807262.jpg]]></image_url>
<num_pages>338</num_pages>
<work>
<id>14697582</id>
</work>
<isbn>0385739370</isbn>
<isbn13>9780385739375</isbn13>
<average_rating>3.91</average_rating>
<ratings_count>8333</ratings_count>
<publication_year>2012</publication_year>
<publication_month>3</publication_month>
<publication_day>13</publication_day>
<authors>
<author>
<id>3101315</id>
<name>Kirsten Hubbard</name>
<link><![CDATA[https://www.goodreads.com/author/show/3101315.Kirsten_Hubbard]]></link>
</author>
</authors>
</book>

          <book>
<id>11886526</id>
<title>The Story of Us</title>
<title_without_series>The Story of Us</title_without_series>
<link><![CDATA[https://www.goodreads.com/book/show/11886526-the-story-of-us]]></link>
<small_image_url><![CDATA[https://images.gr-assets.com/books/1327881683s/11886526.jpg]]></small_image_url>
<image_url><![CDATA[https://images.gr-assets.com/books/1327881683m/11886526.jpg]]></image_url>
<num_pages>389</num_pages>
<work>
<id>16845241</id>
</work>
<isbn>1442423463</isbn>
<isbn13>9781442423466</isbn13>
<average_rating>3.68</average_rating>
<ratings_count>5744</ratings_count>
<publication_year>2012</publication_year>
<publication_month>4</publication_month>
<publication_day>24</publication_day>
<authors>
<author>
<id>135786</id>
<name>Deb Caletti</name>
<link><![CDATA[https://www.goodreads.com/author/show/135786.Deb_Caletti]]></link>
</author>
</authors>
</book>

          <book>
<id>12987127</id>
<title>The Thing About the Truth</title>
<title_without_series>The Thing About the Truth</title_without_series>
<link><![CDATA[https://www.goodreads.com/book/show/12987127-the-thing-about-the-truth]]></link>
<small_image_url><![CDATA[https://s.gr-assets.com/assets/nophoto/book/50x75-a91bf249278a81aabab721ef782c4a74.png]]></small_image_url>
<image_url><![CDATA[https://s.gr-assets.com/assets/nophoto/book/111x148-bcc042a9c91a29c1d680899eff700a03.png]]></image_url>
<num_pages>285</num_pages>
<work>
<id>18146839</id>
</work>
<isbn>1442434600</isbn>
<isbn13>9781442434608</isbn13>
<average_rating>3.72</average_rating>
<ratings_count>9296</ratings_count>
<publication_year>2012</publication_year>
<publication_month>7</publication_month>
<publication_day>10</publication_day>
<authors>
<author>
<id>262086</id>
<name>Lauren Barnholdt</name>
<link><![CDATA[https://www.goodreads.com/author/show/262086.Lauren_Barnholdt]]></link>
</author>
</authors>
</book>

          <book>
<id>11788404</id>
<title>Pieces of Us</title>
<title_without_series>Pieces of Us</title_without_series>
<link><![CDATA[https://www.goodreads.com/book/show/11788404-pieces-of-us]]></link>
<small_image_url><![CDATA[https://s.gr-assets.com/assets/nophoto/book/50x75-a91bf249278a81aabab721ef782c4a74.png]]></small_image_url>
<image_url><![CDATA[https://s.gr-assets.com/assets/nophoto/book/111x148-bcc042a9c91a29c1d680899eff700a03.png]]></image_url>
<num_pages>336</num_pages>
<work>
<id>16406059</id>
</work>
<isbn>0738721646</isbn>
<isbn13>9780738721644</isbn13>
<average_rating>3.58</average_rating>
<ratings_count>1207</ratings_count>
<publication_year>2012</publication_year>
<publication_month>3</publication_month>
<publication_day>8</publication_day>
<authors>
<author>
<id>2950094</id>
<name>Margie Gelbwasser</name>
<link><![CDATA[https://www.goodreads.com/author/show/2950094.Margie_Gelbwasser]]></link>
</author>
</authors>
</book>

          <book>
<id>15805597</id>
<title>The Book of Broken Hearts</title>
<title_without_series>The Book of Broken Hearts</title_without_series>
<link><![CDATA[https://www.goodreads.com/book/show/15805597-the-book-of-broken-hearts]]></link>
<small_image_url><![CDATA[https://images.gr-assets.com/books/1344998329s/15805597.jpg]]></small_image_url>
<image_url><![CDATA[https://images.gr-assets.com/books/1344998329m/15805597.jpg]]></image_url>
<num_pages>352</num_pages>
<work>
<id>21526221</id>
</work>
<isbn>1442430389</isbn>
<isbn13>9781442430389</isbn13>
<average_rating>3.90</average_rating>
<ratings_count>10879</ratings_count>
<publication_year>2013</publication_year>
<publication_month>5</publication_month>
<publication_day>21</publication_day>
<authors>
<author>
<id>2188726</id>
<name>Sarah Ockler</name>
<link><![CDATA[https://www.goodreads.com/author/show/2188726.Sarah_Ockler]]></link>
</author>
</authors>
</book>

  </similar_books>
</book>

</GoodreadsResponse>