<?xml version="1.0" encoding="UTF-8"?>
<GoodreadsResponse>
  <Request>
    <authentication>true</authentication>
      <key><![CDATA[all_men_must_serve]]></key>
    <method><![CDATA[book_show]]></method>
  </Request>
  <book>
  <id>110871</id>
  <title>Thérèse Raquin</title>
  <isbn><![CDATA[0140449442]]></isbn>
  <isbn13><![CDATA[9780140449440]]></isbn13>
  <asin><![CDATA[]]></asin>
  <kindle_asin><![CDATA[B01M0BLQIE]]></kindle_asin>
  <marketplace_id><![CDATA[A1F83G8C2ARO7P]]></marketplace_id>
  <country_code><![CDATA[GB]]></country_code>
  <image_url>https://images.gr-assets.com/books/1282318692m/110871.jpg</image_url>
  <small_image_url>https://images.gr-assets.com/books/1282318692s/110871.jpg</small_image_url>
  <publication_year>2004</publication_year>
  <publication_month>7</publication_month>
  <publication_day>29</publication_day>
  <publisher>Penguin Books Ltd</publisher>
  <language_code>eng</language_code>
  <is_ebook>false</is_ebook>
  <description><![CDATA[One of Zola's most famous realistic novels, <i>Therese Raquin</i> is a clinically observed, sinister tale of adultery and murder among the lower classes in nineteenth-century Parisian society.<br /><br />Set in the claustrophobic atmosphere of a dingy haberdasher's shop in the passage du Pont-Neuf in Paris, this powerful novel tells how the heroine and her lover, Laurent, kill her husband, Camille, but are subsequently haunted by visions of the dead man and prevented from enjoying the fruits of their crime.<br /><br />Zola's shocking tale dispassionately dissects the motivations of his characters--mere "human beasts", who kill in order to satisfy their lust--and stands as a key manifesto of the French Naturalist movement, of which the author was the founding father. Published in 1867, this is Zola's most important work before the Rougon-Macquart series and introduces many of the themes that can be traced through the later novel cycle.]]></description>
  <work>
  <id type="integer">1656117</id>
  <books_count type="integer">448</books_count>
  <best_book_id type="integer">110871</best_book_id>
  <reviews_count type="integer">27725</reviews_count>
  <ratings_sum type="integer">53522</ratings_sum>
  <ratings_count type="integer">14444</ratings_count>
  <text_reviews_count type="integer">1079</text_reviews_count>
  <original_publication_year type="integer">1867</original_publication_year>
  <original_publication_month type="integer" nil="true"/>
  <original_publication_day type="integer" nil="true"/>
  <original_title>Thérèse Raquin</original_title>
  <original_language_id type="integer" nil="true"/>
  <media_type>book</media_type>
  <rating_dist>5:3458|4:5380|3:3937|2:1232|1:437|total:14444</rating_dist>
  <desc_user_id type="integer">36328101</desc_user_id>
  <default_chaptering_book_id type="integer" nil="true"/>
  <default_description_language_code nil="true"/>
</work>
  <average_rating>3.71</average_rating>
  <num_pages><![CDATA[201]]></num_pages>
  <format><![CDATA[Paperback]]></format>
  <edition_information><![CDATA[Penguin Classics]]></edition_information>
  <ratings_count><![CDATA[10740]]></ratings_count>
  <text_reviews_count><![CDATA[664]]></text_reviews_count>
  <url><![CDATA[https://www.goodreads.com/book/show/110871.Th_r_se_Raquin]]></url>
  <link><![CDATA[https://www.goodreads.com/book/show/110871.Th_r_se_Raquin]]></link>
  <authors>
<author>
<id>4750</id>
<name>Émile Zola</name>
<role></role>
<image_url nophoto='false'>
<![CDATA[https://images.gr-assets.com/authors/1189528657p5/4750.jpg]]>
</image_url>
<small_image_url nophoto='false'>
<![CDATA[https://images.gr-assets.com/authors/1189528657p2/4750.jpg]]>
</small_image_url>
<link><![CDATA[https://www.goodreads.com/author/show/4750._mile_Zola]]></link>
<average_rating>3.92</average_rating>
<ratings_count>99800</ratings_count>
<text_reviews_count>5338</text_reviews_count>
</author>
<author>
<id>224319</id>
<name>Robin Buss</name>
<role>Translator</role>
<image_url nophoto='true'>
<![CDATA[https://s.gr-assets.com/assets/nophoto/user/m_200x266-d279b33f8eec0f27b7272477f09806be.png]]>
</image_url>
<small_image_url nophoto='true'>
<![CDATA[https://s.gr-assets.com/assets/nophoto/user/m_50x66-82093808bca726cb3249a493fbd3bd0f.png]]>
</small_image_url>
<link><![CDATA[https://www.goodreads.com/author/show/224319.Robin_Buss]]></link>
<average_rating>4.18</average_rating>
<ratings_count>589482</ratings_count>
<text_reviews_count>13893</text_reviews_count>
</author>
</authors>

    <reviews_widget>
      <![CDATA[
        <style>
  #goodreads-widget {
    font-family: georgia, serif;
    padding: 18px 0;
    width:565px;
  }
  #goodreads-widget h1 {
    font-weight:normal;
    font-size: 16px;
    border-bottom: 1px solid #BBB596;
    margin-bottom: 0;
  }
  #goodreads-widget a {
    text-decoration: none;
    color:#660;
  }
  iframe{
    background-color: #fff;
  }
  #goodreads-widget a:hover { text-decoration: underline; }
  #goodreads-widget a:active {
    color:#660;
  }
  #gr_footer {
    width: 100%;
    border-top: 1px solid #BBB596;
    text-align: right;
  }
  #goodreads-widget .gr_branding{
    color: #382110;
    font-size: 11px;
    text-decoration: none;
    font-family: "Helvetica Neue", Helvetica, Arial, sans-serif;
  }
</style>
<div id="goodreads-widget">
  <div id="gr_header"><h1><a rel="nofollow" href="https://www.goodreads.com/book/show/110871.Th_r_se_Raquin">Thérèse Raquin Reviews</a></h1></div>
  <iframe id="the_iframe" src="https://www.goodreads.com/api/reviews_widget_iframe?did=DEVELOPER_ID&amp;format=html&amp;isbn=0140449442&amp;links=660&amp;min_rating=&amp;review_back=fff&amp;stars=000&amp;text=000" width="565" height="400" frameborder="0"></iframe>
  <div id="gr_footer">
    <a class="gr_branding" target="_blank" rel="nofollow" href="https://www.goodreads.com/book/show/110871.Th_r_se_Raquin?utm_medium=api&amp;utm_source=reviews_widget">Reviews from Goodreads.com</a>
  </div>
</div>

      ]]>
    </reviews_widget>
  <popular_shelves>
      <shelf name="to-read" count="9940"/>
      <shelf name="classics" count="703"/>
      <shelf name="fiction" count="317"/>
      <shelf name="currently-reading" count="295"/>
      <shelf name="french" count="210"/>
      <shelf name="favorites" count="163"/>
      <shelf name="france" count="137"/>
      <shelf name="french-literature" count="125"/>
      <shelf name="1001-books" count="119"/>
      <shelf name="classic" count="110"/>
      <shelf name="19th-century" count="98"/>
      <shelf name="1001" count="72"/>
      <shelf name="owned" count="68"/>
      <shelf name="french-lit" count="54"/>
      <shelf name="literature" count="52"/>
      <shelf name="novels" count="51"/>
      <shelf name="books-i-own" count="50"/>
      <shelf name="audiobook" count="48"/>
      <shelf name="crime" count="46"/>
      <shelf name="1001-books-to-read-before-you-die" count="43"/>
      <shelf name="audiobooks" count="41"/>
      <shelf name="historical-fiction" count="39"/>
      <shelf name="school" count="33"/>
      <shelf name="kindle" count="32"/>
      <shelf name="audible" count="31"/>
      <shelf name="1001-books-to-read" count="28"/>
      <shelf name="favourites" count="26"/>
      <shelf name="audio" count="25"/>
      <shelf name="1001-import" count="24"/>
      <shelf name="translated" count="24"/>
      <shelf name="romance" count="24"/>
      <shelf name="mystery" count="24"/>
      <shelf name="owned-books" count="23"/>
      <shelf name="classic-literature" count="22"/>
      <shelf name="to-buy" count="22"/>
      <shelf name="naturalism" count="22"/>
      <shelf name="classici" count="21"/>
      <shelf name="français" count="20"/>
      <shelf name="default" count="20"/>
      <shelf name="library" count="19"/>
      <shelf name="french-classics" count="18"/>
      <shelf name="1001-to-read" count="18"/>
      <shelf name="novel" count="17"/>
      <shelf name="literary-fiction" count="16"/>
      <shelf name="emile-zola" count="16"/>
      <shelf name="read-for-school" count="16"/>
      <shelf name="1001-books-you-must-read-before-you" count="16"/>
      <shelf name="paris" count="15"/>
      <shelf name="zola" count="15"/>
      <shelf name="letteratura-francese" count="15"/>
      <shelf name="europe" count="15"/>
      <shelf name="wish-list" count="15"/>
      <shelf name="1800s" count="15"/>
      <shelf name="drama" count="14"/>
      <shelf name="historical" count="14"/>
      <shelf name="murder" count="13"/>
      <shelf name="read-in-french" count="13"/>
      <shelf name="classiques" count="13"/>
      <shelf name="french-books" count="13"/>
      <shelf name="book-club" count="13"/>
      <shelf name="ebook" count="12"/>
      <shelf name="e-book" count="12"/>
      <shelf name="my-library" count="12"/>
      <shelf name="read-in-2016" count="11"/>
      <shelf name="read-in-2015" count="11"/>
      <shelf name="read-in-2014" count="11"/>
      <shelf name="19th-century-literature" count="11"/>
      <shelf name="francais" count="11"/>
      <shelf name="romans" count="11"/>
      <shelf name="classics-to-read" count="10"/>
      <shelf name="classic-fiction" count="10"/>
      <shelf name="translation" count="10"/>
      <shelf name="penguin-classics" count="10"/>
      <shelf name="classique" count="10"/>
      <shelf name="i-own" count="9"/>
      <shelf name="adult-fiction" count="9"/>
      <shelf name="european-literature" count="9"/>
      <shelf name="horror" count="9"/>
      <shelf name="in-translation" count="9"/>
      <shelf name="roman" count="9"/>
      <shelf name="littérature-française" count="9"/>
      <shelf name="adult" count="9"/>
      <shelf name="general-fiction" count="9"/>
      <shelf name="e-books" count="8"/>
      <shelf name="audio-books" count="8"/>
      <shelf name="literature-french" count="8"/>
      <shelf name="adultery" count="8"/>
      <shelf name="french-litterature" count="8"/>
      <shelf name="french-authors" count="8"/>
      <shelf name="guardian-1000" count="8"/>
      <shelf name="lit" count="8"/>
      <shelf name="my-books" count="8"/>
      <shelf name="to-read-classics" count="8"/>
      <shelf name="read-in-swedish" count="8"/>
      <shelf name="1001books" count="8"/>
      <shelf name="read-in-2017" count="7"/>
      <shelf name="1001-list" count="7"/>
      <shelf name="thriller" count="7"/>
      <shelf name="classic-novels" count="7"/>
      <shelf name="classic-lit" count="7"/>
  </popular_shelves>
  <book_links>
    <book_link>
  <id>8</id>
  <name>Libraries</name>
  <link>https://www.goodreads.com/book_link/follow/8</link>
</book_link>

  </book_links>
  <buy_links>
    <buy_link>
<id>1</id>
<name>Amazon</name>
<link>https://www.goodreads.com/book_link/follow/1</link>
</buy_link>
<buy_link>
<id>10</id>
<name>Audible</name>
<link>https://www.goodreads.com/book_link/follow/10</link>
</buy_link>
<buy_link>
<id>3</id>
<name>Barnes &amp; Noble</name>
<link>https://www.goodreads.com/book_link/follow/3</link>
</buy_link>
<buy_link>
<id>1027</id>
<name>Kobo</name>
<link>https://www.goodreads.com/book_link/follow/1027</link>
</buy_link>
<buy_link>
<id>2102</id>
<name>Apple iBooks</name>
<link>https://www.goodreads.com/book_link/follow/2102</link>
</buy_link>
<buy_link>
<id>8036</id>
<name>Google Play</name>
<link>https://www.goodreads.com/book_link/follow/8036</link>
</buy_link>
<buy_link>
<id>4</id>
<name>Abebooks</name>
<link>https://www.goodreads.com/book_link/follow/4</link>
</buy_link>
<buy_link>
<id>882</id>
<name>Book Depository</name>
<link>https://www.goodreads.com/book_link/follow/882</link>
</buy_link>
<buy_link>
<id>9</id>
<name>Indigo</name>
<link>https://www.goodreads.com/book_link/follow/9</link>
</buy_link>
<buy_link>
<id>2</id>
<name>Half.com</name>
<link>https://www.goodreads.com/book_link/follow/2</link>
</buy_link>
<buy_link>
<id>5</id>
<name>Alibris</name>
<link>https://www.goodreads.com/book_link/follow/5</link>
</buy_link>
<buy_link>
<id>107</id>
<name>Better World Books</name>
<link>https://www.goodreads.com/book_link/follow/107</link>
</buy_link>
<buy_link>
<id>7</id>
<name>IndieBound</name>
<link>https://www.goodreads.com/book_link/follow/7</link>
</buy_link>

  </buy_links>
  <series_works>
    
  </series_works>
  <similar_books>
          <book>
<id>25946</id>
<title>Cousin Pons</title>
<title_without_series>Cousin Pons</title_without_series>
<link><![CDATA[https://www.goodreads.com/book/show/25946.Cousin_Pons]]></link>
<small_image_url><![CDATA[https://s.gr-assets.com/assets/nophoto/book/50x75-a91bf249278a81aabab721ef782c4a74.png]]></small_image_url>
<image_url><![CDATA[https://s.gr-assets.com/assets/nophoto/book/111x148-bcc042a9c91a29c1d680899eff700a03.png]]></image_url>
<num_pages>336</num_pages>
<work>
<id>26659</id>
</work>
<isbn>0140442057</isbn>
<isbn13>9780140442052</isbn13>
<average_rating>3.97</average_rating>
<ratings_count>861</ratings_count>
<publication_year>1978</publication_year>
<publication_month>5</publication_month>
<publication_day>25</publication_day>
<authors>
<author>
<id>228089</id>
<name>Honoré de Balzac</name>
<link><![CDATA[https://www.goodreads.com/author/show/228089.Honor_de_Balzac]]></link>
</author>
</authors>
</book>

          <book>
<id>246414</id>
<title>Pierre et Jean</title>
<title_without_series>Pierre et Jean</title_without_series>
<link><![CDATA[https://www.goodreads.com/book/show/246414.Pierre_et_Jean]]></link>
<small_image_url><![CDATA[https://s.gr-assets.com/assets/nophoto/book/50x75-a91bf249278a81aabab721ef782c4a74.png]]></small_image_url>
<image_url><![CDATA[https://s.gr-assets.com/assets/nophoto/book/111x148-bcc042a9c91a29c1d680899eff700a03.png]]></image_url>
<num_pages>134</num_pages>
<work>
<id>1621027</id>
</work>
<isbn>0543898466</isbn>
<isbn13>9780543898463</isbn13>
<average_rating>3.62</average_rating>
<ratings_count>4397</ratings_count>
<publication_year>2001</publication_year>
<publication_month>3</publication_month>
<publication_day>13</publication_day>
<authors>
<author>
<id>18791</id>
<name>Guy de Maupassant</name>
<link><![CDATA[https://www.goodreads.com/author/show/18791.Guy_de_Maupassant]]></link>
</author>
</authors>
</book>

          <book>
<id>657537</id>
<title>Fantômas (Fantômas, #1)</title>
<title_without_series>Fantômas</title_without_series>
<link><![CDATA[https://www.goodreads.com/book/show/657537.Fant_mas]]></link>
<small_image_url><![CDATA[https://images.gr-assets.com/books/1360736584s/657537.jpg]]></small_image_url>
<image_url><![CDATA[https://images.gr-assets.com/books/1360736584m/657537.jpg]]></image_url>
<num_pages>300</num_pages>
<work>
<id>643625</id>
</work>
<isbn>0143104845</isbn>
<isbn13>9780143104841</isbn13>
<average_rating>3.67</average_rating>
<ratings_count>1385</ratings_count>
<publication_year>2006</publication_year>
<publication_month>12</publication_month>
<publication_day>26</publication_day>
<authors>
<author>
<id>353300</id>
<name>Marcel Allain</name>
<link><![CDATA[https://www.goodreads.com/author/show/353300.Marcel_Allain]]></link>
</author>
</authors>
</book>

          <book>
<id>355034</id>
<title>The Temptation of St. Antony</title>
<title_without_series>The Temptation of St. Antony</title_without_series>
<link><![CDATA[https://www.goodreads.com/book/show/355034.The_Temptation_of_St_Antony]]></link>
<small_image_url><![CDATA[https://s.gr-assets.com/assets/nophoto/book/50x75-a91bf249278a81aabab721ef782c4a74.png]]></small_image_url>
<image_url><![CDATA[https://s.gr-assets.com/assets/nophoto/book/111x148-bcc042a9c91a29c1d680899eff700a03.png]]></image_url>
<num_pages>304</num_pages>
<work>
<id>1717112</id>
</work>
<isbn>0140444106</isbn>
<isbn13>9780140444100</isbn13>
<average_rating>3.80</average_rating>
<ratings_count>2029</ratings_count>
<publication_year>1983</publication_year>
<publication_month>6</publication_month>
<publication_day>30</publication_day>
<authors>
<author>
<id>1461</id>
<name>Gustave Flaubert</name>
<link><![CDATA[https://www.goodreads.com/author/show/1461.Gustave_Flaubert]]></link>
</author>
</authors>
</book>

          <book>
<id>253878</id>
<title>Mademoiselle de Maupin</title>
<title_without_series>Mademoiselle de Maupin</title_without_series>
<link><![CDATA[https://www.goodreads.com/book/show/253878.Mademoiselle_de_Maupin]]></link>
<small_image_url><![CDATA[https://images.gr-assets.com/books/1358825205s/253878.jpg]]></small_image_url>
<image_url><![CDATA[https://images.gr-assets.com/books/1358825205m/253878.jpg]]></image_url>
<num_pages>363</num_pages>
<work>
<id>246023</id>
</work>
<isbn>0140448136</isbn>
<isbn13>9780140448139</isbn13>
<average_rating>3.96</average_rating>
<ratings_count>754</ratings_count>
<publication_year>2005</publication_year>
<publication_month>12</publication_month>
<publication_day>1</publication_day>
<authors>
<author>
<id>103384</id>
<name>Théophile Gautier</name>
<link><![CDATA[https://www.goodreads.com/author/show/103384.Th_ophile_Gautier]]></link>
</author>
</authors>
</book>

          <book>
<id>346023</id>
<title>The Gods Will Have Blood</title>
<title_without_series>The Gods Will Have Blood</title_without_series>
<link><![CDATA[https://www.goodreads.com/book/show/346023.The_Gods_Will_Have_Blood]]></link>
<small_image_url><![CDATA[https://s.gr-assets.com/assets/nophoto/book/50x75-a91bf249278a81aabab721ef782c4a74.png]]></small_image_url>
<image_url><![CDATA[https://s.gr-assets.com/assets/nophoto/book/111x148-bcc042a9c91a29c1d680899eff700a03.png]]></image_url>
<num_pages>254</num_pages>
<work>
<id>2069122</id>
</work>
<isbn>0140184570</isbn>
<isbn13>9780140184570</isbn13>
<average_rating>3.71</average_rating>
<ratings_count>1337</ratings_count>
<publication_year>1990</publication_year>
<publication_month>12</publication_month>
<publication_day>1</publication_day>
<authors>
<author>
<id>48535</id>
<name>Anatole France</name>
<link><![CDATA[https://www.goodreads.com/author/show/48535.Anatole_France]]></link>
</author>
</authors>
</book>

          <book>
<id>413496</id>
<title>Les caves du Vatican</title>
<title_without_series>Les caves du Vatican</title_without_series>
<link><![CDATA[https://www.goodreads.com/book/show/413496.Les_caves_du_Vatican]]></link>
<small_image_url><![CDATA[https://s.gr-assets.com/assets/nophoto/book/50x75-a91bf249278a81aabab721ef782c4a74.png]]></small_image_url>
<image_url><![CDATA[https://s.gr-assets.com/assets/nophoto/book/111x148-bcc042a9c91a29c1d680899eff700a03.png]]></image_url>
<num_pages></num_pages>
<work>
<id>2040896</id>
</work>
<isbn>2070360342</isbn>
<isbn13>9782070360345</isbn13>
<average_rating>3.66</average_rating>
<ratings_count>1740</ratings_count>
<publication_year>1972</publication_year>
<publication_month>2</publication_month>
<publication_day>1</publication_day>
<authors>
<author>
<id>7617</id>
<name>André Gide</name>
<link><![CDATA[https://www.goodreads.com/author/show/7617.Andr_Gide]]></link>
</author>
</authors>
</book>

          <book>
<id>568674</id>
<title>Thérèse Desqueyroux</title>
<title_without_series>Thérèse Desqueyroux</title_without_series>
<link><![CDATA[https://www.goodreads.com/book/show/568674.Th_r_se_Desqueyroux]]></link>
<small_image_url><![CDATA[https://images.gr-assets.com/books/1335423182s/568674.jpg]]></small_image_url>
<image_url><![CDATA[https://images.gr-assets.com/books/1335423182m/568674.jpg]]></image_url>
<num_pages></num_pages>
<work>
<id>46658121</id>
</work>
<isbn>2253004219</isbn>
<isbn13>9782253004219</isbn13>
<average_rating>3.70</average_rating>
<ratings_count>2652</ratings_count>
<publication_year></publication_year>
<publication_month></publication_month>
<publication_day></publication_day>
<authors>
<author>
<id>61023</id>
<name>François Mauriac</name>
<link><![CDATA[https://www.goodreads.com/author/show/61023.Fran_ois_Mauriac]]></link>
</author>
</authors>
</book>

          <book>
<id>1481415</id>
<title>Castle Richmond</title>
<title_without_series>Castle Richmond</title_without_series>
<link><![CDATA[https://www.goodreads.com/book/show/1481415.Castle_Richmond]]></link>
<small_image_url><![CDATA[https://s.gr-assets.com/assets/nophoto/book/50x75-a91bf249278a81aabab721ef782c4a74.png]]></small_image_url>
<image_url><![CDATA[https://s.gr-assets.com/assets/nophoto/book/111x148-bcc042a9c91a29c1d680899eff700a03.png]]></image_url>
<num_pages>442</num_pages>
<work>
<id>1472520</id>
</work>
<isbn>1406930245</isbn>
<isbn13>9781406930245</isbn13>
<average_rating>3.69</average_rating>
<ratings_count>461</ratings_count>
<publication_year>2006</publication_year>
<publication_month>11</publication_month>
<publication_day>3</publication_day>
<authors>
<author>
<id>20524</id>
<name>Anthony Trollope</name>
<link><![CDATA[https://www.goodreads.com/author/show/20524.Anthony_Trollope]]></link>
</author>
</authors>
</book>

          <book>
<id>492243</id>
<title>Claudine&apos;s House </title>
<title_without_series>Claudine&apos;s House</title_without_series>
<link><![CDATA[https://www.goodreads.com/book/show/492243.Claudine_s_House]]></link>
<small_image_url><![CDATA[https://images.gr-assets.com/books/1328848461s/492243.jpg]]></small_image_url>
<image_url><![CDATA[https://images.gr-assets.com/books/1328848461m/492243.jpg]]></image_url>
<num_pages>170</num_pages>
<work>
<id>480441</id>
</work>
<isbn>1843914158</isbn>
<isbn13>9781843914150</isbn13>
<average_rating>3.66</average_rating>
<ratings_count>297</ratings_count>
<publication_year>2005</publication_year>
<publication_month>9</publication_month>
<publication_day>1</publication_day>
<authors>
<author>
<id>51575</id>
<name>Colette</name>
<link><![CDATA[https://www.goodreads.com/author/show/51575.Colette]]></link>
</author>
</authors>
</book>

          <book>
<id>220362</id>
<title><![CDATA[Manon des Sources (L'eau des collines, #2)]]></title>
<title_without_series>Manon des Sources</title_without_series>
<link><![CDATA[https://www.goodreads.com/book/show/220362.Manon_des_Sources]]></link>
<small_image_url><![CDATA[https://s.gr-assets.com/assets/nophoto/book/50x75-a91bf249278a81aabab721ef782c4a74.png]]></small_image_url>
<image_url><![CDATA[https://s.gr-assets.com/assets/nophoto/book/111x148-bcc042a9c91a29c1d680899eff700a03.png]]></image_url>
<num_pages></num_pages>
<work>
<id>213371</id>
</work>
<isbn>287706512X</isbn>
<isbn13>9782877065122</isbn13>
<average_rating>4.09</average_rating>
<ratings_count>1221</ratings_count>
<publication_year>2004</publication_year>
<publication_month>9</publication_month>
<publication_day>1</publication_day>
<authors>
<author>
<id>101107</id>
<name>Marcel Pagnol</name>
<link><![CDATA[https://www.goodreads.com/author/show/101107.Marcel_Pagnol]]></link>
</author>
</authors>
</book>

          <book>
<id>1323787</id>
<title>Born in Exile</title>
<title_without_series>Born in Exile</title_without_series>
<link><![CDATA[https://www.goodreads.com/book/show/1323787.Born_in_Exile]]></link>
<small_image_url><![CDATA[https://images.gr-assets.com/books/1342995857s/1323787.jpg]]></small_image_url>
<image_url><![CDATA[https://images.gr-assets.com/books/1342995857m/1323787.jpg]]></image_url>
<num_pages>316</num_pages>
<work>
<id>1313193</id>
</work>
<isbn>140680942X</isbn>
<isbn13>9781406809428</isbn13>
<average_rating>3.54</average_rating>
<ratings_count>259</ratings_count>
<publication_year>2007</publication_year>
<publication_month>2</publication_month>
<publication_day>1</publication_day>
<authors>
<author>
<id>4532116</id>
<name>George Gissing</name>
<link><![CDATA[https://www.goodreads.com/author/show/4532116.George_Gissing]]></link>
</author>
</authors>
</book>

          <book>
<id>1505064</id>
<title>Les Diaboliques </title>
<title_without_series>Les Diaboliques</title_without_series>
<link><![CDATA[https://www.goodreads.com/book/show/1505064.Les_Diaboliques]]></link>
<small_image_url><![CDATA[https://images.gr-assets.com/books/1355092023s/1505064.jpg]]></small_image_url>
<image_url><![CDATA[https://images.gr-assets.com/books/1355092023m/1505064.jpg]]></image_url>
<num_pages></num_pages>
<work>
<id>1496555</id>
</work>
<isbn>2253036544</isbn>
<isbn13>9782253036548</isbn13>
<average_rating>3.78</average_rating>
<ratings_count>992</ratings_count>
<publication_year>1985</publication_year>
<publication_month>4</publication_month>
<publication_day>24</publication_day>
<authors>
<author>
<id>4547067</id>
<name>Jules Barbey d&apos;Aurevilly</name>
<link><![CDATA[https://www.goodreads.com/author/show/4547067.Jules_Barbey_d_Aurevilly]]></link>
</author>
</authors>
</book>

          <book>
<id>967909</id>
<title>The Devil in the Flesh</title>
<title_without_series>The Devil in the Flesh</title_without_series>
<link><![CDATA[https://www.goodreads.com/book/show/967909.The_Devil_in_the_Flesh]]></link>
<small_image_url><![CDATA[https://images.gr-assets.com/books/1353573986s/967909.jpg]]></small_image_url>
<image_url><![CDATA[https://images.gr-assets.com/books/1353573986m/967909.jpg]]></image_url>
<num_pages>127</num_pages>
<work>
<id>1258808</id>
</work>
<isbn>0714534021</isbn>
<isbn13>9780714534022</isbn13>
<average_rating>3.72</average_rating>
<ratings_count>2589</ratings_count>
<publication_year>1968</publication_year>
<publication_month></publication_month>
<publication_day></publication_day>
<authors>
<author>
<id>423070</id>
<name>Raymond Radiguet</name>
<link><![CDATA[https://www.goodreads.com/author/show/423070.Raymond_Radiguet]]></link>
</author>
</authors>
</book>

  </similar_books>
</book>

</GoodreadsResponse>