<?xml version="1.0" encoding="UTF-8"?>
<GoodreadsResponse>
  <Request>
    <authentication>true</authentication>
      <key><![CDATA[all_men_must_serve]]></key>
    <method><![CDATA[book_show]]></method>
  </Request>
  <book>
  <id>11096647</id>
  <title><![CDATA[Flat-Out Love (Flat-Out Love, #1)]]></title>
  <isbn><![CDATA[]]></isbn>
  <isbn13><![CDATA[]]></isbn13>
  <asin><![CDATA[B004W9BYR8]]></asin>
  <kindle_asin><![CDATA[B008DZTE60]]></kindle_asin>
  <marketplace_id><![CDATA[A1F83G8C2ARO7P]]></marketplace_id>
  <country_code><![CDATA[GB]]></country_code>
  <image_url>https://images.gr-assets.com/books/1333821470m/11096647.jpg</image_url>
  <small_image_url>https://images.gr-assets.com/books/1333821470s/11096647.jpg</small_image_url>
  <publication_year>2011</publication_year>
  <publication_month>4</publication_month>
  <publication_day>11</publication_day>
  <publisher>Amazon Digital Services</publisher>
  <language_code>eng</language_code>
  <is_ebook>true</is_ebook>
  <description><![CDATA[<b><i>Flat-Out Love</i> is a warm and witty novel of family love and dysfunction, deep heartache and raw vulnerability, with a bit of mystery and one whopping, knock-you-to-your-knees romance.</b><br /><br /><b>It's not what you know—or when you see—that matters. It's about a journey.</b><br /><br />Something is seriously off in the Watkins home. And Julie Seagle, college freshman, small-town Ohio transplant, and the newest resident of this Boston house, is determined to get to the bottom of it. When Julie's off-campus housing falls through, her mother's old college roommate, Erin Watkins, invites her to move in. The parents, Erin and Roger, are welcoming, but emotionally distant and academically driven to eccentric extremes. The middle child, Matt, is an MIT tech geek with a sweet side... and the social skills of a spool of USB cable. The youngest, Celeste, is a frighteningly bright but freakishly fastidious 13-year-old who hauls around a life-sized cardboard cutout of her oldest brother almost everywhere she goes.<br /><br />And there's that oldest brother, Finn: funny, gorgeous, smart, sensitive, almost emotionally available. Geographically? Definitely unavailable. That's because Finn is traveling the world and surfacing only for random Facebook chats, e-mails, and status updates. Before long, through late-night exchanges of disembodied text, he begins to stir something tender and silly and maybe even a little bit sexy in Julie's suddenly lonesome soul.<br /><br />To Julie, the emotionally scrambled members of the Watkins family add up to something that ... well... doesn't quite add up. Not until she forces a buried secret to the surface, eliciting a dramatic confrontation that threatens to tear the fragile Watkins family apart, does she get her answer.<br /><br /><i>Flat-Out Love comes complete with emails, Facebook status updates, and instant messages.</i>]]></description>
  <work>
  <id type="integer">16018629</id>
  <books_count type="integer">27</books_count>
  <best_book_id type="integer">11096647</best_book_id>
  <reviews_count type="integer">102657</reviews_count>
  <ratings_sum type="integer">208363</ratings_sum>
  <ratings_count type="integer">51977</ratings_count>
  <text_reviews_count type="integer">5105</text_reviews_count>
  <original_publication_year type="integer">2011</original_publication_year>
  <original_publication_month type="integer">4</original_publication_month>
  <original_publication_day type="integer">11</original_publication_day>
  <original_title>Flat-Out Love </original_title>
  <original_language_id type="integer" nil="true"/>
  <media_type>book</media_type>
  <rating_dist>5:19463|4:18823|3:9612|2:2841|1:1238|total:51977</rating_dist>
  <desc_user_id type="integer">20071824</desc_user_id>
  <default_chaptering_book_id type="integer" nil="true"/>
  <default_description_language_code nil="true"/>
</work>
  <average_rating>4.01</average_rating>
  <num_pages><![CDATA[389]]></num_pages>
  <format><![CDATA[Kindle Edition]]></format>
  <edition_information><![CDATA[]]></edition_information>
  <ratings_count><![CDATA[47663]]></ratings_count>
  <text_reviews_count><![CDATA[4647]]></text_reviews_count>
  <url><![CDATA[https://www.goodreads.com/book/show/11096647-flat-out-love]]></url>
  <link><![CDATA[https://www.goodreads.com/book/show/11096647-flat-out-love]]></link>
  <authors>
<author>
<id>22159</id>
<name>Jessica Park</name>
<role></role>
<image_url nophoto='false'>
<![CDATA[https://images.gr-assets.com/authors/1471635248p5/22159.jpg]]>
</image_url>
<small_image_url nophoto='false'>
<![CDATA[https://images.gr-assets.com/authors/1471635248p2/22159.jpg]]>
</small_image_url>
<link><![CDATA[https://www.goodreads.com/author/show/22159.Jessica_Park]]></link>
<average_rating>4.05</average_rating>
<ratings_count>103332</ratings_count>
<text_reviews_count>11392</text_reviews_count>
</author>
</authors>

    <reviews_widget>
      <![CDATA[
        <style>
  #goodreads-widget {
    font-family: georgia, serif;
    padding: 18px 0;
    width:565px;
  }
  #goodreads-widget h1 {
    font-weight:normal;
    font-size: 16px;
    border-bottom: 1px solid #BBB596;
    margin-bottom: 0;
  }
  #goodreads-widget a {
    text-decoration: none;
    color:#660;
  }
  iframe{
    background-color: #fff;
  }
  #goodreads-widget a:hover { text-decoration: underline; }
  #goodreads-widget a:active {
    color:#660;
  }
  #gr_footer {
    width: 100%;
    border-top: 1px solid #BBB596;
    text-align: right;
  }
  #goodreads-widget .gr_branding{
    color: #382110;
    font-size: 11px;
    text-decoration: none;
    font-family: "Helvetica Neue", Helvetica, Arial, sans-serif;
  }
</style>
<div id="goodreads-widget">
  <div id="gr_header"><h1><a rel="nofollow" href="https://www.goodreads.com/book/show/11096647-flat-out-love">Flat-Out Love Reviews</a></h1></div>
  <iframe id="the_iframe" src="https://www.goodreads.com/api/reviews_widget_iframe?did=DEVELOPER_ID&amp;format=html&amp;isbn=B004W9BYR8&amp;links=660&amp;min_rating=&amp;review_back=fff&amp;stars=000&amp;text=000" width="565" height="400" frameborder="0"></iframe>
  <div id="gr_footer">
    <a class="gr_branding" target="_blank" rel="nofollow" href="https://www.goodreads.com/book/show/11096647-flat-out-love?utm_medium=api&amp;utm_source=reviews_widget">Reviews from Goodreads.com</a>
  </div>
</div>

      ]]>
    </reviews_widget>
  <popular_shelves>
      <shelf name="to-read" count="45105"/>
      <shelf name="favorites" count="1440"/>
      <shelf name="romance" count="947"/>
      <shelf name="currently-reading" count="870"/>
      <shelf name="young-adult" count="763"/>
      <shelf name="new-adult" count="674"/>
      <shelf name="contemporary" count="520"/>
      <shelf name="ya" count="430"/>
      <shelf name="kindle" count="344"/>
      <shelf name="chick-lit" count="231"/>
      <shelf name="contemporary-romance" count="199"/>
      <shelf name="series" count="189"/>
      <shelf name="fiction" count="188"/>
      <shelf name="college" count="177"/>
      <shelf name="ebook" count="120"/>
      <shelf name="read-in-2012" count="92"/>
      <shelf name="funny" count="91"/>
      <shelf name="favourites" count="89"/>
      <shelf name="ebooks" count="88"/>
      <shelf name="read-in-2013" count="85"/>
      <shelf name="dnf" count="85"/>
      <shelf name="realistic-fiction" count="84"/>
      <shelf name="kindle-unlimited" count="70"/>
      <shelf name="college-romance" count="69"/>
      <shelf name="5-stars" count="66"/>
      <shelf name="books-i-own" count="65"/>
      <shelf name="audiobook" count="62"/>
      <shelf name="read-2013" count="58"/>
      <shelf name="favorite" count="57"/>
      <shelf name="to-buy" count="56"/>
      <shelf name="drama" count="55"/>
      <shelf name="na" count="54"/>
      <shelf name="maybe" count="54"/>
      <shelf name="ya-romance" count="53"/>
      <shelf name="love" count="52"/>
      <shelf name="audible" count="49"/>
      <shelf name="owned" count="49"/>
      <shelf name="e-book" count="49"/>
      <shelf name="family" count="49"/>
      <shelf name="humor" count="48"/>
      <shelf name="made-me-cry" count="47"/>
      <shelf name="ya-contemporary" count="45"/>
      <shelf name="audiobooks" count="44"/>
      <shelf name="read-in-2014" count="42"/>
      <shelf name="audio" count="42"/>
      <shelf name="book-boyfriends" count="41"/>
      <shelf name="2013-reads" count="40"/>
      <shelf name="kindle-books" count="40"/>
      <shelf name="ya-na" count="39"/>
      <shelf name="did-not-finish" count="38"/>
      <shelf name="my-favorites" count="36"/>
      <shelf name="read-2012" count="35"/>
      <shelf name="4-stars" count="35"/>
      <shelf name="book-club" count="34"/>
      <shelf name="loved" count="34"/>
      <shelf name="stand-alone" count="33"/>
      <shelf name="all-time-favorites" count="33"/>
      <shelf name="faves" count="33"/>
      <shelf name="e-books" count="33"/>
      <shelf name="death" count="32"/>
      <shelf name="friends-to-lovers" count="31"/>
      <shelf name="wish-list" count="31"/>
      <shelf name="read-in-2015" count="30"/>
      <shelf name="favs" count="30"/>
      <shelf name="emotional" count="30"/>
      <shelf name="read-2014" count="28"/>
      <shelf name="on-my-kindle" count="28"/>
      <shelf name="library" count="28"/>
      <shelf name="love-triangle" count="27"/>
      <shelf name="jessica-park" count="27"/>
      <shelf name="young-adult-romance" count="27"/>
      <shelf name="read-2015" count="25"/>
      <shelf name="favorite-books" count="25"/>
      <shelf name="on-kindle" count="25"/>
      <shelf name="realistic" count="25"/>
      <shelf name="read-in-2016" count="24"/>
      <shelf name="cute" count="24"/>
      <shelf name="book-boyfriend" count="24"/>
      <shelf name="loved-it" count="24"/>
      <shelf name="must-read" count="24"/>
      <shelf name="reviewed" count="24"/>
      <shelf name="2014-reads" count="23"/>
      <shelf name="teen" count="23"/>
      <shelf name="adult" count="23"/>
      <shelf name="read-in-2011" count="23"/>
      <shelf name="first-in-series" count="22"/>
      <shelf name="owned-books" count="22"/>
      <shelf name="abandoned" count="22"/>
      <shelf name="borrowed" count="22"/>
      <shelf name="read-in-english" count="21"/>
      <shelf name="2012-reads" count="20"/>
      <shelf name="romance-contemporary" count="20"/>
      <shelf name="english" count="20"/>
      <shelf name="2013-read" count="19"/>
      <shelf name="own-it" count="19"/>
      <shelf name="indie" count="19"/>
      <shelf name="ya-fiction" count="19"/>
      <shelf name="mental-illness" count="18"/>
      <shelf name="i-own" count="18"/>
      <shelf name="hilarious" count="18"/>
  </popular_shelves>
  <book_links>
    <book_link>
  <id>8</id>
  <name>Libraries</name>
  <link>https://www.goodreads.com/book_link/follow/8</link>
</book_link>

  </book_links>
  <buy_links>
    <buy_link>
<id>1</id>
<name>Amazon</name>
<link>https://www.goodreads.com/book_link/follow/1</link>
</buy_link>
<buy_link>
<id>10</id>
<name>Audible</name>
<link>https://www.goodreads.com/book_link/follow/10</link>
</buy_link>
<buy_link>
<id>3</id>
<name>Barnes &amp; Noble</name>
<link>https://www.goodreads.com/book_link/follow/3</link>
</buy_link>
<buy_link>
<id>1027</id>
<name>Kobo</name>
<link>https://www.goodreads.com/book_link/follow/1027</link>
</buy_link>
<buy_link>
<id>2102</id>
<name>Apple iBooks</name>
<link>https://www.goodreads.com/book_link/follow/2102</link>
</buy_link>
<buy_link>
<id>8036</id>
<name>Google Play</name>
<link>https://www.goodreads.com/book_link/follow/8036</link>
</buy_link>
<buy_link>
<id>4</id>
<name>Abebooks</name>
<link>https://www.goodreads.com/book_link/follow/4</link>
</buy_link>
<buy_link>
<id>882</id>
<name>Book Depository</name>
<link>https://www.goodreads.com/book_link/follow/882</link>
</buy_link>
<buy_link>
<id>9</id>
<name>Indigo</name>
<link>https://www.goodreads.com/book_link/follow/9</link>
</buy_link>
<buy_link>
<id>2</id>
<name>Half.com</name>
<link>https://www.goodreads.com/book_link/follow/2</link>
</buy_link>
<buy_link>
<id>5</id>
<name>Alibris</name>
<link>https://www.goodreads.com/book_link/follow/5</link>
</buy_link>
<buy_link>
<id>107</id>
<name>Better World Books</name>
<link>https://www.goodreads.com/book_link/follow/107</link>
</buy_link>
<buy_link>
<id>7</id>
<name>IndieBound</name>
<link>https://www.goodreads.com/book_link/follow/7</link>
</buy_link>

  </buy_links>
  <series_works>
    <series_work>
<id>482377</id>
<user_position>1</user_position>
<series>
<id>99730</id>
<title>
<![CDATA[
    Flat-Out Love
]]>
</title>
<description>
<![CDATA[
]]>
</description>
<note>
<![CDATA[
]]>
</note>
<series_works_count>3</series_works_count>
<primary_work_count>2</primary_work_count>
<numbered>true</numbered>
</series>

</series_work>

  </series_works>
  <similar_books>
          <book>
<id>2761356</id>
<title>The Sweet Gum Tree</title>
<title_without_series>The Sweet Gum Tree</title_without_series>
<link><![CDATA[https://www.goodreads.com/book/show/2761356-the-sweet-gum-tree]]></link>
<small_image_url><![CDATA[https://images.gr-assets.com/books/1367119561s/2761356.jpg]]></small_image_url>
<image_url><![CDATA[https://images.gr-assets.com/books/1367119561m/2761356.jpg]]></image_url>
<num_pages></num_pages>
<work>
<id>2787065</id>
</work>
<isbn>1419953249</isbn>
<isbn13>9781419953248</isbn13>
<average_rating>4.30</average_rating>
<ratings_count>24325</ratings_count>
<publication_year>2005</publication_year>
<publication_month>11</publication_month>
<publication_day>1</publication_day>
<authors>
<author>
<id>1077176</id>
<name>Katherine Allred</name>
<link><![CDATA[https://www.goodreads.com/author/show/1077176.Katherine_Allred]]></link>
</author>
</authors>
</book>

          <book>
<id>13122965</id>
<title><![CDATA[Callum & Harper (Sleepless, #1)]]></title>
<title_without_series>Callum &amp; Harper</title_without_series>
<link><![CDATA[https://www.goodreads.com/book/show/13122965-callum-harper]]></link>
<small_image_url><![CDATA[https://images.gr-assets.com/books/1322521960s/13122965.jpg]]></small_image_url>
<image_url><![CDATA[https://images.gr-assets.com/books/1322521960m/13122965.jpg]]></image_url>
<num_pages>256</num_pages>
<work>
<id>18298587</id>
</work>
<isbn></isbn>
<isbn13>2940013873797</isbn13>
<average_rating>3.92</average_rating>
<ratings_count>12404</ratings_count>
<publication_year>2011</publication_year>
<publication_month>12</publication_month>
<publication_day>24</publication_day>
<authors>
<author>
<id>4849669</id>
<name>Fisher Amelie</name>
<link><![CDATA[https://www.goodreads.com/author/show/4849669.Fisher_Amelie]]></link>
</author>
</authors>
</book>

          <book>
<id>13037321</id>
<title>Dream Chaser</title>
<title_without_series>Dream Chaser</title_without_series>
<link><![CDATA[https://www.goodreads.com/book/show/13037321-dream-chaser]]></link>
<small_image_url><![CDATA[https://images.gr-assets.com/books/1327888202s/13037321.jpg]]></small_image_url>
<image_url><![CDATA[https://images.gr-assets.com/books/1327888202m/13037321.jpg]]></image_url>
<num_pages>323</num_pages>
<work>
<id>18201056</id>
</work>
<isbn></isbn>
<isbn13></isbn13>
<average_rating>3.81</average_rating>
<ratings_count>3159</ratings_count>
<publication_year>2011</publication_year>
<publication_month>11</publication_month>
<publication_day>4</publication_day>
<authors>
<author>
<id>3198692</id>
<name>Angie Stanton</name>
<link><![CDATA[https://www.goodreads.com/author/show/3198692.Angie_Stanton]]></link>
</author>
</authors>
</book>

          <book>
<id>16194542</id>
<title>That Wedding (That Boy, #2)</title>
<title_without_series>That Wedding</title_without_series>
<link><![CDATA[https://www.goodreads.com/book/show/16194542-that-wedding]]></link>
<small_image_url><![CDATA[https://images.gr-assets.com/books/1355114283s/16194542.jpg]]></small_image_url>
<image_url><![CDATA[https://images.gr-assets.com/books/1355114283m/16194542.jpg]]></image_url>
<num_pages>360</num_pages>
<work>
<id>18590087</id>
</work>
<isbn>098500861X</isbn>
<isbn13>9780985008611</isbn13>
<average_rating>4.16</average_rating>
<ratings_count>11028</ratings_count>
<publication_year>2012</publication_year>
<publication_month>7</publication_month>
<publication_day>26</publication_day>
<authors>
<author>
<id>4833990</id>
<name>Jillian Dodd</name>
<link><![CDATA[https://www.goodreads.com/author/show/4833990.Jillian_Dodd]]></link>
</author>
</authors>
</book>

          <book>
<id>13248357</id>
<title><![CDATA[Good For You (Between the Lines, #3)]]></title>
<title_without_series>Good For You</title_without_series>
<link><![CDATA[https://www.goodreads.com/book/show/13248357-good-for-you]]></link>
<small_image_url><![CDATA[https://images.gr-assets.com/books/1367082959s/13248357.jpg]]></small_image_url>
<image_url><![CDATA[https://images.gr-assets.com/books/1367082959m/13248357.jpg]]></image_url>
<num_pages>334</num_pages>
<work>
<id>18086491</id>
</work>
<isbn></isbn>
<isbn13></isbn13>
<average_rating>4.04</average_rating>
<ratings_count>14451</ratings_count>
<publication_year>2011</publication_year>
<publication_month>12</publication_month>
<publication_day>15</publication_day>
<authors>
<author>
<id>4826501</id>
<name>Tammara Webber</name>
<link><![CDATA[https://www.goodreads.com/author/show/4826501.Tammara_Webber]]></link>
</author>
</authors>
</book>

          <book>
<id>13073922</id>
<title><![CDATA[Junk Miles (Brenna Blixen, #2)]]></title>
<title_without_series>Junk Miles</title_without_series>
<link><![CDATA[https://www.goodreads.com/book/show/13073922-junk-miles]]></link>
<small_image_url><![CDATA[https://images.gr-assets.com/books/1333941799s/13073922.jpg]]></small_image_url>
<image_url><![CDATA[https://images.gr-assets.com/books/1333941799m/13073922.jpg]]></image_url>
<num_pages>296</num_pages>
<work>
<id>19207754</id>
</work>
<isbn></isbn>
<isbn13></isbn13>
<average_rating>3.81</average_rating>
<ratings_count>3529</ratings_count>
<publication_year>2011</publication_year>
<publication_month>11</publication_month>
<publication_day>17</publication_day>
<authors>
<author>
<id>5189109</id>
<name>Liz Reinhardt</name>
<link><![CDATA[https://www.goodreads.com/author/show/5189109.Liz_Reinhardt]]></link>
</author>
</authors>
</book>

          <book>
<id>11611073</id>
<title>Grounding Quinn</title>
<title_without_series>Grounding Quinn</title_without_series>
<link><![CDATA[https://www.goodreads.com/book/show/11611073-grounding-quinn]]></link>
<small_image_url><![CDATA[https://images.gr-assets.com/books/1354122710s/11611073.jpg]]></small_image_url>
<image_url><![CDATA[https://images.gr-assets.com/books/1354122710m/11611073.jpg]]></image_url>
<num_pages>250</num_pages>
<work>
<id>16553854</id>
</work>
<isbn>1463583273</isbn>
<isbn13>9781463583279</isbn13>
<average_rating>3.65</average_rating>
<ratings_count>2706</ratings_count>
<publication_year>2011</publication_year>
<publication_month>6</publication_month>
<publication_day>15</publication_day>
<authors>
<author>
<id>2156112</id>
<name>Steph Campbell</name>
<link><![CDATA[https://www.goodreads.com/author/show/2156112.Steph_Campbell]]></link>
</author>
</authors>
</book>

          <book>
<id>15746858</id>
<title><![CDATA[The Dex-Files (Experiment in Terror, #5.7)]]></title>
<title_without_series>The Dex-Files</title_without_series>
<link><![CDATA[https://www.goodreads.com/book/show/15746858-the-dex-files]]></link>
<small_image_url><![CDATA[https://images.gr-assets.com/books/1344824329s/15746858.jpg]]></small_image_url>
<image_url><![CDATA[https://images.gr-assets.com/books/1344824329m/15746858.jpg]]></image_url>
<num_pages>139</num_pages>
<work>
<id>21437922</id>
</work>
<isbn></isbn>
<isbn13></isbn13>
<average_rating>4.50</average_rating>
<ratings_count>3793</ratings_count>
<publication_year>2012</publication_year>
<publication_month>8</publication_month>
<publication_day>13</publication_day>
<authors>
<author>
<id>4785031</id>
<name>Karina Halle</name>
<link><![CDATA[https://www.goodreads.com/author/show/4785031.Karina_Halle]]></link>
</author>
</authors>
</book>

          <book>
<id>15706512</id>
<title><![CDATA[Shark Bait (Grab Your Pole, #1)]]></title>
<title_without_series>Shark Bait</title_without_series>
<link><![CDATA[https://www.goodreads.com/book/show/15706512-shark-bait]]></link>
<small_image_url><![CDATA[https://images.gr-assets.com/books/1339757267s/15706512.jpg]]></small_image_url>
<image_url><![CDATA[https://images.gr-assets.com/books/1339757267m/15706512.jpg]]></image_url>
<num_pages>318</num_pages>
<work>
<id>21370281</id>
</work>
<isbn></isbn>
<isbn13></isbn13>
<average_rating>3.86</average_rating>
<ratings_count>2669</ratings_count>
<publication_year>2012</publication_year>
<publication_month>6</publication_month>
<publication_day>15</publication_day>
<authors>
<author>
<id>6423449</id>
<name>Jenn Cooksey</name>
<link><![CDATA[https://www.goodreads.com/author/show/6423449.Jenn_Cooksey]]></link>
</author>
</authors>
</book>

          <book>
<id>15776233</id>
<title>The Boots My Mother Gave Me</title>
<title_without_series>The Boots My Mother Gave Me</title_without_series>
<link><![CDATA[https://www.goodreads.com/book/show/15776233-the-boots-my-mother-gave-me]]></link>
<small_image_url><![CDATA[https://images.gr-assets.com/books/1343824145s/15776233.jpg]]></small_image_url>
<image_url><![CDATA[https://images.gr-assets.com/books/1343824145m/15776233.jpg]]></image_url>
<num_pages>280</num_pages>
<work>
<id>14386266</id>
</work>
<isbn></isbn>
<isbn13></isbn13>
<average_rating>3.96</average_rating>
<ratings_count>1188</ratings_count>
<publication_year>2010</publication_year>
<publication_month>8</publication_month>
<publication_day>9</publication_day>
<authors>
<author>
<id>4406722</id>
<name>Brooklyn James</name>
<link><![CDATA[https://www.goodreads.com/author/show/4406722.Brooklyn_James]]></link>
</author>
</authors>
</book>

          <book>
<id>16069262</id>
<title>The Final Piece</title>
<title_without_series>The Final Piece</title_without_series>
<link><![CDATA[https://www.goodreads.com/book/show/16069262-the-final-piece]]></link>
<small_image_url><![CDATA[https://images.gr-assets.com/books/1359480802s/16069262.jpg]]></small_image_url>
<image_url><![CDATA[https://images.gr-assets.com/books/1359480802m/16069262.jpg]]></image_url>
<num_pages>313</num_pages>
<work>
<id>21861897</id>
</work>
<isbn>1480055549</isbn>
<isbn13>9781480055544</isbn13>
<average_rating>4.01</average_rating>
<ratings_count>5517</ratings_count>
<publication_year>2012</publication_year>
<publication_month>11</publication_month>
<publication_day>13</publication_day>
<authors>
<author>
<id>6549512</id>
<name>Maggi Myers</name>
<link><![CDATA[https://www.goodreads.com/author/show/6549512.Maggi_Myers]]></link>
</author>
</authors>
</book>

          <book>
<id>113791</id>
<title>How to Kill a Rock Star</title>
<title_without_series>How to Kill a Rock Star</title_without_series>
<link><![CDATA[https://www.goodreads.com/book/show/113791.How_to_Kill_a_Rock_Star]]></link>
<small_image_url><![CDATA[https://images.gr-assets.com/books/1433795062s/113791.jpg]]></small_image_url>
<image_url><![CDATA[https://images.gr-assets.com/books/1433795062m/113791.jpg]]></image_url>
<num_pages>415</num_pages>
<work>
<id>109560</id>
</work>
<isbn>140220521X</isbn>
<isbn13>9781402205217</isbn13>
<average_rating>4.06</average_rating>
<ratings_count>13390</ratings_count>
<publication_year></publication_year>
<publication_month></publication_month>
<publication_day></publication_day>
<authors>
<author>
<id>65959</id>
<name>Tiffanie DeBartolo</name>
<link><![CDATA[https://www.goodreads.com/author/show/65959.Tiffanie_DeBartolo]]></link>
</author>
</authors>
</book>

          <book>
<id>16112452</id>
<title>Almost</title>
<title_without_series>Almost</title_without_series>
<link><![CDATA[https://www.goodreads.com/book/show/16112452-almost]]></link>
<small_image_url><![CDATA[https://images.gr-assets.com/books/1351368276s/16112452.jpg]]></small_image_url>
<image_url><![CDATA[https://images.gr-assets.com/books/1351368276m/16112452.jpg]]></image_url>
<num_pages>366</num_pages>
<work>
<id>19013170</id>
</work>
<isbn></isbn>
<isbn13></isbn13>
<average_rating>3.81</average_rating>
<ratings_count>14715</ratings_count>
<publication_year>2012</publication_year>
<publication_month>2</publication_month>
<publication_day>1</publication_day>
<authors>
<author>
<id>5752652</id>
<name>Anne Eliot</name>
<link><![CDATA[https://www.goodreads.com/author/show/5752652.Anne_Eliot]]></link>
</author>
</authors>
</book>

          <book>
<id>8883501</id>
<title>Geek Girl</title>
<title_without_series>Geek Girl</title_without_series>
<link><![CDATA[https://www.goodreads.com/book/show/8883501-geek-girl]]></link>
<small_image_url><![CDATA[https://s.gr-assets.com/assets/nophoto/book/50x75-a91bf249278a81aabab721ef782c4a74.png]]></small_image_url>
<image_url><![CDATA[https://s.gr-assets.com/assets/nophoto/book/111x148-bcc042a9c91a29c1d680899eff700a03.png]]></image_url>
<num_pages>318</num_pages>
<work>
<id>13441997</id>
</work>
<isbn>1453663312</isbn>
<isbn13>9781453663318</isbn13>
<average_rating>3.95</average_rating>
<ratings_count>4956</ratings_count>
<publication_year>2010</publication_year>
<publication_month>7</publication_month>
<publication_day>26</publication_day>
<authors>
<author>
<id>4116333</id>
<name>Cindy C. Bennett</name>
<link><![CDATA[https://www.goodreads.com/author/show/4116333.Cindy_C_Bennett]]></link>
</author>
</authors>
</book>

          <book>
<id>10801027</id>
<title><![CDATA[Cross My Heart (Cross My Heart, #1)]]></title>
<title_without_series>Cross My Heart</title_without_series>
<link><![CDATA[https://www.goodreads.com/book/show/10801027-cross-my-heart]]></link>
<small_image_url><![CDATA[https://images.gr-assets.com/books/1327886049s/10801027.jpg]]></small_image_url>
<image_url><![CDATA[https://images.gr-assets.com/books/1327886049m/10801027.jpg]]></image_url>
<num_pages>225</num_pages>
<work>
<id>15714317</id>
</work>
<isbn></isbn>
<isbn13>1230000005499</isbn13>
<average_rating>3.92</average_rating>
<ratings_count>17967</ratings_count>
<publication_year>2011</publication_year>
<publication_month>3</publication_month>
<publication_day>15</publication_day>
<authors>
<author>
<id>4503081</id>
<name>Katie Klein</name>
<link><![CDATA[https://www.goodreads.com/author/show/4503081.Katie_Klein]]></link>
</author>
</authors>
</book>

          <book>
<id>18338465</id>
<title>Sempre (Sempre, #1)</title>
<title_without_series>Sempre</title_without_series>
<link><![CDATA[https://www.goodreads.com/book/show/18338465-sempre]]></link>
<small_image_url><![CDATA[https://images.gr-assets.com/books/1416444195s/18338465.jpg]]></small_image_url>
<image_url><![CDATA[https://images.gr-assets.com/books/1416444195m/18338465.jpg]]></image_url>
<num_pages>528</num_pages>
<work>
<id>18285292</id>
</work>
<isbn>1476760756</isbn>
<isbn13>9781476760759</isbn13>
<average_rating>4.21</average_rating>
<ratings_count>23534</ratings_count>
<publication_year>2014</publication_year>
<publication_month>2</publication_month>
<publication_day>25</publication_day>
<authors>
<author>
<id>5351355</id>
<name>J.M. Darhower</name>
<link><![CDATA[https://www.goodreads.com/author/show/5351355.J_M_Darhower]]></link>
</author>
</authors>
</book>

          <book>
<id>18042263</id>
<title>Last Flight Out</title>
<title_without_series>Last Flight Out</title_without_series>
<link><![CDATA[https://www.goodreads.com/book/show/18042263-last-flight-out]]></link>
<small_image_url><![CDATA[https://images.gr-assets.com/books/1370476758s/18042263.jpg]]></small_image_url>
<image_url><![CDATA[https://images.gr-assets.com/books/1370476758m/18042263.jpg]]></image_url>
<num_pages>137</num_pages>
<work>
<id>18079632</id>
</work>
<isbn></isbn>
<isbn13></isbn13>
<average_rating>3.05</average_rating>
<ratings_count>57</ratings_count>
<publication_year>2011</publication_year>
<publication_month>10</publication_month>
<publication_day>18</publication_day>
<authors>
<author>
<id>4833566</id>
<name>Carroll Bryant</name>
<link><![CDATA[https://www.goodreads.com/author/show/4833566.Carroll_Bryant]]></link>
</author>
</authors>
</book>

          <book>
<id>12088709</id>
<title>The Journey Begins</title>
<title_without_series>The Journey Begins</title_without_series>
<link><![CDATA[https://www.goodreads.com/book/show/12088709-the-journey-begins]]></link>
<small_image_url><![CDATA[https://s.gr-assets.com/assets/nophoto/book/50x75-a91bf249278a81aabab721ef782c4a74.png]]></small_image_url>
<image_url><![CDATA[https://s.gr-assets.com/assets/nophoto/book/111x148-bcc042a9c91a29c1d680899eff700a03.png]]></image_url>
<num_pages>30</num_pages>
<work>
<id>17056924</id>
</work>
<isbn></isbn>
<isbn13>2940012780553</isbn13>
<average_rating>2.60</average_rating>
<ratings_count>58</ratings_count>
<publication_year></publication_year>
<publication_month></publication_month>
<publication_day></publication_day>
<authors>
<author>
<id>4902841</id>
<name>Melissa Douthit</name>
<link><![CDATA[https://www.goodreads.com/author/show/4902841.Melissa_Douthit]]></link>
</author>
</authors>
</book>

  </similar_books>
</book>

</GoodreadsResponse>