<?xml version="1.0" encoding="UTF-8"?>
<GoodreadsResponse>
  <Request>
    <authentication>true</authentication>
      <key><![CDATA[all_men_must_serve]]></key>
    <method><![CDATA[book_show]]></method>
  </Request>
  <book>
  <id>11099729</id>
  <title>Darth Plagueis</title>
  <isbn><![CDATA[034551128X]]></isbn>
  <isbn13><![CDATA[9780345511287]]></isbn13>
  <asin><![CDATA[]]></asin>
  <kindle_asin><![CDATA[]]></kindle_asin>
  <marketplace_id><![CDATA[]]></marketplace_id>
  <country_code><![CDATA[GB]]></country_code>
  <image_url>https://images.gr-assets.com/books/1405546262m/11099729.jpg</image_url>
  <small_image_url>https://images.gr-assets.com/books/1405546262s/11099729.jpg</small_image_url>
  <publication_year>2012</publication_year>
  <publication_month>1</publication_month>
  <publication_day>10</publication_day>
  <publisher>Del Rey</publisher>
  <language_code>eng</language_code>
  <is_ebook>false</is_ebook>
  <description><![CDATA[<i>“Did you ever hear the Tragedy of Darth Plagueis the Wise? It’s a Sith legend. Darth Plagueis was a Dark Lord of the Sith, so powerful and so wise that he could use the Force to influence the midi-chlorians to create life. He had such a knowledge of the dark side that he could even keep the ones he cared about from dying.”<br />—Supreme Chancellor Palpatine, </i>Star Wars:<i> Episode III </i>Revenge of the Sith<br /><br />Darth Plagueis: one of the most brilliant Sith Lords who ever lived. Possessing power is all he desires. Losing it is the only thing he fears. As an apprentice, he embraces the ruthless ways of the Sith. And when the time is right, he destroys his Master--but vows never to suffer the same fate. For like no other disciple of the dark side, Darth Plagueis learns to command the ultimate power . . . over life and death.<br /><br />Darth Sidious: Plagueis’s chosen apprentice. Under the guidance of his Master, he secretly studies the ways of the Sith, while publicly rising to power in the galactic government, first as Senator, then as Chancellor, and eventually as Emperor.<br /><br />Darth Plagueis and Darth Sidious, Master and acolyte, target the galaxy for domination--and the Jedi Order for annihilation. But can they defy the merciless Sith tradition? Or will the desire of one to rule supreme, and the dream of the other to live forever, sow the seeds of their destruction?]]></description>
  <work>
  <id type="integer">15371735</id>
  <books_count type="integer">5</books_count>
  <best_book_id type="integer">11099729</best_book_id>
  <reviews_count type="integer">21451</reviews_count>
  <ratings_sum type="integer">48891</ratings_sum>
  <ratings_count type="integer">12007</ratings_count>
  <text_reviews_count type="integer">1258</text_reviews_count>
  <original_publication_year type="integer">2012</original_publication_year>
  <original_publication_month type="integer">1</original_publication_month>
  <original_publication_day type="integer">1</original_publication_day>
  <original_title>Star Wars: Darth Plagueis</original_title>
  <original_language_id type="integer" nil="true"/>
  <media_type>book</media_type>
  <rating_dist>5:4499|4:4590|3:2320|2:478|1:120|total:12007</rating_dist>
  <desc_user_id type="integer">14571915</desc_user_id>
  <default_chaptering_book_id type="integer" nil="true"/>
  <default_description_language_code nil="true"/>
</work>
  <average_rating>4.07</average_rating>
  <num_pages><![CDATA[379]]></num_pages>
  <format><![CDATA[Hardcover]]></format>
  <edition_information><![CDATA[First Edition]]></edition_information>
  <ratings_count><![CDATA[9054]]></ratings_count>
  <text_reviews_count><![CDATA[1012]]></text_reviews_count>
  <url><![CDATA[https://www.goodreads.com/book/show/11099729-darth-plagueis]]></url>
  <link><![CDATA[https://www.goodreads.com/book/show/11099729-darth-plagueis]]></link>
  <authors>
<author>
<id>9346</id>
<name>James Luceno</name>
<role></role>
<image_url nophoto='false'>
<![CDATA[https://images.gr-assets.com/authors/1215550105p5/9346.jpg]]>
</image_url>
<small_image_url nophoto='false'>
<![CDATA[https://images.gr-assets.com/authors/1215550105p2/9346.jpg]]>
</small_image_url>
<link><![CDATA[https://www.goodreads.com/author/show/9346.James_Luceno]]></link>
<average_rating>3.82</average_rating>
<ratings_count>71489</ratings_count>
<text_reviews_count>4648</text_reviews_count>
</author>
</authors>

    <reviews_widget>
      <![CDATA[
        <style>
  #goodreads-widget {
    font-family: georgia, serif;
    padding: 18px 0;
    width:565px;
  }
  #goodreads-widget h1 {
    font-weight:normal;
    font-size: 16px;
    border-bottom: 1px solid #BBB596;
    margin-bottom: 0;
  }
  #goodreads-widget a {
    text-decoration: none;
    color:#660;
  }
  iframe{
    background-color: #fff;
  }
  #goodreads-widget a:hover { text-decoration: underline; }
  #goodreads-widget a:active {
    color:#660;
  }
  #gr_footer {
    width: 100%;
    border-top: 1px solid #BBB596;
    text-align: right;
  }
  #goodreads-widget .gr_branding{
    color: #382110;
    font-size: 11px;
    text-decoration: none;
    font-family: "Helvetica Neue", Helvetica, Arial, sans-serif;
  }
</style>
<div id="goodreads-widget">
  <div id="gr_header"><h1><a rel="nofollow" href="https://www.goodreads.com/book/show/11099729-darth-plagueis">Darth Plagueis Reviews</a></h1></div>
  <iframe id="the_iframe" src="https://www.goodreads.com/api/reviews_widget_iframe?did=DEVELOPER_ID&amp;format=html&amp;isbn=034551128X&amp;links=660&amp;min_rating=&amp;review_back=fff&amp;stars=000&amp;text=000" width="565" height="400" frameborder="0"></iframe>
  <div id="gr_footer">
    <a class="gr_branding" target="_blank" rel="nofollow" href="https://www.goodreads.com/book/show/11099729-darth-plagueis?utm_medium=api&amp;utm_source=reviews_widget">Reviews from Goodreads.com</a>
  </div>
</div>

      ]]>
    </reviews_widget>
  <popular_shelves>
      <shelf name="to-read" count="1672"/>
      <shelf name="sci-fi" count="286"/>
      <shelf name="science-fiction" count="272"/>
      <shelf name="star-wars" count="190"/>
      <shelf name="currently-reading" count="112"/>
      <shelf name="favorites" count="99"/>
      <shelf name="fantasy" count="73"/>
      <shelf name="owned" count="59"/>
      <shelf name="scifi" count="50"/>
      <shelf name="star-wars-legends" count="47"/>
      <shelf name="starwars" count="42"/>
      <shelf name="audiobook" count="36"/>
      <shelf name="fiction" count="34"/>
      <shelf name="audiobooks" count="30"/>
      <shelf name="kindle" count="25"/>
      <shelf name="default" count="24"/>
      <shelf name="books-i-own" count="23"/>
      <shelf name="sci-fi-fantasy" count="21"/>
      <shelf name="audible" count="19"/>
      <shelf name="star-wars-books" count="18"/>
      <shelf name="novels" count="16"/>
      <shelf name="star-wars-novels" count="15"/>
      <shelf name="audio-books" count="15"/>
      <shelf name="library" count="15"/>
      <shelf name="audio" count="14"/>
      <shelf name="books" count="12"/>
      <shelf name="space-opera" count="12"/>
      <shelf name="sw" count="12"/>
      <shelf name="star-wars-eu" count="11"/>
      <shelf name="sf" count="11"/>
      <shelf name="owned-books" count="10"/>
      <shelf name="space" count="10"/>
      <shelf name="abandoned" count="9"/>
      <shelf name="star-wars-read" count="9"/>
      <shelf name="ebook" count="9"/>
      <shelf name="read-in-2012" count="9"/>
      <shelf name="science-fiction-fantasy" count="9"/>
      <shelf name="read-in-2014" count="8"/>
      <shelf name="scifi-fantasy" count="8"/>
      <shelf name="my-books" count="8"/>
      <shelf name="to-buy" count="8"/>
      <shelf name="audio-book" count="8"/>
      <shelf name="adventure" count="8"/>
      <shelf name="star-wars-expanded-universe" count="8"/>
      <shelf name="read-2016" count="7"/>
      <shelf name="e-book" count="7"/>
      <shelf name="fantasy-sci-fi" count="7"/>
      <shelf name="star-wars-to-read" count="7"/>
      <shelf name="ebooks" count="7"/>
      <shelf name="series" count="6"/>
      <shelf name="favourites" count="6"/>
      <shelf name="star_wars" count="6"/>
      <shelf name="james-luceno" count="5"/>
      <shelf name="media-tie-in" count="5"/>
      <shelf name="physical" count="5"/>
      <shelf name="dnf" count="5"/>
      <shelf name="star-wars-canon" count="5"/>
      <shelf name="want" count="5"/>
      <shelf name="kindle-books" count="5"/>
      <shelf name="adult-fiction" count="5"/>
      <shelf name="i-own" count="5"/>
      <shelf name="wish-list" count="5"/>
      <shelf name="star-wars-universe" count="5"/>
      <shelf name="read-2012" count="5"/>
      <shelf name="to-read-star-wars" count="5"/>
      <shelf name="my-library" count="4"/>
      <shelf name="e-books" count="4"/>
      <shelf name="read-in-2016" count="4"/>
      <shelf name="did-not-finish" count="4"/>
      <shelf name="sci-fi-and-fantasy" count="4"/>
      <shelf name="read-2014" count="4"/>
      <shelf name="novel" count="4"/>
      <shelf name="entertainment" count="4"/>
      <shelf name="rise-of-the-empire-era" count="4"/>
      <shelf name="want-to-read" count="4"/>
      <shelf name="read-in-2013" count="4"/>
      <shelf name="nook" count="4"/>
      <shelf name="unfinished" count="4"/>
      <shelf name="2017-reads" count="3"/>
      <shelf name="star-wars-fiction" count="3"/>
      <shelf name="star-wars-old-canon" count="3"/>
      <shelf name="couldn-t-finish" count="3"/>
      <shelf name="maybe" count="3"/>
      <shelf name="may-the-force-be-with-you" count="3"/>
      <shelf name="action" count="3"/>
      <shelf name="on-the-shelf" count="3"/>
      <shelf name="read-in-2015" count="3"/>
      <shelf name="read-in-english" count="3"/>
      <shelf name="unread" count="3"/>
      <shelf name="books-to-read" count="3"/>
      <shelf name="bookshelf" count="3"/>
      <shelf name="re-read" count="3"/>
      <shelf name="digital" count="3"/>
      <shelf name="listened-to" count="3"/>
      <shelf name="personal-library" count="3"/>
      <shelf name="to-read-fiction" count="3"/>
      <shelf name="not-interested" count="3"/>
      <shelf name="scanned" count="3"/>
      <shelf name="own-ebook" count="3"/>
      <shelf name="paperback" count="3"/>
  </popular_shelves>
  <book_links>
    <book_link>
  <id>8</id>
  <name>Libraries</name>
  <link>https://www.goodreads.com/book_link/follow/8</link>
</book_link>

  </book_links>
  <buy_links>
    <buy_link>
<id>1</id>
<name>Amazon</name>
<link>https://www.goodreads.com/book_link/follow/1</link>
</buy_link>
<buy_link>
<id>10</id>
<name>Audible</name>
<link>https://www.goodreads.com/book_link/follow/10</link>
</buy_link>
<buy_link>
<id>3</id>
<name>Barnes &amp; Noble</name>
<link>https://www.goodreads.com/book_link/follow/3</link>
</buy_link>
<buy_link>
<id>1027</id>
<name>Kobo</name>
<link>https://www.goodreads.com/book_link/follow/1027</link>
</buy_link>
<buy_link>
<id>2102</id>
<name>Apple iBooks</name>
<link>https://www.goodreads.com/book_link/follow/2102</link>
</buy_link>
<buy_link>
<id>8036</id>
<name>Google Play</name>
<link>https://www.goodreads.com/book_link/follow/8036</link>
</buy_link>
<buy_link>
<id>4</id>
<name>Abebooks</name>
<link>https://www.goodreads.com/book_link/follow/4</link>
</buy_link>
<buy_link>
<id>882</id>
<name>Book Depository</name>
<link>https://www.goodreads.com/book_link/follow/882</link>
</buy_link>
<buy_link>
<id>9</id>
<name>Indigo</name>
<link>https://www.goodreads.com/book_link/follow/9</link>
</buy_link>
<buy_link>
<id>2</id>
<name>Half.com</name>
<link>https://www.goodreads.com/book_link/follow/2</link>
</buy_link>
<buy_link>
<id>5</id>
<name>Alibris</name>
<link>https://www.goodreads.com/book_link/follow/5</link>
</buy_link>
<buy_link>
<id>107</id>
<name>Better World Books</name>
<link>https://www.goodreads.com/book_link/follow/107</link>
</buy_link>
<buy_link>
<id>7</id>
<name>IndieBound</name>
<link>https://www.goodreads.com/book_link/follow/7</link>
</buy_link>

  </buy_links>
  <series_works>
    <series_work>
<id>432387</id>
<user_position></user_position>
<series>
<id>89929</id>
<title>
<![CDATA[
    Star Wars Legends
]]>
</title>
<description>
<![CDATA[
    This is in chronological order for the convenience of all Star Wars fans out there! This is a comprehensive list, including kids, young adult and adult novels, all set in the Star Wars Legends universe. Canonical works are not included except for the movie novelizations.
]]>
</description>
<note>
<![CDATA[
    To Goodreads librarians, please think very carefully before changing this list. There is no other comprehensive list like this in existence.
]]>
</note>
<series_works_count>346</series_works_count>
<primary_work_count>346</primary_work_count>
<numbered>false</numbered>
</series>

</series_work>
<series_work>
<id>432769</id>
<user_position></user_position>
<series>
<id>57860</id>
<title>
<![CDATA[
    Star Wars Universe
]]>
</title>
<description>
<![CDATA[
    All Star Wars books surrounding Episodes I-VI. 
    
    Comprehensive:
    <a href="/series/89929-star-wars">Star Wars</a>
    Primary Storyline:
    <a href="/series/41262-star-wars">Star Wars: Episodes I-VI</a>
    
    Sub-Series:
    <strong>Before the Republic</strong>
    <a href="/series/88710-star-wars-dawn-of-the-jedi">Dawn of the Jedi</a>
    
    <strong>Old Republic</strong>
    <a href="/series/56958-star-wars-tales-of-the-jedi">Tales of the Jedi</a>
    <a href="/series/47079-star-wars-lost-tribe-of-the-sith">Lost Tribe of the Sith</a>
    <a href="/series/56963-star-wars-knights-of-the-old-republic">Knights of the Old Republic</a>
    <a href="/series/62026-star-wars-the-old-republic-comic">The Old Republic Comic</a>
    <a href="/series/48085-star-wars-the-old-republic">The Old Republic</a>
    <a href="/series/77095-star-wars-knight-errant-volume-1">Knight Errant Comic</a>
    <a href="/series/44184-star-wars-darth-bane">Darth Bane</a>
    
    <a href="/series/53725-star-wars-the-bounty-hunter-wars">The Bounty Hunter Wars</a>
    <a href="/series/42071-star-wars-last-of-the-jedi">Last of the Jedi</a>
    <a href="/series/42184-star-wars-jedi-quest">Jedi Quest</a>
    <a href="/series/40532-star-wars-jedi-apprentice">Jedi Apprentice</a>
    <a href="/series/51720-star-wars-clone-wars-novels">Clone Wars</a>
    <a href="/series/51721-star-wars-the-han-solo-adventures">The Han Solo Adventures</a>
    <a href="/series/47173-star-wars-clone-wars-gambit">Clone Wars Gambit</a>
    <a href="/series/43311-star-wars-coruscant-nights">Coruscant Nights</a>
    <a href="/.../51722-star-wars-the-adventures-of-lando-calrissian">The Adventures of Lando Calrissian</a>
    <a href="/series/44019-star-wars-the-han-solo-trilogy">The Han Solo Trilogy</a>
    <a href="/series/43840-star-wars-clone-wars-medstar">Clone Wars - Medstar</a>
    <a href="/series/41088-star-wars-republic-commando">Republic Commando</a>
    <a href="/series/45570-star-wars-the-clone-wars-junior-novel">The Clone Wars Junior Novel</a>
    <a href="/series/43918-star-wars-darth-maul">Darth Maul</a>
    <a href="/series/54475-star-wars-boba-fett">Boba Fett</a>
    <a href="/series/43374-star-wars-dark-forces">Dark Forces</a>
    <a href="/series/51723-star-wars-the-force-unleashed">The Force Unleashed</a>
    <a href="/series/54323-star-wars-episode-i-adventures">Episode I Adventure</a>
    
    <strong>New Republic</strong>
    <a href="/series/62673-star-wars-jedi-prince">Jedi Prince</a>
    <a href="/series/42194-star-wars-x-wing">X-Wing</a>
    <a href="/series/42348-star-wars-the-thrawn-trilogy">The Thrawn Trilogy</a>
    <a href="/series/62671-star-wars-dark-empire">Dark Empire</a>
    <a href="/series/62670-star-wars-crimson-empire">Crimson Empire</a>
    <a href="/series/42703-star-wars-the-jedi-academy-trilogy">The Jedi Academy Trilogy</a>
    <a href="/series/43341-star-wars-the-black-fleet-crisis">The Black Fleet Crisis</a>
    <a href="/series/43547-star-wars-the-corellian-trilogy">The Corellian Trilogy</a>
    <a href="/series/41586-star-wars-the-hand-of-thrawn">The Hand of Thrawn</a>
    <a href="/series/62618-star-wars-junior-jedi-knights">Junior Jedi Knights</a>
    <a href="/series/49508-star-wars-young-jedi-knights">Young Jedi Knights</a>
    
    <strong>New Jedi Order</strong>
    <a href="/series/42022-star-wars-the-new-jedi-order">The New Jedi Order</a>
    <a href="/series/62614-star-wars-invasion">Invasion</a>
    <a href="/series/40668-star-wars-dark-nest">Dark Nest</a>
    
    <strong>Legacy</strong>
    <a href="/series/40468-star-wars-legacy-of-the-force">Legacy of the Force</a>
    <a href="/series/46087-star-wars-fate-of-the-jedi">Fate of the Jedi</a>
    <a href="/series/61987-star-wars-legacy">Legacy</a>
]]>
</description>
<note>
<![CDATA[
]]>
</note>
<series_works_count>48</series_works_count>
<primary_work_count>48</primary_work_count>
<numbered>false</numbered>
</series>

</series_work>

  </series_works>
  <similar_books>
          <book>
<id>6351910</id>
<title><![CDATA[Dynasty of Evil (Star Wars: Darth Bane, #3)]]></title>
<title_without_series>Dynasty of Evil</title_without_series>
<link><![CDATA[https://www.goodreads.com/book/show/6351910-dynasty-of-evil]]></link>
<small_image_url><![CDATA[https://s.gr-assets.com/assets/nophoto/book/50x75-a91bf249278a81aabab721ef782c4a74.png]]></small_image_url>
<image_url><![CDATA[https://s.gr-assets.com/assets/nophoto/book/111x148-bcc042a9c91a29c1d680899eff700a03.png]]></image_url>
<num_pages>296</num_pages>
<work>
<id>6538485</id>
</work>
<isbn>0345511565</isbn>
<isbn13>9780345511560</isbn13>
<average_rating>4.24</average_rating>
<ratings_count>10013</ratings_count>
<publication_year>2009</publication_year>
<publication_month>12</publication_month>
<publication_day>8</publication_day>
<authors>
<author>
<id>20030</id>
<name>Drew Karpyshyn</name>
<link><![CDATA[https://www.goodreads.com/author/show/20030.Drew_Karpyshyn]]></link>
</author>
</authors>
</book>

          <book>
<id>8323122</id>
<title>Knight Errant</title>
<title_without_series>Knight Errant</title_without_series>
<link><![CDATA[https://www.goodreads.com/book/show/8323122-knight-errant]]></link>
<small_image_url><![CDATA[https://images.gr-assets.com/books/1320541726s/8323122.jpg]]></small_image_url>
<image_url><![CDATA[https://images.gr-assets.com/books/1320541726m/8323122.jpg]]></image_url>
<num_pages>372</num_pages>
<work>
<id>13172604</id>
</work>
<isbn>0345522648</isbn>
<isbn13>9780345522641</isbn13>
<average_rating>3.73</average_rating>
<ratings_count>2070</ratings_count>
<publication_year>2011</publication_year>
<publication_month>1</publication_month>
<publication_day>25</publication_day>
<authors>
<author>
<id>20028</id>
<name>John Jackson Miller</name>
<link><![CDATA[https://www.goodreads.com/author/show/20028.John_Jackson_Miller]]></link>
</author>
</authors>
</book>

          <book>
<id>8015504</id>
<title><![CDATA[Deceived (Star Wars: The Old Republic, #2)]]></title>
<title_without_series>Deceived</title_without_series>
<link><![CDATA[https://www.goodreads.com/book/show/8015504-deceived]]></link>
<small_image_url><![CDATA[https://s.gr-assets.com/assets/nophoto/book/50x75-a91bf249278a81aabab721ef782c4a74.png]]></small_image_url>
<image_url><![CDATA[https://s.gr-assets.com/assets/nophoto/book/111x148-bcc042a9c91a29c1d680899eff700a03.png]]></image_url>
<num_pages>285</num_pages>
<work>
<id>19285949</id>
</work>
<isbn>0345511387</isbn>
<isbn13>9780345511386</isbn13>
<average_rating>3.87</average_rating>
<ratings_count>6416</ratings_count>
<publication_year>2011</publication_year>
<publication_month>3</publication_month>
<publication_day>22</publication_day>
<authors>
<author>
<id>32912</id>
<name>Paul S. Kemp</name>
<link><![CDATA[https://www.goodreads.com/author/show/32912.Paul_S_Kemp]]></link>
</author>
</authors>
</book>

          <book>
<id>413043</id>
<title><![CDATA[Shadow Hunter (Star Wars: Darth Maul, #2)]]></title>
<title_without_series>Shadow Hunter</title_without_series>
<link><![CDATA[https://www.goodreads.com/book/show/413043.Shadow_Hunter]]></link>
<small_image_url><![CDATA[https://images.gr-assets.com/books/1333577597s/413043.jpg]]></small_image_url>
<image_url><![CDATA[https://images.gr-assets.com/books/1333577597m/413043.jpg]]></image_url>
<num_pages>332</num_pages>
<work>
<id>1116086</id>
</work>
<isbn>0345435419</isbn>
<isbn13>9780345435415</isbn13>
<average_rating>3.78</average_rating>
<ratings_count>4405</ratings_count>
<publication_year>2001</publication_year>
<publication_month>11</publication_month>
<publication_day>27</publication_day>
<authors>
<author>
<id>12537</id>
<name>Michael Reaves</name>
<link><![CDATA[https://www.goodreads.com/author/show/12537.Michael_Reaves]]></link>
</author>
</authors>
</book>

          <book>
<id>3108764</id>
<title><![CDATA[Wild Space (Star Wars: The Clone Wars, #2)]]></title>
<title_without_series>Wild Space</title_without_series>
<link><![CDATA[https://www.goodreads.com/book/show/3108764-wild-space]]></link>
<small_image_url><![CDATA[https://s.gr-assets.com/assets/nophoto/book/50x75-a91bf249278a81aabab721ef782c4a74.png]]></small_image_url>
<image_url><![CDATA[https://s.gr-assets.com/assets/nophoto/book/111x148-bcc042a9c91a29c1d680899eff700a03.png]]></image_url>
<num_pages>342</num_pages>
<work>
<id>3140025</id>
</work>
<isbn>0345509013</isbn>
<isbn13>9780345509017</isbn13>
<average_rating>3.84</average_rating>
<ratings_count>1492</ratings_count>
<publication_year>2008</publication_year>
<publication_month>12</publication_month>
<publication_day>9</publication_day>
<authors>
<author>
<id>87306</id>
<name>Karen Miller</name>
<link><![CDATA[https://www.goodreads.com/author/show/87306.Karen_Miller]]></link>
</author>
</authors>
</book>

          <book>
<id>334801</id>
<title><![CDATA[True Colors (Star Wars: Republic Commando, #3)]]></title>
<title_without_series>True Colors</title_without_series>
<link><![CDATA[https://www.goodreads.com/book/show/334801.True_Colors]]></link>
<small_image_url><![CDATA[https://s.gr-assets.com/assets/nophoto/book/50x75-a91bf249278a81aabab721ef782c4a74.png]]></small_image_url>
<image_url><![CDATA[https://s.gr-assets.com/assets/nophoto/book/111x148-bcc042a9c91a29c1d680899eff700a03.png]]></image_url>
<num_pages>484</num_pages>
<work>
<id>4380014</id>
</work>
<isbn>0345498003</isbn>
<isbn13>9780345498007</isbn13>
<average_rating>4.27</average_rating>
<ratings_count>4050</ratings_count>
<publication_year>2007</publication_year>
<publication_month>10</publication_month>
<publication_day>30</publication_day>
<authors>
<author>
<id>12672</id>
<name>Karen Traviss</name>
<link><![CDATA[https://www.goodreads.com/author/show/12672.Karen_Traviss]]></link>
</author>
</authors>
</book>

          <book>
<id>6100859</id>
<title><![CDATA[Apocalypse (Star Wars: Fate of the Jedi, #9)]]></title>
<title_without_series>Apocalypse</title_without_series>
<link><![CDATA[https://www.goodreads.com/book/show/6100859-apocalypse]]></link>
<small_image_url><![CDATA[https://images.gr-assets.com/books/1307286038s/6100859.jpg]]></small_image_url>
<image_url><![CDATA[https://images.gr-assets.com/books/1307286038m/6100859.jpg]]></image_url>
<num_pages>496</num_pages>
<work>
<id>10212983</id>
</work>
<isbn></isbn>
<isbn13></isbn13>
<average_rating>4.01</average_rating>
<ratings_count>4041</ratings_count>
<publication_year>2012</publication_year>
<publication_month>3</publication_month>
<publication_day>13</publication_day>
<authors>
<author>
<id>8154</id>
<name>Troy Denning</name>
<link><![CDATA[https://www.goodreads.com/author/show/8154.Troy_Denning]]></link>
</author>
</authors>
</book>

          <book>
<id>7493770</id>
<title><![CDATA[Fatal Alliance (Star Wars: The Old Republic, #3)]]></title>
<title_without_series>Fatal Alliance</title_without_series>
<link><![CDATA[https://www.goodreads.com/book/show/7493770-fatal-alliance]]></link>
<small_image_url><![CDATA[https://s.gr-assets.com/assets/nophoto/book/50x75-a91bf249278a81aabab721ef782c4a74.png]]></small_image_url>
<image_url><![CDATA[https://s.gr-assets.com/assets/nophoto/book/111x148-bcc042a9c91a29c1d680899eff700a03.png]]></image_url>
<num_pages>417</num_pages>
<work>
<id>9642350</id>
</work>
<isbn>0345511328</isbn>
<isbn13>9780345511324</isbn13>
<average_rating>3.74</average_rating>
<ratings_count>5774</ratings_count>
<publication_year>2010</publication_year>
<publication_month>7</publication_month>
<publication_day>20</publication_day>
<authors>
<author>
<id>31321</id>
<name>Sean Williams</name>
<link><![CDATA[https://www.goodreads.com/author/show/31321.Sean_Williams]]></link>
</author>
</authors>
</book>

          <book>
<id>9579882</id>
<title>Choices of One (Star Wars)</title>
<title_without_series>Choices of One</title_without_series>
<link><![CDATA[https://www.goodreads.com/book/show/9579882-choices-of-one]]></link>
<small_image_url><![CDATA[https://images.gr-assets.com/books/1320434224s/9579882.jpg]]></small_image_url>
<image_url><![CDATA[https://images.gr-assets.com/books/1320434224m/9579882.jpg]]></image_url>
<num_pages>357</num_pages>
<work>
<id>14460325</id>
</work>
<isbn>0345511255</isbn>
<isbn13>9780345511256</isbn13>
<average_rating>4.08</average_rating>
<ratings_count>4273</ratings_count>
<publication_year>2011</publication_year>
<publication_month>7</publication_month>
<publication_day>19</publication_day>
<authors>
<author>
<id>12479</id>
<name>Timothy Zahn</name>
<link><![CDATA[https://www.goodreads.com/author/show/12479.Timothy_Zahn]]></link>
</author>
</authors>
</book>

          <book>
<id>11360032</id>
<title><![CDATA[Ascension (Star Wars: Fate of the Jedi, #8)]]></title>
<title_without_series>Ascension</title_without_series>
<link><![CDATA[https://www.goodreads.com/book/show/11360032-ascension]]></link>
<small_image_url><![CDATA[https://images.gr-assets.com/books/1309629271s/11360032.jpg]]></small_image_url>
<image_url><![CDATA[https://images.gr-assets.com/books/1309629271m/11360032.jpg]]></image_url>
<num_pages>410</num_pages>
<work>
<id>6278081</id>
</work>
<isbn>0345519590</isbn>
<isbn13>9780345519597</isbn13>
<average_rating>3.91</average_rating>
<ratings_count>4109</ratings_count>
<publication_year>2011</publication_year>
<publication_month>8</publication_month>
<publication_day>9</publication_day>
<authors>
<author>
<id>7710</id>
<name>Christie Golden</name>
<link><![CDATA[https://www.goodreads.com/author/show/7710.Christie_Golden]]></link>
</author>
</authors>
</book>

          <book>
<id>12739907</id>
<title>Scourge (Star Wars)</title>
<title_without_series>Scourge</title_without_series>
<link><![CDATA[https://www.goodreads.com/book/show/12739907-scourge]]></link>
<small_image_url><![CDATA[https://images.gr-assets.com/books/1317312299s/12739907.jpg]]></small_image_url>
<image_url><![CDATA[https://images.gr-assets.com/books/1317312299m/12739907.jpg]]></image_url>
<num_pages>302</num_pages>
<work>
<id>17878658</id>
</work>
<isbn>0345511220</isbn>
<isbn13>9780345511225</isbn13>
<average_rating>3.89</average_rating>
<ratings_count>946</ratings_count>
<publication_year>2012</publication_year>
<publication_month>4</publication_month>
<publication_day>24</publication_day>
<authors>
<author>
<id>15291</id>
<name>Jeff Grubb</name>
<link><![CDATA[https://www.goodreads.com/author/show/15291.Jeff_Grubb]]></link>
</author>
</authors>
</book>

  </similar_books>
</book>

</GoodreadsResponse>