<?xml version="1.0" encoding="UTF-8"?>
<GoodreadsResponse>
  <Request>
    <authentication>true</authentication>
      <key><![CDATA[all_men_must_serve]]></key>
    <method><![CDATA[book_show]]></method>
  </Request>
  <book>
  <id>11104933</id>
  <title><![CDATA[Willpower: Rediscovering the Greatest Human Strength]]></title>
  <isbn><![CDATA[1594203075]]></isbn>
  <isbn13><![CDATA[9781594203077]]></isbn13>
  <asin><![CDATA[]]></asin>
  <kindle_asin><![CDATA[B005TIVK7A]]></kindle_asin>
  <marketplace_id><![CDATA[A1F83G8C2ARO7P]]></marketplace_id>
  <country_code><![CDATA[GB]]></country_code>
  <image_url>https://s.gr-assets.com/assets/nophoto/book/111x148-bcc042a9c91a29c1d680899eff700a03.png</image_url>
  <small_image_url>https://s.gr-assets.com/assets/nophoto/book/50x75-a91bf249278a81aabab721ef782c4a74.png</small_image_url>
  <publication_year>2011</publication_year>
  <publication_month>9</publication_month>
  <publication_day>1</publication_day>
  <publisher>Penguin Press</publisher>
  <language_code></language_code>
  <is_ebook>false</is_ebook>
  <description><![CDATA[<b> One of the world's most esteemed and influential psychologists, Roy F. Baumeister, teams with <i>New York Times</i> science writer John Tierney to reveal the secrets of self-control and how to master it. </b>In <i>Willpower</i>, the pioneering researcher Roy F. Baumeister collaborates with renowned <i>New York Times</i> science writer John Tierney to revolutionize our understanding of the most coveted human virtue: self-control.<br /><br />In what became one of the most cited papers in social science literature, Baumeister discovered that willpower actually operates like a muscle: it can be strengthened with practice and fatigued by overuse. Willpower is fueled by glucose, and it can be bolstered simply by replenishing the brain's store of fuel. That's why eating and sleeping- and especially failing to do either of those-have such dramatic effects on self-control (and why dieters have such a hard time resisting temptation).<br /><br />Baumeister's latest research shows that we typically spend four hours every day resisting temptation. No wonder people around the world rank a lack of self-control as their biggest weakness. <i>Willpower</i> looks to the lives of entrepreneurs, parents, entertainers, and artists-including David Blaine, Eric Clapton, and others-who have flourished by improving their self-control.<br /><br />The lessons from their stories and psychologists' experiments can help anyone. You learn not only how to build willpower but also how to conserve it for crucial moments by setting the right goals and using the best new techniques for monitoring your progress. Once you master these techniques and establish the right habits, willpower gets easier: you'll need less conscious mental energy to avoid temptation. That's neither magic nor empty self-help sloganeering, but rather a solid path to a better life.<br /><br />Combining the best of modern social science with practical wisdom, Baumeister and Tierney here share the definitive compendium of modern lessons in willpower. As our society has moved away from the virtues of thrift and self-denial, it often feels helpless because we face more temptations than ever. But we also have more knowledge and better tools for taking control of our lives. However we define happiness-a close- knit family, a satisfying career, financial security-we won't reach it without mastering self-control.]]></description>
  <work>
  <id type="integer">16027103</id>
  <books_count type="integer">36</books_count>
  <best_book_id type="integer">11104933</best_book_id>
  <reviews_count type="integer">43090</reviews_count>
  <ratings_sum type="integer">54672</ratings_sum>
  <ratings_count type="integer">13827</ratings_count>
  <text_reviews_count type="integer">838</text_reviews_count>
  <original_publication_year type="integer">2011</original_publication_year>
  <original_publication_month type="integer">1</original_publication_month>
  <original_publication_day type="integer">1</original_publication_day>
  <original_title>Willpower: Rediscovering the Greatest Human Strength</original_title>
  <original_language_id type="integer" nil="true"/>
  <media_type>book</media_type>
  <rating_dist>5:4616|4:5215|3:3022|2:692|1:282|total:13827</rating_dist>
  <desc_user_id type="integer">2496441</desc_user_id>
  <default_chaptering_book_id type="integer" nil="true"/>
  <default_description_language_code nil="true"/>
</work>
  <average_rating>3.95</average_rating>
  <num_pages><![CDATA[291]]></num_pages>
  <format><![CDATA[Hardcover]]></format>
  <edition_information><![CDATA[]]></edition_information>
  <ratings_count><![CDATA[12674]]></ratings_count>
  <text_reviews_count><![CDATA[737]]></text_reviews_count>
  <url><![CDATA[https://www.goodreads.com/book/show/11104933-willpower]]></url>
  <link><![CDATA[https://www.goodreads.com/book/show/11104933-willpower]]></link>
  <authors>
<author>
<id>132685</id>
<name>Roy F. Baumeister</name>
<role></role>
<image_url nophoto='false'>
<![CDATA[https://images.gr-assets.com/authors/1345193348p5/132685.jpg]]>
</image_url>
<small_image_url nophoto='false'>
<![CDATA[https://images.gr-assets.com/authors/1345193348p2/132685.jpg]]>
</small_image_url>
<link><![CDATA[https://www.goodreads.com/author/show/132685.Roy_F_Baumeister]]></link>
<average_rating>3.95</average_rating>
<ratings_count>14768</ratings_count>
<text_reviews_count>928</text_reviews_count>
</author>
<author>
<id>277647</id>
<name>John Tierney</name>
<role></role>
<image_url nophoto='true'>
<![CDATA[https://s.gr-assets.com/assets/nophoto/user/m_200x266-d279b33f8eec0f27b7272477f09806be.png]]>
</image_url>
<small_image_url nophoto='true'>
<![CDATA[https://s.gr-assets.com/assets/nophoto/user/m_50x66-82093808bca726cb3249a493fbd3bd0f.png]]>
</small_image_url>
<link><![CDATA[https://www.goodreads.com/author/show/277647.John_Tierney]]></link>
<average_rating>3.95</average_rating>
<ratings_count>14270</ratings_count>
<text_reviews_count>884</text_reviews_count>
</author>
</authors>

    <reviews_widget>
      <![CDATA[
        <style>
  #goodreads-widget {
    font-family: georgia, serif;
    padding: 18px 0;
    width:565px;
  }
  #goodreads-widget h1 {
    font-weight:normal;
    font-size: 16px;
    border-bottom: 1px solid #BBB596;
    margin-bottom: 0;
  }
  #goodreads-widget a {
    text-decoration: none;
    color:#660;
  }
  iframe{
    background-color: #fff;
  }
  #goodreads-widget a:hover { text-decoration: underline; }
  #goodreads-widget a:active {
    color:#660;
  }
  #gr_footer {
    width: 100%;
    border-top: 1px solid #BBB596;
    text-align: right;
  }
  #goodreads-widget .gr_branding{
    color: #382110;
    font-size: 11px;
    text-decoration: none;
    font-family: "Helvetica Neue", Helvetica, Arial, sans-serif;
  }
</style>
<div id="goodreads-widget">
  <div id="gr_header"><h1><a rel="nofollow" href="https://www.goodreads.com/book/show/11104933-willpower">Willpower Reviews</a></h1></div>
  <iframe id="the_iframe" src="https://www.goodreads.com/api/reviews_widget_iframe?did=DEVELOPER_ID&amp;format=html&amp;isbn=1594203075&amp;links=660&amp;min_rating=&amp;review_back=fff&amp;stars=000&amp;text=000" width="565" height="400" frameborder="0"></iframe>
  <div id="gr_footer">
    <a class="gr_branding" target="_blank" rel="nofollow" href="https://www.goodreads.com/book/show/11104933-willpower?utm_medium=api&amp;utm_source=reviews_widget">Reviews from Goodreads.com</a>
  </div>
</div>

      ]]>
    </reviews_widget>
  <popular_shelves>
      <shelf name="to-read" count="27639"/>
      <shelf name="currently-reading" count="845"/>
      <shelf name="psychology" count="431"/>
      <shelf name="non-fiction" count="341"/>
      <shelf name="self-help" count="174"/>
      <shelf name="nonfiction" count="160"/>
      <shelf name="self-improvement" count="110"/>
      <shelf name="science" count="82"/>
      <shelf name="personal-development" count="68"/>
      <shelf name="productivity" count="49"/>
      <shelf name="business" count="42"/>
      <shelf name="self-development" count="31"/>
      <shelf name="to-buy" count="29"/>
      <shelf name="favorites" count="28"/>
      <shelf name="kindle" count="26"/>
      <shelf name="owned" count="24"/>
      <shelf name="willpower" count="22"/>
      <shelf name="library" count="22"/>
      <shelf name="psych" count="20"/>
      <shelf name="philosophy" count="18"/>
      <shelf name="audiobook" count="16"/>
      <shelf name="health" count="16"/>
      <shelf name="audio" count="15"/>
      <shelf name="audiobooks" count="15"/>
      <shelf name="self" count="15"/>
      <shelf name="ebook" count="15"/>
      <shelf name="audible" count="13"/>
      <shelf name="social-science" count="12"/>
      <shelf name="brain" count="12"/>
      <shelf name="read-in-2012" count="12"/>
      <shelf name="non-fiction-to-read" count="11"/>
      <shelf name="motivation" count="11"/>
      <shelf name="books-i-own" count="11"/>
      <shelf name="personal-growth" count="11"/>
      <shelf name="positive-psychology" count="10"/>
      <shelf name="development" count="10"/>
      <shelf name="must-read" count="10"/>
      <shelf name="to-read-nonfiction" count="10"/>
      <shelf name="life" count="9"/>
      <shelf name="personal" count="8"/>
      <shelf name="leadership" count="8"/>
      <shelf name="motivational" count="8"/>
      <shelf name="calibre" count="8"/>
      <shelf name="to-read-non-fiction" count="8"/>
      <shelf name="pop-psychology" count="8"/>
      <shelf name="education" count="7"/>
      <shelf name="social-psychology" count="7"/>
      <shelf name="mind" count="7"/>
      <shelf name="psychology-sociology" count="7"/>
      <shelf name="other" count="7"/>
      <shelf name="wish-list" count="7"/>
      <shelf name="growth" count="6"/>
      <shelf name="english" count="6"/>
      <shelf name="happiness" count="6"/>
      <shelf name="improvement" count="6"/>
      <shelf name="neuroscience" count="6"/>
      <shelf name="learning" count="5"/>
      <shelf name="default" count="5"/>
      <shelf name="next" count="5"/>
      <shelf name="professional" count="5"/>
      <shelf name="read-2014" count="5"/>
      <shelf name="discipline" count="5"/>
      <shelf name="psykologi" count="5"/>
      <shelf name="ebooks" count="5"/>
      <shelf name="priority" count="5"/>
      <shelf name="favourites" count="5"/>
      <shelf name="habits" count="5"/>
      <shelf name="brain-food" count="5"/>
      <shelf name="popular-psychology" count="5"/>
      <shelf name="my-books" count="5"/>
      <shelf name="recommended" count="5"/>
      <shelf name="maybe" count="5"/>
      <shelf name="on-hold" count="5"/>
      <shelf name="adult" count="5"/>
      <shelf name="abandoned" count="5"/>
      <shelf name="selfhelp" count="5"/>
      <shelf name="pop-science" count="5"/>
      <shelf name="nook" count="5"/>
      <shelf name="unfinished" count="5"/>
      <shelf name="professional-development" count="5"/>
      <shelf name="shelfari-favorites" count="4"/>
      <shelf name="self-help-books" count="4"/>
      <shelf name="tai-lopez" count="4"/>
      <shelf name="brainpickings" count="4"/>
      <shelf name="psicología" count="4"/>
      <shelf name="to-read-psychology" count="4"/>
      <shelf name="sociology" count="4"/>
      <shelf name="read-in-2014" count="4"/>
      <shelf name="mindset" count="4"/>
      <shelf name="coaching" count="4"/>
      <shelf name="thinking" count="4"/>
      <shelf name="success" count="4"/>
      <shelf name="to-find" count="4"/>
      <shelf name="resilience" count="4"/>
      <shelf name="management" count="4"/>
      <shelf name="nonfiction-to-read" count="4"/>
      <shelf name="read-2013" count="4"/>
      <shelf name="didn-t-finish" count="4"/>
      <shelf name="personal-dev" count="4"/>
      <shelf name="not-finished" count="4"/>
  </popular_shelves>
  <book_links>
    <book_link>
  <id>8</id>
  <name>Libraries</name>
  <link>https://www.goodreads.com/book_link/follow/8</link>
</book_link>

  </book_links>
  <buy_links>
    <buy_link>
<id>1</id>
<name>Amazon</name>
<link>https://www.goodreads.com/book_link/follow/1</link>
</buy_link>
<buy_link>
<id>10</id>
<name>Audible</name>
<link>https://www.goodreads.com/book_link/follow/10</link>
</buy_link>
<buy_link>
<id>3</id>
<name>Barnes &amp; Noble</name>
<link>https://www.goodreads.com/book_link/follow/3</link>
</buy_link>
<buy_link>
<id>1027</id>
<name>Kobo</name>
<link>https://www.goodreads.com/book_link/follow/1027</link>
</buy_link>
<buy_link>
<id>2102</id>
<name>Apple iBooks</name>
<link>https://www.goodreads.com/book_link/follow/2102</link>
</buy_link>
<buy_link>
<id>8036</id>
<name>Google Play</name>
<link>https://www.goodreads.com/book_link/follow/8036</link>
</buy_link>
<buy_link>
<id>4</id>
<name>Abebooks</name>
<link>https://www.goodreads.com/book_link/follow/4</link>
</buy_link>
<buy_link>
<id>882</id>
<name>Book Depository</name>
<link>https://www.goodreads.com/book_link/follow/882</link>
</buy_link>
<buy_link>
<id>9</id>
<name>Indigo</name>
<link>https://www.goodreads.com/book_link/follow/9</link>
</buy_link>
<buy_link>
<id>2</id>
<name>Half.com</name>
<link>https://www.goodreads.com/book_link/follow/2</link>
</buy_link>
<buy_link>
<id>5</id>
<name>Alibris</name>
<link>https://www.goodreads.com/book_link/follow/5</link>
</buy_link>
<buy_link>
<id>107</id>
<name>Better World Books</name>
<link>https://www.goodreads.com/book_link/follow/107</link>
</buy_link>
<buy_link>
<id>7</id>
<name>IndieBound</name>
<link>https://www.goodreads.com/book_link/follow/7</link>
</buy_link>

  </buy_links>
  <series_works>
    
  </series_works>
  <similar_books>
          <book>
<id>11516274</id>
<title><![CDATA[Redirect: The Surprising New Science of Psychological Change]]></title>
<title_without_series><![CDATA[Redirect: The Surprising New Science of Psychological Change]]></title_without_series>
<link><![CDATA[https://www.goodreads.com/book/show/11516274-redirect]]></link>
<small_image_url><![CDATA[https://images.gr-assets.com/books/1344271721s/11516274.jpg]]></small_image_url>
<image_url><![CDATA[https://images.gr-assets.com/books/1344271721m/11516274.jpg]]></image_url>
<num_pages>288</num_pages>
<work>
<id>16452729</id>
</work>
<isbn>0316051888</isbn>
<isbn13>9780316051880</isbn13>
<average_rating>3.73</average_rating>
<ratings_count>1275</ratings_count>
<publication_year>2011</publication_year>
<publication_month>9</publication_month>
<publication_day>8</publication_day>
<authors>
<author>
<id>3447853</id>
<name>Timothy D. Wilson</name>
<link><![CDATA[https://www.goodreads.com/author/show/3447853.Timothy_D_Wilson]]></link>
</author>
</authors>
</book>

          <book>
<id>9744815</id>
<title><![CDATA[Succeed: How We Can Reach Our Goals]]></title>
<title_without_series><![CDATA[Succeed: How We Can Reach Our Goals]]></title_without_series>
<link><![CDATA[https://www.goodreads.com/book/show/9744815-succeed]]></link>
<small_image_url><![CDATA[https://s.gr-assets.com/assets/nophoto/book/50x75-a91bf249278a81aabab721ef782c4a74.png]]></small_image_url>
<image_url><![CDATA[https://s.gr-assets.com/assets/nophoto/book/111x148-bcc042a9c91a29c1d680899eff700a03.png]]></image_url>
<num_pages></num_pages>
<work>
<id>14633970</id>
</work>
<isbn>1594630739</isbn>
<isbn13>9781594630736</isbn13>
<average_rating>4.19</average_rating>
<ratings_count>1439</ratings_count>
<publication_year></publication_year>
<publication_month></publication_month>
<publication_day></publication_day>
<authors>
<author>
<id>4472747</id>
<name>Heidi Grant Halvorson</name>
<link><![CDATA[https://www.goodreads.com/author/show/4472747.Heidi_Grant_Halvorson]]></link>
</author>
</authors>
</book>

          <book>
<id>26123</id>
<title><![CDATA[Learned Optimism: How to Change Your Mind and Your Life]]></title>
<title_without_series><![CDATA[Learned Optimism: How to Change Your Mind and Your Life]]></title_without_series>
<link><![CDATA[https://www.goodreads.com/book/show/26123.Learned_Optimism]]></link>
<small_image_url><![CDATA[https://s.gr-assets.com/assets/nophoto/book/50x75-a91bf249278a81aabab721ef782c4a74.png]]></small_image_url>
<image_url><![CDATA[https://s.gr-assets.com/assets/nophoto/book/111x148-bcc042a9c91a29c1d680899eff700a03.png]]></image_url>
<num_pages>319</num_pages>
<work>
<id>26823</id>
</work>
<isbn>1400078393</isbn>
<isbn13>9781400078394</isbn13>
<average_rating>3.98</average_rating>
<ratings_count>12103</ratings_count>
<publication_year>2006</publication_year>
<publication_month>1</publication_month>
<publication_day>3</publication_day>
<authors>
<author>
<id>4215735</id>
<name>Martin E.P. Seligman</name>
<link><![CDATA[https://www.goodreads.com/author/show/4215735.Martin_E_P_Seligman]]></link>
</author>
</authors>
</book>

          <book>
<id>11382184</id>
<title><![CDATA[The Optimism Bias: A Tour of the Irrationally Positive Brain]]></title>
<title_without_series><![CDATA[The Optimism Bias: A Tour of the Irrationally Positive Brain]]></title_without_series>
<link><![CDATA[https://www.goodreads.com/book/show/11382184-the-optimism-bias]]></link>
<small_image_url><![CDATA[https://images.gr-assets.com/books/1360567767s/11382184.jpg]]></small_image_url>
<image_url><![CDATA[https://images.gr-assets.com/books/1360567767m/11382184.jpg]]></image_url>
<num_pages>288</num_pages>
<work>
<id>16313708</id>
</work>
<isbn>0307379833</isbn>
<isbn13>9780307379832</isbn13>
<average_rating>3.70</average_rating>
<ratings_count>1101</ratings_count>
<publication_year>2011</publication_year>
<publication_month>6</publication_month>
<publication_day>14</publication_day>
<authors>
<author>
<id>4649751</id>
<name>Tali Sharot</name>
<link><![CDATA[https://www.goodreads.com/author/show/4649751.Tali_Sharot]]></link>
</author>
</authors>
</book>

          <book>
<id>9310316</id>
<title><![CDATA[On Second Thought: Outsmarting Your Mind's Hard-Wired Habits]]></title>
<title_without_series><![CDATA[On Second Thought: Outsmarting Your Mind's Hard-Wired Habits]]></title_without_series>
<link><![CDATA[https://www.goodreads.com/book/show/9310316-on-second-thought]]></link>
<small_image_url><![CDATA[https://s.gr-assets.com/assets/nophoto/book/50x75-a91bf249278a81aabab721ef782c4a74.png]]></small_image_url>
<image_url><![CDATA[https://s.gr-assets.com/assets/nophoto/book/111x148-bcc042a9c91a29c1d680899eff700a03.png]]></image_url>
<num_pages></num_pages>
<work>
<id>14193364</id>
</work>
<isbn></isbn>
<isbn13></isbn13>
<average_rating>3.63</average_rating>
<ratings_count>358</ratings_count>
<publication_year></publication_year>
<publication_month></publication_month>
<publication_day></publication_day>
<authors>
<author>
<id>4022361</id>
<name>Wray Herbert</name>
<link><![CDATA[https://www.goodreads.com/author/show/4022361.Wray_Herbert]]></link>
</author>
</authors>
</book>

          <book>
<id>6899290</id>
<title><![CDATA[Your Brain at Work: Strategies for Overcoming Distraction, Regaining Focus, and Working Smarter All Day Long]]></title>
<title_without_series><![CDATA[Your Brain at Work: Strategies for Overcoming Distraction, Regaining Focus, and Working Smarter All Day Long]]></title_without_series>
<link><![CDATA[https://www.goodreads.com/book/show/6899290-your-brain-at-work]]></link>
<small_image_url><![CDATA[https://s.gr-assets.com/assets/nophoto/book/50x75-a91bf249278a81aabab721ef782c4a74.png]]></small_image_url>
<image_url><![CDATA[https://s.gr-assets.com/assets/nophoto/book/111x148-bcc042a9c91a29c1d680899eff700a03.png]]></image_url>
<num_pages>304</num_pages>
<work>
<id>7122118</id>
</work>
<isbn>0061771295</isbn>
<isbn13>9780061771293</isbn13>
<average_rating>4.10</average_rating>
<ratings_count>6101</ratings_count>
<publication_year>2009</publication_year>
<publication_month>10</publication_month>
<publication_day>6</publication_day>
<authors>
<author>
<id>27335</id>
<name>David Rock</name>
<link><![CDATA[https://www.goodreads.com/author/show/27335.David_Rock]]></link>
</author>
</authors>
</book>

          <book>
<id>10158633</id>
<title><![CDATA[Adapt: Why Success Always Starts with Failure]]></title>
<title_without_series><![CDATA[Adapt: Why Success Always Starts with Failure]]></title_without_series>
<link><![CDATA[https://www.goodreads.com/book/show/10158633-adapt]]></link>
<small_image_url><![CDATA[https://images.gr-assets.com/books/1330364527s/10158633.jpg]]></small_image_url>
<image_url><![CDATA[https://images.gr-assets.com/books/1330364527m/10158633.jpg]]></image_url>
<num_pages>320</num_pages>
<work>
<id>15057114</id>
</work>
<isbn>1408701537</isbn>
<isbn13>9781408701539</isbn13>
<average_rating>3.87</average_rating>
<ratings_count>2848</ratings_count>
<publication_year>2011</publication_year>
<publication_month>5</publication_month>
<publication_day>1</publication_day>
<authors>
<author>
<id>14442</id>
<name>Tim Harford</name>
<link><![CDATA[https://www.goodreads.com/author/show/14442.Tim_Harford]]></link>
</author>
</authors>
</book>

          <book>
<id>9745641</id>
<title><![CDATA[Change Anything: The New Science of Personal Success]]></title>
<title_without_series><![CDATA[Change Anything: The New Science of Personal Success]]></title_without_series>
<link><![CDATA[https://www.goodreads.com/book/show/9745641-change-anything]]></link>
<small_image_url><![CDATA[https://images.gr-assets.com/books/1344269966s/9745641.jpg]]></small_image_url>
<image_url><![CDATA[https://images.gr-assets.com/books/1344269966m/9745641.jpg]]></image_url>
<num_pages>262</num_pages>
<work>
<id>14436057</id>
</work>
<isbn>0446573914</isbn>
<isbn13>9780446573917</isbn13>
<average_rating>3.95</average_rating>
<ratings_count>2054</ratings_count>
<publication_year>2011</publication_year>
<publication_month>4</publication_month>
<publication_day>11</publication_day>
<authors>
<author>
<id>9373</id>
<name>Kerry Patterson</name>
<link><![CDATA[https://www.goodreads.com/author/show/9373.Kerry_Patterson]]></link>
</author>
</authors>
</book>

          <book>
<id>11213439</id>
<title><![CDATA[Brain Bugs: How the Brain's Flaws Shape Our Lives]]></title>
<title_without_series><![CDATA[Brain Bugs: How the Brain's Flaws Shape Our Lives]]></title_without_series>
<link><![CDATA[https://www.goodreads.com/book/show/11213439-brain-bugs]]></link>
<small_image_url><![CDATA[https://s.gr-assets.com/assets/nophoto/book/50x75-a91bf249278a81aabab721ef782c4a74.png]]></small_image_url>
<image_url><![CDATA[https://s.gr-assets.com/assets/nophoto/book/111x148-bcc042a9c91a29c1d680899eff700a03.png]]></image_url>
<num_pages>310</num_pages>
<work>
<id>16138914</id>
</work>
<isbn>0393076024</isbn>
<isbn13>9780393076028</isbn13>
<average_rating>3.79</average_rating>
<ratings_count>1952</ratings_count>
<publication_year>2011</publication_year>
<publication_month>7</publication_month>
<publication_day>11</publication_day>
<authors>
<author>
<id>4814243</id>
<name>Dean Buonomano</name>
<link><![CDATA[https://www.goodreads.com/author/show/4814243.Dean_Buonomano]]></link>
</author>
</authors>
</book>

          <book>
<id>12138871</id>
<title><![CDATA[18 Minutes: Find Your Focus, Master Distraction, and Get the Right Things Done]]></title>
<title_without_series><![CDATA[18 Minutes: Find Your Focus, Master Distraction, and Get the Right Things Done]]></title_without_series>
<link><![CDATA[https://www.goodreads.com/book/show/12138871-18-minutes]]></link>
<small_image_url><![CDATA[https://images.gr-assets.com/books/1344266040s/12138871.jpg]]></small_image_url>
<image_url><![CDATA[https://images.gr-assets.com/books/1344266040m/12138871.jpg]]></image_url>
<num_pages>288</num_pages>
<work>
<id>17108847</id>
</work>
<isbn>0446583413</isbn>
<isbn13>9780446583411</isbn13>
<average_rating>3.86</average_rating>
<ratings_count>3169</ratings_count>
<publication_year>2011</publication_year>
<publication_month>9</publication_month>
<publication_day>28</publication_day>
<authors>
<author>
<id>1217024</id>
<name>Peter Bregman</name>
<link><![CDATA[https://www.goodreads.com/author/show/1217024.Peter_Bregman]]></link>
</author>
</authors>
</book>

          <book>
<id>9514605</id>
<title><![CDATA[The Procrastination Equation: How to Stop Putting Things Off and Start Getting Stuff Done]]></title>
<title_without_series><![CDATA[The Procrastination Equation: How to Stop Putting Things Off and Start Getting Stuff Done]]></title_without_series>
<link><![CDATA[https://www.goodreads.com/book/show/9514605-the-procrastination-equation]]></link>
<small_image_url><![CDATA[https://images.gr-assets.com/books/1320405262s/9514605.jpg]]></small_image_url>
<image_url><![CDATA[https://images.gr-assets.com/books/1320405262m/9514605.jpg]]></image_url>
<num_pages>320</num_pages>
<work>
<id>14400432</id>
</work>
<isbn>0307357163</isbn>
<isbn13>9780307357168</isbn13>
<average_rating>3.80</average_rating>
<ratings_count>1005</ratings_count>
<publication_year>2010</publication_year>
<publication_month>12</publication_month>
<publication_day>28</publication_day>
<authors>
<author>
<id>4409430</id>
<name>Piers Steel</name>
<link><![CDATA[https://www.goodreads.com/author/show/4409430.Piers_Steel]]></link>
</author>
</authors>
</book>

          <book>
<id>2631984</id>
<title><![CDATA[The Time Paradox: The New Psychology of Time That Will Change Your Life]]></title>
<title_without_series><![CDATA[The Time Paradox: The New Psychology of Time That Will Change Your Life]]></title_without_series>
<link><![CDATA[https://www.goodreads.com/book/show/2631984-the-time-paradox]]></link>
<small_image_url><![CDATA[https://s.gr-assets.com/assets/nophoto/book/50x75-a91bf249278a81aabab721ef782c4a74.png]]></small_image_url>
<image_url><![CDATA[https://s.gr-assets.com/assets/nophoto/book/111x148-bcc042a9c91a29c1d680899eff700a03.png]]></image_url>
<num_pages>368</num_pages>
<work>
<id>2656685</id>
</work>
<isbn>1416541985</isbn>
<isbn13>9781416541981</isbn13>
<average_rating>3.72</average_rating>
<ratings_count>1747</ratings_count>
<publication_year>2008</publication_year>
<publication_month>8</publication_month>
<publication_day>5</publication_day>
<authors>
<author>
<id>124526</id>
<name>Philip G. Zimbardo</name>
<link><![CDATA[https://www.goodreads.com/author/show/124526.Philip_G_Zimbardo]]></link>
</author>
</authors>
</book>

          <book>
<id>335864</id>
<title><![CDATA[The Practicing Mind: Bringing Discipline and Focus into Your Life]]></title>
<title_without_series><![CDATA[The Practicing Mind: Bringing Discipline and Focus into Your Life]]></title_without_series>
<link><![CDATA[https://www.goodreads.com/book/show/335864.The_Practicing_Mind]]></link>
<small_image_url><![CDATA[https://images.gr-assets.com/books/1369691030s/335864.jpg]]></small_image_url>
<image_url><![CDATA[https://images.gr-assets.com/books/1369691030m/335864.jpg]]></image_url>
<num_pages>170</num_pages>
<work>
<id>326331</id>
</work>
<isbn>0977657205</isbn>
<isbn13>9780977657209</isbn13>
<average_rating>4.01</average_rating>
<ratings_count>3686</ratings_count>
<publication_year>2006</publication_year>
<publication_month>3</publication_month>
<publication_day>6</publication_day>
<authors>
<author>
<id>192606</id>
<name>Thomas M. Sterner</name>
<link><![CDATA[https://www.goodreads.com/author/show/192606.Thomas_M_Sterner]]></link>
</author>
</authors>
</book>

          <book>
<id>255131</id>
<title><![CDATA[Self-Discipline in 10 Days: How to Go from Thinking to Doing]]></title>
<title_without_series><![CDATA[Self-Discipline in 10 Days: How to Go from Thinking to Doing]]></title_without_series>
<link><![CDATA[https://www.goodreads.com/book/show/255131.Self_Discipline_in_10_Days]]></link>
<small_image_url><![CDATA[https://s.gr-assets.com/assets/nophoto/book/50x75-a91bf249278a81aabab721ef782c4a74.png]]></small_image_url>
<image_url><![CDATA[https://s.gr-assets.com/assets/nophoto/book/111x148-bcc042a9c91a29c1d680899eff700a03.png]]></image_url>
<num_pages></num_pages>
<work>
<id>247258</id>
</work>
<isbn>1880115069</isbn>
<isbn13>9781880115060</isbn13>
<average_rating>3.80</average_rating>
<ratings_count>563</ratings_count>
<publication_year></publication_year>
<publication_month></publication_month>
<publication_day></publication_day>
<authors>
<author>
<id>149080</id>
<name>Theodore Bryant</name>
<link><![CDATA[https://www.goodreads.com/author/show/149080.Theodore_Bryant]]></link>
</author>
</authors>
</book>

          <book>
<id>11361213</id>
<title><![CDATA[Situations Matter: Understanding How Context Transforms Your World]]></title>
<title_without_series><![CDATA[Situations Matter: Understanding How Context Transforms Your World]]></title_without_series>
<link><![CDATA[https://www.goodreads.com/book/show/11361213-situations-matter]]></link>
<small_image_url><![CDATA[https://images.gr-assets.com/books/1324343099s/11361213.jpg]]></small_image_url>
<image_url><![CDATA[https://images.gr-assets.com/books/1324343099m/11361213.jpg]]></image_url>
<num_pages>290</num_pages>
<work>
<id>16291298</id>
</work>
<isbn>1594488185</isbn>
<isbn13>9781594488184</isbn13>
<average_rating>3.74</average_rating>
<ratings_count>1071</ratings_count>
<publication_year></publication_year>
<publication_month></publication_month>
<publication_day></publication_day>
<authors>
<author>
<id>1003249</id>
<name>Sam Sommers</name>
<link><![CDATA[https://www.goodreads.com/author/show/1003249.Sam_Sommers]]></link>
</author>
</authors>
</book>

          <book>
<id>66332</id>
<title><![CDATA[The Evolving Self: A Psychology for the Third Millennium]]></title>
<title_without_series><![CDATA[The Evolving Self: A Psychology for the Third Millennium]]></title_without_series>
<link><![CDATA[https://www.goodreads.com/book/show/66332.The_Evolving_Self]]></link>
<small_image_url><![CDATA[https://images.gr-assets.com/books/1410138217s/66332.jpg]]></small_image_url>
<image_url><![CDATA[https://images.gr-assets.com/books/1410138217m/66332.jpg]]></image_url>
<num_pages>384</num_pages>
<work>
<id>64317</id>
</work>
<isbn>0060921927</isbn>
<isbn13>9780060921927</isbn13>
<average_rating>4.04</average_rating>
<ratings_count>544</ratings_count>
<publication_year>1994</publication_year>
<publication_month>6</publication_month>
<publication_day>3</publication_day>
<authors>
<author>
<id>27446</id>
<name>Mihaly Csikszentmihalyi</name>
<link><![CDATA[https://www.goodreads.com/author/show/27446.Mihaly_Csikszentmihalyi]]></link>
</author>
</authors>
</book>

          <book>
<id>12250724</id>
<title><![CDATA[Succeeding When You're Supposed to Fail: The 6 Enduring Principles of High Achievement]]></title>
<title_without_series><![CDATA[Succeeding When You're Supposed to Fail: The 6 Enduring Principles of High Achievement]]></title_without_series>
<link><![CDATA[https://www.goodreads.com/book/show/12250724-succeeding-when-you-re-supposed-to-fail]]></link>
<small_image_url><![CDATA[https://images.gr-assets.com/books/1333576874s/12250724.jpg]]></small_image_url>
<image_url><![CDATA[https://images.gr-assets.com/books/1333576874m/12250724.jpg]]></image_url>
<num_pages>208</num_pages>
<work>
<id>17225214</id>
</work>
<isbn>0307887685</isbn>
<isbn13>9780307887689</isbn13>
<average_rating>3.84</average_rating>
<ratings_count>258</ratings_count>
<publication_year>2011</publication_year>
<publication_month>12</publication_month>
<publication_day>27</publication_day>
<authors>
<author>
<id>964486</id>
<name>Rom Brafman</name>
<link><![CDATA[https://www.goodreads.com/author/show/964486.Rom_Brafman]]></link>
</author>
</authors>
</book>

          <book>
<id>1141601</id>
<title><![CDATA[Procrastination: Why You Do It, What To Do About It]]></title>
<title_without_series><![CDATA[Procrastination: Why You Do It, What To Do About It]]></title_without_series>
<link><![CDATA[https://www.goodreads.com/book/show/1141601.Procrastination]]></link>
<small_image_url><![CDATA[https://images.gr-assets.com/books/1463530879s/1141601.jpg]]></small_image_url>
<image_url><![CDATA[https://images.gr-assets.com/books/1463530879m/1141601.jpg]]></image_url>
<num_pages>240</num_pages>
<work>
<id>1128934</id>
</work>
<isbn>0738209562</isbn>
<isbn13>9780738209562</isbn13>
<average_rating>3.88</average_rating>
<ratings_count>823</ratings_count>
<publication_year>2004</publication_year>
<publication_month>8</publication_month>
<publication_day>4</publication_day>
<authors>
<author>
<id>560087</id>
<name>Jane B. Burka</name>
<link><![CDATA[https://www.goodreads.com/author/show/560087.Jane_B_Burka]]></link>
</author>
</authors>
</book>

  </similar_books>
</book>

</GoodreadsResponse>