<?xml version="1.0" encoding="UTF-8"?>
<GoodreadsResponse>
  <Request>
    <authentication>true</authentication>
      <key><![CDATA[all_men_must_serve]]></key>
    <method><![CDATA[book_show]]></method>
  </Request>
  <book>
  <id>11127</id>
  <title><![CDATA[The Chronicles of Narnia (Chronicles of Narnia, #1-7)]]></title>
  <isbn><![CDATA[0066238501]]></isbn>
  <isbn13><![CDATA[9780066238500]]></isbn13>
  <asin><![CDATA[]]></asin>
  <kindle_asin><![CDATA[]]></kindle_asin>
  <marketplace_id><![CDATA[]]></marketplace_id>
  <country_code><![CDATA[GB]]></country_code>
  <image_url>https://images.gr-assets.com/books/1449868701m/11127.jpg</image_url>
  <small_image_url>https://images.gr-assets.com/books/1449868701s/11127.jpg</small_image_url>
  <publication_year>2002</publication_year>
  <publication_month>9</publication_month>
  <publication_day>16</publication_day>
  <publisher>HarperCollins</publisher>
  <language_code>eng</language_code>
  <is_ebook>false</is_ebook>
  <description><![CDATA[Journeys to the end of the world, fantastic creatures, and epic battles between good and evil—what more could any reader ask for in one book? The book that has it all is <i>The Lion, the Witch and the Wardrobe</i>, written in 1949 by Clive Staples Lewis. But Lewis did not stop there. Six more books followed, and together they became known as <i>The Chronicles of Narnia.</i><br /><br />For the past fifty years, <i>The Chronicles of Narnia</i> have transcended the fantasy genre to become part of the canon of classic literature. Each of the seven books is a masterpiece, drawing the reader into a land where magic meets reality, and the result is a fictional world whose scope has fascinated generations.<br /><br />This edition presents all seven books—unabridged—in one impressive volume. The books are presented here in chronlogical order, each chapter graced with an illustration by the original artist, Pauline Baynes. Deceptively simple and direct, <i>The Chronicles of Narnia</i> continue to captivate fans with adventures, characters, and truths that speak to readers of all ages, even fifty years after they were first published.]]></description>
  <work>
  <id type="integer">781271</id>
  <books_count type="integer">270</books_count>
  <best_book_id type="integer">11127</best_book_id>
  <reviews_count type="integer">566750</reviews_count>
  <ratings_sum type="integer">1704599</ratings_sum>
  <ratings_count type="integer">401888</ratings_count>
  <text_reviews_count type="integer">8875</text_reviews_count>
  <original_publication_year type="integer">1956</original_publication_year>
  <original_publication_month type="integer" nil="true"/>
  <original_publication_day type="integer" nil="true"/>
  <original_title>The Chronicles of Narnia</original_title>
  <original_language_id type="integer" nil="true"/>
  <media_type>book</media_type>
  <rating_dist>5:192793|4:133111|3:59998|2:12210|1:3776|total:401888</rating_dist>
  <desc_user_id type="integer">7026516</desc_user_id>
  <default_chaptering_book_id type="integer" nil="true"/>
  <default_description_language_code nil="true"/>
</work>
  <average_rating>4.24</average_rating>
  <num_pages><![CDATA[767]]></num_pages>
  <format><![CDATA[Paperback]]></format>
  <edition_information><![CDATA[Reissue Edition]]></edition_information>
  <ratings_count><![CDATA[376565]]></ratings_count>
  <text_reviews_count><![CDATA[7294]]></text_reviews_count>
  <url><![CDATA[https://www.goodreads.com/book/show/11127.The_Chronicles_of_Narnia]]></url>
  <link><![CDATA[https://www.goodreads.com/book/show/11127.The_Chronicles_of_Narnia]]></link>
  <authors>
<author>
<id>1069006</id>
<name>C.S. Lewis</name>
<role></role>
<image_url nophoto='false'>
<![CDATA[https://images.gr-assets.com/authors/1367519078p5/1069006.jpg]]>
</image_url>
<small_image_url nophoto='false'>
<![CDATA[https://images.gr-assets.com/authors/1367519078p2/1069006.jpg]]>
</small_image_url>
<link><![CDATA[https://www.goodreads.com/author/show/1069006.C_S_Lewis]]></link>
<average_rating>4.13</average_rating>
<ratings_count>4410835</ratings_count>
<text_reviews_count>95423</text_reviews_count>
</author>
<author>
<id>25523</id>
<name>Pauline Baynes</name>
<role>Illustrator</role>
<image_url nophoto='false'>
<![CDATA[https://images.gr-assets.com/authors/1339339682p5/25523.jpg]]>
</image_url>
<small_image_url nophoto='false'>
<![CDATA[https://images.gr-assets.com/authors/1339339682p2/25523.jpg]]>
</small_image_url>
<link><![CDATA[https://www.goodreads.com/author/show/25523.Pauline_Baynes]]></link>
<average_rating>4.12</average_rating>
<ratings_count>976099</ratings_count>
<text_reviews_count>21540</text_reviews_count>
</author>
</authors>

    <reviews_widget>
      <![CDATA[
        <style>
  #goodreads-widget {
    font-family: georgia, serif;
    padding: 18px 0;
    width:565px;
  }
  #goodreads-widget h1 {
    font-weight:normal;
    font-size: 16px;
    border-bottom: 1px solid #BBB596;
    margin-bottom: 0;
  }
  #goodreads-widget a {
    text-decoration: none;
    color:#660;
  }
  iframe{
    background-color: #fff;
  }
  #goodreads-widget a:hover { text-decoration: underline; }
  #goodreads-widget a:active {
    color:#660;
  }
  #gr_footer {
    width: 100%;
    border-top: 1px solid #BBB596;
    text-align: right;
  }
  #goodreads-widget .gr_branding{
    color: #382110;
    font-size: 11px;
    text-decoration: none;
    font-family: "Helvetica Neue", Helvetica, Arial, sans-serif;
  }
</style>
<div id="goodreads-widget">
  <div id="gr_header"><h1><a rel="nofollow" href="https://www.goodreads.com/book/show/11127.The_Chronicles_of_Narnia">The Chronicles of Narnia Reviews</a></h1></div>
  <iframe id="the_iframe" src="https://www.goodreads.com/api/reviews_widget_iframe?did=DEVELOPER_ID&amp;format=html&amp;isbn=0066238501&amp;links=660&amp;min_rating=&amp;review_back=fff&amp;stars=000&amp;text=000" width="565" height="400" frameborder="0"></iframe>
  <div id="gr_footer">
    <a class="gr_branding" target="_blank" rel="nofollow" href="https://www.goodreads.com/book/show/11127.The_Chronicles_of_Narnia?utm_medium=api&amp;utm_source=reviews_widget">Reviews from Goodreads.com</a>
  </div>
</div>

      ]]>
    </reviews_widget>
  <popular_shelves>
      <shelf name="to-read" count="802"/>
      <shelf name="children-s" count="603"/>
      <shelf name="childhood" count="557"/>
      <shelf name="children-s-books" count="468"/>
      <shelf name="sci-fi-fantasy" count="342"/>
      <shelf name="christian-fiction" count="331"/>
      <shelf name="childhood-favorites" count="314"/>
      <shelf name="magic" count="259"/>
      <shelf name="childrens-books" count="254"/>
      <shelf name="fantasy-sci-fi" count="240"/>
      <shelf name="religion" count="218"/>
      <shelf name="middle-grade" count="213"/>
      <shelf name="my-library" count="211"/>
      <shelf name="fiction" count="200"/>
      <shelf name="literature" count="187"/>
      <shelf name="all-time-favorites" count="165"/>
      <shelf name="owned" count="162"/>
      <shelf name="to-buy" count="160"/>
      <shelf name="childhood-books" count="152"/>
      <shelf name="youth" count="135"/>
      <shelf name="christianity" count="130"/>
      <shelf name="favorite-books" count="130"/>
      <shelf name="children-s-lit" count="128"/>
      <shelf name="scifi-fantasy" count="126"/>
      <shelf name="books-i-own" count="124"/>
      <shelf name="re-read" count="121"/>
      <shelf name="british" count="118"/>
      <shelf name="shelfari-favorites" count="114"/>
      <shelf name="juvenile" count="114"/>
      <shelf name="favorite" count="113"/>
      <shelf name="religious" count="109"/>
      <shelf name="childrens-literature" count="105"/>
      <shelf name="my-favorites" count="103"/>
      <shelf name="ya-fantasy" count="95"/>
      <shelf name="science-fiction-fantasy" count="92"/>
      <shelf name="epic-fantasy" count="92"/>
      <shelf name="fantasy-scifi" count="91"/>
      <shelf name="childrens-lit" count="88"/>
      <shelf name="novel" count="87"/>
      <shelf name="animals" count="87"/>
      <shelf name="childrens" count="81"/>
      <shelf name="english" count="81"/>
      <shelf name="classic-literature" count="78"/>
      <shelf name="teen" count="78"/>
      <shelf name="default" count="77"/>
      <shelf name="science-fiction" count="77"/>
      <shelf name="to-re-read" count="77"/>
      <shelf name="cs-lewis" count="74"/>
      <shelf name="ya-fiction" count="74"/>
      <shelf name="childhood-favourites" count="74"/>
      <shelf name="childhood-reads" count="73"/>
      <shelf name="5-stars" count="72"/>
      <shelf name="currently-reading" count="71"/>
      <shelf name="children-s-fiction" count="69"/>
      <shelf name="juvenile-fiction" count="69"/>
      <shelf name="young-adult-fiction" count="69"/>
      <shelf name="wish-list" count="66"/>
      <shelf name="my-bookshelf" count="66"/>
      <shelf name="lewis" count="65"/>
      <shelf name="children-young-adult" count="65"/>
      <shelf name="read-more-than-once" count="64"/>
      <shelf name="20th-century" count="63"/>
      <shelf name="young-adult" count="62"/>
      <shelf name="fantasy-fiction" count="62"/>
      <shelf name="allegory" count="61"/>
      <shelf name="my-childhood" count="61"/>
      <shelf name="to-reread" count="59"/>
      <shelf name="tbr" count="59"/>
      <shelf name="read-as-a-kid" count="59"/>
      <shelf name="children-ya" count="58"/>
      <shelf name="faith" count="58"/>
      <shelf name="sci-fi" count="56"/>
      <shelf name="chronicles-of-narnia" count="56"/>
      <shelf name="spiritual" count="56"/>
      <shelf name="audiobook" count="53"/>
      <shelf name="faves" count="51"/>
      <shelf name="paperback" count="51"/>
      <shelf name="fantasy-science-fiction" count="51"/>
      <shelf name="childhood-faves" count="51"/>
      <shelf name="speculative-fiction" count="50"/>
      <shelf name="on-hold" count="50"/>
      <shelf name="reread" count="49"/>
      <shelf name="fiction-fantasy" count="48"/>
      <shelf name="childrens-fiction" count="48"/>
      <shelf name="owned-books" count="47"/>
      <shelf name="i-own-it" count="47"/>
      <shelf name="supernatural" count="47"/>
      <shelf name="children-s-classics" count="46"/>
      <shelf name="sci-fi-and-fantasy" count="46"/>
      <shelf name="favorite-series" count="46"/>
      <shelf name="fantasy-and-sci-fi" count="45"/>
      <shelf name="abandoned" count="45"/>
      <shelf name="unfinished" count="45"/>
      <shelf name="classics-to-read" count="45"/>
      <shelf name="séries" count="44"/>
      <shelf name="kid-lit" count="44"/>
      <shelf name="young" count="42"/>
      <shelf name="kindle" count="42"/>
      <shelf name="childhood-memories" count="42"/>
      <shelf name="own-to-read" count="41"/>
  </popular_shelves>
  <book_links>
    <book_link>
  <id>8</id>
  <name>Libraries</name>
  <link>https://www.goodreads.com/book_link/follow/8</link>
</book_link>

  </book_links>
  <buy_links>
    <buy_link>
<id>1</id>
<name>Amazon</name>
<link>https://www.goodreads.com/book_link/follow/1</link>
</buy_link>
<buy_link>
<id>10</id>
<name>Audible</name>
<link>https://www.goodreads.com/book_link/follow/10</link>
</buy_link>
<buy_link>
<id>3</id>
<name>Barnes &amp; Noble</name>
<link>https://www.goodreads.com/book_link/follow/3</link>
</buy_link>
<buy_link>
<id>1027</id>
<name>Kobo</name>
<link>https://www.goodreads.com/book_link/follow/1027</link>
</buy_link>
<buy_link>
<id>2102</id>
<name>Apple iBooks</name>
<link>https://www.goodreads.com/book_link/follow/2102</link>
</buy_link>
<buy_link>
<id>8036</id>
<name>Google Play</name>
<link>https://www.goodreads.com/book_link/follow/8036</link>
</buy_link>
<buy_link>
<id>4</id>
<name>Abebooks</name>
<link>https://www.goodreads.com/book_link/follow/4</link>
</buy_link>
<buy_link>
<id>882</id>
<name>Book Depository</name>
<link>https://www.goodreads.com/book_link/follow/882</link>
</buy_link>
<buy_link>
<id>9</id>
<name>Indigo</name>
<link>https://www.goodreads.com/book_link/follow/9</link>
</buy_link>
<buy_link>
<id>2</id>
<name>Half.com</name>
<link>https://www.goodreads.com/book_link/follow/2</link>
</buy_link>
<buy_link>
<id>5</id>
<name>Alibris</name>
<link>https://www.goodreads.com/book_link/follow/5</link>
</buy_link>
<buy_link>
<id>107</id>
<name>Better World Books</name>
<link>https://www.goodreads.com/book_link/follow/107</link>
</buy_link>
<buy_link>
<id>7</id>
<name>IndieBound</name>
<link>https://www.goodreads.com/book_link/follow/7</link>
</buy_link>

  </buy_links>
  <series_works>
    <series_work>
<id>416541</id>
<user_position>1–7</user_position>
<series>
<id>43814</id>
<title>
<![CDATA[
    The Chronicles of Narnia (Chronological Order)
]]>
</title>
<description>
<![CDATA[
    An alternative reading order based solely on the internal chronology of the novels with the exception of <i>The Horse and His Boy</i> which takes place <i><b>during</b></i> the time frame of the final few pages of <i>The Lion, the Witch, and the Wardrobe</i>. Note that this reading order only dates from 1994, more than 30 years after C.S. Lewis died.
    
    (See the preferred reading order, in original <a href="http://www.goodreads.com/series/49073-chronicles-of-narnia">Publication Order</a>)
    
    The number in brackets is the publication order and should not be changed.
    
    Also known as:
    Slo: Zgodbe iz Narnije 
    Russian: Хроники Нарнии
    Français: Le Monde de Narnia
    Spanish: Las Crónicas de Narnia
    Portuguese: As Crônicas de Nárnia
    Czech: Letopisy Narnie
    Ukrainian: Хроніки Нарнії
    Dutch: De kronieken van Narnia
    Italian: Le cronache di Narnia
    Polish: Opowieści z Narnii
    Swedish: Berättelsen om Narnia
    Finnish: Narnian tarinat
    Romanian: Cronicile din Narnia
    German: Die Chroniken von Narnia
    Turkish: Narnia Günlükleri
    Bulgarian: Хрониките на Нарния
    Hebrew: סיפורי ממלכת נרניה
]]>
</description>
<note>
<![CDATA[
]]>
</note>
<series_works_count>11</series_works_count>
<primary_work_count>7</primary_work_count>
<numbered>true</numbered>
</series>

</series_work>
<series_work>
<id>289233</id>
<user_position>1–7</user_position>
<series>
<id>49073</id>
<title>
<![CDATA[
    The Chronicles of Narnia (Publication Order)
]]>
</title>
<description>
<![CDATA[
    This is the original reading order (and the original publication order) for the series.  
    
    (See also the alternative <a href="http://www.goodreads.com/series/43814-chronicles-of-narnia">Chronological Reading Order</a>.)
    
    Also known as:
    Deutsch: Die Chroniken von Narnia 
    Ukrainian: Хроніки Нарнії
    Slovenija: Zgodbe iz Narnije 
    Russian: Хроники Нарнии
    Français: Le Monde de Narnia
    Spanish: Las crónicas de Narnia
    Portuguese: As Crónicas de Nárnia
    Czech: Letopisy Narnie
    Dutch: De kronieken van Narnia
    Italian: Le cronache di Narnia
    Polish: Opowieści z Narnii
    Swedish: Berättelsen om Narnia
    Finnish: Narnian tarinat
    Romanian: Cronicile din Narnia
    Serbian: Летописи Нарније/Letopisi Narnije
    Turkish: Narnia Günlükleri
    Persian: ماجراهای نارنیا
    Hebrew: סיפורי ממלכת נרניה
]]>
</description>
<note>
<![CDATA[
    Removed omnibus editions which are in Chronological order.
    
    An omnibus ediion which contains only <i>The Magician's Nephew</i> and <i>The Lion, the Witch, and the Wardrobe</i> is most likely to be in Chronological Order and should NOT be included in this series.
]]>
</note>
<series_works_count>10</series_works_count>
<primary_work_count>7</primary_work_count>
<numbered>true</numbered>
</series>

</series_work>

  </series_works>
  <similar_books>
          <book>
<id>11841</id>
<title><![CDATA[The Time Trilogy (A Wrinkle in Time Quintet, #1-3)]]></title>
<title_without_series>The Time Trilogy</title_without_series>
<link><![CDATA[https://www.goodreads.com/book/show/11841.The_Time_Trilogy]]></link>
<small_image_url><![CDATA[https://images.gr-assets.com/books/1324668044s/11841.jpg]]></small_image_url>
<image_url><![CDATA[https://images.gr-assets.com/books/1324668044m/11841.jpg]]></image_url>
<num_pages></num_pages>
<work>
<id>665900</id>
</work>
<isbn>0374375925</isbn>
<isbn13>9780374375928</isbn13>
<average_rating>4.41</average_rating>
<ratings_count>5703</ratings_count>
<publication_year></publication_year>
<publication_month></publication_month>
<publication_day></publication_day>
<authors>
<author>
<id>106</id>
<name>Madeleine L&apos;Engle</name>
<link><![CDATA[https://www.goodreads.com/author/show/106.Madeleine_L_Engle]]></link>
</author>
</authors>
</book>

          <book>
<id>18116</id>
<title><![CDATA[His Dark Materials (His Dark Materials #1-3)]]></title>
<title_without_series>His Dark Materials</title_without_series>
<link><![CDATA[https://www.goodreads.com/book/show/18116.His_Dark_Materials]]></link>
<small_image_url><![CDATA[https://s.gr-assets.com/assets/nophoto/book/50x75-a91bf249278a81aabab721ef782c4a74.png]]></small_image_url>
<image_url><![CDATA[https://s.gr-assets.com/assets/nophoto/book/111x148-bcc042a9c91a29c1d680899eff700a03.png]]></image_url>
<num_pages>1088</num_pages>
<work>
<id>1943518</id>
</work>
<isbn>0440238609</isbn>
<isbn13>9780440238607</isbn13>
<average_rating>4.25</average_rating>
<ratings_count>102092</ratings_count>
<publication_year></publication_year>
<publication_month></publication_month>
<publication_day></publication_day>
<authors>
<author>
<id>3618</id>
<name>Philip Pullman</name>
<link><![CDATA[https://www.goodreads.com/author/show/3618.Philip_Pullman]]></link>
</author>
</authors>
</book>

          <book>
<id>269713</id>
<title>At the Back of the North Wind</title>
<title_without_series>At the Back of the North Wind</title_without_series>
<link><![CDATA[https://www.goodreads.com/book/show/269713.At_the_Back_of_the_North_Wind]]></link>
<small_image_url><![CDATA[https://s.gr-assets.com/assets/nophoto/book/50x75-a91bf249278a81aabab721ef782c4a74.png]]></small_image_url>
<image_url><![CDATA[https://s.gr-assets.com/assets/nophoto/book/111x148-bcc042a9c91a29c1d680899eff700a03.png]]></image_url>
<num_pages>346</num_pages>
<work>
<id>600104</id>
</work>
<isbn>0375413359</isbn>
<isbn13>9780375413353</isbn13>
<average_rating>3.96</average_rating>
<ratings_count>5243</ratings_count>
<publication_year>2001</publication_year>
<publication_month>10</publication_month>
<publication_day>16</publication_day>
<authors>
<author>
<id>2413</id>
<name>George MacDonald</name>
<link><![CDATA[https://www.goodreads.com/author/show/2413.George_MacDonald]]></link>
</author>
</authors>
</book>

          <book>
<id>30</id>
<title><![CDATA[J.R.R. Tolkien 4-Book Boxed Set: The Hobbit and The Lord of the Rings]]></title>
<title_without_series><![CDATA[J.R.R. Tolkien 4-Book Boxed Set: The Hobbit and The Lord of the Rings]]></title_without_series>
<link><![CDATA[https://www.goodreads.com/book/show/30.J_R_R_Tolkien_4_Book_Boxed_Set]]></link>
<small_image_url><![CDATA[https://images.gr-assets.com/books/1346072396s/30.jpg]]></small_image_url>
<image_url><![CDATA[https://images.gr-assets.com/books/1346072396m/30.jpg]]></image_url>
<num_pages>1728</num_pages>
<work>
<id>89369</id>
</work>
<isbn>0345538374</isbn>
<isbn13>9780345538376</isbn13>
<average_rating>4.59</average_rating>
<ratings_count>94384</ratings_count>
<publication_year>2012</publication_year>
<publication_month>9</publication_month>
<publication_day>25</publication_day>
<authors>
<author>
<id>656983</id>
<name>J.R.R. Tolkien</name>
<link><![CDATA[https://www.goodreads.com/author/show/656983.J_R_R_Tolkien]]></link>
</author>
</authors>
</book>

          <book>
<id>86238</id>
<title><![CDATA[The Enchanted Forest Chronicles (The Enchanted Forest Chronicles, #1-4)]]></title>
<title_without_series><![CDATA[The Enchanted Forest Chronicles]]></title_without_series>
<link><![CDATA[https://www.goodreads.com/book/show/86238.The_Enchanted_Forest_Chronicles]]></link>
<small_image_url><![CDATA[https://s.gr-assets.com/assets/nophoto/book/50x75-a91bf249278a81aabab721ef782c4a74.png]]></small_image_url>
<image_url><![CDATA[https://s.gr-assets.com/assets/nophoto/book/111x148-bcc042a9c91a29c1d680899eff700a03.png]]></image_url>
<num_pages></num_pages>
<work>
<id>164046</id>
</work>
<isbn>0152050523</isbn>
<isbn13>9780152050528</isbn13>
<average_rating>4.47</average_rating>
<ratings_count>8531</ratings_count>
<publication_year>2003</publication_year>
<publication_month>7</publication_month>
<publication_day>1</publication_day>
<authors>
<author>
<id>36122</id>
<name>Patricia C. Wrede</name>
<link><![CDATA[https://www.goodreads.com/author/show/36122.Patricia_C_Wrede]]></link>
</author>
</authors>
</book>

          <book>
<id>11306</id>
<title><![CDATA[The Dark Is Rising Sequence  (The Dark Is Rising #1-5)]]></title>
<title_without_series>The Dark Is Rising Sequence</title_without_series>
<link><![CDATA[https://www.goodreads.com/book/show/11306.The_Dark_Is_Rising_Sequence]]></link>
<small_image_url><![CDATA[https://s.gr-assets.com/assets/nophoto/book/50x75-a91bf249278a81aabab721ef782c4a74.png]]></small_image_url>
<image_url><![CDATA[https://s.gr-assets.com/assets/nophoto/book/111x148-bcc042a9c91a29c1d680899eff700a03.png]]></image_url>
<num_pages></num_pages>
<work>
<id>1504838</id>
</work>
<isbn>0020425651</isbn>
<isbn13>9780020425656</isbn13>
<average_rating>4.29</average_rating>
<ratings_count>13227</ratings_count>
<publication_year></publication_year>
<publication_month></publication_month>
<publication_day></publication_day>
<authors>
<author>
<id>7308</id>
<name>Susan Cooper</name>
<link><![CDATA[https://www.goodreads.com/author/show/7308.Susan_Cooper]]></link>
</author>
</authors>
</book>

          <book>
<id>77391</id>
<title><![CDATA[Anne of Ingleside (Anne of Green Gables, #6)]]></title>
<title_without_series>Anne of Ingleside</title_without_series>
<link><![CDATA[https://www.goodreads.com/book/show/77391.Anne_of_Ingleside]]></link>
<small_image_url><![CDATA[https://images.gr-assets.com/books/1285712495s/77391.jpg]]></small_image_url>
<image_url><![CDATA[https://images.gr-assets.com/books/1285712495m/77391.jpg]]></image_url>
<num_pages>274</num_pages>
<work>
<id>1404690</id>
</work>
<isbn>0553213156</isbn>
<isbn13>9780553213157</isbn13>
<average_rating>4.05</average_rating>
<ratings_count>38596</ratings_count>
<publication_year></publication_year>
<publication_month></publication_month>
<publication_day></publication_day>
<authors>
<author>
<id>5350</id>
<name>L.M. Montgomery</name>
<link><![CDATA[https://www.goodreads.com/author/show/5350.L_M_Montgomery]]></link>
</author>
</authors>
</book>

          <book>
<id>65113</id>
<title><![CDATA[A Series of Unfortunate Events Box: The Complete Wreck (Books 1-13)]]></title>
<title_without_series><![CDATA[A Series of Unfortunate Events Box: The Complete Wreck]]></title_without_series>
<link><![CDATA[https://www.goodreads.com/book/show/65113.A_Series_of_Unfortunate_Events_Box]]></link>
<small_image_url><![CDATA[https://images.gr-assets.com/books/1307655939s/65113.jpg]]></small_image_url>
<image_url><![CDATA[https://images.gr-assets.com/books/1307655939m/65113.jpg]]></image_url>
<num_pages>3243</num_pages>
<work>
<id>2393728</id>
</work>
<isbn>0061119067</isbn>
<isbn13>9780061119064</isbn13>
<average_rating>4.28</average_rating>
<ratings_count>11815</ratings_count>
<publication_year>2006</publication_year>
<publication_month>10</publication_month>
<publication_day>13</publication_day>
<authors>
<author>
<id>36746</id>
<name>Lemony Snicket</name>
<link><![CDATA[https://www.goodreads.com/author/show/36746.Lemony_Snicket]]></link>
</author>
</authors>
</book>

          <book>
<id>7993</id>
<title><![CDATA[Mariel of Redwall (Redwall, #4)]]></title>
<title_without_series>Mariel of Redwall</title_without_series>
<link><![CDATA[https://www.goodreads.com/book/show/7993.Mariel_of_Redwall]]></link>
<small_image_url><![CDATA[https://images.gr-assets.com/books/1299761476s/7993.jpg]]></small_image_url>
<image_url><![CDATA[https://images.gr-assets.com/books/1299761476m/7993.jpg]]></image_url>
<num_pages>400</num_pages>
<work>
<id>1177243</id>
</work>
<isbn>0142302392</isbn>
<isbn13>9780142302392</isbn13>
<average_rating>3.96</average_rating>
<ratings_count>22578</ratings_count>
<publication_year>2003</publication_year>
<publication_month>3</publication_month>
<publication_day>31</publication_day>
<authors>
<author>
<id>5329</id>
<name>Brian Jacques</name>
<link><![CDATA[https://www.goodreads.com/author/show/5329.Brian_Jacques]]></link>
</author>
</authors>
</book>

          <book>
<id>8252</id>
<title>Farmer Boy (Little House, #3)</title>
<title_without_series>Farmer Boy</title_without_series>
<link><![CDATA[https://www.goodreads.com/book/show/8252.Farmer_Boy]]></link>
<small_image_url><![CDATA[https://s.gr-assets.com/assets/nophoto/book/50x75-a91bf249278a81aabab721ef782c4a74.png]]></small_image_url>
<image_url><![CDATA[https://s.gr-assets.com/assets/nophoto/book/111x148-bcc042a9c91a29c1d680899eff700a03.png]]></image_url>
<num_pages>357</num_pages>
<work>
<id>1366740</id>
</work>
<isbn>0060885386</isbn>
<isbn13>9780060885380</isbn13>
<average_rating>4.05</average_rating>
<ratings_count>45318</ratings_count>
<publication_year>2007</publication_year>
<publication_month>1</publication_month>
<publication_day>1</publication_day>
<authors>
<author>
<id>5300</id>
<name>Laura Ingalls Wilder</name>
<link><![CDATA[https://www.goodreads.com/author/show/5300.Laura_Ingalls_Wilder]]></link>
</author>
</authors>
</book>

          <book>
<id>25058</id>
<title><![CDATA[Mrs. Piggle Wiggle Box Set (Mrs. Piggle Wiggle, #1,2,3,4)]]></title>
<title_without_series>Mrs. Piggle Wiggle Box Set</title_without_series>
<link><![CDATA[https://www.goodreads.com/book/show/25058.Mrs_Piggle_Wiggle_Box_Set]]></link>
<small_image_url><![CDATA[https://images.gr-assets.com/books/1327992689s/25058.jpg]]></small_image_url>
<image_url><![CDATA[https://images.gr-assets.com/books/1327992689m/25058.jpg]]></image_url>
<num_pages></num_pages>
<work>
<id>432309</id>
</work>
<isbn>0590648985</isbn>
<isbn13>9780590648981</isbn13>
<average_rating>4.38</average_rating>
<ratings_count>1067</ratings_count>
<publication_year></publication_year>
<publication_month></publication_month>
<publication_day></publication_day>
<authors>
<author>
<id>13369</id>
<name>Betty MacDonald</name>
<link><![CDATA[https://www.goodreads.com/author/show/13369.Betty_MacDonald]]></link>
</author>
</authors>
</book>

          <book>
<id>333970</id>
<title><![CDATA[The Bark of the Bog Owl (The Wilderking Trilogy, #1)]]></title>
<title_without_series>The Bark of the Bog Owl</title_without_series>
<link><![CDATA[https://www.goodreads.com/book/show/333970.The_Bark_of_the_Bog_Owl]]></link>
<small_image_url><![CDATA[https://images.gr-assets.com/books/1328856070s/333970.jpg]]></small_image_url>
<image_url><![CDATA[https://images.gr-assets.com/books/1328856070m/333970.jpg]]></image_url>
<num_pages></num_pages>
<work>
<id>324466</id>
</work>
<isbn>0805431314</isbn>
<isbn13>9780805431315</isbn13>
<average_rating>4.08</average_rating>
<ratings_count>1221</ratings_count>
<publication_year></publication_year>
<publication_month></publication_month>
<publication_day></publication_day>
<authors>
<author>
<id>191475</id>
<name>Jonathan Rogers</name>
<link><![CDATA[https://www.goodreads.com/author/show/191475.Jonathan_Rogers]]></link>
</author>
</authors>
</book>

          <book>
<id>312081</id>
<title><![CDATA[Knight's Castle (Tales of Magic, #2)]]></title>
<title_without_series>Knight&apos;s Castle</title_without_series>
<link><![CDATA[https://www.goodreads.com/book/show/312081.Knight_s_Castle]]></link>
<small_image_url><![CDATA[https://s.gr-assets.com/assets/nophoto/book/50x75-a91bf249278a81aabab721ef782c4a74.png]]></small_image_url>
<image_url><![CDATA[https://s.gr-assets.com/assets/nophoto/book/111x148-bcc042a9c91a29c1d680899eff700a03.png]]></image_url>
<num_pages>198</num_pages>
<work>
<id>752222</id>
</work>
<isbn>015202073X</isbn>
<isbn13>9780152020736</isbn13>
<average_rating>4.05</average_rating>
<ratings_count>4481</ratings_count>
<publication_year>1999</publication_year>
<publication_month>3</publication_month>
<publication_day>31</publication_day>
<authors>
<author>
<id>131683</id>
<name>Edward Eager</name>
<link><![CDATA[https://www.goodreads.com/author/show/131683.Edward_Eager]]></link>
</author>
</authors>
</book>

  </similar_books>
</book>

</GoodreadsResponse>